session_evening_ny,box_high,box_low,compression,box_width,entry_utc,exit_utc,direction,entry,stop,exit,risk_usd_per_oz,R,exit_reason,MFE_R,MAE_R,holding_minutes,entry_spread,risk_fraction,equity,closed_balance_drawdown,ounces,pnl_usd
2016-01-17,1093.31,1090.471,0.6263651406508384,2.838999999999942,2016-01-18 05:52:00+00:00,2016-01-18 17:00:00+00:00,short,1090.421,1093.62,1089.682,3.1989999999998417,0.2091278524539124,time,0.8249452954048935,0.6255079712410364,668,0.30999999999994543,0.01,100209.12785245391,0.0,312.59768677713333,209.1278524539124
2016-01-19,1093.438,1089.278,0.9178157749586446,4.160000000000082,2016-01-20 04:13:00+00:00,2016-01-20 17:00:00+00:00,long,1093.797,1089.278,1103.338,4.5190000000000055,2.0958176587740494,time,2.2883381279043777,0.6058862580216979,767,0.3089999999999691,0.01,102309.3284496891,0.0,221.75067017582163,2100.2005972351935
2016-01-20,1101.052,1098.642,0.5577412635963673,2.4099999999998545,2016-01-21 04:17:00+00:00,2016-01-21 08:31:00+00:00,long,1101.3609999999999,1098.642,1098.592,2.7189999999998236,-1.0441338727473197,stop,1.1577785950718436,1.0187568959176763,254,0.25900000000001455,0.01,101241.08209636559,-0.010441338727473215,376.27557355533554,-1068.246353323514
2016-01-21,1101.459,1097.949,0.8153310104529691,3.509999999999991,2016-01-22 06:19:00+00:00,2016-01-22 15:35:00+00:00,short,1097.8990000000001,1101.69,1101.74,3.79099999999994,-1.0316539171722385,stop,0.9446056449486119,1.2376681614349392,556,0.23099999999999454,0.01,100196.62450713087,-0.020650159419208447,267.056402258948,-1044.4575892347175
2016-01-24,1102.04,1097.789,0.9911401259034714,4.250999999999976,2016-01-25 04:00:00+00:00,2016-01-25 17:00:00+00:00,long,1102.349,1097.789,1107.6200000000001,4.559999999999945,1.1405701754386508,time,1.3771929824561508,0.6030701754386038,780,0.25900000000001455,0.01,101339.43732305545,-0.00947998722433796,219.72943970862295,1142.8128159245887
2016-01-26,1122.204,1118.082,0.9610631848915495,4.121999999999844,2016-01-27 07:13:00+00:00,2016-01-27 17:00:00+00:00,short,1118.0320000000002,1122.471,1117.052,4.438999999999851,0.20500112637987747,time,0.6517233611174484,0.68461365172333,587,0.26700000000005275,0.01,101547.18431103474,-0.007449410041129756,228.29339338377756,207.7469879792936
2016-01-27,1122.258,1118.849,0.7983606557377331,3.4090000000001055,2016-01-28 04:23:00+00:00,2016-01-28 05:01:00+00:00,long,1122.518,1118.849,1118.799,3.6690000000000964,-1.0327064595257431,stop,0.009266830198930836,1.0076315072226818,38,0.21000000000003638,0.01,100498.49997918817,-0.01769954409769592,276.7707394686075,-1048.6843318465678
2016-02-01,1129.151,1125.748,0.7904761904762043,3.40300000000002,2016-02-02 04:03:00+00:00,2016-02-02 14:31:00+00:00,short,1125.698,1129.4099999999999,1129.4599999999998,3.7119999999997617,-1.0323275862068864,stop,0.5654633620690449,1.075969827586253,628,0.2589999999997872,0.01,99461.0262401789,-0.027840102683411416,270.7394934784338,-1037.4737390092814
2016-02-02,1129.0,1126.289,0.6297328687572693,2.7110000000000127,2016-02-03 06:12:00+00:00,2016-02-03 07:41:00+00:00,long,1129.309,1126.289,1126.239,3.019999999999982,-1.0397350993377334,stop,0.0,1.056622516556308,89,0.25900000000001455,0.01,98426.89504019824,-0.03794799035749763,329.3411464906606,-1034.1311999806533
2016-02-03,1143.229,1139.548,0.8620608899297554,3.68100000000004,2016-02-04 06:03:00+00:00,2016-02-04 17:00:00+00:00,long,1143.592,1139.548,1153.98,4.044000000000096,2.551434223540968,time,3.2309594460928515,0.7848664688427621,657,0.31300000000010186,0.01,100938.19252542261,-0.013401866135215101,243.389948170613,2511.2974852243656
2016-02-04,1156.139,1153.489,0.6301272143621081,2.6499999999998636,2016-02-05 04:06:00+00:00,2016-02-05 08:07:00+00:00,long,1156.489,1153.489,1153.439,3.0,-1.0399999999999847,stop,0.17633333333333212,1.0036666666666558,241,0.3000000000001819,0.01,99888.43532315824,-0.02366248672740867,336.4606417514087,-1049.7572022643797
2016-02-07,1168.359,1164.3,0.9801980198019815,4.058999999999969,2016-02-08 04:13:00+00:00,2016-02-08 07:06:00+00:00,long,1168.648,1164.3,1164.25,4.347999999999956,-1.0275988960441482,stop,0.0,1.011959521619114,173,0.23900000000003274,0.01,98861.98286450168,-0.033695320235462733,229.73421187479127,-1026.4524586565472
2016-02-17,1210.288,1207.501,0.6598011363636374,2.7870000000000346,2016-02-18 06:58:00+00:00,2016-02-18 14:58:00+00:00,short,1207.451,1210.622,1210.672,3.171000000000049,-1.0378429517502215,stop,2.0249132765688898,1.0599180069378191,480,0.33400000000006,0.01,97835.95074338194,-0.0437240452468316,311.76910395616574,-1026.0321211197424
2016-02-25,1239.829,1235.501,0.8323076923076801,4.3279999999999745,2016-02-26 04:00:00+00:00,2016-02-26 05:35:00+00:00,short,1235.451,1240.149,1240.1989999999998,4.697999999999865,-1.025542784163465,stop,0.0,1.1047254150702859,95,0.31999999999993634,0.01,96832.60121021546,-0.05353106429749299,208.25021443887772,-1003.3495331664755
2016-03-02,1240.48,1237.352,0.47211531205191076,3.127999999999929,2016-03-03 06:35:00+00:00,2016-03-03 17:00:00+00:00,long,1240.8429999999998,1237.352,1254.819,3.490999999999758,3.983385849327149,time,5.505299341163386,0.42795760527070126,625,0.3129999999998745,0.01,100689.81734435857,-0.015829554644442134,277.37783216906956,3857.2161341431124
2016-03-09,1254.329,1248.939,0.732834806254241,5.389999999999873,2016-03-10 05:44:00+00:00,2016-03-10 13:24:00+00:00,short,1248.8890000000001,1254.6879999999999,1254.7379999999998,5.798999999999751,-1.0206932229694705,stop,1.992929815485517,1.0863942058976075,460,0.3589999999999236,0.01,99662.08320250436,-0.025874915682654764,173.633070088572,-1027.7341418542064
2016-03-13,1256.37,1252.05,0.5593319091085523,4.319999999999936,2016-03-14 03:00:00+00:00,2016-03-14 03:35:00+00:00,long,1256.7579999999998,1252.05,1252.0,4.707999999999856,-1.0254885301614185,stop,0.0,1.0106202209005855,35,0.33799999999996544,0.01,98640.05997034276,-0.03586445669175431,211.68666780481607,-1022.023232161612
2016-03-20,1255.359,1250.819,0.5842609870664583,4.539999999999964,2016-03-21 05:41:00+00:00,2016-03-21 16:00:00+00:00,short,1250.769,1255.706,1246.44,4.936999999999898,0.8626696374316465,time,1.9949361960705156,0.14968604415637998,619,0.34699999999998,0.01,99490.99781805127,-0.02754715209594749,199.79756931404657,850.9378477085145
2016-03-21,1246.21,1243.109,0.4355337078651841,3.1010000000001128,2016-03-22 03:32:00+00:00,2016-03-22 16:00:00+00:00,long,1246.6190000000001,1243.109,1252.141,3.5100000000002183,1.553276353276238,time,3.8806267806265016,0.7635327635327341,748,0.359000000000151,0.01,101036.36796079764,-0.01244227196269243,283.45013623374666,1545.3701427463682
2016-03-27,1214.3,1208.068,0.9205317577547988,6.231999999999971,2016-03-28 04:43:00+00:00,2016-03-28 16:00:00+00:00,long,1214.7289999999998,1208.068,1219.49,6.660999999999831,0.7042486113196688,time,1.2507131061402705,0.3167692538657789,677,0.3789999999999054,0.01,101747.91517908938,-0.005487410377009727,151.68348290166674,711.5472182917481
2016-03-28,1222.73,1218.43,0.6351550960118119,4.2999999999999545,2016-03-29 03:01:00+00:00,2016-03-29 13:06:00+00:00,short,1218.38,1223.083,1223.133,4.7029999999999745,-1.025515628322338,stop,0.5932383584946217,1.454603444609809,605,0.3530000000000655,0.01,100704.47440743566,-0.0156862924092267,216.34683219028267,-1043.440771653718
2016-03-29,1242.772,1236.422,0.9523095380923507,6.349999999999909,2016-03-30 03:02:00+00:00,2016-03-30 07:41:00+00:00,short,1236.372,1243.1219999999998,1243.1719999999998,6.749999999999773,-1.0177777777777717,stop,0.21644444444445363,1.213185185185204,279,0.34999999999990905,0.01,99679.52664568888,-0.02570441858870609,149.19181393694674,-1024.9477617467835
2016-03-30,1228.819,1223.839,0.7468506298740145,4.980000000000018,2016-03-31 04:46:00+00:00,2016-03-31 16:00:00+00:00,long,1229.202,1223.839,1235.031,5.363000000000056,1.073839269065801,time,2.0790602274846117,0.5668469140406361,674,0.3330000000000837,0.01,100749.9245460292,-0.015242050038738575,185.86523707941046,1070.3979003403158
2016-03-31,1234.45,1229.289,0.7739952009598028,5.161000000000058,2016-04-01 06:30:00+00:00,2016-04-01 11:28:00+00:00,long,1234.8799999999999,1229.289,1229.239,5.5909999999998945,-1.0214630656412014,stop,0.06796637453051624,1.1933464496512116,298,0.37999999999988177,0.01,99720.80127813014,-0.025300988783558243,180.20018698986067,-1029.123267899067
2016-04-05,1232.179,1228.079,0.6456692913386134,4.100000000000136,2016-04-06 06:01:00+00:00,2016-04-06 16:00:00+00:00,short,1228.029,1232.5210000000002,1227.048,4.492000000000189,0.20280498664291097,time,2.3953695458592024,0.24087266251114464,599,0.3420000000000982,0.01,99923.04003584245,-0.023324250584052186,221.99644095753771,202.23875771231562
2016-04-06,1226.529,1223.579,0.4733632862644511,2.9500000000000455,2016-04-07 03:23:00+00:00,2016-04-07 16:00:00+00:00,long,1226.9489999999998,1223.579,1237.759,3.369999999999891,3.1869436201781958,time,4.822255192878555,0.4658753709198775,757,0.36999999999989086,0.01,103107.53098535283,0.0,296.5075371983552,3184.4909495103852
2016-04-07,1239.11,1235.811,0.5293645699614881,3.298999999999978,2016-04-08 04:30:00+00:00,2016-04-08 13:49:00+00:00,short,1235.761,1239.4689999999998,1239.5189999999998,3.7079999999998563,-1.0323624595469145,stop,1.6240560949299265,1.0140237324703714,559,0.3589999999999236,0.01,102043.08754249435,-0.010323624595469094,278.0677750414154,-1064.4434428584855
2016-04-11,1257.989,1253.172,0.7729460847240099,4.817000000000007,2016-04-12 05:00:00+00:00,2016-04-12 07:05:00+00:00,short,1253.122,1258.331,1258.3809999999999,5.208999999999833,-1.0230370512574312,stop,0.0,1.0385870608562158,125,0.34199999999987085,0.01,100999.14894868758,-0.02044838060339904,195.89765318198818,-1043.9385938067733
2016-04-12,1256.71,1251.821,0.9472970354582578,4.889000000000124,2016-04-13 04:37:00+00:00,2016-04-13 16:00:00+00:00,short,1251.771,1257.0,1245.36,5.229000000000042,1.2126601644673947,time,2.245362401988887,0.15452285331803142,683,0.2899999999999636,0.01,102223.9253944394,-0.008569748324581239,193.15193908718066,1224.7764457518238
2016-04-14,1229.589,1225.198,0.850804107731021,4.390999999999849,2016-04-15 03:32:00+00:00,2016-04-15 16:00:00+00:00,long,1229.9569999999999,1225.198,1233.0420000000001,4.758999999999787,0.6335364572389995,time,0.9653288505989192,0.7812565665055712,748,0.31799999999998363,0.01,102871.55122983397,-0.002288676232121034,214.80127210431598,647.6258353945693
2016-04-18,1231.58,1227.649,0.7616740941677961,3.93100000000004,2016-04-19 03:38:00+00:00,2016-04-19 16:00:00+00:00,long,1231.9479999999999,1227.649,1254.711,4.298999999999978,5.278669458013552,time,5.729471970225683,0.41381716678292113,742,0.31799999999998363,0.01,108301.80038558798,0.0,239.29181491005932,5430.249155754011
2016-04-24,1234.4,1229.99,0.7741595716668254,4.410000000000082,2016-04-25 05:05:00+00:00,2016-04-25 16:00:00+00:00,long,1234.8400000000001,1229.99,1239.998,4.850000000000136,1.0490721649484038,time,1.5237113402061164,0.8616494845360763,655,0.39000000000010004,0.01,109437.96442757116,0.0,223.30268120739163,1136.1640419831867
2016-04-25,1240.869,1236.069,0.9466522039246461,4.7999999999999545,2016-04-26 03:49:00+00:00,2016-04-26 13:17:00+00:00,short,1236.019,1241.182,1241.232,5.163000000000011,-1.023242300987789,stop,0.8595777648654063,1.337013364323069,568,0.31300000000010186,0.01,108318.14888220829,-0.010232423009877811,211.96584239312594,-1119.815545362877
2016-04-26,1246.729,1242.459,0.8421260230746376,4.269999999999982,2016-04-27 06:56:00+00:00,2016-04-27 16:00:00+00:00,long,1247.1280000000002,1242.459,1249.3690000000001,4.669000000000096,0.4649817948168646,time,0.837866780895208,0.796744484900445,544,0.34900000000016007,0.01,108821.80855499319,-0.005630183965873781,231.9943218723625,503.65967278489563
2016-05-01,1295.979,1292.189,0.6792723362308322,3.7899999999999636,2016-05-02 03:19:00+00:00,2016-05-02 07:26:00+00:00,short,1292.1390000000001,1296.371,1296.421,4.231999999999971,-1.028355387523619,stop,0.10373345935729708,1.0897920604914662,247,0.39200000000005275,0.01,107702.73362391727,-0.015855839540969474,257.140379383256,-1119.074931075911
2016-05-08,1287.479,1283.549,0.6322902421366022,3.9300000000000637,2016-05-09 05:30:00+00:00,2016-05-09 16:00:00+00:00,short,1283.499,1287.8509999999999,1264.809,4.351999999999862,4.278492647058972,time,4.678538602941349,0.19738051470587106,630,0.37199999999984357,0.01,112310.78716269808,0.0,247.47870777555306,4608.053538780811
2016-05-12,1269.22,1265.489,0.5926926131850705,3.7309999999999945,2016-05-13 03:59:00+00:00,2016-05-13 12:30:00+00:00,long,1269.6200000000001,1265.489,1265.439,4.1310000000000855,-1.0290486564996253,stop,1.6092955700798288,1.1161946259985496,511,0.3500000000001364,0.01,111155.05451629618,-0.010290486564996204,271.8731231244148,-1155.7326464018981
2016-05-17,1280.36,1275.289,0.7527647888369225,5.070999999999913,2016-05-18 03:07:00+00:00,2016-05-18 16:00:00+00:00,short,1275.239,1280.722,1273.531,5.482999999999947,0.2987415648367863,time,1.5228889294182413,0.20463250045596967,773,0.36200000000008004,0.01,111487.12086555334,-0.007333812877222012,202.7267089481985,332.0663492571661
2016-05-18,1261.219,1254.99,0.9618591723286045,6.229000000000042,2016-05-19 05:37:00+00:00,2016-05-19 16:00:00+00:00,short,1254.94,1261.568,1253.241,6.627999999999929,0.24577549788776198,time,1.6398611949306365,0.2608630054315118,623,0.3489999999999327,0.01,111761.1288919414,-0.004894082613457473,168.20627770904426,274.0080263880447
2016-05-19,1257.801,1254.101,0.5896884213881305,3.699999999999818,2016-05-20 03:59:00+00:00,2016-05-20 12:53:00+00:00,short,1254.0510000000002,1258.161,1258.211,4.1099999999999,-1.0291970802919606,stop,0.3038929440389979,1.1379562043795672,534,0.36000000000012733,0.01,110610.8866164842,-0.015135683661012256,271.92488781494916,-1150.2422754571955
2016-05-22,1255.99,1251.109,0.7878934624697411,4.8810000000000855,2016-05-23 05:56:00+00:00,2016-05-23 16:00:00+00:00,short,1251.059,1256.29,1246.8809999999999,5.2309999999999945,0.7853182947811346,time,1.462626648824331,0.4115847830242826,604,0.2999999999999545,0.01,111479.53414510307,-0.007401364006031086,211.45266032591152,868.647528618868
2016-05-24,1230.12,1225.192,0.7854012271894003,4.927999999999884,2016-05-25 05:38:00+00:00,2016-05-25 16:00:00+00:00,short,1225.142,1230.462,1222.2079999999999,5.319999999999936,0.5383458646616975,time,1.3289473684210993,0.354887218045102,622,0.3420000000000982,0.01,112079.67960711736,-0.002057750296469041,209.54799651335415,600.1454620142874
2016-05-30,1214.33,1209.859,0.698593750000003,4.471000000000004,2016-05-31 05:24:00+00:00,2016-05-31 07:18:00+00:00,long,1214.7309999999998,1209.859,1209.809,4.871999999999844,-1.0246305418719126,stop,0.0,1.0116995073891664,114,0.3509999999998854,0.01,110931.27697863065,-0.012282971377175156,230.04860346289198,-1148.4026284867102
2016-05-31,1219.882,1216.248,0.5791696549525892,3.6340000000000146,2016-06-01 03:02:00+00:00,2016-06-01 12:18:00+00:00,short,1216.198,1220.2250000000001,1220.275,4.027000000000044,-1.0297988577104429,stop,0.7717904147008048,1.111000744971414,556,0.3430000000000746,0.01,109788.9079554611,-0.022454470055344622,275.4687781937657,-1142.369023169546
2016-06-01,1215.792,1211.159,0.7478611783696164,4.632999999999811,2016-06-02 05:00:00+00:00,2016-06-02 13:11:00+00:00,long,1216.1719999999998,1211.159,1211.1090000000002,5.012999999999693,-1.0239377618192624,stop,0.2908438061042091,1.073808098942777,491,0.32999999999992724,0.01,108664.73786861614,-0.03246392787542407,219.00839408631126,-1124.1700868449586
2016-06-02,1211.409,1207.489,0.6327683615819275,3.9200000000000728,2016-06-03 03:39:00+00:00,2016-06-03 16:00:00+00:00,long,1211.797,1207.489,1239.3300000000002,4.307999999999993,6.374883936861694,time,7.282961931290634,0.2943361188486609,741,0.33799999999996544,0.01,115591.98878803542,0.0,252.23941009428114,6927.250919419276
2016-06-06,1246.52,1243.138,0.5390070921985923,3.382000000000062,2016-06-07 03:22:00+00:00,2016-06-07 16:00:00+00:00,short,1243.088,1246.886,1241.521,3.798000000000002,0.39415481832543614,time,2.113217482885746,0.3746708794102162,758,0.36599999999998545,0.01,116047.60018144167,0.0,304.3496281938793,455.61139340623953
2016-06-07,1248.08,1242.979,0.902831858407063,5.100999999999885,2016-06-08 03:42:00+00:00,2016-06-08 16:00:00+00:00,long,1248.4219999999998,1242.979,1261.0810000000001,5.442999999999756,2.3128789270624464,time,2.9230203931657215,0.1952967113723906,738,0.2919999999999163,0.01,118731.64067139992,0.0,213.20521804417945,2684.040489958246
2016-06-09,1267.922,1265.361,0.5122512251225071,2.560999999999922,2016-06-10 05:09:00+00:00,2016-06-10 07:13:00+00:00,short,1265.3110000000001,1268.305,1268.355,2.9939999999999145,-1.0400801603206271,stop,0.13994655978627535,1.1222444889779546,124,0.3830000000000382,0.01,117496.7364327535,-0.010400801603206333,396.5652661035515,-1234.904238646407
2016-06-13,1283.439,1280.769,0.5340534053405595,2.6700000000000728,2016-06-14 03:07:00+00:00,2016-06-14 11:58:00+00:00,short,1280.719,1283.758,1283.808,3.0389999999999873,-1.0394866732477641,stop,1.3886146758802385,1.0408028956893796,531,0.31899999999996,0.01,116275.37351603399,-0.02068755338910766,386.6296032667127,-1221.3629167195231
2016-06-14,1285.69,1282.259,0.6995616270771844,3.43100000000004,2016-06-15 05:53:00+00:00,2016-06-15 07:41:00+00:00,long,1286.134,1282.259,1282.209,3.875,-1.0309677419354721,stop,0.22890322580643707,1.057032258064517,108,0.39400000000000546,0.01,115076.61192326869,-0.030783948806424988,300.065480041378,-1198.7615927652917
2016-06-21,1270.559,1266.11,0.8872270415794539,4.449000000000069,2016-06-22 05:35:00+00:00,2016-06-22 16:00:00+00:00,short,1266.06,1270.939,1267.4479999999999,4.879000000000133,-0.29883172781305195,time,0.9329780692764467,0.7069071531051394,625,0.38000000000010914,0.01,114732.72649554966,-0.033680273878448186,235.86106153569492,-343.88542771902434
2016-06-29,1317.84,1314.029,0.6399664147774926,3.810999999999922,2016-06-30 03:37:00+00:00,2016-06-30 08:46:00+00:00,short,1313.979,1318.099,1318.149,4.119999999999891,-1.0291262135922228,stop,0.237135922330125,1.0291262135922625,309,0.25900000000001455,0.01,113551.9819316149,-0.043624923487077694,278.47749149405996,-1180.7445639347713
2016-07-19,1338.349,1330.518,0.9434371423408048,7.830999999999904,2016-07-20 05:54:00+00:00,2016-07-20 16:00:00+00:00,short,1330.468,1338.651,1320.301,8.182999999999993,1.2338995478431078,time,2.0358059391421386,0.12012709275326264,606,0.3020000000001346,0.01,114953.09932323598,-0.03182421574230054,138.76571175805327,1401.1173916210837
2016-07-20,1315.38,1310.759,0.5567134509969355,4.621000000000095,2016-07-21 05:03:00+00:00,2016-07-21 16:00:00+00:00,long,1315.723,1310.759,1329.48,4.963999999999942,2.75725221595492,time,3.0840048348106666,0.2185737308622178,657,0.2929999999998927,0.01,118122.64620163477,-0.00512916747651615,231.5735280484233,3169.5468783987844
2016-07-21,1333.41,1326.718,0.8062164929823459,6.692000000000007,2016-07-22 03:05:00+00:00,2016-07-22 16:00:00+00:00,short,1326.6680000000001,1333.7120000000002,1323.292,7.044000000000096,0.46933560477003955,time,0.9538614423622883,0.42632027257238614,775,0.3020000000001346,0.01,118677.03783755559,-0.0004598844380113709,167.6925698489965,554.3916359208166
2016-07-26,1319.359,1316.448,0.34551928783380503,2.910999999999831,2016-07-27 03:00:00+00:00,2016-07-27 04:24:00+00:00,short,1316.3980000000001,1319.6399999999999,1319.6899999999998,3.2419999999997344,-1.0370141887723516,stop,0.11937075879093235,1.0589142504626918,84,0.28099999999994907,0.01,117446.3401163654,-0.010825257258860743,366.0611901220399,-1230.697721190184
2016-07-27,1340.55,1336.389,0.493887240356086,4.161000000000058,2016-07-28 06:09:00+00:00,2016-07-28 14:46:00+00:00,long,1340.899,1336.389,1336.339,4.509999999999991,-1.0266075388026508,stop,1.02638580931267,1.0064301552106423,517,0.29899999999997817,0.01,116240.62713468299,-0.020980199739773053,260.4131709897242,-1205.712981682409
2016-08-01,1353.389,1347.108,0.825252923400336,6.280999999999949,2016-08-02 06:58:00+00:00,2016-08-02 16:00:00+00:00,long,1353.732,1347.108,1366.518,6.624000000000024,1.9196859903381662,time,2.032910628019335,0.1393417874396133,542,0.29300000000012005,0.01,118472.08216886873,-0.0021860937915406664,175.48403854873578,2231.4550341857343
2016-08-02,1366.289,1361.968,0.613647660299636,4.320999999999913,2016-08-03 03:01:00+00:00,2016-08-03 12:14:00+00:00,short,1361.9180000000001,1366.5929999999998,1366.6429999999998,4.674999999999727,-1.0256684491978527,stop,0.0,1.0231016042781136,553,0.30399999999985994,0.01,117256.95140095489,-0.012420356209229544,253.4162185430495,-1215.1307679138417
2016-08-03,1359.159,1352.879,0.968164649657014,6.2800000000002,2016-08-04 03:08:00+00:00,2016-08-04 11:13:00+00:00,short,1352.829,1359.432,1359.482,6.6030000000000655,-1.0181735574738684,stop,0.522035438437052,1.465848856580341,485,0.27299999999991087,0.01,116063.07212749038,-0.022475631001301788,177.58132879138833,-1193.8792734645074
2016-08-04,1361.88,1358.948,0.4520157249672437,2.9320000000000164,2016-08-05 04:11:00+00:00,2016-08-05 12:29:00+00:00,long,1362.232,1358.948,1358.8980000000001,3.283999999999878,-1.0365408038976731,stop,0.7359926918392223,1.7515225334957876,498,0.30199999999990723,0.01,114860.03102663175,-0.03260806995401655,353.41982986447834,-1203.041100858625
2016-08-07,1337.649,1332.708,0.786720802483838,4.9409999999998035,2016-08-08 03:52:00+00:00,2016-08-08 06:47:00+00:00,long,1338.072,1332.708,1332.6580000000001,5.363999999999805,-1.0223713646532362,stop,0.032997762863560966,1.0,175,0.3730000000000473,0.01,113685.73495998365,-0.04249840803077298,214.1313031816479,-1174.2960666481056
2016-08-08,1337.13,1333.459,0.589766246284836,3.671000000000049,2016-08-09 04:19:00+00:00,2016-08-09 13:15:00+00:00,short,1333.409,1337.4340000000002,1337.4840000000002,4.025000000000091,-1.0298136645962614,stop,0.6529192546584092,1.0566459627328777,536,0.3040000000000873,0.01,112514.98372666904,-0.052358890263598745,282.4490309564747,-1170.7512333146008
2016-08-10,1347.658,1341.609,0.9718049642541303,6.048999999999978,2016-08-11 05:20:00+00:00,2016-08-11 13:01:00+00:00,short,1341.559,1347.97,1348.02,6.411000000000058,-1.01871782873186,stop,0.1806270472625006,1.1480268288878583,461,0.3120000000001255,0.01,111368.77352745071,-0.06201267920087594,175.50301626371552,-1146.2101992183284
2016-08-11,1340.809,1334.788,0.9855950237354594,6.020999999999958,2016-08-12 03:03:00+00:00,2016-08-12 16:00:00+00:00,long,1341.1629999999998,1334.788,1351.968,6.374999999999773,1.6839215686275566,time,2.380549019607953,0.9010196078431203,777,0.30399999999985994,0.01,113244.13632559543,-0.046217708394947765,174.6961153371838,1875.362798144719
2016-08-14,1339.48,1336.189,0.5453189726594793,3.29099999999994,2016-08-15 03:14:00+00:00,2016-08-15 12:41:00+00:00,long,1339.819,1336.189,1336.1390000000001,3.6299999999998818,-1.033057851239658,stop,0.6451790633609296,1.0360881542699971,567,0.28899999999998727,0.01,112074.25888421533,-0.05607083124210721,311.967317701375,-1169.8774413801052
2016-08-16,1347.809,1344.249,0.6379356688468774,3.5599999999999454,2016-08-17 03:37:00+00:00,2016-08-17 16:00:00+00:00,short,1344.199,1348.1009999999999,1345.221,3.9019999999998163,-0.27985648385443,time,0.7867760123014629,0.7465402357765628,743,0.2919999999999163,0.01,111760.61180399606,-0.05871247822386949,287.2226009334203,-313.6470802192762
2016-08-17,1356.049,1351.138,0.947977994402128,4.911000000000058,2016-08-18 06:47:00+00:00,2016-08-18 16:00:00+00:00,short,1351.088,1356.1989999999998,1350.911,5.110999999999876,0.02093523772254154,time,0.9285854040305189,0.5486206221874692,553,0.14999999999986358,0.005,111772.31047887672,-0.05861394783370122,109.33341009978358,11.698674880666697
2016-08-18,1350.18,1345.679,0.8688350545314407,4.500999999999976,2016-08-19 05:27:00+00:00,2016-08-19 09:24:00+00:00,long,1350.511,1345.679,1345.6290000000001,4.83199999999988,-1.024834437086084,stop,0.13389900662250634,1.0827814569536633,237,0.28099999999994907,0.005,111199.56991441957,-0.06343777205796397,115.65843385645643,-572.7405644571531
2016-08-22,1339.729,1335.328,0.8934226552984428,4.401000000000067,2016-08-23 03:49:00+00:00,2016-08-23 06:40:00+00:00,short,1335.278,1340.022,1340.072,4.7439999999999145,-1.0252951096121325,stop,0.0,1.0035834738617313,171,0.2929999999998927,0.005,110629.50803829843,-0.06823903541874599,117.20022124201262,-570.061876121134
2016-08-23,1339.451,1336.889,0.5233912155260746,2.5620000000001255,2016-08-24 04:18:00+00:00,2016-08-24 08:42:00+00:00,short,1336.839,1339.734,1339.7839999999999,2.894999999999982,-1.0414507772020571,stop,0.37616580310879055,1.0165803108808298,264,0.2829999999999018,0.005,110053.4321026586,-0.0730909513223944,191.06996206960125,-576.0759356398356
2016-08-24,1326.768,1323.259,0.7168539325842753,3.5090000000000146,2016-08-25 05:20:00+00:00,2016-08-25 09:54:00+00:00,long,1327.1200000000001,1323.259,1323.209,3.8610000000001037,-1.0310800310800183,stop,0.0,1.0701890701890575,274,0.3020000000001346,0.005,109486.06262169423,-0.07786953837598876,142.51933709227615,-567.3694809643596
2016-08-25,1324.119,1321.459,0.5434116445352123,2.6599999999998545,2016-08-26 04:05:00+00:00,2016-08-26 14:01:00+00:00,long,1324.4729999999997,1321.459,1321.409,3.013999999999669,-1.0398142003981312,stop,2.929329794293679,1.7003981420040928,596,0.30399999999985994,0.005,108916.83680839564,-0.0826637601190705,181.62916825100575,-569.2258132985836
2016-08-29,1325.43,1322.239,0.6780705482362982,3.191000000000031,2016-08-30 05:53:00+00:00,2016-08-30 16:00:00+00:00,short,1322.189,1325.643,1317.6119999999999,3.453999999999951,1.3048639258831178,time,1.9082223508975726,0.22292993630573038,607,0.21299999999996544,0.005,109627.44506475852,-0.076678765282441,157.66768501505095,710.6082563628701
2016-08-31,1311.569,1308.149,0.7267318317042202,3.4200000000000728,2016-09-01 05:18:00+00:00,2016-09-01 14:00:00+00:00,short,1308.099,1311.8729999999998,1311.9229999999998,3.7739999999998872,-1.0317965023847266,stop,1.4464758876523571,1.2405935347112231,522,0.30399999999985994,0.005,109061.87899284255,-0.08144216338523669,145.24038826809988,-565.566071915958
2016-09-01,1316.139,1312.611,0.792630869467485,3.5279999999997926,2016-09-02 05:45:00+00:00,2016-09-02 12:23:00+00:00,short,1312.5610000000001,1316.441,1316.491,3.8799999999998818,-1.0309278350515356,stop,0.6572164948454278,1.6396907216494965,398,0.3020000000001346,0.005,108499.70435885884,-0.08617699759459096,140.5436584959354,-562.1746339837186
2016-09-04,1324.948,1321.759,0.7164682093911621,3.189000000000078,2016-09-05 03:02:00+00:00,2016-09-05 16:00:00+00:00,long,1325.26,1321.759,1327.28,3.5009999999999764,0.556983718937445,time,0.9363039131676785,0.48528991716654685,778,0.2619999999999436,0.005,108801.8672030459,-0.08363207492293923,154.95530471131045,302.16284418705254
2016-09-06,1351.038,1347.81,0.81095339781436,3.2280000000000655,2016-09-07 03:08:00+00:00,2016-09-07 08:04:00+00:00,long,1351.39,1347.81,1347.76,3.5800000000001546,-1.0335195530726116,stop,0.3262569832401794,1.0086592178770803,296,0.3020000000001346,0.005,108239.62291722011,-0.08836749576481784,151.95791508804635,-562.2442858257881
2016-09-08,1339.289,1336.261,0.8544018058691117,3.02800000000002,2016-09-09 04:18:00+00:00,2016-09-09 06:21:00+00:00,long,1339.643,1336.261,1336.211,3.382000000000062,-1.0354819633352903,stop,0.0,1.0005913660555743,123,0.3040000000000873,0.005,107679.22203097514,-0.09308739084144635,160.0230971573302,-560.4008862449729
2016-09-14,1325.638,1322.388,0.8929798049182863,3.25,2016-09-15 04:01:00+00:00,2016-09-15 12:30:00+00:00,short,1322.338,1325.94,1325.99,3.602000000000089,-1.0333148250971547,stop,0.9986118822875877,1.9444752915047083,509,0.3020000000001346,0.005,107122.88934857748,-0.09777302206200167,149.47143535670804,-556.3326823976738
2016-09-19,1316.51,1313.511,0.8511423300695642,2.9990000000000236,2016-09-20 06:55:00+00:00,2016-09-20 12:36:00+00:00,long,1316.862,1313.511,1313.461,3.3510000000001128,-1.0358102059086691,stop,0.3061772605191899,1.0247687257534628,341,0.3020000000001346,0.005,106568.09443820907,-0.10244570162097322,159.83719687939998,-554.7949103684081
2016-09-20,1316.789,1314.218,0.7316448491747027,2.5709999999999127,2016-09-21 03:05:00+00:00,2016-09-21 04:29:00+00:00,long,1317.221,1314.218,1314.1680000000001,3.002999999999929,-1.0399600399600257,stop,0.9350649350649547,1.0492840492840965,84,0.38200000000006185,0.005,106013.96163945695,-0.10711280464101602,177.43605467567698,-554.1327987521186
2016-09-21,1334.769,1332.448,0.6605008537279187,2.3209999999999127,2016-09-22 05:49:00+00:00,2016-09-22 11:55:00+00:00,short,1332.3980000000001,1335.073,1335.123,2.6749999999999545,-1.0448598130840958,stop,0.3540186915888346,1.003364485981314,366,0.3040000000000873,0.005,105460.1129987424,-0.11177751438125594,198.15693764384812,-553.8486407145374
2016-09-22,1337.99,1334.668,0.9574866695489491,3.3220000000001164,2016-09-23 03:00:00+00:00,2016-09-23 10:26:00+00:00,short,1334.618,1338.292,1338.3419999999999,3.673999999999978,-1.0326619488296014,stop,0.1543277082199267,1.0680457267283618,446,0.30199999999990723,0.005,104915.58976967706,-0.1163636821962225,143.52220059709177,-544.5232290653565
2016-09-27,1327.089,1325.119,0.5591031644671729,1.9700000000000273,2016-09-28 03:06:00+00:00,2016-09-28 16:00:00+00:00,short,1325.069,1327.3709999999999,1321.701,2.3019999999999072,1.4326672458731846,time,2.9748045178107003,0.9248479582972279,774,0.2819999999999254,0.005,105667.13541489947,-0.11003389814731523,227.8792132269359,751.5456452224205
2016-09-28,1325.778,1322.518,0.9396166594610043,3.259999999999991,2016-09-29 06:06:00+00:00,2016-09-29 16:00:00+00:00,short,1322.468,1326.062,1318.1109999999999,3.5939999999998236,1.1928213689483607,time,1.7242626599889874,0.20979410127989495,594,0.2839999999998781,0.005,106297.34550049173,-0.10472604522766737,147.004918495972,630.2100855922611
2016-10-03,1311.83,1308.228,0.9909215955983138,3.6019999999998618,2016-10-04 03:44:00+00:00,2016-10-04 05:17:00+00:00,short,1308.178,1312.11,1312.1599999999999,3.931999999999789,-1.0305188199389526,stop,0.0,1.0104272634791887,93,0.2799999999999727,0.005,105749.63842525269,-0.10933902852463762,135.1695644716397,-547.7070752390495
2016-10-05,1269.239,1265.539,0.947503201024346,3.7000000000000455,2016-10-06 03:03:00+00:00,2016-10-06 16:00:00+00:00,short,1265.489,1269.519,1257.4759999999999,4.029999999999973,1.9709677419355338,time,3.6354838709677835,0.7104218362283067,777,0.2799999999999727,0.005,106791.7840555403,-0.10056170830574307,131.20302534150548,1042.1456302875972
2016-10-13,1258.998,1255.689,0.7772166764533013,3.308999999999969,2016-10-14 03:14:00+00:00,2016-10-14 14:05:00+00:00,short,1255.6390000000001,1259.28,1259.33,3.640999999999849,-1.0329579785773026,stop,2.5534193902775093,1.1065641307332974,651,0.2819999999999254,0.005,106240.22692860692,-0.10520711810396066,146.65172213065742,-551.5571269333736
2016-10-16,1253.879,1250.768,0.730710510863145,3.1109999999998763,2016-10-17 03:31:00+00:00,2016-10-17 08:14:00+00:00,long,1254.189,1250.768,1250.718,3.421000000000049,-1.035077462730182,stop,0.5466237942121789,1.0760011692487539,283,0.2600000000002183,0.005,105690.39260596121,-0.10983801783327063,155.2765666889877,-549.834322645706
2016-10-18,1264.579,1262.049,0.5942454492072679,2.5299999999999727,2016-10-19 04:23:00+00:00,2016-10-19 09:22:00+00:00,short,1261.999,1264.861,1264.911,2.86200000000008,-1.0419287211739872,stop,0.5164220824598268,1.8529000698811096,299,0.2820000000001528,0.005,105139.78332791968,-0.1144754445118541,184.6442917644274,-550.6092780415289
2016-10-20,1265.979,1262.189,0.8447564916973102,3.7899999999999636,2016-10-21 03:04:00+00:00,2016-10-21 11:01:00+00:00,short,1262.1390000000001,1266.26,1266.31,4.120999999999867,-1.0291191458383788,stop,0.186362533365701,1.0053385100703556,477,0.28099999999994907,0.005,104598.77650785938,-0.11903199588266833,127.56586183926605,-541.0068200603047
2016-10-23,1266.889,1262.808,0.9096177421152175,4.080999999999904,2016-10-24 03:12:00+00:00,2016-10-24 09:52:00+00:00,short,1262.758,1267.139,1267.1889999999999,4.380999999999858,-1.0273910066194838,stop,0.0,1.0073042684319,400,0.25,0.005,104061.4572964215,-0.12355748890541662,119.37774082157358,-537.3192114378803
2016-10-24,1265.289,1262.071,0.7558426306517996,3.2180000000000746,2016-10-25 03:51:00+00:00,2016-10-25 16:00:00+00:00,long,1265.58,1262.071,1272.8300000000002,3.5090000000000146,2.046166999145112,time,2.4277571957822657,0.12254203476769293,729,0.24099999999998545,0.005,105126.09289543594,-0.1145907501911686,148.27793858139225,1064.63559901443
2016-10-25,1276.44,1273.421,0.7378711963827467,3.0190000000000055,2016-10-26 05:58:00+00:00,2016-10-26 16:00:00+00:00,short,1273.371,1276.7220000000002,1268.149,3.3510000000001128,1.537451507012842,time,1.8564607579826304,0.8448224410623122,602,0.2820000000001528,0.005,105934.22424517824,-0.10778438126396006,156.8577930400364,808.1313497423
2016-10-26,1267.45,1265.061,0.5838934376145976,2.3890000000001237,2016-10-27 05:03:00+00:00,2016-10-27 16:00:00+00:00,long,1267.7620000000002,1265.061,1269.089,2.701000000000249,0.46538319141046086,time,1.8574601999257174,0.6382821177341729,657,0.262000000000171,0.005,106180.7242819723,-0.10570827050359188,196.10185902474726,246.50003679406234
2016-10-27,1271.481,1267.998,0.8512770377612001,3.4829999999999472,2016-10-28 03:31:00+00:00,2016-10-28 06:05:00+00:00,long,1271.8,1267.998,1267.948,3.8019999999999072,-1.031562335612824,stop,0.007364544976333691,1.0234087322461716,154,0.26900000000000546,0.005,105633.06410228544,-0.11032085882958464,139.63798564173447,-547.6601796868633
2016-10-30,1279.489,1276.048,0.8743488756193848,3.441000000000031,2016-10-31 06:47:00+00:00,2016-10-31 16:00:00+00:00,short,1275.998,1279.7610000000002,1274.3809999999999,3.7630000000001473,0.41110815838430204,time,1.0805208610151134,0.17645495615199608,553,0.2720000000001619,0.005,105850.19717452335,-0.10849208706318714,140.3575127588112,217.13307223790747
2016-10-31,1277.809,1275.621,0.5842456608811407,2.1879999999998745,2016-11-01 05:50:00+00:00,2016-11-01 16:00:00+00:00,long,1278.1209999999999,1275.621,1286.8690000000001,2.4999999999997726,3.4712000000004255,time,4.531200000000493,0.2363999999999793,610,0.2619999999999436,0.005,107687.3331966846,-0.0930190757262539,211.70039434906596,1837.1360221612524
2016-11-01,1290.999,1287.328,0.9802403204272483,3.671000000000049,2016-11-02 04:02:00+00:00,2016-11-02 16:00:00+00:00,long,1291.298,1287.328,1304.1290000000001,3.9700000000000273,3.2143576826196583,time,3.3863979848866164,0.19395465994961625,718,0.24900000000002365,0.01,111148.78926450046,-0.06386546470696597,271.2527284551231,3461.4560678158614
2016-11-07,1284.058,1280.678,0.9060447661171093,3.3799999999998818,2016-11-08 06:58:00+00:00,2016-11-08 12:07:00+00:00,long,1284.39,1280.678,1280.6280000000002,3.711999999999989,-1.0323275862068844,stop,0.35021551724136807,1.1158405172413968,309,0.2820000000001528,0.01,110001.36965118807,-0.07352943975880555,299.43100556169395,-1147.4196133123942
2016-11-16,1228.212,1224.931,0.7664097173557552,3.280999999999949,2016-11-17 04:34:00+00:00,2016-11-17 07:57:00+00:00,short,1224.881,1228.471,1228.521,3.589999999999918,-1.033426183843999,stop,0.0,1.0019498607242512,203,0.25900000000001455,0.01,108864.58669462567,-0.0831038291139442,306.41050042114364,-1136.7829565624038
2016-11-21,1220.969,1216.518,0.9706684112965016,4.451000000000022,2016-11-22 06:47:00+00:00,2016-11-22 17:00:00+00:00,short,1216.468,1221.243,1211.1409999999998,4.774999999999864,1.100942408377042,time,2.1049214659686797,0.6431413612565446,613,0.2739999999998872,0.01,110063.1230972512,-0.07300933032787438,227.98866323482468,1198.5364026255247
2016-11-22,1214.689,1212.178,0.5475956820412203,2.5109999999999673,2016-11-23 05:57:00+00:00,2016-11-23 17:00:00+00:00,short,1212.1280000000002,1215.008,1188.759,2.8799999999998818,8.089930555555936,time,10.465625000000456,0.9979166666666369,663,0.31899999999996,0.01,118967.15332309487,0.0,382.1636218654712,8904.030225843668
2016-11-23,1187.021,1182.822,0.915712572238611,4.199000000000069,2016-11-24 05:33:00+00:00,2016-11-24 07:39:00+00:00,long,1187.3529999999998,1182.822,1182.772,4.530999999999949,-1.0264842198190147,stop,0.12248951666300373,1.0090487751048203,126,0.2819999999999254,0.01,117745.97426746541,-0.010264842198190127,262.56268665437256,-1221.1790556294613
2016-12-05,1175.248,1171.942,0.5515055467512042,3.30600000000004,2016-12-06 04:56:00+00:00,2016-12-06 17:00:00+00:00,short,1171.892,1175.5220000000002,1170.1019999999999,3.630000000000109,0.47382920110196675,time,0.6008264462809847,0.9807162534434817,724,0.2740000000001146,0.01,118303.88907666667,-0.005575188006952447,324.36907511697484,557.9148092012587
2016-12-06,1169.901,1167.378,0.42088581199435804,2.5230000000001382,2016-12-07 05:12:00+00:00,2016-12-07 08:19:00+00:00,short,1167.328,1170.185,1170.235,2.856999999999971,-1.0420021001049897,stop,0.5166258312915297,1.0094504725236415,187,0.2839999999998781,0.01,117071.16006798192,-0.01593711543188514,414.0843159841368,-1232.7290086847443
2016-12-07,1178.619,1174.722,0.6670089858793243,3.8969999999999345,2016-12-08 07:14:00+00:00,2016-12-08 12:45:00+00:00,short,1174.672,1178.8719999999998,1178.9219999999998,4.199999999999818,-1.0285714285714191,stop,0.14309523809527114,1.0016666666666814,331,0.25299999999992906,0.01,115866.99956442555,-0.02605890510172848,278.7408573047309,-1204.1605035563744
2016-12-08,1168.542,1165.068,0.6182594767752119,3.4739999999999327,2016-12-09 06:12:00+00:00,2016-12-09 11:50:00+00:00,long,1168.8459999999998,1165.068,1165.018,3.7779999999997926,-1.031762837480138,stop,0.8266278454209757,1.1739015352038014,338,0.2539999999999054,0.01,114671.52692201654,-0.036107667377836106,306.68872303978804,-1195.4726424090163
2016-12-12,1164.258,1161.489,0.5070964197417912,2.7690000000000055,2016-12-13 05:34:00+00:00,2016-12-13 17:00:00+00:00,short,1161.439,1164.511,1156.548,3.071999999999889,1.5693359375000815,time,2.1357421875001257,0.9417317708333768,686,0.25299999999992906,0.01,116471.10840408382,-0.020980958603188715,373.2797100326194,1799.5814820672865
2016-12-13,1161.198,1158.431,0.5242516104585263,2.7670000000000528,2016-12-14 06:25:00+00:00,2016-12-14 17:00:00+00:00,long,1161.518,1158.431,1163.3880000000001,3.086999999999989,0.5830903790087867,time,1.1791383219954277,0.7700032393909819,635,0.2699999999999818,0.01,117150.24023151293,-0.01527239276413972,377.2954596828125,679.1318274291071
2016-12-15,1131.498,1128.391,0.5689955132313931,3.106999999999971,2016-12-16 05:44:00+00:00,2016-12-16 15:55:00+00:00,long,1131.878,1128.391,1128.3410000000001,3.4869999999998527,-1.0344135359908113,stop,1.2331517063379305,1.0943504445082284,611,0.32999999999992724,0.01,115938.42228911241,-0.025458548426025907,335.9628340450757,-1211.817942400523
2016-12-18,1139.428,1136.808,0.5308479384054612,2.6200000000001182,2016-12-19 04:12:00+00:00,2016-12-19 15:02:00+00:00,long,1139.7900000000002,1136.808,1136.758,2.9820000000001983,-1.040241448692135,stop,0.8413816230716366,1.0154258886653407,650,0.3120000000001255,0.01,114732.38276550134,-0.03559613253998439,388.7941726663471,-1206.039523611068
2016-12-19,1139.689,1137.138,0.5898265895954061,2.5510000000001583,2016-12-20 04:45:00+00:00,2016-12-20 17:00:00+00:00,short,1137.088,1139.92,1130.941,2.8320000000001073,2.1458333333332287,time,3.9145480225987264,0.29696327683618995,735,0.23099999999999454,0.01,117194.34847901094,-0.014901632884072535,405.12847021715044,2461.9657135095963
2016-12-21,1132.451,1130.752,0.3532591745503866,1.6990000000000691,2016-12-22 04:15:00+00:00,2016-12-22 14:45:00+00:00,short,1130.702,1132.691,1132.741,1.9890000000000327,-1.0603318250376834,stop,1.3428858722976396,1.6385118149823836,630,0.2400000000000091,0.01,115951.69950494241,-0.025346944378529357,589.2124106536401,-1242.6489740685192
2016-12-22,1131.639,1128.779,0.6139315230224252,2.8599999999999,2016-12-23 05:02:00+00:00,2016-12-23 17:00:00+00:00,long,1131.962,1128.779,1132.478,3.1829999999999927,0.14011938422873937,time,1.1960414703110351,0.7175620483819929,718,0.27300000000013824,0.01,116114.17031229149,-0.023981266518625977,364.28432141043885,162.47080734908354
2016-12-27,1142.179,1139.989,0.6303972366148811,2.1900000000000546,2016-12-28 04:11:00+00:00,2016-12-28 10:30:00+00:00,long,1142.448,1139.989,1139.939,2.45900000000006,-1.0488003253354825,stop,0.8174054493696388,1.0394469296461886,379,0.21900000000005093,0.01,114896.36451629558,-0.03421775417071393,472.2007739418002,-1217.8057959959094
2017-01-05,1179.789,1176.651,0.8187866927592785,3.13799999999992,2017-01-06 04:52:00+00:00,2017-01-06 04:57:00+00:00,short,1176.601,1180.028,1180.078,3.4269999999999072,-1.0350160490224563,stop,0.14560840385177623,1.662386927341711,5,0.23900000000003274,0.01,113707.16870380858,-0.044213755413656464,335.268061033845,-1189.1958124870018
2017-01-08,1176.538,1173.841,0.735980352026234,2.6970000000001164,2017-01-09 05:43:00+00:00,2017-01-09 08:16:00+00:00,short,1173.791,1176.769,1176.819,2.9780000000000655,-1.0402955003357797,stop,0.2115513767628838,1.0436534586970716,153,0.23099999999999454,0.01,112524.27814422364,-0.05415675670891662,381.823937890551,-1182.8905595849346
2017-01-10,1189.112,1185.618,0.9534725064811476,3.494000000000142,2017-01-11 06:00:00+00:00,2017-01-11 14:16:00+00:00,long,1189.444,1185.618,1185.568,3.826000000000022,-1.0313643491897422,stop,0.49006795608990833,1.185311029796087,496,0.2819999999999254,0.01,111363.74285526102,-0.06391184671944072,294.1042293367041,-1160.5352889626276
2017-01-15,1204.349,1200.218,0.9706296992480934,4.130999999999858,2017-01-16 06:00:00+00:00,2017-01-16 17:00:00+00:00,long,1204.6619999999998,1200.218,1202.769,4.443999999999733,-0.4417191719171737,time,0.8818631863187066,0.7900540054005291,660,0.26299999999991996,0.01,110871.8278525048,-0.06804672755852637,250.59348077242964,-491.91500275622974
2017-01-16,1206.439,1203.278,0.7427161654135525,3.161000000000058,2017-01-17 04:09:00+00:00,2017-01-17 17:00:00+00:00,long,1206.763,1203.278,1212.588,3.4849999999999,1.6513629842181379,time,3.4533715925395776,0.15925394548058888,771,0.2739999999998872,0.01,112702.72417758711,-0.0526567961872183,318.1401086155179,1830.8963250823197
2017-01-23,1218.549,1216.038,0.5367678495083171,2.5109999999999673,2017-01-24 04:39:00+00:00,2017-01-24 17:00:00+00:00,short,1215.988,1218.7920000000001,1212.781,2.8040000000000873,1.1187589158345257,time,1.500356633380876,0.6897289586304953,741,0.24300000000016553,0.01,113963.59595271226,-0.042058309631010427,401.9355355833937,1260.8717751251493
2017-01-24,1209.459,1205.118,0.9601857996018939,4.341000000000122,2017-01-25 04:08:00+00:00,2017-01-25 17:00:00+00:00,short,1205.068,1209.742,1200.672,4.673999999999978,0.9255455712451814,time,2.4854514334617064,0.6354300385109203,772,0.2829999999999018,0.01,115018.38096788434,-0.033192122740688945,243.8245527443577,1054.785015172081
2017-01-25,1201.959,1198.002,0.8752488387525202,3.9570000000001073,2017-01-26 04:14:00+00:00,2017-01-26 17:00:00+00:00,short,1197.952,1202.179,1186.5919999999999,4.227000000000089,2.670925005914334,time,3.151407617695678,0.3548616039744425,766,0.22000000000002728,0.01,118090.43566655337,-0.007369409387820491,272.10404771204617,3072.0546986690356
2017-01-26,1187.518,1183.438,0.9398756046993348,4.079999999999927,2017-01-27 04:02:00+00:00,2017-01-27 14:14:00+00:00,short,1183.3880000000001,1187.77,1187.82,4.3819999999998345,-1.0273847558192513,stop,0.6040620721132501,1.0871748060246638,612,0.2519999999999527,0.01,116877.19253243467,-0.01756754475736866,269.4898121098992,-1213.2431341187093
2017-01-29,1195.699,1193.449,0.5207127979634449,2.25,2017-01-30 05:03:00+00:00,2017-01-30 15:14:00+00:00,short,1193.3990000000001,1195.832,1195.882,2.4329999999999927,-1.049321824907503,stop,2.029593094944561,1.3904644471844723,611,0.1330000000000382,0.01,115650.77464285267,-0.027876422925204092,480.3830354806207,-1226.4178895819991
2017-01-31,1211.609,1208.979,0.6179511278195252,2.6299999999998818,2017-02-01 04:25:00+00:00,2017-02-01 08:59:00+00:00,short,1208.929,1211.863,1211.913,2.933999999999969,-1.0408997955010073,stop,0.6226993865030734,1.0746421267893842,274,0.2540000000001328,0.01,114446.96596609989,-0.03799525525099279,394.1744193689635,-1203.8086767527843
2017-02-05,1225.011,1222.868,0.4948048949434358,2.143000000000029,2017-02-06 04:46:00+00:00,2017-02-06 11:21:00+00:00,short,1222.818,1225.255,1225.305,2.4370000000001255,-1.049240869922014,stop,0.41731637258924925,1.7275338530979973,395,0.24400000000014188,0.01,113246.14162479783,-0.04808900220348822,469.6223470090029,-1200.8243413020577
2017-02-06,1233.968,1231.438,0.5841607019164079,2.5299999999999727,2017-02-07 05:43:00+00:00,2017-02-07 07:50:00+00:00,long,1234.3,1231.438,1231.3880000000001,2.8619999999998527,-1.0419287211739905,stop,0.21628232005596568,1.110761705101336,127,0.2819999999999254,0.01,112066.1975495877,-0.05800723628954396,395.6888246848486,-1179.9440752101423
2017-02-09,1226.309,1222.171,0.9791765262659802,4.13799999999992,2017-02-10 07:28:00+00:00,2017-02-10 10:46:00+00:00,short,1222.121,1226.589,1226.639,4.467999999999847,-1.0268576544315038,stop,0.055953446732320625,1.0029095792301137,198,0.2799999999999727,0.01,110915.43722201942,-0.06768016108789576,250.819600603383,-1150.7603275682716
2017-02-12,1231.709,1228.918,0.6750513967832247,2.7910000000001673,2017-02-13 05:45:00+00:00,2017-02-13 07:56:00+00:00,short,1228.868,1231.952,1232.002,3.08400000000006,-1.0389105058365604,stop,0.23897535667958442,1.0094033722438378,131,0.24299999999993815,0.005,110339.28115707236,-0.07252314546512395,179.8239903080695,-576.1560649470573
2017-02-13,1226.748,1224.938,0.4404964711608613,1.8099999999999454,2017-02-14 04:00:00+00:00,2017-02-14 15:01:00+00:00,long,1227.0800000000002,1224.938,1224.8880000000001,2.1420000000000528,-1.0560224089635628,stop,3.453781512604915,1.6755368814192722,661,0.2820000000001528,0.005,109756.67738961836,-0.0774203271760433,257.56134723872464,-582.603767453997
2017-02-14,1227.122,1225.108,0.4901435872475447,2.0140000000001237,2017-02-15 06:00:00+00:00,2017-02-15 12:04:00+00:00,short,1225.058,1227.404,1227.454,2.3460000000000036,-1.0511508951406454,stop,0.45865302642797107,1.0588235294117305,364,0.2819999999999254,0.005,109179.82324118956,-0.08226917942068057,233.9230123393397,-576.8541484288019
2017-02-15,1236.739,1234.018,0.6771183277342272,2.7210000000000036,2017-02-16 06:05:00+00:00,2017-02-16 08:13:00+00:00,short,1233.968,1236.96,1237.01,2.991999999999962,-1.040106951871643,stop,0.5370989304812805,1.0170454545454317,128,0.22100000000000364,0.005,108612.02977540316,-0.08704187045283773,182.45291317043944,-567.7934657863923
2017-02-16,1238.799,1237.298,0.39846031324660347,1.5009999999999764,2017-02-17 07:53:00+00:00,2017-02-17 08:50:00+00:00,short,1237.248,1239.079,1239.129,1.8309999999999036,-1.0655379574003063,stop,0.27252867285638993,1.0065537957400024,57,0.2799999999999727,0.005,108033.37857362324,-0.09190582815558623,296.59210752432796,-578.6512017799217
2017-02-21,1237.479,1235.029,0.7901951298178121,2.4500000000000455,2017-02-22 04:11:00+00:00,2017-02-22 09:24:00+00:00,short,1234.979,1237.7630000000001,1237.813,2.7840000000001055,-1.0431034482758441,stop,0.4299568965517497,1.13254310344824,313,0.2840000000001055,0.005,107469.92862502806,-0.09664200896563668,194.02546439227575,-563.4499485951804
2017-02-22,1237.979,1236.128,0.6493597614453975,1.8510000000001128,2017-02-23 06:10:00+00:00,2017-02-23 08:58:00+00:00,short,1236.078,1238.252,1238.302,2.173999999999978,-1.055197792088296,stop,0.07635694572214427,1.0413983440663046,168,0.27299999999991087,0.005,106902.91846802298,-0.1014081157536606,247.17094899960705,-567.0101570050819
2017-02-23,1250.266,1247.888,0.862844702467374,2.3780000000001564,2017-02-24 04:02:00+00:00,2017-02-24 17:00:00+00:00,long,1250.563,1247.888,1256.268,2.675000000000182,2.1065420560745958,time,3.568598130840812,0.4280373831776192,778,0.24700000000007094,0.005,108028.895936373,-0.09194350777659943,199.81853919255272,1125.97746835002
2017-02-27,1253.528,1252.288,0.4499274310594959,1.240000000000009,2017-02-28 04:41:00+00:00,2017-02-28 08:06:00+00:00,long,1253.86,1252.288,1252.238,1.571999999999889,-1.076335877862572,stop,0.38740458015279516,1.04389312977097,205,0.2819999999999254,0.005,107447.51905366199,-0.09683037668512984,343.6033585762742,-581.3768827110023
2017-03-01,1247.839,1245.638,0.7986211901306073,2.201000000000022,2017-03-02 05:45:00+00:00,2017-03-02 17:00:00+00:00,short,1245.588,1248.123,1237.1219999999998,2.535000000000082,3.3120315581853452,time,4.21143984220891,0.45917159763311627,675,0.2840000000001055,0.005,109226.86692343424,-0.08187374521106383,211.9280454707269,1779.3478697722485
2017-03-02,1233.969,1231.438,0.9640068558369683,2.530999999999949,2017-03-03 04:38:00+00:00,2017-03-03 05:54:00+00:00,long,1234.269,1231.438,1231.3880000000001,2.8309999999999036,-1.0423878488166578,stop,0.0,1.1342281879195062,76,0.25,0.01,108088.29933498122,-0.09144418172777913,385.8243268224584,-1138.5675884530199
2017-03-05,1235.321,1232.828,0.9851807943094159,2.492999999999938,2017-03-06 05:19:00+00:00,2017-03-06 17:00:00+00:00,short,1232.778,1235.544,1227.251,2.7660000000000764,1.9728850325379221,time,2.3304410701372866,0.8691250903831995,701,0.22300000000018372,0.005,109154.52827473353,-0.08248180085230661,195.38738129967146,1066.2289397523155
2017-03-07,1218.489,1216.258,0.8495811119573552,2.2309999999999945,2017-03-08 07:08:00+00:00,2017-03-08 17:00:00+00:00,short,1216.208,1218.7730000000001,1209.962,2.5650000000000546,2.407797270955151,time,3.6409356725146083,0.21598440545803047,592,0.2840000000001055,0.005,110468.63815119503,-0.07143581177250913,212.77685823534347,1314.1098764615012
2017-03-09,1199.908,1197.551,0.9382961783439585,2.356999999999971,2017-03-10 04:50:00+00:00,2017-03-10 13:30:00+00:00,short,1197.501,1200.1419999999998,1200.1919999999998,2.640999999999849,-1.0454373343430372,stop,0.8970087088224347,1.1287391139720429,520,0.2339999999999236,0.01,109313.75776522212,-0.0811433684695787,418.28337050814594,-1154.8803859729087
2017-03-14,1201.368,1198.978,0.951433121019079,2.3899999999998727,2017-03-15 03:04:00+00:00,2017-03-15 12:30:00+00:00,long,1201.549,1198.978,1198.928,2.5709999999999127,-1.0466744457409407,stop,1.431349669389416,1.0855698171917676,566,0.1310000000000855,0.005,108741.67818111826,-0.08595208724719106,212.58996064804717,-572.0795841038666
2017-03-21,1246.448,1243.949,0.9740791268758888,2.4990000000000236,2017-03-22 06:06:00+00:00,2017-03-22 16:00:00+00:00,long,1246.741,1243.949,1247.858,2.7919999999999163,0.37499999999999756,time,1.3205587392550988,0.7779369627507488,594,0.24299999999993815,0.005,108945.56882770786,-0.08423824741077957,194.73796235874195,203.8906465895954
2017-03-27,1255.418,1252.808,0.8903291830121017,2.6099999999999,2017-03-28 06:06:00+00:00,2017-03-28 11:35:00+00:00,short,1252.758,1255.6519999999998,1255.7019999999998,2.893999999999778,-1.041465100207313,stop,0.472356599861806,1.082930200414739,329,0.2339999999999236,0.005,108378.2537889264,-0.0890069169379113,188.22662202438877,-567.3150387814575
2017-04-02,1249.858,1247.531,0.753562176165811,2.326999999999998,2017-04-03 05:20:00+00:00,2017-04-03 14:12:00+00:00,short,1247.481,1250.089,1250.139,2.6079999999999472,-1.0460122699386338,stop,1.0732361963190318,1.2028374233128862,532,0.23099999999999454,0.005,107811.4288726377,-0.09377146665147218,207.7803945339889,-566.8249162887013
2017-04-03,1257.069,1254.632,0.78918393782381,2.436999999999898,2017-04-04 06:44:00+00:00,2017-04-04 13:41:00+00:00,long,1257.3629999999998,1254.632,1254.582,2.730999999999767,-1.0439399487367136,stop,1.422922006591185,1.0270963017210089,417,0.2439999999999145,0.005,107248.68558498503,-0.09850170749471032,197.38452741238905,-562.7432876526663
2017-04-12,1287.948,1285.141,0.69265885256017,2.8070000000000164,2017-04-13 05:21:00+00:00,2017-04-13 09:59:00+00:00,short,1285.0910000000001,1287.986,1288.036,2.894999999999982,-1.0414507772020571,stop,0.3530224525043759,1.0048359240068727,278,0.038000000000010914,0.005,106690.21445020312,-0.10319603798159016,185.23089047493215,-558.4711347819086
2017-04-17,1285.598,1281.878,0.9290709290709578,3.7200000000000273,2017-04-18 05:03:00+00:00,2017-04-18 09:20:00+00:00,short,1281.828,1285.859,1285.9089999999999,4.030999999999949,-1.0297692880178508,stop,0.039692384023836236,1.0205904242123753,257,0.26099999999996726,0.005,106140.88291933882,-0.10781354386888664,132.33715511064807,-549.3315308642874
2017-04-18,1289.288,1286.252,0.8161290322580742,3.036000000000058,2017-04-19 03:23:00+00:00,2017-04-19 16:00:00+00:00,short,1286.202,1289.558,1278.849,3.3559999999999945,2.1701430274136104,time,3.549761620977363,0.3781287246722311,757,0.2699999999999818,0.005,107292.58740429346,-0.09813268278425769,158.1359995818519,1151.7044849546378
2017-04-19,1281.042,1278.098,0.791397849462349,2.94399999999996,2017-04-20 05:15:00+00:00,2017-04-20 06:50:00+00:00,short,1278.048,1281.2949999999998,1281.3449999999998,3.2469999999998436,-1.0369571912534525,stop,0.17154296273484546,1.010163227594743,95,0.25299999999992906,0.01,106180.00920352274,-0.10748466078569086,330.4360560649788,-1112.578200770717
2017-04-20,1281.708,1279.398,0.6209677419355257,2.310000000000173,2017-04-21 03:17:00+00:00,2017-04-21 08:45:00+00:00,short,1279.348,1281.9470000000001,1281.997,2.59900000000016,-1.0461716044632348,stop,0.2562524047710269,1.0392458637937112,328,0.23900000000003274,0.01,105069.18409761904,-0.11682190283002969,408.54178223746135,-1110.8251059037043
2017-04-26,1268.342,1265.861,0.6603673143465407,2.4809999999999945,2017-04-27 03:02:00+00:00,2017-04-27 16:00:00+00:00,short,1265.8110000000001,1268.5810000000001,1266.098,2.769999999999982,-0.12888086642592403,time,1.5823104693141037,0.7007220216605835,778,0.23900000000003274,0.01,104933.77002280738,-0.1179601504137463,379.31113392642504,-135.4140748116606
2017-04-27,1265.912,1263.308,0.7000000000000061,2.604000000000042,2017-04-28 06:20:00+00:00,2017-04-28 16:00:00+00:00,long,1266.222,1263.308,1267.098,2.9139999999999873,0.27659574468084414,time,0.7683596431022796,0.7288949897048843,580,0.2599999999999909,0.01,105224.01236542365,-0.11552046572340136,360.10216205493424,290.24234261626844
2017-05-01,1257.728,1256.148,0.42473118279573735,1.5800000000001546,2017-05-02 05:28:00+00:00,2017-05-02 16:00:00+00:00,short,1256.098,1257.9360000000001,1255.6689999999999,1.8380000000001928,0.1953210010881663,time,2.137649619150951,0.6006528835690566,632,0.20800000000008367,0.01,105429.53695976094,-0.11379289144263238,572.4919062318423,205.5245943372814
2017-05-02,1256.921,1255.761,0.311827956989267,1.1600000000000819,2017-05-03 04:37:00+00:00,2017-05-03 16:00:00+00:00,short,1255.711,1257.162,1248.9289999999999,1.4510000000000218,4.6257753273604765,time,7.105444521019842,0.2825637491385773,683,0.24099999999998545,0.01,110306.47046819596,-0.07279894166567091,726.5991520314221,4876.933508435016
2017-05-03,1241.259,1238.101,0.848924731182763,3.1579999999999018,2017-05-04 05:48:00+00:00,2017-05-04 16:00:00+00:00,short,1238.0510000000002,1241.482,1227.908,3.4309999999998126,2.935878752550512,time,3.5558146313030345,0.13407169921300907,612,0.22299999999995634,0.01,113544.93469736012,-0.045577442800609935,321.49947673623427,3238.46422916417
2017-05-04,1228.878,1227.881,0.3040561146690591,0.9969999999998436,2017-05-05 03:25:00+00:00,2017-05-05 04:00:00+00:00,short,1227.8310000000001,1229.1119999999999,1229.1619999999998,1.2809999999997217,-1.0936768149882754,stop,0.6010928961751573,1.0054644808743665,35,0.2339999999999236,0.01,112303.12007198151,-0.056015741025717936,886.3773200420359,-1241.8146253786053
2017-05-08,1228.561,1226.328,0.7070930968967754,2.2329999999999472,2017-05-09 03:33:00+00:00,2017-05-09 05:18:00+00:00,long,1228.8509999999999,1226.328,1226.278,2.522999999999911,-1.0475624256836935,stop,0.0,1.0277447483154731,105,0.2400000000000091,0.01,111126.67478323699,-0.06590456542710121,445.1174002060463,-1176.4452887445204
2017-05-09,1223.519,1220.728,0.9193017127799362,2.79099999999994,2017-05-10 04:08:00+00:00,2017-05-10 06:37:00+00:00,long,1223.776,1220.728,1220.678,3.048000000000002,-1.0393700787401425,stop,0.031167979002633604,1.0219816272965903,149,0.20700000000010732,0.01,109971.65737604116,-0.07561327388092953,364.5888280289925,-1155.0174071958324
2017-05-11,1226.988,1224.428,0.8432147562582004,2.5599999999999454,2017-05-12 06:18:00+00:00,2017-05-12 16:00:00+00:00,long,1227.278,1224.428,1229.472,2.849999999999909,0.7452631578947466,time,1.5652631578947913,0.16035087719302524,582,0.2400000000000091,0.01,110791.23562259103,-0.06872416017469474,385.86546447734975,819.5782465498754
2017-05-18,1251.122,1248.321,0.831527386076954,2.8010000000001583,2017-05-19 03:54:00+00:00,2017-05-19 06:19:00+00:00,short,1248.271,1251.3600000000001,1251.41,3.089000000000169,-1.0388475234703618,stop,0.2243444480414198,1.0449983813531527,145,0.2380000000000564,0.01,109640.28361510353,-0.07839869617339779,358.6637605133861,-1150.9520074875002
2017-05-22,1263.728,1261.182,0.7558260353273282,2.546000000000049,2017-05-23 06:27:00+00:00,2017-05-23 16:00:00+00:00,short,1261.132,1263.992,1256.219,2.8599999999999,1.6933566433567062,time,2.0503496503497334,0.8171328671328919,573,0.2639999999998963,0.01,111496.88464149502,-0.06279269926978792,383.3576350178579,1856.6010263914898
2017-05-23,1253.732,1251.051,0.8998154052693449,2.68100000000004,2017-05-24 05:45:00+00:00,2017-05-24 12:35:00+00:00,short,1251.001,1253.973,1254.023,2.97199999999998,-1.0403768506056377,stop,0.9754374158815299,1.173956931359373,410,0.24099999999998545,0.01,110336.89686453843,-0.07254318706877105,375.15775451378124,-1159.987776956587
2017-05-24,1258.752,1256.338,0.8633762517882493,2.4139999999999873,2017-05-25 03:01:00+00:00,2017-05-25 10:30:00+00:00,long,1259.023,1256.338,1256.288,2.6849999999999454,-1.0446927374301516,stop,0.22569832402234893,1.0506517690875121,449,0.22100000000000364,0.01,109184.2153162888,-0.0822322610362648,410.9381633688665,-1152.6815482496295
2017-05-28,1268.691,1266.418,0.762879677798327,2.2730000000001382,2017-05-29 03:05:00+00:00,2017-05-29 16:00:00+00:00,short,1266.368,1268.938,1267.991,2.5700000000001637,-0.658754863813206,time,0.4264591439688458,0.661867704280122,775,0.24700000000007094,0.01,108464.95898737646,-0.08827810065519681,424.8413047326142,-719.2563289123359
2017-06-06,1294.032,1291.381,0.7234274798744325,2.65099999999984,2017-06-07 03:52:00+00:00,2017-06-07 14:41:00+00:00,short,1291.3310000000001,1294.281,1294.331,2.949999999999818,-1.040677966101682,stop,1.1193220338984198,1.0671186440678322,649,0.24900000000002365,0.01,107336.18805825361,-0.09776618957380201,367.6778270758751,-1128.770929122853
2017-06-07,1287.192,1284.431,0.7534452176285948,2.7609999999999673,2017-06-08 03:56:00+00:00,2017-06-08 05:37:00+00:00,short,1284.381,1287.4360000000001,1287.486,3.0550000000000637,-1.0392798690670872,stop,0.17675941080202281,1.0085106382978197,101,0.24400000000014188,0.01,106220.66466354018,-0.10714292393747837,351.34595109083915,-1115.5233947134207
2017-06-11,1270.041,1266.499,0.9665711556828872,3.5419999999999163,2017-06-12 03:23:00+00:00,2017-06-12 08:57:00+00:00,short,1266.449,1270.241,1270.291,3.7919999999999163,-1.0316455696202418,stop,0.18908227848104273,1.0548523206751288,334,0.20000000000004547,0.01,105124.8438825176,-0.11635404440571828,280.11778655997506,-1095.820781022586
2017-06-15,1254.629,1252.068,0.7409228988861327,2.560999999999922,2017-06-16 03:21:00+00:00,2017-06-16 06:25:00+00:00,short,1252.018,1254.8529999999998,1254.9029999999998,2.834999999999809,-1.042328042328029,stop,0.0,1.0666666666666988,184,0.2239999999999327,0.01,104029.09815527656,-0.12556453399577494,370.81073679902886,-1095.7457272410425
2017-06-19,1245.879,1242.851,0.8760306668594786,3.0279999999997926,2017-06-20 05:58:00+00:00,2017-06-20 13:44:00+00:00,long,1246.12,1242.851,1242.8010000000002,3.268999999999778,-1.0367084735392973,stop,0.6032425818294099,1.0434383603548676,466,0.19100000000003092,0.01,102950.6196797543,-0.1346298805674735,318.2291164126143,-1078.4784755222647
2017-06-20,1246.251,1244.459,0.5184435122233223,1.7919999999999163,2017-06-21 03:31:00+00:00,2017-06-21 12:00:00+00:00,long,1246.4919999999997,1244.459,1244.409,2.0329999999996744,-1.059026069847503,stop,0.6438760452535199,1.098868666994616,509,0.19099999999980355,0.01,101860.34577827614,-0.14379437573293452,506.39753900526705,-1090.2739014781519
2017-06-22,1252.231,1250.0,0.6071574363859069,2.2309999999999945,2017-06-23 03:45:00+00:00,2017-06-23 16:00:00+00:00,long,1252.527,1250.0,1255.559,2.5270000000000437,1.17214087851202,time,2.486743173723692,0.4376731301938961,735,0.2460000000000946,0.01,103054.29253013701,-0.13375843960678113,403.08803236357096,1193.9467518608672
2017-06-25,1257.409,1254.612,0.8092000578620052,2.7970000000000255,2017-06-26 04:00:00+00:00,2017-06-26 16:00:00+00:00,short,1254.5620000000001,1257.6680000000001,1243.529,3.1059999999999945,3.529620090148148,time,5.85447520927245,0.21442369607209952,720,0.25900000000001455,0.01,106691.71754304077,-0.10318340346192933,331.7910255316716,3637.425012903758
2017-07-09,1213.622,1210.309,0.8418244187524222,3.313000000000102,2017-07-10 06:03:00+00:00,2017-07-10 11:33:00+00:00,short,1210.259,1213.8750000000002,1213.9250000000002,3.616000000000213,-1.03318584070795,stop,1.4355641592919595,1.51078539822999,330,0.25300000000015643,0.01,105589.39382417795,-0.11244918555447958,295.0545286035246,-1102.323718862817
2017-07-11,1220.369,1216.899,0.8817176978783092,3.4700000000000273,2017-07-12 05:47:00+00:00,2017-07-12 10:34:00+00:00,long,1220.6429999999998,1216.899,1216.849,3.7439999999999145,-1.0320512820512706,stop,0.0,1.0430021367520925,287,0.2239999999999327,0.01,104499.65713150536,-0.12160916511382103,282.0229535902253,-1089.7366926725938
2017-07-13,1218.562,1214.761,0.9658239105577423,3.800999999999931,2017-07-14 06:20:00+00:00,2017-07-14 16:00:00+00:00,long,1218.8719999999998,1214.761,1228.368,4.110999999999876,2.2928727803455065,time,3.4020919484311665,0.37728046703964424,580,0.2599999999999909,0.005,105697.67922846669,-0.11153897293474369,127.09761266298773,1198.0220969613342
2017-07-16,1232.271,1230.111,0.5488502096302607,2.1599999999998545,2017-07-17 05:16:00+00:00,2017-07-17 11:16:00+00:00,short,1230.0610000000001,1232.531,1232.581,2.4699999999998,-1.0485829959514024,stop,0.19959514170048803,1.1825910931174326,360,0.2599999999999909,0.005,105143.51528271422,-0.1161970985624744,213.96291341796612,-554.1639457524797
2017-07-18,1243.418,1240.581,0.7208740947783094,2.836999999999989,2017-07-19 05:39:00+00:00,2017-07-19 12:48:00+00:00,short,1240.531,1243.6879999999999,1243.7379999999998,3.1569999999999254,-1.0380107697180732,stop,1.3946784922395072,1.0506810262908095,429,0.2699999999999818,0.005,104597.81477656684,-0.12078408321247558,166.52441444839516,-545.7005061473709
2017-07-19,1242.019,1238.171,0.9777664845635933,3.8479999999999563,2017-07-20 03:32:00+00:00,2017-07-20 13:00:00+00:00,short,1238.121,1242.199,1242.249,4.0779999999999745,-1.0294261893084737,stop,0.6505640019617549,1.0343305541932009,568,0.18000000000006366,0.005,104059.43612718966,-0.12530952266646522,128.24646245287823,-538.3786493771738
2017-07-20,1245.812,1243.401,0.6277828407758933,2.410999999999831,2017-07-21 05:34:00+00:00,2017-07-21 16:00:00+00:00,long,1246.0219999999997,1243.401,1252.161,2.62099999999964,2.3155284242659997,time,2.5524608927894703,0.22624952308267887,626,0.15999999999985448,0.005,105264.19903801766,-0.1151826693529624,198.51094263106438,1204.7629108279996
2017-07-23,1257.129,1253.718,0.8881656034370038,3.410999999999831,2017-07-24 03:01:00+00:00,2017-07-24 09:19:00+00:00,short,1253.6680000000001,1257.34,1257.3899999999999,3.671999999999798,-1.032679738562081,stop,0.4193899782135827,1.1993464052287612,378,0.21100000000001273,0.005,104720.67801030503,-0.11975133400140126,143.3336043546071,-543.5210277126347
2017-07-24,1255.592,1252.852,0.7134487696914451,2.740000000000009,2017-07-25 04:04:00+00:00,2017-07-25 08:05:00+00:00,long,1255.911,1252.852,1252.8020000000001,3.058999999999969,-1.0392285060477136,stop,0.6466165413533371,1.5011441647597727,241,0.26900000000000546,0.005,104176.53444150026,-0.12432523153198227,171.16815627706129,-544.1435688047648
2017-07-25,1248.942,1246.401,0.6616325999218661,2.54099999999994,2017-07-26 03:36:00+00:00,2017-07-26 14:03:00+00:00,short,1246.351,1249.163,1249.213,2.811999999999898,-1.0426742532005544,stop,0.8470839260313471,1.003200568990048,627,0.22100000000000364,0.005,103633.4234902512,-0.12889044920827708,185.23565867977246,-543.1109512490656
2017-07-27,1260.858,1258.538,0.6078071784123479,2.3199999999999363,2017-07-28 03:22:00+00:00,2017-07-28 12:14:00+00:00,short,1258.488,1261.1009999999999,1261.1509999999998,2.612999999999829,-1.0459242250286882,stop,0.3390738614619308,1.0616150019135357,532,0.24299999999993815,0.005,103091.45994949565,-0.13344602211741163,198.30352753589358,-541.9635407555542
2017-07-30,1270.431,1268.098,0.6203962239064211,2.3330000000000837,2017-07-31 03:50:00+00:00,2017-07-31 16:00:00+00:00,short,1268.048,1270.6750000000002,1268.4679999999998,2.62700000000018,-0.18652455272166418,time,0.7868290826036793,0.7384849638370466,730,0.24400000000014188,0.005,102995.31450721313,-0.13425419008308037,196.2151883317255,-96.14544228251516
2017-07-31,1270.578,1267.002,0.9947148817802489,3.576000000000022,2017-08-01 04:39:00+00:00,2017-08-01 09:05:00+00:00,long,1270.859,1267.002,1266.952,3.856999999999971,-1.031112263417152,stop,0.0,1.0007778065854107,266,0.23099999999999454,0.005,102464.31584789866,-0.13871759569111708,133.51738982008544,-530.9986593144697
2017-08-02,1264.278,1261.738,0.722617354196294,2.5399999999999636,2017-08-03 03:38:00+00:00,2017-08-03 11:30:00+00:00,short,1261.688,1264.528,1264.578,2.839999999999918,-1.0422535211267456,stop,0.5711267605634217,1.7679577464789094,472,0.25,0.005,101930.34687798709,-0.14320596878399428,180.3949222674324,-533.9689699115769
2017-08-09,1277.062,1274.598,0.7812301838934792,2.463999999999942,2017-08-10 04:24:00+00:00,2017-08-10 16:00:00+00:00,long,1277.3379999999997,1274.598,1284.488,2.7399999999997817,2.583941605839738,time,3.8153284671536536,0.30145985401454756,696,0.2259999999998854,0.005,103247.25719896563,-0.1321364400595233,186.00428262407885,1316.9103209785376
2017-08-15,1273.962,1271.181,0.8817374762206888,2.780999999999949,2017-08-16 06:25:00+00:00,2017-08-16 15:14:00+00:00,short,1271.131,1274.222,1274.272,3.0909999999998945,-1.0388223875768225,stop,1.0190876738920085,1.0711743772242106,529,0.2599999999999909,0.01,102174.70157662375,-0.1411520010138062,334.0254196019707,-1072.5556223418776
2017-08-17,1288.889,1285.941,0.9346861128725349,2.9479999999998654,2017-08-18 06:50:00+00:00,2017-08-18 16:00:00+00:00,long,1289.1789999999996,1285.941,1288.942,3.2379999999996016,-0.09481161210613437,time,3.597591105621302,0.25231624459532215,550,0.23999999999978172,0.01,102077.82809489431,-0.1419662886471863,315.5488004219775,-96.87348172942886
2017-08-22,1285.542,1282.751,0.787306064880105,2.79099999999994,2017-08-23 03:05:00+00:00,2017-08-23 16:00:00+00:00,long,1285.8729999999998,1282.751,1287.832,3.1219999999998436,0.6050608584242094,time,1.7738629083922215,0.32094811018570646,775,0.28099999999994907,0.01,102695.46107782607,-0.13677466250770587,326.96293432062595,617.6329829317564
2017-08-24,1287.029,1285.149,0.5303244005642118,1.8800000000001091,2017-08-25 05:01:00+00:00,2017-08-25 13:41:00+00:00,long,1287.337,1285.149,1285.099,2.188000000000102,-1.0548446069469601,stop,3.2180073126140822,5.118829981718247,520,0.2580000000000382,0.01,101612.18354506731,-0.14588034842604303,469.3576831710297,-1083.2775327587628
2017-08-27,1294.819,1291.779,0.8575458392101548,3.0399999999999636,2017-08-28 05:51:00+00:00,2017-08-28 16:00:00+00:00,long,1295.1399999999999,1291.779,1306.041,3.3609999999998763,3.222552811663334,time,3.7197262719430646,0.1850639690567886,609,0.27099999999995816,0.01,104886.68982289138,-0.1183558915792774,302.32723458813166,3274.5062778240745
2017-08-31,1321.872,1318.471,0.9087508350033702,3.4010000000000673,2017-09-01 06:50:00+00:00,2017-09-01 12:30:00+00:00,short,1318.421,1322.0710000000001,1322.121,3.650000000000091,-1.0328767123287539,stop,0.1323287671232699,2.8139726027396446,340,0.19900000000006912,0.01,103803.33962937824,-0.1274621882607735,287.3607940353117,-1083.3501935131383
2017-09-05,1342.429,1338.451,0.9395370807746883,3.9780000000000655,2017-09-06 03:24:00+00:00,2017-09-06 16:00:00+00:00,short,1338.401,1342.5990000000002,1340.158,4.198000000000093,-0.4352072415435432,time,0.5907575035731213,0.874464030490648,756,0.17000000000007276,0.01,103351.57997834714,-0.13125953600266826,247.26855557259637,-451.7596510310927
2017-09-06,1335.878,1332.591,0.8008283591180437,3.2870000000000346,2017-09-07 05:37:00+00:00,2017-09-07 16:00:00+00:00,long,1336.1589999999999,1332.591,1346.931,3.5679999999999836,2.999439461883467,time,3.6908632286995955,0.611266816143448,623,0.23099999999999454,0.01,106451.54805269775,-0.10520219170418266,289.66249993931507,3099.968074350597
2017-09-10,1338.812,1335.569,0.7901084175904287,3.242999999999938,2017-09-11 06:34:00+00:00,2017-09-11 09:00:00+00:00,short,1335.519,1339.0919999999999,1339.1419999999998,3.5729999999998654,-1.0335852225020876,stop,0.2658830114749738,1.0000000000000637,146,0.2799999999999727,0.01,105351.28058290036,-0.11445068962200078,297.93324392024,-1100.2674697973926
2017-09-11,1327.652,1324.5,0.7679376294311172,3.1520000000000437,2017-09-12 04:33:00+00:00,2017-09-12 08:08:00+00:00,short,1324.45,1327.848,1327.898,3.397999999999911,-1.0353148911124066,stop,0.2819305473808443,1.008828722778097,215,0.1959999999999127,0.01,104260.56308704798,-0.12361891350048737,310.0390835282611,-1090.7174958523808
2017-09-12,1333.162,1329.511,0.956761006289318,3.6510000000000673,2017-09-13 05:18:00+00:00,2017-09-13 08:23:00+00:00,short,1329.461,1333.425,1333.475,3.963999999999942,-1.0302724520686066,stop,0.0,1.0640766902119416,185,0.26299999999991996,0.01,103186.39522719051,-0.13264802640983142,263.01857489164865,-1074.1678598574658
2017-09-17,1319.639,1316.031,0.9663854292219123,3.6079999999999472,2017-09-18 06:19:00+00:00,2017-09-18 16:00:00+00:00,short,1315.981,1319.867,1308.142,3.8859999999999673,1.9992279979413297,time,2.3422542460113656,0.29284611425628654,581,0.22800000000006548,0.01,105249.32653063891,-0.1153076829131201,265.53369847450176,2062.931303448389
2017-09-18,1309.371,1306.261,0.851471594798111,3.1100000000001273,2017-09-19 03:13:00+00:00,2017-09-19 16:00:00+00:00,long,1309.6270000000002,1306.261,1309.482,3.366000000000213,-0.06387403446232787,time,0.3431372549018634,0.9910873440285292,767,0.20600000000013097,0.01,105182.09953953935,-0.11587277158862175,312.68367953247844,-67.22699109954829
2017-09-19,1312.981,1309.661,0.9147265463562281,3.3199999999999363,2017-09-20 05:25:00+00:00,2017-09-20 16:00:00+00:00,long,1313.279,1309.661,1311.582,3.617999999999938,-0.4883913764510556,time,0.7432283029298298,0.6876727473742672,635,0.2480000000000473,0.01,104668.39923581808,-0.12019077272903866,290.71890419994793,-513.7003037212756
2017-09-24,1294.072,1291.402,0.7154340836012503,2.6699999999998454,2017-09-25 04:11:00+00:00,2017-09-25 07:02:00+00:00,long,1294.3719999999998,1291.402,1291.352,2.9699999999998,-1.0404040404040278,stop,0.09663299663309134,1.15521885521887,171,0.25,0.01,103579.42498114241,-0.1293443434774132,352.41885264587586,-1088.97425467567
2017-09-25,1311.359,1307.991,0.9024651661307515,3.367999999999938,2017-09-26 03:46:00+00:00,2017-09-26 07:14:00+00:00,long,1311.649,1307.991,1307.941,3.6579999999999018,-1.032804811372323,stop,0.5338983050848153,1.0954073264078572,208,0.2400000000000091,0.01,102509.65169634539,-0.13833651698846372,283.1586248801126,-1069.7732847970246
2017-09-27,1284.822,1282.489,0.6427882628460811,2.3329999999998563,2017-09-28 03:37:00+00:00,2017-09-28 09:36:00+00:00,short,1282.439,1285.023,1285.0729999999999,2.5839999999998327,-1.0464396284829576,stop,1.7480650154800097,1.0344427244582721,359,0.20100000000002183,0.01,101436.95007797498,-0.1473533051388629,396.7091783914552,-1072.7016183704106
2017-10-04,1275.172,1272.992,0.6015452538631672,2.1800000000000637,2017-10-05 05:03:00+00:00,2017-10-05 15:08:00+00:00,long,1275.442,1272.992,1272.942,2.4500000000000455,-1.048979591836715,stop,1.436734693877517,1.1183673469387585,605,0.16000000000008185,0.01,100372.89717307543,-0.15629739495842654,414.02836766519636,-1064.0529048995545
2017-10-05,1269.649,1267.751,0.5237306843266992,1.8979999999999109,2017-10-06 04:05:00+00:00,2017-10-06 10:31:00+00:00,short,1267.701,1269.848,1269.898,2.1469999999999345,-1.0558919422449735,stop,0.22310200279462342,1.1676758267350436,386,0.19900000000006912,0.01,99313.0678396271,-0.1652059827815714,467.5030143133605,-1059.8293334483362
2017-10-11,1294.062,1291.819,0.6100911192710424,2.242999999999938,2017-10-12 03:19:00+00:00,2017-10-12 12:49:00+00:00,long,1294.3519999999999,1291.819,1291.769,2.5329999999999018,-1.0473746545597944,stop,1.2155546782472553,1.4228187919462907,570,0.2400000000000091,0.01,98272.88793840907,-0.17394940373569867,392.0768568481285,-1040.1799012180286
2017-10-12,1296.719,1293.448,0.8897048823609494,3.270999999999958,2017-10-13 06:16:00+00:00,2017-10-13 09:03:00+00:00,long,1296.997,1293.448,1293.3980000000001,3.548999999999978,-1.0338123415046365,stop,0.4012397858551668,1.0084530853762188,167,0.22800000000006548,0.005,97764.90931647892,-0.1782193102413252,138.45151865090122,-507.9786219301472
2017-10-15,1304.492,1301.041,0.9522626931567626,3.451000000000022,2017-10-16 06:44:00+00:00,2017-10-16 16:00:00+00:00,long,1304.741,1301.041,1303.451,3.7000000000000455,-0.3675675675675532,time,0.34351351351349796,0.5564864864864713,556,0.19900000000006912,0.005,97585.23326692432,-0.17972960988736808,132.1147423195645,-179.6760495546029
2017-10-16,1295.209,1292.331,0.8117331829079676,2.8780000000001564,2017-10-17 04:36:00+00:00,2017-10-17 16:00:00+00:00,short,1292.281,1295.4569999999999,1284.488,3.175999999999931,2.431675062972311,time,3.3573677581864745,0.29534005037787225,684,0.24799999999981992,0.005,98771.7111581719,-0.1697564546247109,153.62914557135775,1186.4778912475795
2017-10-17,1288.851,1285.662,0.8994500070512271,3.189000000000078,2017-10-18 05:12:00+00:00,2017-10-18 16:00:00+00:00,short,1285.612,1289.1170000000002,1281.299,3.505000000000109,1.210556348074171,time,2.4051355206846794,0.17004279600570188,648,0.2660000000000764,0.01,99967.39837769863,-0.15970588868169422,281.8023142886414,1195.6872195267342
2017-10-24,1276.609,1273.879,0.7699901283317047,2.730000000000018,2017-10-25 03:29:00+00:00,2017-10-25 13:12:00+00:00,short,1273.829,1276.8469999999998,1276.8969999999997,3.0179999999998017,-1.0397614314115182,stop,0.8707753479125585,1.7634194831015462,583,0.23799999999982901,0.01,98927.97592538182,-0.1684429427616041,331.2372378320252,-1039.422452316814
2017-10-25,1281.032,1278.381,0.7750328899283124,2.65099999999984,2017-10-26 05:21:00+00:00,2017-10-26 07:30:00+00:00,long,1281.328,1278.381,1278.3310000000001,2.946999999999889,-1.0407193756362263,stop,0.397353240583676,1.0312181879878186,129,0.2460000000000946,0.005,98413.19461869172,-0.17277003046867934,167.84522552661275,-514.781306690095
2017-10-26,1267.911,1265.381,0.7396579447448992,2.5299999999999727,2017-10-27 03:24:00+00:00,2017-10-27 06:44:00+00:00,long,1268.217,1265.381,1265.3310000000001,2.8360000000000127,-1.0423131170662743,stop,0.1318758815231998,1.1738363892807346,200,0.2560000000000855,0.005,97900.30780047443,-0.17708119370904352,173.50704269867995,-512.8868182172922
2017-10-29,1272.831,1270.671,0.6387697767262479,2.1599999999998545,2017-10-30 06:04:00+00:00,2017-10-30 13:19:00+00:00,short,1270.621,1273.0829999999999,1273.1329999999998,2.4619999999997617,-1.048740861088532,stop,0.6064175467101178,1.0633631194151876,435,0.2519999999999527,0.005,97386.94753495693,-0.18139633659662102,198.82272095955304,-513.3602655175094
2017-10-30,1277.449,1274.882,0.7727272727272743,2.5670000000000073,2017-10-31 06:23:00+00:00,2017-10-31 10:21:00+00:00,long,1277.749,1274.882,1274.832,2.866999999999962,-1.041855598186242,stop,0.12521799790719512,1.0596442274154347,238,0.25,0.005,96879.6318525591,-0.18566067064368397,169.8412060253893,-507.3156823978236
2017-10-31,1270.172,1267.941,0.6907120743034,2.2309999999999945,2017-11-01 03:36:00+00:00,2017-11-01 16:00:00+00:00,long,1270.392,1267.941,1276.5610000000001,2.451000000000022,2.4883720930232727,time,4.266421868624964,0.3961648306813525,744,0.17000000000007276,0.005,98084.99471398049,-0.1755287743365762,197.6328679162755,1205.362861421383
2017-11-02,1278.719,1276.201,0.7795665634674969,2.518000000000029,2017-11-03 06:31:00+00:00,2017-11-03 12:30:00+00:00,short,1276.151,1278.912,1278.962,2.7609999999999673,-1.0434625135820195,stop,0.8873596522999183,1.6624411445128477,359,0.19299999999998363,0.005,97573.25463833584,-0.17983029842411025,177.62585062292945,-511.74007564464586
2017-11-06,1280.592,1278.481,0.6535603715170563,2.1110000000001037,2017-11-07 04:54:00+00:00,2017-11-07 17:00:00+00:00,short,1278.431,1280.8300000000002,1275.6789999999999,2.3990000000001146,1.1179658190913098,time,2.648186744476766,0.7578157565651925,726,0.2380000000000564,0.005,98118.6724560516,-0.17524568996302947,203.3623481415823,545.4178177157604
2017-11-07,1277.949,1276.192,0.5791989451129038,1.7570000000000618,2017-11-08 04:29:00+00:00,2017-11-08 06:27:00+00:00,long,1278.247,1276.192,1276.142,2.0550000000000637,-1.0583941605839176,stop,0.4452554744525232,1.0004866180048546,118,0.2480000000000473,0.005,97599.43130619294,-0.1796102656913272,238.73156315340285,-519.2411498586555
2017-11-08,1281.722,1279.931,0.63873038516401,1.79099999999994,2017-11-09 04:34:00+00:00,2017-11-09 17:00:00+00:00,long,1282.0199999999998,1279.931,1285.402,2.0889999999997144,1.5854475825757501,time,2.9449497367166644,0.1924365725226765,746,0.24799999999981992,0.005,98373.1252183188,-0.1731068410861789,233.6032343374971,773.693912125858
2017-11-09,1287.031,1285.112,0.684379457917193,1.918999999999869,2017-11-10 04:30:00+00:00,2017-11-10 17:00:00+00:00,short,1285.0620000000001,1287.2689999999998,1275.9289999999999,2.2069999999996526,4.106479383779652,time,4.890801993657361,0.5423652016312086,750,0.23799999999982901,0.005,100392.96127145381,-0.1561287425378387,222.8661649713056,2019.8360531350017
2017-11-12,1276.542,1275.241,0.48355324289164286,1.3009999999999309,2017-11-13 05:39:00+00:00,2017-11-13 17:00:00+00:00,long,1276.788,1275.241,1277.949,1.5470000000000255,0.7052359405300842,time,1.896574014221022,0.5235940530057738,681,0.19600000000014006,0.01,101100.96851610256,-0.1501774591384123,648.9525615478485,708.0072446487405
2017-11-14,1283.231,1280.711,0.9888169511477307,2.519999999999982,2017-11-15 05:31:00+00:00,2017-11-15 07:15:00+00:00,short,1280.661,1283.457,1283.507,2.796000000000049,-1.0429184549356052,stop,0.018597997138817487,1.122675250357597,104,0.22600000000011278,0.01,100046.56785732949,-0.15904041525126045,361.59144676717017,-1054.4006587730694
2017-11-15,1279.348,1277.729,0.6411881188118531,1.6189999999999145,2017-11-16 04:45:00+00:00,2017-11-16 09:33:00+00:00,short,1277.679,1279.579,1279.629,1.8999999999998636,-1.0631578947368225,stop,1.2631578947369806,1.0010526315789225,288,0.23099999999999454,0.01,98982.91487274105,-0.1679811434680628,526.5608834596667,-1063.6529845884309
2017-11-20,1280.412,1278.749,0.6601826121476806,1.663000000000011,2017-11-21 06:07:00+00:00,2017-11-21 11:24:00+00:00,long,1280.6999999999998,1278.749,1278.699,1.9509999999997945,-1.0615069195284301,stop,0.33418759610473586,1.0963608405946292,317,0.23799999999982901,0.01,97932.20438221596,-0.17681308120193062,507.34451498078664,-1050.710490525082
2017-11-22,1291.331,1289.491,0.7590759075907322,1.8399999999999181,2017-11-23 05:18:00+00:00,2017-11-23 10:34:00+00:00,short,1289.441,1291.567,1291.617,2.1259999999999764,-1.0564440263405248,stop,1.0498588899341466,1.1467544684853723,316,0.23600000000010368,0.01,96897.60545915645,-0.18550959023118951,460.64066031146314,-1034.5989230595142
2017-11-29,1285.232,1283.031,0.873759428344588,2.201000000000022,2017-11-30 06:10:00+00:00,2017-11-30 17:00:00+00:00,short,1282.981,1285.423,1275.4289999999999,2.4420000000000073,3.06388206388211,time,3.3591318591318386,0.5520065520065325,650,0.19100000000003092,0.01,99866.4338131508,-0.160554564654243,396.7960911513356,2968.8283539943463
2017-11-30,1276.731,1274.711,0.8333333333333334,2.019999999999982,2017-12-01 04:19:00+00:00,2017-12-01 08:33:00+00:00,short,1274.661,1276.979,1277.029,2.3179999999999836,-1.0517687661777202,stop,0.11777394305441767,1.0258843830888464,254,0.2480000000000473,0.01,98816.06985440853,-0.16938358955231425,430.83017175647757,-1050.3639587422656
2017-12-03,1275.852,1273.898,0.8625027587729862,1.9540000000001783,2017-12-04 06:17:00+00:00,2017-12-04 14:17:00+00:00,short,1273.848,1276.083,1276.133,2.2350000000001273,-1.0536912751677618,stop,1.1673378076061633,1.5315436241609874,480,0.23099999999999454,0.01,97774.85354788895,-0.17813572219931306,442.1300664626528,-1041.2163065195837
2017-12-06,1264.081,1262.371,0.7548002648421224,1.709999999999809,2017-12-07 05:23:00+00:00,2017-12-07 17:00:00+00:00,short,1262.3210000000001,1264.317,1253.309,1.9959999999998672,4.479959919840063,time,5.12625250501046,0.3692384769538586,697,0.23600000000010368,0.01,102155.1277985167,-0.14131653195835936,489.85397569085904,4380.2742506277455
2017-12-07,1249.469,1247.731,0.7671595674244431,1.7380000000000564,2017-12-08 06:20:00+00:00,2017-12-08 08:21:00+00:00,long,1249.689,1247.731,1247.681,1.9580000000000837,-1.0612870275791364,stop,0.0,1.0510725229825868,121,0.17000000000007276,0.01,101070.96867918415,-0.15042962821265193,521.7320112283571,-1084.159119332546
2017-12-10,1249.028,1246.891,0.9432796292209082,2.1369999999999436,2017-12-11 05:03:00+00:00,2017-12-11 13:57:00+00:00,long,1249.288,1246.891,1246.8410000000001,2.3969999999999345,-1.0500625782227608,stop,0.9303295786399997,1.0221109720484407,534,0.21000000000003638,0.01,100009.66025963679,-0.15935064876245886,421.656106296149,-1061.3084195473602
2017-12-11,1244.742,1243.071,0.7375855219598623,1.6710000000000491,2017-12-12 05:03:00+00:00,2017-12-12 08:06:00+00:00,long,1245.0119999999997,1243.071,1243.021,1.9409999999998035,-1.0618238021638158,stop,0.6012364760435287,1.0010303967027063,183,0.2199999999997999,0.01,98947.73388253679,-0.16827686366663486,515.2481208637141,-1061.92637709999
2017-12-18,1262.242,1260.211,0.8530029399411899,2.030999999999949,2017-12-19 04:13:00+00:00,2017-12-19 16:08:00+00:00,long,1262.5179999999998,1260.211,1260.161,2.306999999999789,-1.0520156046813893,stop,1.1677503250977173,1.1339401820546153,715,0.2259999999998854,0.01,97906.78828161389,-0.17702672084860727,428.9021841462759,-1040.9456009229013
2017-12-20,1268.238,1266.302,0.8131037379253138,1.9360000000001492,2017-12-21 05:39:00+00:00,2017-12-21 17:00:00+00:00,short,1266.252,1268.4540000000002,1267.569,2.2020000000002256,-0.6298819255221914,time,1.4895549500452483,0.6162579473205413,681,0.21600000000012187,0.01,97290.09111836873,-0.18221048078585922,444.62664978021735,-616.6971632451648
2017-12-21,1266.282,1264.941,0.5632087358252459,1.3409999999998945,2017-12-22 04:58:00+00:00,2017-12-22 17:00:00+00:00,long,1266.572,1264.941,1273.971,1.6309999999998581,4.493562231760118,time,5.080318822808571,0.27038626609432365,722,0.2400000000000091,0.01,101661.88190810874,-0.14546259981515997,596.50577019238,4371.790789740022
2017-12-26,1282.759,1281.588,0.5371559633027592,1.1710000000000491,2017-12-27 04:02:00+00:00,2017-12-27 05:19:00+00:00,short,1281.538,1282.8670000000002,1282.9170000000001,1.3290000000001783,-1.0902934537245588,stop,0.004514672686293971,1.024078254326331,77,0.10800000000017462,0.01,100553.46906473144,-0.15477956514900326,764.9502024687366,-1108.4128433773012
2018-01-04,1322.968,1320.639,0.9319727891156664,2.3290000000001783,2018-01-05 05:56:00+00:00,2018-01-05 17:00:00+00:00,short,1320.589,1323.1560000000002,1321.739,2.5670000000002346,-0.47526295286325654,time,2.624464355278238,0.9777950915464595,664,0.18800000000010186,0.01,100075.57567844796,-0.15879658474587977,391.715890396269,-477.89338628348384
2018-01-07,1322.101,1319.648,0.9741858617951004,2.453000000000202,2018-01-08 04:29:00+00:00,2018-01-08 17:00:00+00:00,short,1319.598,1322.307,1316.969,2.70900000000006,0.9446290143964005,time,1.7017349575488363,0.6016980435585356,751,0.2059999999999036,0.01,101020.9186026308,-0.15085033321529595,369.4188840105048,945.3429241828469
2018-01-22,1337.178,1334.148,0.7775211701309344,3.0300000000002,2018-01-23 06:12:00+00:00,2018-01-23 14:03:00+00:00,long,1337.4279999999999,1334.148,1334.098,3.2799999999999727,-1.036585365853645,stop,0.40060975609758814,1.0792682926829247,471,0.1999999999998181,0.01,99973.750543945,-0.1596524943953812,307.9906054958282,-1047.1680586857935
2018-01-23,1341.911,1339.451,0.6468577438863962,2.4600000000000364,2018-01-24 04:10:00+00:00,2018-01-24 17:00:00+00:00,long,1342.199,1339.451,1352.852,2.7480000000000473,3.851164483260494,time,4.884643377001372,0.8191411935953193,770,0.2380000000000564,0.01,103823.90411747686,-0.12728932972357065,363.8054968848009,3850.1535735318553
2018-02-06,1330.718,1326.361,0.9617040061803351,4.356999999999971,2018-02-07 06:57:00+00:00,2018-02-07 12:13:00+00:00,long,1330.978,1326.361,1326.3110000000001,4.616999999999962,-1.025990903183876,stop,0.2817847086852808,1.102447476716523,316,0.21000000000003638,0.01,102758.6803059012,-0.13624326181172186,224.87308667419913,-1065.2238115756625
2018-02-12,1324.209,1321.661,0.5484877838768606,2.548000000000002,2018-02-13 04:02:00+00:00,2018-02-13 17:00:00+00:00,long,1324.489,1321.661,1328.451,2.8279999999999745,1.3762376237623848,time,2.299151343705803,0.5728429985856198,778,0.2300000000000182,0.01,104172.88392595272,-0.12435591660299206,363.361670105736,1414.2036200515204
2018-02-14,1355.092,1351.169,0.8444731460553075,3.923000000000002,2018-02-15 04:29:00+00:00,2018-02-15 11:19:00+00:00,long,1355.372,1351.169,1351.1190000000001,4.2029999999999745,-1.0285510349750073,stop,0.4061384725196027,1.130858910302209,410,0.2300000000000182,0.01,103101.41265016902,-0.13336236288546932,247.8536377015307,-1071.4712757836996
2018-02-18,1351.351,1348.291,0.6514796678731469,3.060000000000173,2018-02-19 04:08:00+00:00,2018-02-19 17:00:00+00:00,short,1348.241,1351.5710000000001,1348.129,3.3300000000001546,0.01261261261263606,time,0.6846846846846447,0.3456456456456498,772,0.22000000000002728,0.01,103114.41643194474,-0.13325305723754477,309.613851802295,13.003781775721169
2018-02-19,1343.901,1340.309,0.7647434532680639,3.5920000000000982,2018-02-20 06:00:00+00:00,2018-02-20 17:00:00+00:00,short,1340.259,1344.161,1332.029,3.9020000000000437,2.0912352639671776,time,2.5499743721168464,0.8157355202460167,660,0.2599999999999909,0.01,105270.78147060354,-0.11512733952113885,264.26042140426347,2156.3650386587947
2018-02-21,1326.262,1322.3,0.8245577523412979,3.961999999999989,2018-02-22 06:53:00+00:00,2018-02-22 13:53:00+00:00,short,1322.25,1326.488,1326.538,4.238000000000056,-1.0283152430391584,stop,0.26002831524305675,1.009438414346381,420,0.22600000000011278,0.01,104188.26597827488,-0.12422661997032913,248.39731352194934,-1082.5154923286582
2018-02-22,1331.092,1328.008,0.6565893123270297,3.08400000000006,2018-02-23 04:02:00+00:00,2018-02-23 12:13:00+00:00,short,1327.958,1331.346,1331.396,3.38799999999992,-1.0354191263282047,stop,0.5782172373081778,1.0224321133412113,491,0.2539999999999054,0.01,103109.48074494612,-0.13329454505044736,307.52144621687523,-1078.78523332876
2018-02-26,1336.699,1332.872,0.823896663078582,3.826999999999998,2018-02-27 04:18:00+00:00,2018-02-27 17:00:00+00:00,short,1332.8220000000001,1336.93,1316.0819999999999,4.107999999999947,4.057935735151035,time,4.333739045764445,0.5053554040895377,762,0.23099999999999454,0.01,107293.59721042396,-0.09812419467554612,250.9967885709529,4184.116465477844
2018-02-27,1318.969,1316.229,0.6047897583048301,2.740000000000009,2018-02-28 06:55:00+00:00,2018-02-28 13:46:00+00:00,long,1319.2769999999998,1316.229,1316.179,3.0479999999997744,-1.0393700787401454,stop,0.6699475065617765,1.064960629921295,411,0.2579999999998108,0.01,106178.41966461485,-0.10749802194348523,352.0131142074538,-1115.177545809118
2018-02-28,1316.708,1314.579,0.48397363037056884,2.129000000000133,2018-03-01 04:24:00+00:00,2018-03-01 17:00:00+00:00,short,1314.529,1316.862,1311.039,2.3330000000000837,1.4659237033861494,time,4.9451350192883075,0.38662666095156933,756,0.15399999999999636,0.01,107734.91428635926,-0.09441462389396449,455.11538647497235,1556.4946217444096
2018-03-01,1318.311,1315.178,0.7532155307127842,3.132999999999811,2018-03-02 05:50:00+00:00,2018-03-02 17:00:00+00:00,long,1318.6019999999999,1315.178,1318.0720000000001,3.423999999999751,-0.1752336448597515,time,1.9886098130843142,0.8539719626168119,670,0.24099999999998545,0.01,107546.12646926874,-0.09600151415583202,314.64636181766093,-188.78781709051646
2018-03-04,1327.064,1323.851,0.772448611611968,3.2129999999999654,2018-03-05 07:54:00+00:00,2018-03-05 11:40:00+00:00,long,1327.304,1323.851,1323.8010000000002,3.4529999999999745,-1.0347523892267463,stop,0.12974225311319684,1.0095569070373962,226,0.19000000000005457,0.01,106433.29035610716,-0.10535566008667818,311.457070574195,-1112.8361131615763
2018-03-05,1323.048,1321.498,0.39315155358274095,1.5499999999999545,2018-03-06 04:54:00+00:00,2018-03-06 07:10:00+00:00,long,1323.349,1321.498,1321.448,1.8509999999998854,-1.0648298217179697,stop,0.48244192328475655,1.0145867098865724,136,0.25099999999997635,0.01,105299.95694015965,-0.11488209981638708,575.0042698871623,-1133.3334159475048
2018-03-06,1336.711,1334.162,0.6578064516128976,2.548999999999978,2018-03-07 04:35:00+00:00,2018-03-07 17:00:00+00:00,short,1334.112,1336.932,1324.5919999999999,2.8199999999999363,3.3510638297873836,time,3.968439716312157,0.47127659574467407,745,0.22100000000000364,0.01,108828.62570996303,-0.08522123401236048,373.40410262468805,3528.6687698033797
2018-03-07,1328.059,1325.502,0.6893112279282877,2.5570000000000164,2018-03-08 04:08:00+00:00,2018-03-08 09:06:00+00:00,long,1328.372,1325.502,1325.452,2.8700000000001182,-1.0418118466898778,stop,0.216027874564413,1.0944250871079955,298,0.26300000000014734,0.01,107694.83619472686,-0.09475150756742312,379.1938178047336,-1133.789515236181
2018-03-08,1318.802,1316.818,0.5831006612784438,1.9839999999999236,2018-03-09 06:32:00+00:00,2018-03-09 13:16:00+00:00,long,1319.0849999999998,1316.818,1316.768,2.2669999999998254,-1.0529333921481974,stop,0.7966475518307925,1.224525805028696,404,0.23299999999994725,0.01,106560.88130281327,-0.10428317122616393,475.0544163861277,-1133.954891913582
2018-03-11,1324.009,1321.181,0.8912700913961784,2.8279999999999745,2018-03-12 04:51:00+00:00,2018-03-12 08:27:00+00:00,long,1324.299,1321.181,1321.131,3.117999999999938,-1.0384862091083888,stop,0.0,1.1581141757536715,216,0.2400000000000091,0.01,105454.2612461792,-0.11358506696564319,341.7603633829871,-1106.6200566340756
2018-03-12,1325.292,1322.688,0.8377030722212864,2.6039999999998145,2018-03-13 03:04:00+00:00,2018-03-13 12:42:00+00:00,short,1322.6380000000001,1325.522,1325.572,2.883999999999787,-1.0416088765603202,stop,2.899791955617432,1.2565880721220748,578,0.2300000000000182,0.01,104355.8403003279,-0.12281804359128523,365.6527782461407,-1098.4209458513124
2018-03-14,1327.422,1324.961,0.7917001769342332,2.4610000000000127,2018-03-15 05:14:00+00:00,2018-03-15 07:08:00+00:00,long,1327.7109999999998,1324.961,1324.911,2.7499999999997726,-1.0436363636363506,stop,0.0658181818182845,1.105454545454541,114,0.23899999999980537,0.01,103266.74480337539,-0.1319726334636233,379.47578291031465,-1089.0954969524994
2018-03-18,1313.112,1310.141,0.9671223958332978,2.9710000000000036,2018-03-19 05:35:00+00:00,2018-03-19 12:16:00+00:00,short,1310.0910000000001,1313.3860000000002,1313.4360000000001,3.2950000000000728,-1.0364188163884527,stop,0.6552352048558597,1.0109256449164887,401,0.2740000000001146,0.01,102196.46882916136,-0.14096903242180758,313.40438483573024,-1070.2759742140272
2018-03-19,1317.392,1315.542,0.6110652353427306,1.8500000000001364,2018-03-20 04:40:00+00:00,2018-03-20 16:00:00+00:00,short,1315.492,1317.582,1311.761,2.0900000000001455,1.751674641148201,time,3.8822966507174486,0.7545454545454011,680,0.19000000000005457,0.01,103986.6184577907,-0.12592160480313042,488.97831975671886,1790.1496286293452
2018-03-26,1353.551,1350.821,0.9415416451112358,2.730000000000018,2018-03-27 03:15:00+00:00,2018-03-27 08:53:00+00:00,long,1353.8049999999998,1350.821,1350.771,2.9839999999999236,-1.040214477211782,stop,0.9996648793566525,1.1306970509382985,338,0.2039999999999509,0.01,102904.93459822978,-0.13501389481214865,348.48062485855684,-1081.683859560918
2018-03-27,1346.972,1344.382,0.9303160919539963,2.589999999999918,2018-03-28 04:16:00+00:00,2018-03-28 16:00:00+00:00,short,1344.332,1347.202,1329.1409999999998,2.869999999999891,5.268641114982868,time,5.394076655052468,0.14285714285709758,704,0.2300000000000182,0.01,108326.62629181835,-0.08944088123533245,358.5537790879223,5421.691693588565
2018-04-05,1333.289,1330.308,0.8543995414158689,2.9809999999999945,2018-04-06 03:19:00+00:00,2018-04-06 13:24:00+00:00,short,1330.1390000000001,1333.481,1333.531,3.341999999999871,-1.0359066427288925,stop,3.084979054458579,1.1017354877318766,605,0.19200000000000728,0.01,107204.4635742173,-0.09887342363258933,324.1371223573385,-1122.1627176010493
2018-04-10,1342.671,1339.721,0.8068927789934591,2.9500000000000455,2018-04-11 06:05:00+00:00,2018-04-11 16:00:00+00:00,long,1342.982,1339.721,1361.172,3.2609999999999673,5.556577736890596,time,6.804661146887543,0.15056731064090476,595,0.26099999999996726,0.01,113161.36293013525,-0.048801624908953345,328.74720507273344,5956.899355917947
2018-04-16,1349.341,1345.921,0.8588648920140307,3.4199999999998454,2018-04-17 03:06:00+00:00,2018-04-17 16:00:00+00:00,short,1345.871,1349.6039999999998,1344.661,3.73299999999972,0.30538440932229355,time,2.151620680418097,0.8652558264131424,774,0.26299999999991996,0.01,113506.9400899005,-0.04589681336969831,303.1378594431925,345.5771597652504
2018-04-17,1346.848,1343.538,0.8312405826217905,3.3099999999999454,2018-04-18 03:26:00+00:00,2018-04-18 08:04:00+00:00,short,1343.488,1347.021,1347.071,3.5329999999999018,-1.033965468440407,stop,0.2793659779224759,1.027738465892997,278,0.17300000000000182,0.01,112333.31752508758,-0.05576191085274529,321.2763659493452,-1173.6225648129116
2018-04-18,1351.358,1347.978,0.8944165123048121,3.3799999999998818,2018-04-19 03:00:00+00:00,2018-04-19 09:26:00+00:00,long,1351.6499999999999,1347.978,1345.951,3.671999999999798,-1.5710784313725923,stop,0.8202614379085884,1.8815359477124887,386,0.2419999999999618,0.01,110568.47300220565,-0.07059663181214237,305.9186207110397,-1764.8445228819394
2018-04-22,1334.838,1332.258,0.7056892778993334,2.5799999999999272,2018-04-23 05:30:00+00:00,2018-04-23 07:25:00+00:00,long,1335.138,1332.258,1332.208,2.8799999999998818,-1.0416666666666525,stop,0.09756944444450971,1.0208333333333153,115,0.25,0.01,109416.71807509936,-0.08027791689743247,383.91830903545207,-1151.7549271062933
2018-04-24,1331.638,1328.268,0.9217724288840092,3.369999999999891,2018-04-25 03:57:00+00:00,2018-04-25 16:00:00+00:00,short,1328.218,1331.9089999999999,1321.4489999999998,3.6909999999998035,1.8149552966677294,time,2.507721484692652,0.15551341099969448,723,0.27099999999995816,0.01,111402.58259524337,-0.06358537223553962,296.4419346385944,1985.8645201440127
2018-04-25,1324.619,1321.969,0.7248358862144147,2.6499999999998636,2018-04-26 06:00:00+00:00,2018-04-26 08:50:00+00:00,long,1324.9189999999999,1321.969,1321.919,2.949999999999818,-1.040677966101682,stop,0.5430508474576908,1.0162711864406795,170,0.25,0.01,110243.24046450644,-0.07333043293803754,377.6358732042381,-1159.3421307369251
2018-04-29,1324.891,1321.752,0.8786564030791132,3.1390000000001237,2018-04-30 03:07:00+00:00,2018-04-30 16:00:00+00:00,short,1321.702,1325.1440000000002,1315.512,3.4420000000002346,1.7780360255664256,time,3.298663567692989,0.23213248111560827,773,0.25300000000015643,0.01,112203.40499571718,-0.05685391419771535,320.2883220932566,1960.164531210748
2018-04-30,1315.232,1312.0,0.9355912577797157,3.231999999999971,2018-05-01 04:08:00+00:00,2018-05-01 16:00:00+00:00,short,1311.95,1315.4579999999999,1306.1989999999998,3.507999999999811,1.619441277081103,time,2.86801596351217,0.27023945267956573,712,0.2259999999998854,0.01,114020.47325050831,-0.04158021718105842,319.850071253487,1817.0682547911247
2018-05-03,1314.389,1311.281,0.9141176470588447,3.1079999999999472,2018-05-04 06:14:00+00:00,2018-05-04 12:30:00+00:00,short,1311.231,1314.6299999999999,1314.6799999999998,3.3989999999998872,-1.0353045013239066,stop,0.7149161518093982,1.3212709620477006,376,0.24099999999998545,0.01,112840.01415851497,-0.05150278033416178,335.452995735546,-1180.4590919933332
2018-05-10,1322.101,1319.381,0.7214854111405943,2.7200000000000273,2018-05-11 03:01:00+00:00,2018-05-11 08:01:00+00:00,short,1319.3310000000001,1322.309,1322.359,2.977999999999838,-1.0402955003357828,stop,0.23136333109473325,1.0167897918065671,300,0.2079999999998563,0.01,111666.14456864567,-0.061369954231155543,378.9120690346578,-1173.8695898692913
2018-05-13,1322.311,1319.718,0.762647058823515,2.592999999999847,2018-05-14 04:05:00+00:00,2018-05-14 16:00:00+00:00,short,1319.6680000000001,1322.521,1319.818,2.852999999999838,-0.07711181212754156,time,0.5292674377848945,0.8145811426568432,715,0.21000000000003638,0.01,111580.03678103583,-0.06209374886862151,391.3990345904382,-86.10778760984302
2018-05-14,1314.819,1313.179,0.48592592592590456,1.6399999999998727,2018-05-15 04:15:00+00:00,2018-05-15 16:00:00+00:00,short,1313.1290000000001,1315.039,1293.8519999999999,1.9099999999998545,10.056020942409285,time,11.015706806283662,0.3031413612565419,705,0.22000000000002728,0.01,122800.54864728477,0.0,584.1886742463054,11220.511866248946
2018-05-15,1294.609,1291.278,0.9973053892215524,3.3309999999999036,2018-05-16 03:54:00+00:00,2018-05-16 09:20:00+00:00,long,1294.848,1291.278,1291.228,3.5699999999999363,-1.0336134453781392,stop,0.5549019607843221,1.03333333333331,326,0.18900000000007822,0.01,121531.26566546831,-0.010336134453781454,343.9791278635489,-1269.282981816458
2018-05-17,1290.368,1287.759,0.778689747798837,2.6089999999999236,2018-05-18 06:10:00+00:00,2018-05-18 09:16:00+00:00,long,1290.612,1287.759,1287.709,2.8530000000000655,-1.0420609884332113,stop,0.17139852786541238,1.048019628461248,186,0.19400000000018736,0.01,120264.83575721933,-0.020649035513258696,425.97709661922727,-1266.429908248971
2018-05-20,1291.148,1288.661,0.7578851135151303,2.4869999999998527,2018-05-21 03:08:00+00:00,2018-05-21 16:00:00+00:00,short,1288.611,1291.387,1289.741,2.77599999999984,-0.4322766570605011,time,2.2802593659944237,0.6667867435158473,772,0.23900000000003274,0.01,119744.95894558872,-0.0248825411234318,433.2306763588843,-519.87681163061
2018-05-23,1295.861,1293.708,0.6561023921987083,2.15300000000002,2018-05-24 05:25:00+00:00,2018-05-24 05:45:00+00:00,long,1296.0900000000001,1293.708,1293.6580000000001,2.382000000000062,-1.0503778337531282,stop,0.0004198152811708453,1.0037783375314921,20,0.1790000000000873,0.01,118487.18443978747,-0.035124958764528036,502.7076362115265,-1257.7745058012476
2018-05-27,1299.739,1297.258,0.756056681395716,2.4809999999999945,2018-05-28 05:54:00+00:00,2018-05-28 12:19:00+00:00,short,1297.208,1299.999,1300.049,2.79099999999994,-1.0429953421712495,stop,0.5514152633464781,1.183446793264047,385,0.2599999999999909,0.01,117251.36862501063,-0.045188560502386954,424.5330864915443,-1235.8158147768406
2018-05-31,1300.521,1297.868,0.7851435335898473,2.65300000000002,2018-06-01 03:00:00+00:00,2018-06-01 16:00:00+00:00,short,1297.818,1300.792,1296.6219999999998,2.9739999999999327,0.3786146603901027,time,2.81102891728315,0.8352387357094754,780,0.27099999999995816,0.01,117695.29949613295,-0.04157350441336727,394.25477009083147,443.93087112233144
2018-06-03,1294.021,1291.958,0.6105356614382753,2.0629999999998745,2018-06-04 04:49:00+00:00,2018-06-04 07:25:00+00:00,short,1291.9080000000001,1294.235,1294.2849999999999,2.326999999999771,-1.0515685431886403,stop,0.6489041684573988,1.0025784271594698,156,0.2139999999999418,0.01,116457.65274981996,-0.051652015950541585,505.78126126405044,-1237.6467463129925
2018-06-04,1292.638,1290.768,0.5784996133023711,1.8699999999998909,2018-06-05 05:10:00+00:00,2018-06-05 06:57:00+00:00,short,1290.718,1292.8649999999998,1292.9149999999997,2.146999999999707,-1.0558919422449793,stop,0.3539823008849998,1.119236143456147,107,0.22699999999986176,0.01,115227.98577830697,-0.061665545898562546,542.4203667901064,-1229.6669715129874
2018-06-05,1298.191,1296.718,0.5032456440040812,1.4729999999999563,2018-06-06 04:19:00+00:00,2018-06-06 05:45:00+00:00,short,1296.6680000000001,1298.442,1298.492,1.7739999999998872,-1.0676437429537555,stop,0.04340473506213667,1.0264937993235785,86,0.25099999999997635,0.01,113997.76139801323,-0.07168361498575582,649.5376875891449,-1230.2243802937376
2018-06-06,1297.648,1295.508,0.7965754699422497,2.1399999999998727,2018-06-07 05:09:00+00:00,2018-06-07 13:50:00+00:00,long,1297.9389999999999,1295.508,1295.458,2.4309999999998126,-1.0493624023035637,stop,2.1225832990540847,1.2751953928425126,521,0.24099999999998545,0.01,112801.51175043476,-0.08142501810451885,468.9336133197121,-1196.2496475784762
2018-06-07,1297.501,1296.318,0.4496389205625258,1.1829999999999927,2018-06-08 03:09:00+00:00,2018-06-08 07:55:00+00:00,short,1296.268,1297.722,1297.772,1.4539999999999509,-1.0825309491058863,stop,1.9305364511692649,2.2916093535075603,286,0.22100000000000364,0.01,111580.400474677,-0.09136887657428117,775.8013187788073,-1221.1112757577694
2018-06-12,1296.039,1294.641,0.5071648830037633,1.3979999999999109,2018-06-13 05:05:00+00:00,2018-06-13 12:50:00+00:00,short,1294.5910000000001,1296.283,1296.3329999999999,1.69199999999978,-1.0709219858155852,stop,1.7192671394801915,1.5254137115840658,465,0.2439999999999145,0.01,110385.4614341326,-0.10109960704501042,659.458631647113,-1194.9390405443935
2018-06-13,1300.008,1297.488,0.9578107183580421,2.519999999999982,2018-06-14 05:07:00+00:00,2018-06-14 16:00:00+00:00,long,1300.322,1297.488,1304.309,2.8339999999998327,1.3821453775583314,time,3.157727593507621,0.36097388849681417,653,0.2639999999998963,0.01,111911.1489868409,-0.08867549681492937,389.50409821502865,1525.6875527082982
2018-06-21,1269.122,1266.688,0.8571931678111759,2.433999999999969,2018-06-22 05:58:00+00:00,2018-06-22 16:00:00+00:00,long,1269.425,1266.688,1268.448,2.7369999999998527,-0.3825356229448002,time,0.6287906466934952,0.9302155644867323,602,0.25299999999992906,0.01,111483.0489759194,-0.09216163768023689,408.88253192125296,-428.1000109214953
2018-06-27,1254.078,1252.058,0.7113928508539777,2.019999999999982,2018-06-28 04:59:00+00:00,2018-06-28 12:54:00+00:00,short,1252.008,1254.3300000000002,1254.38,2.3220000000001164,-1.0516795865632853,stop,1.4939707149008945,1.0736434108526327,475,0.2520000000001801,0.01,110310.6045073613,-0.10170918841574428,480.11648999101556,-1172.444468558094
2018-07-04,1258.139,1255.358,0.9001456546366434,2.780999999999949,2018-07-05 04:36:00+00:00,2018-07-05 15:16:00+00:00,short,1255.308,1258.3719999999998,1258.4219999999998,3.063999999999851,-1.0391644908616058,stop,1.2555483028721173,1.0421018276762857,640,0.23299999999994725,0.01,109164.29587566602,-0.11104390755440041,360.02155518070066,-1146.3086316952808
2018-07-09,1260.309,1257.688,0.8294303797468018,2.620999999999867,2018-07-10 05:39:00+00:00,2018-07-10 16:00:00+00:00,short,1257.6380000000001,1260.5279999999998,1256.222,2.8899999999996453,0.46574394463679325,time,3.5013840830454614,0.1837370242214582,621,0.21899999999982356,0.01,109672.72197341234,-0.1069036483833552,377.7311275975066,508.4260977463071
2018-07-11,1243.829,1241.258,0.7911986459455004,2.5709999999999127,2018-07-12 03:54:00+00:00,2018-07-12 16:00:00+00:00,long,1244.1209999999999,1241.258,1247.368,2.862999999999829,1.109675165909976,time,1.5392944463850562,0.6611945511700715,726,0.2419999999999618,0.01,110889.73293292879,-0.09699317996181722,383.0692349752668,1217.01095951645
2018-07-12,1248.058,1245.858,0.677027234959236,2.2000000000000455,2018-07-13 03:39:00+00:00,2018-07-13 16:00:00+00:00,short,1245.808,1248.3120000000001,1242.322,2.504000000000133,1.3642172523961353,time,3.710063897763367,0.38458466453670703,741,0.2540000000001328,0.01,112402.5098007358,-0.08467420513254265,442.85037113787104,1512.7768678070136
2018-07-17,1229.118,1226.608,0.7490301402566373,2.509999999999991,2018-07-18 04:56:00+00:00,2018-07-18 16:00:00+00:00,short,1226.558,1229.32,1226.252,2.7619999999999436,0.08544532947141377,time,1.9174511223751474,0.41781317885590874,664,0.20199999999999818,0.01,112498.55249556918,-0.08389210199138131,406.9605713277991,96.04269483337687
2018-07-24,1227.392,1224.538,0.7518440463646181,2.854000000000042,2018-07-25 03:06:00+00:00,2018-07-25 06:37:00+00:00,short,1224.488,1227.602,1227.652,3.1140000000000327,-1.0385356454720467,stop,0.3362235067437426,1.0735388567757906,211,0.21000000000003638,0.005,111914.3837114159,-0.08864915552728336,180.63351396205522,-584.1687841532843
2018-07-26,1224.532,1222.068,0.6491043203371928,2.463999999999942,2018-07-27 03:27:00+00:00,2018-07-27 08:21:00+00:00,long,1224.7549999999999,1222.068,1222.018,2.686999999999898,-1.0446594715295716,stop,0.20357275772238415,1.61034611090433,294,0.17300000000000182,0.005,111329.82160669327,-0.09340941198510788,208.251551379643,-584.5621047226272
2018-07-30,1223.298,1220.279,0.7910389099960672,3.0190000000000055,2018-07-31 04:03:00+00:00,2018-07-31 12:30:00+00:00,short,1220.229,1223.521,1223.571,3.2919999999999163,-1.0364520048602544,stop,0.7442284325638238,1.2910085054678335,507,0.22299999999995634,0.005,110752.88152266831,-0.09810760014778519,169.09146659583246,-576.9400840249584
2018-07-31,1224.691,1220.918,0.9939409905163863,3.7730000000001382,2018-08-01 04:56:00+00:00,2018-08-01 16:00:00+00:00,short,1220.868,1224.924,1219.249,4.05600000000004,0.3819033530571744,time,1.0108481262327091,0.9992603550296033,664,0.23299999999994725,0.005,110964.36600673957,-0.09638542148978346,136.5296862952012,211.484484071255
2018-08-06,1209.969,1207.759,0.5790645879732805,2.2100000000000364,2018-08-07 03:00:00+00:00,2018-08-07 16:00:00+00:00,long,1210.272,1207.759,1212.3590000000002,2.51299999999992,0.8026263430164269,time,2.3227218463987964,0.4512534818941706,780,0.25299999999992906,0.005,111409.6806232052,-0.0927590971665535,220.78067251640093,445.3146164656285
2018-08-07,1214.058,1210.829,0.8460631468623151,3.229000000000042,2018-08-08 05:14:00+00:00,2018-08-08 10:46:00+00:00,long,1214.336,1210.829,1210.779,3.507000000000062,-1.034217279726248,stop,0.41773595665808166,1.0935272312517732,332,0.22800000000006548,0.005,110833.5715390587,-0.09745051825947748,158.83900858740125,-576.1090841465069
2018-08-08,1215.539,1212.268,0.8636303630362874,3.270999999999958,2018-08-09 06:06:00+00:00,2018-08-09 07:05:00+00:00,long,1215.8229999999999,1212.268,1212.218,3.5549999999998363,-1.033755274261592,stop,0.206751054852366,1.0447257383966562,59,0.2339999999999236,0.005,110260.69759333994,-0.10211559469463416,155.8840668622557,-572.873945718757
2018-08-09,1213.349,1211.638,0.4517491749174924,1.7110000000000127,2018-08-10 03:05:00+00:00,2018-08-10 11:53:00+00:00,short,1211.588,1213.572,1213.6219999999998,1.9839999999999236,-1.0604838709677213,stop,2.857358870967786,1.2772177419355861,528,0.22299999999995634,0.005,109676.049136343,-0.106876554343733,277.87474191871013,-584.6484569969323
2018-08-19,1186.568,1182.878,0.9468822170900716,3.6900000000000546,2018-08-20 04:30:00+00:00,2018-08-20 16:00:00+00:00,long,1186.8600000000001,1182.878,1186.5520000000001,3.9820000000001983,-0.09492717227523202,time,0.7162230035157509,0.5479658463083645,690,0.24200000000018917,0.005,109623.99295028884,-0.10730046275967742,137.7147779210667,-52.05618605416222
2018-08-20,1194.679,1191.058,0.9291762894534384,3.6210000000000946,2018-08-21 04:41:00+00:00,2018-08-21 12:04:00+00:00,long,1194.983,1191.058,1191.008,3.9249999999999545,-1.0305732484076322,stop,0.3403821656051027,1.0025477707006347,443,0.2539999999999054,0.005,109059.11517769787,-0.11190042406940615,139.64839866278993,-564.8777725909727
2018-08-21,1197.762,1194.592,0.8290833006407162,3.1699999999998454,2018-08-22 06:07:00+00:00,2018-08-22 09:18:00+00:00,short,1194.5420000000001,1197.991,1198.041,3.4489999999998417,-1.034792693534346,stop,0.5143519860829794,1.0495795882864765,191,0.22900000000004184,0.005,108494.84729995186,-0.11649541883092573,158.10251547941849,-564.2678777460123
2018-08-28,1204.139,1201.648,0.6235294117647016,2.4909999999999854,2018-08-29 03:20:00+00:00,2018-08-29 06:39:00+00:00,long,1204.4289999999999,1201.648,1201.598,2.780999999999949,-1.0431499460625517,stop,0.10427903631794186,1.0395541172239848,199,0.2400000000000091,0.005,107928.96532940681,-0.1211035576118884,195.06445037747903,-565.8819705450478
2018-08-29,1207.198,1204.478,0.6808510638297933,2.7200000000000273,2018-08-30 03:08:00+00:00,2018-08-30 16:00:00+00:00,short,1204.428,1207.44,1199.392,3.0119999999999436,1.648738379814127,time,2.639442231075762,0.8512616201858894,772,0.2419999999999618,0.005,108818.69846656792,-0.11385820612965158,179.16494908600404,889.7331371611064
2018-09-03,1201.969,1199.068,0.7144440339859706,2.9010000000000673,2018-09-04 04:25:00+00:00,2018-09-04 16:00:00+00:00,short,1199.018,1202.21,1191.952,3.1920000000000073,2.1917293233082753,time,2.893483709273209,0.740601503759407,695,0.24099999999998545,0.005,110011.20412833501,-0.10414729135847833,170.45535474086412,1192.5056617670907
2018-09-05,1199.889,1196.978,0.7169067848786596,2.910999999999831,2018-09-06 05:03:00+00:00,2018-09-06 08:05:00+00:00,short,1196.928,1200.103,1200.153,3.1749999999999545,-1.0377952755905373,stop,0.298267716535474,1.056377952755862,182,0.21400000000016917,0.01,108869.51304927088,-0.11344440844500991,346.49198150657196,-1141.691079064123
2018-09-06,1203.481,1200.779,0.6654352912202849,2.701999999999998,2018-09-07 03:36:00+00:00,2018-09-07 16:00:00+00:00,short,1200.729,1203.731,1197.302,3.0019999999999527,1.1182544970020611,time,2.3640906062625224,0.580612924716844,744,0.25,0.01,110086.9512748086,-0.10353046067402305,362.6566057604017,1217.4382255377175
2018-09-09,1196.281,1193.999,0.5619997537248859,2.2819999999999254,2018-09-10 04:01:00+00:00,2018-09-10 13:00:00+00:00,short,1193.949,1196.533,1196.5829999999999,2.5839999999998327,-1.0464396284829576,stop,0.8827399380806208,1.4442724458205156,539,0.2519999999999527,0.01,108934.95779088027,-0.11291147319080874,426.03309316879154,-1151.9934839283217
2018-09-10,1196.178,1193.018,0.8292874950793971,3.160000000000082,2018-09-11 06:29:00+00:00,2018-09-11 12:06:00+00:00,long,1196.452,1193.018,1192.968,3.433999999999969,-1.034944670937669,stop,0.18928363424580572,1.1193942923704385,337,0.2239999999999327,0.01,107807.54125043536,-0.12209234862551988,317.224687801052,-1127.4165404449145
2018-09-12,1207.191,1204.042,0.8521174401299099,3.1490000000001146,2018-09-13 05:52:00+00:00,2018-09-13 08:36:00+00:00,short,1203.992,1207.325,1207.375,3.3330000000000837,-1.0360036003600215,stop,0.13831383138313866,1.0321032103210226,164,0.13400000000001455,0.005,107249.09624602829,-0.12663992606355778,161.72748462411138,-558.4450044070628
2018-09-13,1204.669,1202.018,0.7252085897962012,2.6510000000000673,2018-09-14 03:02:00+00:00,2018-09-14 12:59:00+00:00,long,1204.942,1202.018,1201.968,2.923999999999978,-1.0410396716826111,stop,1.2209302325581268,1.2325581395349072,597,0.22000000000002728,0.005,106690.84342630718,-0.13118593848671523,183.39448742481034,-558.2528197211102
2018-09-16,1195.342,1192.758,0.7610072154322141,2.58400000000006,2018-09-17 03:01:00+00:00,2018-09-17 16:00:00+00:00,long,1195.593,1192.758,1202.849,2.8350000000000364,2.5347442680775187,time,3.240211640211571,0.5626102292768983,779,0.20100000000002183,0.005,108043.01344546312,-0.12017483117448557,188.16727235680037,1352.1700191559407
2018-09-17,1199.579,1197.008,0.8123222748814983,2.5709999999999127,2018-09-18 03:14:00+00:00,2018-09-18 07:05:00+00:00,long,1199.859,1197.008,1196.958,2.8509999999998854,-1.0420904945632967,stop,0.30866362679766557,1.1508242721852266,231,0.2300000000000182,0.005,107480.06045888567,-0.1247591184010386,189.48266125125826,-562.9529865774579
2018-09-18,1199.881,1198.129,0.5553970518307578,1.75200000000018,2018-09-19 03:18:00+00:00,2018-09-19 16:00:00+00:00,long,1200.171,1198.129,1203.449,2.0420000000001437,1.5710088148872647,time,2.9373163565130387,0.22135161606266718,762,0.2400000000000091,0.005,108324.3210709133,-0.11788406270033025,263.1735074899072,844.2606120276276
2018-09-20,1209.991,1207.058,0.9679867986798742,2.9329999999999927,2018-09-21 06:46:00+00:00,2018-09-21 10:10:00+00:00,long,1210.223,1207.058,1207.008,3.1649999999999636,-1.037914691943114,stop,0.2492890995260652,1.2398104265402916,204,0.18200000000001637,0.01,107200.00702757065,-0.1270396736135353,342.2569386126842,-1124.3140433426395
2018-09-23,1198.228,1195.818,0.8247775496235984,2.410000000000082,2018-09-24 03:00:00+00:00,2018-09-24 07:16:00+00:00,short,1195.768,1198.441,1198.491,2.673000000000002,-1.0448933782266945,stop,0.42536475869807067,1.0078563411896588,256,0.21299999999996544,0.01,106079.88125268102,-0.1361611782584935,401.04753844957196,-1120.125774889637
2018-09-24,1199.418,1197.078,0.805230557467295,2.339999999999918,2018-09-25 06:19:00+00:00,2018-09-25 16:00:00+00:00,long,1199.6999999999998,1197.078,1201.1280000000002,2.6219999999998436,0.5179252479025245,time,1.3611746758201375,0.5423340961097952,581,0.2319999999999709,0.005,106354.58849665735,-0.13392415857900208,202.28810307530006,274.7072439763259
2018-09-25,1202.069,1199.868,0.783134673545627,2.201000000000022,2018-09-26 03:09:00+00:00,2018-09-26 06:58:00+00:00,long,1202.301,1199.868,1199.818,2.4329999999999927,-1.049321824907503,stop,0.05219893136053451,1.0653514180024162,229,0.18200000000001637,0.005,105796.58754221436,-0.13846811999114295,218.56676633098576,-558.0009544429951
2018-09-26,1197.608,1195.339,0.8073296566447135,2.2690000000000055,2018-09-27 03:01:00+00:00,2018-09-27 05:52:00+00:00,long,1197.9519999999998,1195.339,1195.289,2.612999999999829,-1.0459242250286882,stop,0.2131649445083353,1.034443168771498,171,0.29399999999986903,0.005,105243.3114730355,-0.14297360531082182,202.44276223157536,-553.2760691788517
2018-09-27,1185.068,1182.949,0.7563805104407959,2.1189999999999145,2018-09-28 03:46:00+00:00,2018-09-28 06:12:00+00:00,long,1185.358,1182.949,1182.8990000000001,2.408999999999878,-1.0498132004981156,stop,0.04566210045667617,1.0917393109173992,146,0.2400000000000091,0.005,104690.88238479286,-0.1474721934224219,218.43775731224747,-552.4290882426372
2018-10-03,1198.868,1196.371,0.9329348029141838,2.4969999999998436,2018-10-04 03:13:00+00:00,2018-10-04 07:01:00+00:00,short,1196.3210000000001,1199.112,1199.162,2.79099999999994,-1.0429953421712495,stop,0.04657828735224362,1.0214976710856134,228,0.24400000000014188,0.005,104144.92187131717,-0.1519181060790814,187.55084626441257,-545.9605134756853
2018-10-04,1200.109,1197.779,0.8901623686723479,2.3299999999999272,2018-10-05 05:08:00+00:00,2018-10-05 09:28:00+00:00,short,1197.729,1200.37,1200.4199999999998,2.640999999999849,-1.0454373343430372,stop,0.12154486936772374,1.0041650889815203,260,0.26099999999996726,0.005,103600.5369237846,-0.15635118845150775,197.16948479993022,-544.3849475325685
2018-10-08,1191.139,1189.128,0.7682903533906087,2.0109999999999673,2018-10-09 03:40:00+00:00,2018-10-09 07:16:00+00:00,long,1191.369,1189.128,1189.078,2.2409999999999854,-1.0535475234270215,stop,0.20928157072737794,1.0298973672467682,216,0.18000000000006366,0.005,103054.79647827579,-0.1607953090317531,231.1480074158529,-545.7404455088148
2018-10-14,1221.712,1219.199,0.9749757516973553,2.51299999999992,2018-10-15 03:49:00+00:00,2018-10-15 16:00:00+00:00,long,1221.955,1219.199,1228.1280000000002,2.755999999999858,2.2144412191583975,time,4.0939767779393,0.26269956458634613,731,0.19299999999998363,0.005,104195.84042404316,-0.15150346173679718,186.96443482997296,1141.0439457673679
2018-10-17,1223.748,1221.468,0.8458542014468694,2.2799999999999727,2018-10-18 03:48:00+00:00,2018-10-18 06:07:00+00:00,long,1224.028,1221.468,1221.4180000000001,2.5599999999999454,-1.0468749999999831,stop,0.028515625000036845,1.1484375000000457,139,0.2300000000000182,0.005,103650.44032182357,-0.15594481080426859,203.5075008282136,-545.4001022195921
2018-10-22,1224.432,1221.868,0.9512149879429234,2.564000000000078,2018-10-23 05:27:00+00:00,2018-10-23 16:00:00+00:00,long,1224.752,1221.868,1233.3220000000001,2.8840000000000146,2.94729542302362,time,5.187239944521484,0.3124133148404422,633,0.2699999999999818,0.005,105177.88266359804,-0.143506410824789,179.69909903228682,1527.4423417744674
2018-10-25,1232.482,1230.008,0.8897680273331654,2.4739999999999327,2018-10-26 03:39:00+00:00,2018-10-26 16:00:00+00:00,long,1232.6929999999998,1230.008,1239.983,2.684999999999718,2.689013035382104,time,3.979515828678322,0.5828677839850993,741,0.16099999999983083,0.01,108006.12963876108,-0.1204751865646555,391.72395777880473,2828.246975163045
2018-10-31,1217.99,1215.79,0.7811113083614524,2.2000000000000455,2018-11-01 03:44:00+00:00,2018-11-01 16:00:00+00:00,long,1218.317,1215.79,1230.525,2.5270000000000437,4.803324099722942,time,6.031262366442312,0.34982192322912514,736,0.27700000000004366,0.01,113194.0140928777,-0.07822875923787231,427.40850668286197,5187.8844541166145
2018-11-04,1234.048,1231.478,0.8592443998662483,2.5699999999999363,2018-11-05 05:44:00+00:00,2018-11-05 08:21:00+00:00,short,1231.428,1234.3120000000001,1234.362,2.8840000000000146,-1.0416088765603169,stop,0.20908460471569432,1.014909847434082,157,0.2640000000001237,0.01,112014.97519435134,-0.0878300103032309,392.489646646592,-1179.0388985263503
2018-11-05,1231.378,1228.895,0.8815906266642749,2.4829999999999472,2018-11-06 04:12:00+00:00,2018-11-06 07:57:00+00:00,short,1228.845,1231.6680000000001,1231.718,2.8230000000000928,-1.0425079702444033,stop,0.0,1.0343606092808986,225,0.290000000000191,0.01,110847.21015008293,-0.09733945514799736,396.7941027075723,-1167.765044268404
2018-11-11,1211.395,1208.868,0.8448679371447864,2.5270000000000437,2018-11-12 05:18:00+00:00,2018-11-12 17:00:00+00:00,short,1208.818,1211.702,1203.8419999999999,2.8840000000000146,1.7011095700416392,time,2.1137309292649005,0.1782246879334678,702,0.30700000000001637,0.01,112732.84265007016,-0.08198421023452984,384.35232368267117,1885.632499987228
2018-11-12,1205.115,1202.715,0.8024072216650293,2.400000000000091,2018-11-13 06:33:00+00:00,2018-11-13 17:00:00+00:00,short,1202.665,1205.402,1203.145,2.73700000000008,-0.2009499451954703,time,2.2480818414321666,0.7113628059919838,627,0.28700000000003456,0.01,112506.30606454755,-0.0838289624609494,411.8847009501895,-226.53658552261177
2018-11-13,1204.505,1201.545,0.9981453380542583,2.9600000000000364,2018-11-14 06:01:00+00:00,2018-11-14 17:00:00+00:00,short,1201.4950000000001,1204.772,1203.455,3.2769999999998163,-0.619469026548649,time,1.11687519072331,0.7537381751601887,659,0.2669999999998254,0.01,111809.36434556365,-0.08950435826871317,343.32104383446404,-696.9417189838964
2018-11-14,1210.878,1208.205,0.9295774647887001,2.673000000000002,2018-11-15 04:23:00+00:00,2018-11-15 13:03:00+00:00,long,1211.225,1208.205,1208.155,3.019999999999982,-1.0397350993377334,stop,1.7062913907284938,1.2241721854304342,520,0.29700000000002547,0.01,110646.84314011641,-0.09897110103373374,370.229683263458,-1162.5212054472345
2018-11-19,1222.868,1221.255,0.5729000177587424,1.612999999999829,2018-11-20 04:12:00+00:00,2018-11-20 06:07:00+00:00,short,1221.2050000000002,1223.175,1223.225,1.9699999999998,-1.0609137055837394,stop,0.0,1.0761421319797493,115,0.30700000000001637,0.01,109472.97561644718,-0.10853024011413714,561.6591022341506,-1173.8675236692368
2018-11-20,1221.808,1219.725,0.7398330669507966,2.0830000000000837,2018-11-21 06:08:00+00:00,2018-11-21 17:00:00+00:00,long,1222.0949999999998,1219.725,1225.358,2.369999999999891,1.347257383966369,time,3.3683544303799757,0.3658227848100314,652,0.23699999999985266,0.01,110947.85836388747,-0.09651984794824753,461.9112895208955,1474.8827474402874
2018-11-22,1228.175,1226.225,0.6842105263157999,1.9500000000000455,2018-11-23 04:26:00+00:00,2018-11-23 06:52:00+00:00,long,1228.5349999999999,1226.225,1226.175,2.3099999999999454,-1.0519480519480333,stop,0.0,1.0129870129870016,146,0.30999999999994543,0.01,109780.7445291505,-0.10602398980749306,480.2937591510393,-1167.1138347369772
2018-11-25,1224.845,1222.175,0.9368421052631759,2.6700000000000728,2018-11-26 05:10:00+00:00,2018-11-26 16:41:00+00:00,long,1225.182,1222.175,1222.125,3.007000000000062,-1.0399068839374632,stop,0.9231792484203559,1.0332557366145352,691,0.28700000000003456,0.01,108639.12700955407,-0.11532050787823434,365.08395254123127,-1141.617519596436
2018-11-26,1223.258,1220.95,0.8372936695084096,2.3079999999999927,2018-11-27 06:42:00+00:00,2018-11-27 10:26:00+00:00,short,1220.9,1223.565,1223.615,2.6649999999999636,-1.0450281425891017,stop,0.43452157598504504,1.6067542213883617,224,0.30700000000001637,0.01,107503.81755844111,-0.12456565754262117,407.6515084786325,-1135.309451112958
2018-11-27,1215.325,1213.685,0.6138873292158252,1.6400000000001,2018-11-28 05:50:00+00:00,2018-11-28 12:01:00+00:00,short,1213.635,1215.5720000000001,1215.622,1.9370000000001255,-1.061951471347417,stop,0.5369127516777987,1.0583376355187515,371,0.24700000000007094,0.01,106362.1791861246,-0.13386234542302788,555.0016394343529,-1141.6383723165081
2018-12-05,1240.748,1238.595,0.8039581777445938,2.15300000000002,2018-12-06 06:10:00+00:00,2018-12-06 14:12:00+00:00,short,1238.545,1241.048,1241.098,2.502999999999929,-1.0479424690371386,stop,1.4314822213344727,1.2013583699560206,482,0.2999999999999545,0.01,105247.56473943983,-0.14293896974566211,424.93879019627497,-1114.6144466847798
2018-12-06,1240.508,1238.065,0.9144675276061949,2.4429999999999836,2018-12-07 07:11:00+00:00,2018-12-07 08:08:00+00:00,short,1238.015,1240.775,1240.825,2.759999999999991,-1.0434782608695488,stop,0.0,1.1557971014492165,57,0.26700000000005275,0.01,104149.32928128916,-0.1518822152787508,381.3317563023195,-1098.235458150659
2018-12-10,1246.215,1244.165,0.7673591615197177,2.0499999999999545,2018-12-11 04:27:00+00:00,2018-12-11 14:29:00+00:00,long,1246.5949999999998,1244.165,1244.115,2.4299999999998363,-1.0493827160493672,stop,1.1646090534980844,1.0246913580246706,602,0.32999999999992724,0.01,103056.40422092997,-0.16078221672335635,428.59806288599253,-1092.925060359191
2018-12-11,1246.035,1243.938,0.7849522740033504,2.09699999999998,2018-12-12 05:44:00+00:00,2018-12-12 13:35:00+00:00,short,1243.8880000000001,1246.342,1246.392,2.453999999999951,-1.048899755501205,stop,0.6735941320294542,1.1397718011409348,471,0.30700000000001637,0.01,101975.4458490283,-0.16958477000026773,419.95274743656086,-1080.958371901668
2018-12-12,1245.385,1244.0,0.5417563074515844,1.384999999999991,2018-12-13 06:05:00+00:00,2018-12-13 10:35:00+00:00,long,1245.725,1244.0,1243.95,1.724999999999909,-1.0695652173912817,stop,0.546666666666686,1.1246376811593795,270,0.2899999999999636,0.01,100884.75194994741,-0.17846660246026458,591.1620049219343,-1090.6938990808883
2018-12-13,1242.948,1241.598,0.5683014102294857,1.3500000000001364,2018-12-14 04:20:00+00:00,2018-12-14 17:00:00+00:00,short,1241.548,1243.262,1240.2949999999998,1.7139999999999418,0.6901983663945137,time,4.9276546091016336,0.3348891481914169,760,0.31399999999985084,0.01,101581.05685984711,-0.17279639237105993,588.5924851222336,696.3049098996944
2018-12-16,1238.025,1236.245,0.7980273481283098,1.7800000000002,2018-12-17 07:19:00+00:00,2018-12-17 17:00:00+00:00,long,1238.312,1236.245,1242.6680000000001,2.0670000000000073,2.073536526366815,time,2.804063860667648,0.37590711175607816,581,0.23699999999985266,0.01,103687.3771777055,-0.15564402341944983,491.4419780350593,2106.320317858373
2018-12-20,1261.648,1259.855,0.754788465586151,1.7929999999998927,2018-12-21 04:06:00+00:00,2018-12-21 07:38:00+00:00,short,1259.805,1261.9579999999999,1262.0079999999998,2.1529999999997926,-1.0557361820715123,stop,0.41802136553654323,1.0032512772875348,212,0.30999999999994543,0.01,102592.7120205995,-0.16455819496969393,481.5948777413632,-1094.6651571059967
2018-12-30,1279.758,1277.365,0.8895910780669073,2.393000000000029,2018-12-31 06:43:00+00:00,2018-12-31 17:00:00+00:00,long,1280.155,1277.365,1282.048,2.7899999999999636,0.6534050179211659,time,1.3774193548387543,0.6451612903225727,617,0.34699999999998,0.005,102927.8849847815,-0.1618287856317544,183.8579068469549,335.17296418200414
2019-01-14,1293.325,1290.848,0.635943517329936,2.477000000000089,2019-01-15 05:11:00+00:00,2019-01-15 14:27:00+00:00,short,1290.798,1293.6290000000001,1293.679,2.831000000000131,-1.0423878488166545,stop,1.0688802543270672,1.0657011656658117,556,0.3040000000000873,0.005,102391.43110171883,-0.16619728307718118,181.78715115644073,-536.4538830626722
2019-01-15,1291.098,1288.295,0.7196405648266744,2.8029999999998836,2019-01-16 05:50:00+00:00,2019-01-16 12:00:00+00:00,long,1291.475,1288.295,1288.2450000000001,3.1799999999998363,-1.0377358490565913,stop,0.37201257861636905,1.0503144654088334,370,0.3269999999999982,0.005,101860.15480826652,-0.17052361792913906,160.99281619767942,-531.2762934523083
2019-01-16,1295.318,1291.885,0.8813863928112988,3.4329999999999927,2019-01-17 04:05:00+00:00,2019-01-17 17:00:00+00:00,short,1291.835,1295.635,1291.845,3.7999999999999545,-0.021052631578945227,time,0.763947368421067,0.8894736842105059,775,0.3170000000000073,0.005,101849.43268670776,-0.17061093123251492,134.02651948456284,-10.722121558763808
2019-01-17,1292.305,1290.245,0.5288831835687247,2.060000000000173,2019-01-18 07:38:00+00:00,2019-01-18 17:00:00+00:00,short,1290.195,1292.5720000000001,1282.7749999999999,2.37700000000018,3.0921329406813274,time,3.68237273874601,0.33108960875051535,562,0.26700000000005275,0.005,103424.09261570913,-0.15778802493163024,214.2394461226337,1574.659929001373
2019-01-20,1283.465,1281.495,0.505776636713745,1.9700000000000273,2019-01-21 04:41:00+00:00,2019-01-21 17:00:00+00:00,short,1281.445,1283.772,1280.695,2.326999999999998,0.29222174473571144,time,1.933820369574561,0.9540180489901285,739,0.30700000000001637,0.005,103575.20645966848,-0.15655746166767126,222.22624111669361,151.11384395935167
2019-01-21,1279.825,1277.715,0.5480519480519779,2.1100000000001273,2019-01-22 04:54:00+00:00,2019-01-22 07:17:00+00:00,short,1277.665,1280.132,1280.182,2.4670000000000982,-1.0486420753951964,stop,0.0012160518848516174,1.0202675314146545,143,0.30700000000001637,0.005,103032.13986236171,-0.1609798083370384,209.92137507025606,-543.0665973067635
2019-01-23,1284.725,1282.678,0.5962714826681627,2.046999999999798,2019-01-24 04:29:00+00:00,2019-01-24 17:00:00+00:00,short,1282.6280000000002,1285.015,1282.385,2.3869999999999436,0.07247591118565966,time,2.3347297863427836,0.6187683284457045,751,0.290000000000191,0.005,103069.47660345137,-0.1606757645725687,215.8193126568164,37.33674108966496
2019-01-24,1283.038,1280.0,0.8849402854646132,3.038000000000011,2019-01-25 06:31:00+00:00,2019-01-25 17:00:00+00:00,long,1283.388,1280.0,1298.895,3.38799999999992,4.5563754427392045,time,4.969598583235061,0.3069657615112126,629,0.2999999999999545,0.005,105417.59276391112,-0.1415543828985817,152.1096171833734,2348.116160459744
2019-01-27,1303.155,1300.915,0.6524905330614663,2.240000000000009,2019-01-28 05:01:00+00:00,2019-01-28 08:02:00+00:00,long,1303.515,1300.915,1300.865,2.6000000000001364,-1.0461538461538262,stop,0.31538461538457435,1.0192307692307507,181,0.3100000000001728,0.01,104314.76256268869,-0.150535044739027,405.4522798611754,-1102.8302012224337
2019-01-28,1304.435,1302.635,0.52432274978152,1.7999999999999545,2019-01-29 06:02:00+00:00,2019-01-29 17:00:00+00:00,long,1304.8019999999997,1302.635,1309.185,2.166999999999689,1.9903091832029922,time,3.1670512228893717,0.3401015228425155,658,0.3169999999997799,0.01,106390.94886141027,-0.13362806572637675,481.3786920290893,2076.1862987215895
2019-01-30,1319.818,1317.385,0.7519703291608689,2.4329999999999927,2019-01-31 04:21:00+00:00,2019-01-31 17:00:00+00:00,long,1320.1779999999999,1317.385,1321.278,2.7929999999998927,0.36877909058366487,time,2.1732903687792327,0.6025778732545856,759,0.30999999999994543,0.01,106783.29643508472,-0.13043306718609038,380.9199744411541,392.34757367444075
2019-02-03,1315.758,1313.445,0.7919876733436547,2.313000000000102,2019-02-04 04:19:00+00:00,2019-02-04 17:00:00+00:00,short,1313.395,1315.933,1315.042,2.538000000000011,-0.6765169424743606,time,1.8096926713948207,0.7210401891252637,761,0.17499999999995453,0.01,106060.88934296875,-0.13631583481273113,420.7379686173533,-722.4070921159681
2019-02-04,1314.685,1312.165,0.9310918159985526,2.519999999999982,2019-02-05 04:00:00+00:00,2019-02-05 08:27:00+00:00,long,1315.0819999999999,1312.165,1312.115,2.9169999999999163,-1.041138155639341,stop,0.059307507713484454,1.0366815221117498,267,0.31399999999985084,0.01,104956.64895580868,-0.1453079802007109,363.59578108663624,-1104.2403871600673
2019-02-07,1310.588,1308.245,0.9134502923977109,2.3430000000000746,2019-02-08 07:05:00+00:00,2019-02-08 10:17:00+00:00,short,1308.195,1310.888,1310.9379999999999,2.6929999999999836,-1.0445599702933364,stop,0.07166728555513732,1.0137393241737969,192,0.2999999999999545,0.01,103860.313814655,-0.1542357509088258,389.7387632967297,-1096.3351411536764
2019-02-13,1309.195,1307.048,0.8370370370370308,2.1469999999999345,2019-02-14 05:58:00+00:00,2019-02-14 08:32:00+00:00,long,1309.5549999999998,1307.048,1306.998,2.5069999999998345,-1.047865975269231,stop,0.05584363781416406,1.1926605504587073,154,0.30999999999994543,0.01,102771.99692438339,-0.16309822670604357,414.28126770906204,-1088.3168902716184
2019-02-14,1312.778,1311.328,0.5855037351100557,1.4500000000000455,2019-02-15 04:25:00+00:00,2019-02-15 17:00:00+00:00,long,1313.125,1311.328,1316.125,1.7970000000000255,1.6304952698942452,time,3.7729549248747225,0.7384529771841845,755,0.29700000000002547,0.01,104447.68947301133,-0.14945258287882446,571.9087196682356,1675.6925486279304
2019-02-18,1325.598,1324.058,0.6003898635477579,1.5399999999999636,2019-02-19 04:26:00+00:00,2019-02-19 07:52:00+00:00,short,1324.008,1325.895,1325.945,1.8869999999999436,-1.063593004769453,stop,0.49443561208268183,1.0211976682564732,206,0.29700000000002547,0.01,103336.79115413305,-0.15849894570957257,553.5118679015075,-1110.898318878269
2019-02-21,1326.325,1324.338,0.6751613999320731,1.98700000000008,2019-02-22 07:21:00+00:00,2019-02-22 09:24:00+00:00,long,1326.6319999999998,1324.338,1324.288,2.293999999999869,-1.0523103748910032,stop,0.12772449869230026,1.1800348735832757,123,0.25699999999983447,0.01,102249.36737973866,-0.1673541486086879,450.46552377567116,-1087.4237743943906
2019-02-28,1315.138,1312.195,0.935176358436553,2.9429999999999836,2019-03-01 05:55:00+00:00,2019-03-01 17:00:00+00:00,short,1312.145,1315.4149999999997,1301.682,3.2699999999997544,3.1782874617739285,time,3.300611620795322,0.12140672782873527,665,0.2769999999998163,0.01,105499.14620291206,-0.14089026991293707,312.6891968799582,3249.778823173395
2019-03-03,1296.995,1294.498,0.8427269659128831,2.4969999999998436,2019-03-04 05:54:00+00:00,2019-03-04 17:00:00+00:00,short,1294.448,1297.269,1289.7549999999999,2.8209999999999127,1.6387805742645707,time,4.042183622828916,0.19992910315486292,666,0.2740000000001146,0.01,107228.04571690036,-0.12681134654465342,373.9778312758431,1728.8995139883014
2019-03-05,1288.495,1285.918,0.8188751191610631,2.576999999999998,2019-03-06 06:15:00+00:00,2019-03-06 09:07:00+00:00,long,1288.8249999999998,1285.918,1285.868,2.9069999999999254,-1.0412796697626272,stop,0.7086343309254303,1.1093911248709982,172,0.2799999999999727,0.01,106111.5018765665,-0.1359036824717581,368.86152637393576,-1116.5438403338592
2019-03-06,1288.475,1286.315,0.6863679694946754,2.1599999999998545,2019-03-07 04:21:00+00:00,2019-03-07 12:51:00+00:00,short,1286.265,1288.772,1288.822,2.5069999999998345,-1.047865975269231,stop,2.0714000797768466,1.1088950937375972,510,0.29700000000002547,0.01,104999.59555255479,-0.14495825377669092,423.26087705055255,-1111.906324011712
2019-03-07,1287.518,1285.128,0.8066149173135767,2.3900000000001,2019-03-08 04:33:00+00:00,2019-03-08 17:00:00+00:00,long,1287.858,1285.128,1298.7350000000001,2.730000000000018,3.9586080586080983,time,4.706959706959726,0.18315018315018192,747,0.2899999999999636,0.01,109156.11800360413,-0.11111050230623154,384.61390312290877,4156.522451049344
2019-03-10,1298.305,1295.605,0.911238609517407,2.7000000000000455,2019-03-11 05:48:00+00:00,2019-03-11 07:55:00+00:00,long,1298.6550000000002,1295.605,1295.555,3.050000000000182,-1.0393442622950646,stop,0.127868852458967,1.0491803278688794,127,0.3000000000001819,0.01,108021.61015418965,-0.12034912429865507,357.88891148720535,-1134.5078494144896
2019-03-17,1300.808,1298.155,0.8180696885599971,2.65300000000002,2019-03-18 06:44:00+00:00,2019-03-18 16:00:00+00:00,long,1301.1419999999998,1298.155,1304.085,2.9869999999998527,0.9618346166723646,time,1.8500167392033278,0.2122530967525338,556,0.2839999999998781,0.01,109060.59939413951,-0.11188833767029804,361.63913677333437,1038.989239949866
2019-03-25,1322.118,1319.858,0.6462682299113369,2.259999999999991,2019-03-26 04:28:00+00:00,2019-03-26 16:00:00+00:00,short,1319.808,1322.422,1315.0049999999999,2.6140000000000327,1.8106350420811215,time,2.630451415455199,0.3611323641927881,692,0.3040000000000873,0.01,111035.28882387352,-0.0958078766993472,417.2172891895109,1974.6894297340014
2019-03-26,1318.425,1316.055,0.677723763225577,2.369999999999891,2019-03-27 03:21:00+00:00,2019-03-27 10:03:00+00:00,short,1316.005,1318.6789999999999,1318.7289999999998,2.673999999999751,-1.0448765893791943,stop,1.1181750186986865,1.0097232610321876,402,0.2539999999999054,0.01,109875.10708500328,-0.10525556851872642,415.24042192925907,-1160.1817388702273
2019-03-28,1292.595,1290.135,0.7492005481955333,2.4600000000000364,2019-03-29 03:23:00+00:00,2019-03-29 11:50:00+00:00,short,1290.085,1292.852,1292.902,2.7670000000000528,-1.0433682688832497,stop,1.138417058185772,1.1915431875677494,507,0.25700000000006185,0.01,108728.70508227687,-0.1145910480044019,397.0910989700079,-1146.4020027264157
2019-04-01,1289.175,1287.155,0.5883209552934303,2.019999999999982,2019-04-02 03:31:00+00:00,2019-04-02 06:12:00+00:00,short,1287.105,1289.485,1289.5349999999999,2.3799999999998818,-1.0504201680672103,stop,0.6470588235294287,1.079831932773136,161,0.30999999999994543,0.01,107586.59683561431,-0.12389156220603625,456.8432986650515,-1142.108246662554
2019-04-02,1293.255,1290.125,0.9720496894410537,3.130000000000109,2019-04-03 05:28:00+00:00,2019-04-03 13:01:00+00:00,long,1293.592,1290.125,1290.075,3.4670000000000982,-1.0346120565330115,stop,0.2584366887799056,1.1932506489760755,453,0.28700000000003456,0.01,106473.49293353948,-0.13295588573175554,310.3161143225015,-1113.1039020748292
2019-04-03,1292.425,1290.248,0.6698461538461253,2.1769999999999072,2019-04-04 04:00:00+00:00,2019-04-04 11:22:00+00:00,long,1292.739,1290.248,1290.198,2.4909999999999854,-1.0481734243275613,stop,0.3087113608992412,1.0012043356082523,442,0.2640000000001237,0.01,105357.46607665684,-0.1420440117147116,427.4327295605785,-1116.0268568826448
2019-04-04,1292.205,1289.695,0.7723076923076895,2.509999999999991,2019-04-05 03:07:00+00:00,2019-04-05 12:29:00+00:00,short,1289.645,1292.512,1292.562,2.866999999999962,-1.041855598186242,stop,0.8416463201953411,1.1395186606208916,562,0.30700000000001637,0.01,104259.79341823002,-0.15098267420863598,367.48331383557115,-1097.6726584268204
2019-04-10,1308.325,1306.245,0.6097024769163698,2.0800000000001546,2019-04-11 03:20:00+00:00,2019-04-11 16:00:00+00:00,short,1306.195,1308.6019999999999,1295.235,2.4069999999999254,4.524304113003894,time,5.281678437889639,0.9335272122975241,760,0.2769999999998163,0.01,108976.82354006037,-0.1125705484177415,433.15244461251865,4717.030121830344
2019-04-11,1293.955,1291.938,0.6206153846153308,2.0169999999998254,2019-04-12 03:41:00+00:00,2019-04-12 06:30:00+00:00,short,1291.8880000000001,1294.252,1294.302,2.3639999999998054,-1.0507614213197818,stop,0.21404399323186427,1.0816412859560065,169,0.29700000000002547,0.01,107831.73712012169,-0.12189531473639759,460.98487115088557,-1145.086419938689
2019-04-15,1288.325,1285.228,0.9726758793969533,3.09699999999998,2019-04-16 03:00:00+00:00,2019-04-16 16:00:00+00:00,short,1285.178,1288.5990000000002,1275.955,3.421000000000049,2.6755334697457034,time,3.4159602455422338,0.7152879275065344,780,0.2740000000001146,0.01,110716.81133777875,-0.09840132998276474,315.2053116636076,2885.0742176570575
2019-04-22,1276.428,1273.498,0.936102236421713,2.9300000000000637,2019-04-23 05:50:00+00:00,2019-04-23 16:00:00+00:00,short,1273.448,1276.7220000000002,1271.815,3.2740000000001146,0.4773976786805081,time,2.1215638362858575,0.3717165546731302,610,0.2940000000000964,0.01,111245.37082501438,-0.09409711886108807,338.1698574764046,528.5594872356334
2019-04-23,1272.035,1269.567,0.7884984025559069,2.4680000000000746,2019-04-24 03:05:00+00:00,2019-04-24 07:57:00+00:00,short,1269.517,1272.352,1272.402,2.8350000000000364,-1.0423280423280257,stop,0.1851851851852149,1.08112874779542,292,0.3170000000000073,0.01,110085.82912911345,-0.10353959862745654,392.39989708999275,-1159.541695900925
2019-04-28,1286.568,1285.0,0.4951057783391301,1.5679999999999836,2019-04-29 05:08:00+00:00,2019-04-29 16:00:00+00:00,short,1284.95,1286.855,1278.7649999999999,1.9049999999999727,3.2099737532809764,time,3.4986876640420257,0.44881889763781124,652,0.28700000000003456,0.01,113619.55535023974,-0.07476345503484061,577.8783681318374,3533.7262211262855
2019-04-29,1282.465,1280.318,0.6859424920127347,2.1469999999999345,2019-04-30 03:28:00+00:00,2019-04-30 13:10:00+00:00,long,1282.745,1280.318,1280.268,2.4269999999999072,-1.0494437577255702,stop,1.3897816234034512,1.0576843840131347,582,0.2300000000000182,0.01,112427.1820190611,-0.08447329220017319,468.1481473022006,-1192.37333117864
2019-05-02,1271.835,1270.5,0.41718750000000543,1.3350000000000364,2019-05-03 03:31:00+00:00,2019-05-03 07:11:00+00:00,long,1272.175,1270.5,1270.45,1.6749999999999545,-1.0716417910447509,stop,0.3301492537314185,1.367164179104493,220,0.2899999999999636,0.01,111222.3653520509,-0.0942844590091323,671.2070568302338,-1204.8166670102087
2019-05-06,1283.218,1281.368,0.5781250000000344,1.8500000000001364,2019-05-07 04:06:00+00:00,2019-05-07 06:40:00+00:00,long,1283.578,1281.368,1281.318,2.2100000000000364,-1.0542986425339151,stop,0.012217194570155299,1.1190045248868397,154,0.30999999999994543,0.01,110049.74946395011,-0.10383340566301769,503.2686215024845,-1172.6158881007843
2019-05-07,1287.208,1284.548,0.8399115882539161,2.660000000000082,2019-05-08 05:58:00+00:00,2019-05-08 14:04:00+00:00,long,1287.535,1284.548,1284.498,2.98700000000008,-1.0401740877134085,stop,1.2989621694006621,1.0947438901907915,486,0.27700000000004366,0.01,108905.04048643257,-0.11315509836005477,368.4290239837535,-1144.7089775175348
2019-05-09,1285.368,1283.068,0.7262393432270335,2.2999999999999545,2019-05-10 04:11:00+00:00,2019-05-10 16:00:00+00:00,long,1285.57,1283.068,1288.488,2.5019999999999527,1.1382893685052653,time,1.5059952038369706,0.9412470023981065,709,0.15200000000004366,0.01,110144.69498405598,-0.10306023712955636,435.2719443902263,1239.6544976234168
2019-05-14,1298.085,1295.658,0.7584375000000313,2.4270000000001346,2019-05-15 03:10:00+00:00,2019-05-15 08:46:00+00:00,short,1295.608,1298.369,1298.4189999999999,2.7609999999999673,-1.0434625135820195,stop,0.8533140166606383,1.048170952553437,336,0.2839999999998781,0.01,108995.3763811981,-0.1124194673245209,398.9304418111456,-1149.3186028578791
2019-05-16,1286.488,1284.755,0.591467576791778,1.7329999999999472,2019-05-17 04:39:00+00:00,2019-05-17 10:20:00+00:00,long,1286.845,1284.755,1284.7050000000002,2.089999999999918,-1.057416267942564,stop,0.9679425837320527,1.0334928229665867,341,0.30700000000001637,0.01,107842.84154003809,-0.12180488826812264,521.5089779004899,-1152.534841160016
2019-05-19,1278.645,1275.928,0.9720930232557424,2.716999999999871,2019-05-20 05:43:00+00:00,2019-05-20 15:05:00+00:00,short,1275.8780000000002,1278.922,1278.972,3.043999999999869,-1.0394218134034032,stop,0.6655716162944003,1.0854139290407365,562,0.27700000000004366,0.01,106721.89952087688,-0.13093303982370608,354.2800313404821,-1120.9420191612226
2019-05-20,1277.328,1275.555,0.6594755439836066,1.7729999999999109,2019-05-21 03:07:00+00:00,2019-05-21 16:00:00+00:00,short,1275.505,1277.605,1273.875,2.099999999999909,0.7428571428572269,time,2.749047619047804,0.636666666666689,773,0.27700000000004366,0.01,107514.69077446063,-0.12447711383382432,508.19952152800715,792.7912535837465
2019-05-21,1275.268,1273.145,0.8280031201247982,2.1230000000000473,2019-05-22 05:46:00+00:00,2019-05-22 11:42:00+00:00,short,1273.095,1275.5649999999998,1275.6149999999998,2.4699999999998,-1.0485829959514024,stop,0.16315789473686343,1.0109311740891795,356,0.2969999999997981,0.01,106387.3100088499,-0.13365769794382576,435.2821488844913,-1127.3807656107253
2019-05-22,1274.565,1273.308,0.4942009042657788,1.2570000000000618,2019-05-23 03:04:00+00:00,2019-05-23 06:02:00+00:00,short,1273.258,1274.8319999999999,1274.8819999999998,1.5739999999998417,-1.076238881829712,stop,0.15438373570518588,1.0209656925032609,178,0.2669999999998254,0.01,105242.32841320195,-0.14298161064829296,675.9041296623926,-1144.9815956479554
2019-05-23,1284.055,1282.435,0.6854241590861382,1.6200000000001182,2019-05-24 03:09:00+00:00,2019-05-24 08:07:00+00:00,long,1284.402,1282.435,1282.385,1.9670000000000982,-1.0610066090492873,stop,0.38942552109802275,1.0050838840874379,298,0.29700000000002547,0.01,104125.70035322051,-0.15207463240008234,535.0397987452806,-1116.6280599814286
2019-06-04,1327.485,1325.265,0.825739259810236,2.2199999999998,2019-06-05 06:00:00+00:00,2019-06-05 16:00:00+00:00,long,1327.792,1325.265,1328.738,2.5269999999998163,0.346656113969214,time,6.432924416304419,0.34586466165416985,600,0.25700000000006185,0.01,104486.65845970821,-0.14913524727140126,412.0526329767633,360.9581064877023
2019-06-06,1334.235,1332.088,0.7996275605214072,2.1469999999999345,2019-06-07 05:59:00+00:00,2019-06-07 07:28:00+00:00,short,1332.038,1334.5349999999999,1334.5849999999998,2.4969999999998436,-1.0480576692030283,stop,0.6191429715659376,1.008009611533925,89,0.2999999999999545,0.01,103391.57802242726,-0.15805280056691884,418.4487723656979,-1095.0804372809469
2019-06-10,1329.808,1328.035,0.6603351955307065,1.7729999999999109,2019-06-11 03:14:00+00:00,2019-06-11 16:00:00+00:00,short,1327.9850000000001,1330.105,1326.042,2.119999999999891,0.8834905660378808,time,3.7325471698116255,0.7075471698112499,766,0.29700000000002547,0.01,104305.0328603331,-0.15061427648890735,487.6961227473235,913.4548379058397
2019-07-03,1421.595,1416.288,0.7982251635707448,5.307000000000016,2019-07-04 05:39:00+00:00,2019-07-04 16:00:00+00:00,short,1416.238,1421.932,1415.925,5.69399999999996,0.042676501580629356,time,1.020899192132094,0.3155953635405757,621,0.3369999999999891,0.005,104327.28972983175,-0.1504330324330475,91.5920555499946,22.256869498658013
2019-07-07,1400.145,1395.185,0.7308627422087972,4.960000000000036,2019-07-08 05:08:00+00:00,2019-07-08 15:49:00+00:00,long,1400.475,1395.185,1395.135,5.289999999999964,-1.0226843100188951,stop,1.3294896030246082,1.0032136105860214,641,0.2799999999999727,0.01,103260.35090669681,-0.159121420513458,197.2160486386247,-1066.9388231349435
2019-07-08,1395.675,1390.668,0.7531022035045707,5.007000000000062,2019-07-09 03:26:00+00:00,2019-07-09 08:27:00+00:00,long,1396.032,1390.668,1390.618,5.364000000000033,-1.0223713646532353,stop,0.06953765846384136,1.226137211036532,301,0.30700000000001637,0.005,102732.49877734155,-0.16341987141754466,96.25312351481747,-527.8521293552578
2019-07-09,1395.395,1391.128,0.6417989020079894,4.267000000000053,2019-07-10 06:14:00+00:00,2019-07-10 09:27:00+00:00,short,1391.078,1395.719,1395.769,4.641000000000076,-1.0258564964447217,stop,0.20383538030594636,1.0954535660417963,193,0.3240000000000691,0.005,102205.55477100787,-0.16771092721605907,110.67927039144567,-526.9440063336763
2019-07-17,1428.158,1421.558,0.9675291358205519,6.599999999999909,2019-07-18 05:31:00+00:00,2019-07-18 15:53:00+00:00,short,1421.508,1428.455,1428.5049999999999,6.946999999999889,-1.0172736432992597,stop,0.9566719447243507,1.0269180941413745,622,0.29700000000002547,0.005,101685.69968567124,-0.1719442559028046,73.56092901324996,-519.8550853366261
2019-07-18,1445.228,1439.418,0.8575645756457848,5.810000000000173,2019-07-19 06:41:00+00:00,2019-07-19 16:00:00+00:00,short,1439.368,1445.528,1424.172,6.160000000000082,2.455519480519434,time,2.596753246753191,0.43733766233765003,559,0.2999999999999545,0.005,102934.15576801331,-0.1617777208498712,82.53709390070608,1248.456082342073
2019-07-21,1428.725,1422.148,0.9860569715142486,6.576999999999998,2019-07-22 05:34:00+00:00,2019-07-22 16:00:00+00:00,long,1429.032,1422.148,1426.415,6.8840000000000146,-0.3903253922138228,time,0.13407902382335848,0.7128123184195112,626,0.25700000000006185,0.005,102733.26669440157,-0.16341361804922938,74.76333219640695,-200.88907361174262
2019-07-23,1422.348,1416.458,0.883058470764604,5.889999999999873,2019-07-24 06:48:00+00:00,2019-07-24 16:00:00+00:00,long,1422.695,1416.458,1422.2050000000002,6.236999999999853,-0.08978675645339025,time,1.0822510822511078,0.3238736572069953,552,0.29700000000002547,0.005,102687.1462604198,-0.16378918993787162,82.35791782459836,-46.12043398175711
2019-07-24,1425.685,1421.698,0.6051453289822996,3.9869999999998527,2019-07-25 03:12:00+00:00,2019-07-25 07:18:00+00:00,short,1421.6480000000001,1425.992,1426.042,4.343999999999824,-1.027624309392256,stop,0.0,1.0191068139963368,246,0.30700000000001637,0.005,102159.52722162317,-0.1680857427188538,118.19422912111416,-527.6190387966274
2019-07-25,1417.765,1413.675,0.6314651844990213,4.0900000000001455,2019-07-26 06:54:00+00:00,2019-07-26 12:31:00+00:00,long,1418.1150000000002,1413.675,1413.625,4.440000000000282,-1.0270270270270152,stop,0.7056306306305432,1.1006756756756444,337,0.3000000000001819,0.005,101634.92424399863,-0.17235773485083805,115.04451263695573,-524.6029776245454
2019-07-28,1424.198,1418.848,0.8722589060080236,5.350000000000136,2019-07-29 05:32:00+00:00,2019-07-29 16:00:00+00:00,short,1418.798,1424.525,1421.1219999999998,5.727000000000089,-0.41801990570976155,time,0.6453640649554487,0.6420464466561638,628,0.3269999999999982,0.005,101422.49713675215,-0.17408758955903336,88.73312750479924,-212.42710724647532
2019-07-29,1425.855,1422.258,0.6148717948717891,3.59699999999998,2019-07-30 06:38:00+00:00,2019-07-30 16:00:00+00:00,long,1426.209,1422.258,1427.728,3.951000000000022,0.3667425968109333,time,1.1936218678815156,0.40091116173122027,562,0.3040000000000873,0.005,101608.47688662706,-0.17257310324831587,128.35041399234572,185.97974987490966
2019-07-30,1431.875,1427.605,0.7652329749103698,4.269999999999982,2019-07-31 06:25:00+00:00,2019-07-31 14:00:00+00:00,long,1432.2549999999999,1427.605,1427.555,4.649999999999864,-1.0258064516128942,stop,0.4307526881720893,1.2086021505376463,455,0.32999999999992724,0.005,101087.32373098275,-0.1768170024929454,109.25642675981726,-521.1531556443084
2019-08-11,1501.058,1495.195,0.8898838885937767,5.863000000000056,2019-08-12 06:04:00+00:00,2019-08-12 08:52:00+00:00,short,1495.145,1501.375,1501.425,6.230000000000018,-1.019261637239158,stop,1.201123595505606,1.4799357945425362,168,0.3170000000000073,0.005,100572.15157553193,-0.18101219674187774,81.12947329934387,-515.1721554508314
2019-08-19,1499.398,1495.095,0.5264574539670752,4.302999999999884,2019-08-20 03:47:00+00:00,2019-08-20 07:20:00+00:00,short,1495.045,1499.715,1499.7649999999999,4.669999999999845,-1.0256959314775072,stop,0.09271948608137195,1.0920770877944492,213,0.3170000000000073,0.005,100056.36934207712,-0.18521235903053557,107.67896314297137,-515.7822334548113
2019-08-20,1507.028,1503.105,0.5036913397958606,3.923000000000002,2019-08-21 03:08:00+00:00,2019-08-21 16:00:00+00:00,short,1503.055,1507.318,1503.065,4.26299999999992,-0.018766127140509598,time,1.4926108374384648,0.7248416608022463,772,0.2899999999999636,0.005,100046.98098933566,-0.18528881107285033,117.3544092682137,-9.388352741456028
2019-08-21,1503.598,1499.835,0.4831482313667555,3.76299999999992,2019-08-22 04:46:00+00:00,2019-08-22 13:45:00+00:00,short,1499.785,1503.875,1503.925,4.089999999999918,-1.029339853300723,stop,1.7317848410758498,1.1068459657701484,539,0.27700000000004366,0.005,99532.06926566194,-0.18948188455131398,122.30682272535167,-514.911723673715
2019-08-22,1497.565,1494.715,0.36592411889326293,2.8500000000001364,2019-08-23 03:53:00+00:00,2019-08-23 10:04:00+00:00,short,1494.665,1497.842,1497.892,3.1770000000001346,-1.0377714825306734,stop,0.29996852376453703,1.073339628580402,371,0.27700000000004366,0.005,99015.61155025607,-0.19368754748274986,156.6447423129646,-516.4577154058583
2019-08-26,1530.105,1525.538,0.5549210206561358,4.567000000000007,2019-08-27 05:41:00+00:00,2019-08-27 16:00:00+00:00,long,1530.445,1525.538,1542.238,4.906999999999925,2.389036070919156,time,2.517424088037549,0.4279600570613289,619,0.2899999999999636,0.005,100198.37088814448,-0.18405599981527487,100.89220659288524,1182.7593378884058
2019-08-28,1543.258,1537.895,0.62520401025881,5.363000000000056,2019-08-29 04:21:00+00:00,2019-08-29 09:04:00+00:00,long,1543.605,1537.895,1537.845,5.710000000000036,-1.021015761821358,stop,1.1751313485113823,1.0420315236427333,283,0.29700000000002547,0.005,99686.85030821638,-0.18822145824003578,87.73937906142193,-511.5205799280891
2019-08-29,1528.655,1522.098,0.764397295406859,6.557000000000016,2019-08-30 05:35:00+00:00,2019-08-30 08:02:00+00:00,long,1529.032,1522.098,1522.048,6.933999999999969,-1.0173060282665063,stop,0.5801845976348653,1.0336025382174716,147,0.3269999999999982,0.005,99179.79013942914,-0.1923505942607847,71.88264371806808,-507.06016878724677
2019-09-01,1529.815,1522.658,0.8845084347772546,7.157000000000153,2019-09-02 06:41:00+00:00,2019-09-02 16:00:00+00:00,short,1522.608,1530.0220000000002,1527.7649999999999,7.414000000000215,-0.7050175343943585,time,0.4121931480981861,0.9855678446182634,559,0.20700000000010732,0.005,98830.17268389989,-0.19519762922423134,66.88682906624378,-349.61745552925123
2019-09-02,1526.205,1522.448,0.5074626865671412,3.7569999999998345,2019-09-03 03:00:00+00:00,2019-09-03 05:53:00+00:00,short,1522.3980000000001,1526.469,1526.519,4.070999999999913,-1.0294767870302033,stop,0.14075165806929626,1.0677966101694536,173,0.2640000000001237,0.005,98321.45584071858,-0.199340256018534,121.38316468177598,-508.7168431813071
2019-09-05,1520.215,1514.465,0.8117456059857333,5.75,2019-09-06 03:01:00+00:00,2019-09-06 13:05:00+00:00,short,1514.415,1520.492,1520.542,6.076999999999998,-1.0197465854862522,stop,1.9121276945861272,1.2056935988152049,604,0.27700000000004366,0.005,97820.14099635053,-0.203422606218841,80.89637637051062,-501.31484436805056
2019-09-10,1492.938,1486.875,0.8491596638655486,6.063000000000102,2019-09-11 05:31:00+00:00,2019-09-11 13:12:00+00:00,long,1493.305,1486.875,1486.825,6.430000000000064,-1.018662519440117,stop,0.2586314152410567,1.017107309486765,461,0.3170000000000073,0.005,97321.91243995389,-0.20747982389323172,76.06542845750354,-498.2285563966496
2019-09-11,1494.088,1489.208,0.7134502923976402,4.879999999999882,2019-09-12 03:14:00+00:00,2019-09-12 16:00:00+00:00,long,1494.4679999999998,1489.208,1503.005,5.2599999999997635,1.6096958174906164,time,5.636882129277837,0.3916349809886004,766,0.32999999999992724,0.005,98105.20581697779,-0.20110124182945188,92.51132361212763,783.2933770239088
2019-09-12,1500.955,1495.488,0.8664025356576577,5.466999999999871,2019-09-13 06:35:00+00:00,2019-09-13 14:31:00+00:00,long,1501.302,1495.488,1495.438,5.813999999999851,-1.0206398348813137,stop,1.3133814929481236,1.063639490884095,476,0.29700000000002547,0.005,97604.5554116476,-0.20517818131258225,84.36980204418671,-500.65040533018754
2019-09-16,1500.835,1496.825,0.6789130618809712,4.009999999999991,2019-09-17 04:51:00+00:00,2019-09-17 11:29:00+00:00,short,1496.775,1501.1350000000002,1501.1850000000002,4.360000000000127,-1.0275229357798052,stop,0.7087155963302879,1.0137614678898432,398,0.3000000000001819,0.005,97103.10081503731,-0.20926166955537995,111.93182960051003,-501.45459661029406
2019-09-18,1493.188,1488.908,0.7246254126809724,4.2800000000002,2019-09-19 03:12:00+00:00,2019-09-19 16:00:00+00:00,long,1493.545,1488.908,1498.405,4.637000000000171,1.0329954712097742,time,2.3556178563725685,0.14448997196464267,768,0.30700000000001637,0.005,97604.63613194911,-0.20517752398407352,104.70465906300811,501.53531691179836
2019-09-19,1503.688,1498.35,0.9037501058156517,5.338000000000193,2019-09-20 03:09:00+00:00,2019-09-20 16:00:00+00:00,long,1504.028,1498.35,1502.185,5.678000000000111,-0.3369144064811619,time,0.48608665022894276,0.9580838323353202,771,0.2899999999999636,0.005,97440.21409168809,-0.20651645969789745,85.94983808730821,-164.422040261027
2019-09-23,1522.135,1519.348,0.47185304325743005,2.7870000000000346,2019-09-24 05:13:00+00:00,2019-09-24 06:57:00+00:00,short,1519.298,1522.455,1522.5049999999999,3.1569999999999254,-1.0380107697180732,stop,0.0,1.0307253721887812,104,0.31999999999993634,0.005,96934.49413353406,-0.21063468200003543,154.32406413001328,-505.71995815403494
2019-09-25,1510.135,1506.415,0.6298146110217548,3.7200000000000273,2019-09-26 05:06:00+00:00,2019-09-26 07:16:00+00:00,long,1510.479,1506.415,1506.365,4.064000000000078,-1.0295275590551065,stop,0.14493110236218762,1.041092519685018,130,0.2940000000000964,0.005,96435.51046786636,-0.21469804874525178,119.25995833357798,-498.98366566769425
2019-09-26,1507.308,1504.605,0.45763142300854165,2.7029999999999745,2019-09-27 06:00:00+00:00,2019-09-27 16:00:00+00:00,short,1504.555,1507.595,1494.075,3.0399999999999636,3.4243421052632046,time,5.7411184210526915,0.30592105263152874,600,0.28700000000003456,0.005,98086.6513625547,-0.20125233606011683,158.61103695372947,1651.1408946883266
2019-10-01,1481.855,1476.835,0.8499111148734341,5.019999999999982,2019-10-02 04:15:00+00:00,2019-10-02 07:22:00+00:00,short,1476.785,1482.1550000000002,1482.2050000000002,5.370000000000118,-1.022346368715075,stop,0.3817504655493737,1.145251396647994,187,0.3000000000001819,0.005,97585.25870335505,-0.20533531992885967,91.32835322397816,-501.39265919964674
2019-10-02,1502.695,1499.285,0.608005705625371,3.4099999999998545,2019-10-03 03:20:00+00:00,2019-10-03 06:15:00+00:00,short,1499.2350000000001,1502.962,1503.012,3.7269999999998618,-1.032197477864223,stop,0.37027099543873365,1.1242286020928314,175,0.26700000000005275,0.005,97081.6224138034,-0.2094365743214457,130.916633624039,-503.636289551654
2019-10-03,1509.965,1506.805,0.584914391485393,3.1599999999998545,2019-10-04 03:00:00+00:00,2019-10-04 05:10:00+00:00,long,1510.3249999999998,1506.805,1506.755,3.5199999999997544,-1.0340909090908985,stop,0.0,1.0588068181818528,130,0.30999999999994543,0.005,96579.66629791385,-0.21352414657921548,137.90003183779854,-501.95611588954654
2019-10-06,1509.235,1506.435,0.5406449121451838,2.7999999999999545,2019-10-07 03:35:00+00:00,2019-10-07 16:00:00+00:00,short,1506.385,1509.512,1498.955,3.1269999999999527,2.353693636072969,time,3.341221618164455,0.4924848097217739,745,0.27700000000004366,0.005,97716.26102761111,-0.20426853052360772,154.428631752343,1136.5947296972543
2019-10-13,1488.125,1483.705,0.8977353508683014,4.420000000000073,2019-10-14 06:09:00+00:00,2019-10-14 16:00:00+00:00,long,1488.515,1483.705,1492.265,4.810000000000173,0.7650727650727376,time,1.77817047817039,0.29937629937629995,591,0.3400000000001455,0.01,98463.86152778074,-0.19818060576753083,203.15230982870602,747.6005001696382
2019-10-14,1495.115,1491.195,0.8478425435276398,3.9200000000000728,2019-10-15 03:27:00+00:00,2019-10-15 05:53:00+00:00,long,1495.422,1491.195,1491.145,4.227000000000089,-1.0283889283179448,stop,0.0,1.0347764371894799,146,0.25700000000006185,0.01,97451.27007743473,-0.20642642764292352,232.94029223510447,-1012.5914503460095
2019-10-15,1484.895,1480.775,0.8910998161565609,4.119999999999891,2019-10-16 06:14:00+00:00,2019-10-16 07:28:00+00:00,short,1480.7250000000001,1485.145,1485.195,4.419999999999845,-1.0271493212669591,stop,0.4441176470588827,1.006108597285078,74,0.25,0.005,96950.78504785153,-0.21050202042403332,110.23899330026939,-500.485029583201
2019-10-17,1492.975,1490.8,0.44175891134354806,2.1749999999999545,2019-10-18 06:14:00+00:00,2019-10-18 13:05:00+00:00,short,1490.75,1493.282,1493.3319999999999,2.5319999999999254,-1.0473933649288933,stop,2.2306477093207255,1.0920221169037052,411,0.30700000000001637,0.005,96443.05700293269,-0.2146365951511966,191.45099732988623,-507.7280449188353
2019-10-20,1491.955,1489.055,0.6272304531198964,2.8999999999998636,2019-10-21 05:44:00+00:00,2019-10-21 07:41:00+00:00,long,1492.3049999999998,1489.055,1489.005,3.2499999999997726,-1.0369230769230655,stop,0.4716923076923804,1.2206153846154302,117,0.2999999999999545,0.005,95943.03684585595,-0.21870840234248956,148.37393385067608,-500.02015707673786
2019-10-21,1484.595,1480.768,0.8962529274004718,3.826999999999998,2019-10-22 04:42:00+00:00,2019-10-22 16:00:00+00:00,long,1484.909,1480.768,1484.115,4.141000000000076,-0.20864525476939882,time,0.9657087659984841,0.44771794252596175,678,0.2640000000001237,0.005,95842.94654902568,-0.21952346626470176,115.84525096094444,-100.09029683026718
2019-10-22,1490.555,1487.698,0.6690866510538602,2.856999999999971,2019-10-23 06:43:00+00:00,2019-10-23 16:00:00+00:00,long,1490.8919999999998,1487.698,1493.318,3.1939999999997326,0.7376330619913449,time,1.6831559173452266,0.2705072010018402,557,0.2869999999998072,0.005,96196.43117969183,-0.21664493978774402,150.035921335369,353.4846306661531
2019-10-23,1493.525,1490.908,0.6509950248756718,2.617000000000189,2019-10-24 06:39:00+00:00,2019-10-24 12:21:00+00:00,short,1490.858,1493.7920000000001,1493.842,2.9340000000001965,-1.0408997955010042,stop,0.9042263122017186,1.048738922971981,342,0.26700000000005275,0.01,95195.12272426316,-0.22479888100754009,327.8678635981097,-1001.3084554286766
2019-10-24,1502.835,1500.715,0.5273631840796338,2.1200000000001182,2019-10-25 04:28:00+00:00,2019-10-25 16:00:00+00:00,long,1503.169,1500.715,1503.865,2.4540000000001783,0.25509372453132323,time,6.022412387937622,0.29380603096982527,692,0.2840000000001055,0.01,95437.95950839264,-0.22282139160049386,387.91818551041666,242.83678412948694
2019-10-27,1506.125,1503.475,0.6592039800995281,2.650000000000091,2019-10-28 04:57:00+00:00,2019-10-28 06:00:00+00:00,short,1503.425,1506.432,1506.482,3.007000000000062,-1.0399068839374632,stop,0.0,1.0,63,0.30700000000001637,0.005,94941.72655298402,-0.22686235852511183,158.69298222213283,-496.23295540861193
2019-10-29,1489.435,1486.948,0.6873013679701266,2.4869999999998527,2019-10-30 06:31:00+00:00,2019-10-30 16:00:00+00:00,long,1489.779,1486.948,1494.578,2.8309999999999036,1.67043447545042,time,2.08018368067824,0.5241963970328415,569,0.2940000000000964,0.005,95734.69621894848,-0.22040497967217143,167.68231464674543,792.9696659644554
2019-11-03,1513.738,1510.945,0.7592768791627378,2.79300000000012,2019-11-04 05:37:00+00:00,2019-11-04 07:56:00+00:00,short,1510.895,1514.025,1514.075,3.130000000000109,-1.038338658146949,stop,0.07763578274758137,1.0118210862619188,139,0.28700000000003456,0.01,94740.6458588476,-0.22849981614522374,305.86164926180555,-994.0503601008875
2019-11-04,1507.755,1504.695,0.8318608128313674,3.060000000000173,2019-11-05 06:15:00+00:00,2019-11-05 17:00:00+00:00,short,1504.645,1508.035,1481.8419999999999,3.3900000000001,6.705899705014584,time,6.989085545722503,0.9696165191740229,645,0.2799999999999727,0.01,101093.85855002496,-0.17676378759191935,279.4709317370053,6353.212691177373
2019-11-05,1487.288,1485.305,0.6018209408193941,1.9829999999999472,2019-11-06 05:03:00+00:00,2019-11-06 09:02:00+00:00,short,1485.255,1487.525,1487.575,2.269999999999982,-1.0528634361233284,stop,0.5255506607930487,1.1629955947136097,239,0.23700000000008004,0.01,100029.47827718551,-0.18543134066529066,445.3473944935056,-1064.38027283945
2019-11-06,1491.908,1489.755,0.7224832214764361,2.1529999999997926,2019-11-07 07:02:00+00:00,2019-11-07 07:19:00+00:00,long,1492.245,1489.755,1489.7050000000002,2.4899999999997817,-1.0481927710843233,stop,0.0,1.364257028112543,17,0.28700000000003456,0.01,98980.97651693069,-0.1939695904679556,401.72481235821,-1048.501760254822
2019-11-10,1463.728,1461.345,0.822717072328701,2.383000000000038,2019-11-11 06:50:00+00:00,2019-11-11 13:07:00+00:00,long,1464.028,1461.345,1461.295,2.6829999999999927,-1.0447260529258124,stop,0.8747670518076729,1.0186358553857453,377,0.25,0.01,97946.89646781793,-0.20239040015084142,368.9190328622101,-1034.0800491127554
2019-11-11,1456.905,1454.675,0.7756521739130499,2.230000000000018,2019-11-12 05:30:00+00:00,2019-11-12 17:00:00+00:00,short,1454.625,1457.192,1453.822,2.5670000000000073,0.28554733151543,time,3.4281262173743396,0.7128944292948663,690,0.28700000000003456,0.01,98226.58121698396,-0.20011284722256129,381.5617314679301,279.68474916603503
2019-11-12,1458.968,1457.108,0.6584070796460522,1.8600000000001273,2019-11-13 04:07:00+00:00,2019-11-13 17:00:00+00:00,long,1459.235,1457.108,1462.108,2.1269999999999527,1.3178185237424118,time,3.4945933239304927,0.6911142454160003,773,0.21699999999987085,0.01,99521.02929950027,-0.18957178615422443,461.80809222842566,1294.448082516299
2019-11-21,1465.185,1463.445,0.5912334352701389,1.740000000000009,2019-11-22 04:09:00+00:00,2019-11-22 15:43:00+00:00,long,1465.4889999999998,1463.445,1463.395,2.043999999999869,-1.05870841487278,stop,3.7666340508810126,1.9833659491194324,694,0.2539999999999054,0.01,98467.39178773845,-0.19815185785071288,486.8934897236137,-1053.637511761814
2019-11-24,1462.085,1459.595,0.8460754332314043,2.490000000000009,2019-11-25 05:56:00+00:00,2019-11-25 17:00:00+00:00,short,1459.545,1462.345,1457.782,2.7999999999999545,0.6046428571429195,time,1.904642857142918,0.5142857142856609,664,0.2599999999999909,0.01,99062.76783879794,-0.19330354033407404,351.6692563847859,595.3760510594943
2019-11-26,1460.785,1458.925,0.614571286965172,1.8600000000001273,2019-11-27 04:52:00+00:00,2019-11-27 17:00:00+00:00,short,1458.875,1461.065,1455.432,2.1900000000000546,1.5401826484017807,time,2.7776255707762245,0.7488584474886115,728,0.2799999999999727,0.01,100588.51540007764,-0.18087894143702798,452.3414056566004,1525.7475612797057
2019-11-27,1458.108,1455.568,0.8392532628448429,2.5399999999999636,2019-11-28 07:12:00+00:00,2019-11-28 08:16:00+00:00,short,1455.518,1458.365,1458.415,2.84699999999998,-1.0421496311907112,stop,0.0,1.0070249385317815,64,0.25700000000006185,0.01,99540.23255781551,-0.18941540852784755,353.3140688446728,-1048.282842262121
2019-12-01,1461.625,1458.775,0.9851365364672936,2.849999999999909,2019-12-02 07:15:00+00:00,2019-12-02 15:00:00+00:00,short,1458.7250000000001,1461.862,1461.912,3.1369999999999436,-1.0382531080650164,stop,1.4609499521836677,1.7013069811921764,465,0.23700000000008004,0.01,98506.75299950886,-0.1978313282423032,317.3102727377026,-1033.4795583066648
2019-12-02,1463.848,1461.315,0.867020366250203,2.5329999999999018,2019-12-03 04:17:00+00:00,2019-12-03 08:44:00+00:00,short,1461.265,1464.095,1464.145,2.8299999999999272,-1.0424028268551087,stop,0.4286219081272876,1.0671378091873,267,0.24700000000007094,0.01,97479.9158215988,-0.20619315715285147,348.0803992915597,-1026.8371779100598
2019-12-04,1476.345,1473.688,0.909464316275884,2.6569999999999254,2019-12-05 05:18:00+00:00,2019-12-05 09:54:00+00:00,long,1476.6619999999998,1473.688,1473.6380000000001,2.9739999999997053,-1.0403496973772584,stop,0.5198386012106354,1.0144586415602301,276,0.2669999999998254,0.01,96465.7838123452,-0.21445152424017166,327.7737586469686,-1014.1320092536092
2019-12-05,1476.385,1474.915,0.5031661817559698,1.4700000000000273,2019-12-06 05:54:00+00:00,2019-12-06 11:35:00+00:00,short,1474.865,1476.47,1476.52,1.6050000000000182,-1.0747663551401578,stop,2.0267912772585,1.0155763239874538,341,0.08500000000003638,0.01,95429.00202370787,-0.22289433496095468,601.0329209491845,-1036.7817886373268
2019-12-08,1461.445,1459.015,0.8825131650626146,2.4299999999998363,2019-12-09 06:34:00+00:00,2019-12-09 17:00:00+00:00,long,1461.7649999999999,1459.015,1461.1380000000001,2.7499999999997726,-0.25345454545446655,time,1.2920000000001473,0.5090909090909016,626,0.2699999999999818,0.01,95187.13288039695,-0.22486394459198022,347.01455281351184,-241.86914331092245
2019-12-09,1461.495,1460.078,0.5146177592155289,1.4169999999999163,2019-12-10 05:04:00+00:00,2019-12-10 06:07:00+00:00,long,1461.789,1460.078,1460.028,1.7110000000000127,-1.07013442431324,stop,0.5353594389245664,1.0660432495616923,63,0.24400000000014188,0.01,94168.50260392703,-0.2331589423561653,556.3245638830873,-1018.6302764699147
2019-12-10,1464.285,1463.425,0.3123297621209926,0.8600000000001273,2019-12-11 04:00:00+00:00,2019-12-11 07:23:00+00:00,short,1463.375,1464.5620000000001,1464.612,1.1870000000001255,-1.101095197978047,stop,0.22746419545067673,1.1179443976409924,203,0.27700000000004366,0.01,93131.61774374735,-0.24160259241800564,793.3319511703207,-1036.8848601796726
2019-12-11,1475.605,1474.048,0.5654621390957193,1.5570000000000164,2019-12-12 06:17:00+00:00,2019-12-12 12:23:00+00:00,short,1473.998,1475.9019999999998,1475.9519999999998,1.903999999999769,-1.0630252100840174,stop,0.9380252100841779,1.1118697478992745,366,0.2969999999997981,0.01,92141.60516857223,-0.2496645480532259,489.1366478138585,-990.0125751751144
2019-12-15,1475.338,1473.108,0.8581874158168428,2.230000000000018,2019-12-16 05:39:00+00:00,2019-12-16 17:00:00+00:00,long,1475.645,1473.108,1474.595,2.5370000000000346,-0.44146629877806043,time,1.6566811194323678,0.6878202601497309,681,0.25700000000006185,0.01,91734.83103459985,-0.252977026201355,363.1911910467914,-406.77413397238985
2019-12-16,1476.588,1474.328,0.8909915237532233,2.259999999999991,2019-12-17 04:12:00+00:00,2019-12-17 15:40:00+00:00,long,1476.918,1474.328,1474.278,2.589999999999918,-1.0463320463320303,stop,1.378378378378485,1.0745173745173706,688,0.2799999999999727,0.01,90774.98009983629,-0.2607933669696727,354.188536813138,-959.8509347635589
2019-12-17,1476.625,1475.315,0.5216006370694679,1.3099999999999454,2019-12-18 04:05:00+00:00,2019-12-18 11:36:00+00:00,long,1476.932,1475.315,1475.265,1.6169999999999618,-1.0742115027829051,stop,1.432282003710628,1.4495980210266581,451,0.25700000000006185,0.01,89799.86482195495,-0.2687340096510187,561.3789740249749,-975.1152778813346
2019-12-19,1479.378,1477.868,0.6138211382113977,1.509999999999991,2019-12-20 06:01:00+00:00,2019-12-20 08:02:00+00:00,long,1479.7079999999999,1477.868,1477.818,1.8399999999999181,-1.0652173913043261,stop,0.0,1.2027173913043825,121,0.2799999999999727,0.005,89321.58293322934,-0.27262879590396427,244.02137179880148,-478.2818887256199
2019-12-29,1515.738,1513.208,0.9988156336360327,2.5299999999999727,2019-12-30 06:48:00+00:00,2019-12-30 16:40:00+00:00,short,1513.1580000000001,1515.9950000000001,1516.045,2.836999999999989,-1.0422982023263851,stop,0.7599577017977387,1.0422982023263627,592,0.25700000000006185,0.005,88856.08430662808,-0.27641948439623065,157.4225994593403,-465.49862660126036
2020-01-12,1558.685,1554.235,0.884955752212397,4.4500000000000455,2020-01-13 06:22:00+00:00,2020-01-13 17:00:00+00:00,short,1554.185,1558.972,1550.875,4.787000000000035,0.6768330896176984,time,1.5631919782744712,0.4449550866931468,638,0.28700000000003456,0.005,89156.78799699101,-0.2739707682164142,92.80978097621416,300.7036903629288
2020-01-15,1557.468,1555.325,0.38984900855012655,2.143000000000029,2020-01-16 05:20:00+00:00,2020-01-16 17:00:00+00:00,short,1555.275,1557.7250000000001,1551.1019999999999,2.4500000000000455,1.6746938775510827,time,2.882857142857131,0.9906122448979029,700,0.25700000000006185,0.005,89903.33963199441,-0.26789138466945883,181.9526285652844,746.5516350034035
2020-01-16,1554.625,1549.295,0.9696197926141474,5.329999999999927,2020-01-17 04:02:00+00:00,2020-01-17 17:00:00+00:00,long,1554.9650000000001,1549.295,1557.838,5.670000000000073,0.4943562610228896,time,1.0093474426807554,0.16931216931217355,778,0.290000000000191,0.005,90125.56102616413,-0.26608177228077157,79.27984094532033,222.22139416971862
2020-01-19,1558.835,1556.565,0.4128398654178438,2.269999999999982,2020-01-20 04:00:00+00:00,2020-01-20 17:00:00+00:00,long,1559.172,1556.565,1560.845,2.606999999999971,0.6148830072880781,time,1.3551975450709401,0.37360951284999755,780,0.27700000000004366,0.005,90402.64440615059,-0.2638254030459539,172.85301309199298,277.08337998646505
2020-01-23,1562.665,1559.508,0.5061728395061729,3.1569999999999254,2020-01-24 04:41:00+00:00,2020-01-24 10:03:00+00:00,short,1559.458,1562.805,1562.855,3.34699999999998,-1.0358530026889619,stop,0.4998506124887995,1.0746937556020322,322,0.14000000000010004,0.005,89934.42515285492,-0.26763824637974487,135.05026054100856,-468.21925329566784
2020-01-26,1583.035,1577.415,0.901074234407608,5.620000000000118,2020-01-27 07:31:00+00:00,2020-01-27 09:48:00+00:00,short,1577.365,1583.342,1583.392,5.977000000000089,-1.020076961686457,stop,0.21465618203109965,1.003848084323224,137,0.30700000000001637,0.005,89475.72497705021,-0.27137357314218646,75.23375033700316,-458.7001758047116
2020-01-27,1582.935,1579.495,0.5515472182139066,3.4400000000000546,2020-01-28 04:18:00+00:00,2020-01-28 17:00:00+00:00,short,1579.445,1583.212,1568.635,3.7670000000000528,2.8510751260949814,time,3.137775418104532,0.8070082293602127,762,0.27700000000004366,0.005,90751.23504640712,-0.2609867297330376,118.76257629021629,1275.5100693569166
2020-01-29,1580.555,1577.638,0.5048022843298775,2.9170000000001437,2020-01-30 04:02:00+00:00,2020-01-30 06:08:00+00:00,long,1580.932,1577.638,1577.588,3.2940000000000964,-1.0364298724954313,stop,0.0,1.0494839101396498,126,0.3269999999999982,0.005,90280.94859156737,-0.26481640688041364,137.75233006436622,-470.2864548397533
2020-01-30,1574.655,1570.905,0.6489573418707395,3.75,2020-01-31 07:28:00+00:00,2020-01-31 17:00:00+00:00,long,1574.985,1570.905,1582.605,4.079999999999927,1.8504901960784932,time,3.451715686274592,0.14387254901960772,572,0.2799999999999727,0.005,91116.26864287419,-0.2580141567234858,110.63841739162865,835.3200513068093
2020-02-03,1578.975,1573.768,0.9226543811464276,5.20699999999988,2020-02-04 05:37:00+00:00,2020-02-04 17:00:00+00:00,short,1573.718,1579.245,1552.435,5.526999999999816,3.8380676678127075,time,4.028586936855585,0.21060249683373006,683,0.2699999999999818,0.005,92864.82066632395,-0.24377519734821418,82.4283233606633,1748.5520234497612
2020-02-04,1557.495,1552.798,0.8578995433789716,4.696999999999889,2020-02-05 04:11:00+00:00,2020-02-05 08:38:00+00:00,long,1557.8319999999999,1552.798,1552.748,5.033999999999878,-1.0238379022645923,stop,0.9010727056019404,1.027810885975388,267,0.28700000000003456,0.01,91914.03543447208,-0.2515177135040888,184.4752099052964,-950.7852318518667
2020-02-05,1558.065,1553.875,0.7863376184667512,4.190000000000055,2020-02-06 04:03:00+00:00,2020-02-06 06:58:00+00:00,short,1553.825,1558.345,1558.395,4.519999999999982,-1.0265486725663617,stop,0.25000000000002515,1.0066371681415869,175,0.2799999999999727,0.01,90970.49312381733,-0.25920124848050696,203.34963591697448,-943.5423106547486
2020-02-06,1568.958,1565.898,0.5808104773655175,3.060000000000173,2020-02-07 04:29:00+00:00,2020-02-07 10:10:00+00:00,short,1565.848,1569.175,1569.225,3.326999999999998,-1.0360685302073804,stop,0.8545235948301318,1.0291553952509709,341,0.21699999999987085,0.01,90027.97647278699,-0.26687643121716953,273.43099826816166,-942.5166510303403
2020-02-10,1571.895,1566.838,0.959855746417407,5.057000000000016,2020-02-11 06:58:00+00:00,2020-02-11 13:26:00+00:00,short,1566.788,1572.212,1572.262,5.423999999999978,-1.0221238938053014,stop,0.1462020648967779,1.0,388,0.3170000000000073,0.01,89107.77901414922,-0.2743698623848171,165.98078258257257,-920.1974586377711
2020-02-11,1568.275,1565.665,0.5085736554949637,2.6100000000001273,2020-02-12 04:07:00+00:00,2020-02-12 05:35:00+00:00,long,1568.592,1565.665,1565.615,2.9270000000001346,-1.0409976084728216,stop,0.0,1.0785787495729442,88,0.26700000000005275,0.01,88180.16916564868,-0.28192365476374914,304.4338196588491,-927.6098485005402
2020-02-16,1583.558,1581.375,0.43725588382573155,2.1829999999999927,2020-02-17 07:39:00+00:00,2020-02-17 17:00:00+00:00,short,1581.325,1583.848,1581.955,2.522999999999911,-0.2774474831549372,time,0.8957590170432306,0.5814506539833225,561,0.2899999999999636,0.01,87935.51550565682,-0.2839159395107381,349.5052285598565,-244.65365999185826
2020-02-17,1587.028,1585.245,0.3571357035553543,1.7830000000001291,2020-02-18 04:14:00+00:00,2020-02-18 06:18:00+00:00,long,1587.3719999999998,1585.245,1585.195,2.1269999999999527,-1.0564174894217004,stop,0.0,1.0079924776679952,124,0.29399999999986903,0.01,87006.54934044192,-0.29148077676470774,413.4250846528386,-928.9661652148899
2020-02-18,1604.738,1600.135,0.9564675324675461,4.6030000000000655,2020-02-19 06:24:00+00:00,2020-02-19 17:00:00+00:00,long,1604.9879999999998,1600.135,1607.175,4.852999999999838,0.43622501545439857,time,1.2816814341645295,0.5542963115598427,636,0.1999999999998181,0.01,87386.0936737486,-0.2883900386736522,179.28404974334399,379.5443333066817
2020-03-04,1640.768,1636.698,0.6772046589018207,4.069999999999936,2020-03-05 06:51:00+00:00,2020-03-05 17:00:00+00:00,long,1641.135,1636.698,1661.948,4.436999999999898,4.675005634437813,time,5.089700247915394,0.9143565472166124,609,0.3170000000000073,0.01,91471.39847671146,-0.25512223288642466,196.94859967038678,4085.3048029628526
2020-03-26,1627.278,1619.748,0.48269230769230875,7.529999999999973,2020-03-27 05:34:00+00:00,2020-03-27 07:19:00+00:00,long,1629.0819999999999,1619.748,1619.698,9.333999999999833,-1.0128562245553843,stop,0.0,1.1660595671737715,105,1.7539999999999054,0.01,90544.92472355223,-0.2626667737159637,97.99806993434017,-926.473753159231
2020-03-29,1628.798,1615.0,0.8844871794871848,13.798000000000002,2020-03-30 03:22:00+00:00,2020-03-30 16:00:00+00:00,short,1614.95,1629.92,1621.152,14.970000000000027,-0.4189712758851027,time,0.10607882431529476,0.9186372745490934,758,1.122000000000071,0.01,90165.56749718876,-0.2657559881416507,60.48425165233939,-379.3572263634726
2020-03-30,1618.848,1611.388,0.5406580663864354,7.460000000000036,2020-03-31 06:58:00+00:00,2020-03-31 08:44:00+00:00,long,1620.642,1611.388,1611.338,9.254000000000133,-1.0129673654635782,stop,0.0,1.8439593689215295,106,1.7440000000001419,0.01,89252.21972355721,-0.2731936403646462,97.43415549728492,-913.3477736315574
2020-03-31,1583.445,1576.348,0.5143499057834453,7.09699999999998,2020-04-01 03:04:00+00:00,2020-04-01 13:24:00+00:00,long,1584.9889999999998,1576.348,1576.298,8.640999999999849,-1.0138872815646287,stop,1.7357944682329027,1.1612081934961294,620,1.4939999999999145,0.01,88347.30281926594,-0.28056263760659206,103.28922546413467,-904.9169042912636
2020-04-01,1592.988,1582.868,0.7334396289317378,10.120000000000118,2020-04-02 04:48:00+00:00,2020-04-02 06:22:00+00:00,short,1582.818,1593.145,1593.195,10.326999999999998,-1.011620025176717,stop,0.0,1.0442529292146903,94,0.15699999999992542,0.01,87453.56381224273,-0.28784061003316685,85.54982358794031,-893.7390070232084
2020-04-02,1613.995,1608.318,0.41143644006377056,5.676999999999907,2020-04-03 03:09:00+00:00,2020-04-03 06:38:00+00:00,long,1615.5919999999999,1608.318,1608.268,7.273999999999887,-1.016497113005218,stop,0.0,1.0437173494638423,209,1.5470000000000255,0.01,86564.60086087111,-0.29507968967217535,120.22761041001388,-888.9629513716235
2020-04-05,1621.968,1615.198,0.4906508189592681,6.769999999999982,2020-04-06 06:07:00+00:00,2020-04-06 16:00:00+00:00,long,1622.385,1615.198,1646.055,7.186999999999898,3.2837066926395444,time,4.016279393349161,0.2792542089884639,593,0.3669999999999618,0.01,89407.12845279624,-0.27193217426416516,120.44608440360697,2842.5275919251335
2020-04-07,1650.428,1640.398,0.6823593441730886,10.0300000000002,2020-04-08 04:25:00+00:00,2020-04-08 16:00:00+00:00,long,1651.3220000000001,1640.398,1647.575,10.924000000000206,-0.34941413401684357,time,0.45459538630536445,0.85335042109117,695,0.8440000000000509,0.01,89094.72730916357,-0.27447614615251525,81.84468001903566,-312.40114363266497
2020-04-08,1648.848,1645.695,0.2145043880536111,3.15300000000002,2020-04-09 03:17:00+00:00,2020-04-09 16:00:00+00:00,long,1650.182,1645.695,1683.585,4.48700000000008,7.4287942946287995,time,7.754847336750485,0.8350791174504132,763,1.2840000000001055,0.01,95713.3913283218,-0.22057847149172238,198.56190619380877,6618.664019158231
2020-04-13,1725.548,1713.828,0.9742310889443104,11.720000000000027,2020-04-14 04:46:00+00:00,2020-04-14 08:03:00+00:00,short,1713.778,1727.0349999999999,1727.0849999999998,13.256999999999834,-1.0090518216791096,stop,0.30293429886098866,1.0103341630836669,197,1.4869999999998527,0.01,94747.59360953252,-0.2284432386236943,72.19837921726106,-965.797718789286
2020-04-14,1730.998,1719.645,0.9686860068259419,11.353000000000065,2020-04-15 06:19:00+00:00,2020-04-15 16:00:00+00:00,short,1719.595,1732.625,1714.152,13.029999999999973,0.4123561013046811,time,0.832156561780514,0.5715272448196397,581,1.6269999999999527,0.01,95138.29109262078,-0.2252616772431303,72.71496055988696,390.69748308827144
2020-04-15,1719.498,1711.888,0.670307407733646,7.610000000000127,2020-04-16 06:15:00+00:00,2020-04-16 16:00:00+00:00,long,1720.952,1711.888,1722.248,9.064000000000078,0.13526037069726815,time,1.952338923212683,0.40898058252428016,585,1.4039999999999964,0.01,95266.9754978277,-0.22421376331583565,104.96281011983667,128.6844052069249
2020-04-19,1681.058,1671.598,0.9347826086956449,9.460000000000036,2020-04-20 03:16:00+00:00,2020-04-20 16:00:00+00:00,long,1682.512,1671.598,1698.688,10.913999999999987,1.4757192596664996,time,1.5352757925600242,0.8588968297599445,764,1.4039999999999964,0.01,96672.84860335091,-0.2127653364072455,87.28878092159411,1405.8731055232086
2020-04-20,1692.208,1686.678,0.5513459621136453,5.529999999999973,2020-04-21 04:52:00+00:00,2020-04-21 05:39:00+00:00,short,1686.6280000000002,1693.382,1693.432,6.753999999999905,-1.0177672490376009,stop,0.0,1.0059224163458638,47,1.1739999999999782,0.01,95688.9440115543,-0.22077755298636392,143.13421469255593,-983.9045917966093
2020-04-21,1691.701,1683.3,0.8880549682875302,8.401000000000067,2020-04-22 03:21:00+00:00,2020-04-22 07:21:00+00:00,short,1683.25,1692.605,1692.655,9.355000000000018,-1.0128273650454254,stop,0.2435061464457526,1.03923035809727,240,0.9039999999999964,0.01,94719.78020128228,-0.22866973116429457,102.2864179706618,-969.1638102720178
2020-04-23,1728.988,1721.228,0.8689323106208998,7.759999999999991,2020-04-24 05:09:00+00:00,2020-04-24 06:32:00+00:00,short,1721.178,1730.282,1730.3319999999999,9.103999999999814,-1.013181019332157,stop,0.0,1.1164323374341163,83,1.293999999999869,0.01,93760.09736672975,-0.23648470304450164,104.04193783093608,-959.6828345525305
2020-04-26,1727.225,1720.775,0.7222439952969912,6.449999999999818,2020-04-27 04:27:00+00:00,2020-04-27 16:00:00+00:00,short,1720.7250000000001,1727.749,1711.8519999999999,7.023999999999887,1.2532744874715853,time,2.0021355353075636,0.5064066059225294,693,0.5240000000001146,0.01,94935.1687464555,-0.22691576061981544,133.48533224192948,1175.0713797257417
2020-04-28,1712.138,1704.775,0.8244779127708176,7.362999999999829,2020-04-29 05:21:00+00:00,2020-04-29 07:59:00+00:00,long,1712.6519999999998,1704.775,1704.7250000000001,7.876999999999725,-1.0152342262282543,stop,0.06169861622446625,1.0503998984385141,158,0.4639999999999418,0.01,93971.35442061393,-0.23476437641557946,120.52198647512861,-963.8143258415649
2020-04-29,1714.538,1708.798,0.6427411679077292,5.740000000000009,2020-04-30 05:47:00+00:00,2020-04-30 12:37:00+00:00,long,1715.405,1708.798,1708.748,6.606999999999971,-1.0181625548660445,stop,0.9373391857121252,1.0257302860602502,410,0.8170000000000073,0.01,93014.57327760279,-0.2425557189914117,142.2299900417956,-956.7811430111484
2020-05-03,1700.038,1695.145,0.5732528850096642,4.893000000000029,2020-05-04 03:59:00+00:00,2020-05-04 16:00:00+00:00,long,1700.792,1695.145,1707.7350000000001,5.6469999999999345,1.2171064281920119,time,2.2022312732424814,0.7887373826810701,721,0.7039999999999509,0.01,94146.65962811986,-0.2333368159572834,164.71502262724255,1132.0863505170728
2020-05-04,1703.565,1696.488,0.8291254173744877,7.076999999999998,2020-05-05 05:59:00+00:00,2020-05-05 07:07:00+00:00,long,1704.232,1696.488,1696.438,7.7439999999999145,-1.0154958677685895,stop,0.0,1.8651859504132386,68,0.6169999999999618,0.01,93190.60418995415,-0.24112224891094025,121.57368237102389,-956.055438165716
2020-05-05,1707.538,1701.0,0.7782406856326578,6.538000000000011,2020-05-06 03:21:00+00:00,2020-05-06 07:45:00+00:00,short,1700.95,1707.702,1707.752,6.751999999999953,-1.0177725118483347,stop,0.0,1.0311018957346028,264,0.16399999999998727,0.01,92242.1358368834,-0.24884589806005752,138.01925976000416,-948.4683530707358
2020-05-06,1693.788,1689.268,0.5824742268041221,4.519999999999982,2020-05-07 05:48:00+00:00,2020-05-07 09:14:00+00:00,short,1689.218,1694.4350000000002,1694.4850000000001,5.217000000000098,-1.0230017251293757,stop,0.8527889591719351,1.2946137626988266,206,0.6470000000001619,0.01,91298.4971959759,-0.25653021748128324,176.81068782227652,-943.6386409074993
2020-05-11,1700.478,1693.605,0.8505661778355328,6.873000000000047,2020-05-12 03:15:00+00:00,2020-05-12 16:00:00+00:00,long,1701.262,1693.605,1706.318,7.656999999999925,0.6511688650907782,time,1.2323364241870498,0.38317879064907895,765,0.7339999999999236,0.01,91893.00458401187,-0.2516889737361633,119.23533654953218,594.5073880359722
2020-05-12,1706.558,1701.145,0.7043591411841209,5.413000000000011,2020-05-13 03:01:00+00:00,2020-05-13 11:08:00+00:00,short,1701.095,1707.272,1707.322,6.176999999999907,-1.0194269062651702,stop,0.23522745669418751,1.009227780475962,487,0.7139999999999418,0.01,90956.22257030697,-0.2593174576804459,148.7663988732609,-936.7820137049033
2020-05-13,1719.268,1711.918,0.9817671809256873,7.350000000000136,2020-05-14 04:24:00+00:00,2020-05-14 12:51:00+00:00,short,1711.868,1719.932,1719.982,8.064000000000078,-1.0148809523809466,stop,0.04414682539682429,1.026041666666671,507,0.6639999999999873,0.01,90033.1251924357,-0.2668345037200579,112.7929347350026,-923.0973778712649
2020-05-14,1734.345,1728.428,0.8043227078094107,5.916999999999916,2020-05-15 05:54:00+00:00,2020-05-15 16:00:00+00:00,long,1735.112,1728.428,1748.508,6.683999999999969,1.9937163375224445,time,2.0905146618791175,0.7695990424895316,606,0.7170000000000982,0.01,91828.13031857934,-0.25221726343964723,134.69946916881526,1795.0051261436265
2020-05-18,1740.115,1733.898,0.8618562417689111,6.217000000000098,2020-05-19 06:17:00+00:00,2020-05-19 13:29:00+00:00,short,1733.848,1740.542,1740.5919999999999,6.69399999999996,-1.017926501344481,stop,1.0282342396175799,1.0094114132058714,432,0.42699999999990723,0.01,90893.38744437737,-0.259829142087574,137.17975846815042,-934.7428742019652
2020-05-21,1730.295,1724.745,0.7956989247312063,5.550000000000182,2020-05-22 03:15:00+00:00,2020-05-22 06:00:00+00:00,short,1724.695,1731.0720000000001,1731.122,6.37700000000018,-1.0188176258428652,stop,0.00940881292142759,1.0344989807119012,165,0.7770000000000437,0.01,89967.34959236841,-0.2673701332493381,142.53314637662663,-926.0378520089624
2020-05-24,1731.198,1725.878,0.7755102040816422,5.320000000000164,2020-05-25 05:34:00+00:00,2020-05-25 14:54:00+00:00,short,1725.828,1731.7450000000001,1731.795,5.917000000000144,-1.0202805475747765,stop,0.6804123711340154,1.3239817475071607,560,0.5470000000000255,0.005,89508.38990883864,-0.2711075732574282,76.02446306605223,-458.9596835297649
2020-05-26,1715.895,1709.548,0.9252186588921082,6.34699999999998,2020-05-27 03:40:00+00:00,2020-05-27 16:00:00+00:00,short,1709.498,1716.172,1701.522,6.673999999999978,1.1845969433623222,time,2.305364099490563,0.2628109080011854,740,0.27700000000004366,0.005,90038.5467342951,-0.2667903545536322,67.05752914956467,530.1568254564659
2020-05-27,1715.028,1708.925,0.9119163242435512,6.1030000000000655,2020-05-28 04:14:00+00:00,2020-05-28 16:00:00+00:00,long,1715.235,1708.925,1723.428,6.309999999999945,1.2873217115689828,time,1.9323296354992578,0.11362916006337195,706,0.15699999999992542,0.005,90618.08961474098,-0.2620709710750577,71.34591658819008,579.5428804458832
2020-06-01,1742.388,1736.365,0.8779883381923905,6.022999999999911,2020-06-02 04:41:00+00:00,2020-06-02 13:03:00+00:00,short,1736.315,1743.105,1743.155,6.789999999999964,-1.0176730486008772,stop,0.19337260677468468,1.004418262150217,502,0.7170000000000982,0.005,90156.99167715787,-0.2658258234976434,66.72907924502317,-461.09793758310474
2020-06-04,1715.988,1710.235,0.8089713843774284,5.753000000000156,2020-06-05 03:08:00+00:00,2020-06-05 16:00:00+00:00,short,1710.185,1716.4850000000001,1678.27,6.300000000000182,5.054761904761753,time,6.22698412698395,0.566190476190461,772,0.49700000000007094,0.005,92435.60231204597,-0.24727044520342367,71.55316799774228,2278.6106348881
2020-06-09,1718.535,1712.898,0.7941114319926794,5.637000000000171,2020-06-10 05:52:00+00:00,2020-06-10 16:00:00+00:00,long,1719.072,1712.898,1717.7150000000001,6.173999999999978,-0.23113054745703734,time,1.3140589569161136,0.9319727891156342,608,0.48699999999985266,0.01,92221.95539837693,-0.24901023314429593,149.71752885009118,-213.64691366904174
2020-06-10,1737.235,1730.638,0.9293512713953399,6.59699999999998,2020-06-11 04:28:00+00:00,2020-06-11 13:25:00+00:00,short,1730.588,1737.5919999999999,1737.6419999999998,7.003999999999905,-1.0171330668189544,stop,1.2315819531696306,1.0475442604226282,537,0.3569999999999709,0.01,91283.935395153,-0.25664879839141197,131.67041033463474,-938.0200032239196
2020-06-16,1728.688,1722.538,0.8382743815170844,6.150000000000091,2020-06-17 05:54:00+00:00,2020-06-17 07:46:00+00:00,long,1728.9450000000002,1722.538,1722.488,6.407000000000153,-1.0187295145934059,stop,0.0655533010769214,1.1061339160293504,112,0.20700000000010732,0.01,90353.99900320021,-0.26422153647928337,142.47531667730735,-929.9363919528004
2020-06-18,1726.308,1722.175,0.5981186685962456,4.133000000000038,2020-06-19 03:21:00+00:00,2020-06-19 16:00:00+00:00,long,1726.995,1722.175,1742.015,4.819999999999936,3.101659751037429,time,3.770331950207519,0.3831950207468889,759,0.6369999999999436,0.01,93156.47262373523,-0.24140019201945961,187.45642946722285,2802.473620535021
2020-06-23,1773.498,1767.6,0.8039255775915133,5.898000000000138,2020-06-24 03:00:00+00:00,2020-06-24 08:49:00+00:00,short,1767.55,1774.0449999999998,1774.0949999999998,6.494999999999891,-1.0184757505773605,stop,0.24865280985373922,1.0646651270207974,349,0.5469999999997981,0.01,92207.69653996924,-0.2491263471076679,143.42797940529144,-948.7760837659807
2020-06-25,1766.198,1760.658,0.7289473684210755,5.540000000000191,2020-06-26 03:25:00+00:00,2020-06-26 08:50:00+00:00,short,1760.608,1766.762,1766.812,6.153999999999996,-1.01949951251218,stop,0.37309067273318985,1.0796230094247659,325,0.5639999999998508,0.01,91267.63952324554,-0.2567815003384877,149.83376103342428,-940.0570167236966
2020-06-29,1773.058,1768.668,0.5993174061433639,4.3900000000001,2020-06-30 06:37:00+00:00,2020-06-30 11:35:00+00:00,long,1773.675,1768.668,1768.618,5.007000000000062,-1.0239664469742267,stop,0.0,1.0445376472937795,298,0.5670000000000073,0.01,90333.08951758212,-0.2643918084027268,182.28008692479412,-934.5500056634224
2020-06-30,1783.438,1780.158,0.4477815699659018,3.2800000000002,2020-07-01 03:40:00+00:00,2020-07-01 10:32:00+00:00,long,1784.085,1780.158,1780.108,3.9270000000001346,-1.0305576776164886,stop,1.253628724216917,1.048892284186402,412,0.59699999999998,0.01,89402.1549281305,-0.2719726750984083,230.03078563172656,-930.934589451618
2020-07-01,1770.308,1766.0,0.6234442836468904,4.307999999999993,2020-07-02 05:14:00+00:00,2020-07-02 08:13:00+00:00,short,1765.95,1770.9379999999999,1770.9879999999998,4.987999999999829,-1.024057738572566,stop,0.285685645549319,1.0094226142742637,179,0.6299999999998818,0.01,88486.62524213835,-0.27942809525798584,179.2344725904843,-915.5296859921551
2020-07-02,1777.008,1772.978,0.6126016569126694,4.029999999999973,2020-07-03 04:22:00+00:00,2020-07-03 16:00:00+00:00,short,1772.928,1777.462,1775.615,4.533999999999878,-0.6080723423025964,time,0.0,0.9845610939567847,698,0.4539999999999509,0.01,87948.56254740397,-0.28380969371712506,195.16238474226012,-538.0626947343912
2020-07-06,1787.038,1782.528,0.6855666185300625,4.509999999999991,2020-07-07 05:49:00+00:00,2020-07-07 14:00:00+00:00,short,1782.478,1787.575,1787.625,5.09699999999998,-1.023543260741604,stop,1.6472434765548345,1.0039238767902652,491,0.5370000000000346,0.01,87048.3709625309,-0.2911402113311681,172.54966165863118,-900.1915848730677
2020-07-08,1810.188,1805.868,0.6797797010228405,4.320000000000164,2020-07-09 04:15:00+00:00,2020-07-09 10:58:00+00:00,long,1810.605,1805.868,1805.818,4.73700000000008,-1.025332488917026,stop,1.1082963901203107,1.0527760185771577,403,0.3669999999999618,0.01,86155.83573397905,-0.29840838104525813,183.76265772119365,-892.5352285518438
2020-07-09,1804.068,1799.938,0.6855909694554786,4.129999999999882,2020-07-10 03:00:00+00:00,2020-07-10 08:39:00+00:00,short,1799.8880000000001,1804.662,1804.712,4.773999999999887,-1.0251361541684034,stop,0.7532467532468194,1.038332635106828,339,0.5940000000000509,0.01,85272.62111294409,-0.30560065038577866,180.46886412647902,-883.2146210349599
2020-07-12,1804.575,1799.728,0.8475257912222137,4.84699999999998,2020-07-13 03:26:00+00:00,2020-07-13 16:00:00+00:00,long,1804.9689999999998,1799.728,1807.098,5.240999999999758,0.39286395726010837,time,1.5701202060676682,0.5998855180308955,754,0.34399999999982356,0.005,85440.12380982596,-0.3042366280037372,81.35147978720475,167.5026968818654
2020-07-14,1811.108,1807.438,0.6957345971563568,3.6699999999998454,2020-07-15 04:10:00+00:00,2020-07-15 07:51:00+00:00,short,1807.3880000000001,1811.3819999999998,1811.4319999999998,3.993999999999687,-1.0300450676013932,stop,0.31697546319483616,1.0100150225338493,221,0.2739999999998872,0.01,84560.05202877033,-0.31140330429916185,213.92119131154897,-880.0717810556359
2020-07-16,1799.385,1795.608,0.7663589327381668,3.7770000000000437,2020-07-17 05:34:00+00:00,2020-07-17 16:00:00+00:00,long,1799.882,1795.608,1810.2150000000001,4.274000000000115,2.401263453439356,time,2.7342068320073953,0.28872250818907763,626,0.4470000000001164,0.01,86590.56165434649,-0.29486828350370664,197.8475714290315,2030.5096255761666
2020-07-19,1809.565,1805.565,0.8116059653038474,4.0,2020-07-20 05:30:00+00:00,2020-07-20 16:00:00+00:00,long,1809.902,1805.565,1816.348,4.336999999999989,1.4701406502190288,time,2.429329029282934,0.5543002075167172,630,0.28700000000003456,0.01,87863.56470048,-0.28450185550190743,199.6554338352472,1273.0030461335186
2020-07-20,1818.358,1815.668,0.5749706102383377,2.6900000000000546,2020-07-21 03:13:00+00:00,2020-07-21 16:00:00+00:00,long,1818.8419999999999,1815.668,1839.488,3.173999999999978,6.482671707624552,time,7.084436042848223,0.5557655954631091,767,0.4339999999999691,0.01,93559.47115062841,-0.23811845971995105,276.82282514329114,5695.90645014841
2020-08-23,1936.795,1930.148,0.44907610715131563,6.647000000000162,2020-08-24 06:34:00+00:00,2020-08-24 14:53:00+00:00,long,1937.452,1930.148,1930.098,7.304000000000087,-1.016429353778745,stop,3.3318729463307397,1.0099945235487218,499,0.6069999999999709,0.01,92608.50522261327,-0.24586244733637896,128.0934709072115,-950.9659280151436
2020-08-24,1936.135,1926.365,0.6920978996210109,9.769999999999982,2020-08-25 03:33:00+00:00,2020-08-25 08:20:00+00:00,long,1936.752,1926.365,1926.315,10.386999999999944,-1.0115529026667907,stop,0.06479252912294267,1.033407143544814,287,0.5670000000000073,0.01,91671.72119991759,-0.2534909476404482,89.15808724618635,-936.784022695671
2020-08-25,1931.358,1923.848,0.5483753194596541,7.509999999999991,2020-08-26 04:55:00+00:00,2020-08-26 13:42:00+00:00,short,1923.798,1931.8849999999998,1931.9349999999997,8.086999999999762,-1.0148386298998342,stop,2.5662173859280997,1.2902188697910568,527,0.5269999999998163,0.01,90741.40116048676,-0.26106680987949216,113.35689526390539,-930.3200394308395
2020-08-30,1976.368,1967.325,0.643859024563896,9.042999999999893,2020-08-31 05:01:00+00:00,2020-08-31 16:00:00+00:00,short,1967.275,1976.905,1969.305,9.629999999999882,-0.218068535825545,time,1.3115264797508062,0.7258566978193245,659,0.5370000000000346,0.01,90543.5227155885,-0.262678190667917,94.22783090393341,-197.87844489825758
2020-09-02,1950.905,1941.595,0.6425120772946868,9.309999999999945,2020-09-03 04:44:00+00:00,2020-09-03 16:00:00+00:00,short,1941.545,1951.4219999999998,1926.5819999999999,9.876999999999725,1.5078465120988769,time,1.9497823225676394,0.47686544497318695,676,0.5169999999998254,0.01,91908.78006478694,-0.2515605094829588,91.6710769622264,1365.2573491984554
2020-09-06,1941.268,1931.945,0.6434092477570849,9.323000000000093,2020-09-07 05:47:00+00:00,2020-09-07 16:00:00+00:00,short,1931.895,1941.7549999999999,1931.0249999999999,9.8599999999999,0.08113590263692964,time,0.7213995943204998,0.274543610547681,613,0.48699999999985266,0.01,91983.3510830951,-0.25095325634663657,93.2137728851804,74.57101830815535
2020-09-07,1931.858,1924.598,0.5010351966873736,7.259999999999991,2020-09-08 03:07:00+00:00,2020-09-08 06:00:00+00:00,short,1924.548,1932.415,1932.465,7.866999999999962,-1.0152535909495304,stop,0.18380577094189904,1.1292741832973252,173,0.5570000000000164,0.01,91049.48680814826,-0.25855798030946797,116.92303429909184,-933.8642749468368
2020-09-08,1930.568,1923.008,0.5217391304347826,7.559999999999945,2020-09-09 05:16:00+00:00,2020-09-09 10:52:00+00:00,long,1930.945,1923.008,1922.958,7.936999999999898,-1.0151190626181121,stop,0.4300113392969705,1.0444752425349717,336,0.3269999999999982,0.01,90125.22611114278,-0.2660844995896072,114.7152410333242,-924.2606970054762
2020-09-09,1950.758,1943.528,0.5024322446143212,7.230000000000018,2020-09-10 06:26:00+00:00,2020-09-10 10:58:00+00:00,short,1943.478,1951.212,1951.262,7.733999999999924,-1.0155159038013908,stop,0.10899922420482065,1.0025859839668971,272,0.4539999999999509,0.01,89209.99010664716,-0.2735375282167384,116.53119486830059,-915.2360044956187
2020-09-10,1949.318,1938.408,0.7823592685550471,10.910000000000082,2020-09-11 03:04:00+00:00,2020-09-11 13:12:00+00:00,short,1938.358,1949.662,1949.712,11.304000000000087,-1.01061571125265,stop,0.07218683651804889,1.043347487615004,608,0.34400000000005093,0.01,88308.41993062245,-0.2808792720929344,78.91895798535606,-901.5701760247109
2020-09-13,1950.518,1939.728,0.8822567457072729,10.789999999999964,2020-09-14 03:02:00+00:00,2020-09-14 16:00:00+00:00,long,1950.895,1939.728,1958.4850000000001,11.166999999999916,0.6734127339482584,time,1.0289245097161364,0.9865675651473211,778,0.3269999999999982,0.01,88903.10007558376,-0.27603662153874675,79.07980651081142,594.6801449613133
2020-09-14,1965.828,1954.988,0.9990783410138152,10.839999999999918,2020-09-15 03:32:00+00:00,2020-09-15 13:51:00+00:00,long,1966.135,1954.988,1954.938,11.146999999999935,-1.0107652283125466,stop,0.5286624203821714,1.0828025477707013,619,0.25700000000006185,0.01,88004.49845312786,-0.2833541916339498,79.75518083393224,-898.601622455906
2020-09-15,1959.765,1949.798,0.9215903837263202,9.967000000000098,2020-09-16 03:40:00+00:00,2020-09-16 16:00:00+00:00,long,1960.242,1949.798,1966.758,10.44399999999996,0.6171964764458159,time,1.2663730371505326,0.3587705859823904,740,0.42699999999990723,0.01,88547.65911669438,-0.2789310789561179,84.26321184711624,543.1606635665177
2020-09-22,1905.208,1898.918,0.6060606060606226,6.290000000000191,2020-09-23 03:02:00+00:00,2020-09-23 16:00:00+00:00,short,1898.868,1905.6580000000001,1864.5449999999998,6.790000000000191,5.044624447717103,time,5.09219440353447,0.2072164948453775,778,0.4500000000000455,0.01,93014.55597637634,-0.2425558598802483,130.40892358864787,4466.896859681968
2020-09-24,1869.488,1861.665,0.7537698125933487,7.823000000000093,2020-09-25 03:18:00+00:00,2020-09-25 10:29:00+00:00,long,1869.965,1861.665,1861.615,8.299999999999955,-1.0144578313252959,stop,0.6156626506024283,1.2791566265060266,431,0.42699999999990723,0.01,92070.96252900154,-0.25023981127760775,112.0657300920203,-943.5934473748009
2020-09-27,1863.198,1857.525,0.5881804043545822,5.673000000000002,2020-09-28 04:22:00+00:00,2020-09-28 05:49:00+00:00,long,1863.6720000000003,1857.525,1857.4750000000001,6.147000000000162,-1.0195217179111684,stop,0.028143809988574898,1.0027655767040917,87,0.42400000000020555,0.01,91132.27907012851,-0.2578837792338843,149.78194652513278,-938.6834588730246
2020-09-28,1887.158,1880.938,0.6448937273198277,6.2199999999998,2020-09-29 04:40:00+00:00,2020-09-29 11:05:00+00:00,short,1880.8880000000001,1887.5949999999998,1887.6449999999998,6.706999999999653,-1.0178917548829522,stop,0.7627851498435184,1.0238556731773247,385,0.43699999999989814,0.01,90204.65111543675,-0.26543771905671165,135.8763665873464,-927.6279546917606
2020-09-29,1897.428,1892.168,0.5645897064348422,5.260000000000218,2020-09-30 03:01:00+00:00,2020-09-30 12:47:00+00:00,short,1892.118,1897.8750000000002,1897.9250000000002,5.757000000000289,-1.0208441896821172,stop,1.8370679173179592,1.011638005905815,586,0.4470000000001164,0.01,89283.80217570179,-0.2729364554213176,156.68690483833979,-920.8489397349612
2020-09-30,1892.355,1884.555,0.8634527038246582,7.7999999999999545,2020-10-01 03:00:00+00:00,2020-10-01 16:00:00+00:00,long,1892.792,1884.555,1910.3780000000002,8.236999999999853,2.126502367366827,time,2.3353162559184715,0.24693456355468185,780,0.3869999999999436,0.01,91182.4243426432,-0.2574754319335908,108.39359254061355,1898.622166941413
2020-10-04,1903.015,1897.378,0.6499106473742062,5.637000000000171,2020-10-05 03:13:00+00:00,2020-10-05 11:57:00+00:00,short,1897.328,1903.432,1903.482,6.104000000000042,-1.0196592398427184,stop,1.6523591087811178,1.0131061598951387,524,0.4169999999999163,0.01,90252.67432772083,-0.26504665229998225,149.38142913276963,-929.7500149223574
2020-10-07,1889.098,1883.728,0.6191272266097766,5.369999999999891,2020-10-08 03:30:00+00:00,2020-10-08 05:29:00+00:00,short,1883.678,1889.485,1889.5349999999999,5.806999999999789,-1.020664714999132,stop,0.0,1.004649560874814,119,0.3869999999999436,0.01,89331.4971265147,-0.27254806179166124,155.42048274104377,-921.1772012061265
2020-10-14,1900.198,1891.778,0.9707730443304413,8.420000000000073,2020-10-15 04:30:00+00:00,2020-10-15 09:03:00+00:00,long,1900.555,1891.778,1891.728,8.777000000000044,-1.0136720975276239,stop,0.33758687478636784,1.0216474877520854,273,0.30700000000001637,0.01,88425.96866583954,-0.27992203911220304,101.77907841690129,-905.5284606751707
2020-10-15,1910.588,1904.818,0.6784244562022231,5.769999999999982,2020-10-16 04:24:00+00:00,2020-10-16 08:32:00+00:00,short,1904.768,1910.975,1911.0249999999999,6.20699999999988,-1.0193330111164745,stop,0.2764620589657089,1.0091831802803315,248,0.3869999999999436,0.01,87524.61357682913,-0.28726203147330664,142.46168626686202,-901.3550890104124
2020-10-18,1902.715,1896.878,0.7187095979806599,5.836999999999989,2020-10-19 04:47:00+00:00,2020-10-19 16:00:00+00:00,long,1903.0519999999997,1896.878,1908.155,6.173999999999751,0.8151927437642527,time,2.475866537091173,0.12585034013599292,673,0.2869999999998072,0.01,88238.10787571514,-0.28145184327182426,141.76322250863728,713.494298886013
2020-10-22,1906.948,1901.235,0.7034414824847792,5.713000000000193,2020-10-23 03:00:00+00:00,2020-10-23 14:22:00+00:00,long,1907.345,1901.235,1901.185,6.110000000000127,-1.0196399345335438,stop,1.1068739770867069,1.063338788870693,682,0.34699999999998,0.01,87338.39689033756,-0.28877844722667945,144.41588850362243,-899.7109853775796
2020-10-25,1902.355,1896.258,0.751787916152894,6.09699999999998,2020-10-26 05:32:00+00:00,2020-10-26 09:53:00+00:00,short,1896.208,1902.779,1902.829,6.570999999999913,-1.018262060569161,stop,0.1576624562471575,1.0263278039872172,261,0.42399999999997817,0.005,86893.73001041575,-0.29239949684592026,66.45746225105671,-444.6668799218117
2020-10-27,1908.145,1902.365,0.6872770511295977,5.779999999999973,2020-10-28 04:34:00+00:00,2020-10-28 08:21:00+00:00,long,1908.4989999999998,1902.365,1902.315,6.133999999999787,-1.0195630909683664,stop,0.3699054450603703,1.0044016954678912,227,0.30399999999985994,0.005,86450.7618106398,-0.296006713626753,70.8295810322944,-442.96819977595095
2020-10-28,1880.095,1875.675,0.5255648038049976,4.420000000000073,2020-10-29 03:25:00+00:00,2020-10-29 10:17:00+00:00,long,1880.512,1875.675,1875.625,4.836999999999989,-1.024808765763894,stop,0.8984908000826987,1.1048170353525042,412,0.3669999999999618,0.005,86007.78431808724,-0.29961400608132416,89.36402916129832,-442.9774925525508
2020-11-02,1898.508,1890.588,0.916507550772437,7.920000000000073,2020-11-03 06:07:00+00:00,2020-11-03 09:35:00+00:00,short,1890.538,1898.925,1898.975,8.386999999999944,-1.0143078573983493,stop,0.38106593537616956,1.0628353404077795,208,0.4169999999999163,0.005,85571.59246093096,-0.30316604116554147,51.274463048818305,-436.1918571562921
2020-11-04,1909.645,1902.358,0.8432563791008483,7.287000000000035,2020-11-05 05:45:00+00:00,2020-11-05 17:00:00+00:00,long,1910.002,1902.358,1946.278,7.6440000000000055,4.7365253793825275,time,5.579016221873355,0.37336473050759283,675,0.30700000000001637,0.005,87598.15255815785,-0.2866631825093664,55.973045827401165,2026.56009722689
2020-11-05,1945.708,1937.328,0.969739049933466,8.38000000000011,2020-11-06 04:01:00+00:00,2020-11-06 07:34:00+00:00,short,1937.278,1946.0980000000002,1946.1480000000001,8.820000000000164,-1.0136054421768654,stop,0.17414965986394895,1.0812925170067866,213,0.39000000000010004,0.01,86710.25291658197,-0.2938936033125027,99.3176332858914,-887.899641575881
2020-11-08,1961.108,1952.888,0.9774078478002315,8.220000000000027,2020-11-09 04:02:00+00:00,2020-11-09 11:34:00+00:00,long,1961.4349999999997,1952.888,1952.838,8.546999999999798,-1.014040014040009,stop,0.4656604656605054,1.0904410904410822,452,0.2769999999998163,0.01,85830.97625573253,-0.30105380471661003,101.45109736350066,-879.2766608494352
2020-11-10,1882.978,1876.998,0.7127532777115551,5.980000000000018,2020-11-11 05:22:00+00:00,2020-11-11 07:24:00+00:00,long,1883.4250000000002,1876.998,1876.948,6.427000000000135,-1.0186712307452859,stop,0.14828069083549514,1.0217831025361905,122,0.3970000000001619,0.01,84956.64079354757,-0.3081737685263506,133.54749689704488,-874.3354621849647
2020-11-16,1892.368,1887.365,0.5963051251489713,5.002999999999929,2020-11-17 04:30:00+00:00,2020-11-17 09:09:00+00:00,short,1887.315,1892.6519999999998,1892.7019999999998,5.336999999999762,-1.0224845418774517,stop,0.5139591530823099,1.0024358253700858,279,0.2839999999998781,0.01,84087.9722741352,-0.31524758479982196,159.18426230757234,-868.6685194123771
2020-11-17,1881.955,1875.548,0.7719277108433582,6.406999999999925,2020-11-18 07:21:00+00:00,2020-11-18 10:29:00+00:00,long,1882.3619999999999,1875.548,1875.498,6.813999999999851,-1.0176108012914524,stop,0.3277076606985946,1.0,188,0.3569999999999709,0.005,83660.12812991093,-0.3187316420694125,61.702357113396715,-427.8441442242808
2020-11-18,1872.528,1866.0,0.8089219330854993,6.52800000000002,2020-11-19 05:01:00+00:00,2020-11-19 17:00:00+00:00,short,1865.95,1872.855,1859.9669999999999,6.904999999999973,0.8563359884142212,time,1.8912382331643767,0.37291817523534476,719,0.3269999999999982,0.005,84018.33402247586,-0.31581466900609345,60.57938314982712,358.2058925649383
2020-11-19,1867.605,1862.025,0.7338725586900622,5.579999999999927,2020-11-20 04:36:00+00:00,2020-11-20 07:40:00+00:00,long,1868.012,1862.025,1861.9750000000001,5.986999999999853,-1.0200434274260828,stop,0.27993986971775503,1.0011691999331989,184,0.3569999999999709,0.005,83589.82227546128,-0.31930416275620177,70.1673075183547,-428.5117470145787
2020-11-22,1875.938,1870.385,0.7303215624383602,5.553000000000111,2020-11-23 06:30:00+00:00,2020-11-23 08:36:00+00:00,long,1876.405,1870.385,1870.335,6.019999999999982,-1.0199335548172683,stop,0.0,1.0470099667773924,126,0.4169999999999163,0.005,83163.5419525615,-0.3227754853813487,69.4267626872604,-426.2803228997745
2020-11-25,1812.555,1807.978,0.5671623296158574,4.576999999999998,2020-11-26 05:32:00+00:00,2020-11-26 06:53:00+00:00,short,1807.928,1812.9620000000002,1813.0120000000002,5.0340000000001055,-1.0238379022645911,stop,0.17739372268573905,1.1430274135875615,81,0.4070000000001528,0.005,82737.81202087348,-0.3262423260133953,82.60184937679753,-425.72993168801946
2020-11-26,1813.778,1807.215,0.8132589838909617,6.563000000000102,2020-11-27 04:39:00+00:00,2020-11-27 17:00:00+00:00,short,1807.165,1814.122,1784.915,6.957000000000107,3.1881558142877187,time,4.6762972545636625,0.6626419433664016,741,0.34400000000005093,0.005,84056.71720315244,-0.31550210378468857,59.463714259646544,1318.9051822789604
2020-12-01,1815.325,1808.612,0.8658025407880233,6.712999999999965,2020-12-02 05:12:00+00:00,2020-12-02 07:41:00+00:00,short,1808.5620000000001,1815.662,1815.712,7.099999999999909,-1.016901408450698,stop,0.10281690140845458,1.0070422535211205,149,0.3369999999999891,0.005,83629.3302325843,-0.318982438158403,59.194871269826415,-427.3869705681386
2020-12-03,1844.688,1837.878,0.9120739302216804,6.810000000000173,2020-12-04 06:00:00+00:00,2020-12-04 13:30:00+00:00,short,1837.828,1845.1150000000002,1845.1650000000002,7.287000000000262,-1.0164676821737273,stop,0.0,1.438726499245169,450,0.4270000000001346,0.005,83204.29767526801,-0.3224435998714267,57.382551278016535,-425.03255731628093
2020-12-06,1839.578,1834.734,0.7164090808252609,4.844000000000051,2020-12-07 05:10:00+00:00,2020-12-07 08:16:00+00:00,long,1839.935,1834.734,1834.684,5.201000000000022,-1.0230724860603642,stop,0.4562584118438834,1.0453758892520428,186,0.30700000000001637,0.005,82778.6775369003,-0.3259095464250549,79.9887499281558,-425.62013836771513
2020-12-10,1840.555,1834.608,0.8795385639281307,5.947000000000116,2020-12-11 05:49:00+00:00,2020-12-11 13:54:00+00:00,short,1834.558,1840.9920000000002,1841.0420000000001,6.4340000000001965,-1.0186509170034117,stop,1.5800435188062838,1.0310848616723363,485,0.4370000000001255,0.005,82357.06465799383,-0.32934286071844177,64.32909351639555,-421.61287890646605
2020-12-13,1838.008,1834.138,0.5723582045404243,3.8700000000001182,2020-12-14 05:20:00+00:00,2020-12-14 14:35:00+00:00,short,1834.088,1838.375,1838.425,4.287000000000035,-1.0279916025192335,stop,3.4285047818987047,1.0622813156053301,555,0.3669999999999618,0.005,81933.75280361107,-0.33279001025519683,96.05442577326006,-423.31185438275605
2020-12-16,1867.395,1861.898,0.7896286719816104,5.497000000000071,2020-12-17 04:38:00+00:00,2020-12-17 17:00:00+00:00,long,1867.812,1861.898,1884.4180000000001,5.913999999999987,2.7960771051742066,time,4.786269868109588,0.29996618194113817,742,0.3669999999999618,0.005,83079.21825538698,-0.323462157371852,69.27101183937373,1145.4654517758993
2020-12-17,1883.278,1878.408,0.6995618760324698,4.870000000000118,2020-12-18 04:53:00+00:00,2020-12-18 08:12:00+00:00,long,1883.705,1878.408,1878.358,5.2970000000000255,-1.022654332641109,stop,0.556919010760814,1.0490843873890863,199,0.3769999999999527,0.005,82654.41164288044,-0.3269214791516487,78.42101024673077,-424.80661250653907
2020-12-22,1867.468,1861.618,0.7677165354330883,5.850000000000136,2020-12-23 05:11:00+00:00,2020-12-23 12:11:00+00:00,long,1867.9820000000002,1861.618,1861.568,6.36400000000026,-1.0188560653676855,stop,0.6656191074795259,1.7353865493399818,420,0.46400000000016917,0.005,82233.34689972171,-0.33035032981882395,64.93904120276325,-421.0647431587309
2020-12-29,1885.115,1879.338,0.7671978751660112,5.777000000000044,2020-12-30 04:09:00+00:00,2020-12-30 07:44:00+00:00,long,1885.582,1879.338,1879.288,6.244000000000142,-1.0192184497117156,stop,0.06822549647660493,1.0288276745675944,215,0.4170000000001437,0.005,81814.27817801302,-0.333762926312284,65.84989341745663,-419.06872170870037
2021-01-06,1921.585,1914.595,0.8910133843212218,6.990000000000009,2021-01-07 06:04:00+00:00,2021-01-07 10:21:00+00:00,long,1922.07,1914.595,1914.545,7.474999999999909,-1.0160535117056797,stop,0.7288294314381484,1.041070234113715,257,0.43499999999994543,0.005,81398.63975476084,-0.33714758890402863,54.72526968429031,-415.63842325217746
2021-01-07,1913.845,1908.608,0.6939640893129337,5.23700000000008,2021-01-08 04:34:00+00:00,2021-01-08 17:00:00+00:00,short,1908.558,1914.222,1855.792,5.663999999999987,9.303672316384215,time,10.30879237288136,0.607697740112997,746,0.3769999999999527,0.005,85185.17111114934,-0.3063127807692181,71.8561438513074,3786.5313563885
2021-01-14,1855.498,1849.808,0.6172370776156735,5.690000000000055,2021-01-15 05:39:00+00:00,2021-01-15 09:45:00+00:00,short,1849.758,1855.895,1855.945,6.136999999999944,-1.019553527782297,stop,0.4490793547336012,1.0081473032426194,246,0.3969999999999345,0.01,84316.66269393823,-0.31338529328466036,138.80588416351657,-868.5084172111091
2021-01-18,1843.505,1836.398,0.7709497206704168,7.107000000000198,2021-01-19 05:39:00+00:00,2021-01-19 08:17:00+00:00,short,1836.348,1843.942,1843.992,7.594000000000051,-1.0158019489070258,stop,0.0,1.042928627864106,158,0.43699999999989814,0.01,83460.17239103984,-0.320359938856957,111.03063299175356,-856.4903028983877
2021-01-19,1850.385,1843.318,0.777276726792787,7.067000000000007,2021-01-20 04:37:00+00:00,2021-01-20 12:57:00+00:00,long,1850.8619999999999,1843.318,1843.268,7.543999999999869,-1.0159066808059327,stop,0.847428419936422,1.158536585365845,500,0.42699999999990723,0.01,82612.29492390712,-0.3272644476435428,110.63119351940787,-847.8774671327224
2021-01-20,1872.585,1866.792,0.6371535415750252,5.79300000000012,2021-01-21 05:24:00+00:00,2021-01-21 07:34:00+00:00,long,1873.022,1866.792,1866.742,6.230000000000018,-1.019261637239158,stop,0.30385232744783686,1.091011235955057,130,0.3869999999999436,0.01,81770.25949410486,-0.33412138304878114,132.60400469326947,-842.0354298022576
2021-01-21,1866.721,1859.728,0.7691377034755774,6.992999999999938,2021-01-22 06:11:00+00:00,2021-01-22 17:00:00+00:00,short,1859.678,1867.181,1855.335,7.502999999999929,0.5695055311209003,time,2.9386911901906454,0.5940290550446384,649,0.4600000000000364,0.01,82235.9456447357,-0.33032916749469254,108.98341929109107,465.68615063084025
2021-01-24,1859.895,1852.635,0.8594767373031716,7.259999999999991,2021-01-25 05:40:00+00:00,2021-01-25 10:48:00+00:00,short,1852.585,1860.3349999999998,1860.3849999999998,7.749999999999773,-1.0154838709677365,stop,0.36000000000000587,1.1107096774193805,308,0.4399999999998272,0.01,81400.8528805756,-0.3371295667873594,106.11089760611368,-835.0927641600857
2021-01-26,1848.925,1843.268,0.7071249999999907,5.656999999999925,2021-01-27 05:40:00+00:00,2021-01-27 11:04:00+00:00,long,1849.405,1843.268,1843.218,6.136999999999944,-1.019553527782297,stop,0.6014339253707128,1.0607788821900033,324,0.43000000000006366,0.01,80570.92761338683,-0.34388788567380457,132.6394865252996,-829.925267188786
2021-01-28,1844.355,1839.418,0.6800275482093845,4.9370000000001255,2021-01-29 05:18:00+00:00,2021-01-29 17:00:00+00:00,long,1844.768,1839.418,1857.5320000000002,5.350000000000136,2.3727102803737945,time,5.748411214953107,0.49570093457943476,702,0.3630000000000564,0.01,82482.64229586218,-0.3283202460864091,150.59986469791545,1911.7146824753574
2021-02-02,1844.785,1838.325,0.8992830792788963,6.460000000000036,2021-02-03 06:01:00+00:00,2021-02-03 17:00:00+00:00,short,1838.275,1845.2330000000002,1835.885,6.958000000000084,0.3334291463064203,time,1.19747053751078,0.6307847082494745,659,0.44800000000009277,0.01,82757.66346592025,-0.3260806700170219,118.54360778364644,275.0211700580716
2021-02-04,1797.635,1791.905,0.7976613071622388,5.730000000000018,2021-02-05 05:34:00+00:00,2021-02-05 17:00:00+00:00,long,1798.036,1791.905,1812.805,6.1310000000000855,2.397488174849095,time,2.605121513619272,0.768390148426023,686,0.3510000000001128,0.01,84741.7686612971,-0.3099235337726578,134.982325013732,1984.1051953768476
2021-02-10,1841.008,1833.895,0.990185842555852,7.113000000000056,2021-02-11 06:52:00+00:00,2021-02-11 16:50:00+00:00,long,1841.436,1833.895,1833.845,7.54099999999994,-1.0159130088847574,stop,0.7911417583875042,1.0636520355390562,598,0.37799999999992906,0.01,83880.86600950795,-0.3169341103643136,112.37470980148227,-860.9026517891438
2021-02-11,1825.185,1819.128,0.8518987341772022,6.057000000000016,2021-02-12 06:59:00+00:00,2021-02-12 15:50:00+00:00,short,1819.078,1825.5849999999998,1825.6349999999998,6.5069999999998345,-1.018441678192709,stop,1.2740126018134585,1.1209466728139361,531,0.3999999999998636,0.01,83026.58831003815,-0.32389073807388125,128.90866145613967,-854.2776994698104
2021-02-14,1826.915,1821.452,0.7683544303797282,5.462999999999965,2021-02-15 04:47:00+00:00,2021-02-15 17:00:00+00:00,short,1821.402,1827.322,1820.425,5.919999999999845,0.1532094594594785,time,0.8626689189189365,0.701520270270292,733,0.4069999999999254,0.01,83153.7928971956,-0.32285487472832874,140.24761538858164,127.20458715745602
2021-02-15,1826.375,1820.428,0.8391420911527872,5.946999999999889,2021-02-16 05:39:00+00:00,2021-02-16 17:00:00+00:00,short,1820.3780000000002,1826.845,1796.992,6.466999999999871,3.6053811659193844,time,4.7335704345137914,0.8665532704499654,681,0.4700000000000273,0.01,86151.8040850587,-0.2984412119158427,128.58171160846956,2998.011187863101
2021-02-23,1813.745,1807.008,0.9189742190696817,6.736999999999853,2021-02-24 04:12:00+00:00,2021-02-24 17:00:00+00:00,short,1806.958,1814.185,1802.385,7.226999999999862,0.6230801162308259,time,3.204372492043804,0.4956413449564063,768,0.44000000000005457,0.01,86688.59884608684,-0.2940699386036204,119.20825250458053,536.7947610281371
2021-03-03,1716.605,1709.214,0.9000791572794219,7.391000000000076,2021-03-04 04:00:00+00:00,2021-03-04 05:36:00+00:00,short,1709.164,1716.85,1716.8999999999999,7.685999999999922,-1.0156128024980426,stop,0.2900078064012574,1.107858443924042,96,0.24499999999989086,0.01,85808.17833789981,-0.3012394546838443,112.7876643847095,-880.4205081870284
2021-03-15,1734.055,1729.404,0.5170650361311913,4.651000000000067,2021-03-16 04:32:00+00:00,2021-03-16 07:03:00+00:00,long,1734.459,1729.404,1729.354,5.055000000000064,-1.0237388724035517,stop,0.5272007912957329,1.0565776458951641,151,0.35400000000004184,0.01,84929.72666055337,-0.3083929380112649,169.74911639544754,-878.4516773464442
2021-03-16,1735.018,1729.535,0.6095608671484096,5.482999999999947,2021-03-17 03:13:00+00:00,2021-03-17 11:16:00+00:00,long,1735.446,1729.535,1729.4850000000001,5.910999999999831,-1.0203011334799457,stop,0.4158348841143891,1.0881407545254949,483,0.37799999999992906,0.01,84063.18769677432,-0.3154494127039633,143.68080977931956,-866.5389637790456
2021-03-17,1754.955,1747.478,0.8312395775430637,7.476999999999862,2021-03-18 03:03:00+00:00,2021-03-18 04:19:00+00:00,long,1755.402,1747.478,1747.428,7.923999999999978,-1.0151438667339672,stop,0.0007571933366807339,1.009212518929845,76,0.3970000000001619,0.01,83209.82540268944,-0.32239858600559035,106.08680930940756,-853.3622940848674
2021-03-18,1735.744,1728.391,0.8174541411895313,7.352999999999838,2021-03-19 06:06:00+00:00,2021-03-19 16:00:00+00:00,long,1736.158,1728.391,1739.808,7.766999999999825,0.4609244238444923,time,1.1754860306425021,0.3862495171881122,594,0.36400000000003274,0.01,83593.35981100879,-0.31927535559217457,107.1325162903197,383.53440831935427
2021-03-21,1740.813,1732.438,0.9462742217953777,8.375,2021-03-22 03:41:00+00:00,2021-03-22 06:14:00+00:00,long,1741.279,1732.438,1732.3880000000001,8.840999999999894,-1.0135731252120752,stop,0.19330392489538292,1.1292840176450676,153,0.41599999999994,0.01,82746.07998150257,-0.3261749976445878,94.55192830110823,-847.2798295062167
2021-03-24,1735.258,1731.838,0.3864188463928669,3.4200000000000728,2021-03-25 03:02:00+00:00,2021-03-25 07:13:00+00:00,long,1735.6119999999999,1731.838,1731.788,3.7739999999998872,-1.0317965023847266,stop,0.9107048224695888,1.1253312135665,251,0.30399999999985994,0.01,81892.30882239295,-0.33312750045108475,219.25299412163497,-853.771159109612
2021-03-25,1729.745,1723.778,0.6951304753028692,5.966999999999871,2021-03-26 03:00:00+00:00,2021-03-26 09:39:00+00:00,short,1723.708,1730.149,1730.1989999999998,6.4409999999998035,-1.0186306474149913,stop,0.03974538115200952,1.1324328520416227,399,0.40399999999999636,0.01,81058.12866685232,-0.33992046811067245,127.1422276391794,-834.1801555406254
2021-03-28,1732.788,1726.278,0.7586528376646052,6.509999999999991,2021-03-29 05:30:00+00:00,2021-03-29 16:00:00+00:00,short,1726.228,1733.1490000000001,1712.002,6.921000000000049,2.045369166305449,time,2.9325242017049424,0.4685739055049726,630,0.3610000000001037,0.01,82716.06663738831,-0.3264194048923149,117.11909935970489,1657.9379705359956
2021-03-31,1712.065,1705.638,0.75754361150402,6.427000000000135,2021-04-01 03:00:00+00:00,2021-04-01 16:00:00+00:00,long,1712.4620000000002,1705.638,1728.115,6.8240000000002965,2.2835580304805267,time,2.5726846424383134,0.3556565064478355,780,0.34700000000020736,0.01,84604.93601958401,-0.3110378011209749,121.21346224704678,1888.8693821957047
2021-04-04,1729.775,1724.378,0.6329306907470545,5.397000000000162,2021-04-05 03:46:00+00:00,2021-04-05 14:15:00+00:00,short,1724.315,1730.0120000000002,1730.0620000000001,5.697000000000116,-1.0210637177461739,stop,0.4897314375987198,1.0338774793750662,629,0.23700000000008004,0.01,83741.06571446567,-0.3180725441627148,148.50787435419042,-863.8703051183363
2021-04-05,1735.338,1727.398,0.9480597014925438,7.940000000000055,2021-04-06 04:53:00+00:00,2021-04-06 16:00:00+00:00,long,1735.7659999999998,1727.398,1745.018,8.367999999999938,1.0972753346080601,time,1.1414913957935235,0.9689292543021041,667,0.37799999999992906,0.01,84659.93577348843,-0.31058992238989214,100.07297528019394,918.8700590227587
2021-04-07,1737.608,1733.058,0.6061009724257249,4.5499999999999545,2021-04-08 03:11:00+00:00,2021-04-08 16:00:00+00:00,long,1737.935,1733.058,1755.538,4.876999999999953,3.5950379331556768,time,4.2300594627845625,0.09780602829605627,769,0.27700000000004366,0.01,87703.49257873057,-0.28580536858481065,173.59019022655167,3043.5568052421418
2021-04-08,1757.238,1752.395,0.6477196736659308,4.843000000000075,2021-04-09 03:00:00+00:00,2021-04-09 16:00:00+00:00,short,1752.345,1757.585,1745.0249999999999,5.240000000000009,1.3835877862595707,time,3.9929389312977035,0.27232824427479096,780,0.34699999999998,0.01,88916.94739017295,-0.2759238588944286,167.37307744032523,1213.454811442385
2021-04-11,1743.308,1736.658,0.9043927648579134,6.650000000000091,2021-04-12 05:28:00+00:00,2021-04-12 11:20:00+00:00,short,1736.608,1743.6519999999998,1743.7019999999998,7.043999999999869,-1.017035775127762,stop,0.1594264622373748,1.0000000000000322,352,0.34399999999982356,0.01,88012.63022506336,-0.2832879722886369,126.23076006555168,-904.3171651095898
2021-04-13,1749.218,1743.775,0.7402420780633896,5.442999999999984,2021-04-14 03:50:00+00:00,2021-04-14 16:00:00+00:00,short,1743.7250000000001,1749.445,1736.745,5.7199999999998,1.2080419580420432,time,1.9096153846154915,0.9277972027971984,730,0.22699999999986176,0.01,89075.85972655851,-0.2746297902755497,153.86823465920708,1063.2295014951585
2021-04-14,1740.368,1734.248,0.8323133414932715,6.119999999999891,2021-04-15 05:01:00+00:00,2021-04-15 16:00:00+00:00,long,1740.722,1734.248,1766.358,6.473999999999933,3.949026876737756,time,4.449026876737784,0.09684893419832549,659,0.3040000000000873,0.01,92593.48936784553,-0.24598472573768215,137.59014477380205,3517.629641287019
2021-04-15,1766.025,1759.618,0.9634586466165511,6.407000000000153,2021-04-16 05:43:00+00:00,2021-04-16 16:00:00+00:00,long,1766.479,1759.618,1778.688,6.861000000000104,1.769275615799428,time,2.5169800320652596,0.7351698003206559,617,0.40399999999999636,0.01,94231.72339704866,-0.23264411735075574,134.9562590990295,1638.234029203127
2021-04-20,1782.688,1776.418,0.9631336405530289,6.270000000000209,2021-04-21 03:00:00+00:00,2021-04-21 16:00:00+00:00,long,1782.9520000000002,1776.418,1792.815,6.534000000000333,1.498775635139169,time,2.2307927762471764,0.8132843587389096,780,0.21400000000016917,0.01,95644.04550789535,-0.22114317434680186,144.21751361653483,1412.322110846701
2021-04-21,1797.748,1792.378,0.8355375758518758,5.370000000000118,2021-04-22 04:19:00+00:00,2021-04-22 16:00:00+00:00,short,1792.328,1798.095,1781.132,5.767000000000053,1.9292526443557847,time,2.218831281428807,0.45725680596495916,701,0.34699999999998,0.01,97489.26078502527,-0.206117058442142,165.84713977439654,1845.215277129921
2021-04-28,1789.875,1783.248,0.9965413533834379,6.626999999999953,2021-04-29 06:05:00+00:00,2021-04-29 16:00:00+00:00,short,1783.198,1790.259,1767.278,7.060999999999922,2.2447245432658613,time,3.8020110465940093,0.13652457159041956,595,0.38400000000001455,0.01,99677.6261489152,-0.18829657320819182,138.06721538737622,2188.365363889923
2021-05-02,1773.768,1767.235,0.9801950487621985,6.533000000000129,2021-05-03 03:19:00+00:00,2021-05-03 16:00:00+00:00,long,1774.135,1767.235,1792.325,6.900000000000091,2.6260869565217124,time,3.429420289855029,0.2763768115941884,761,0.3170000000000073,0.01,102295.24728778233,-0.16698053539157232,144.4603277520491,2617.6211388671377
2021-05-03,1793.078,1788.715,0.6546136534133542,4.363000000000056,2021-05-04 04:27:00+00:00,2021-05-04 13:51:00+00:00,short,1788.665,1793.365,1793.415,4.7000000000000455,-1.025531914893607,stop,1.6297872340425064,1.1336170212765793,564,0.28700000000003456,0.01,101246.17687942678,-0.1755234158584077,217.64946231442838,-1049.0704083555447
2021-05-04,1782.455,1776.658,0.8732394366197193,5.7970000000000255,2021-05-05 03:40:00+00:00,2021-05-05 06:23:00+00:00,long,1782.869,1776.658,1776.608,6.211000000000013,-1.0193205602962412,stop,0.05941072291098714,1.008050233456763,163,0.36400000000003274,0.01,100214.15378198089,-0.1839274751953911,163.0110720969676,-1032.0230974458966
2021-05-06,1817.948,1812.748,0.7833094825638365,5.2000000000000455,2021-05-07 03:00:00+00:00,2021-05-07 16:00:00+00:00,long,1818.3419999999999,1812.748,1835.048,5.593999999999824,2.973900607794182,time,4.439220593493183,0.21165534501251457,780,0.34399999999982356,0.01,103194.42311039902,-0.15965828942018545,179.14578795492324,2980.269328418126
2021-05-09,1836.225,1830.0,0.9377118324922631,6.224999999999909,2021-05-10 05:33:00+00:00,2021-05-10 16:00:00+00:00,long,1836.634,1830.0,1841.568,6.6340000000000146,0.7331926439553751,time,1.3056979198070569,0.4892975580343816,627,0.359000000000151,0.01,103951.03702961665,-0.15349696581412542,155.55384852336266,756.6139192176312
2021-05-13,1826.428,1820.535,0.874526971878013,5.893000000000029,2021-05-14 03:09:00+00:00,2021-05-14 05:57:00+00:00,short,1820.4850000000001,1826.7620000000002,1826.8120000000001,6.277000000000044,-1.0191174127767968,stop,0.07376135096386643,1.0624502150708655,168,0.33400000000006,0.01,102891.65391048577,-0.16212382563519767,165.60624028933555,-1059.383119130879
2021-05-17,1873.755,1867.315,0.9557023076352321,6.440000000000055,2021-05-18 03:47:00+00:00,2021-05-18 12:30:00+00:00,short,1867.265,1874.112,1874.162,6.84699999999998,-1.0175259237622252,stop,0.26142836278665055,1.1012122097268855,523,0.3569999999999709,0.01,101844.70465855887,-0.17064943291838663,150.27260685042512,-1046.949251926902
2021-05-20,1876.518,1870.245,0.9106481817522128,6.273000000000138,2021-05-21 04:33:00+00:00,2021-05-21 14:49:00+00:00,long,1876.895,1870.245,1870.195,6.650000000000091,-1.0180451127819479,stop,1.8545864661654008,1.0010526315789225,616,0.3269999999999982,0.01,100807.8796201552,-0.1790925958343904,153.14993181737967,-1036.8250384036673
2021-05-26,1897.248,1892.008,0.7634588766664202,5.240000000000009,2021-05-27 03:45:00+00:00,2021-05-27 11:45:00+00:00,long,1897.5720000000001,1892.008,1891.958,5.564000000000078,-1.0215672178288917,stop,1.0614665708123412,1.021567217828921,480,0.2740000000001146,0.01,99778.05936896728,-0.18747871676407646,181.1787915531161,-1029.8202511879178
2021-05-27,1898.178,1892.925,0.7653529540322171,5.253000000000156,2021-05-28 03:00:00+00:00,2021-05-28 13:31:00+00:00,short,1892.875,1898.589,1898.639,5.713999999999942,-1.0210010500524949,stop,1.8101155057753202,1.2880644032201567,631,0.41099999999983083,0.01,98759.32433508812,-0.1957745675978152,174.62033491244014,-1018.7350338791578
2021-06-01,1902.145,1897.588,0.6382352941176608,4.557000000000016,2021-06-02 03:11:00+00:00,2021-06-02 12:02:00+00:00,short,1897.538,1902.442,1902.492,4.903999999999996,-1.02446982055464,stop,0.591965742251228,1.0978792822186008,531,0.29700000000002547,0.01,97747.56486229147,-0.2040136144420006,201.38524538150122,-1011.7594727966523
2021-06-02,1909.498,1904.318,0.7254901960784532,5.180000000000064,2021-06-03 03:29:00+00:00,2021-06-03 16:00:00+00:00,short,1904.268,1909.7649999999999,1869.572,5.496999999999844,6.299072221211775,time,7.054029470620551,0.18355466618156144,751,0.2669999999998254,0.01,103904.75456744304,-0.15387385714468893,177.81983784299481,6157.189705151563
2021-06-06,1891.768,1884.888,0.9635854341737019,6.880000000000109,2021-06-07 05:13:00+00:00,2021-06-07 14:29:00+00:00,short,1884.838,1892.045,1892.095,7.207000000000107,-1.0166504787012562,stop,0.43235743027611195,1.0856112113223189,556,0.27700000000004366,0.01,102848.40638273976,-0.16247600262644402,144.1719919070924,-1056.3481847032751
2021-06-08,1895.958,1891.345,0.6365392576238659,4.613000000000056,2021-06-09 03:14:00+00:00,2021-06-09 06:11:00+00:00,long,1896.272,1891.345,1891.295,4.926999999999907,-1.0243555916379048,stop,0.0,1.0095392733915214,177,0.2639999999998963,0.01,101794.8729810477,-0.17105522652484928,208.74448220568644,-1053.5334016920706
2021-06-09,1889.238,1884.138,0.7159401979364347,5.100000000000136,2021-06-10 05:42:00+00:00,2021-06-10 12:40:00+00:00,short,1884.088,1889.5819999999999,1889.6319999999998,5.4939999999999145,-1.0218420094648628,stop,2.567528212595598,1.0151073898798844,418,0.34399999999982356,0.01,100754.69020544595,-0.17952573245548176,185.283714927283,-1040.1827756017424
2021-06-10,1900.568,1897.228,0.479643857255674,3.339999999999918,2021-06-11 03:06:00+00:00,2021-06-11 08:08:00+00:00,long,1900.992,1897.228,1897.178,3.7639999999998963,-1.0318809776833044,stop,0.5196599362380937,1.2178533475027062,302,0.37400000000002365,0.01,99715.02172309221,-0.18799205034906008,267.67983582744085,-1039.6684823537403
2021-06-15,1857.985,1853.048,0.6930581876886295,4.936999999999898,2021-06-16 03:18:00+00:00,2021-06-16 11:33:00+00:00,long,1858.2789999999998,1853.048,1852.998,5.230999999999767,-1.022940164404504,stop,0.6115465494170214,1.0655706365895794,495,0.2439999999999145,0.01,98694.99671594203,-0.196298405804197,190.6232493272733,-1020.0250071501864
2021-06-21,1787.328,1782.768,0.6240591213904386,4.559999999999945,2021-06-22 03:06:00+00:00,2021-06-22 05:22:00+00:00,long,1787.695,1782.768,1782.718,4.926999999999907,-1.0243555916379048,stop,0.46681550639334235,1.1400446519180165,136,0.3170000000000073,0.01,97684.00899841543,-0.20453116802442461,200.31458639322892,-1010.9877175265988
2021-06-22,1782.568,1777.078,0.7732394366197047,5.490000000000009,2021-06-23 03:00:00+00:00,2021-06-23 16:00:00+00:00,long,1782.962,1777.078,1786.578,5.8840000000000146,0.6026512576478547,time,2.018354860639012,0.9337185588035182,780,0.34400000000005093,0.01,98272.70290716522,-0.1997372651043272,166.01633072470293,588.6939087497941
2021-06-23,1779.908,1774.118,0.9361358124494598,5.789999999999964,2021-06-24 04:30:00+00:00,2021-06-24 08:22:00+00:00,short,1774.068,1780.322,1780.3719999999998,6.253999999999905,-1.0191877198592831,stop,0.16885193476176144,1.0367764630636427,232,0.41399999999998727,0.01,97271.1195871616,-0.20789344462499404,157.1357577664962,-1001.5833200036247
2021-06-24,1779.558,1773.588,0.9423835832675601,5.970000000000027,2021-06-25 05:47:00+00:00,2021-06-25 16:00:00+00:00,long,1779.9619999999998,1773.588,1778.948,6.373999999999796,-0.17006589268900277,time,1.6168810793850952,0.48227172889864134,613,0.35399999999981446,0.01,97105.6945893071,-0.20924054770944067,152.60608658168294,-165.4249978544938
2021-06-28,1778.058,1773.968,0.6365758754863619,4.089999999999918,2021-06-29 04:19:00+00:00,2021-06-29 05:31:00+00:00,short,1773.9180000000001,1778.5220000000002,1778.5720000000001,4.604000000000042,-1.0260642919200595,stop,0.0,1.0933970460468794,72,0.46400000000016917,0.005,96607.51116050618,-0.2132973978969086,105.45796545319962,-498.1834288009147
2021-06-29,1764.538,1758.908,0.9574829931972982,5.630000000000109,2021-06-30 04:44:00+00:00,2021-06-30 14:48:00+00:00,short,1758.858,1764.9099999999999,1764.9599999999998,6.051999999999907,-1.0198281559814866,stop,0.8800396563119801,1.1490416391275706,604,0.37199999999984357,0.005,96114.89586070228,-0.2173089052169519,79.81453334476839,-492.6152998038995
2021-07-04,1789.748,1784.338,0.920068027210899,5.410000000000082,2021-07-05 06:44:00+00:00,2021-07-05 16:00:00+00:00,long,1790.232,1784.338,1790.7250000000001,5.8940000000000055,0.07176789955890145,time,0.8306752629792932,0.2670512385476871,556,0.4339999999999691,0.005,96149.38568166351,-0.21702804473757165,81.53621976645927,34.48982096122577
2021-07-11,1810.708,1804.198,0.8127340823970151,6.509999999999991,2021-07-12 03:15:00+00:00,2021-07-12 16:00:00+00:00,short,1804.1480000000001,1811.182,1805.432,7.033999999999878,-0.19249360250211853,time,1.753767415410926,0.5066818311060439,765,0.4739999999999327,0.005,96056.84497352237,-0.2177816301992046,68.34616553999516,-92.54070814114512
2021-07-12,1812.598,1806.628,0.8468085106383072,5.970000000000027,2021-07-13 05:56:00+00:00,2021-07-13 12:17:00+00:00,short,1806.578,1812.942,1812.992,6.364000000000033,-1.0188560653676861,stop,0.07008170961657925,1.1367064739157584,381,0.34400000000005093,0.005,95567.50447791559,-0.2217664698517724,75.46892282646282,-489.340495606784
2021-07-14,1829.025,1824.178,0.6875177304964555,4.84699999999998,2021-07-15 03:09:00+00:00,2021-07-15 05:47:00+00:00,short,1824.1280000000002,1829.449,1829.499,5.320999999999913,-1.0225521518511478,stop,0.0255591054313469,1.0062018417590495,158,0.42399999999997817,0.005,95078.89069116091,-0.22574539170625119,89.80220304258332,-488.61378675468393
2021-07-15,1831.428,1825.528,0.9455128205128337,5.900000000000091,2021-07-16 05:14:00+00:00,2021-07-16 16:00:00+00:00,short,1825.478,1831.8220000000001,1812.972,6.344000000000051,1.96027742749054,time,2.455233291298849,0.29697351828499363,646,0.39400000000000546,0.005,96010.79570742452,-0.21815662254740742,74.93607399996858,931.9050162636157
2021-07-18,1817.178,1811.746,0.9098827470686753,5.432000000000016,2021-07-19 03:00:00+00:00,2021-07-19 16:00:00+00:00,short,1811.6960000000001,1817.5720000000001,1808.652,5.875999999999976,0.5061266167461043,time,2.791695030633133,0.7004765146357683,780,0.39400000000000546,0.005,96253.76380343702,-0.21617806383013038,81.69740955362909,242.9680960125008
2021-07-20,1809.748,1805.008,0.793969849246229,4.740000000000009,2021-07-21 06:02:00+00:00,2021-07-21 08:10:00+00:00,long,1810.1650000000002,1805.008,1804.958,5.157000000000153,-1.0232693426410608,stop,0.6773317820437478,1.2352142718634729,128,0.3670000000001892,0.005,95761.29617536766,-0.2201883686169912,93.32340876811534,-492.46762806935465
2021-07-21,1802.958,1798.708,0.7118927973199297,4.25,2021-07-22 03:00:00+00:00,2021-07-22 07:04:00+00:00,short,1798.6580000000001,1803.3220000000001,1803.372,4.663999999999987,-1.0257289879931293,stop,0.2457118353345173,1.0578902229845588,244,0.36400000000003274,0.005,95270.17048829331,-0.22418774559441013,102.66005164597763,-491.125687074351
2021-07-22,1808.448,1802.898,0.9296482412060564,5.550000000000182,2021-07-23 03:43:00+00:00,2021-07-23 07:49:00+00:00,short,1802.848,1808.8860000000002,1808.9360000000001,6.038000000000238,-1.019874130506782,stop,0.20304736667768086,1.1119576018548654,246,0.43800000000010186,0.005,94784.3525768434,-0.22814389983640215,78.89215840368462,-485.8179114499051
2021-07-26,1799.768,1794.565,0.8766638584667098,5.2029999999999745,2021-07-27 05:48:00+00:00,2021-07-27 07:43:00+00:00,short,1794.515,1800.192,1800.242,5.676999999999907,-1.0211379249603587,stop,0.11150255416594126,1.0264224062004745,115,0.42399999999997817,0.005,94300.41309129827,-0.23208475751884738,83.48102217442748,-483.9394855451446
2021-07-29,1830.345,1826.628,0.5956730769230918,3.7170000000000982,2021-07-30 05:16:00+00:00,2021-07-30 07:21:00+00:00,short,1826.578,1830.709,1830.759,4.1310000000000855,-1.0290486564996253,stop,0.09101912369885465,1.022512708787181,125,0.36400000000003274,0.005,93815.21452430346,-0.2360358682617515,114.13751281928869,-485.1985669948008
2021-08-02,1813.855,1809.308,0.6822205551387805,4.5470000000000255,2021-08-03 06:22:00+00:00,2021-08-03 13:47:00+00:00,short,1809.258,1814.289,1814.339,5.030999999999949,-1.023852116875364,stop,0.3784535877559164,1.0184853905784288,445,0.4339999999999691,0.005,93334.94999437434,-0.23994679972923671,93.23714423007793,-480.2645299291225
2021-08-03,1813.678,1808.845,0.774519230769243,4.833000000000084,2021-08-04 03:00:00+00:00,2021-08-04 15:09:00+00:00,long,1814.115,1808.845,1808.795,5.269999999999982,-1.022770398481965,stop,3.3187855787476415,1.0297912713472346,729,0.3869999999999436,0.005,92857.64887438415,-0.24383359930177873,88.55308348612398,-477.3011199902026
2021-08-04,1811.838,1808.908,0.4936815501263748,2.9300000000000637,2021-08-05 05:41:00+00:00,2021-08-05 07:29:00+00:00,short,1808.858,1812.212,1812.262,3.354000000000042,-1.035778175313045,stop,0.06141920095405517,1.0089445438282565,108,0.37400000000002365,0.005,92376.7492438093,-0.24774970257551987,138.4282183577564,-480.8996305748453
2021-08-05,1803.615,1799.745,0.6759825327510962,3.8700000000001182,2021-08-06 03:06:00+00:00,2021-08-06 16:00:00+00:00,short,1799.695,1803.859,1762.202,4.163999999999987,8.987271853986565,time,9.777377521613854,0.6308837656099809,774,0.2439999999999145,0.005,96527.82403601761,-0.2139463129495397,110.92308987008836,4151.07479220831
2021-08-09,1735.558,1730.098,0.9943543981059803,5.460000000000036,2021-08-10 03:17:00+00:00,2021-08-10 08:36:00+00:00,long,1735.962,1730.098,1730.048,5.864000000000033,-1.0204638472032663,stop,0.37448840381990117,1.211459754433834,319,0.35400000000004184,0.01,95542.79248923807,-0.22196770664549792,164.6108868281328,-985.0315467795446
2021-08-11,1753.468,1748.798,0.8575100991553526,4.670000000000073,2021-08-12 06:29:00+00:00,2021-08-12 12:01:00+00:00,long,1753.925,1748.798,1748.748,5.126999999999953,-1.0234055002925602,stop,0.8022235225278125,1.0165788960405768,332,0.4069999999999254,0.01,94565.0022957701,-0.2299301319297402,186.3522381299765,-977.7901934679695
2021-08-12,1756.705,1751.568,0.9432611090708628,5.136999999999944,2021-08-13 05:41:00+00:00,2021-08-13 16:00:00+00:00,long,1757.0789999999997,1751.568,1776.498,5.51099999999974,3.5109780439124,time,3.777717292687565,0.3195427327163533,619,0.32399999999984175,0.01,97885.15876359984,-0.20289314793900826,171.593181447604,3320.1564678297455
2021-08-16,1788.585,1784.308,0.8022132608084103,4.277000000000044,2021-08-17 05:34:00+00:00,2021-08-17 14:12:00+00:00,long,1788.919,1784.308,1784.258,4.611000000000104,-1.0260247234873026,stop,1.4135762307524735,1.125786163521994,518,0.2840000000001055,0.01,96880.83283406051,-0.21107166131376542,212.28618252786305,-1004.3259295393325
2021-08-23,1804.898,1801.098,0.6902815622161452,3.7999999999999545,2021-08-24 03:52:00+00:00,2021-08-24 06:34:00+00:00,short,1801.048,1805.252,1805.302,4.203999999999951,-1.0285442435775347,stop,0.0014272121788976124,1.0142721217887598,162,0.35400000000004184,0.01,95884.3706048158,-0.21918613832727452,230.4491742009078,-996.4622292447035
2021-08-25,1791.915,1787.185,0.8592188919164259,4.730000000000018,2021-08-26 04:05:00+00:00,2021-08-26 14:30:00+00:00,short,1787.135,1792.2489999999998,1792.2989999999998,5.113999999999805,-1.0234649980445756,stop,1.3355494720375807,1.1980836918263953,625,0.33399999999983265,0.01,94903.02763308017,-0.22717749490137507,187.49388072901732,-981.3429717356317
2021-08-30,1814.198,1809.628,0.8301544050862985,4.570000000000164,2021-08-31 03:21:00+00:00,2021-08-31 12:58:00+00:00,long,1814.625,1809.628,1809.578,4.997000000000071,-1.0240144086451777,stop,0.8905343205923518,1.122073243946346,577,0.3769999999999527,0.01,93931.20695587691,-0.2350913087068376,189.92000727051996,-971.8206772032555
2021-08-31,1815.348,1810.248,0.9264305177111368,5.099999999999909,2021-09-01 03:48:00+00:00,2021-09-01 08:04:00+00:00,long,1815.706,1810.248,1810.198,5.457999999999856,-1.0219860754855181,stop,0.22205936240381477,1.0018321729571256,256,0.3079999999999927,0.01,92971.24310025237,-0.24290856902203228,172.09821721487612,-959.9638556245466
2021-09-01,1815.918,1812.858,0.5558583106266821,3.0599999999999454,2021-09-02 03:03:00+00:00,2021-09-02 09:21:00+00:00,short,1812.808,1816.3419999999999,1816.3919999999998,3.533999999999878,-1.0339558573853873,stop,0.547821165817767,1.0113186191285208,378,0.42399999999997817,0.01,92009.9614865333,-0.25073656021839186,263.07652263796143,-961.2816137190671
2021-09-06,1827.128,1823.188,0.7157129881925066,3.939999999999827,2021-09-07 03:42:00+00:00,2021-09-07 16:00:00+00:00,short,1823.1380000000001,1827.484,1797.6219999999998,4.345999999999776,5.855039116429271,time,7.033133916245244,0.14565117349283097,738,0.35599999999999454,0.01,97397.18072258132,-0.20686689273407521,211.71183038780038,5387.219236048032
2021-09-08,1790.658,1786.968,0.6905586226255794,3.689999999999827,2021-09-09 04:41:00+00:00,2021-09-09 07:19:00+00:00,short,1786.9180000000001,1790.982,1791.032,4.063999999999851,-1.029527559055108,stop,0.0,1.0255905511811136,158,0.3240000000000691,0.01,96394.44990529964,-0.21503241665336803,239.65841713234474,-1002.7308172816837
2021-09-13,1793.164,1789.645,0.6098786828422785,3.5190000000000055,2021-09-14 05:45:00+00:00,2021-09-14 08:04:00+00:00,long,1793.552,1789.645,1789.595,3.9069999999999254,-1.0307141028922338,stop,0.31123624264145,1.1476836447402123,139,0.33799999999996544,0.01,95400.89871572032,-0.22312318823805422,246.7224210527297,-993.5511895793129
2021-09-14,1804.528,1801.298,0.5597920277296299,3.230000000000018,2021-09-15 06:22:00+00:00,2021-09-15 12:20:00+00:00,short,1801.248,1804.836,1804.886,3.5879999999999654,-1.0334448160534992,stop,0.5981047937569618,1.096432552954294,358,0.3079999999999927,0.01,94414.98307347426,-0.23115178137632975,265.88879240724987,-985.915642246061
2021-09-15,1796.074,1792.328,0.6949907235621714,3.7460000000000946,2021-09-16 03:43:00+00:00,2021-09-16 16:00:00+00:00,short,1792.278,1796.362,1755.002,4.08400000000006,9.110186092066483,time,11.460822722820605,0.1366307541625819,737,0.2880000000000109,0.01,103016.36373026084,-0.16110827789417514,231.1826226088954,8601.380656786576
2021-09-16,1758.018,1753.728,0.8728382502543226,4.289999999999964,2021-09-17 03:00:00+00:00,2021-09-17 12:57:00+00:00,long,1758.346,1753.728,1753.678,4.617999999999938,-1.0259852750108178,stop,1.96427024686012,1.1515807708965038,597,0.27800000000002,0.01,101959.43100753678,-0.16971518343626557,223.07571184552233,-1056.932722724061
2021-09-20,1766.018,1762.258,0.8086021505376166,3.759999999999991,2021-09-21 03:02:00+00:00,2021-09-21 09:31:00+00:00,short,1762.208,1766.296,1766.346,4.087999999999965,-1.0293542074363884,stop,1.0009784735812457,1.1093444227005609,389,0.27800000000002,0.01,100909.9073145825,-0.1782617551292699,249.4115239910412,-1049.5236929542814
2021-09-29,1733.398,1728.706,0.8131715771230381,4.692000000000007,2021-09-30 03:11:00+00:00,2021-09-30 06:37:00+00:00,long,1733.762,1728.706,1728.656,5.05600000000004,-1.0237341772151807,stop,0.19462025316458528,1.0494462025316451,206,0.3140000000000782,0.01,99876.85810520695,-0.18667417038925982,199.58446858105557,-1033.0492093755424
2021-10-05,1759.318,1754.108,0.8025261860751657,5.210000000000036,2021-10-06 04:07:00+00:00,2021-10-06 12:27:00+00:00,short,1754.058,1759.565,1759.615,5.507000000000062,-1.0217904485200568,stop,1.4465226075903042,1.092064644997245,500,0.24700000000007094,0.01,98856.32590880601,-0.19498465603156878,181.36346124061345,-1020.5321964009348
2021-10-06,1764.098,1758.275,0.8969500924214107,5.822999999999865,2021-10-07 03:10:00+00:00,2021-10-07 07:16:00+00:00,short,1758.2250000000001,1764.425,1764.475,6.199999999999818,-1.0193548387096707,stop,0.3150000000000418,1.0543548387096773,246,0.3269999999999982,0.01,97848.629167284,-0.20319061889266632,159.4456869496918,-1007.6967415220159
2021-10-12,1762.908,1759.395,0.5174928187375591,3.51299999999992,2021-10-13 04:27:00+00:00,2021-10-13 12:40:00+00:00,long,1763.232,1759.395,1759.345,3.836999999999989,-1.0312744331508874,stop,3.7125358352880267,1.3320302319520174,493,0.2740000000001146,0.01,96839.54127149317,-0.21140791032097406,255.013367649946,-1009.087895790822
2021-10-14,1796.378,1793.738,0.38244241634070186,2.6399999999998727,2021-10-15 04:59:00+00:00,2021-10-15 16:00:00+00:00,short,1793.688,1796.742,1768.542,3.05399999999986,8.210870988867496,time,9.389652914211354,0.33202357563848817,661,0.36400000000003274,0.01,104790.91107150658,-0.14665763120901498,317.0908358595207,7951.369800013399
2021-10-17,1772.008,1768.898,0.4505287556135185,3.1100000000001273,2021-10-18 03:11:00+00:00,2021-10-18 16:00:00+00:00,short,1768.848,1772.3,1768.072,3.451999999999998,0.2045191193511204,time,2.4252607184240578,0.760139049826195,769,0.2919999999999163,0.01,105005.22851999004,-0.1449123829113137,303.56579105303194,214.31744848346096
2021-10-21,1787.028,1783.424,0.5076056338028293,3.604000000000042,2021-10-22 03:09:00+00:00,2021-10-22 15:40:00+00:00,long,1787.426,1783.424,1783.374,4.001999999999953,-1.029985007496241,stop,6.577211394302956,1.1564217891054431,751,0.34799999999995634,0.01,103923.69040914698,-0.15371965716828395,262.3818803597983,-1081.5381108430643
2021-10-24,1797.814,1792.164,0.795774647887347,5.650000000000091,2021-10-25 03:28:00+00:00,2021-10-25 16:00:00+00:00,long,1798.192,1792.164,1807.988,6.02800000000002,1.6134704711347074,time,1.9545454545454357,0.37392169873920006,752,0.32799999999997453,0.01,105600.46846641201,-0.14006517373367666,172.40160983600967,1676.7780572650386
2021-10-25,1807.868,1802.618,0.7626933972543009,5.25,2021-10-26 04:14:00+00:00,2021-10-26 16:00:00+00:00,short,1802.568,1808.19,1790.126,5.622000000000071,2.2006403415154483,time,3.5542511561721306,0.7449306296691656,706,0.3220000000001164,0.01,107924.35497631317,-0.12114110103611919,187.83434447956364,2323.8865099011623
2021-10-26,1794.288,1788.198,0.938077634011067,6.089999999999918,2021-10-27 03:00:00+00:00,2021-10-27 12:13:00+00:00,short,1788.1480000000001,1794.59,1794.6399999999999,6.44199999999978,-1.0186277553554732,stop,0.6948152747594327,1.1918658801614632,553,0.30199999999990723,0.01,106825.00754173608,-0.13009340171137684,167.53237344973124,-1099.347434577092
2021-10-28,1799.864,1795.438,0.6817621688231484,4.425999999999931,2021-10-29 03:02:00+00:00,2021-10-29 16:00:00+00:00,short,1795.3880000000001,1800.196,1778.392,4.807999999999765,3.520382695507679,time,4.822379367720732,0.8161397670548964,778,0.33199999999987995,0.01,110585.65662171014,-0.09946936035814458,222.18179605187458,3760.6490799740504
2021-11-01,1792.538,1789.158,0.529075682867668,3.380000000000109,2021-11-02 04:12:00+00:00,2021-11-02 11:46:00+00:00,long,1792.896,1789.158,1789.108,3.7380000000000564,-1.0321027287319295,stop,0.9074371321562337,1.2728731942215,454,0.3079999999999927,0.01,109444.29904213134,-0.10876376166295532,295.84177801420134,-1141.357579578792
2021-11-03,1778.178,1773.348,0.7334851936219,4.830000000000155,2021-11-04 06:00:00+00:00,2021-11-04 10:32:00+00:00,short,1773.298,1778.536,1778.586,5.238000000000056,-1.022909507445581,stop,0.43948071783121084,1.0030546009927164,272,0.35799999999994725,0.01,108324.78290187221,-0.11788030187870524,208.94291531525423,-1119.5161402591343
2021-11-04,1796.054,1789.974,0.9233105542900875,6.080000000000155,2021-11-05 05:03:00+00:00,2021-11-05 12:30:00+00:00,long,1796.382,1789.974,1789.924,6.408000000000129,-1.0187265917602921,stop,0.5683520599250549,1.3255305867665372,447,0.27800000000002,0.01,107221.24953298423,-0.12686668981462246,169.0461655772004,-1103.5333688879784
2021-11-08,1827.088,1821.758,0.8759244042727847,5.329999999999927,2021-11-09 07:36:00+00:00,2021-11-09 11:42:00+00:00,short,1821.708,1827.422,1827.472,5.713999999999942,-1.0210010500524949,stop,0.40444522226114327,1.2406370318515951,246,0.33400000000006,0.01,106126.51944937307,-0.13578139007997325,187.64656901117488,-1094.7300836111747
2021-11-09,1830.763,1826.028,0.8073316283034614,4.7349999999999,2021-11-10 04:16:00+00:00,2021-11-10 13:33:00+00:00,short,1825.978,1831.1219999999998,1831.1719999999998,5.143999999999778,-1.0233281493001478,stop,0.6485225505443539,2.7573872472784955,557,0.3589999999999236,0.01,105040.49690197513,-0.14462518238677535,206.31127420174502,-1086.0225473979308
2021-11-16,1855.978,1851.854,0.6577352472089371,4.124000000000024,2021-11-17 06:54:00+00:00,2021-11-17 17:00:00+00:00,long,1856.382,1851.854,1866.1380000000001,4.52800000000002,2.139134275618384,time,2.537985865724362,0.5053003533568906,606,0.35400000000004184,0.01,107287.45417448514,-0.12632756647820265,231.97989598492637,2246.9572725100165
2021-11-18,1863.528,1858.918,0.7576006573541659,4.610000000000127,2021-11-19 04:21:00+00:00,2021-11-19 06:56:00+00:00,long,1863.925,1858.918,1858.868,5.007000000000062,-1.0239664469742267,stop,0.0,1.051927301777509,155,0.34699999999998,0.01,106188.86664192556,-0.13527367905392906,214.27492345612907,-1098.5875325595773
2021-11-21,1848.454,1843.944,0.7411668036154418,4.509999999999991,2021-11-22 04:09:00+00:00,2021-11-22 06:39:00+00:00,long,1848.8619999999999,1843.944,1843.894,4.917999999999893,-1.0244001626677424,stop,0.024806832045561937,1.0073200488003373,150,0.35799999999994725,0.01,105101.06771931064,-0.1441319368923315,215.91880163059753,-1087.7989226149173
2021-11-22,1812.318,1806.384,0.9751848808545495,5.933999999999969,2021-11-23 06:13:00+00:00,2021-11-23 17:00:00+00:00,short,1806.334,1812.6819999999998,1782.995,6.347999999999729,3.6655639571520418,time,3.80419029615645,0.598298676748608,647,0.36399999999980537,0.01,108953.61457621165,-0.11275954565028146,165.5656391293559,3852.5468569010104
2021-11-24,1794.155,1789.908,0.6947488957958501,4.247000000000071,2021-11-25 07:10:00+00:00,2021-11-25 11:25:00+00:00,long,1794.6519999999998,1789.908,1789.858,4.7439999999999145,-1.0252951096121325,stop,0.06661045531202867,1.0322512647554374,255,0.44699999999988904,0.01,107836.5184942161,-0.1218563786392296,229.66613527869652,-1117.0960819955496
2021-12-01,1781.798,1778.958,0.45093680533501385,2.839999999999918,2021-12-02 04:00:00+00:00,2021-12-02 17:00:00+00:00,short,1778.9080000000001,1782.2150000000001,1767.052,3.3070000000000164,3.56395524644698,time,4.615361354702169,0.7843967342001242,780,0.4170000000001437,0.01,111679.76375267649,-0.0905597329744029,326.0856319752512,3843.245258460383
2021-12-05,1787.635,1782.005,0.8632321373811469,5.629999999999882,2021-12-06 04:46:00+00:00,2021-12-06 17:00:00+00:00,short,1781.9550000000002,1787.992,1784.782,6.036999999999807,-0.4798741096570918,time,0.9930429021037452,0.7338081828722839,734,0.3569999999999709,0.01,111143.84148070119,-0.09492390135865503,184.9921546342224,-535.9222719752999
2021-12-06,1781.205,1777.318,0.6171800571609943,3.8869999999999436,2021-12-07 04:00:00+00:00,2021-12-07 06:00:00+00:00,short,1777.268,1781.642,1781.692,4.374000000000024,-1.0274348422496467,stop,0.02926383173295116,1.133287608596217,120,0.4370000000001255,0.01,110001.91092831375,-0.10422296854497004,254.10114650365932,-1141.9305523874395
2021-12-07,1790.418,1784.368,0.9606224198158071,6.0499999999999545,2021-12-08 05:45:00+00:00,2021-12-08 11:47:00+00:00,long,1790.7649999999999,1784.368,1784.318,6.3969999999999345,-1.0187587931842983,stop,0.3490698765046424,1.2615288416445238,362,0.29700000000002547,0.01,108881.2567880608,-0.11334877582024339,171.95859141521788,-1120.654140252956
2021-12-08,1784.655,1782.065,0.4112416640203108,2.589999999999918,2021-12-09 04:01:00+00:00,2021-12-09 09:47:00+00:00,long,1785.0819999999999,1782.065,1782.015,3.0169999999998254,-1.039774610540259,stop,0.8031156778257771,1.0288365926416951,346,0.3769999999999527,0.01,107749.1371243414,-0.12256795013330879,360.8924653233911,-1132.1196637193984
2021-12-09,1779.545,1775.418,0.6767792718924581,4.12700000000018,2021-12-10 06:06:00+00:00,2021-12-10 13:33:00+00:00,short,1775.368,1779.942,1779.992,4.574000000000069,-1.0262352426759844,stop,1.0959772627896467,1.417577612592928,447,0.3969999999999345,0.01,106643.37750549214,-0.13157246705957515,235.5687300488408,-1105.7596188492641
2021-12-13,1789.415,1785.718,0.6393981321341987,3.696999999999889,2021-12-14 04:00:00+00:00,2021-12-14 17:00:00+00:00,short,1785.6680000000001,1789.762,1773.812,4.093999999999824,2.8788470933074572,time,4.649731314118436,0.7393746946751213,780,0.34699999999998,0.01,109713.4772790139,-0.10657176627003806,260.48699928064667,3070.0997735217593
2021-12-14,1773.275,1769.578,0.6568357466465614,3.6970000000001164,2021-12-15 05:24:00+00:00,2021-12-15 13:30:00+00:00,short,1769.528,1773.6190000000001,1773.669,4.091000000000122,-1.029332681495955,stop,0.6027866047421286,1.0894646785626367,486,0.34400000000005093,0.01,108584.16060137536,-0.11576811506553264,268.1825404033504,-1129.3166776385292
2021-12-19,1802.438,1798.918,0.6087858872362945,3.520000000000209,2021-12-20 05:14:00+00:00,2021-12-20 07:30:00+00:00,long,1802.7420000000002,1798.918,1798.868,3.8240000000002965,-1.031380753138061,stop,0.3441422594141479,1.060146443514585,136,0.2540000000001328,0.01,107464.24446797626,-0.12488791253985665,283.95439487805163,-1119.916133399107
2021-12-20,1792.558,1789.168,0.5863023175372092,3.3900000000001,2021-12-21 05:33:00+00:00,2021-12-21 06:33:00+00:00,long,1792.8549999999998,1789.168,1789.118,3.686999999999898,-1.0325467860048705,stop,0.12286411716848777,1.0,60,0.24699999999984357,0.01,106354.62586561775,-0.13392385427286646,291.46798065630384,-1109.6186023585055
2021-12-21,1790.598,1788.198,0.4264013502709246,2.3999999999998636,2021-12-22 05:03:00+00:00,2021-12-22 10:38:00+00:00,short,1788.1480000000001,1791.0149999999999,1791.0649999999998,2.8669999999997344,-1.0418555981862454,stop,0.7241018486224072,1.0931287059644497,335,0.4169999999999163,0.01,105246.56424210678,-0.14294711708168029,370.9613737901207,-1108.061623510975
2021-12-27,1811.498,1808.398,0.6155679110405561,3.1000000000001364,2021-12-28 05:33:00+00:00,2021-12-28 17:00:00+00:00,long,1811.942,1808.398,1810.528,3.5440000000000964,-0.4187358916478406,time,2.3016365688486746,0.7739841986455597,687,0.39400000000000546,0.01,104805.85910289887,-0.14653590511286185,296.97111806462726,-440.70513920790313
2021-12-29,1803.598,1801.225,0.6104965268845077,2.3730000000000473,2021-12-30 04:02:00+00:00,2021-12-30 12:38:00+00:00,short,1801.175,1803.934,1803.984,2.7590000000000146,-1.043494019572292,stop,1.69989126495108,1.1370061616527463,516,0.33600000000001273,0.01,103712.21623099876,-0.15544175190220588,379.86900725950824,-1093.6428719001124
