date,first_side,first_bar_utc,time_to_first_minutes,MFE_lag_range,MAE_lag_range,endpoint_lag_range
2016-01-04,up,2016-01-04 08:00:00+00:00,0.0,,,
2016-01-05,up,2016-01-05 09:21:00+00:00,81.0,,,
2016-01-06,up,2016-01-06 08:00:00+00:00,0.0,,,
2016-01-07,none,,,,,
2016-01-08,down,2016-01-08 08:00:00+00:00,0.0,,,
2016-01-11,down,2016-01-11 08:49:00+00:00,49.0,,,
2016-01-12,up,2016-01-12 08:12:00+00:00,12.0,,,
2016-01-13,down,2016-01-13 08:00:00+00:00,0.0,,,
2016-01-14,down,2016-01-14 08:00:00+00:00,0.0,,,
2016-01-15,up,2016-01-15 08:00:00+00:00,0.0,,,
2016-01-18,down,2016-01-18 08:00:00+00:00,0.0,,,
2016-01-19,up,2016-01-19 08:06:00+00:00,6.0,,,
2016-01-20,up,2016-01-20 08:00:00+00:00,0.0,,,
2016-01-21,down,2016-01-21 10:19:00+00:00,139.0,,,
2016-01-22,down,2016-01-22 08:00:00+00:00,0.0,,,
2016-01-25,up,2016-01-25 08:00:00+00:00,0.0,,,
2016-01-26,up,2016-01-26 08:00:00+00:00,0.0,,,
2016-01-27,down,2016-01-27 08:00:00+00:00,0.0,,,
2016-01-28,down,2016-01-28 08:00:00+00:00,0.0,,,
2016-01-29,none,,,,,
2016-02-01,up,2016-02-01 08:00:00+00:00,0.0,0.3123352886168437,0.28955198503782253,-0.09402363342682592
2016-02-02,down,2016-02-02 08:05:00+00:00,5.0,0.24845940877021735,0.291506653567928,0.06349915155847394
2016-02-03,down,2016-02-03 08:00:00+00:00,0.0,0.2666062528318972,0.856003624830113,-0.45690983235163873
2016-02-04,up,2016-02-04 08:20:00+00:00,20.0,0.6850928862709872,0.16166742183956842,0.312007249660189
2016-02-05,up,2016-02-05 09:14:00+00:00,74.0,0.6828260052611824,0.3081548290116684,0.39252160841787687
2016-02-08,up,2016-02-08 09:00:00+00:00,60.0,1.630119661445697,0.10137172876738172,1.3379706197101484
2016-02-09,down,2016-02-09 08:00:00+00:00,0.0,1.0055090797796227,0.8755356049785719,-0.1747602530095648
2016-02-10,down,2016-02-10 08:00:00+00:00,0.0,1.5343904448105499,0.2590609555189538,1.3210461285008177
2016-02-11,up,2016-02-11 08:32:00+00:00,32.0,5.45078025321421,0.32898223574441415,4.463637255864135
2016-02-12,none,,,,,
2016-02-15,down,2016-02-15 08:00:00+00:00,0.0,1.3149192033070356,-0.00018789928597826995,0.9046411123637637
2016-02-16,up,2016-02-16 09:53:00+00:00,113.0,1.4944973642837784,0.045685748635872825,1.1338204013687563
2016-02-17,up,2016-02-17 08:00:00+00:00,0.0,0.2477396021699634,1.6703435804701854,-1.406871609403257
2016-02-18,down,2016-02-18 08:00:00+00:00,0.0,1.0613019891500801,0.14430379746835548,0.471880650994582
2016-02-19,down,2016-02-19 08:00:00+00:00,0.0,0.9298067141404054,1.1502820678812347,-0.9876075094793079
2016-02-22,down,2016-02-22 08:00:00+00:00,0.0,2.309403254972879,-0.5502712477396265,2.0092224231465026
2016-02-23,none,,,,,
2016-02-24,down,2016-02-24 08:00:00+00:00,0.0,0.24982864976007962,2.356751199451651,-2.199708704592154
2016-02-25,up,2016-02-25 08:00:00+00:00,0.0,0.5986016089015784,0.7925719870686257,-0.6163446357416561
2016-02-26,down,2016-02-26 08:17:00+00:00,17.0,0.6035275547319872,0.5849975979685543,-0.4285224075217955
2016-02-29,up,2016-02-29 08:00:00+00:00,0.0,0.9745384668176297,-0.10019902546153471,0.14075904193259978
2016-03-01,none,,,,,
2016-03-02,none,,,,,
2016-03-03,up,2016-03-03 08:00:00+00:00,0.0,0.29627830732801,0.30732803108495854,0.3021674458138462
2016-03-04,up,2016-03-04 08:17:00+00:00,17.0,1.4551636209094676,0.138060834193424,0.8161010260457777
2016-03-07,up,2016-03-07 10:23:00+00:00,143.0,0.5527290389169004,0.17133143099994633,0.40932548114866935
2016-03-08,up,2016-03-08 08:00:00+00:00,0.0,0.5274611398963595,0.09440414507772533,0.3404145077720024
2016-03-09,down,2016-03-09 11:45:00+00:00,225.0,0.24062176165801727,0.06642487046632853,-0.03678756476684091
2016-03-10,down,2016-03-10 08:00:00+00:00,0.0,0.17317864604168193,0.38849624394364624,-0.2864381917589187
2016-03-11,down,2016-03-11 08:25:00+00:00,25.0,0.7699481865284731,0.061243523316074217,0.5432124352331514
2016-03-14,up,2016-03-14 08:08:00+00:00,8.0,0.43618999748679527,0.38673033425483183,-0.2567981905001191
2016-03-15,none,,,,,
2016-03-16,down,2016-03-16 08:13:00+00:00,13.0,0.04456317163499019,0.4168538643676755,-0.319531297431845
2016-03-17,up,2016-03-17 08:00:00+00:00,0.0,1.0594554084436674,-0.02010991756180757,0.8899575318511148
2016-03-18,down,2016-03-18 08:38:00+00:00,38.0,0.9182927584711666,0.13603419438765463,0.8358421606888381
2016-03-21,down,2016-03-21 08:00:00+00:00,0.0,0.4927448242365359,0.5260154210430583,-0.1951915487827178
2016-03-22,up,2016-03-22 08:00:00+00:00,0.0,1.4183716835650584,-0.07637666201200963,0.26397911480784136
2016-03-23,down,2016-03-23 11:52:00+00:00,232.0,0.292386793037245,0.16589233723594615,0.0066902062813711475
2016-03-24,down,2016-03-24 08:00:00+00:00,0.0,0.10564021613744043,0.5804140610770411,-0.5362758788172927
2016-03-28,up,2016-03-28 07:08:00+00:00,8.0,0.344727096108332,0.1942808572642716,0.12871106793760823
2016-03-29,down,2016-03-29 07:08:00+00:00,8.0,0.16380304778094013,0.40689697043289563,-0.1464999089308488
2016-03-30,up,2016-03-30 07:41:00+00:00,41.0,0.15573313510500644,1.2615994548720777,-1.1393173511738706
2016-03-31,up,2016-03-31 07:18:00+00:00,18.0,0.7407545065972906,0.10382209006999492,0.4937743913770668
2016-04-01,up,2016-04-01 07:40:00+00:00,40.0,0.013826912199094711,0.48167934133618734,-0.28483439130161975
2016-04-04,down,2016-04-04 08:43:00+00:00,103.0,0.16554584878382958,0.17371629690151932,-0.1040160894978424
2016-04-05,up,2016-04-05 07:35:00+00:00,35.0,0.9687637483501655,0.10068506064988296,0.7407453962666954
2016-04-06,down,2016-04-06 07:00:00+00:00,0.0,0.5087046697253413,-0.026271133178311392,0.36314499402926836
2016-04-07,up,2016-04-07 08:54:00+00:00,114.0,0.9856074413927162,0.16604864559111512,0.7110175350386175
2016-04-08,down,2016-04-08 07:00:00+00:00,0.0,0.6723650304820359,0.4324052542266348,-0.019546225881503256
2016-04-11,up,2016-04-11 07:14:00+00:00,14.0,0.20287833639762823,0.8169657008812435,-0.3497115323654364
2016-04-12,up,2016-04-12 07:04:00+00:00,4.0,0.5832752171432027,0.2778165219045219,-0.1824003043175
2016-04-13,down,2016-04-13 07:25:00+00:00,25.0,1.024915995688837,0.3622646294300318,0.8309135865085974
2016-04-14,up,2016-04-14 08:09:00+00:00,69.0,0.3260001267989463,0.360109047105829,-0.2729347619349682
2016-04-15,none,,,,,
2016-04-18,down,2016-04-18 07:00:00+00:00,0.0,0.2826663300088397,0.8572149981062898,-0.5490468375205032
2016-04-19,up,2016-04-19 07:00:00+00:00,0.0,1.5375158965663789,-0.7870566624276183,1.0168150346192253
2016-04-20,down,2016-04-20 08:10:00+00:00,70.0,0.04483099985857887,0.5985009192476345,-0.2766935369820113
2016-04-21,up,2016-04-21 07:00:00+00:00,0.0,0.8508907823392604,-0.11786728634133917,0.5792021688613465
2016-04-22,none,,,,,
2016-04-25,none,,,,,
2016-04-26,down,2016-04-26 07:00:00+00:00,0.0,0.388014686598488,0.09467610805140077,0.29805927091527906
2016-04-27,up,2016-04-27 07:00:00+00:00,0.0,0.1287699973773897,0.30920535011801137,-0.23905061631262764
2016-04-28,up,2016-04-28 07:00:00+00:00,0.0,0.5193330458531147,0.17478798332613418,0.1880839442288511
2016-04-29,none,,,,,
2016-05-02,up,2016-05-02 07:26:00+00:00,26.0,0.7672773215413526,0.616677195198994,0.3394819962097122
2016-05-03,up,2016-05-03 07:00:00+00:00,0.0,0.5940619077700509,0.42969046114972004,-0.20518003790271735
2016-05-04,down,2016-05-04 09:43:00+00:00,163.0,0.4334405144694406,0.11099678456592398,0.21839228295821192
2016-05-05,down,2016-05-05 07:54:00+00:00,54.0,0.3631446540880412,0.1688050314465523,-0.11974842767298367
2016-05-06,up,2016-05-06 08:55:00+00:00,115.0,0.18263665594856296,0.17980707395497297,0.05807073954985531
2016-05-09,down,2016-05-09 07:44:00+00:00,44.0,0.6801286173633182,0.11331189710612065,0.36180064308680165
2016-05-10,up,2016-05-10 07:00:00+00:00,0.0,0.13118971061093052,0.47228295819936156,-0.33762057877813606
2016-05-11,up,2016-05-11 07:00:00+00:00,0.0,0.35112540192926384,0.3468810289388935,0.13787781350483852
2016-05-12,down,2016-05-12 07:00:00+00:00,0.0,0.5862379421221873,0.2996784565916314,0.42688102893890284
2016-05-13,up,2016-05-13 07:00:00+00:00,0.0,0.1771061093247533,0.2574919614148149,-0.14996784565918594
2016-05-16,up,2016-05-16 07:00:00+00:00,0.0,0.4727893306364996,0.04323367675875104,0.401365274002904
2016-05-17,down,2016-05-17 07:26:00+00:00,26.0,0.658618292143362,0.03185639340116985,0.028506415523672606
2016-05-18,down,2016-05-18 07:00:00+00:00,0.0,0.36179761077050704,0.07610138423612478,0.08463434675431067
2016-05-19,none,,,,,
2016-05-20,none,,,,,
2016-05-23,down,2016-05-23 08:58:00+00:00,118.0,0.2787017167381976,0.24141630901290306,0.13686963519311554
2016-05-24,down,2016-05-24 07:00:00+00:00,0.0,0.45067946724361413,0.06328172537354927,0.3107971063484752
2016-05-25,down,2016-05-25 07:27:00+00:00,27.0,0.419460880999355,0.18277449046678373,0.27797501643656275
2016-05-26,none,,,,,
2016-05-27,up,2016-05-27 07:37:00+00:00,37.0,0.06456278763970962,0.7195266272189415,-0.45233399079554215
2016-05-30,up,2016-05-30 10:08:00+00:00,188.0,0.3092702169625403,0.16015779092700363,0.18882314266931852
2016-05-31,down,2016-05-31 07:18:00+00:00,18.0,0.03745414762853983,0.3207413604479299,-0.14447519145378387
2016-06-01,none,,,,,
2016-06-02,up,2016-06-02 07:00:00+00:00,0.0,0.21107430194036267,0.2013386518829101,0.09417889256980976
2016-06-03,none,,,,,
2016-06-06,down,2016-06-06 07:03:00+00:00,3.0,0.08910824149819362,0.23568386180785234,-0.060374552092522564
2016-06-07,down,2016-06-07 08:16:00+00:00,76.0,0.2140490839023578,0.10262997768913924,0.12277736461360549
2016-06-08,up,2016-06-08 07:00:00+00:00,0.0,0.5720611637722303,-0.07112710163978374,0.46799972324085903
2016-06-09,down,2016-06-09 07:04:00+00:00,4.0,0.5288775365403825,0.11636157230026016,0.1524052788420697
2016-06-10,up,2016-06-10 07:13:00+00:00,13.0,0.37454808387562283,0.3761388286334239,0.24287780187996683
2016-06-13,up,2016-06-13 08:58:00+00:00,118.0,0.32665226138141706,0.049027643245652286,0.3131659339840518
2016-06-14,down,2016-06-14 07:06:00+00:00,6.0,0.46658222189104337,0.3354444527233393,-0.296922733030334
2016-06-15,up,2016-06-15 07:01:00+00:00,1.0,0.05388679245282672,0.8075471698113209,-0.7495849056603743
2016-06-16,up,2016-06-16 07:00:00+00:00,0.0,1.281230082855358,0.16284257488845477,0.04445506692160587
2016-06-17,up,2016-06-17 10:33:00+00:00,213.0,0.3191523263225257,0.04429572976418452,0.27421924792861957
2016-06-20,down,2016-06-20 10:55:00+00:00,235.0,0.12286792452828148,0.09615094339625388,-0.05252830188682109
2016-06-21,down,2016-06-21 07:16:00+00:00,16.0,0.6462938881664391,0.06920965178442977,0.5993353561623872
2016-06-22,none,,,,,
2016-06-23,up,2016-06-23 07:04:00+00:00,4.0,0.5384927614666455,1.2627519956704083,-0.9012312271682068
2016-06-24,none,,,,,
2016-06-27,none,,,,,
2016-06-28,down,2016-06-28 07:32:00+00:00,32.0,0.9695130761450641,0.18537783557287857,0.8962577662187444
2016-06-29,up,2016-06-29 07:00:00+00:00,0.0,0.27967953386742284,0.7180030457524997,-0.5138052042640657
2016-06-30,down,2016-06-30 07:02:00+00:00,2.0,0.1362060425953326,0.7965577018325873,-0.4296681525507699
2016-07-01,up,2016-07-01 07:44:00+00:00,44.0,0.23142644873701546,0.5721892025755144,-0.18022535908863271
2016-07-04,none,,,,,
2016-07-05,none,,,,,
2016-07-06,up,2016-07-06 09:42:00+00:00,162.0,0.4105759162303497,0.06827225130890541,0.2942408376963069
2016-07-07,down,2016-07-07 10:00:00+00:00,180.0,0.16999999999999268,0.09602040816326779,0.07076530612245721
2016-07-08,down,2016-07-08 07:07:00+00:00,7.0,0.0477551020408236,0.3186734693877577,-0.2660204081632605
2016-07-11,down,2016-07-11 07:00:00+00:00,0.0,0.5950000000000092,0.01826530612243456,0.3186734693877577
2016-07-12,down,2016-07-12 09:44:00+00:00,164.0,0.1454450261780003,0.20335078534031584,-0.006387434554965661
2016-07-13,up,2016-07-13 07:00:00+00:00,0.0,0.3759162303664853,0.43685863874346015,-0.31507853403141656
2016-07-14,down,2016-07-14 07:00:00+00:00,0.0,0.8958163265306056,0.035816326530623506,0.41102040816326446
2016-07-15,none,,,,,
2016-07-18,none,,,,,
2016-07-19,up,2016-07-19 08:23:00+00:00,83.0,0.3040857334226272,0.12525117213663442,0.011195100947274094
2016-07-20,down,2016-07-20 07:00:00+00:00,0.0,0.7861877601356322,-0.0389496942603053,0.6419505678022601
2016-07-21,up,2016-07-21 07:43:00+00:00,43.0,0.46106695756065735,0.10825411666925537,0.0914238221391211
2016-07-22,down,2016-07-22 07:06:00+00:00,6.0,0.2960885148823583,0.21079424445483338,-0.11230585424132823
2016-07-25,none,,,,,
2016-07-26,up,2016-07-26 07:56:00+00:00,56.0,0.214790855764496,0.31039964914203616,-0.16983717997916764
2016-07-27,up,2016-07-27 09:00:00+00:00,120.0,0.10605386156242773,0.1322056532383823,0.04423547740928215
2016-07-28,up,2016-07-28 07:03:00+00:00,3.0,0.2739817493879359,0.20231471177386887,-0.04022924549298671
2016-07-29,none,,,,,
2016-08-01,none,,,,,
2016-08-02,up,2016-08-02 07:00:00+00:00,0.0,0.838305792115506,0.06530934521459039,0.4535559190119211
2016-08-03,none,,,,,
2016-08-04,down,2016-08-04 07:07:00+00:00,7.0,0.08688915375447473,0.46972586412396156,-0.36823599523242534
2016-08-05,none,,,,,
2016-08-08,down,2016-08-08 07:39:00+00:00,39.0,0.32834267876757606,0.06011908202786086,0.14018151338228713
2016-08-09,down,2016-08-09 07:00:00+00:00,0.0,0.22325362787146413,0.25850420069326724,-0.14816990776099764
2016-08-10,up,2016-08-10 07:01:00+00:00,1.0,0.09752658480702152,0.29810234416309744,-0.13489219199810984
2016-08-11,none,,,,,
2016-08-12,up,2016-08-12 10:52:00+00:00,232.0,0.0026548672566318898,0.17067003792669302,-0.13457648546143577
2016-08-15,up,2016-08-15 07:00:00+00:00,0.0,0.3353054387340637,0.28098937914320393,-0.10064865635468014
2016-08-16,up,2016-08-16 07:03:00+00:00,3.0,0.786280511733776,0.17596734950162402,0.7298485205242907
2016-08-17,none,,,,,
2016-08-18,down,2016-08-18 07:58:00+00:00,58.0,0.7578571959283582,0.05661639051936753,0.16123040344747813
2016-08-19,down,2016-08-19 09:24:00+00:00,144.0,0.19464720194647367,0.5560003139470874,-0.0566674515343971
2016-08-22,none,,,,,
2016-08-23,up,2016-08-23 07:06:00+00:00,6.0,0.6124186279419042,0.2333500250375844,-0.13979302286765297
2016-08-24,up,2016-08-24 08:42:00+00:00,102.0,0.10869951965840433,0.5004447607187633,-0.33552748621241985
2016-08-25,down,2016-08-25 09:54:00+00:00,174.0,0.10158334815867749,0.19195872620529736,-0.131827077032557
2016-08-26,up,2016-08-26 07:25:00+00:00,25.0,0.3787582280732887,0.10852161537095566,0.05061376979184962
2016-08-29,none,,,,,
2016-08-30,down,2016-08-30 07:00:00+00:00,0.0,0.5536381426792254,0.014054438712005004,0.26267568048386314
2016-08-31,none,,,,,
2016-09-01,down,2016-09-01 07:00:00+00:00,0.0,0.6705212595623723,-0.04234122042342323,0.23901441024728354
2016-09-02,down,2016-09-02 07:00:00+00:00,0.0,0.40290381125228253,0.10362976406532222,0.22885662431945966
2016-09-05,up,2016-09-05 07:00:00+00:00,0.0,0.49855630413858515,0.14417709335900536,0.16390760346486963
2016-09-06,up,2016-09-06 07:06:00+00:00,6.0,1.0464338004601739,0.10625392177364655,0.8012967998326403
2016-09-07,down,2016-09-07 08:04:00+00:00,64.0,0.14586675221901574,0.4874344989840592,-0.07806651695010845
2016-09-08,up,2016-09-08 07:18:00+00:00,18.0,0.2982150631257892,0.24619068350023354,-0.07074444928168086
2016-09-09,down,2016-09-09 07:00:00+00:00,0.0,0.742925555071827,0.1606443186765451,0.6459512407487897
2016-09-12,up,2016-09-12 07:00:00+00:00,0.0,0.16201182060489766,1.3306292733804375,-0.9738092478850525
2016-09-13,down,2016-09-13 07:03:00+00:00,3.0,0.5137250578767762,0.6195568294564882,0.48241649211775284
2016-09-14,up,2016-09-14 07:17:00+00:00,17.0,0.4772279522540126,0.40329122725692024,0.05261328079733124
2016-09-15,down,2016-09-15 07:00:00+00:00,0.0,0.5931162359485294,0.2832309653493942,0.05307683393209835
2016-09-16,down,2016-09-16 09:59:00+00:00,179.0,0.41974736354157405,0.14601923745506365,0.022945880171498706
2016-09-19,up,2016-09-19 07:03:00+00:00,3.0,0.32216942867077963,0.9043921659520184,-0.6488585004056175
2016-09-20,up,2016-09-20 07:00:00+00:00,0.0,0.3193881098620716,0.5676208135357588,-0.45196430640862567
2016-09-21,up,2016-09-21 07:05:00+00:00,5.0,0.6080039162892935,0.4479255905029779,0.09815200097908822
2016-09-22,none,,,,,
2016-09-23,up,2016-09-23 10:26:00+00:00,206.0,0.12933287873621124,0.13887941811571888,-0.002272985566539591
2016-09-26,none,,,,,
2016-09-27,down,2016-09-27 07:01:00+00:00,1.0,0.07230004518756636,0.8183461364663127,-0.6997288748305531
2016-09-28,down,2016-09-28 07:00:00+00:00,0.0,0.5557840060599476,0.3605670381993167,-0.15387945027594715
2016-09-29,down,2016-09-29 07:00:00+00:00,0.0,0.6956619972887481,-0.01129688206054119,0.6234749209218616
2016-09-30,up,2016-09-30 07:41:00+00:00,41.0,0.6843651152282069,0.0883416177135297,0.3255761409851002
2016-10-03,none,,,,,
2016-10-04,down,2016-10-04 07:05:00+00:00,5.0,0.23030173792513317,0.46486832284892476,-0.2912890500053723
2016-10-05,none,,,,,
2016-10-06,down,2016-10-06 07:21:00+00:00,21.0,0.3411157024793505,0.6962809917355101,-0.6575413223140227
2016-10-07,none,,,,,
2016-10-10,up,2016-10-10 07:00:00+00:00,0.0,0.0435950413223164,0.5126033057851195,-0.41332644628101006
2016-10-11,up,2016-10-11 07:00:00+00:00,0.0,0.48922835879354143,1.0816686251469143,-0.8473364669017094
2016-10-12,none,,,,,
2016-10-13,none,,,,,
2016-10-14,down,2016-10-14 09:54:00+00:00,174.0,0.48178613396005465,0.08362710536621772,0.2001566784175799
2016-10-17,down,2016-10-17 08:14:00+00:00,74.0,0.05213032581453499,0.7342355889724447,-0.6457142857142719
2016-10-18,up,2016-10-18 07:00:00+00:00,0.0,0.5874331270324102,0.05056120843385879,0.3191020665058164
2016-10-19,up,2016-10-19 09:22:00+00:00,142.0,1.3471679197995212,0.07619047619045317,0.991979949874694
2016-10-20,down,2016-10-20 07:23:00+00:00,23.0,0.07070177278925681,0.47477184516939963,-0.37889436693591916
2016-10-21,down,2016-10-21 07:15:00+00:00,15.0,0.08738167065429166,0.9089774264017934,-0.8935816082388742
2016-10-24,up,2016-10-24 09:52:00+00:00,172.0,0.004161031935963703,0.5140954956829392,-0.4167273483823915
2016-10-25,up,2016-10-25 07:01:00+00:00,1.0,0.7769376181474679,0.047889098928762794,0.3964503255619168
2016-10-26,down,2016-10-26 08:36:00+00:00,96.0,0.7118252467969223,0.3234614576769532,0.35034656584753865
2016-10-27,up,2016-10-27 07:00:00+00:00,0.0,0.47321991178327494,0.1510186935517388,0.3394244906532234
2016-10-28,down,2016-10-28 07:12:00+00:00,12.0,0.5229993698802827,0.06742281033394558,0.4186095358117941
2016-10-31,down,2016-10-31 08:00:00+00:00,0.0,0.9462760782618017,-0.10593449356826513,0.733109934061201
2016-11-01,up,2016-11-01 09:12:00+00:00,72.0,1.772332368010709,0.08977500556917288,1.498886166183981
2016-11-02,up,2016-11-02 08:00:00+00:00,0.0,0.9356204054355123,-0.2114056582757991,0.742704388505243
2016-11-03,down,2016-11-03 08:15:00+00:00,15.0,2.3860548006237323,0.4588995321897818,1.9211405658275698
2016-11-04,none,,,,,
2016-11-07,down,2016-11-07 08:02:00+00:00,2.0,0.9691351292398162,0.17231977314864333,0.2532446286399926
2016-11-08,up,2016-11-08 08:00:00+00:00,0.0,0.3559821136438095,0.464609008615958,-0.2952339404515548
2016-11-09,none,,,,,
2016-11-10,up,2016-11-10 08:12:00+00:00,12.0,0.7656232958883094,2.5869778601810456,-1.7600610753626078
2016-11-11,none,,,,,
2016-11-14,none,,,,,
2016-11-15,up,2016-11-15 08:39:00+00:00,39.0,0.04350088458737885,1.859090436049555,-0.8498282859818688
2016-11-16,down,2016-11-16 08:05:00+00:00,5.0,0.7326464772609033,0.44499947965447745,0.7026745759184105
2016-11-17,up,2016-11-17 08:00:00+00:00,0.0,0.5991106064906712,0.3924685400700306,0.4024032548017951
2016-11-18,down,2016-11-18 08:00:00+00:00,0.0,0.3489450279117855,1.3776137761378044,-1.3037184217996072
2016-11-21,up,2016-11-21 08:00:00+00:00,0.0,0.4914248021108238,0.1203825857519826,0.3713720316622635
2016-11-22,down,2016-11-22 08:00:00+00:00,0.0,0.02183723977290586,0.5415635463677408,-0.2718008443732645
2016-11-24,down,2016-11-24 08:08:00+00:00,8.0,0.3616246906390906,1.1567913815693853,-0.649221138448121
2016-11-25,up,2016-11-25 08:05:00+00:00,5.0,0.9143575068053118,0.3047393034131302,0.1932016472394769
2016-11-28,none,,,,,
2016-11-29,down,2016-11-29 08:56:00+00:00,56.0,0.4343034938743669,0.11421533674727306,0.19472353665650635
2016-11-30,down,2016-11-30 08:04:00+00:00,4.0,0.40228171387827627,0.3029753030401249,0.27367602255783874
2016-12-01,none,,,,,
2016-12-02,down,2016-12-02 10:16:00+00:00,136.0,0.37421001458437,0.04618376276128877,0.15307486631017547
2016-12-05,down,2016-12-05 08:07:00+00:00,7.0,1.1873987165359348,0.07739677189343146,0.7337784403966926
2016-12-06,none,,,,,
2016-12-07,up,2016-12-07 08:19:00+00:00,19.0,0.45296548371413264,0.04411764705883064,0.4270782693242485
2016-12-08,down,2016-12-08 08:06:00+00:00,6.0,0.05068060281965801,0.3500243072435463,-0.3018351968886529
2016-12-09,up,2016-12-09 09:02:00+00:00,62.0,0.18720268006702395,0.8430150753768789,-0.8241876046901151
2016-12-12,down,2016-12-12 08:21:00+00:00,21.0,0.44710720363017736,0.34883720930229745,-0.24049914917752518
2016-12-13,down,2016-12-13 08:07:00+00:00,7.0,0.5507768520603574,0.016512797417983817,0.3643323575771058
2016-12-14,up,2016-12-14 08:00:00+00:00,0.0,0.2935794289319861,0.08834200978074899,0.19435242151754734
2016-12-15,down,2016-12-15 10:18:00+00:00,138.0,1.2606666120710777,0.163950536401598,1.0577348292522692
2016-12-16,up,2016-12-16 08:00:00+00:00,0.0,0.5567111620669966,0.10662517402343043,0.3162722135779219
2016-12-19,up,2016-12-19 08:00:00+00:00,0.0,0.12868503494255384,0.4363402682946593,-0.18893083781832304
2016-12-20,down,2016-12-20 08:00:00+00:00,0.0,0.5205183585313233,0.040039873733175815,0.2956471174613884
2016-12-21,none,,,,,
2016-12-22,none,,,,,
2016-12-23,up,2016-12-23 08:28:00+00:00,28.0,0.10265183917876924,0.22600513259198185,0.04619332763045005
2016-12-27,up,2016-12-27 08:00:00+00:00,0.0,1.1788560297503101,-0.7136532672215369,0.8055604745882823
2016-12-28,down,2016-12-28 11:03:00+00:00,183.0,0.3192845758809818,0.05277138303524088,-0.014875154949541525
2016-12-29,up,2016-12-29 08:11:00+00:00,11.0,0.014646649578895837,0.7909190772610829,-0.7099963383376084
2016-12-30,none,,,,,
2017-01-03,down,2017-01-03 09:30:00+00:00,90.0,0.6874882053217671,0.1332326854123243,0.18522362709947168
2017-01-04,up,2017-01-04 08:00:00+00:00,0.0,1.144167758846633,0.17038007863697444,0.71559633027525
2017-01-05,up,2017-01-05 08:00:00+00:00,0.0,0.31454783748362874,1.34394308181986,-1.0761093428196848
2017-01-06,down,2017-01-06 08:00:00+00:00,0.0,0.1818011608313054,0.7375023403856665,-0.3955251825500751
2017-01-09,up,2017-01-09 08:16:00+00:00,16.0,0.7852361136240065,0.21168807671432305,0.6013207888547025
2017-01-10,none,,,,,
2017-01-11,up,2017-01-11 08:23:00+00:00,23.0,0.3892416225749297,0.37089947089947767,0.026984126984130167
2017-01-12,up,2017-01-12 08:00:00+00:00,0.0,1.528150633855312,-0.16144668158090264,1.1472781506338234
2017-01-13,up,2017-01-13 08:06:00+00:00,6.0,0.3224457799843353,0.3936939291002434,0.06654472606916723
2017-01-16,up,2017-01-16 08:00:00+00:00,0.0,0.047034230467725216,0.5570943297621817,-0.013674767006331766
2017-01-17,up,2017-01-17 08:04:00+00:00,4.0,1.1890410958904043,0.08146118721459558,0.6034703196347166
2017-01-18,down,2017-01-18 08:04:00+00:00,4.0,0.03269406392695645,0.6942465753424503,-0.4257534246575564
2017-01-19,up,2017-01-19 09:24:00+00:00,84.0,0.15887117846877744,0.5469906802543005,-0.32462329065406625
2017-01-20,down,2017-01-20 08:40:00+00:00,40.0,0.7303125757208508,0.08609966884744778,0.3534447944430756
2017-01-23,down,2017-01-23 08:14:00+00:00,14.0,0.5536103126905408,0.16897482797665858,0.14772232383937636
2017-01-24,down,2017-01-24 08:00:00+00:00,0.0,0.6112642094385039,-0.16345160179122203,0.1977264898380818
2017-01-25,down,2017-01-25 08:33:00+00:00,33.0,0.4180158456768671,0.29107819497072734,-0.26550120564933366
2017-01-26,down,2017-01-26 08:00:00+00:00,0.0,1.0471925594212685,0.12056493282811585,0.8631588012401024
2017-01-27,down,2017-01-27 08:00:00+00:00,0.0,0.21477781605237037,0.5322080606269198,-0.28935583878747023
2017-01-30,down,2017-01-30 08:00:00+00:00,0.0,0.7847920933131223,-0.12465497284302941,0.34102038999197326
2017-01-31,up,2017-01-31 11:59:00+00:00,239.0,0.22437895111743675,0.11877838126616161,0.2246460689164
2017-02-01,down,2017-02-01 08:00:00+00:00,0.0,0.1590241296411738,0.7721485174962028,-0.6620069450627547
2017-02-02,up,2017-02-02 08:46:00+00:00,46.0,1.1928526306290013,0.19853803808323184,0.8609331287789542
2017-02-03,none,,,,,
2017-02-06,up,2017-02-06 11:21:00+00:00,201.0,0.3118852089161773,0.06479559606532384,0.19655265770236463
2017-02-07,down,2017-02-07 08:00:00+00:00,0.0,0.6293655807237813,0.04169298799747253,0.39364678278134807
2017-02-08,up,2017-02-08 08:49:00+00:00,49.0,0.5508671056292412,0.20031531113789058,0.3214318835203914
2017-02-09,up,2017-02-09 08:39:00+00:00,39.0,0.2666913603111562,1.03139179553664,-0.6245022687286135
2017-02-10,down,2017-02-10 08:00:00+00:00,0.0,0.10795770728994832,1.0270821739937066,-0.865887590428478
2017-02-13,up,2017-02-13 08:00:00+00:00,0.0,0.10494696329671792,0.523796113770761,-0.2598329109171148
2017-02-14,none,,,,,
2017-02-15,down,2017-02-15 08:09:00+00:00,9.0,0.19036848553387636,0.305343511450401,-0.24352087456415628
2017-02-16,up,2017-02-16 08:45:00+00:00,45.0,0.4497782918835263,0.3375747059957533,0.1949103528050829
2017-02-17,down,2017-02-17 08:00:00+00:00,0.0,0.16555300688140492,1.0890595392440436,-1.0535554004188497
2017-02-20,up,2017-02-20 09:57:00+00:00,117.0,0.07099476439794153,0.28921465968583554,-0.023141361256544993
2017-02-21,down,2017-02-21 08:46:00+00:00,46.0,1.0235713464413196,0.10808324709670766,0.31102679084746654
2017-02-22,down,2017-02-22 08:16:00+00:00,16.0,0.056651814131138276,0.8531720772331822,-0.7854869509866381
2017-02-23,up,2017-02-23 08:58:00+00:00,58.0,0.34080717488789003,0.19018052201908905,0.2855007473841269
2017-02-24,up,2017-02-24 08:00:00+00:00,0.0,1.8417925229017336,-0.7038871007675374,1.7556325823223364
2017-02-27,down,2017-02-27 08:07:00+00:00,7.0,0.5359744408945604,0.2911182108625916,0.04626198083068088
2017-02-28,down,2017-02-28 08:25:00+00:00,25.0,0.3792971246006172,0.7504153354632344,-0.32498402555906075
2017-03-01,none,,,,,
2017-03-02,down,2017-03-02 08:01:00+00:00,1.0,1.2140575079872133,0.16869009584666528,1.1459424920127272
2017-03-03,down,2017-03-03 08:00:00+00:00,0.0,1.2731335436382443,-0.28706624605675035,0.7981072555204658
2017-03-06,down,2017-03-06 08:00:00+00:00,0.0,0.6508937960042402,0.5922712933753798,0.4725289169295846
2017-03-07,down,2017-03-07 09:07:00+00:00,67.0,0.428496319663484,0.33543638275501475,0.01853312302840134
2017-03-08,down,2017-03-08 08:00:00+00:00,0.0,1.1811320754717396,-0.3347708894878673,0.4800539083557915
2017-03-09,down,2017-03-09 08:46:00+00:00,46.0,0.18595614765475485,0.5109630863169357,-0.10102692200938392
2017-03-10,down,2017-03-10 08:00:00+00:00,0.0,0.47277628032343455,0.18975741239897387,-0.14420485175204664
2017-03-13,up,2017-03-13 08:00:00+00:00,0.0,0.6833810888252105,1.0974212034383717,-0.8766475644698669
2017-03-14,down,2017-03-14 08:00:00+00:00,0.0,0.33524355300861597,1.1260744985672855,-0.7742120343839516
2017-03-15,up,2017-03-15 08:00:00+00:00,0.0,0.21411338962599588,0.9912545235223172,-0.6420386007237976
2017-03-16,up,2017-03-16 11:56:00+00:00,236.0,0.12156295224314953,0.04659913169315028,0.10578871201154595
2017-03-17,up,2017-03-17 08:14:00+00:00,14.0,1.0966714905933623,0.47467438494938774,1.003762662807568
2017-03-20,none,,,,,
2017-03-21,none,,,,,
2017-03-22,up,2017-03-22 08:00:00+00:00,0.0,0.7499276410998406,0.5296671490593902,-0.28306801736616094
2017-03-23,up,2017-03-23 08:07:00+00:00,7.0,0.4221120186697463,0.49299883313887277,0.29186114352388426
2017-03-24,down,2017-03-24 08:13:00+00:00,13.0,0.2774212368727524,1.1636522753792404,-1.1311260210035174
2017-03-27,up,2017-03-27 07:00:00+00:00,0.0,0.17927098196913893,0.37358931119472977,-0.33065248410948683
2017-03-28,down,2017-03-28 07:00:00+00:00,0.0,0.26731470230861165,0.3623329283110628,-0.34775212636696873
2017-03-29,up,2017-03-29 07:01:00+00:00,1.0,0.6488456865127371,0.24811664641560424,0.25941676792226886
2017-03-30,none,,,,,
2017-03-31,none,,,,,
2017-04-03,down,2017-04-03 07:00:00+00:00,0.0,0.6585662211421884,0.007533414337776392,0.3697448359660574
2017-04-04,up,2017-04-04 07:00:00+00:00,0.0,0.7829200371303598,0.00822172125711426,0.2120408433894938
2017-04-05,up,2017-04-05 07:01:00+00:00,1.0,0.2790080891128274,1.1056889006763373,-0.8744198382177567
2017-04-06,down,2017-04-06 10:06:00+00:00,186.0,0.524333642752918,0.1829996021747938,0.3933165362683886
2017-04-07,none,,,,,
2017-04-10,none,,,,,
2017-04-11,up,2017-04-11 07:01:00+00:00,1.0,0.2795108560020217,0.4025455452956836,0.004492138757182138
2017-04-12,down,2017-04-12 07:24:00+00:00,24.0,0.2968081605791535,0.2167379620489329,-0.05506197213995336
2017-04-13,down,2017-04-13 07:00:00+00:00,0.0,0.009213557091179967,1.0180980585718697,-0.7586925523746787
2017-04-17,none,,,,,
2017-04-18,up,2017-04-18 09:18:00+00:00,138.0,0.37753647033015486,0.04540967423491956,0.11593726006364465
2017-04-19,down,2017-04-19 07:01:00+00:00,1.0,0.794110881067406,0.23165401426272522,0.20220841959970312
2017-04-20,up,2017-04-20 07:00:00+00:00,0.0,0.24982746721877563,0.8888888888888482,-0.6388313779617735
2017-04-21,down,2017-04-21 07:01:00+00:00,1.0,0.1858753163100981,0.8955601564297324,-0.8258569128134196
2017-04-24,down,2017-04-24 07:00:00+00:00,0.0,0.28226363008973887,0.3547273982056415,-0.018403496664349577
2017-04-25,down,2017-04-25 07:00:00+00:00,0.0,0.7476420519898815,0.04554865424432797,0.43029675638371323
2017-04-26,up,2017-04-26 07:56:00+00:00,56.0,0.3271221532091171,0.2829537612146363,0.09259259259257419
2017-04-27,down,2017-04-27 07:00:00+00:00,0.0,0.5868414998849649,-0.13204508856684422,0.2688060731538992
2017-04-28,up,2017-04-28 07:00:00+00:00,0.0,0.37497124453643643,0.2578789970094547,0.17816885208184155
2017-05-01,down,2017-05-01 07:07:00+00:00,7.0,0.034034277379384595,0.42737328309220657,-0.2824845022486434
2017-05-02,down,2017-05-02 07:44:00+00:00,44.0,0.2773793606418048,0.2671690774279618,-0.22730035249785713
2017-05-03,down,2017-05-03 07:00:00+00:00,0.0,0.6291479275555943,0.03136015558529996,0.2991369879664226
2017-05-04,down,2017-05-04 07:03:00+00:00,3.0,0.4837729427494804,0.2462623070378355,0.4318706697459396
2017-05-05,up,2017-05-05 09:35:00+00:00,155.0,0.136185875316281,0.4458247066942974,-0.261099608925695
2017-05-08,up,2017-05-08 10:12:00+00:00,192.0,0.418679549114319,0.24706694271913368,-0.21808143547276215
2017-05-09,down,2017-05-09 08:23:00+00:00,83.0,0.3777317690360784,0.08695652173916682,-0.009661835748773067
2017-05-10,up,2017-05-10 08:06:00+00:00,66.0,0.4021164021163625,0.39567517828388205,0.19990798251665942
2017-05-11,up,2017-05-11 07:00:00+00:00,0.0,0.4791540051051373,0.2841862161176817,0.27725780965113944
2017-05-12,up,2017-05-12 07:00:00+00:00,0.0,0.7125319071350451,0.03549288926703697,0.4696730278351757
2017-05-15,up,2017-05-15 07:22:00+00:00,22.0,0.2561266809098886,0.820409702149014,-0.09501068241797762
2017-05-16,up,2017-05-16 07:00:00+00:00,0.0,0.022621591051883105,0.48988312177957594,-0.29822797536760276
2017-05-17,up,2017-05-17 09:32:00+00:00,152.0,0.8759564108509229,0.06492000927428089,0.1597495942499606
2017-05-18,down,2017-05-18 07:00:00+00:00,0.0,1.006518904824013,1.906910039113378,-1.6338983050846907
2017-05-19,up,2017-05-19 07:07:00+00:00,7.0,0.753814620815298,0.7160100204964773,0.41824185834659594
2017-05-22,none,,,,,
2017-05-23,down,2017-05-23 07:04:00+00:00,4.0,0.6902755636529208,0.1541790025051043,0.24960145752676222
2017-05-24,none,,,,,
2017-05-25,down,2017-05-25 10:30:00+00:00,210.0,0.16169437485767307,0.08745160555682482,-0.10077431109084162
2017-05-26,up,2017-05-26 07:00:00+00:00,0.0,1.8961512184012963,-0.4711910726485943,1.8753131405147108
2017-05-29,none,,,,,
2017-05-30,down,2017-05-30 07:39:00+00:00,39.0,0.9970135538709121,0.16011945784513634,0.6223294279807073
2017-05-31,up,2017-05-31 07:07:00+00:00,7.0,0.582076502732237,0.08699453551910534,0.42065573770493137
2017-06-01,down,2017-06-01 10:04:00+00:00,184.0,0.15803278688523478,0.18601092896172175,-0.10251366120214621
2017-06-02,none,,,,,
2017-06-05,none,,,,,
2017-06-06,up,2017-06-06 07:00:00+00:00,0.0,1.2237001209189737,-0.14026602176545486,1.2117291414752367
2017-06-07,down,2017-06-07 10:34:00+00:00,214.0,0.6392673153978651,0.04533485975955757,0.24716657126504066
2017-06-08,down,2017-06-08 10:00:00+00:00,180.0,0.1030337721808931,0.41534058385806505,-0.19015455065828016
2017-06-09,down,2017-06-09 07:00:00+00:00,0.0,0.41991986262165565,0.4501431024613433,-0.3689753863766449
2017-06-12,down,2017-06-12 07:00:00+00:00,0.0,0.19823356231601802,0.8570493948315435,-0.4687602224402961
2017-06-13,down,2017-06-13 08:28:00+00:00,88.0,0.23720663995417118,0.07395535203207704,0.12970807097880066
2017-06-14,down,2017-06-14 07:58:00+00:00,58.0,0.03663423010872497,0.5131081854608446,-0.1664567830566909
2017-06-15,down,2017-06-15 07:00:00+00:00,0.0,1.2194619347452966,0.19095592444191634,0.6622781911848793
2017-06-16,up,2017-06-16 07:39:00+00:00,39.0,0.5751574127075443,0.04144247281048992,0.3863766456783101
2017-06-19,down,2017-06-19 07:05:00+00:00,5.0,0.4203777904980043,0.20698340011448352,-0.07945048654836497
2017-06-20,up,2017-06-20 07:00:00+00:00,0.0,0.38602251407128385,0.1252345215759561,0.03857879924949845
2017-06-21,up,2017-06-21 09:02:00+00:00,122.0,0.21552532833017515,0.26735459662291217,0.10459662288928509
2017-06-22,none,,,,,
2017-06-23,up,2017-06-23 07:00:00+00:00,0.0,1.16158536585365,0.025562851782346,0.9886257035647303
2017-06-26,down,2017-06-26 08:00:00+00:00,60.0,4.490052624823545,0.09241432422028754,2.697599794634892
2017-06-27,up,2017-06-27 07:00:00+00:00,0.0,1.8135509396636709,-0.886251236399598,1.4009643916913774
2017-06-28,up,2017-06-28 08:12:00+00:00,72.0,0.2668150346192266,0.5267062314539641,-0.0787586547971935
2017-06-29,down,2017-06-29 07:46:00+00:00,46.0,1.1844660194174494,0.10083050649199699,0.6322376886185237
2017-06-30,down,2017-06-30 07:00:00+00:00,0.0,0.4546766049530783,0.26905506131285023,0.09798028372205532
2017-07-03,down,2017-07-03 07:19:00+00:00,19.0,0.5631161336860069,0.19644145227218296,0.47667708583796026
2017-07-04,none,,,,,
2017-07-05,down,2017-07-05 07:30:00+00:00,30.0,1.7289479822719263,0.03895498017264809,1.0698623746209122
2017-07-06,down,2017-07-06 07:19:00+00:00,19.0,0.1733146722650244,0.3778866340097686,-0.09120597154183482
2017-07-07,none,,,,,
2017-07-10,down,2017-07-10 07:00:00+00:00,0.0,1.2233710026448608,-0.42317864871363176,0.46766049531135856
2017-07-11,down,2017-07-11 07:09:00+00:00,9.0,0.19307525847562215,0.3794181293580134,-0.07381582111079336
2017-07-12,down,2017-07-12 10:34:00+00:00,214.0,0.061793700408712425,0.13777350324599516,-0.07117095455639569
2017-07-13,none,,,,,
2017-07-14,up,2017-07-14 07:03:00+00:00,3.0,0.40803077662902615,0.2983890358259168,0.432555902861315
2017-07-17,down,2017-07-17 09:44:00+00:00,164.0,0.05145467660493922,0.42077422457321556,-0.30764606876655465
2017-07-18,none,,,,,
2017-07-19,down,2017-07-19 07:06:00+00:00,6.0,0.7469005847953217,0.2783625730993763,-0.19941520467835513
2017-07-20,down,2017-07-20 07:36:00+00:00,36.0,0.22367816091953488,0.19954022988504744,0.13448275862070083
2017-07-21,up,2017-07-21 07:00:00+00:00,0.0,0.5227586206896925,-0.10206896551723431,0.3945977011494327
2017-07-24,down,2017-07-24 07:00:00+00:00,0.0,0.3563218390804568,1.0154022988505766,-0.7031034482758985
2017-07-25,up,2017-07-25 07:00:00+00:00,0.0,0.07379310344825733,1.7960919540230496,-1.3208045977011753
2017-07-26,down,2017-07-26 07:06:00+00:00,6.0,0.13121743249641815,0.7404073898626422,-0.6816674561819629
2017-07-27,none,,,,,
2017-07-28,none,,,,,
2017-07-31,down,2017-07-31 07:07:00+00:00,7.0,0.3295523844370957,0.25076228808391543,-0.13904134650571018
2017-08-01,down,2017-08-01 09:05:00+00:00,125.0,0.5630803516156869,0.21220750278568656,0.012876067847006583
2017-08-02,none,,,,,
2017-08-03,down,2017-08-03 07:20:00+00:00,20.0,0.4340720564565999,0.5152903305683274,-0.1483223969295969
2017-08-04,none,,,,,
2017-08-07,down,2017-08-07 09:36:00+00:00,156.0,0.34942651373697975,0.0408108829021123,0.2584689250466304
2017-08-08,up,2017-08-08 08:08:00+00:00,68.0,1.141904507868744,0.11523072819418874,0.8519605228060655
2017-08-09,up,2017-08-09 07:00:00+00:00,0.0,0.5394969408565999,0.21481985044186586,-0.018898708361613677
2017-08-10,up,2017-08-10 07:21:00+00:00,21.0,0.4435849559882636,0.4881301680447894,0.3384902640704787
2017-08-11,none,,,,,
2017-08-14,down,2017-08-14 07:29:00+00:00,29.0,1.3081695966907647,0.09824198552220183,1.1451654601861174
2017-08-15,none,,,,,
2017-08-16,down,2017-08-16 07:00:00+00:00,0.0,0.4688376631296522,0.022197829003511093,0.1402610074399416
2017-08-17,up,2017-08-17 07:02:00+00:00,2.0,0.1944157187177275,1.4971561530506365,-1.0055584281282177
2017-08-18,up,2017-08-18 07:00:00+00:00,0.0,2.3291106514994553,0.017580144777658405,1.6526628748707521
2017-08-21,up,2017-08-21 07:00:00+00:00,0.0,0.6566701137538598,-0.01215098241980286,0.21871768355739202
2017-08-22,down,2017-08-22 07:00:00+00:00,0.0,1.072325893401615,-0.11952677155750822,0.2673496767897956
2017-08-23,up,2017-08-23 07:00:00+00:00,0.0,0.28030032177330955,0.4347515194851752,0.17506852580140422
2017-08-24,down,2017-08-24 07:00:00+00:00,0.0,0.6477633830358979,0.1351747738939403,0.13138596920066192
2017-08-25,up,2017-08-25 07:35:00+00:00,35.0,0.27981171548114986,0.2659518828451973,0.14121338912132683
2017-08-28,up,2017-08-28 07:00:00+00:00,0.0,0.7717050209204344,-0.12290794979074043,0.6299686192468781
2017-08-29,up,2017-08-29 07:00:00+00:00,0.0,1.9584205020920233,-0.11663179916315497,0.40611924686194634
2017-08-30,down,2017-08-30 07:00:00+00:00,0.0,0.32779271571745766,1.4011244194573356,-0.8863358592031213
2017-08-31,up,2017-08-31 07:44:00+00:00,44.0,0.05817648496695882,0.7210950867758591,-0.20960645318994647
2017-09-01,down,2017-09-01 07:00:00+00:00,0.0,0.1743312998592088,0.36391365556075816,-0.06992022524636456
2017-09-04,up,2017-09-04 07:00:00+00:00,0.0,0.5959643359925445,1.1083998122946963,-0.5343735335523108
2017-09-05,down,2017-09-05 07:46:00+00:00,46.0,0.7403214851709404,0.3133348426533939,0.035431288204676004
2017-09-06,down,2017-09-06 07:45:00+00:00,45.0,0.22741900879638108,0.9588071229349915,-0.32181935207036716
2017-09-07,up,2017-09-07 07:00:00+00:00,0.0,0.8157047843810528,0.21240077236644428,0.5694057069298355
2017-09-08,none,,,,,
2017-09-11,down,2017-09-11 07:04:00+00:00,4.0,0.27416798732171965,0.7792619424949224,-0.3171836087842125
2017-09-12,up,2017-09-12 08:08:00+00:00,68.0,0.19607843137252767,1.1543547651619106,-0.8777929776562164
2017-09-13,up,2017-09-13 08:23:00+00:00,83.0,0.3341083468960435,0.3350383631713592,0.33282957451753076
2017-09-14,up,2017-09-14 07:27:00+00:00,27.0,0.9274587305277823,0.14671006742619833,0.6272959776795716
2017-09-15,down,2017-09-15 07:07:00+00:00,7.0,1.4979875594584766,0.2344188315648261,0.9881692889377056
2017-09-18,down,2017-09-18 07:00:00+00:00,0.0,0.8491048593350398,0.09300162752850193,0.11636828644503526
2017-09-19,none,,,,,
2017-09-20,up,2017-09-20 08:48:00+00:00,108.0,0.5275918676600944,0.04823841394110399,0.35168581891656464
2017-09-21,down,2017-09-21 07:00:00+00:00,0.0,0.6068898118739182,0.6496457366235355,0.47666748106518764
2017-09-22,none,,,,,
2017-09-25,down,2017-09-25 07:02:00+00:00,2.0,0.12814183123881012,1.1346499102333978,-0.7143177737881464
2017-09-26,down,2017-09-26 07:14:00+00:00,14.0,1.647217235188485,0.13711849192102812,1.0700179533213667
2017-09-27,down,2017-09-27 08:15:00+00:00,75.0,1.0486177311725262,0.637856159305134,0.11312360978706991
2017-09-28,up,2017-09-28 09:36:00+00:00,156.0,0.1864209299862483,0.3397945132930348,0.010168414362885394
2017-09-29,up,2017-09-29 07:31:00+00:00,31.0,0.3349221480775527,0.19764855417857582,0.316491897044826
2017-10-02,down,2017-10-02 07:11:00+00:00,11.0,0.5077851922465563,0.2758182395932362,-0.17349857006676517
2017-10-03,none,,,,,
2017-10-04,up,2017-10-04 08:08:00+00:00,68.0,0.8146285714285373,0.4091428571428488,0.6941714285714364
2017-10-05,up,2017-10-05 07:10:00+00:00,10.0,0.7764976958525037,0.16221198156686015,0.7088709677419064
2017-10-06,up,2017-10-06 10:31:00+00:00,211.0,0.12050691244242728,0.09861751152070979,-0.04205069124421418
2017-10-09,none,,,,,
2017-10-10,up,2017-10-10 08:03:00+00:00,63.0,0.8548387096774215,0.07834101382491775,0.5654377880184177
2017-10-11,none,,,,,
2017-10-12,up,2017-10-12 07:21:00+00:00,21.0,0.2220266255913788,0.5943448124106149,-0.36351633843108244
2017-10-13,up,2017-10-13 07:00:00+00:00,0.0,0.23257811661115527,0.8613765703854662,-0.686996671319668
2017-10-16,up,2017-10-16 07:09:00+00:00,9.0,0.3026052104208763,0.18570474281898525,0.18581607659762575
2017-10-17,down,2017-10-17 07:00:00+00:00,0.0,0.8127365842796933,-0.07103095079051178,0.47751057670899894
2017-10-18,down,2017-10-18 07:00:00+00:00,0.0,0.8485860610109467,0.18258739701624116,0.7942551770207122
2017-10-19,up,2017-10-19 07:26:00+00:00,26.0,1.2679050789219224,0.07086867819175854,0.8740470310318676
2017-10-20,down,2017-10-20 07:23:00+00:00,23.0,0.7387522817566878,0.05368839256952588,0.09867926554277451
2017-10-23,down,2017-10-23 07:16:00+00:00,16.0,0.060130999677863124,0.5113282508321828,-0.3206270804251953
2017-10-24,down,2017-10-24 07:01:00+00:00,1.0,0.6457639858262706,0.05347363899925286,0.37635563191238813
2017-10-25,down,2017-10-25 08:55:00+00:00,115.0,0.06813627254509931,0.4662658650634731,-0.38120685816076477
2017-10-26,down,2017-10-26 07:30:00+00:00,30.0,0.3941215764863032,0.1803607214428742,0.016700066800277382
2017-10-27,down,2017-10-27 07:02:00+00:00,2.0,0.1457182320442098,0.8427716390423305,-0.4601749539594964
2017-10-30,down,2017-10-30 08:00:00+00:00,0.0,0.3390883977900501,0.41850828729281997,-0.030847145488033263
2017-10-31,up,2017-10-31 08:36:00+00:00,36.0,0.01969858787228129,1.2429096950279193,-0.8757564969740347
2017-11-01,up,2017-11-01 08:00:00+00:00,0.0,1.889375151957225,-0.4286408947240322,0.8854850474106744
2017-11-02,down,2017-11-02 11:55:00+00:00,235.0,0.4349623146122082,0.1478239727692574,0.07451981522006958
2017-11-03,down,2017-11-03 08:00:00+00:00,0.0,0.6329549363605068,-0.04196766425868424,0.3981194817108366
2017-11-06,up,2017-11-06 08:54:00+00:00,54.0,0.3974314872148088,0.20181171883955543,0.38206627680315713
2017-11-07,down,2017-11-07 08:23:00+00:00,23.0,0.6373122348354535,0.0873753009976116,0.3946795092305935
2017-11-08,up,2017-11-08 08:15:00+00:00,15.0,0.7634330172623186,0.19961098954538087,0.11038171650862076
2017-11-09,up,2017-11-09 11:08:00+00:00,188.0,0.838999867707385,0.11906336817040541,0.554041539886244
2017-11-10,down,2017-11-10 08:00:00+00:00,0.0,0.42862812541344747,0.2701415531154815,0.06641090091287333
2017-11-13,up,2017-11-13 08:36:00+00:00,36.0,0.5715041672179099,0.11456541870617659,0.42637915068130294
2017-11-14,down,2017-11-14 08:02:00+00:00,2.0,1.4883969058415287,0.04241130968260989,0.6283008802346965
2017-11-15,up,2017-11-15 08:01:00+00:00,1.0,0.8815614372319768,0.20109418896940673,0.6927399083246848
2017-11-16,none,,,,,
2017-11-17,up,2017-11-17 10:58:00+00:00,178.0,0.07899134133373738,0.42533799179702086,-0.2656843384474912
2017-11-20,down,2017-11-20 08:00:00+00:00,0.0,0.2387969011089398,0.4782014279203634,0.04845814977979974
2017-11-21,up,2017-11-21 08:01:00+00:00,1.0,0.29329173166930084,0.8393135725429676,-0.773322932917343
2017-11-22,up,2017-11-22 08:00:00+00:00,0.0,1.1897106109324556,0.05176848874600109,0.45434083601287983
2017-11-23,down,2017-11-23 09:36:00+00:00,96.0,0.5938906752411702,1.4836012861736918,-0.9395498392283342
2017-11-24,down,2017-11-24 09:52:00+00:00,112.0,1.3165275459098422,0.2370617696159626,0.7616026711185886
2017-11-27,up,2017-11-27 08:00:00+00:00,0.0,1.6056761268781174,0.030383973288855337,1.2320534223705581
2017-11-28,down,2017-11-28 08:00:00+00:00,0.0,0.1935691318328323,0.6723472668810166,-0.5189710610932748
2017-11-29,up,2017-11-29 08:02:00+00:00,2.0,0.13841894801601007,0.7508458935712238,-0.4204860043063586
2017-11-30,down,2017-11-30 08:00:00+00:00,0.0,1.0684931506849982,0.07589356006927993,0.5534561486380195
2017-12-01,up,2017-12-01 08:33:00+00:00,33.0,0.4602171447091602,0.2819640252795061,-0.11537838275806346
2017-12-04,down,2017-12-04 08:00:00+00:00,0.0,0.8847836655323601,0.612866634257051,0.031113271754985062
2017-12-05,none,,,,,
2017-12-06,up,2017-12-06 08:00:00+00:00,0.0,0.4460767946577665,0.30417362270452647,-0.05792988313859881
2017-12-07,down,2017-12-07 08:00:00+00:00,0.0,1.7731323934533014,-0.45794846864367256,1.4067412088802935
2017-12-08,down,2017-12-08 08:27:00+00:00,27.0,0.5584184086857904,0.2939555987684173,0.09123318748989112
2017-12-11,up,2017-12-11 08:18:00+00:00,18.0,0.5399449035812633,0.13644466050885148,0.14730189596494522
2017-12-12,none,,,,,
2017-12-13,down,2017-12-13 08:00:00+00:00,0.0,0.5930967428294304,0.042456652082275774,0.41306109220548565
2017-12-14,none,,,,,
2017-12-15,up,2017-12-15 08:00:00+00:00,0.0,0.9267015706806857,-0.07166230366493986,0.6744109947643886
2017-12-18,up,2017-12-18 08:00:00+00:00,0.0,1.1683955739972582,-0.11134163208855828,1.1130705394190845
2017-12-19,up,2017-12-19 08:00:00+00:00,0.0,0.4256569847856058,0.40110650069158393,0.0024204702627366338
2017-12-20,up,2017-12-20 09:21:00+00:00,81.0,0.48069371727744076,0.26963350785343226,0.1488874345549536
2017-12-21,down,2017-12-21 08:00:00+00:00,0.0,0.287630890052332,0.27945026178012516,0.015215968586362802
2017-12-22,up,2017-12-22 08:00:00+00:00,0.0,0.5970149253731757,-0.031776600866685975,0.38131921039964783
2017-12-26,none,,,,,
2017-12-27,up,2017-12-27 08:00:00+00:00,0.0,1.132262870385615,-0.34762456546926845,0.590796225790409
2017-12-28,up,2017-12-28 08:02:00+00:00,2.0,0.19294605809128026,0.5290456431535079,0.08955739972337823
2017-12-29,up,2017-12-29 08:10:00+00:00,10.0,0.45262793914244304,0.1106500691562692,0.34733748271092285
2018-01-02,up,2018-01-02 08:00:00+00:00,0.0,1.801867219916984,-0.29322268326415657,0.9211618257261198
2018-01-03,none,,,,,
2018-01-04,up,2018-01-04 08:14:00+00:00,14.0,0.9803618370186477,0.1917426936756174,0.5869800525745731
2018-01-05,down,2018-01-05 08:00:00+00:00,0.0,1.056896299546603,-0.37706596460435554,0.8138072253912995
2018-01-08,down,2018-01-08 08:00:00+00:00,0.0,0.7560046865846926,1.083772700644356,-0.9191564147627215
2018-01-09,down,2018-01-09 08:30:00+00:00,30.0,0.7149970708846045,0.1895137668423951,0.18175161101347245
2018-01-10,up,2018-01-10 08:04:00+00:00,4.0,4.4141634015382065,0.10767667972714065,3.3109853432012777
2018-01-11,none,,,,,
2018-01-12,up,2018-01-12 09:01:00+00:00,61.0,0.7851451337506878,0.1311895276038045,0.2970973249857881
2018-01-15,none,,,,,
2018-01-16,down,2018-01-16 08:44:00+00:00,44.0,1.624613003095944,0.05005159958725048,0.7812177502579849
2018-01-17,none,,,,,
2018-01-18,up,2018-01-18 10:30:00+00:00,150.0,0.4304597028892505,0.13662416656914694,-0.0437478067609998
2018-01-19,up,2018-01-19 08:00:00+00:00,0.0,1.2562115340779336,-0.24640984727601767,0.45338500113973257
2018-01-22,down,2018-01-22 08:27:00+00:00,27.0,0.070007609522799,0.9133601478421052,-0.5189694532013693
2018-01-23,up,2018-01-23 08:35:00+00:00,35.0,0.33526259378346474,0.26923901393356814,-0.08177920685963351
2018-01-24,up,2018-01-24 08:00:00+00:00,0.0,1.8728831725616122,-0.21650589496248634,1.5907824222936504
2018-01-25,none,,,,,
2018-01-26,up,2018-01-26 08:00:00+00:00,0.0,0.7001071811361419,0.8688102893890494,-0.6924973204715794
2018-01-29,down,2018-01-29 08:08:00+00:00,8.0,0.25766345123258466,0.4926045016077213,-0.04072883172557957
2018-01-30,up,2018-01-30 09:50:00+00:00,110.0,0.9395516413130246,0.07986389111291174,0.7488991192953941
2018-01-31,up,2018-01-31 08:14:00+00:00,14.0,0.11416130253692938,0.3820522529344972,-0.11501325255586298
2018-02-01,down,2018-02-01 08:00:00+00:00,0.0,0.8121923513820394,-0.011359333585752553,0.708538432411972
2018-02-02,down,2018-02-02 09:34:00+00:00,94.0,0.4353515804995125,0.14136945903600284,0.2702055110128352
2018-02-05,up,2018-02-05 08:03:00+00:00,3.0,0.9154916597548891,0.08165146069486467,0.5739563173901144
2018-02-06,none,,,,,
2018-02-07,up,2018-02-07 08:24:00+00:00,24.0,0.028251081486687472,0.6462434890085782,-0.4028427650746497
2018-02-08,down,2018-02-08 08:56:00+00:00,56.0,0.09188361408881537,0.3833588565594601,-0.2018036413135837
2018-02-09,down,2018-02-09 08:05:00+00:00,5.0,0.4095839404241483,0.08110733365711101,0.22357131293509483
2018-02-12,none,,,,,
2018-02-13,up,2018-02-13 08:28:00+00:00,28.0,0.38366523821526466,0.21493992101504303,-0.17301067137217244
2018-02-14,down,2018-02-14 09:07:00+00:00,67.0,0.2041444066698985,0.23360854783879004,0.08644973288001884
2018-02-15,up,2018-02-15 08:15:00+00:00,15.0,0.31231281198002586,0.8038269550748603,-0.6819467554076268
2018-02-16,up,2018-02-16 08:13:00+00:00,13.0,0.2883527454242845,0.40116472545758103,-0.29400998336111195
2018-02-19,none,,,,,
2018-02-20,down,2018-02-20 08:00:00+00:00,0.0,0.5993569131832767,-0.025723472668822866,0.0850482315112515
2018-02-21,down,2018-02-21 08:00:00+00:00,0.0,0.01443642420875594,0.7086539224240546,-0.4433251368287704
2018-02-22,down,2018-02-22 08:00:00+00:00,0.0,0.1949710478305739,0.29205996668518963,-0.16498770524311054
2018-02-23,none,,,,,
2018-02-26,up,2018-02-26 08:10:00+00:00,10.0,0.16472545757071724,0.35890183028288786,-0.2850249584026569
2018-02-27,none,,,,,
2018-02-28,up,2018-02-28 09:22:00+00:00,82.0,0.39209143238506605,0.08809543672311947,0.09668807875198947
2018-03-01,down,2018-03-01 08:00:00+00:00,0.0,0.6205333798152286,-0.04235663238625407,0.5016559177270256
2018-03-02,up,2018-03-02 11:03:00+00:00,183.0,0.8711206511045704,0.0645738306054691,0.519989267507404
2018-03-05,up,2018-03-05 08:01:00+00:00,1.0,0.11036579912350587,0.6568285484303752,-0.589839906985044
2018-03-06,down,2018-03-06 08:00:00+00:00,0.0,0.04758071728827036,1.3075753510419317,-1.2480100169931247
2018-03-07,down,2018-03-07 08:00:00+00:00,0.0,0.2880340228107434,0.3266963077517913,0.188092016238147
2018-03-08,up,2018-03-08 08:00:00+00:00,0.0,0.06437270442684635,0.8003092982794857,-0.5971389909143383
2018-03-09,none,,,,,
2018-03-12,down,2018-03-12 08:27:00+00:00,27.0,1.2483207815998423,0.12171789130876348,1.0894565438632102
2018-03-13,down,2018-03-13 08:00:00+00:00,0.0,0.2754002301977668,0.260123469708054,-0.15873181960869284
2018-03-14,down,2018-03-14 08:15:00+00:00,15.0,0.11970283561789588,0.5141780893585594,-0.48801925290360487
2018-03-15,down,2018-03-15 08:00:00+00:00,0.0,0.6589934079732362,0.0056503086742792944,0.5423249973841147
2018-03-16,up,2018-03-16 08:00:00+00:00,0.0,0.8873077325520564,-0.06780370409120878,0.6588887726273951
2018-03-19,down,2018-03-19 08:00:00+00:00,0.0,0.07036270558764653,0.9323603093344851,-0.31859274588821634
2018-03-20,down,2018-03-20 08:01:00+00:00,1.0,0.6430390962454361,0.39805072544020353,0.6185624100121873
2018-03-21,up,2018-03-21 08:00:00+00:00,0.0,0.7685081637217444,0.10981883247595282,0.21169760679937683
2018-03-22,none,,,,,
2018-03-23,up,2018-03-23 08:00:00+00:00,0.0,0.8910758219637487,0.18250950570342883,0.48467904271978124
2018-03-26,down,2018-03-26 07:00:00+00:00,0.0,0.19704764034893418,0.9369268619995694,-0.617423395213619
2018-03-27,up,2018-03-27 07:00:00+00:00,0.0,0.2527460083795649,1.6036688936699803,-1.4937153210282033
2018-03-28,down,2018-03-28 07:00:00+00:00,0.0,1.2077019482738498,0.1535832288936897,1.067107212031411
2018-03-29,down,2018-03-29 07:00:00+00:00,0.0,0.39406635715094174,0.2267013928207364,-0.10044162608987692
2018-04-02,up,2018-04-02 07:00:00+00:00,0.0,0.48171215037937914,-0.014947344581594371,0.46687804325670773
2018-04-03,down,2018-04-03 08:08:00+00:00,68.0,0.22768955490942255,0.309326772534117,0.1634980988593651
2018-04-04,up,2018-04-04 07:09:00+00:00,9.0,2.0284052784612348,0.16126146276000963,1.5952806978304983
2018-04-05,down,2018-04-05 07:00:00+00:00,0.0,0.7964661149630774,0.417356296130616,-0.42719749496758674
2018-04-06,down,2018-04-06 07:00:00+00:00,0.0,1.5562513978975288,-0.07604562737640748,0.6184298814582577
2018-04-09,down,2018-04-09 07:02:00+00:00,2.0,0.6549772500277511,0.11252913106204943,0.2823216069248561
2018-04-10,none,,,,,
2018-04-11,up,2018-04-11 07:00:00+00:00,0.0,1.0323772272924818,0.031073446327690105,0.9069969578444156
2018-04-12,down,2018-04-12 07:56:00+00:00,56.0,1.0720982142856839,0.3542410714286183,0.6812499999999765
2018-04-13,up,2018-04-13 08:32:00+00:00,92.0,0.19642857142854425,0.4709821428571694,-0.42477678571428845
2018-04-16,down,2018-04-16 07:00:00+00:00,0.0,0.4491181947639338,0.5856063095629378,-0.004819805017014376
2018-04-17,down,2018-04-17 07:51:00+00:00,51.0,0.6794185156847542,0.14908733194884857,0.20308230407696484
2018-04-18,up,2018-04-18 09:44:00+00:00,164.0,0.6347552371648577,0.3994355801584456,0.5062411809399394
2018-04-19,up,2018-04-19 07:00:00+00:00,0.0,0.3598743364749343,1.789621926118513,-1.1441880619651565
2018-04-20,down,2018-04-20 07:35:00+00:00,35.0,0.40311850311852393,0.31268191268189655,0.08409563409565547
2018-04-23,down,2018-04-23 07:25:00+00:00,25.0,1.1283783783783883,0.12881429816911166,0.8147340889276355
2018-04-24,none,,,,,
2018-04-25,down,2018-04-25 07:00:00+00:00,0.0,0.5377070619005728,0.06102877070623262,0.15213600697468468
2018-04-26,up,2018-04-26 07:00:00+00:00,0.0,0.395426195426209,0.6898128898128942,0.03243243243246948
2018-04-27,down,2018-04-27 07:21:00+00:00,21.0,0.05754141238009847,1.215998256320855,-0.9227332170880506
2018-04-30,down,2018-04-30 07:00:00+00:00,0.0,1.2162162162162289,-0.496948561464676,0.9424585876198768
2018-05-01,down,2018-05-01 07:00:00+00:00,0.0,0.7678727114210658,0.08435047951175609,0.5944856146468868
2018-05-02,none,,,,,
2018-05-03,up,2018-05-03 08:39:00+00:00,99.0,0.6078901482127156,0.182650392327801,0.2813862249345941
2018-05-04,down,2018-05-04 07:00:00+00:00,0.0,0.5906713164777658,0.00871839581516193,0.0727986050566814
2018-05-07,down,2018-05-07 07:00:00+00:00,0.0,0.34602757715038424,0.3061939155175891,0.11621799080760352
2018-05-08,down,2018-05-08 09:00:00+00:00,120.0,0.4688317349607738,0.11530078465562059,0.1730601569311427
2018-05-09,down,2018-05-09 07:00:00+00:00,0.0,1.2639494333042454,-0.17676547515255184,0.2433522231909477
2018-05-10,down,2018-05-10 07:06:00+00:00,6.0,0.06860706860705426,1.2203742203742116,-1.13866943866947
2018-05-11,up,2018-05-11 08:01:00+00:00,61.0,0.718102734051344,0.07870753935379268,0.49482187241091724
2018-05-14,down,2018-05-14 10:41:00+00:00,221.0,0.07870753935379268,0.16839270919632945,-0.16735708367854119
2018-05-15,down,2018-05-15 07:52:00+00:00,52.0,0.41885157096424463,0.14041170097506167,0.3231852654388048
2018-05-16,up,2018-05-16 07:14:00+00:00,14.0,0.39765952748949707,1.2097593287701582,-0.7900198719364551
2018-05-17,down,2018-05-17 07:00:00+00:00,0.0,1.0435085276714504,0.20675252349462472,0.4334609583478261
2018-05-18,up,2018-05-18 07:01:00+00:00,1.0,0.1700893375101942,0.9604362455041042,-0.7502030397957952
2018-05-21,down,2018-05-21 07:00:00+00:00,0.0,0.988832985642423,-0.15952877653702294,0.3908455025156448
2018-05-22,down,2018-05-22 07:00:00+00:00,0.0,0.10487999089978749,1.6810374246388748,-1.2562848367649186
2018-05-23,down,2018-05-23 07:00:00+00:00,0.0,0.1531111363894907,1.8566715959504296,-1.5608008190194629
2018-05-24,up,2018-05-24 07:00:00+00:00,0.0,0.4211125014219373,0.13946081219425166,-0.014105335001683213
2018-05-25,up,2018-05-25 08:33:00+00:00,93.0,0.44136048231147035,0.24206574906155967,0.2865430553975941
2018-05-28,down,2018-05-28 07:00:00+00:00,0.0,0.20225230349223747,0.46866113070184495,-0.3039472187464502
2018-05-29,down,2018-05-29 07:00:00+00:00,0.0,0.30030713229437955,2.1155727448526997,-1.465248549653048
2018-05-30,down,2018-05-30 07:00:00+00:00,0.0,0.38675918553066935,0.49391423046298805,0.0018200432259835922
2018-05-31,up,2018-05-31 07:00:00+00:00,0.0,0.367876237060624,0.4010920259356005,-0.16130133090657206
2018-06-01,down,2018-06-01 10:50:00+00:00,230.0,0.4810750832203308,0.1134262113179179,-0.09480951793857599
2018-06-04,down,2018-06-04 07:02:00+00:00,2.0,0.11046726667491051,1.1515226235975629,-1.0842066329675752
2018-06-05,up,2018-06-05 07:00:00+00:00,0.0,0.3671296897312714,0.6202778138387393,-0.4996754511229615
2018-06-06,down,2018-06-06 08:45:00+00:00,105.0,0.5842091080570966,0.2045270816491544,0.3881703045001143
2018-06-07,up,2018-06-07 07:14:00+00:00,14.0,0.36301742919385815,0.20397603485839283,0.029139433551190128
2018-06-08,up,2018-06-08 07:55:00+00:00,55.0,0.8495347172512929,0.39484609878308524,0.6113099498926332
2018-06-11,down,2018-06-11 07:00:00+00:00,0.0,1.002720114531139,0.13400143163925018,0.5715103793843653
2018-06-12,none,,,,,
2018-06-13,down,2018-06-13 07:26:00+00:00,26.0,0.8444881889763485,0.19094488188972225,-0.1588863892013634
2018-06-14,up,2018-06-14 07:00:00+00:00,0.0,1.5888574407865668,-0.4355727692536859,1.3235513183375933
2018-06-15,down,2018-06-15 07:00:00+00:00,0.0,0.8553144997658229,0.3087248322147789,0.16669267988134365
2018-06-18,down,2018-06-18 07:00:00+00:00,0.0,0.07991259559859169,0.992976432027494,-0.6110504136101154
2018-06-19,down,2018-06-19 07:00:00+00:00,0.0,0.6929920399563144,0.6430466677071857,0.39893866083971746
2018-06-20,down,2018-06-20 07:05:00+00:00,5.0,0.7014203215233642,0.4616825347276601,0.04182924925862841
2018-06-21,down,2018-06-21 07:00:00+00:00,0.0,0.5915315598929997,0.3462930898787652,0.24334959861479707
2018-06-22,up,2018-06-22 07:00:00+00:00,0.0,0.5964263709180324,0.42637091805299526,0.09026494146638768
2018-06-25,none,,,,,
2018-06-26,down,2018-06-26 07:33:00+00:00,33.0,1.9764243614931314,0.14538310412573593,1.4884388695783228
2018-06-27,none,,,,,
2018-06-28,down,2018-06-28 07:00:00+00:00,0.0,0.8311923832552565,0.6416805198730723,-0.5765452622034271
2018-06-29,none,,,,,
2018-07-02,down,2018-07-02 07:00:00+00:00,0.0,0.4231524860208853,0.14175608281700275,-0.04730240290163271
2018-07-03,up,2018-07-03 07:00:00+00:00,0.0,1.5218160377358356,0.12706367924529285,1.213443396226392
2018-07-04,up,2018-07-04 07:00:00+00:00,0.0,0.05768115942024323,1.3075362318840313,-0.9585507246376734
2018-07-05,down,2018-07-05 07:59:00+00:00,59.0,0.5769931343701611,0.35673252066697714,0.36640044836762214
2018-07-06,none,,,,,
2018-07-09,up,2018-07-09 07:00:00+00:00,0.0,1.2706082311520934,0.1481121767634142,1.26053174699523
2018-07-10,down,2018-07-10 07:00:00+00:00,0.0,1.554555433589458,0.07903402854004477,1.511086717892451
2018-07-11,none,,,,,
2018-07-12,up,2018-07-12 07:16:00+00:00,16.0,0.3187772925764322,0.4604803493449688,-0.38395196506548923
2018-07-13,down,2018-07-13 07:00:00+00:00,0.0,1.0851528384279707,0.17925764192143082,0.6853711790393392
2018-07-16,none,,,,,
2018-07-17,up,2018-07-17 07:00:00+00:00,0.0,0.6868905742145323,0.03488624052005588,0.04138678223185927
2018-07-18,down,2018-07-18 07:00:00+00:00,0.0,0.7085590465872103,0.11765980498377443,0.2660888407367417
2018-07-19,down,2018-07-19 07:07:00+00:00,7.0,1.5218683651804326,0.061571125265432854,1.4399150743099518
2018-07-20,up,2018-07-20 07:00:00+00:00,0.0,0.5513800424628365,0.4082802547770673,0.060084925689999916
2018-07-23,down,2018-07-23 07:00:00+00:00,0.0,0.3622145761651755,0.35700135543739087,-0.21603586695862154
2018-07-24,up,2018-07-24 07:31:00+00:00,31.0,0.5213220727765671,0.36492545094359696,0.45792930872696574
2018-07-25,up,2018-07-25 07:00:00+00:00,0.0,0.9314982796371432,0.3989156500886314,0.6497758315086628
2018-07-26,down,2018-07-26 07:28:00+00:00,28.0,0.5159235668789904,0.05095541401274039,0.15583864118899052
2018-07-27,up,2018-07-27 07:21:00+00:00,21.0,0.13012198936498867,1.4888958398498964,-1.1759983317693796
2018-07-30,none,,,,,
2018-07-31,down,2018-07-31 07:44:00+00:00,44.0,0.4058092153379958,0.15003656880160152,0.18096332671611592
2018-08-01,up,2018-08-01 08:36:00+00:00,96.0,0.005642043673606365,0.6045345313969255,-0.2029046076689979
2018-08-02,down,2018-08-02 07:51:00+00:00,51.0,0.44203591541809883,0.25374561683135133,0.16852619275313327
2018-08-03,down,2018-08-03 07:00:00+00:00,0.0,0.43737747767370616,0.5096928773687336,-0.5264648224787306
2018-08-06,down,2018-08-06 07:00:00+00:00,0.0,1.0171390903098412,-0.06569984618764563,0.8213579433091671
2018-08-07,up,2018-08-07 07:00:00+00:00,0.0,1.145833333333307,0.19044384057968394,0.9048913043478365
2018-08-08,up,2018-08-08 07:10:00+00:00,10.0,0.23822463768113553,1.1166213768115898,-1.0587635869565217
2018-08-09,down,2018-08-09 07:05:00+00:00,5.0,0.358931947069947,0.8466446124763961,-0.5994801512287458
2018-08-10,down,2018-08-10 07:00:00+00:00,0.0,0.22991493383742037,0.85255198487712,-0.6034971644612724
2018-08-13,down,2018-08-13 07:17:00+00:00,17.0,1.388134057970971,0.12001811594207283,1.3344655797100837
2018-08-14,none,,,,,
2018-08-15,down,2018-08-15 08:59:00+00:00,119.0,0.5581501831501998,0.22069597069595476,0.3244047619047389
2018-08-16,up,2018-08-16 08:08:00+00:00,68.0,0.7678571428571433,0.14423076923074046,0.017971611721628998
2018-08-17,up,2018-08-17 08:08:00+00:00,68.0,0.1256868131868067,0.9663461538461432,-0.3786630036629983
2018-08-20,up,2018-08-20 07:02:00+00:00,2.0,0.7152014652014621,0.18521062271061342,0.22138278388280375
2018-08-21,up,2018-08-21 08:57:00+00:00,117.0,0.001434720229575674,0.6346245815399297,-0.4452415112386592
2018-08-22,down,2018-08-22 07:00:00+00:00,0.0,0.4830224772836445,0.7986609277857257,-0.5506934481109217
2018-08-23,down,2018-08-23 07:00:00+00:00,0.0,0.9110303030302571,0.24242424242424243,-0.12496969696974591
2018-08-24,up,2018-08-24 07:03:00+00:00,3.0,0.6795151515151233,0.4317575757575634,0.5724848484848432
2018-08-27,down,2018-08-27 09:11:00+00:00,131.0,0.07947778286760698,0.4606046724690613,-0.024507558405856267
2018-08-28,up,2018-08-28 08:09:00+00:00,69.0,0.4280201146064652,0.04467313764472751,0.05519822243009665
2018-08-29,up,2018-08-29 07:18:00+00:00,18.0,0.2507109543851369,0.6918439312933593,-0.38766920714366115
2018-08-30,none,,,,,
2018-08-31,up,2018-08-31 07:05:00+00:00,5.0,0.7166420202479548,0.10487999089978749,0.24695711523146816
2018-09-03,up,2018-09-03 07:32:00+00:00,32.0,0.5535208197078686,0.2463483758448031,0.08458687595376518
2018-09-04,down,2018-09-04 07:00:00+00:00,0.0,1.0409566517189663,-0.4550074738415313,0.8581963129047887
2018-09-05,up,2018-09-05 07:03:00+00:00,3.0,0.26108619830591623,0.5263577478823772,0.04504235176883128
2018-09-06,up,2018-09-06 08:03:00+00:00,63.0,1.1962132536123828,0.05600398604881849,1.1228699551569443
2018-09-07,down,2018-09-07 07:04:00+00:00,4.0,0.191131041355267,0.5741903338315565,-0.5047334329845554
2018-09-10,none,,,,,
2018-09-11,up,2018-09-11 07:05:00+00:00,5.0,0.207267833109014,0.7021085688649911,-0.4357335127860301
2018-09-12,none,,,,,
2018-09-13,down,2018-09-13 07:15:00+00:00,15.0,0.0993719156572424,0.7709735307313029,-0.341857335127888
2018-09-14,up,2018-09-14 07:00:00+00:00,0.0,0.6256398589466543,0.25116596519168455,0.20919121829142923
2018-09-17,up,2018-09-17 07:00:00+00:00,0.0,0.603668446714643,0.27165080102161576,0.40677966101700014
2018-09-18,down,2018-09-18 07:05:00+00:00,5.0,0.27165080102161576,0.7524959368470069,-0.7411191084281059
2018-09-19,up,2018-09-19 07:20:00+00:00,20.0,0.12736413694037282,0.47186976298780164,-0.25341153938230565
2018-09-20,down,2018-09-20 07:00:00+00:00,0.0,0.4132807058277253,0.19572788483865652,-0.06303691664733369
2018-09-21,up,2018-09-21 07:01:00+00:00,1.0,0.24443380416566454,1.211635144840803,-1.1481924826430825
2018-09-24,up,2018-09-24 07:16:00+00:00,16.0,0.3567154678548382,0.40738383195421485,0.12017823042642015
2018-09-25,up,2018-09-25 07:00:00+00:00,0.0,0.3763599731363544,0.3062458025520168,0.19664204163873863
2018-09-26,down,2018-09-26 07:00:00+00:00,0.0,0.6385341476957164,0.44169905607999244,0.33675735702386833
2018-09-27,down,2018-09-27 07:00:00+00:00,0.0,0.19433647973343224,0.6174347584675667,-0.12826207662409556
2018-09-28,down,2018-09-28 07:00:00+00:00,0.0,0.6454506003182385,0.5352234919716206,0.02618255460726743
2018-10-01,down,2018-10-01 07:00:00+00:00,0.0,1.0199085680578068,-0.0206459224303007,0.4952071965786215
2018-10-02,up,2018-10-02 07:00:00+00:00,0.0,0.5259691662924866,1.167489896722068,-0.9182757072294838
2018-10-03,down,2018-10-03 07:00:00+00:00,0.0,0.937914761834465,-0.08818758295235818,0.7234921103081878
2018-10-04,up,2018-10-04 07:01:00+00:00,1.0,0.6295464750785968,0.28109564436456974,-0.062415806017050414
2018-10-05,down,2018-10-05 07:10:00+00:00,10.0,0.06883778360857007,1.5644389566291492,-1.4619540052477271
2018-10-08,down,2018-10-08 07:45:00+00:00,45.0,0.729025122452215,0.04392479064619921,0.3095275714962629
2018-10-09,down,2018-10-09 07:16:00+00:00,16.0,0.9606572918312489,0.3634065413177753,0.6882603886870368
2018-10-10,down,2018-10-10 07:30:00+00:00,30.0,0.7605048729829376,0.31730308355965353,-0.12366192682535314
2018-10-11,up,2018-10-11 07:09:00+00:00,9.0,3.426152092493105,0.15404657221949208,2.800032567985662
2018-10-12,down,2018-10-12 07:00:00+00:00,0.0,0.4598599576616242,1.322585898062163,-0.7824458557237871
2018-10-15,up,2018-10-15 07:00:00+00:00,0.0,3.3900016283992755,-0.5243445692884244,2.9314443901644243
2018-10-16,up,2018-10-16 07:26:00+00:00,26.0,0.5344406448461345,0.7337567171470122,0.3549910438039837
2018-10-17,up,2018-10-17 08:07:00+00:00,67.0,0.7528359162805524,0.5764499121265643,-0.08419875379454264
2018-10-18,down,2018-10-18 07:00:00+00:00,0.0,0.4857005911487388,0.9937689726793073,-0.5954625339510868
2018-10-19,down,2018-10-19 07:07:00+00:00,7.0,0.6850406774033055,1.2920471525816901,-0.7672256350655046
2018-10-22,down,2018-10-22 07:00:00+00:00,0.0,1.2522767215209647,0.5093465409810024,0.8892794376098082
2018-10-23,up,2018-10-23 07:00:00+00:00,0.0,3.5159021406727544,-1.3146788990825695,2.878134556574919
2018-10-24,down,2018-10-24 07:24:00+00:00,24.0,0.40334092634773616,0.38967350037967435,0.039635535307510524
2018-10-25,down,2018-10-25 07:00:00+00:00,0.0,1.5104024297645429,0.10873196659071614,0.5222475322702678
2018-10-26,up,2018-10-26 07:05:00+00:00,5.0,1.7493341688860482,0.16575278082413303,1.149616167946059
2018-10-29,down,2018-10-29 08:00:00+00:00,0.0,1.2846623844587535,-0.03195989346704951,0.8936236879211341
2018-10-30,down,2018-10-30 08:00:00+00:00,0.0,1.9572532969531384,-0.49901470365314726,1.5854176140669938
2018-10-31,down,2018-10-31 08:00:00+00:00,0.0,0.2334394421707397,0.9922692132787048,-0.9842352584507705
2018-11-01,up,2018-11-01 08:00:00+00:00,0.0,2.342433923903599,-1.0694162067964081,1.8729305837932027
2018-11-02,up,2018-11-02 08:01:00+00:00,1.0,0.5605576532094315,0.4162067963984895,0.26633749636942217
2018-11-05,down,2018-11-05 09:34:00+00:00,94.0,0.09875108916640131,0.4162067963984895,-0.29625326749927
2018-11-06,up,2018-11-06 08:00:00+00:00,0.0,1.248910833575363,-0.036886436247445045,1.255736276503112
2018-11-07,up,2018-11-07 08:14:00+00:00,14.0,1.2547197211733827,0.3435957014231769,0.2416497240778714
2018-11-08,down,2018-11-08 08:30:00+00:00,30.0,0.2587971400532809,0.44581522501050336,-0.19220524323561983
2018-11-09,none,,,,,
2018-11-12,down,2018-11-12 08:00:00+00:00,0.0,1.0682742184214984,-0.03841300995378512,0.25234824057195776
2018-11-13,down,2018-11-13 08:12:00+00:00,12.0,1.4811786268152458,0.5546313266600629,0.8110813478077371
2018-11-14,down,2018-11-14 08:00:00+00:00,0.0,1.0873464882020532,0.046915965226948825,0.4439078239271654
2018-11-15,up,2018-11-15 08:02:00+00:00,2.0,1.2112433672737652,0.8862756345905457,-0.4908934461494043
2018-11-16,up,2018-11-16 08:07:00+00:00,7.0,0.42224368704291587,0.39906168069550746,-0.10335311163243648
2018-11-19,none,,,,,
2018-11-20,up,2018-11-20 08:00:00+00:00,0.0,0.5014488753967287,0.7238857458258249,0.07685939009248734
2018-11-22,up,2018-11-22 08:22:00+00:00,22.0,0.3753277218159671,0.20063474541186074,0.2649372153994914
2018-11-23,down,2018-11-23 08:00:00+00:00,0.0,1.4728853318614887,-0.4931695874154397,1.302194011315041
2018-11-26,up,2018-11-26 08:00:00+00:00,0.0,0.5464330067614354,0.21332965364982887,0.12156754519109661
2018-11-27,down,2018-11-27 08:00:00+00:00,0.0,0.4027853631895599,1.0671764063353322,-0.7213271436373588
2018-11-28,down,2018-11-28 08:16:00+00:00,16.0,0.07248174176654981,0.6862339809838959,-0.6041063800468671
2018-11-29,up,2018-11-29 08:00:00+00:00,0.0,0.4823871906841861,0.3065502183405824,-0.09985443959238798
2018-11-30,down,2018-11-30 08:07:00+00:00,7.0,0.7234352256186142,0.2707423580786255,0.3197962154293591
2018-12-03,up,2018-12-03 08:00:00+00:00,0.0,1.4992721979622048,-0.32023289665208926,0.6697234352255795
2018-12-04,up,2018-12-04 08:11:00+00:00,11.0,0.9425382389417531,0.08185200496073647,0.42538238941712275
2018-12-05,down,2018-12-05 08:00:00+00:00,0.0,0.23976849937994713,1.020531900234273,-0.9167700151577711
2018-12-07,up,2018-12-07 08:08:00+00:00,8.0,0.621151271753662,0.33467202141900815,0.23480589022756346
2018-12-10,down,2018-12-10 08:00:00+00:00,0.0,0.58150750999034,0.3381562629185937,0.5000688989940731
2018-12-11,up,2018-12-11 08:00:00+00:00,0.0,0.5909820516561635,0.319568072377066,0.010214504596484502
2018-12-12,down,2018-12-12 08:00:00+00:00,0.0,0.3122719976652345,0.5874799357945799,-0.43776448270829876
2018-12-13,up,2018-12-13 08:00:00+00:00,0.0,0.13910844135316253,1.5712930761934905,-1.2663610496364115
2018-12-14,down,2018-12-14 08:00:00+00:00,0.0,1.033153682835207,-0.3243508084272188,0.7902988731014794
2018-12-17,up,2018-12-17 08:00:00+00:00,0.0,0.7130491589090235,0.1600522619630917,0.6483749795851329
2018-12-18,up,2018-12-18 08:15:00+00:00,15.0,0.4830917874396161,0.4707646176911458,0.06396801599200476
2018-12-19,up,2018-12-19 08:42:00+00:00,42.0,0.016331863465606444,1.4937122325657544,-0.9318961293483727
2018-12-20,up,2018-12-20 08:00:00+00:00,0.0,3.8152027027026962,-0.8422297297297753,3.499999999999923
2018-12-21,up,2018-12-21 08:21:00+00:00,21.0,0.03479729729724218,2.179054054054043,-0.778209459459445
2018-12-24,up,2018-12-24 08:14:00+00:00,14.0,0.335504885993471,1.6384364820846549,-1.0356677524429674
2018-12-26,up,2018-12-26 08:14:00+00:00,14.0,0.25634557780233086,0.6107520100898235,-0.11303799463970284
2018-12-27,down,2018-12-27 08:00:00+00:00,0.0,0.4666561563928743,1.7468075043355276,-0.9334699668925984
2018-12-28,up,2018-12-28 08:00:00+00:00,0.0,0.9671236915818693,0.8500663423263992,-0.016659295297040667
2018-12-31,up,2018-12-31 08:00:00+00:00,0.0,0.9426229508196927,0.030874316939906384,0.8397540983607162
2019-01-02,up,2019-01-02 08:08:00+00:00,8.0,0.6545776205218214,0.47560076662244594,0.025652366209638042
2019-01-03,up,2019-01-03 08:01:00+00:00,1.0,0.1174863387977705,1.1202185792350197,-0.7904371584699602
2019-01-04,down,2019-01-04 08:01:00+00:00,1.0,1.247814207650286,0.3751366120218741,0.6881147540983403
2019-01-07,up,2019-01-07 08:00:00+00:00,0.0,0.18387978142076714,0.5218579234972947,-0.17896174863387387
2019-01-08,none,,,,,
2019-01-09,down,2019-01-09 09:21:00+00:00,81.0,0.3858185610010462,0.2137643378519118,-0.053441084462963126
2019-01-10,down,2019-01-10 10:29:00+00:00,149.0,0.006807866868392039,0.6941502773574999,-0.41011094301564
2019-01-11,up,2019-01-11 08:06:00+00:00,6.0,0.1927571445099691,0.7219715376605405,-0.614717112113843
2019-01-14,up,2019-01-14 08:00:00+00:00,0.0,0.6871883806633501,0.142423585519167,0.6625840017342027
2019-01-15,down,2019-01-15 08:00:00+00:00,0.0,0.5623003194888332,0.22215122470711002,-0.23887113951010802
2019-01-16,none,,,,,
2019-01-17,none,,,,,
2019-01-18,down,2019-01-18 08:00:00+00:00,0.0,1.4249201277954753,-0.01853035143769716,1.148775292864717
2019-01-21,down,2019-01-21 08:36:00+00:00,36.0,0.7518636847710192,0.01640042598508996,0.5583599574014784
2019-01-22,up,2019-01-22 08:00:00+00:00,0.0,0.9684771033013796,-0.16123535676247633,0.5286474973375813
2019-01-23,up,2019-01-23 08:18:00+00:00,18.0,0.17529286474975164,0.2151224707135208,-0.01916932907346479
2019-01-24,down,2019-01-24 08:00:00+00:00,0.0,0.5998265770647716,-0.07522219813569819,0.2630609148059452
2019-01-25,up,2019-01-25 08:00:00+00:00,0.0,0.48756218905470516,0.1596667823672415,0.37567974083075345
2019-01-28,none,,,,,
2019-01-29,up,2019-01-29 08:00:00+00:00,0.0,1.1000459981601143,-0.5151793928242943,0.7520699172033676
2019-01-30,up,2019-01-30 08:32:00+00:00,32.0,0.1363845446181815,0.6048758049678324,-0.4277828886844862
2019-01-31,up,2019-01-31 08:06:00+00:00,6.0,0.60326586936519,0.25298988040481774,0.5519779208831911
2019-02-01,up,2019-02-01 11:26:00+00:00,206.0,0.04291404342796311,0.14724399331879737,-0.06282924322241282
2019-02-04,down,2019-02-04 08:22:00+00:00,22.0,0.4813054092252527,0.03520493383012857,0.33740203006555786
2019-02-05,down,2019-02-05 09:29:00+00:00,89.0,0.14210458692024103,0.8634202749582275,-0.8887318514711555
2019-02-06,down,2019-02-06 11:06:00+00:00,186.0,0.18244892714892594,0.12154696132595717,0.10702813825004422
2019-02-07,none,,,,,
2019-02-08,up,2019-02-08 10:17:00+00:00,137.0,0.6143437077131126,0.10365358592693721,0.4677943166440911
2019-02-11,down,2019-02-11 08:02:00+00:00,2.0,1.1868373950158317,0.2403965303593713,0.7503786314195069
2019-02-12,up,2019-02-12 08:00:00+00:00,0.0,1.222635274679913,-0.36266005782735006,1.1897287622195547
2019-02-13,none,,,,,
2019-02-14,up,2019-02-14 08:00:00+00:00,0.0,0.10284167794313305,1.0744248985114948,-0.8606224627875563
2019-02-15,up,2019-02-15 08:00:00+00:00,0.0,1.7507418397625094,-0.29881305637976235,1.5743323442135764
2019-02-18,none,,,,,
2019-02-19,up,2019-02-19 08:10:00+00:00,10.0,1.0581867388362116,0.10365358592693721,0.6798376184032232
2019-02-20,none,,,,,
2019-02-21,down,2019-02-21 08:30:00+00:00,30.0,1.3892660432944768,0.1145126168823147,0.8721660048673917
2019-02-22,up,2019-02-22 08:01:00+00:00,1.0,0.1274340645797512,1.2176485087502606,-0.792334237120977
2019-02-25,none,,,,,
2019-02-26,down,2019-02-26 08:00:00+00:00,0.0,0.5324131131378046,0.20039438008377403,0.3438501355681479
2019-03-01,down,2019-03-01 08:00:00+00:00,0.0,1.286665023416319,-0.19152082819818597,0.590707419275339
2019-03-04,down,2019-03-04 08:00:00+00:00,0.0,2.1505102040816135,-0.3818877551020049,1.8354591836734724
2019-03-05,down,2019-03-05 08:00:00+00:00,0.0,0.5375000000000562,0.25000000000000727,-0.1139030612244947
2019-03-06,up,2019-03-06 08:06:00+00:00,6.0,0.002559836170482802,1.1398950467170221,-0.9376679892486478
2019-03-08,up,2019-03-08 08:00:00+00:00,0.0,1.3732279171210344,-0.42448200654303014,0.7056979280261493
2019-03-11,down,2019-03-11 08:22:00+00:00,22.0,0.41439476553981086,0.5542529989094769,0.16862050163578465
2019-03-12,up,2019-03-12 10:05:00+00:00,125.0,0.12077426390403397,0.580697928026219,-0.2699018538713299
2019-03-13,up,2019-03-13 08:25:00+00:00,25.0,0.9152126499454932,0.0798800436205367,0.5444383860414127
2019-03-14,down,2019-03-14 08:00:00+00:00,0.0,1.7450403174197153,0.12287213618329092,1.327659029822119
2019-03-18,up,2019-03-18 08:00:00+00:00,0.0,1.3439139895046934,-0.6169205170869374,0.9489312683988653
2019-03-19,up,2019-03-19 10:31:00+00:00,151.0,0.28234992960452665,0.1279918085242565,0.1075131191603941
2019-03-21,up,2019-03-21 08:06:00+00:00,6.0,0.1049532829898531,1.2236016894918853,-0.9155254063740386
2019-03-22,up,2019-03-22 08:00:00+00:00,0.0,0.8731204175468892,0.22865664222693421,0.6076798807008645
2019-03-25,up,2019-03-25 08:00:00+00:00,0.0,0.6007207655026491,0.12426991425375877,0.35180812725240734
2019-03-26,down,2019-03-26 08:00:00+00:00,0.0,1.1731079905554895,0.0795327451223898,0.8956132720268245
2019-03-27,down,2019-03-27 08:00:00+00:00,0.0,0.16370370370370363,1.1901234567900878,-0.7375308641975382
2019-03-28,down,2019-03-28 08:35:00+00:00,35.0,1.2136199826022176,0.3554119547657094,0.969181061265062
2019-03-29,down,2019-03-29 08:00:00+00:00,0.0,0.3054626532887237,1.3377926421404753,-1.2268054007184297
2019-04-01,down,2019-04-01 07:00:00+00:00,0.0,0.5005406704313494,0.4462333293283552,0.02511113781086511
2019-04-02,down,2019-04-02 07:37:00+00:00,37.0,0.03344481605350907,0.8980552458813226,-0.48346339650689985
2019-04-05,none,,,,,
2019-04-09,up,2019-04-09 07:51:00+00:00,51.0,0.6770708283313047,0.09843937575031794,0.37022809123646766
2019-04-10,up,2019-04-10 07:00:00+00:00,0.0,0.12244897959183228,0.5522208883553755,-0.30336134453786934
2019-04-11,down,2019-04-11 07:00:00+00:00,0.0,0.571428571428587,0.13613445378151182,0.2588235294117538
2019-04-12,up,2019-04-12 09:04:00+00:00,124.0,0.4208883553421666,0.21608643457379276,0.1472989195678624
2019-04-15,down,2019-04-15 07:00:00+00:00,0.0,0.40869565217391085,0.16521739130439622,0.1440993788819703
2019-04-16,down,2019-04-16 09:03:00+00:00,123.0,0.2869565217391253,0.08198757763973394,-0.07490683229814521
2019-04-17,up,2019-04-17 07:20:00+00:00,20.0,0.12496894409936196,1.0501863354037548,-0.5267080745341939
2019-04-18,down,2019-04-18 07:00:00+00:00,0.0,0.082530949105955,1.531324246592457,-1.0157559084656436
2019-04-22,none,,,,,
2019-04-23,down,2019-04-23 07:00:00+00:00,0.0,0.14255345754656684,0.37514067775416515,-0.07752907340251382
2019-04-24,up,2019-04-24 07:57:00+00:00,57.0,0.4694240040598701,0.2029941639178378,-0.15313372240552653
2019-04-25,up,2019-04-25 07:01:00+00:00,1.0,0.45370614613552507,0.12925349512002168,0.06462674755998085
2019-04-26,up,2019-04-26 07:00:00+00:00,0.0,0.5600105513056687,0.30071221313639773,0.040490635716141476
2019-04-30,up,2019-04-30 08:21:00+00:00,81.0,0.34094033544129493,0.1814682430574221,0.25350563651361313
2019-05-01,down,2019-05-01 07:00:00+00:00,0.0,0.44817156997527735,0.9458344789661811,-0.8904316744569372
2019-05-02,down,2019-05-02 07:00:00+00:00,0.0,0.6791311520483884,-0.01842177618916861,0.44363486389885426
2019-05-06,down,2019-05-06 07:23:00+00:00,23.0,0.19796535606269344,0.43442397580420744,-0.09485839978004451
2019-05-07,down,2019-05-07 07:05:00+00:00,5.0,0.15180318702820603,0.6309756779424275,0.007827788649712055
2019-05-08,up,2019-05-08 07:00:00+00:00,0.0,0.8455056179775114,0.5393258426965768,0.7658707865168376
2019-05-09,up,2019-05-09 07:00:00+00:00,0.0,0.7942340305257028,0.057377049180320494,0.0609101187111417
2019-05-10,none,,,,,
2019-05-13,down,2019-05-13 07:00:00+00:00,0.0,0.24957603165631304,0.339174674957615,-0.21113623516112737
2019-05-14,down,2019-05-14 07:00:00+00:00,0.0,0.3589598643301238,0.15262860373091067,0.07009609949125113
2019-05-15,down,2019-05-15 07:00:00+00:00,0.0,0.32949438202246695,1.3314606741572839,-1.057162921348367
2019-05-17,up,2019-05-17 07:00:00+00:00,0.0,0.19742253907321572,0.9158212229229158,-0.6265423635864613
2019-05-20,down,2019-05-20 08:44:00+00:00,104.0,0.39128050452429824,0.417603509733998,-0.3829174664106976
2019-05-21,down,2019-05-21 07:00:00+00:00,0.0,0.215410338581558,0.406855231991098,-0.055872927407036345
2019-05-22,down,2019-05-22 07:25:00+00:00,25.0,0.12443820224718434,0.508426966292111,-0.34424157303370523
2019-05-23,up,2019-05-23 07:13:00+00:00,13.0,0.8884831460674041,0.1488764044943719,0.876825842696606
2019-05-24,up,2019-05-24 07:15:00+00:00,15.0,0.03674392312037348,0.977388355002847,-0.7785472018089312
2019-05-27,none,,,,,
2019-05-28,none,,,,,
2019-05-29,up,2019-05-29 07:00:00+00:00,0.0,0.9641911662254016,-0.12177790163018079,0.3665877107426351
2019-05-30,down,2019-05-30 07:08:00+00:00,8.0,0.47946165708673893,0.2963689892051155,-0.0562175802607389
2019-05-31,up,2019-05-31 07:00:00+00:00,0.0,1.5917566241413312,-0.03925417075560813,1.0968736856862857
2019-06-03,up,2019-06-03 07:13:00+00:00,13.0,1.3574929451952984,0.2019901975345519,1.1391653052130815
2019-06-04,up,2019-06-04 07:04:00+00:00,4.0,0.521907025100275,1.2772909549977687,-0.10188623199170571
2019-06-05,up,2019-06-05 07:00:00+00:00,0.0,3.6753665689150283,-1.2360703812317257,3.3112903225806884
2019-06-06,up,2019-06-06 07:00:00+00:00,0.0,1.4281524926686697,0.07038123167155758,1.3382697947214133
2019-06-07,down,2019-06-07 07:00:00+00:00,0.0,0.23822714681437582,1.1135734072022068,-0.30069252077559744
2019-06-10,down,2019-06-10 07:00:00+00:00,0.0,0.45983379501387134,0.6695290858725504,-0.43088642659277904
2019-06-11,down,2019-06-11 07:00:00+00:00,0.0,1.770914127423824,-0.3434903047091425,1.4288088642658954
2019-06-12,up,2019-06-12 07:01:00+00:00,1.0,0.9259911894273261,0.19383259911890155,-0.05183553597651517
2019-06-13,up,2019-06-13 07:00:00+00:00,0.0,0.39060205580027546,0.8193832599118902,-0.3710719530102216
2019-06-14,up,2019-06-14 07:00:00+00:00,0.0,3.01908957415567,-1.227606461086666,1.7910425844346864
2019-06-17,down,2019-06-17 07:15:00+00:00,15.0,0.8808864265928121,0.47728531855954287,0.6477839335180218
2019-06-18,up,2019-06-18 07:00:00+00:00,0.0,0.6202408971341415,0.6000276893257265,0.47944067561956316
2019-06-19,down,2019-06-19 08:30:00+00:00,90.0,0.10144559979713227,0.35252345929497986,-0.27681968044636085
2019-06-20,none,,,,,
2019-06-21,down,2019-06-21 07:30:00+00:00,30.0,1.6582410695634102,2.042406517651921,-0.9209316899937271
2019-06-24,none,,,,,
2019-06-25,none,,,,,
2019-06-26,none,,,,,
2019-06-27,down,2019-06-27 07:00:00+00:00,0.0,0.5952279141366669,0.2057641323868941,-0.13572222697340214
2019-06-28,none,,,,,
2019-07-01,down,2019-07-01 07:00:00+00:00,0.0,0.45888282814335496,0.7843678795829709,-0.6405440861699978
2019-07-02,up,2019-07-02 07:31:00+00:00,31.0,0.16564833672776996,0.22308214528171075,-0.07508486082822578
2019-07-03,none,,,,,
2019-07-04,down,2019-07-04 07:05:00+00:00,5.0,0.38647342995171263,0.25764895330111737,-0.11170155662907755
2019-07-05,down,2019-07-05 07:00:00+00:00,0.0,0.2036500268384294,0.19355877616748732,-0.030220075147617407
2019-07-08,up,2019-07-08 07:02:00+00:00,2.0,0.19785292538916896,0.21867954911433948,-0.116478797638224
2019-07-09,down,2019-07-09 08:27:00+00:00,87.0,0.5378421900161121,0.10091250670961589,0.11572732152442239
2019-07-10,down,2019-07-10 07:00:00+00:00,0.0,0.07944176060118334,0.6269457863661034,-0.44949006977994665
2019-07-11,down,2019-07-11 07:37:00+00:00,37.0,0.02320185614849745,0.416473317865425,-0.07813225058003305
2019-07-12,up,2019-07-12 07:20:00+00:00,20.0,0.27529002320186513,0.6748259860788957,-0.23938515081206524
2019-07-15,none,,,,,
2019-07-16,up,2019-07-16 09:31:00+00:00,151.0,0.012687427912329928,0.350288350634377,-0.2550749711649248
2019-07-17,down,2019-07-17 08:03:00+00:00,63.0,0.3817762399077233,0.09457900807381087,-0.0329296424452085
2019-07-18,down,2019-07-18 10:54:00+00:00,234.0,0.09723183391004367,0.06078431372549552,-0.03829296424450767
2019-07-19,down,2019-07-19 07:00:00+00:00,0.0,0.3283151640999026,0.15423660379537604,0.12510815019898888
2019-07-22,none,,,,,
2019-07-23,none,,,,,
2019-07-24,up,2019-07-24 07:20:00+00:00,20.0,0.5690953170856249,0.07183871379352753,0.5232231721321956
2019-07-25,up,2019-07-25 07:03:00+00:00,3.0,0.2662658650634819,0.2244488977955689,0.09552438209754766
2019-07-26,up,2019-07-26 07:00:00+00:00,0.0,0.2845628415300331,0.0678961748633972,0.16256830601090425
2019-07-29,down,2019-07-29 07:02:00+00:00,2.0,0.13779960419263396,0.21740086491240107,-0.14564245400572276
2019-07-30,up,2019-07-30 07:01:00+00:00,1.0,0.49336467733373085,0.18654735724577656,0.1336922726927985
2019-07-31,up,2019-07-31 07:00:00+00:00,0.0,0.07711746963397131,0.3391212195320709,-0.07524252058366247
2019-08-01,down,2019-08-01 07:59:00+00:00,59.0,0.2466666666666629,0.6815384615384337,-0.5368376068375615
2019-08-02,none,,,,,
2019-08-05,up,2019-08-05 07:00:00+00:00,0.0,1.00854700854702,0.08888888888888544,0.4322222222222414
2019-08-06,none,,,,,
2019-08-07,up,2019-08-07 07:16:00+00:00,16.0,0.12994212113801856,0.8363903154805502,-0.0909757887013941
2019-08-08,none,,,,,
2019-08-09,none,,,,,
2019-08-12,down,2019-08-12 07:00:00+00:00,0.0,1.008897928053888,1.4151519003432176,-1.1667090377526415
2019-08-13,up,2019-08-13 07:00:00+00:00,0.0,2.178579250930889,-0.2029641527341584,1.098853763597872
2019-08-14,up,2019-08-14 10:08:00+00:00,188.0,0.8329731791025985,0.0708020846574322,0.8073598576331534
2019-08-15,down,2019-08-15 07:00:00+00:00,0.0,0.6655950467345252,0.835863547061972,-0.5746859558254318
2019-08-16,down,2019-08-16 07:00:00+00:00,0.0,1.3608748481166488,-0.004860267314697878,0.5108748481166517
2019-08-19,down,2019-08-19 08:04:00+00:00,64.0,0.8963971729012321,0.03332758719760495,0.5713382750100597
2019-08-20,up,2019-08-20 07:20:00+00:00,20.0,0.6516117910705042,0.11722116876400245,0.6206401195196364
2019-08-21,down,2019-08-21 07:00:00+00:00,0.0,0.5908869987849387,0.08383961117862126,-0.029829890643984468
2019-08-22,down,2019-08-22 07:21:00+00:00,21.0,0.4565006075333932,0.15346294046174297,0.3092345078979149
2019-08-23,up,2019-08-23 10:04:00+00:00,184.0,0.031956257594157884,0.3462940461725553,-0.30759416767922787
2019-08-26,down,2019-08-26 07:00:00+00:00,0.0,1.5908869987849388,-0.10243013365735999,0.6518226002430006
2019-08-27,up,2019-08-27 07:00:00+00:00,0.0,0.35890363730391345,0.27661897374014727,-0.18025627765328545
2019-08-28,none,,,,,
2019-08-29,up,2019-08-29 07:00:00+00:00,0.0,0.5149892933619011,1.0731263383297514,-0.9146680942184008
2019-08-30,down,2019-08-30 08:02:00+00:00,62.0,0.024946466809416108,0.5524625267666021,-0.38886509635974836
2019-09-02,down,2019-09-02 07:00:00+00:00,0.0,0.3853358616330277,0.413721772108267,-0.18295696144343798
2019-09-03,up,2019-09-03 07:00:00+00:00,0.0,0.8613977630847223,0.11332880182909771,0.44349008218501745
2019-09-04,down,2019-09-04 07:00:00+00:00,0.0,0.6368847598339742,-0.07906700929036209,0.45127495552482055
2019-09-05,down,2019-09-05 07:57:00+00:00,57.0,0.4678131383014039,0.23812347631284542,0.01574751268366833
2019-09-06,down,2019-09-06 07:00:00+00:00,0.0,1.3036832048494251,-0.09395796270672331,0.7014561507544476
2019-09-09,down,2019-09-09 07:37:00+00:00,37.0,0.12985292169074,0.7658672320127141,-0.5836756327017302
2019-09-10,none,,,,,
2019-09-11,none,,,,,
2019-09-12,up,2019-09-12 07:00:00+00:00,0.0,0.9954948986352053,-0.2574532926990827,0.5783755134490518
2019-09-13,up,2019-09-13 07:00:00+00:00,0.0,0.8970451835166237,-0.05472373128395515,0.565125215317356
2019-09-16,down,2019-09-16 08:40:00+00:00,100.0,0.2996614759647892,0.530805687203802,-0.25822613405553896
2019-09-17,down,2019-09-17 07:00:00+00:00,0.0,0.28124576844956,0.520379146919442,-0.3924847664184179
2019-09-18,down,2019-09-18 10:52:00+00:00,232.0,0.14448205822610444,0.12728503723765142,-0.10514556533513104
2019-09-19,up,2019-09-19 07:02:00+00:00,2.0,0.22301963439403338,0.5190250507786173,0.19255247122546068
2019-09-20,up,2019-09-20 07:18:00+00:00,18.0,0.078176758977096,0.42665959984096846,-0.26811978269511144
2019-09-23,down,2019-09-23 07:06:00+00:00,6.0,0.01184834123224664,1.2625065824117843,-1.028172722485511
2019-09-24,up,2019-09-24 07:00:00+00:00,0.0,0.2281463928383289,0.3462348604528542,-0.0978804634017657
2019-09-25,none,,,,,
2019-09-26,down,2019-09-26 07:16:00+00:00,16.0,0.14403074069166363,0.5078839273883756,-0.3904200344507758
2019-09-27,down,2019-09-27 07:00:00+00:00,0.0,1.8550417384391087,-0.6409169206307106,1.5730091427057016
2019-09-30,down,2019-09-30 07:00:00+00:00,0.0,0.7441798766332994,0.4421303972938723,0.45698746434969345
2019-10-01,down,2019-10-01 07:17:00+00:00,17.0,0.3767327717715618,1.0939842143662628,-0.8355110433110173
2019-10-02,up,2019-10-02 07:22:00+00:00,22.0,0.40982095839916466,0.42785676671932577,0.3769747235386953
2019-10-03,down,2019-10-03 07:00:00+00:00,0.0,0.15427472308814896,0.9149034953903211,-0.6297008688731275
2019-10-04,up,2019-10-04 10:40:00+00:00,220.0,0.04688033895989526,0.1485683045171853,-0.06833868653044471
2019-10-07,down,2019-10-07 07:20:00+00:00,20.0,0.7021004291199225,0.18248889558081416,0.6526387111345167
2019-10-08,up,2019-10-08 07:41:00+00:00,41.0,1.7775974025974193,0.12711038961037432,1.3999188311688258
2019-10-09,up,2019-10-09 07:03:00+00:00,3.0,0.4258116883116982,1.4496753246753056,-1.03871753246754
2019-10-10,down,2019-10-10 07:05:00+00:00,5.0,0.0894469768641944,0.8382213812677668,-0.1872366044551635
2019-10-11,up,2019-10-11 07:00:00+00:00,0.0,1.0234798314268834,0.8153435968005712,-0.42771136148620226
2019-10-14,up,2019-10-14 07:01:00+00:00,1.0,1.3154220779220953,0.10227272727274551,1.0806006493506632
2019-10-15,down,2019-10-15 07:00:00+00:00,0.0,0.3537631555673542,1.2983107809321754,-0.7671354028478459
2019-10-16,down,2019-10-16 07:00:00+00:00,0.0,0.10206067038118137,0.8796320863182185,-0.15857433448303693
2019-10-17,down,2019-10-17 09:31:00+00:00,151.0,0.6426107720881057,0.04598921022375444,0.016184664367205812
2019-10-18,down,2019-10-18 07:00:00+00:00,0.0,0.8896841728549738,-0.07068086248545855,0.756285228594439
2019-10-21,down,2019-10-21 07:41:00+00:00,41.0,0.33871909674908085,0.5359159042242475,-0.48209071442476437
2019-10-22,up,2019-10-22 07:00:00+00:00,0.0,0.6234679525818472,-0.002009242515569812,0.4031545107494414
2019-10-23,up,2019-10-23 07:00:00+00:00,0.0,0.8722943722943719,0.10369933097206696,0.13744588744588118
2019-10-24,down,2019-10-24 07:01:00+00:00,1.0,0.6068532035685175,0.2305352798053867,0.11922141119220671
2019-10-25,up,2019-10-25 07:00:00+00:00,0.0,0.4278183292782077,0.22100567721003944,0.2031630170316199
2019-10-28,up,2019-10-28 08:55:00+00:00,55.0,0.1993106244930949,0.7035685320356885,-0.5447080291970372
2019-10-29,up,2019-10-29 08:00:00+00:00,0.0,0.3540607764680287,1.901157132042851,-1.3351357196928633
2019-10-30,up,2019-10-30 08:23:00+00:00,23.0,0.997604653815449,0.04790692369112242,0.9539181019733356
2019-10-31,up,2019-10-31 08:00:00+00:00,0.0,1.9922352941176167,0.09011764705883252,1.6737647058823366
2019-11-01,up,2019-11-01 08:20:00+00:00,20.0,0.2571764705882528,1.1451764705882264,-0.7415294117646922
2019-11-04,up,2019-11-04 08:00:00+00:00,0.0,0.05113900511390661,1.2117619711761831,-0.2758019525801994
2019-11-05,down,2019-11-05 08:13:00+00:00,13.0,0.7079667063019817,0.4019024970273575,0.19738406658737673
2019-11-06,up,2019-11-06 09:02:00+00:00,62.0,0.3594826544180094,0.6244409524960985,-0.3730206696482864
2019-11-07,down,2019-11-07 08:00:00+00:00,0.0,2.2404092071611994,-0.41611253196935893,1.5604859335039039
2019-11-08,up,2019-11-08 08:00:00+00:00,0.0,0.8706371191135782,2.105263157894704,-2.05443213296393
2019-11-11,up,2019-11-11 08:00:00+00:00,0.0,0.733240997229896,0.3360110803323991,0.22770083102489916
2019-11-12,down,2019-11-12 08:02:00+00:00,2.0,0.7619047619047589,1.1296918767507207,-0.12044817927172483
2019-11-13,up,2019-11-13 09:01:00+00:00,61.0,1.3240896358543481,0.1436974789915722,0.9091036414565679
2019-11-14,up,2019-11-14 08:00:00+00:00,0.0,1.2921568627450957,0.00560224089635337,0.5116246498599077
2019-11-15,down,2019-11-15 09:08:00+00:00,68.0,0.2549019607843331,0.942016806722628,-0.9211484593837085
2019-11-18,down,2019-11-18 08:00:00+00:00,0.0,2.0601092896174302,-0.3497267759562689,1.5058743169398758
2019-11-19,down,2019-11-19 08:00:00+00:00,0.0,1.0693506493506921,0.5384415584415202,0.374025974025986
2019-11-20,up,2019-11-20 08:00:00+00:00,0.0,0.6571428571428461,0.6267532467532458,-0.5215584415584483
2019-11-21,down,2019-11-21 10:03:00+00:00,123.0,0.4712741406534288,0.09474067776025812,-0.01700473703392789
2019-11-22,up,2019-11-22 08:00:00+00:00,0.0,1.5774078478002316,0.48442330558858854,1.1474435196195003
2019-11-25,down,2019-11-25 08:01:00+00:00,1.0,0.4534005037783621,0.36463955859421465,0.2542881132302205
2019-11-26,up,2019-11-26 08:04:00+00:00,4.0,0.6789012834352719,0.3471272640038667,0.41621686457956153
2019-11-27,down,2019-11-27 11:39:00+00:00,219.0,0.11589133729743684,0.184213594496897,-0.21534336014920183
2019-11-28,none,,,,,
2019-11-29,none,,,,,
2019-12-02,down,2019-12-02 08:00:00+00:00,0.0,1.1955990220049384,0.03740831295844085,0.0015892420538355712
2019-12-03,up,2019-12-03 08:44:00+00:00,44.0,1.7017114914425857,0.2794621026894993,1.6215158924205855
2019-12-04,up,2019-12-04 08:00:00+00:00,0.0,0.7268948655256763,2.0415647921761133,-1.2937652811736302
2019-12-05,down,2019-12-05 09:54:00+00:00,114.0,0.13847980997626572,0.513064133016588,-0.30178147268410277
2019-12-06,down,2019-12-06 08:00:00+00:00,0.0,0.5618937644341732,0.3157043879908028,-0.17713625866057112
2019-12-09,up,2019-12-09 08:00:00+00:00,0.0,0.6219399538106138,0.09699769053119371,0.5831408775981154
2019-12-10,up,2019-12-10 08:00:00+00:00,0.0,1.0099307159353363,0.1085450346420376,0.8837182448037154
2019-12-11,up,2019-12-11 08:00:00+00:00,0.0,0.6817102137767442,0.5693586698337088,0.38361045130641214
2019-12-12,down,2019-12-12 08:00:00+00:00,0.0,0.5159898477157189,0.3299492385786736,-0.1769035532994669
2019-12-13,up,2019-12-13 08:00:00+00:00,0.0,0.919511860688363,0.5476484300013365,0.3917455093925701
2019-12-16,up,2019-12-16 08:00:00+00:00,0.0,0.47525023995611493,0.5092554504319207,0.1631701631701731
2019-12-17,up,2019-12-17 08:07:00+00:00,7.0,0.8505713448579278,0.15733958394375938,0.46923527688251854
2019-12-23,up,2019-12-23 08:00:00+00:00,0.0,1.0837138508371325,-0.18569254185689676,0.5864535768645515
2019-12-24,up,2019-12-24 08:06:00+00:00,6.0,0.643226788432222,0.4407914764079473,-0.1730593607306213
2019-12-26,none,,,,,
2019-12-27,down,2019-12-27 08:00:00+00:00,0.0,0.37405731523379526,0.9924585218702933,-0.2951734539969706
2019-12-30,down,2019-12-30 08:05:00+00:00,5.0,0.6696832579185722,0.22322775263952407,0.5871794871795021
2019-12-31,up,2019-12-31 08:02:00+00:00,2.0,0.20913242009136443,0.8076103500761174,-0.6421613394215582
2020-01-02,up,2020-01-02 09:39:00+00:00,99.0,0.3742013994523898,0.47064192272589267,0.2900821417705625
2020-01-03,up,2020-01-03 08:00:00+00:00,0.0,2.24802342606149,0.22489019033676053,1.6569546120058751
2020-01-06,none,,,,,
2020-01-07,up,2020-01-07 08:00:00+00:00,0.0,1.3017390150006256,0.6125049780963883,0.5765299349528612
2020-01-08,down,2020-01-08 08:53:00+00:00,53.0,1.9456937799043386,0.5064593301435376,1.4891148325359111
2020-01-09,down,2020-01-09 08:00:00+00:00,0.0,2.214593301435394,-1.061483253588505,1.2547846889952041
2020-01-10,none,,,,,
2020-01-13,down,2020-01-13 08:00:00+00:00,0.0,1.5627433363282688,-0.0738744134970345,0.24957572127383884
2020-01-14,up,2020-01-14 08:41:00+00:00,41.0,0.12478304558326475,0.5055266282999641,-0.37909929661091424
2020-01-15,up,2020-01-15 08:11:00+00:00,11.0,0.14745637748830273,0.32112722208569167,-0.194150897026323
2020-01-16,none,,,,,
2020-01-17,up,2020-01-17 11:00:00+00:00,180.0,0.04562178072110995,0.18057395143488977,-0.041942604856523735
2020-01-20,none,,,,,
2020-01-21,down,2020-01-21 08:00:00+00:00,0.0,1.1643004922594067,0.21930512948559627,0.6011272026824823
2020-01-22,up,2020-01-22 09:15:00+00:00,75.0,0.22969726093224066,0.27047435985443374,-0.23182535868743726
2020-01-23,down,2020-01-23 08:00:00+00:00,0.0,0.4005425567989082,0.1614106476771848,0.3768056968463883
2020-01-24,down,2020-01-24 08:06:00+00:00,6.0,0.2356055592322909,0.4716082064857504,0.015420251489091506
2020-01-27,down,2020-01-27 08:19:00+00:00,19.0,0.19491353001015757,1.215734147168548,-0.9795184808409695
2020-01-28,down,2020-01-28 08:00:00+00:00,0.0,0.15232282129535954,0.5398440149203101,0.007867073584264804
2020-01-29,up,2020-01-29 08:00:00+00:00,0.0,0.42495761275008653,0.2790098338419803,0.37456765005087106
2020-01-30,up,2020-01-30 08:00:00+00:00,0.0,0.31241204615814827,0.3401350971010619,-0.09428651843513555
2020-01-31,up,2020-01-31 08:00:00+00:00,0.0,0.91514213340841,-0.08204334365326262,0.7352941176470786
2020-02-03,down,2020-02-03 08:00:00+00:00,0.0,0.867803381608027,0.2646786045516175,0.15552543340228495
2020-02-04,down,2020-02-04 08:00:00+00:00,0.0,0.9549832346436411,0.14939002639652157,0.2651066562031733
2020-02-05,up,2020-02-05 08:00:00+00:00,0.0,0.17164871227794393,1.8905614610829635,-0.8097310408789232
2020-02-06,up,2020-02-06 08:00:00+00:00,0.0,1.3502175929228692,0.0,0.9624027966041043
2020-02-07,down,2020-02-07 09:10:00+00:00,70.0,0.07755702722590699,0.7402501839587813,-0.5693156732891496
2020-02-10,up,2020-02-10 08:44:00+00:00,44.0,0.033653846153815496,0.4743589743589795,-0.42035256410257105
2020-02-11,down,2020-02-11 08:02:00+00:00,2.0,0.16756081428674302,0.4566767105166349,-0.27346218857940396
2020-02-12,down,2020-02-12 08:01:00+00:00,1.0,0.4546474358974335,0.49727564102561433,-0.430048076923055
2020-02-13,up,2020-02-13 08:00:00+00:00,0.0,0.45731394354148663,0.281779298545792,-0.11437125748502847
2020-02-14,none,,,,,
2020-02-17,down,2020-02-17 08:00:00+00:00,0.0,0.44907205715779,-0.008190293630744114,0.15509279428423683
2020-02-18,up,2020-02-18 08:00:00+00:00,0.0,0.3438180709244473,0.12843077459267654,0.1019430164677236
2020-02-19,up,2020-02-19 08:00:00+00:00,0.0,1.1671326779110731,-0.0066744836294822035,0.7983223595201697
2020-02-20,up,2020-02-20 11:30:00+00:00,210.0,1.080823199251597,0.04172123479891161,1.0508886810102775
2020-02-21,up,2020-02-21 08:00:00+00:00,0.0,1.45425631431246,-0.5144995322731498,1.249766136576245
2020-02-24,up,2020-02-24 08:00:00+00:00,0.0,3.870659330747746,-0.7269775412645398,2.6202759989176476
2020-02-25,down,2020-02-25 08:00:00+00:00,0.0,0.4870569135023087,2.5814016415621825,-0.6854875078920774
2020-02-26,up,2020-02-26 08:17:00+00:00,17.0,1.519560860852132,0.10751938659927804,0.23002526792714578
2020-02-27,none,,,,,
2020-02-28,down,2020-02-28 08:00:00+00:00,0.0,0.8095036780248643,2.1515177137059203,-0.1724866830134023
2020-03-02,up,2020-03-02 08:47:00+00:00,47.0,0.6787434074753537,0.5702056103340204,-0.0019873117786317943
2020-03-03,up,2020-03-03 11:07:00+00:00,187.0,0.5090575556065327,0.07077887334708591,0.3039822670641165
2020-03-04,down,2020-03-04 08:00:00+00:00,0.0,0.7460062676756215,0.8449132461973566,-0.6866926545899156
2020-03-05,up,2020-03-05 08:31:00+00:00,31.0,1.2076740808682738,0.40510586256975833,1.0971489719483434
2020-03-06,up,2020-03-06 09:37:00+00:00,97.0,1.3620729190552316,0.047389742413845574,0.7980585492624163
2020-03-09,none,,,,,
2020-03-10,none,,,,,
2020-03-11,up,2020-03-11 11:00:00+00:00,180.0,0.3375667022412004,0.08964781216650537,0.08767342582711037
2020-03-12,none,,,,,
2020-03-13,up,2020-03-13 08:00:00+00:00,0.0,0.23653456604166126,1.4639796395367086,-1.0496545992832473
2020-03-16,down,2020-03-16 09:33:00+00:00,93.0,6.361299435028247,0.6255178907721305,5.837900188323907
2020-03-17,down,2020-03-17 08:00:00+00:00,0.0,1.5967081493376059,0.2025692492974631,0.9987956643918118
2020-03-18,down,2020-03-18 08:00:00+00:00,0.0,1.7234042553191427,0.386524822695038,-0.3973049645389966
2020-03-19,none,,,,,
2020-03-20,up,2020-03-20 08:00:00+00:00,0.0,1.5999659061852103,-0.7390970821376928,0.8871210614541143
2020-03-23,none,,,,,
2020-03-26,up,2020-03-26 10:09:00+00:00,129.0,0.5614496806206677,0.10527181511637909,0.4368232036625889
2020-03-27,down,2020-03-27 08:00:00+00:00,0.0,0.33517010719083695,0.32513638731255784,0.07445787756668325
2020-03-30,none,,,,,
2020-03-31,down,2020-03-31 08:44:00+00:00,104.0,0.8858447488584531,0.11764705882353303,0.5540155788342699
2020-04-01,up,2020-04-01 07:02:00+00:00,2.0,0.617736481686706,0.08183445571561548,0.21294007331003736
2020-04-02,up,2020-04-02 07:01:00+00:00,1.0,0.35878107926489944,0.4559558243492033,-0.006310807257425247
2020-04-03,up,2020-04-03 07:41:00+00:00,41.0,0.19984222981855473,0.377479767435067,-0.2983025097145664
2020-04-06,up,2020-04-06 07:00:00+00:00,0.0,0.9232477284015492,-0.04674672042539238,0.8874280538756003
2020-04-08,up,2020-04-08 07:07:00+00:00,7.0,0.19399888976538568,0.25301662430244637,-0.16241563677798762
2020-04-09,up,2020-04-09 07:00:00+00:00,0.0,0.8563414847927037,-0.21795658398340542,0.7428053875595264
2020-04-13,up,2020-04-13 07:12:00+00:00,12.0,0.12021958475172882,0.26374704817985006,-0.1292973901309643
2020-04-14,down,2020-04-14 07:08:00+00:00,8.0,0.11869436201780144,1.0497856907352379,-0.6614243323442052
2020-04-15,down,2020-04-15 07:00:00+00:00,0.0,0.8108993647609503,0.2435974590438012,-0.14075560013373645
2020-04-16,up,2020-04-16 07:00:00+00:00,0.0,1.0177252584933538,0.010339734121130015,0.9392171344165365
2020-04-17,down,2020-04-17 07:25:00+00:00,25.0,0.7678068410462705,0.39195171026157677,0.40989939637825507
2020-04-20,up,2020-04-20 09:34:00+00:00,154.0,0.05472837022133279,0.7412474849094556,-0.0219718309859082
2020-04-21,up,2020-04-21 07:00:00+00:00,0.0,0.4617561381606288,1.9816895547232416,-1.10803162713275
2020-04-22,up,2020-04-22 07:20:00+00:00,20.0,1.3247221387804036,0.4997639788868442,0.9804746170020961
2020-04-23,up,2020-04-23 08:04:00+00:00,64.0,0.7355914628877628,0.1382528298626023,0.7007258273567949
2020-04-24,up,2020-04-24 07:00:00+00:00,0.0,0.5875745269160891,0.31625334831072777,0.6023070940983386
2020-04-27,down,2020-04-27 07:00:00+00:00,0.0,0.5942267490993003,0.35938264466485187,0.19997331316993305
2020-04-28,up,2020-04-28 09:22:00+00:00,142.0,0.3924882629108007,0.43286384976524506,-0.09089201877932758
2020-04-29,down,2020-04-29 07:59:00+00:00,59.0,0.24436240715207486,0.3353644976204201,0.10496819819421624
2020-04-30,up,2020-04-30 07:00:00+00:00,0.0,0.5079812206572589,0.2291079812206604,-0.046760563380285725
2020-05-01,down,2020-05-01 07:31:00+00:00,31.0,0.13239436619718964,0.7969014084507048,-0.4973708920187774
2020-05-04,up,2020-05-04 07:00:00+00:00,0.0,1.122065727699525,-0.10328638497651638,0.3291549295774604
2020-05-05,down,2020-05-05 07:07:00+00:00,7.0,0.6874262555789328,1.1829887651977644,-0.21736007797671442
2020-05-06,up,2020-05-06 07:46:00+00:00,46.0,0.05468629764529868,0.8580516082696439,-0.5753860360129243
2020-05-07,down,2020-05-07 07:00:00+00:00,0.0,0.06258656953779607,0.8638998614887499,-0.6597753039552618
2020-05-08,up,2020-05-08 08:57:00+00:00,117.0,0.3111620334077006,0.25206536814809577,-0.07085569559188278
2020-05-11,down,2020-05-11 09:31:00+00:00,151.0,0.9268100881873902,0.11088018873222032,0.23569061394146718
2020-05-12,up,2020-05-12 07:21:00+00:00,21.0,0.48868168286245744,0.1531202606302382,0.10621805313711671
2020-05-13,down,2020-05-13 08:08:00+00:00,68.0,0.08183678108661474,0.5717208456467421,-0.566435553534907
2020-05-14,none,,,,,
2020-05-15,up,2020-05-15 07:00:00+00:00,0.0,0.41064095697197756,0.6141760399928453,-0.2407903350592067
2020-05-18,up,2020-05-18 08:08:00+00:00,68.0,0.032925284930339895,0.7381052885485342,-0.2307785081107314
2020-05-19,down,2020-05-19 07:00:00+00:00,0.0,0.9278176445757764,0.5845745643128532,-0.1461737924380389
2020-05-20,up,2020-05-20 07:04:00+00:00,4.0,0.24241693300367947,0.5423626605560044,-0.02713622384371204
2020-05-21,down,2020-05-21 07:00:00+00:00,0.0,0.8278434595688212,0.11759499272934984,0.3523424163874226
2020-05-22,up,2020-05-22 07:00:00+00:00,0.0,1.2214705696402415,-0.3354618448504797,0.6870455838654729
2020-05-25,none,,,,,
2020-05-26,down,2020-05-26 07:08:00+00:00,8.0,0.8298865910606977,0.5376917945296743,-0.05450300200133385
2020-05-27,down,2020-05-27 08:58:00+00:00,118.0,0.07431621080720581,0.5114076050700195,-0.20900600400265254
2020-05-28,up,2020-05-28 07:10:00+00:00,10.0,0.7124749833221926,0.19746497665110005,0.581320880587045
2020-05-29,up,2020-05-29 08:16:00+00:00,76.0,0.682044887780544,0.08142144638404143,0.6182668329177216
2020-06-01,none,,,,,
2020-06-02,down,2020-06-02 07:29:00+00:00,29.0,0.0794473229706186,0.7426597582037998,-0.5488198042602356
2020-06-03,down,2020-06-03 07:52:00+00:00,52.0,0.8263672999424132,0.11548647092690266,0.13085780080596823
2020-06-04,up,2020-06-04 08:59:00+00:00,119.0,1.1063402665476745,0.09513187977472314,0.839067640662457
2020-06-05,down,2020-06-05 09:42:00+00:00,162.0,0.5687838063904362,0.2743545419059841,0.14347850331789627
2020-06-08,up,2020-06-08 07:00:00+00:00,0.0,0.6498633803602215,-0.02230524730940898,0.42943177382478825
2020-06-09,up,2020-06-09 08:07:00+00:00,67.0,0.6548820610048512,0.34472759716721757,0.6190263759549421
2020-06-10,up,2020-06-10 07:26:00+00:00,26.0,0.21524563653599954,0.34796185802710977,0.0987007193442235
2020-06-11,up,2020-06-11 07:22:00+00:00,22.0,0.00814141526795203,0.7569285674454608,-0.5240060224167634
2020-06-12,up,2020-06-12 07:00:00+00:00,0.0,0.9081146905789723,-0.18044946307982795,0.8605668105834055
2020-06-15,down,2020-06-15 07:05:00+00:00,5.0,1.4491309642421932,0.3435182110040984,1.219417690689687
2020-06-16,down,2020-06-16 07:21:00+00:00,21.0,0.16196169600353644,0.9653492748809811,-0.7242333665448966
2020-06-17,down,2020-06-17 07:46:00+00:00,46.0,1.1059448688143325,0.3328905125650414,0.3575224178013805
2020-06-18,up,2020-06-18 08:43:00+00:00,103.0,0.7948632790877849,1.0528063766190474,-0.396103177239004
2020-06-19,up,2020-06-19 07:00:00+00:00,0.0,0.5040985891930995,0.03568839569510509,0.22812691685718198
2020-06-22,down,2020-06-22 07:19:00+00:00,19.0,0.40149445156974206,0.4349523225338555,-0.22812691685718198
2020-06-23,down,2020-06-23 07:02:00+00:00,2.0,0.037639765304983204,1.2546219417690603,-0.9992804162515266
2020-06-24,up,2020-06-24 08:20:00+00:00,80.0,0.6037000973709729,0.31056218930968943,0.26121047506789186
2020-06-25,up,2020-06-25 07:00:00+00:00,0.0,0.2789770840252348,0.8527620945422191,-0.729491863168377
2020-06-26,up,2020-06-26 08:50:00+00:00,110.0,0.04745762711862647,0.6116384180790957,-0.444406779661015
2020-06-29,down,2020-06-29 08:05:00+00:00,65.0,0.04632654273327794,0.6268337589831974,-0.6040862386411049
2020-06-30,up,2020-06-30 07:00:00+00:00,0.0,0.07666687613899323,0.48136743543014204,-0.38578520706341485
2020-07-01,up,2020-07-01 07:03:00+00:00,3.0,0.4914221077106868,0.645007226795709,-0.4228618110978326
2020-07-02,up,2020-07-02 08:13:00+00:00,73.0,0.5265734716227549,0.05578818527346456,0.24975842298527537
2020-07-03,none,,,,,
2020-07-06,up,2020-07-06 07:03:00+00:00,3.0,0.27135746914843123,0.3740369537055913,-0.10608849798868542
2020-07-07,down,2020-07-07 07:01:00+00:00,1.0,1.2571829011913158,0.2406447091801122,0.8219341275402824
2020-07-08,up,2020-07-08 08:00:00+00:00,60.0,1.0786838340486342,0.06294706723892046,0.9158798283261528
2020-07-09,up,2020-07-09 07:00:00+00:00,0.0,0.4220314735336254,1.0424892703862696,-0.6182403433476408
2020-07-10,up,2020-07-10 08:39:00+00:00,99.0,0.7253218884120071,0.0715307582260371,0.6304721030042804
2020-07-13,up,2020-07-13 07:02:00+00:00,2.0,0.3705293276108605,0.4859799713876867,0.22982832618023846
2020-07-14,down,2020-07-14 10:18:00+00:00,198.0,0.7610872675250582,0.2832618025751095,0.2667381974249116
2020-07-15,up,2020-07-15 07:58:00+00:00,58.0,0.5587674247982429,0.7087307410124679,-0.46947909024210877
2020-07-16,down,2020-07-16 07:00:00+00:00,0.0,0.6804108584005846,0.10124724871607639,0.1719002201027049
2020-07-17,up,2020-07-17 07:02:00+00:00,2.0,0.7649303008070448,0.19178283198826526,0.7441672780631047
2020-07-20,up,2020-07-20 07:00:00+00:00,0.0,0.3198826118855587,0.39280997798971834,0.12986060161408636
2020-07-21,up,2020-07-21 07:00:00+00:00,0.0,1.1377535101403946,-0.15288611544462138,0.981279251170046
2020-07-22,none,,,,,
2020-07-23,up,2020-07-23 08:00:00+00:00,60.0,2.058898412967831,0.13748620894507962,1.0201137231604727
2020-07-24,up,2020-07-24 07:06:00+00:00,6.0,1.3251294237460631,0.5024187388610717,0.11406263260630028
2020-07-27,up,2020-07-27 10:59:00+00:00,239.0,0.11711788169393526,0.1918017482814388,0.07841805991682661
2020-07-28,down,2020-07-28 07:31:00+00:00,31.0,4.440804548926373,0.4939319358397776,0.7326657048289669
2020-07-29,none,,,,,
2020-07-30,down,2020-07-30 07:00:00+00:00,0.0,1.5994130594277602,0.535583272193675,0.3589875275128446
2020-07-31,up,2020-07-31 07:00:00+00:00,0.0,1.453206548938293,0.6792021162508004,0.023378851790932218
2020-08-03,down,2020-08-03 10:14:00+00:00,194.0,0.5049166894291335,0.06459983611034638,0.22104616225075654
2020-08-04,up,2020-08-04 07:45:00+00:00,45.0,0.03469656165842624,0.6701321475543534,-0.49533412663619775
2020-08-05,up,2020-08-05 07:00:00+00:00,0.0,1.7410910001878845,0.40295609694997486,1.3206613640633906
2020-08-06,up,2020-08-06 07:00:00+00:00,0.0,0.2334090776670427,1.0443395676746874,0.05535162850316554
2020-08-07,none,,,,,
2020-08-10,none,,,,,
2020-08-11,down,2020-08-11 07:00:00+00:00,0.0,1.7304575786463423,0.11892278360343887,1.3120829361296589
2020-08-12,up,2020-08-12 07:31:00+00:00,31.0,1.7408645114420769,0.6347257537232227,0.49920087177624645
2020-08-13,none,,,,,
2020-08-14,down,2020-08-14 07:00:00+00:00,0.0,0.23796033994333948,0.5325779036827183,-0.15719231979855552
2020-08-17,up,2020-08-17 07:00:00+00:00,0.0,0.685314685314696,-0.11857707509881664,0.4808148373365843
2020-08-18,up,2020-08-18 07:00:00+00:00,0.0,0.6426626323751834,0.13391830559757753,0.5227534039334363
2020-08-19,down,2020-08-19 07:01:00+00:00,1.0,0.2219240650870652,0.7936054810162776,-0.20602340850699696
2020-08-20,down,2020-08-20 10:17:00+00:00,197.0,0.006679988581213925,0.43180131316014164,-0.3697687696260344
2020-08-21,down,2020-08-21 07:14:00+00:00,14.0,0.6690121786197502,0.13261163734776954,0.306630581867386
2020-08-24,up,2020-08-24 07:00:00+00:00,0.0,0.7633558863328725,0.17087956698241671,0.7259269282814569
2020-08-25,down,2020-08-25 08:20:00+00:00,80.0,0.2887239508992304,0.19240650870681664,0.1115329717385143
2020-08-26,down,2020-08-26 07:00:00+00:00,0.0,0.24611195158850305,0.37458396369136676,-0.06293494704992224
2020-08-27,none,,,,,
2020-08-28,up,2020-08-28 07:00:00+00:00,0.0,0.8798789712556723,0.1880181543116475,0.7615733736762513
2020-08-31,down,2020-08-31 07:00:00+00:00,0.0,0.6936762481089247,0.10511346444781135,-0.054190620272319814
2020-09-01,up,2020-09-01 07:19:00+00:00,19.0,0.1524962178517389,0.3509833585476528,0.010499243570340487
2020-09-02,down,2020-09-02 07:29:00+00:00,29.0,0.1566666666666741,0.7395480225988635,-0.37949152542372055
2020-09-03,down,2020-09-03 07:00:00+00:00,0.0,0.2886535552193639,0.40163388804840866,0.06937972768532899
2020-09-04,none,,,,,
2020-09-07,down,2020-09-07 09:36:00+00:00,156.0,0.20635400907716106,0.1295007564296445,0.034462934947053714
2020-09-08,up,2020-09-08 07:00:00+00:00,0.0,0.08635400907716409,1.2673524962178524,-0.9371558245083207
2020-09-09,down,2020-09-09 10:52:00+00:00,232.0,0.12897780556424515,0.03876211316035578,0.030196936542666277
2020-09-10,down,2020-09-10 07:00:00+00:00,0.0,0.08479173393607305,0.4783338714885285,-0.429028091701637
2020-09-11,none,,,,,
2020-09-14,none,,,,,
2020-09-15,up,2020-09-15 10:54:00+00:00,234.0,0.16208860079505538,0.06854564337642,0.1149589943773972
2020-09-16,up,2020-09-16 07:10:00+00:00,10.0,0.40632865875583746,0.13807982740022237,0.218770226537213
2020-09-17,down,2020-09-17 09:30:00+00:00,150.0,0.05767318528338731,0.4294184804625619,-0.30213972673370315
2020-09-18,up,2020-09-18 08:54:00+00:00,114.0,0.04272087798771105,0.32335285235516564,-0.2744816410709694
2020-09-21,down,2020-09-21 08:03:00+00:00,63.0,1.40022471910112,0.05842696629213268,1.1340449438202225
2020-09-22,down,2020-09-22 07:00:00+00:00,0.0,0.9071161048689047,0.22471910112359508,-0.03621722846442309
2020-09-23,down,2020-09-23 07:00:00+00:00,0.0,0.6773521755299379,0.9475641502417307,-0.7523242841204951
2020-09-24,down,2020-09-24 09:35:00+00:00,155.0,0.015842320565263402,0.6379323168464142,-0.6233172182967663
2020-09-25,up,2020-09-25 07:01:00+00:00,1.0,0.09497954629974338,1.4756415024172564,-1.3783190777240713
2020-09-28,down,2020-09-28 08:01:00+00:00,61.0,0.5739130434782708,0.38888468809073873,-0.140529300567094
2020-09-29,none,,,,,
2020-09-30,down,2020-09-30 07:08:00+00:00,8.0,0.454952830188681,0.15117924528301868,0.14426100628931074
2020-10-01,up,2020-10-01 07:00:00+00:00,0.0,0.38154072740662065,0.18794746962320721,0.08971893793725044
2020-10-02,up,2020-10-02 07:00:00+00:00,0.0,0.5337218984179732,0.32081598667777417,-0.0757285595337392
2020-10-05,down,2020-10-05 07:07:00+00:00,7.0,0.37635303913405366,0.8326394671107415,-0.7316402997502115
2020-10-06,down,2020-10-06 08:25:00+00:00,85.0,0.13253570375362306,0.47773518136243903,-0.43101487129798566
2020-10-07,up,2020-10-07 07:00:00+00:00,0.0,0.9051691452163293,0.15646459114462505,-0.11416775498167642
2020-10-08,up,2020-10-08 07:00:00+00:00,0.0,0.41881765195671966,0.01748542880930967,0.2818900915903493
2020-10-09,up,2020-10-09 07:53:00+00:00,53.0,0.4354704412989194,0.0932556203164129,0.2763114071607067
2020-10-12,down,2020-10-12 09:19:00+00:00,139.0,0.20208159866776926,0.17485428809324816,0.1078268109908471
2020-10-13,up,2020-10-13 08:47:00+00:00,107.0,0.00025017720886931906,0.43505816620104926,-0.3226035108201494
2020-10-14,up,2020-10-14 08:30:00+00:00,90.0,0.2176541717049498,0.2751949297418973,0.08134928907976592
2020-10-15,up,2020-10-15 07:41:00+00:00,41.0,0.13592961681191784,1.0132176958678973,-0.42817829295750326
2020-10-16,up,2020-10-16 08:32:00+00:00,92.0,0.17145050539514486,0.4119930055017617,-0.17524630016632844
2020-10-19,up,2020-10-19 07:00:00+00:00,0.0,0.4142960719921674,0.04264937945152877,0.40235424574573075
2020-10-20,up,2020-10-20 09:13:00+00:00,133.0,0.33224455611391274,0.06139028475711481,0.13082077051927415
2020-10-21,up,2020-10-21 07:58:00+00:00,58.0,0.19814901693179118,0.5055657440184335,-0.18693223013606192
2020-10-22,none,,,,,
2020-10-23,up,2020-10-23 07:39:00+00:00,39.0,0.399857098200342,0.16344393337203086,0.2593221095878308
2020-10-26,up,2020-10-26 09:53:00+00:00,113.0,0.2848823557037446,0.11647020147466447,0.14713755694358835
2020-10-27,down,2020-10-27 08:14:00+00:00,14.0,0.38510308552105665,0.11177382238294845,-0.10069036772649433
2020-10-28,down,2020-10-28 08:21:00+00:00,21.0,1.1333269341524295,0.1996544442311313,1.0251487809560431
2020-10-29,down,2020-10-29 10:17:00+00:00,137.0,0.39009317819726447,0.3572635542895815,0.344711051030748
2020-10-30,up,2020-10-30 11:56:00+00:00,236.0,0.2160863168219927,0.06473761647865214,0.13305541932320794
2020-11-02,up,2020-11-02 08:16:00+00:00,16.0,0.4803334968121594,0.4678764100049055,0.3149092692496254
2020-11-03,down,2020-11-03 08:00:00+00:00,0.0,0.12780774889650728,0.999215301618459,-0.8512506130456144
2020-11-04,none,,,,,
2020-11-05,up,2020-11-05 08:00:00+00:00,0.0,1.0076508092202034,0.15762628739578038,0.8721432074546352
2020-11-06,up,2020-11-06 08:00:00+00:00,0.0,1.054438450220703,0.3337910740559138,0.8305051495831215
2020-11-09,down,2020-11-09 11:34:00+00:00,214.0,1.7616478666012898,0.45316331535065424,1.3808729769494912
2020-11-10,up,2020-11-10 08:00:00+00:00,0.0,0.5179009318293286,1.720745463462482,-0.6127023050514966
2020-11-11,down,2020-11-11 08:00:00+00:00,0.0,0.6395291809710665,0.5434036292300145,-0.07410495340853245
2020-11-12,up,2020-11-12 09:37:00+00:00,97.0,0.040899795501031906,0.5524539877300649,-0.19677914110430322
2020-11-13,none,,,,,
2020-11-16,down,2020-11-16 11:52:00+00:00,232.0,2.373388344507465,0.4600309437854578,1.850232078390924
2020-11-17,down,2020-11-17 08:07:00+00:00,7.0,0.061887570912855426,0.8079422382671291,-0.4246518824136091
2020-11-18,up,2020-11-18 08:00:00+00:00,0.0,0.1676117775354441,1.5990185387131837,-1.2362595419847107
2020-11-19,down,2020-11-19 08:12:00+00:00,12.0,0.37050556670925955,0.9095333698363268,-0.5605645799111681
2020-11-20,up,2020-11-20 08:40:00+00:00,40.0,0.013384437549446552,0.7118087242197316,-0.3745817363265867
2020-11-23,down,2020-11-23 08:36:00+00:00,36.0,0.8538274605103315,0.23001215066828978,0.4870595382745934
2020-11-24,down,2020-11-24 10:29:00+00:00,149.0,1.9008505467800694,0.11749696233291236,1.3158566221142198
2020-11-25,up,2020-11-25 08:13:00+00:00,13.0,0.3267777777777812,0.6314444444444436,0.06522222222222102
2020-11-26,up,2020-11-26 08:00:00+00:00,0.0,0.5164122323562238,0.1577330146807735,0.17299907330634534
2020-11-27,none,,,,,
2020-11-30,none,,,,,
2020-12-01,up,2020-12-01 08:00:00+00:00,0.0,2.131688045651846,-0.10856947763742358,1.8078817733990014
2020-12-02,up,2020-12-02 08:00:00+00:00,0.0,1.555616513509796,0.1432816714671059,0.9512641155762696
2020-12-03,up,2020-12-03 08:00:00+00:00,0.0,0.6038140759888804,0.24513485831340787,0.5357264790518604
2020-12-04,down,2020-12-04 08:01:00+00:00,1.0,0.014826483806686176,0.59092804522079,-0.33887782050689325
2020-12-07,down,2020-12-07 08:16:00+00:00,16.0,1.2608886504413825,0.11159342535238713,0.40876944837339874
2020-12-08,down,2020-12-08 11:03:00+00:00,183.0,0.09466666666667657,0.2850000000000061,-0.052055555555549894
2020-12-09,down,2020-12-09 11:40:00+00:00,220.0,0.45666666666665556,0.17999999999998786,0.19272222222222504
2020-12-10,down,2020-12-10 08:50:00+00:00,50.0,0.5443105886943261,0.44091108618250474,-0.10296054235967005
2020-12-11,down,2020-12-11 08:00:00+00:00,0.0,1.088250930356173,0.5802232854864494,0.10467836257310116
2020-12-14,down,2020-12-14 08:00:00+00:00,0.0,1.5414141414141347,0.13067517278041502,0.5665603402445537
2020-12-15,up,2020-12-15 08:00:00+00:00,0.0,0.827006806892737,0.12706199791501283,0.576255595756419
2020-12-16,up,2020-12-16 08:33:00+00:00,33.0,0.7868155236576072,0.06943115364168145,0.43652312599679477
2020-12-17,up,2020-12-17 08:00:00+00:00,0.0,1.3464114832535774,-0.1576820839978664,1.0118553960659078
2020-12-18,down,2020-12-18 08:12:00+00:00,12.0,0.1358187485015341,0.6868856389355011,-0.7040877487413186
2020-12-21,down,2020-12-21 09:47:00+00:00,107.0,3.33888755694075,0.9985614960440936,0.5146247902181542
2020-12-22,down,2020-12-22 08:00:00+00:00,0.0,0.6260000000000048,0.06736842105261737,0.18826315789474646
2020-12-23,up,2020-12-23 08:02:00+00:00,2.0,0.464204236827824,0.5243889190657227,-0.3310700706137846
2020-12-24,up,2020-12-24 08:17:00+00:00,17.0,0.06677055861903738,1.070846319827366,-0.41470870294892037
2020-12-28,down,2020-12-28 08:00:00+00:00,0.0,1.9883811463136842,0.09702341738038775,1.51362520213209
2020-12-29,up,2020-12-29 08:13:00+00:00,13.0,0.09905971132538688,1.0022159669401574,-0.621848236210082
2020-12-30,down,2020-12-30 08:11:00+00:00,11.0,0.036711698067499826,0.4309686799539593,-0.12788513963772147
2020-12-31,none,,,,,
2021-01-04,up,2021-01-04 08:00:00+00:00,0.0,1.3523387434868401,0.0810924118104932,1.018745882493867
2021-01-05,up,2021-01-05 09:05:00+00:00,65.0,0.750194645744757,0.2690303647361624,0.728693777325258
2021-01-06,up,2021-01-06 08:46:00+00:00,46.0,0.4773249985256558,1.1806333667512126,-1.1574570973639373
2021-01-07,down,2021-01-07 10:21:00+00:00,141.0,0.6298953825929838,0.707673768965339,-0.4312318562743123
2021-01-08,down,2021-01-08 08:00:00+00:00,0.0,3.2387577367585396,-0.18349126362493262,1.3361998137700721
2021-01-11,up,2021-01-11 08:02:00+00:00,2.0,0.663635865695355,0.35087911486005413,0.02322396888864447
2021-01-12,up,2021-01-12 08:00:00+00:00,0.0,0.5691924581999454,0.45433755145601956,0.2097372566956331
2021-01-13,down,2021-01-13 08:34:00+00:00,34.0,0.5199618339777939,0.3447998794757185,0.17902877517200086
2021-01-14,none,,,,,
2021-01-15,up,2021-01-15 09:45:00+00:00,105.0,0.13558981569827835,0.8647617134535353,-0.6317481042534988
2021-01-18,none,,,,,
2021-01-19,up,2021-01-19 08:17:00+00:00,17.0,0.18189950797673468,0.1245464937130525,-0.06262114209036462
2021-01-20,up,2021-01-20 08:00:00+00:00,0.0,0.5526564286069489,0.3220515878932489,-0.29670493514238055
2021-01-21,down,2021-01-21 08:00:00+00:00,0.0,0.034292530192339306,0.6612991402017856,-0.4411311565031689
2021-01-22,down,2021-01-22 08:22:00+00:00,22.0,1.4387694145758705,0.40193150139387107,1.0086618876941558
2021-01-25,down,2021-01-25 08:22:00+00:00,22.0,0.11456224383981989,1.4567181867562276,-1.1861142659621886
2021-01-26,down,2021-01-26 08:00:00+00:00,0.0,0.4654584958767492,0.415485655029397,0.016097970470595323
2021-01-27,up,2021-01-27 08:02:00+00:00,2.0,0.17472434266327252,1.306191687871076,-0.985481215386921
2021-01-28,up,2021-01-28 08:14:00+00:00,14.0,0.3100334281295203,0.3272963129272055,0.03677094247368577
2021-01-29,up,2021-01-29 08:03:00+00:00,3.0,1.6940577757820865,0.40303347802225303,1.6027041860001108
2021-02-01,up,2021-02-01 08:10:00+00:00,10.0,0.8000203283020688,0.7633277430502644,0.06332266097472408
2021-02-02,down,2021-02-02 08:00:00+00:00,0.0,1.1103318595314358,0.07826396300248874,1.0482797174366036
2021-02-03,down,2021-02-03 08:03:00+00:00,3.0,0.39904205957192485,0.09180262435763885,0.13411165993115384
2021-02-04,down,2021-02-04 09:06:00+00:00,66.0,0.5981847303790557,0.14276561665776702,0.31959423384943253
2021-02-05,up,2021-02-05 08:00:00+00:00,0.0,1.290425025141582,0.08500502831737886,0.4137511247552051
2021-02-08,down,2021-02-08 08:51:00+00:00,51.0,0.07395993836673419,1.6909205044798155,-1.4366261484905614
2021-02-09,up,2021-02-09 08:52:00+00:00,52.0,0.6085715916224544,0.20464532328937987,0.06945157792616016
2021-02-10,up,2021-02-10 08:00:00+00:00,0.0,0.10158077954686723,0.7326371055184762,-0.5025965873423666
2021-02-11,up,2021-02-11 08:00:00+00:00,0.0,0.40120679616789323,0.273117027470511,-0.01852537977030474
2021-02-12,down,2021-02-12 08:00:00+00:00,0.0,0.7669919534326384,0.30554128859215296,0.03800719054954722
2021-02-15,down,2021-02-15 08:00:00+00:00,0.0,0.45494003426612784,0.17555682467162026,-0.08023986293547691
2021-02-16,down,2021-02-16 11:50:00+00:00,230.0,0.3584436607504081,0.15031508354051917,0.20697230733652783
2021-02-17,down,2021-02-17 08:03:00+00:00,3.0,0.3353182632826339,0.5237902526449634,-0.5081806093542204
2021-02-18,up,2021-02-18 08:45:00+00:00,45.0,0.37626188947889366,0.5165431522436966,-0.16992472428080954
2021-02-19,up,2021-02-19 08:00:00+00:00,0.0,0.20193365367914093,0.6734209459850616,-0.5323336999942159
2021-02-22,up,2021-02-22 08:00:00+00:00,0.0,1.022404909396151,0.020494413246122063,0.5760435361546772
2021-02-23,down,2021-02-23 09:21:00+00:00,81.0,0.29410061946389665,0.3844149829213118,-0.37324147513460687
2021-02-24,down,2021-02-24 09:02:00+00:00,62.0,0.24288011024345302,0.5546623794212082,-0.42547083141937203
2021-02-25,down,2021-02-25 08:00:00+00:00,0.0,1.436103151862476,0.15243553008595315,0.8078510028653498
2021-02-26,down,2021-02-26 11:32:00+00:00,212.0,0.030611141157372106,0.3609518658734482,-0.22979989183343977
2021-03-01,up,2021-03-01 08:00:00+00:00,0.0,0.22278998467042113,1.1101686254471224,-0.9182422074604145
2021-03-02,up,2021-03-02 10:30:00+00:00,150.0,0.4924885028104216,0.17271333673991415,-0.10531425651508206
2021-03-03,down,2021-03-03 08:11:00+00:00,11.0,0.8758303525804767,0.07051609606541204,0.5752682677567628
2021-03-04,down,2021-03-04 09:22:00+00:00,82.0,0.0383239652529383,1.224220746039842,-0.9470107307102689
2021-03-05,up,2021-03-05 10:36:00+00:00,156.0,0.15789473684211322,0.3740419008686629,-0.23173224322942612
2021-03-08,down,2021-03-08 08:00:00+00:00,0.0,1.8769773299748098,-0.3767254408060274,1.855314861460964
2021-03-09,up,2021-03-09 08:00:00+00:00,0.0,2.035507760982057,-0.34330932332352887,1.7931926549660246
2021-03-10,down,2021-03-10 08:14:00+00:00,14.0,0.2650907984173518,0.4762098001420514,-0.11793649183322914
2021-03-11,up,2021-03-11 08:00:00+00:00,0.0,0.39724067450178396,0.4609095554420036,-0.24399591211037847
2021-03-12,down,2021-03-12 08:00:00+00:00,0.0,1.7286192553515303,-0.49436948361571076,1.2957796489804043
2021-03-15,none,,,,,
2021-03-16,down,2021-03-16 08:00:00+00:00,0.0,0.06387795275589461,0.5978346456693,-0.199606299212601
2021-03-17,down,2021-03-17 11:16:00+00:00,196.0,0.17125984251968648,0.09744094488189096,0.006348425196868138
2021-03-18,down,2021-03-18 08:00:00+00:00,0.0,1.946948818897639,-0.6526574803149711,1.5779527559055093
2021-03-19,up,2021-03-19 08:00:00+00:00,0.0,0.8593503937007896,0.09114173228345805,0.4840059055118367
2021-03-22,down,2021-03-22 08:00:00+00:00,0.0,0.44755314881670694,0.6568391496189298,-0.39380264741274723
2021-03-23,up,2021-03-23 10:08:00+00:00,128.0,0.19291338582677584,0.24901574803149415,-0.13617125984251152
2021-03-24,up,2021-03-24 09:41:00+00:00,101.0,0.14852362204724598,0.5206692913385808,-0.3965551181102371
2021-03-25,down,2021-03-25 08:40:00+00:00,40.0,0.4108497359577543,0.13826212193951604,0.3166586653864631
2021-03-26,up,2021-03-26 09:39:00+00:00,99.0,0.21398737251094807,0.8010684798445726,-0.4406508013598565
2021-03-29,down,2021-03-29 07:00:00+00:00,0.0,0.24097472924187974,0.20457280385077894,-0.09566787003609635
2021-03-30,down,2021-03-30 07:00:00+00:00,0.0,1.2047000618429298,0.05081426509997302,1.1594001236858535
2021-03-31,up,2021-03-31 07:00:00+00:00,0.0,0.28612851447211085,0.3952777921607242,0.09232123440169387
2021-04-01,up,2021-04-01 07:00:00+00:00,0.0,0.5040128410914921,0.21104955211515813,-0.1805001812250999
2021-04-05,none,,,,,
2021-04-06,none,,,,,
2021-04-07,none,,,,,
2021-04-08,up,2021-04-08 07:36:00+00:00,36.0,0.26066790352505115,0.45025510204081953,0.06881957328387926
2021-04-09,down,2021-04-09 07:00:00+00:00,0.0,0.6577987315485267,-0.05051355447045401,0.4040523095919613
2021-04-12,none,,,,,
2021-04-13,down,2021-04-13 07:00:00+00:00,0.0,0.16006895277965394,0.6423690205011535,-0.13242627593426726
2021-04-14,none,,,,,
2021-04-15,up,2021-04-15 07:00:00+00:00,0.0,0.7318092281979137,-0.14528741120991578,0.4431445114307831
2021-04-16,up,2021-04-16 08:17:00+00:00,77.0,1.480046948356806,0.18661971830984744,1.4282276995304999
2021-04-19,up,2021-04-19 07:43:00+00:00,43.0,0.7644366197183186,0.1322769953051573,0.47728873239434977
2021-04-20,down,2021-04-20 08:28:00+00:00,88.0,0.2300864419562497,0.7495503857979934,-0.6337529732551762
2021-04-21,up,2021-04-21 07:00:00+00:00,0.0,0.3106108951673867,0.9282357718860548,-0.6379300342286702
2021-04-22,down,2021-04-22 08:18:00+00:00,78.0,0.763822010790747,0.22822997041246873,0.589371700411908
2021-04-23,down,2021-04-23 07:23:00+00:00,23.0,0.13145539906101858,0.6619718309859198,-0.5796361502347325
2021-04-26,none,,,,,
2021-04-27,none,,,,,
2021-04-28,down,2021-04-28 07:06:00+00:00,6.0,0.35273145485911783,0.4776308223116792,0.05307648073606877
2021-04-29,down,2021-04-29 07:00:00+00:00,0.0,1.2861414606095543,-0.19666474985624485,0.993617021276629
2021-04-30,none,,,,,
2021-05-03,up,2021-05-03 07:00:00+00:00,0.0,0.81544814750189,0.13877740941080496,0.3046007095911176
2021-05-04,down,2021-05-04 09:37:00+00:00,157.0,0.27685686035015544,0.10818356307800436,0.0025010178561112135
2021-05-05,down,2021-05-05 07:00:00+00:00,0.0,0.2958180654917577,0.3966730646193317,-0.04833362414937078
2021-05-06,up,2021-05-06 07:00:00+00:00,0.0,0.3935322514977074,0.20822427732216198,-0.02541732100272777
2021-05-07,up,2021-05-07 08:37:00+00:00,97.0,0.10353050660153561,0.3481649508520841,-0.1548886174605952
2021-05-10,up,2021-05-10 10:26:00+00:00,206.0,0.11960897067279715,0.14640598044852446,0.11483611270844497
2021-05-11,up,2021-05-11 09:47:00+00:00,167.0,0.34106258442142817,0.07800540297163243,0.14807519135523717
2021-05-12,none,,,,,
2021-05-13,down,2021-05-13 08:50:00+00:00,110.0,0.5064160288158506,0.2592300765421102,-0.10260018009904674
2021-05-14,up,2021-05-14 07:00:00+00:00,0.0,1.1595322153574616,-0.5141218005295786,0.9672330097087475
2021-05-17,none,,,,,
2021-05-18,none,,,,,
2021-05-19,up,2021-05-19 07:00:00+00:00,0.0,0.07216146126957705,1.955688352689164,-1.6555981508625817
2021-05-20,none,,,,,
2021-05-21,up,2021-05-21 08:05:00+00:00,65.0,0.3438944638628914,0.23677979479086217,0.1559927838538647
2021-05-24,down,2021-05-24 08:34:00+00:00,94.0,0.5209155485398763,0.32326079603111846,-0.25014094035403883
2021-05-25,up,2021-05-25 07:00:00+00:00,0.0,0.8298373656686396,0.012642951554522948,0.3680248261594145
2021-05-26,up,2021-05-26 07:44:00+00:00,44.0,0.3007980356046675,0.5012891344382822,0.07434008594230976
2021-05-27,up,2021-05-27 07:00:00+00:00,0.0,0.022099447513819714,0.9977900552486013,-0.7536525475751934
2021-05-28,down,2021-05-28 07:00:00+00:00,0.0,0.10803976782944094,0.5930693638296459,-0.38969024768691013
2021-05-31,none,,,,,
2021-06-01,up,2021-06-01 07:00:00+00:00,0.0,0.10068778892772874,1.1316946668170034,-0.907825008456422
2021-06-02,none,,,,,
2021-06-03,down,2021-06-03 07:00:00+00:00,0.0,1.157170576821295,-0.2716528488269462,0.7214088316575371
2021-06-04,up,2021-06-04 07:00:00+00:00,0.0,0.35867583936025677,0.44099488445933865,-0.17381078379491505
2021-06-07,down,2021-06-07 07:00:00+00:00,0.0,0.2296701358264206,0.4280590345152098,-0.17704474628094058
2021-06-08,down,2021-06-08 07:22:00+00:00,22.0,0.6302385364978693,0.09087104681054425,0.04382136665272737
2021-06-09,down,2021-06-09 07:00:00+00:00,0.0,0.4886377156454407,0.2680547293277699,0.2177870315288531
2021-06-10,down,2021-06-10 07:13:00+00:00,13.0,0.7341424044957063,0.19250313863814417,0.30346146948048036
2021-06-11,up,2021-06-11 07:00:00+00:00,0.0,0.2612855740922593,1.4487242394504272,-1.1626594700686965
2021-06-14,down,2021-06-14 07:06:00+00:00,6.0,0.9133954857703754,0.16118743866533902,0.6606967615309051
2021-06-15,up,2021-06-15 07:27:00+00:00,27.0,0.02453385672228219,0.7028949950932272,-0.35917566241414317
2021-06-16,up,2021-06-16 07:01:00+00:00,1.0,0.01673940335984926,0.7162073294673256,-0.6848807317510381
2021-06-17,down,2021-06-17 07:00:00+00:00,0.0,2.2849285586177794,0.10761045017039352,1.8721826986309342
2021-06-18,up,2021-06-18 07:28:00+00:00,28.0,1.1913672505529849,0.06576194177078395,0.5508459377054996
2021-06-21,up,2021-06-21 07:00:00+00:00,0.0,1.0684116597263444,0.3200475907198128,0.7491969066032077
2021-06-22,down,2021-06-22 07:12:00+00:00,12.0,0.3417203042715094,0.8297249853715457,-0.665535400819175
2021-06-23,up,2021-06-23 08:16:00+00:00,76.0,0.1759685569904539,0.2526670409882064,-0.08175182481752481
2021-06-24,up,2021-06-24 08:21:00+00:00,81.0,0.40491515506144027,0.06904622586306766,0.2758338209479436
2021-06-25,up,2021-06-25 07:02:00+00:00,2.0,0.5000594883997539,0.15312314098750998,0.30160618679358187
2021-06-28,none,,,,,
2021-06-29,down,2021-06-29 07:24:00+00:00,24.0,0.7447947650208122,0.1534800713860738,0.554610350981572
2021-06-30,down,2021-06-30 07:33:00+00:00,33.0,0.38786436644853745,0.4187983343248002,-0.05020820939916967
2021-07-01,up,2021-07-01 07:00:00+00:00,0.0,0.13242117787032065,0.5064842355740652,-0.014872099940511448
2021-07-02,down,2021-07-02 07:12:00+00:00,12.0,0.09042236763830852,1.5550267697798965,-1.4719809637120695
2021-07-05,up,2021-07-05 07:00:00+00:00,0.0,0.6541033434650294,0.10820668693010305,0.4122188449847982
2021-07-06,up,2021-07-06 07:00:00+00:00,0.0,0.6363979848866685,0.24471032745591917,0.4185768261964725
2021-07-07,up,2021-07-07 07:00:00+00:00,0.0,0.6889168765743159,0.26196473551636557,0.5015113350125945
2021-07-08,up,2021-07-08 07:27:00+00:00,27.0,1.5074260320430597,0.08770903987837751,1.4696526722020944
2021-07-09,down,2021-07-09 07:00:00+00:00,0.0,0.2757146072473615,0.7517443169029778,-0.4357416160251922
2021-07-12,down,2021-07-12 07:00:00+00:00,0.0,0.19660139545350552,0.6676794958361484,-0.020256583389634448
2021-07-13,down,2021-07-13 08:18:00+00:00,78.0,0.01575512041414591,0.4456448345712158,-0.31026333558404734
2021-07-14,up,2021-07-14 07:45:00+00:00,45.0,0.4341690962099109,0.2772011661807812,0.1776676384839679
2021-07-15,up,2021-07-15 07:00:00+00:00,0.0,0.4634256133243507,0.733738465001126,-0.6271663290569307
2021-07-16,down,2021-07-16 07:00:00+00:00,0.0,0.8373177842565473,0.21224489795920445,0.5624489795918255
2021-07-19,down,2021-07-19 07:00:00+00:00,0.0,1.0518203883495179,-0.3576456310679522,0.7868325242718606
2021-07-20,none,,,,,
2021-07-21,up,2021-07-21 07:00:00+00:00,0.0,0.3601620526671068,1.1654287643484322,-1.0476704929102048
2021-07-22,up,2021-07-22 07:04:00+00:00,4.0,0.045914922349752786,1.3923024983119798,-1.065901417960845
2021-07-23,up,2021-07-23 07:49:00+00:00,49.0,0.2403748217559545,1.5631153663339337,-1.4372241461261963
2021-07-26,up,2021-07-26 07:24:00+00:00,24.0,0.3115646258503294,0.39319727891154,-0.16435374149657603
2021-07-27,down,2021-07-27 07:00:00+00:00,0.0,0.10843537414966131,0.890204081632622,-0.31360544217684266
2021-07-28,none,,,,,
2021-07-29,up,2021-07-29 07:00:00+00:00,0.0,0.7455782312925057,0.4204081632652872,0.521360544217692
2021-07-30,up,2021-07-30 07:21:00+00:00,21.0,0.1228571428571433,0.46217687074828184,-0.17959183673468188
2021-08-02,down,2021-08-02 07:00:00+00:00,0.0,0.2843537414965822,0.31564625850338685,-0.06557823129251183
2021-08-03,down,2021-08-03 07:00:00+00:00,0.0,0.11932877563704508,0.3368551895587336,-0.2101305158483423
2021-08-04,up,2021-08-04 07:17:00+00:00,17.0,0.04394557823127339,0.5469387755101914,-0.12353741496600168
2021-08-05,up,2021-08-05 07:29:00+00:00,29.0,0.3863126672936426,0.4861462779425338,0.23974535194963278
2021-08-06,down,2021-08-06 07:15:00+00:00,15.0,0.6199360737382117,0.3374711960157565,0.5593547907529998
2021-08-09,up,2021-08-09 07:03:00+00:00,3.0,0.9072796934866043,1.193869731800765,-0.94835249042144
2021-08-10,down,2021-08-10 08:36:00+00:00,96.0,0.4183908045977054,0.2927203065134235,-0.1104214559387175
2021-08-11,up,2021-08-11 10:17:00+00:00,197.0,0.4998863894569271,0.152995531318636,0.3865788078466815
2021-08-12,up,2021-08-12 07:06:00+00:00,6.0,0.692266909035805,0.3999091115655623,-0.35643414375524607
2021-08-13,up,2021-08-13 07:00:00+00:00,0.0,0.7115049609937203,0.1954101340604323,0.44111186851473
2021-08-16,down,2021-08-16 07:00:00+00:00,0.0,0.0016313213703084382,0.734094616639465,-0.32414355628059455
2021-08-17,up,2021-08-17 07:04:00+00:00,4.0,0.47471451876020065,0.23980424143556298,0.4285481239804088
2021-08-18,up,2021-08-18 07:00:00+00:00,0.0,0.23539967373571907,1.107667210440431,-1.0685154975529916
2021-08-19,up,2021-08-19 08:44:00+00:00,104.0,0.37746933979583513,0.44503194536241186,0.251450392891238
2021-08-20,up,2021-08-20 07:00:00+00:00,0.0,0.1951385579083547,0.9709266698440704,-0.25001702185606667
2021-08-23,up,2021-08-23 08:57:00+00:00,117.0,0.2352941176470502,0.23529411764707958,0.24673561732385266
2021-08-24,up,2021-08-24 10:36:00+00:00,216.0,0.019392372333560528,0.11454427925015717,-0.04893341952162933
2021-08-25,none,,,,,
2021-08-26,down,2021-08-26 07:00:00+00:00,0.0,0.3542340012928254,0.35164835164835456,-0.2725921137685902
2021-08-27,up,2021-08-27 07:00:00+00:00,0.0,0.20330904881867617,1.1870361544222998,-1.0907605365289403
2021-08-30,down,2021-08-30 07:31:00+00:00,31.0,0.062055591467358416,0.4499030381383338,-0.4040077569489327
2021-08-31,none,,,,,
2021-09-01,up,2021-09-01 07:00:00+00:00,0.0,0.100211986895352,0.8530866576732665,-0.2776385944626527
2021-09-02,up,2021-09-02 09:00:00+00:00,120.0,0.13952592021584279,0.1584120254384206,-0.07040534463930129
2021-09-03,none,,,,,
2021-09-06,down,2021-09-06 08:02:00+00:00,62.0,0.2993511916232962,0.23626903064173455,0.12892657544806713
2021-09-07,down,2021-09-07 08:01:00+00:00,61.0,0.9722684046019723,0.06251246924253856,0.8452483873112993
2021-09-08,down,2021-09-08 07:00:00+00:00,0.0,0.04882122438493081,0.7591700391854403,-0.3350035331149318
2021-09-09,up,2021-09-09 07:19:00+00:00,19.0,0.6762716450216538,0.09889069264069272,0.5693317099567398
2021-09-10,none,,,,,
2021-09-13,none,,,,,
2021-09-14,up,2021-09-14 07:05:00+00:00,5.0,0.18629151410034622,1.0321834650221462,-0.8356780368728727
2021-09-15,down,2021-09-15 07:00:00+00:00,0.0,0.33062770562770294,0.17992424242423408,-0.16741071428570953
2021-09-16,down,2021-09-16 07:00:00+00:00,0.0,1.551207944271556,0.13531940121535746,0.9170742552245501
2021-09-17,up,2021-09-17 07:00:00+00:00,0.0,0.6890469838446593,0.4052171335408242,-0.14339706536238014
2021-09-20,up,2021-09-20 07:54:00+00:00,54.0,0.8372610048910513,0.2140210463910177,0.39202608566770397
2021-09-21,down,2021-09-21 07:00:00+00:00,0.0,0.4105528382985029,1.1190158589002523,-0.7982066103453574
2021-09-22,up,2021-09-22 07:31:00+00:00,31.0,0.09915518008005049,0.8360752927226744,-0.665999703571968
2021-09-23,down,2021-09-23 07:13:00+00:00,13.0,0.07719996936507827,2.418779198897208,-2.16764953664707
2021-09-24,up,2021-09-24 08:13:00+00:00,73.0,0.2248326925815101,0.22839242488965344,0.14331482272532486
2021-09-27,down,2021-09-27 09:46:00+00:00,166.0,0.6151217428449592,0.10024206179694553,0.052968816744990696
2021-09-28,down,2021-09-28 07:00:00+00:00,0.0,2.0916987042574404,-0.3565427879823614,1.9095827993734564
2021-09-29,up,2021-09-29 07:02:00+00:00,2.0,0.5923394560728805,0.6592624234657686,0.5852911861028033
2021-09-30,down,2021-09-30 07:00:00+00:00,0.0,0.7044164474595038,0.7285061608750107,0.6281323549771334
2021-10-01,up,2021-10-01 07:02:00+00:00,2.0,0.05025612626330212,0.775301121417717,-0.4873321334625506
2021-10-04,down,2021-10-04 07:00:00+00:00,0.0,1.2847847154921817,0.08209885089299157,1.1655129447598014
2021-10-05,down,2021-10-05 07:01:00+00:00,1.0,0.2842084458791637,0.6091310363001543,0.2536398972264238
2021-10-06,down,2021-10-06 07:03:00+00:00,3.0,0.6677646748797621,0.18011726727715316,0.055866657882597766
2021-10-07,up,2021-10-07 07:16:00+00:00,16.0,0.3454122966777617,0.7602838661056186,-0.22225711235318468
2021-10-08,up,2021-10-08 10:59:00+00:00,239.0,0.0012560447151907183,0.1306286503799775,-0.07636751868368706
2021-10-11,down,2021-10-11 07:01:00+00:00,1.0,0.19864154812251122,0.436370626682042,-0.0028194284249563662
2021-10-12,up,2021-10-12 07:00:00+00:00,0.0,0.15671691347367903,0.745733448436154,0.05113221329437436
2021-10-13,up,2021-10-13 07:03:00+00:00,3.0,1.2995001922337404,0.17813661412278617,1.2888632577213917
2021-10-14,up,2021-10-14 07:00:00+00:00,0.0,0.8176342432397647,0.39523260284506745,0.7996924259900053
2021-10-15,down,2021-10-15 07:00:00+00:00,0.0,1.4109834650375253,0.09695198884388337,1.3647652566571604
2021-10-18,down,2021-10-18 07:00:00+00:00,0.0,0.874432052870726,0.04309513974939736,0.6467024645463437
2021-10-19,up,2021-10-19 07:00:00+00:00,0.0,0.7261324041811829,0.07526132404180606,0.12362369337981359
2021-10-20,up,2021-10-20 08:02:00+00:00,62.0,0.4648216990224371,0.08949469916013877,0.4397631832575995
2021-10-21,down,2021-10-21 07:03:00+00:00,3.0,0.050468158576251095,0.8946145162361536,-0.4265887509130747
2021-10-22,up,2021-10-22 07:00:00+00:00,0.0,0.8483916442393814,-0.30962450339612213,0.5408176342432435
2021-10-25,up,2021-10-25 08:23:00+00:00,83.0,0.34451158775483853,0.33999601567168486,-0.1545919383757208
2021-10-26,down,2021-10-26 07:28:00+00:00,28.0,0.25127830533233675,0.26482502158179777,0.02815592004781055
2021-10-27,down,2021-10-27 07:40:00+00:00,40.0,0.2693773824650438,0.6481642479769961,-0.5182906440179237
2021-10-28,up,2021-10-28 07:40:00+00:00,40.0,0.03424062061126007,1.0004681334849235,-0.47080853340466633
2021-10-29,down,2021-10-29 07:00:00+00:00,0.0,0.2993720363962596,0.759707804690489,-0.32628476227092784
2021-11-01,up,2021-11-01 10:10:00+00:00,130.0,0.1063693451236611,0.6118159682173672,-0.07471485326154767
2021-11-02,up,2021-11-02 09:30:00+00:00,90.0,0.0875738074703228,0.8890068334107484,-0.6303987261991666
2021-11-03,none,,,,,
2021-11-04,down,2021-11-04 08:04:00+00:00,4.0,0.16286107290233454,1.1988995873452741,-1.0408528198074314
2021-11-05,up,2021-11-05 08:02:00+00:00,2.0,0.4404181184668745,0.7269686411149926,-0.4084320557491164
2021-11-08,down,2021-11-08 08:56:00+00:00,56.0,0.06802244039269288,0.7713884992987381,-0.5833800841514701
2021-11-09,down,2021-11-09 08:00:00+00:00,0.0,0.24602626123012708,0.9357290946786412,-0.3000691085003518
2021-11-10,down,2021-11-10 08:00:00+00:00,0.0,0.22480399144689603,0.411689237348554,-0.06094084105488282
2021-11-11,up,2021-11-11 08:00:00+00:00,0.0,1.4511760513185914,0.039771917320027425,1.215253029223089
2021-11-12,down,2021-11-12 08:15:00+00:00,15.0,1.395218002812947,0.14908579465540694,0.8168776371307991
2021-11-15,none,,,,,
2021-11-16,up,2021-11-16 08:52:00+00:00,52.0,0.7702182284980781,0.09679075738124633,0.6652118100128421
2021-11-17,up,2021-11-17 08:00:00+00:00,0.0,0.9361702127659528,0.036238846945796134,0.7968428277281897
2021-11-18,down,2021-11-18 08:42:00+00:00,42.0,0.7554370702960643,0.2722042935316497,0.170197839203027
2021-11-19,down,2021-11-19 08:00:00+00:00,0.0,1.0140966628308337,0.9018987341772128,-0.48878020713462483
2021-11-22,down,2021-11-22 08:00:00+00:00,0.0,0.9703682393555623,0.4321058688147488,0.17678365937860216
2021-11-23,down,2021-11-23 08:00:00+00:00,0.0,2.0160865750219212,0.282831237203853,1.7981866042702408
2021-11-24,down,2021-11-24 10:17:00+00:00,137.0,0.5001462415911133,0.33825680023396426,0.2287949692892563
2021-11-25,up,2021-11-25 08:16:00+00:00,16.0,0.11889441357123318,0.6434630008774221,-0.4798917812225816
2021-11-26,up,2021-11-26 08:00:00+00:00,0.0,2.391240011837787,0.22491861497484067,1.8563924237940037
2021-11-29,up,2021-11-29 08:39:00+00:00,39.0,0.39338988008189874,0.5045334893243647,-0.43426440479670825
2021-11-30,up,2021-11-30 09:26:00+00:00,86.0,0.37896592244417304,0.600763807285535,-0.4822267920094202
2021-12-01,none,,,,,
2021-12-02,down,2021-12-02 08:00:00+00:00,0.0,1.1239067055393617,0.5699708454810604,-0.3266034985422896
2021-12-03,down,2021-12-03 09:06:00+00:00,66.0,0.19606413994169455,0.875072886297364,-0.6661807580174821
2021-12-06,down,2021-12-06 08:16:00+00:00,16.0,0.47919676394106464,0.26581912741984526,0.12424154868537103
2021-12-07,up,2021-12-07 08:00:00+00:00,0.0,0.27405290540043964,0.6521579834395936,0.07869861508024285
2021-12-08,up,2021-12-08 10:33:00+00:00,153.0,0.3341393712903911,1.1757895508170553,-0.595368945555836
2021-12-09,up,2021-12-09 08:06:00+00:00,6.0,0.06990547373050361,1.125522092767656,-0.970616252656273
2021-12-10,down,2021-12-10 08:00:00+00:00,0.0,0.801293832242857,-0.3194883481584932,0.46357421157094425
2021-12-13,up,2021-12-13 11:41:00+00:00,221.0,0.042094303138464795,0.10858247806039129,0.0002231146809576381
2021-12-14,down,2021-12-14 08:00:00+00:00,0.0,0.46349591033018844,0.10345349893971274,0.014616782793108785
2021-12-15,down,2021-12-15 08:00:00+00:00,0.0,0.1194353963083555,0.5041104389638501,-0.28881650380022433
2021-12-16,up,2021-12-16 08:00:00+00:00,0.0,0.6626506024096225,-0.04184304786711694,0.5294692282643597
2021-12-17,up,2021-12-17 08:00:00+00:00,0.0,0.7375447736893412,-0.0711494627157476,0.6164929990231403
2021-12-20,down,2021-12-20 08:00:00+00:00,0.0,0.6302843966179617,0.5114527286702448,0.515987701767877
2021-12-21,up,2021-12-21 08:00:00+00:00,0.0,0.7517294388931619,0.16448885472712044,0.7013066871636928
2021-12-22,down,2021-12-22 08:00:00+00:00,0.0,0.22444273635665055,0.6338201383550731,-0.5836279784780722
2021-12-23,none,,,,,
2021-12-27,down,2021-12-27 08:38:00+00:00,38.0,0.3162231193869724,0.18521875257477266,0.02117491966710089
2021-12-28,up,2021-12-28 08:00:00+00:00,0.0,0.8295987493485824,0.0006948063227605946,0.7721035261420686
2021-12-29,down,2021-12-29 08:00:00+00:00,0.0,1.7369323824139915,0.22695675724475256,1.2361650266317377
2021-12-30,down,2021-12-30 08:00:00+00:00,0.0,0.024528301886770354,0.9503773584905807,-0.8466981132075888
2021-12-31,up,2021-12-31 09:01:00+00:00,61.0,0.19433962264150595,0.27547169811321676,0.08141509433960721
