date,asia_valid,asia_received_minutes,asia_expected_minutes,asia_variance,asia_reason,london_valid,london_received_minutes,london_expected_minutes,london_variance,london_reason,daily_valid,daily_received_minutes,daily_expected_minutes,daily_variance,daily_reason,london_complete_m5,london_high,london_low,london_range_pct,daily_complete_m5,daily_high,daily_low,daily_range_pct,asia_complete_m5,asia_high,asia_low,asia_range_pct,lag_log_london_variance,lag_log_daily_variance,log_asia_variance,log_target,log_london_mean5,log_london_mean20,forecast_eligible
2016-01-01,False,0,360,,insufficient_minutes,False,0,240,,insufficient_minutes,False,4,1440,,insufficient_minutes,,,,,,,,,,,,,,,,,,,False
2016-01-04,False,352,360,,insufficient_minutes,True,238,240,1.2576449178338004e-05,ok,False,1324,1440,,insufficient_complete_m5,46.0,1074.566,1070.202,0.0040724131800983976,,,,,,,,,,,,-11.283684605808235,,,False
2016-01-05,False,332,360,,insufficient_minutes,True,238,240,1.2695178905430283e-05,ok,False,1298,1440,,insufficient_complete_m5,46.0,1080.908,1076.203,0.00436916013691576,,,,,,,,,-11.283684605808235,,,-11.274288250316914,,,False
2016-01-06,False,336,360,,insufficient_minutes,True,237,240,1.003349321909633e-05,ok,True,1344,1440,7.416883200107872e-05,ok,46.0,1088.031,1081.09,0.006414231257941579,249.0,1095.207,1074.884,0.018855976726697907,,,,,-11.274288250316914,,,-11.509581739546416,,,False
2016-01-07,False,348,360,,insufficient_minutes,True,240,240,1.9297798136712955e-05,ok,True,1352,1440,0.00011721821656181194,ok,48.0,1099.519,1092.419,0.006472320801036218,251.0,1110.073,1091.326,0.017157236227055454,,,,,-11.509581739546416,-9.509166549932107,,-10.855519554742433,,,False
2016-01-08,False,347,360,,insufficient_minutes,True,239,240,1.2977102045641937e-05,ok,True,1303,1440,0.0001269597092319858,ok,47.0,1101.444,1095.789,0.005136046188994668,249.0,1112.501,1091.107,0.01928442818930181,,,,,-10.855519554742433,-9.051473261484794,,-11.252324134662851,,,False
2016-01-11,False,344,360,,insufficient_minutes,True,238,240,1.5309723985711258e-05,ok,True,1346,1440,8.620286608073508e-05,ok,47.0,1106.23,1098.981,0.0065531267472707195,255.0,1108.444,1093.175,0.013795757910605411,,,,,-11.252324134662851,-8.971640771981999,,-11.08702237682354,-11.211636071189531,,False
2016-01-12,False,350,360,,insufficient_minutes,True,239,240,1.828277356396491e-05,ok,True,1360,1440,8.193149363262261e-05,ok,47.0,1099.221,1089.53,0.0088511012958356,257.0,1099.221,1083.355,0.01447758511033386,,,,,-11.08702237682354,-9.358807131650906,,-10.909551276753678,-11.171987553013555,,False
2016-01-13,False,349,360,,insufficient_minutes,False,237,240,,insufficient_complete_m5,True,1362,1440,8.035644302558628e-05,ok,,,,,260.0,1095.525,1079.736,0.014530572503084132,,,,,-10.909551276753678,-9.40962710338204,,,-11.095520047579159,,False
2016-01-14,False,336,360,,insufficient_minutes,True,239,240,1.0215663310935117e-05,ok,False,1334,1440,,insufficient_complete_m5,47.0,1093.13,1088.146,0.004578550995173552,,,,,,,,,-10.909551276753678,-9.429038281993861,,-11.491588396811673,-11.095520047579159,,False
2016-01-15,False,347,360,,insufficient_minutes,False,237,240,,insufficient_complete_m5,True,1299,1440,9.703078574467009e-05,ok,,,,,245.0,1097.327,1076.204,0.01961117455365851,,,,,-11.491588396811673,-9.429038281993861,,,-11.093122818441628,,False
2016-01-18,False,327,360,,insufficient_minutes,True,240,240,5.959355200509634e-06,ok,False,1072,1440,,insufficient_minutes,48.0,1092.174,1087.434,0.004346729636167734,,,,,,,,,-11.491588396811673,-9.24048225100386,,-12.030548270573696,-11.093122818441628,,False
2016-01-19,False,346,360,,insufficient_minutes,False,236,240,,insufficient_complete_m5,True,1343,1440,6.27802406711711e-05,ok,,,,,248.0,1094.554,1082.066,0.011471514808570067,,,,,-12.030548270573696,-9.24048225100386,,,-11.285875663287603,,False
2016-01-20,False,347,360,,insufficient_minutes,True,239,240,1.1170973513172866e-05,ok,True,1362,1440,7.976935250357459e-05,ok,47.0,1096.951,1092.923,0.0036818709900924215,262.0,1109.658,1087.757,0.02013132562403096,,,,,-12.030548270573696,-9.675870172993445,,-11.40219179441294,-11.285875663287603,,False
2016-01-21,False,354,360,,insufficient_complete_m5,True,240,240,1.1238075236711331e-05,ok,True,1367,1440,8.158842131569952e-05,ok,48.0,1102.98,1096.159,0.00618436871567128,263.0,1104.567,1092.387,0.011076120593309098,,,,,-11.40219179441294,-9.436371181115993,,-11.396202970447833,-11.315083482604264,,False
2016-01-22,False,342,360,,insufficient_minutes,True,239,240,7.128865792720408e-06,ok,False,1284,1440,,insufficient_minutes,47.0,1099.574,1094.944,0.00422117883028683,,,,,,,,,-11.396202970447833,-9.41382320170329,,-11.851358411546677,-11.384236061435157,,False
2016-01-25,False,335,360,,insufficient_minutes,False,232,240,,insufficient_minutes,False,1323,1440,,insufficient_complete_m5,,,,,,,,,,,,,-11.851358411546677,-9.41382320170329,,,-11.602567213540363,,False
2016-01-26,False,346,360,,insufficient_minutes,True,237,240,8.314445580375506e-06,ok,True,1343,1440,4.865745662549378e-05,ok,46.0,1116.533,1111.111,0.004856658266194316,249.0,1122.888,1107.287,0.014068611647793135,,,,,-11.851358411546677,,,-11.697516124586834,-11.602567213540363,,False
2016-01-27,False,340,360,,insufficient_minutes,False,237,240,,missing_boundary,False,1344,1440,,insufficient_complete_m5,,,,,,,,,,,,,-11.697516124586834,-9.930705490254962,,,-11.645047215641501,,False
2016-01-28,False,350,360,,insufficient_minutes,False,232,240,,insufficient_minutes,False,1332,1440,,insufficient_complete_m5,,,,,,,,,,,,,-11.697516124586834,-9.930705490254962,,,-11.645047215641501,,False
2016-01-29,False,345,360,,insufficient_minutes,True,239,240,7.21551926421972e-06,ok,True,1297,1440,6.323763597956985e-05,ok,47.0,1114.501,1111.406,0.002780164447400795,248.0,1118.423,1107.485,0.009816005976833133,,,,,-11.697516124586834,-9.930705490254962,,-11.83927639823534,-11.645047215641501,,False
2016-02-01,False,342,360,,insufficient_minutes,False,226,240,,insufficient_minutes,False,1317,1440,,insufficient_complete_m5,,,,,,,,,,,,,-11.83927639823534,-9.668610928048949,,,-11.616778686340387,,False
2016-02-02,False,343,360,,insufficient_minutes,False,224,240,,insufficient_minutes,False,1307,1440,,insufficient_complete_m5,,,,,,,,,,,,,-11.83927639823534,-9.668610928048949,,,-11.616778686340387,,False
2016-02-03,False,331,360,,insufficient_minutes,True,239,240,5.869193656288914e-06,ok,True,1338,1440,8.816547813167335e-05,ok,47.0,1130.61,1124.419,0.0055048824599558295,245.0,1145.494,1124.346,0.01875579245174242,,,,,,,,-12.045793300461343,-11.616778686340387,,False
2016-02-04,False,351,360,,insufficient_minutes,True,240,240,1.1664309679637008e-05,ok,True,1352,1440,7.208977524517218e-05,ok,48.0,1147.376,1141.527,0.005121817198675047,254.0,1157.317,1139.076,0.015971148441234814,,,,,-12.045793300461343,-9.336295075973021,,-11.358976833012951,-11.741933691665755,,False
2016-02-05,False,334,360,,insufficient_minutes,True,240,240,1.0358281259362986e-05,ok,False,1289,1440,,insufficient_minutes,48.0,1160.626,1153.074,0.0065419718778369105,,,,,,,,,-11.358976833012951,-9.537598337250355,,-11.47772423650202,-11.731272190141464,,False
2016-02-08,False,347,360,,insufficient_minutes,True,240,240,2.113738972657944e-05,ok,True,1354,1440,0.000162776004500467,ok,48.0,1177.023,1164.705,0.010568006770799583,255.0,1200.884,1164.118,0.03155699696111774,,,,,-11.47772423650202,-9.537598337250355,,-10.764467060709803,-11.653988015652475,,False
2016-02-09,False,355,360,,insufficient_complete_m5,True,240,240,3.9390271264139597e-05,ok,True,1367,1440,0.0001583912781168013,ok,48.0,1194.847,1185.622,0.007774683355477409,265.0,1198.93,1185.47,0.011299506171284932,,,,,-10.764467060709803,-8.72313550776245,,-10.141991694380659,-11.395236770011111,,False
2016-02-10,False,355,360,,insufficient_complete_m5,True,240,240,1.3405097008591872e-05,ok,True,1364,1440,0.00011014160325759195,ok,48.0,1190.181,1181.481,0.007324052271845287,260.0,1198.634,1181.287,0.014586387579834324,,,,,-10.141991694380659,-8.750442142493869,,-11.219875549555661,-10.942856552252824,,False
2016-02-11,False,349,360,,insufficient_minutes,True,240,240,9.825514077475757e-05,ok,True,1369,1440,0.0005123809226241642,ok,48.0,1242.0,1206.994,0.028998509317902214,266.0,1263.186,1198.029,0.05434840634060564,,,,,-11.219875549555661,-9.113743717693374,,-9.227942985176524,-10.861065502356105,-11.234385203599002,False
2016-02-12,True,360,360,3.0160258919682836e-05,ok,True,240,240,3.0388994537837946e-05,ok,True,1312,1440,0.00014025413366486778,ok,48.0,1243.151,1235.418,0.006225821904298156,260.0,1246.08,1232.295,0.011113753723732201,72.0,1243.463,1232.41,0.008911158498978021,-9.227942985176524,-7.576442220047439,-10.408985429991247,-10.40143003687945,-10.217945288106296,-10.953542129408167,True
2016-02-15,True,358,360,5.315242209190716e-05,ok,True,240,240,2.00327412506686e-05,ok,False,1137,1440,,insufficient_minutes,48.0,1214.484,1206.967,0.006201293304178779,,,,,71.0,1234.84,1214.453,0.016528925619834663,-10.40143003687945,-8.872054540449511,-9.842346883341502,-10.818142560403087,-10.1138289358684,-10.904213527691864,True
2016-02-16,True,358,360,3.1678048308701586e-05,ok,True,240,240,5.861061227823266e-05,ok,True,1376,1440,0.0001910911892598293,ok,48.0,1216.945,1194.652,0.018645353549124097,272.0,1216.945,1190.807,0.021636861967946123,70.0,1208.804,1190.807,0.01489779649694426,-10.818142560403087,-8.872054540449511,-10.35988659933305,-9.744594780879202,-10.119296841248442,-10.877376373394108,True
2016-02-17,True,359,360,3.465452601114861e-05,ok,True,240,240,1.9149337937103115e-05,ok,True,1377,1440,0.0001764926428891188,ok,48.0,1211.078,1200.321,0.008884058371988303,273.0,1213.734,1195.602,0.015074624880280803,71.0,1209.681,1195.602,0.011705032191124787,-9.744594780879202,-8.562759813171674,-10.270082220046147,-10.863242415410294,-10.028177751492045,-10.7783376118786,True
2016-02-18,False,352,360,,insufficient_minutes,True,238,240,7.994233509063148e-06,ok,True,1359,1440,0.0001370055307126027,ok,46.0,1207.404,1200.622,0.005619136548663633,258.0,1239.882,1200.622,0.03252530942952297,,,,,-10.863242415410294,-8.642231365807467,,-11.736790087560962,-10.002482474847803,-10.7636419201899,False
2016-02-19,False,355,360,,insufficient_complete_m5,True,238,240,2.5337346083396158e-05,ok,True,1312,1440,0.0001427361565490328,ok,47.0,1231.211,1219.779,0.009341861295586736,258.0,1234.509,1219.779,0.011964170841536887,,,,,-11.736790087560962,-8.895489262786018,,-10.5832311208609,-10.511000894715924,-10.781083492354087,False
2016-02-22,True,359,360,1.907008699474145e-05,ok,True,240,240,2.2598418526614318e-05,ok,True,1371,1440,0.00013288469426775282,ok,48.0,1211.611,1201.873,0.008045968938990565,269.0,1226.14,1201.873,0.01979762643860554,71.0,1226.14,1214.556,0.009450517355454206,-10.5832311208609,-8.854512691020155,-10.867389576498615,-10.697630630832998,-10.548802962832056,-10.764258796668916,True
2016-02-23,True,360,360,3.0487056466050034e-05,ok,True,240,240,1.6920244701023717e-05,ok,True,1375,1440,0.00012834037996454535,ok,48.0,1221.96,1215.558,0.0052586228847842816,271.0,1232.607,1207.02,0.02116224011909807,72.0,1222.871,1207.02,0.013109886588026186,-10.697630630832998,-8.926028766162867,-10.398208342587099,-10.98699974165533,-10.529425169861572,-10.73539439314006,True
2016-02-24,True,357,360,1.830400255740565e-05,ok,True,240,240,2.9346381415037493e-05,ok,True,1377,1440,0.00021407725990255257,ok,48.0,1238.147,1223.008,0.012372613527657679,273.0,1253.295,1221.007,0.0262414033559218,69.0,1231.763,1223.898,0.006392115875691436,-10.98699974165533,-8.960824605037395,-10.908390803048494,-10.436341310090508,-10.903164450346669,-10.710521512968567,True
2016-02-25,True,358,360,4.227555060865448e-05,ok,True,240,240,2.5057493429014798e-05,ok,True,1376,1440,0.0002065733603629941,ok,48.0,1240.766,1231.369,0.0075750003224434774,272.0,1242.807,1223.942,0.015404728308444068,70.0,1236.797,1223.942,0.010497099517892853,-10.436341310090508,-8.449173580515177,-10.07130163881372,-10.594337636283688,-10.798049824141675,-10.670593702081616,True
2016-02-26,True,358,360,1.3223724359990213e-05,ok,True,240,240,1.916325163765914e-05,ok,True,1315,1440,0.00012805434883666095,ok,48.0,1237.451,1228.451,0.0072802104466166435,260.0,1240.206,1211.306,0.02342220262717678,70.0,1240.206,1232.835,0.005973877355187465,-10.594337636283688,-8.484854952656528,-11.233498041583674,-10.862516090130686,-10.643643458068246,-10.641267484179131,True
2016-02-29,True,358,360,1.5103166162631788e-05,ok,True,240,240,2.414100514959815e-05,ok,True,1374,1440,9.3284885759257e-05,ok,48.0,1235.337,1228.933,0.005206476551140174,272.0,1241.845,1219.872,0.017987750843495562,71.0,1228.228,1219.872,0.006840469942577214,-10.862516090130686,-8.963055783875436,-11.10060615647861,-10.631598704818819,-10.696801738765613,-10.61641160554392,True
2016-03-01,True,357,360,2.9043120293575912e-05,ok,True,240,240,1.7153373342778408e-05,ok,True,1371,1440,0.00013355611400636257,ok,48.0,1246.6,1237.055,0.0077009063188173965,267.0,1248.479,1227.02,0.017300183047046083,69.0,1248.479,1236.51,0.009649372798830089,-10.631598704818819,-9.279852459383212,-10.446728925653924,-10.973315707322602,-10.683253084793536,-10.584636474760162,True
2016-03-02,True,359,360,1.7706344623183973e-05,ok,True,238,240,9.732792820488638e-06,ok,True,1360,1440,0.00010160276993761859,ok,46.0,1232.173,1227.212,0.004040285580838909,261.0,1244.095,1224.344,0.016027850530616696,71.0,1232.872,1224.344,0.006920434880517426,-10.973315707322602,-8.92098883880205,-10.941587529326291,-11.540009671041693,-10.681221372365773,-10.565188165906697,True
2016-03-03,False,351,360,,insufficient_minutes,False,237,240,,insufficient_complete_m5,True,1363,1440,0.00011094930012624602,ok,,,,,263.0,1268.35,1237.408,0.02493081822829401,,,,,-11.540009671041693,-9.194439760025988,,,-10.86846533191126,-10.557728076307974,False
2016-03-04,True,358,360,1.4423592289749927e-05,ok,True,240,240,2.8675518763230624e-05,ok,True,1318,1440,0.0002716298491945681,ok,48.0,1274.755,1259.697,0.011936342150832639,262.0,1279.796,1249.399,0.02412203781502615,70.0,1262.807,1255.769,0.005585120312601684,-11.540009671041693,-9.106437216615968,-11.146645338564394,-10.459466803979767,-10.86846533191126,-10.557728076307974,True
2016-03-07,True,356,360,2.5072653735194416e-05,ok,True,239,240,1.301706589250091e-05,ok,True,1369,1440,0.00012663838955895548,ok,47.0,1273.153,1262.84,0.008155612212620126,266.0,1273.153,1256.688,0.013026076678615413,69.0,1268.632,1256.688,0.009449344661365489,-10.459466803979767,-8.21107026701296,-10.593732798376784,-11.24924930045843,-10.83118366202182,-10.525527970011465,True
2016-03-08,True,359,360,2.6459744040634214e-05,ok,True,240,240,1.3871435866670054e-05,ok,True,1376,1440,0.00011114527426191635,ok,48.0,1278.022,1271.947,0.004769568972285503,272.0,1278.022,1259.872,0.014315579254477651,71.0,1272.994,1265.269,0.006092994476079305,-11.24924930045843,-8.974174859157818,-10.539886072769672,-11.185678805803905,-10.895366903287979,-10.520587609365787,True
2016-03-09,True,358,360,3.2557776676637704e-05,ok,True,240,240,9.547576786441619e-06,ok,True,1367,1440,0.00014314635362858816,ok,48.0,1260.352,1248.772,0.009199255638814149,265.0,1264.897,1242.861,0.01744400518665452,70.0,1264.897,1251.407,0.010678872298419469,-11.185678805803905,-9.104672435219818,-10.332494303048433,-11.559223175308606,-11.01275415716648,-10.53414689531981,True
2016-03-10,False,355,360,,insufficient_complete_m5,False,233,240,,insufficient_minutes,True,1361,1440,0.0002082078132655613,ok,,,,,259.0,1273.329,1235.553,0.030129567669097846,,,,,-11.559223175308606,-8.851642999126078,,,-11.10953731051341,-10.591850074431614,False
2016-03-11,True,360,360,5.484153221584951e-05,ok,True,240,240,2.2509410923971375e-05,ok,True,1318,1440,0.00017933755408553427,ok,48.0,1272.213,1262.037,0.008006927377027004,262.0,1283.689,1247.859,0.028188460668522153,72.0,1283.689,1269.337,0.011291118825415314,-11.559223175308606,-8.476973874795135,-9.811062763911206,-10.701577072913988,-11.10953731051341,-10.591850074431614,True
2016-03-14,False,355,360,,insufficient_complete_m5,True,239,240,1.2878804964821754e-05,ok,True,1364,1440,0.00010136324856014574,ok,47.0,1261.051,1252.828,0.0065485751692491365,263.0,1261.051,1229.09,0.025507306984322207,,,,,-10.701577072913988,-8.62624075095462,,-11.25992762382694,-10.951927681198951,-10.573890601707088,False
2016-03-15,True,357,360,2.9394775124703755e-05,ok,False,237,240,,insufficient_complete_m5,True,1346,1440,9.948309649113435e-05,ok,,,,,254.0,1238.032,1225.285,0.010311513350283122,70.0,1236.566,1225.285,0.009125612466034739,-11.25992762382694,-9.196799972739777,-10.43469361625996,,-11.15072568897973,-10.7565076608962,True
2016-03-16,False,347,360,,insufficient_minutes,True,239,240,2.347546305195736e-06,ok,True,1362,1440,0.00021561841205076059,ok,47.0,1233.442,1229.128,0.003503504519675198,261.0,1263.89,1226.283,0.030501419755239383,,,,,-11.25992762382694,-9.215522812742948,,-12.962139900735538,-11.15072568897973,-10.7565076608962,False
2016-03-17,False,356,360,,insufficient_complete_m5,True,240,240,3.0096928088780718e-05,ok,True,1368,1440,0.00012139729599434208,ok,48.0,1270.911,1262.61,0.006572537624234823,265.0,1270.911,1254.064,0.013381648229534927,,,,,-12.962139900735538,-8.442000323453463,,-10.411087448268738,-11.311540527141887,-10.824578307150496,False
2016-03-18,False,354,360,,insufficient_complete_m5,True,238,240,1.0811339706626829e-05,ok,False,1250,1440,,insufficient_minutes,46.0,1261.359,1250.187,0.008872934056595552,,,,,,,,,-10.411087448268738,-9.016441953109652,,-11.434915001834218,-11.076216669733524,-10.799611070589675,False
2016-03-21,False,352,360,,insufficient_minutes,True,239,240,9.825943912911566e-06,ok,True,1346,1440,7.371234527900942e-05,ok,47.0,1249.228,1240.555,0.006982150152857808,253.0,1255.41,1240.521,0.011880548185681043,,,,,-11.434915001834218,-9.016441953109652,,-11.530484332262649,-11.060016749822188,-10.924168421454384,False
2016-03-22,False,351,360,,insufficient_minutes,True,239,240,2.5847764853669882e-05,ok,True,1353,1440,8.492427168032619e-05,ok,47.0,1259.689,1248.497,0.008894522581016891,256.0,1260.133,1243.055,0.01373254584417201,,,,,-11.530484332262649,-9.51534026561887,,-10.56328642675714,-11.235891437595786,-10.950382218153228,False
2016-03-23,False,341,360,,insufficient_minutes,True,239,240,1.0618660037719095e-05,ok,True,1352,1440,9.819011299171639e-05,ok,47.0,1235.97,1227.807,0.006612549018972508,256.0,1249.351,1215.27,0.027300235705946422,,,,,-10.56328642675714,-9.37375061998824,,-11.452897723583801,-11.056393131708564,-10.900772410952662,False
2016-03-24,False,356,360,,insufficient_complete_m5,True,239,240,8.426982252711323e-06,ok,False,1245,1440,,insufficient_minutes,47.0,1219.619,1213.871,0.00473298527611742,,,,,,,,,-11.452897723583801,-9.228605030038077,,-11.68407182717944,-10.95673683905472,-10.941491340577265,False
2016-03-25,False,0,360,,insufficient_minutes,False,0,240,,insufficient_minutes,False,0,1440,,insufficient_minutes,,,,,,,,,,,,,-11.68407182717944,-9.228605030038077,,,-11.242429876220799,-10.982328035409942,False
2016-03-28,False,340,360,,insufficient_minutes,False,226,240,,insufficient_minutes,False,1328,1440,,insufficient_complete_m5,,,,,,,,,,,,,-11.68407182717944,,,,-11.242429876220799,-10.982328035409942,False
2016-03-29,False,354,360,,insufficient_complete_m5,False,233,240,,insufficient_minutes,True,1366,1440,0.00016777904351189678,ok,,,,,263.0,1242.946,1215.069,0.022798497819679436,,,,,,,,,-11.242429876220799,-10.982328035409942,False
2016-03-30,False,352,360,,insufficient_minutes,True,238,240,1.4339717408900763e-05,ok,True,1351,1440,7.356461450030828e-05,ok,46.0,1243.654,1232.279,0.009186233006478414,251.0,1243.654,1223.115,0.016573988223341725,,,,,,-8.692862661409338,,-11.152477429479251,-11.242429876220799,-10.982328035409942,False
2016-03-31,False,349,360,,insufficient_minutes,True,240,240,1.0991431497345547e-05,ok,True,1343,1440,6.406251481628832e-05,ok,48.0,1235.932,1227.221,0.0070970204490488865,246.0,1240.355,1223.309,0.013894419205370658,,,,,-11.152477429479251,-9.517346429087615,,-11.418394543495593,-11.189986267292161,-10.989947006282309,False
2016-04-01,True,358,360,1.162088513699804e-05,ok,True,238,240,6.9652221843526374e-06,ok,False,1251,1440,,insufficient_minutes,47.0,1234.574,1230.568,0.003246974299785117,,,,,70.0,1234.521,1229.238,0.004289106740546715,-11.418394543495593,-9.655651157352926,-11.362706635861702,-11.874581051118886,-11.173250419245827,-11.045882327280033,True
2016-04-04,False,352,360,,insufficient_minutes,True,239,240,5.051000953592135e-06,ok,True,1348,1440,4.1007531978049816e-05,ok,47.0,1219.103,1214.657,0.0036548463706784808,252.0,1222.578,1214.295,0.006785773388102247,,,,,-11.874581051118886,-9.655651157352926,,-12.195924125685636,-11.486439079109035,-11.104259576840226,False
2016-04-05,True,359,360,1.784974326250705e-05,ok,True,240,240,1.498467296803535e-05,ok,True,1364,1440,7.18335295250115e-05,ok,48.0,1234.818,1224.118,0.008728683555445737,263.0,1236.715,1214.876,0.017969590177490693,71.0,1227.082,1214.876,0.010043354444180334,-12.195924125685636,-10.101754801350287,-10.933521432894889,-11.108482681388725,-11.601224485957992,-11.152285067850865,True
2016-04-06,False,350,360,,insufficient_minutes,False,235,240,,insufficient_minutes,True,1348,1440,6.232072918776383e-05,ok,,,,,250.0,1232.238,1213.933,0.014869746544134484,,,,,-11.108482681388725,-9.541159205885654,,,-11.467339571621963,-11.184725962062437,False
2016-04-07,True,357,360,1.7502871637234134e-05,ok,True,240,240,3.9898327155955365e-05,ok,True,1363,1440,9.837545932155993e-05,ok,48.0,1239.621,1225.612,0.011400052406551158,262.0,1243.213,1223.573,0.016027942808643888,69.0,1231.653,1223.573,0.006593980544492988,-11.108482681388725,-9.68321645576799,-10.953145596940445,-10.129176160863278,-11.467339571621963,-11.184725962062437,True
2016-04-08,False,354,360,,insufficient_complete_m5,True,239,240,4.782303257598622e-05,ok,False,1251,1440,,insufficient_minutes,47.0,1238.289,1229.397,0.007196789124852032,,,,,,,,,-10.129176160863278,-9.226719182149322,,-9.948003181466662,-11.069642489297188,-11.10600094450945,False
2016-04-11,True,358,360,1.8930804391899223e-05,ok,True,240,240,1.6763082035910144e-05,ok,True,1370,1440,7.595366875676562e-05,ok,48.0,1254.294,1246.175,0.006495927543885028,267.0,1259.96,1243.912,0.012891947995192835,70.0,1252.523,1243.912,0.006917532663671728,-9.948003181466662,-9.226719182149322,-10.874720100677052,-10.996331587459057,-10.682434429881246,-10.986634893052111,True
2016-04-12,False,348,360,,insufficient_minutes,True,239,240,1.1939156895137253e-05,ok,True,1343,1440,7.718243295631782e-05,ok,47.0,1262.642,1255.505,0.0056769010499522305,249.0,1262.642,1250.98,0.009274719629011243,,,,,-10.996331587459057,-9.485387025194264,,-11.335687064290498,-10.600481195741883,-11.022457826784663,False
2016-04-13,False,344,360,,insufficient_minutes,True,240,240,1.5667623946873502e-05,ok,True,1356,1440,7.920485324270613e-05,ok,48.0,1250.719,1239.425,0.009047395889659337,259.0,1256.649,1239.425,0.013732055108401784,,,,,-11.335687064290498,-9.469338679206817,,-11.063914143797112,-10.546639416321337,-11.025763518402922,False
2016-04-14,False,355,360,,insufficient_complete_m5,True,240,240,4.56371007935342e-05,ok,True,1357,1440,0.0001342206232075149,ok,48.0,1244.058,1232.727,0.009172054334566611,258.0,1244.058,1223.496,0.01656823519126344,,,,,-11.063914143797112,-9.443472982704337,,-9.994789558355004,-10.54145570612034,-11.020261086413203,False
2016-04-15,True,358,360,1.0128089906841492e-05,ok,True,239,240,8.409554889645251e-06,ok,False,1236,1440,,insufficient_minutes,47.0,1231.298,1227.532,0.003061450116084788,,,,,70.0,1231.649,1225.202,0.005244226226499725,-9.994789558355004,-8.916025670065741,-11.500197815544045,-11.686142011700486,-10.49892745591802,-10.91567332419128,True
2016-04-18,False,353,360,,insufficient_complete_m5,True,240,240,1.5208096020473244e-05,ok,True,1357,1440,6.906588360746252e-05,ok,48.0,1239.977,1230.943,0.007337014564388194,256.0,1241.633,1226.673,0.012092333371728138,,,,,-11.686142011700486,-8.916025670065741,,-11.09368263898474,-10.835739808873122,-10.95524327830112,False
2016-04-19,True,357,360,1.2596440407959343e-05,ok,True,240,240,9.96347943281716e-06,ok,True,1368,1440,7.775541884434418e-05,ok,48.0,1246.275,1240.28,0.004818239064224931,265.0,1256.596,1227.476,0.023682960630331016,70.0,1235.343,1227.476,0.0063981404972120156,-11.09368263898474,-9.580449674041118,-11.282096291224361,-11.51658420672871,-10.851666011272359,-10.948597412973145,True
2016-04-20,True,359,360,2.457774160156526e-05,ok,True,238,240,6.246649701517848e-06,ok,True,1372,1440,8.256261173505495e-05,ok,46.0,1250.015,1245.335,0.0037479713504429807,269.0,1257.978,1242.074,0.012724080506371038,71.0,1257.978,1245.798,0.009744674331463787,-11.51658420672871,-9.461942313586375,-10.613669337560777,-11.983465285698072,-10.872273826646735,-10.927171092634785,True
2016-04-21,True,358,360,1.9880425170598665e-05,ok,True,240,240,8.841092236846083e-06,ok,True,1370,1440,0.00014986283497427563,ok,48.0,1261.045,1255.306,0.004560551271236806,267.0,1270.234,1243.35,0.021586170847428244,70.0,1254.66,1243.35,0.009081222745291514,-11.983465285698072,-9.4019536223436,-10.825774970113502,-11.636100132742854,-10.976842929269619,-10.995862814285863,True
2016-04-22,False,355,360,,insufficient_complete_m5,True,240,240,1.54420572994574e-05,ok,False,1255,1440,,insufficient_minutes,48.0,1250.796,1244.122,0.005357159340974666,,,,,,,,,-11.636100132742854,-8.80579011572222,,-11.078415777460432,-11.539908817536485,-11.001754125708922,False
2016-04-25,True,356,360,1.1019245772366198e-05,ok,True,240,240,7.73027720859687e-06,ok,True,1358,1440,4.885186558071287e-05,ok,48.0,1236.084,1230.631,0.004418631504526585,256.0,1242.303,1229.984,0.00999328318980358,69.0,1237.58,1229.984,0.006161943267290111,-11.078415777460432,-8.80579011572222,-11.415867198290803,-11.7703658346112,-11.404943643498383,-10.985051871730407,True
2016-04-26,False,354,360,,insufficient_complete_m5,True,238,240,4.048401652526974e-06,ok,True,1348,1440,5.504162070696281e-05,ok,46.0,1235.689,1231.945,0.0030366786003378486,251.0,1244.855,1231.226,0.011007849422893488,,,,,-11.7703658346112,-9.926717990220814,,-12.417188408439136,-11.549100857534784,-11.039966153387068,False
2016-04-27,False,355,360,,insufficient_complete_m5,True,239,240,4.1024598959022595e-06,ok,True,1369,1440,7.040497271603547e-05,ok,47.0,1247.777,1244.19,0.0028747964821210737,267.0,1252.757,1238.949,0.011109895273466912,,,,,-12.417188408439136,-9.807420918788647,,-12.403923789556513,-11.67996097655808,-11.060650058921562,False
2016-04-28,True,358,360,5.406097695269564e-05,ok,True,240,240,1.2172493349019912e-05,ok,True,1371,1440,0.00012440234207333037,ok,48.0,1258.645,1253.539,0.004069041416402552,268.0,1269.541,1235.449,0.0273689094904093,71.0,1254.847,1235.449,0.015572630127154733,-12.403923789556513,-9.561246662123866,-9.825397945642273,-11.316331795283633,-11.731970220503111,-11.07450139752602,True
2016-04-29,True,359,360,3.3640571212343196e-05,ok,True,240,240,1.8761259836815413e-05,ok,False,1258,1440,,insufficient_minutes,48.0,1279.378,1273.423,0.004673284078776366,,,,,71.0,1280.909,1264.909,0.012641450922529633,-11.316331795283633,-8.991989550880389,-10.299777742850798,-10.883716461160459,-11.65228663134024,-11.081515804069383,True
2016-05-02,False,355,360,,insufficient_complete_m5,True,240,240,1.0936991966073181e-05,ok,True,1362,1440,0.00010640707213568532,ok,48.0,1302.073,1290.393,0.009030671810850772,262.0,1303.671,1287.459,0.012518822248476837,,,,,-10.883716461160459,-8.991989550880389,,-11.423359756175488,-11.578747114183605,-11.056592856507443,False
2016-05-03,False,355,360,,insufficient_complete_m5,True,240,240,1.9024730123448184e-05,ok,True,1363,1440,9.528121893063002e-05,ok,48.0,1301.737,1293.523,0.006320895083068651,264.0,1301.737,1281.859,0.01541150652942235,,,,,-11.423359756175488,-9.148238515824941,,-10.869770839681228,-11.512493424306482,-11.044088732487793,False
2016-05-04,True,359,360,1.5389254158080373e-05,ok,True,239,240,2.3286005957190413e-05,ok,True,1373,1440,0.00011150582890433562,ok,47.0,1284.809,1275.333,0.0073990641854762415,271.0,1289.764,1271.709,0.014027686325239413,71.0,1287.765,1278.662,0.007072502277411047,-10.869770839681228,-9.258677839856428,-11.081841074050653,-10.667657980522359,-11.250592967603323,-11.001298542376196,True
2016-05-05,False,355,360,,insufficient_complete_m5,True,240,240,1.292612583896133e-05,ok,True,1360,1440,8.857618889153981e-05,ok,48.0,1280.257,1274.327,0.004636603285420512,262.0,1286.383,1268.723,0.013765783687000752,,,,,-10.667657980522359,-9.101433691261574,,-11.256260035834325,-10.991973511195706,-10.976719056754856,False
2016-05-06,False,351,360,,insufficient_minutes,True,240,240,9.671731571116822e-06,ok,False,1244,1440,,insufficient_minutes,48.0,1281.929,1277.144,0.0037394030709213405,,,,,,,,,-11.256260035834325,-9.331647484875047,,-11.546303198229959,-10.983060873392475,-11.058893482201679,False
2016-05-09,False,356,360,,insufficient_complete_m5,True,240,240,1.2154724453680011e-05,ok,True,1368,1440,8.901246334114846e-05,ok,48.0,1280.805,1272.886,0.006186027654723024,266.0,1287.541,1261.212,0.020476323983056773,,,,,-11.546303198229959,-9.331647484875047,,-11.317792619833643,-11.09624896726277,-11.18802575153648,False
2016-05-10,False,356,360,,insufficient_complete_m5,True,240,240,1.1133113248429865e-05,ok,True,1364,1440,6.876120354106694e-05,ok,48.0,1267.82,1262.89,0.003892812628189283,263.0,1269.543,1256.665,0.010199959764097162,,,,,-11.317792619833643,-9.326734160495482,,-11.405586714950223,-11.080321075490929,-11.204815912433316,False
2016-05-11,True,355,360,1.1528134193822004e-05,ok,True,240,240,8.256993208817535e-06,ok,True,1359,1440,5.845270355903291e-05,ok,48.0,1275.875,1270.384,0.004313786952660281,262.0,1279.049,1264.836,0.011235462100176848,70.0,1273.105,1264.836,0.0065366943014397135,-11.405586714950223,-9.584870874096891,-11.370720058649344,-11.704450055005095,-11.188356635499312,-11.20778185113652,True
2016-05-12,True,358,360,1.110701588533915e-05,ok,True,240,240,7.652305165276335e-06,ok,True,1377,1440,8.053721077082358e-05,ok,48.0,1272.844,1265.951,0.005424534983646935,273.0,1280.851,1259.639,0.016603174578326343,70.0,1278.547,1270.507,0.006293113502250699,-11.704450055005095,-9.747292616898047,-11.407933587570612,-11.780503626721941,-11.433325532457815,-11.235470491399408,True
2016-05-13,True,357,360,1.573003035743738e-05,ok,False,237,240,,insufficient_complete_m5,False,1249,1440,,insufficient_minutes,,,,,,,,,70.0,1274.861,1265.344,0.007512304091628523,-11.780503626721941,-9.42679123474205,-11.059938910988933,,-11.535807930096428,-11.390847031948798,True
2016-05-16,True,357,360,1.4467529181841862e-05,ok,True,239,240,7.052553508045626e-06,ok,True,1368,1440,7.877254520300634e-05,ok,47.0,1283.077,1278.859,0.003290828745833859,265.0,1288.579,1269.853,0.014698367920729507,69.0,1279.455,1272.315,0.005604312023603944,-11.780503626721941,-9.42679123474205,-11.143603786438632,-11.862120806995797,-11.535807930096428,-11.390847031948798,True
2016-05-17,False,355,360,,insufficient_complete_m5,True,240,240,8.441238910984908e-06,ok,True,1367,1440,6.741367795197296e-05,ok,48.0,1275.614,1267.958,0.006001526250210143,264.0,1282.22,1267.958,0.011184066586836447,,,,,-11.862120806995797,-9.44894603293906,,-11.682381469728009,-11.59089371815437,-11.396870402844943,False
2016-05-18,True,359,360,1.056613999009667e-05,ok,True,239,240,6.4779383056931616e-06,ok,True,1376,1440,0.00014612842828922817,ok,47.0,1273.629,1270.066,0.002799677679544064,272.0,1280.402,1254.832,0.01998461098981655,71.0,1280.402,1272.733,0.005993820167419063,-11.682381469728009,-9.604662623662042,-11.45785601019988,-11.947108260926253,-11.674592897293364,-11.427460478768099,True
2016-05-19,True,358,360,2.3871154136651585e-05,ok,True,240,240,5.243948163192958e-06,ok,True,1376,1440,8.538955007925662e-05,ok,48.0,1256.362,1252.645,0.0029653941612769927,272.0,1261.242,1243.699,0.013915886742149075,70.0,1261.242,1252.334,0.007066221233487052,-11.947108260926253,-8.831024677100954,-10.642839767854394,-12.158435877086323,-11.790498035110094,-11.44358998280182,True
2016-05-20,False,353,360,,insufficient_complete_m5,True,240,240,7.144450323228685e-06,ok,False,1247,1440,,insufficient_minutes,48.0,1257.841,1253.341,0.003585491666520591,,,,,,,,,-12.158435877086323,-9.368286829068401,,-11.84917468121032,-11.873379424597061,-11.448278628292394,False
2016-05-23,False,352,360,,insufficient_minutes,True,240,240,6.138589068445189e-06,ok,True,1371,1440,3.912758563285435e-05,ok,48.0,1252.899,1247.394,0.004399322640168878,267.0,1256.055,1242.357,0.010939391712959635,,,,,-11.84917468121032,-9.368286829068401,,-12.00091563562461,-11.888051612778758,-11.456262562828766,False
2016-05-24,True,358,360,1.2837754837158556e-05,ok,True,240,240,5.834956069833412e-06,ok,True,1377,1440,6.0828256493383256e-05,ok,48.0,1244.3,1240.29,0.003226352785183229,273.0,1252.055,1223.061,0.02320248558047238,70.0,1252.055,1243.606,0.0067613230554394626,-12.00091563562461,-10.14868282482484,-11.263120131910828,-12.05164382098873,-11.915011345956783,-11.501212669579223,True
2016-05-25,False,355,360,,insufficient_complete_m5,True,240,240,6.313391339298527e-06,ok,True,1360,1440,5.0529582232379866e-05,ok,48.0,1225.731,1220.397,0.004356890957245912,260.0,1230.046,1216.978,0.010663350485432127,,,,,-12.05164382098873,-9.70745613199568,,-11.972837571065785,-11.996139750167337,-11.510623064446264,False
2016-05-26,True,359,360,1.3212948400363507e-05,ok,True,239,240,4.2998098236625725e-06,ok,True,1369,1440,5.600031836460011e-05,ok,47.0,1230.167,1225.479,0.0038152221504244715,267.0,1234.154,1216.684,0.014258442638538298,71.0,1234.154,1224.496,0.007882543732283987,-11.972837571065785,-9.892951606409262,-11.234313269757143,-12.356939763298017,-12.001489560089258,-11.499387516412218,True
2016-05-27,False,355,360,,insufficient_complete_m5,False,235,240,,insufficient_minutes,False,1246,1440,,insufficient_minutes,,,,,,,,,,,,,-12.356939763298017,-9.79015318216314,,,-12.03275158446852,-11.49841450884758,False
2016-05-30,True,358,360,2.0291043425891205e-05,ok,True,238,240,6.037792689605536e-06,ok,False,1128,1440,,insufficient_minutes,46.0,1209.816,1201.859,0.006603829175197842,,,,,70.0,1207.621,1199.819,0.006460216303807474,-12.356939763298017,-9.79015318216314,-10.805330979825776,-12.01747206155102,-12.03275158446852,-11.49841450884758,True
2016-05-31,True,357,360,9.698317269995657e-06,ok,True,238,240,5.187947242686743e-06,ok,True,1355,1440,4.2798228490024135e-05,ok,46.0,1212.885,1209.579,0.002725451562641726,259.0,1218.168,1208.226,0.00821603324758075,69.0,1214.374,1209.818,0.0037650621078232807,-12.01747206155102,,-11.543558164823903,-12.169172460666111,-12.07068411377697,-11.529112523503418,False
2016-06-01,True,357,360,1.0595750454064025e-05,ok,False,235,240,,insufficient_minutes,True,1365,1440,5.1949160523601275e-05,ok,,,,,264.0,1220.373,1205.895,0.011896931063455695,69.0,1219.899,1212.794,0.005838354413997088,-12.169172460666111,-10.059013846653126,-11.455057537788363,,-12.104458842097712,-11.600580665655293,True
2016-06-02,True,357,360,7.293517738976056e-06,ok,True,239,240,5.180762075461231e-06,ok,True,1358,1440,3.610744526096782e-05,ok,47.0,1217.563,1214.411,0.0025908045344011444,257.0,1217.605,1206.83,0.008878023780744608,69.0,1215.994,1211.157,0.003985429329694776,-12.169172460666111,-9.865244999864302,-11.828524585260757,-12.170558393698885,-12.104458842097712,-11.600580665655293,True
2016-06-03,False,352,360,,insufficient_minutes,False,233,240,,insufficient_minutes,False,1240,1440,,insufficient_minutes,,,,,,,,,,,,,-12.170558393698885,-10.22901147397396,,,-12.128382123466464,-11.632502631753063,False
2016-06-06,True,357,360,1.1638959139340651e-05,ok,True,238,240,3.3072263470614813e-06,ok,True,1342,1440,4.8070724478585764e-05,ok,46.0,1242.261,1239.513,0.0022129434644483927,250.0,1248.661,1239.513,0.007328501606614668,69.0,1248.661,1240.543,0.006503364237264778,-12.170558393698885,-10.22901147397396,-11.361152540678125,-12.619400681474238,-12.128382123466464,-11.632502631753063,True
2016-06-07,False,353,360,,insufficient_complete_m5,False,232,240,,insufficient_minutes,True,1347,1440,3.156801344741072e-05,ok,,,,,248.0,1246.578,1234.583,0.009633710195187956,,,,,-12.619400681474238,-9.942837204847121,,,-12.246330708319922,-11.725242811010688,False
2016-06-08,False,353,360,,insufficient_complete_m5,False,237,240,,insufficient_complete_m5,True,1352,1440,3.965607451151536e-05,ok,,,,,254.0,1266.324,1242.955,0.018783633345792104,,,,,-12.619400681474238,-10.363366182701759,,,-12.246330708319922,-11.725242811010688,False
2016-06-09,False,350,360,,insufficient_minutes,True,240,240,7.028401329285034e-06,ok,True,1340,1440,5.4489769694611133e-05,ok,48.0,1261.975,1256.704,0.004176764873336066,248.0,1271.691,1256.704,0.011848793675478152,,,,,-12.619400681474238,-10.13526641830094,,-11.86555128493216,-12.246330708319922,-11.725242811010688,False
2016-06-10,False,341,360,,insufficient_minutes,True,239,240,7.924178257226307e-06,ok,False,1237,1440,,insufficient_minutes,47.0,1270.592,1265.035,0.004390237350910097,,,,,,,,,-11.86555128493216,-9.817497585940666,,-11.745591933517002,-12.138708257763616,-11.831176725643264,False
2016-06-13,False,354,360,,insufficient_complete_m5,True,239,240,6.60022946927436e-06,ok,True,1348,1440,8.210994169170329e-05,ok,47.0,1285.564,1279.608,0.004644487342095526,254.0,1287.172,1272.103,0.011794457567660191,,,,,-11.745591933517002,-9.817497585940666,,-11.928406141464418,-12.070545212510146,-11.866163101075804,False
2016-06-14,True,357,360,1.0359271205022587e-05,ok,True,237,240,6.563648700121384e-06,ok,True,1351,1440,5.8937138141546984e-05,ok,46.0,1281.563,1275.142,0.005016563017594338,256.0,1289.781,1275.142,0.011412996658117949,69.0,1283.525,1279.35,0.003254953278751612,-11.928406141464418,-9.407451456368012,-11.477628670612946,-11.933963905345752,-12.022392096640816,-11.888269678846056,True
2016-06-15,False,353,360,,insufficient_complete_m5,True,239,240,8.913940686238136e-06,ok,True,1356,1440,7.771234693995183e-05,ok,47.0,1286.446,1280.564,0.004573568398057388,258.0,1296.791,1278.314,0.014383107380167908,,,,,-11.933963905345752,-9.739039137287483,,-11.627894137462706,-11.977386591008246,-11.929809471914187,False
2016-06-16,True,358,360,1.4376846776484542e-05,ok,True,239,240,9.98095210115455e-06,ok,True,1377,1440,0.00017830910300612016,ok,47.0,1311.152,1301.562,0.007316583773358438,273.0,1315.526,1276.785,0.029947118495230914,70.0,1303.073,1293.461,0.007430156758373869,-11.627894137462706,-9.462496407938692,-11.149891508124984,-11.51483207127399,-11.813209315548423,-11.946787727514517,True
2016-06-17,True,359,360,2.7884641128872454e-05,ok,True,238,240,1.0545493580139688e-05,ok,False,1251,1440,,insufficient_minutes,47.0,1288.126,1280.176,0.006209237236209964,,,,,71.0,1286.188,1276.206,0.0077847806835744,-11.51483207127399,-8.631991979961395,-10.487434517889184,-11.459811938098161,-11.736495376812803,-11.933573302799779,True
2016-06-20,True,357,360,1.7462151101898412e-05,ok,True,240,240,1.989544457898166e-05,ok,True,1365,1440,8.850933041025551e-05,ok,48.0,1288.749,1279.48,0.007216340741455854,264.0,1291.18,1277.834,0.01035050649310865,70.0,1291.096,1280.325,0.008353462118782616,-11.459811938098161,-8.631991979961395,-10.95547481342913,-10.825019768068072,-11.672994115632711,-11.9117816005985,True
2016-06-21,True,356,360,1.8834720687282065e-05,ok,True,240,240,8.655823655519485e-06,ok,True,1369,1440,9.731554902350014e-05,ok,48.0,1284.036,1277.628,0.004991631927904982,267.0,1294.193,1264.401,0.023127175790057467,69.0,1294.193,1282.76,0.008875302121634251,-10.825019768068072,-9.3324025831431,-10.879808546381671,-11.657278208581594,-11.401393398927597,-11.820399859152579,True
2016-06-22,False,351,360,,insufficient_minutes,True,239,240,1.0202643912581832e-05,ok,True,1369,1440,7.234656432415961e-05,ok,47.0,1268.533,1262.736,0.00458332608582197,269.0,1270.582,1257.729,0.010126819644438614,,,,,-11.657278208581594,-9.2375517765706,,-11.492863664146544,-11.364649356376399,-11.818941761468583,False
2016-06-23,False,353,360,,insufficient_complete_m5,True,240,240,2.543332239397937e-05,ok,True,1370,1440,0.00015928694082020483,ok,48.0,1270.944,1256.876,0.011118395340832784,267.0,1271.283,1248.02,0.018420652542292294,,,,,-11.492863664146544,-9.53404259289532,,-10.579450338460832,-11.34267045318758,-11.793965448924904,False
2016-06-24,True,360,360,0.0008566777656155758,ok,True,240,240,0.00014475350003977439,ok,False,1260,1440,,insufficient_minutes,48.0,1327.685,1306.48,0.01603560274355886,,,,,72.0,1358.098,1263.86,0.07435774932053617,-10.579450338460832,-8.744803322938482,-7.062448712855557,-8.840478261908684,-11.111030346750216,-11.668474600926183,True
2016-06-27,True,360,360,2.789728534318771e-05,ok,True,240,240,1.4774053612324393e-05,ok,True,1379,1440,0.00010844511988301474,ok,48.0,1330.545,1322.995,0.005687322318258174,275.0,1333.596,1317.299,0.012228503510901897,72.0,1333.596,1322.6,0.00825088203999989,-8.840478261908684,-8.744803322938482,-10.486981173398183,-11.122638050034992,-10.082897825245041,-11.078555317272452,True
2016-06-28,True,360,360,2.3959712145353022e-05,ok,True,240,240,1.4864500225511124e-05,ok,True,1379,1440,9.078921996278106e-05,ok,48.0,1316.86,1306.679,0.007731187645894606,275.0,1325.922,1305.25,0.015604182754328495,72.0,1325.922,1310.736,0.011463095941719766,-11.122638050034992,-9.129266320477358,-10.639136798756097,-11.116534722966652,-10.10771443942211,-11.05097442753886,True
2016-06-29,True,359,360,1.4351129432885739e-05,ok,True,239,240,1.0800226557923904e-05,ok,True,1375,1440,8.386817469867384e-05,ok,47.0,1323.522,1315.871,0.005792675078701823,271.0,1327.785,1313.254,0.011056538164497622,71.0,1321.414,1313.254,0.006208887992725925,-11.116534722966652,-9.306970002282005,-11.151681912731366,-11.43594344646858,-10.077707519133389,-11.022926022249623,True
2016-06-30,False,354,360,,insufficient_complete_m5,True,239,240,9.03909087958908e-06,ok,True,1368,1440,6.177905719410436e-05,ok,47.0,1320.294,1312.592,0.005855718353784375,265.0,1326.682,1311.798,0.011308870290661683,,,,,-11.43594344646858,-9.386264340664018,,-11.613951955034468,-10.074866307197265,-11.009275835337085,False
2016-07-01,True,360,360,2.104629704248174e-05,ok,True,239,240,1.4599945473330451e-05,ok,False,1259,1440,,insufficient_minutes,47.0,1338.018,1330.834,0.005393628251079979,,,,,72.0,1336.124,1320.443,0.011861340094672905,-11.613951955034468,-9.69194613128785,-10.768785925781474,-11.13449276396035,-10.15589838631502,-10.995057164172097,True
2016-07-04,True,360,360,6.382386831616229e-05,ok,True,240,240,1.9095365774404342e-05,ok,False,1137,1440,,insufficient_minutes,48.0,1353.027,1345.746,0.005391222769456513,,,,,72.0,1357.435,1340.173,0.012853452252462847,-11.13449276396035,-9.69194613128785,-9.65938332603721,-10.866064881963354,-11.26485023893219,-10.969870827197544,True
2016-07-05,True,359,360,4.296588050078122e-05,ok,True,239,240,1.0962930606427396e-05,ok,True,1366,1440,0.00011338992056529284,ok,47.0,1349.338,1342.698,0.00493786948035979,269.0,1364.509,1337.809,0.019780906091444863,71.0,1352.196,1337.809,0.010658722694292721,-10.866064881963354,,-10.055104233966013,-11.420990921089643,-11.199588381073786,-10.930266508629503,False
2016-07-06,True,359,360,5.178009952700337e-05,ok,True,238,240,1.3006079505857788e-05,ok,True,1375,1440,0.00013272522883515708,ok,46.0,1375.056,1364.08,0.008023893306197218,271.0,1375.056,1358.863,0.011881997449402623,71.0,1371.195,1361.103,0.0074052441338460975,-11.420990921089643,-9.084678054524973,-9.86850466152988,-11.250093655522175,-11.25832108775176,-10.914251289745632,True
2016-07-07,False,356,360,,insufficient_complete_m5,True,239,240,4.900111744519356e-06,ok,True,1371,1440,8.034351578576104e-05,ok,47.0,1368.462,1361.515,0.005084199972189412,267.0,1370.765,1350.605,0.014753866211853432,,,,,-11.250093655522175,-8.927229515366005,,-12.226252548103773,-11.224692360770195,-10.887950676494201,False
2016-07-08,False,355,360,,insufficient_complete_m5,False,236,240,,insufficient_complete_m5,False,1249,1440,,insufficient_minutes,,,,,,,,,,,,,-12.226252548103773,-9.429199168654304,,,-11.288751515026437,-10.893663061364617,False
2016-07-11,True,360,360,1.5598434400012545e-05,ok,True,240,240,9.164588582902542e-06,ok,True,1362,1440,7.055285042335887e-05,ok,48.0,1362.875,1356.777,0.004474323816162344,262.0,1371.238,1350.525,0.015117295337562764,72.0,1371.238,1362.61,0.006297109263385029,-12.226252548103773,-9.429199168654304,-11.068340007718636,-11.600163567707193,-11.288751515026437,-10.893663061364617,True
2016-07-12,False,353,360,,insufficient_complete_m5,True,240,240,1.1165691510365964e-05,ok,True,1368,1440,7.978356710989769e-05,ok,48.0,1357.578,1349.073,0.0062772808930049336,265.0,1357.732,1330.212,0.02031974807056533,,,,,-11.600163567707193,-9.559148477599146,,-11.402664739044539,-11.379635267684012,-10.890329801882128,False
2016-07-13,True,360,360,2.3348767022472657e-05,ok,True,240,240,1.1071496254239524e-05,ok,True,1371,1440,6.944950515418906e-05,ok,48.0,1344.089,1336.167,0.005903349603189408,271.0,1346.681,1327.357,0.014487391568539081,72.0,1340.471,1327.357,0.009831693905496859,-11.402664739044539,-9.436193000655301,-10.664966379420317,-11.411136657392822,-11.52906700246031,-10.878156210054089,True
2016-07-14,True,359,360,1.4663582898671574e-05,ok,True,240,240,1.9667944276130714e-05,ok,True,1370,1440,0.0001075297796261569,ok,48.0,1333.657,1324.189,0.007103551062775305,270.0,1347.116,1319.989,0.020156851468146497,71.0,1347.116,1333.235,0.010314345678819763,-11.411136657392822,-9.574910613998966,-11.130143491729962,-10.836520441643595,-11.52686278784639,-10.866279914872894,True
2016-07-15,True,358,360,2.501136885077758e-05,ok,True,239,240,5.8635218542929545e-06,ok,False,1257,1440,,insufficient_minutes,47.0,1335.387,1330.215,0.0038788918758889787,,,,,70.0,1335.69,1326.248,0.007070350057958604,-10.836520441643595,-9.137742728981246,-10.596180082434246,-12.046760135876838,-11.40013563252982,-10.83850451779887,True
2016-07-18,True,357,360,1.9590995686296755e-05,ok,True,239,240,8.798431804097979e-06,ok,True,1369,1440,6.430713082765789e-05,ok,47.0,1329.544,1324.18,0.004037685060565301,266.0,1335.502,1323.124,0.009285877184559194,70.0,1334.626,1323.604,0.00826861676589202,-12.046760135876838,-9.137742728981246,-10.84044050104641,-11.640937056440123,-11.383069073534159,-10.849048057751306,True
2016-07-19,False,351,360,,insufficient_minutes,True,240,240,1.2217229974250826e-05,ok,True,1355,1440,5.233794485050462e-05,ok,48.0,1334.974,1327.738,0.005440857183138212,256.0,1334.974,1325.516,0.0071173573819441685,,,,,-11.640937056440123,-9.651840033528087,,-11.312663309601422,-11.389521179090739,-10.853555585418965,False
2016-07-20,False,351,360,,insufficient_minutes,True,240,240,1.1592893401139096e-05,ok,True,1360,1440,5.9788710749006624e-05,ok,48.0,1328.947,1319.603,0.007033591723485771,258.0,1336.771,1312.333,0.018333578401217045,,,,,-11.312663309601422,-9.857788927003744,,-11.36511828542403,-11.371102618794998,-10.873610328597628,False
2016-07-21,True,357,360,1.0480754265392257e-05,ok,True,240,240,1.3969410476108945e-05,ok,True,1375,1440,6.781760746053052e-05,ok,48.0,1323.405,1316.659,0.0051205406853750855,272.0,1333.813,1310.358,0.017863888668864323,69.0,1318.894,1310.358,0.006501221644742098,-11.36511828542403,-9.724693698290956,-11.465969909772657,-11.1786405848622,-11.362094208740166,-10.865891418018592,True
2016-07-22,True,358,360,1.1847532237758568e-05,ok,True,239,240,1.5153225787305696e-05,ok,False,1255,1440,,insufficient_minutes,47.0,1326.456,1321.528,0.003715776290361288,,,,,70.0,1333.423,1324.287,0.006855989328790666,-11.1786405848622,-9.598688699675396,-11.343390962048352,-11.097297125419333,-11.465250445965253,-10.856078395813327,True
2016-07-25,False,349,360,,insufficient_minutes,True,239,240,5.1358848365658975e-06,ok,True,1361,1440,4.364633632556029e-05,ok,47.0,1318.973,1314.056,0.003733142209409702,261.0,1323.733,1310.532,0.009975663491950757,,,,,-11.097297125419333,-9.598688699675396,,-12.179258414615022,-11.302159133305631,-10.883090255826277,False
2016-07-26,True,357,360,2.4166568122267403e-05,ok,False,236,240,,insufficient_complete_m5,True,1353,1440,5.148337683074403e-05,ok,,,,,258.0,1324.49,1313.598,0.008275108614599316,69.0,1322.541,1313.598,0.006794371680165368,-12.179258414615022,-10.039391212178087,-10.630540362479348,,-11.363322634228654,-11.348078100049943,True
2016-07-27,True,357,360,8.993375291649701e-06,ok,True,238,240,2.293821416094988e-06,ok,True,1374,1440,6.8246568898349e-05,ok,46.0,1321.278,1317.949,0.0025242281162160623,270.0,1342.348,1314.802,0.020881968663401668,69.0,1320.409,1315.501,0.003720638285049659,-12.179258414615022,-9.874251582384808,-11.619022330372585,-12.985291390545934,-11.363322634228654,-11.348078100049943,True
2016-07-28,False,352,360,,insufficient_minutes,True,236,240,9.544734883555033e-06,ok,True,1364,1440,4.416223090035701e-05,ok,46.0,1342.97,1338.584,0.0032730683784729466,265.0,1345.502,1332.334,0.009827690757619497,,,,,-12.985291390545934,-9.592383397714576,,-11.559520876598706,-11.550726279578667,-11.402447307573457,False
2016-07-29,True,359,360,2.9390081059690215e-05,ok,True,237,240,5.515643602129179e-06,ok,False,1255,1440,,insufficient_minutes,46.0,1335.699,1330.044,0.004236673862644091,,,,,71.0,1343.744,1325.779,0.013445869988578621,-11.559520876598706,-10.02764063869453,-10.434853319466812,-12.10792221177235,-11.594198919376582,-11.426552257571617,True
2016-08-01,False,354,360,,insufficient_complete_m5,True,239,240,2.9347612054694884e-06,ok,True,1362,1440,3.520384714361178e-05,ok,47.0,1350.085,1346.527,0.0026397400323475676,260.0,1354.837,1345.956,0.006581975274421964,,,,,-12.10792221177235,-10.02764063869453,,-12.738884468992671,-11.796793207220114,-11.451087261520517,False
2016-08-02,False,346,360,,insufficient_minutes,True,239,240,9.736259310061003e-06,ok,True,1358,1440,3.738947440289125e-05,ok,47.0,1360.813,1351.557,0.006837462884639669,258.0,1367.24,1346.955,0.014992697665618187,,,,,-12.738884468992671,-10.254355187479753,,-11.539653568486134,-12.18922158772244,-11.480198323293008,False
2016-08-03,False,353,360,,insufficient_complete_m5,False,237,240,,insufficient_complete_m5,True,1353,1440,3.273010265270651e-05,ok,,,,,252.0,1366.456,1353.941,0.009180735786640047,,,,,-11.539653568486134,-10.194121326231283,,,-12.022910761333222,-11.504015145999812,False
2016-08-04,False,355,360,,insufficient_complete_m5,False,236,240,,insufficient_complete_m5,True,1353,1440,6.26134087209324e-05,ok,,,,,253.0,1364.975,1349.05,0.01174101351672658,,,,,-11.539653568486134,-10.32721533310699,,,-12.022910761333222,-11.504015145999812,False
2016-08-05,False,346,360,,insufficient_minutes,False,236,240,,insufficient_complete_m5,False,1237,1440,,insufficient_minutes,,,,,,,,,,,,,-11.539653568486134,-9.678531105975079,,,-12.022910761333222,-11.504015145999812,False
2016-08-08,False,353,360,,insufficient_complete_m5,True,239,240,5.9973042876255806e-06,ok,True,1358,1440,2.783124516031935e-05,ok,47.0,1334.65,1329.841,0.003605475914948702,260.0,1338.236,1329.841,0.006294882436790764,,,,,,-9.678531105975079,,-12.024200475090879,-12.022910761333222,-11.504015145999812,False
2016-08-09,False,333,360,,insufficient_minutes,False,225,240,,insufficient_minutes,False,1324,1440,,insufficient_complete_m5,,,,,,,,,,,,,-12.024200475090879,-10.489351241770171,,,-11.906599265916741,-11.571126959175132,False
2016-08-10,True,357,360,9.828203687592878e-06,ok,True,238,240,3.024345316452762e-06,ok,True,1363,1440,4.7658416175203264e-05,ok,46.0,1354.216,1350.765,0.0025503021417067843,263.0,1357.215,1340.688,0.01231681192287055,69.0,1353.413,1340.688,0.00948335642999506,-12.024200475090879,-10.489351241770171,-11.530254378286806,-12.708815914217727,-11.906599265916741,-11.571126959175132,True
2016-08-11,False,353,360,,insufficient_complete_m5,False,236,240,,insufficient_complete_m5,True,1358,1440,6.595290942731404e-05,ok,,,,,258.0,1353.323,1333.629,0.0146130607105374,,,,,-12.708815914217727,-9.9514513185873,,,-12.12142589226385,-11.61410927063119,False
2016-08-12,False,353,360,,insufficient_complete_m5,True,239,240,6.4386563288434465e-06,ok,False,1247,1440,,insufficient_minutes,47.0,1341.322,1335.133,0.004619261701812327,,,,,,,,,-12.708815914217727,-9.626569564121038,,-11.953190684206849,-12.12142589226385,-11.61410927063119,False
2016-08-15,False,349,360,,insufficient_minutes,True,239,240,5.645861271062641e-06,ok,True,1352,1440,3.285897475858091e-05,ok,47.0,1342.157,1337.745,0.0032920742119485684,257.0,1343.838,1335.648,0.006115696431465037,,,,,-11.953190684206849,-9.626569564121038,,-12.08458779962461,-12.088064694779671,-11.651119385434674,False
2016-08-16,False,350,360,,insufficient_minutes,True,239,240,9.530585352724064e-06,ok,True,1353,1440,7.587651415405394e-05,ok,47.0,1353.254,1347.057,0.004598501201754428,257.0,1358.045,1340.479,0.0130964012482065,,,,,-12.08458779962461,-10.323285646128534,,-11.56100442007277,-11.99605724405764,-11.646847183026416,False
2016-08-17,False,352,360,,insufficient_minutes,True,238,240,7.584807395490451e-06,ok,True,1363,1440,5.025378407427127e-05,ok,46.0,1346.318,1341.364,0.0036906788010582963,261.0,1352.955,1333.02,0.014790111732672494,,,,,-11.56100442007277,-9.486403352881863,,-11.789363338302206,-12.002748118195603,-11.644757142081273,False
2016-08-18,True,359,360,9.507764436760258e-06,ok,True,239,240,9.297048116296584e-06,ok,True,1373,1440,4.5228819916329175e-05,ok,47.0,1353.596,1346.008,0.0056134598753764305,269.0,1356.08,1346.008,0.007447341043411438,71.0,1356.08,1351.084,0.0036940941077127647,-11.789363338302206,-9.898424708899743,-11.563401784040355,-11.58581361503911,-11.95222901991364,-11.66539611247953,True
2016-08-19,False,346,360,,insufficient_minutes,True,240,240,1.1333644272015219e-05,ok,False,1239,1440,,insufficient_minutes,48.0,1349.316,1343.981,0.003955150740543621,,,,,,,,,-11.58581361503911,-10.00377606554385,,-11.387734886626527,-11.774369233149603,-11.675783446670899,False
2016-08-22,True,360,360,1.1598514650693621e-05,ok,True,238,240,3.6532431613712497e-06,ok,True,1352,1440,3.196485663556586e-05,ok,46.0,1337.089,1332.75,0.00325434234196391,255.0,1340.025,1331.532,0.00634966205039594,72.0,1338.128,1331.532,0.0049313989031450406,-11.387734886626527,-10.00377606554385,-11.364633515404716,-12.519895247523532,-11.65467461315705,-11.726068743042386,True
2016-08-23,True,357,360,5.1621854554668165e-06,ok,False,237,240,,insufficient_complete_m5,True,1359,1440,3.482271192936419e-05,ok,,,,,257.0,1344.654,1334.802,0.0073648772651278,69.0,1339.747,1334.802,0.00369664211084631,-12.519895247523532,-10.350873488799726,-12.174150530256489,,-11.701683814387192,-11.739839915956566,True
2016-08-24,False,349,360,,insufficient_minutes,True,238,240,3.4464472013659557e-06,ok,True,1348,1440,5.503202144528601e-05,ok,46.0,1340.065,1336.297,0.00281671926212124,251.0,1340.065,1322.083,0.013440024395639856,,,,,-12.519895247523532,-10.265240742413393,,-12.578166654231461,-11.701683814387192,-11.739839915956566,False
2016-08-25,False,349,360,,insufficient_minutes,True,238,240,3.6572531356941186e-06,ok,True,1340,1440,2.2307550454943998e-05,ok,46.0,1326.936,1322.657,0.0032275351972179357,249.0,1326.998,1317.786,0.006947432327205049,,,,,-12.578166654231461,-9.807595334053074,,-12.518798201697342,-11.86063528325241,-11.773992821413078,False
2016-08-26,False,315,360,,insufficient_minutes,False,233,240,,insufficient_minutes,False,1208,1440,,insufficient_minutes,,,,,,,,,,,,,-12.518798201697342,-10.710585351381813,,,-11.9785344165973,-11.83116413275961,False
2016-08-29,False,349,360,,insufficient_minutes,True,238,240,7.911416133948395e-06,ok,True,1352,1440,3.0208315999040106e-05,ok,46.0,1320.407,1316.64,0.002858329808160941,256.0,1325.04,1314.025,0.008339762610152533,,,,,-12.518798201697342,-10.710585351381813,,-11.747203761368315,-11.9785344165973,-11.83116413275961,False
2016-08-30,False,347,360,,insufficient_minutes,False,230,240,,insufficient_minutes,True,1346,1440,3.0132269091434003e-05,ok,,,,,251.0,1325.443,1308.571,0.012742937741096822,,,,,-11.747203761368315,-10.40739330728259,,,-12.023684294153862,-11.856794516268247,False
2016-08-31,False,347,360,,insufficient_minutes,False,231,240,,insufficient_minutes,False,1332,1440,,insufficient_complete_m5,,,,,,,,,,,,,-11.747203761368315,-10.409913897620086,,,-12.023684294153862,-11.856794516268247,False
2016-09-01,False,345,360,,insufficient_minutes,False,237,240,,insufficient_complete_m5,False,1338,1440,,insufficient_complete_m5,,,,,,,,,,,,,-11.747203761368315,-10.409913897620086,,,-12.023684294153862,-11.856794516268247,False
2016-09-02,False,344,360,,insufficient_minutes,False,237,240,,insufficient_complete_m5,False,1239,1440,,insufficient_minutes,,,,,,,,,,,,,-11.747203761368315,-10.409913897620086,,,-12.023684294153862,-11.856794516268247,False
2016-09-05,False,346,360,,insufficient_minutes,False,236,240,,insufficient_complete_m5,False,1100,1440,,insufficient_minutes,,,,,,,,,,,,,,,,,-12.023684294153862,-11.856794516268247,False
2016-09-06,False,346,360,,insufficient_minutes,True,238,240,2.573452931216206e-06,ok,True,1355,1440,3.839444340602736e-05,ok,46.0,1333.29,1327.134,0.004635795252376315,256.0,1352.373,1324.669,0.02086908311324773,,,,,,,,-12.870262007814448,-12.023684294153862,-11.856794516268247,False
2016-09-07,False,356,360,,insufficient_complete_m5,True,239,240,4.839868507445787e-06,ok,True,1350,1440,3.295033795468705e-05,ok,47.0,1350.998,1347.003,0.002957875630769842,259.0,1352.535,1340.371,0.009015860027364802,,,,,-12.870262007814448,-10.167597811809115,,-12.23862300548789,-12.368976940396543,-11.940571798014911,False
2016-09-08,False,336,360,,insufficient_minutes,True,238,240,2.314181608649075e-06,ok,True,1342,1440,4.7320995963250316e-05,ok,46.0,1349.359,1346.676,0.0019909003314333277,249.0,1349.359,1334.693,0.010907568287580159,,,,,-12.23862300548789,-10.320509040476944,,-12.976454449710122,-12.314618767195117,-12.022959413315352,False
2016-09-09,False,326,360,,insufficient_minutes,True,238,240,4.622538876138739e-06,ok,False,1222,1440,,insufficient_minutes,46.0,1337.058,1332.808,0.00318148897426924,,,,,,,,,-12.976454449710122,-9.958556471669615,,-12.284566463522825,-12.366421117261,-12.046735421073105,False
2016-09-12,False,342,360,,insufficient_minutes,True,240,240,6.138616844222783e-06,ok,True,1356,1440,4.5862509223135314e-05,ok,48.0,1330.121,1323.581,0.004918559854699568,261.0,1330.303,1320.027,0.007729451157067146,,,,,-12.284566463522825,-9.958556471669615,,-12.000911110852803,-12.32209162546526,-12.02707282545377,False
2016-09-13,False,352,360,,insufficient_minutes,True,239,240,7.641480961884999e-06,ok,True,1367,1440,4.3844512657936314e-05,ok,47.0,1331.047,1325.632,0.00407443078358487,267.0,1331.966,1312.465,0.014661237525430287,,,,,-12.000911110852803,-9.989862567178825,,-11.78191913039234,-12.4050769681879,-12.055964971720819,False
2016-09-14,False,348,360,,insufficient_minutes,False,237,240,,insufficient_complete_m5,True,1346,1440,3.052501600162923e-05,ok,,,,,252.0,1325.884,1315.838,0.007603601530711141,,,,,-11.78191913039234,-10.034860985906228,,,-12.184049473769056,-12.037835035050252,False
2016-09-15,False,345,360,,insufficient_minutes,True,236,240,3.6247562021452977e-06,ok,True,1338,1440,8.123606580481188e-05,ok,46.0,1322.271,1318.342,0.002975346426422545,248.0,1327.967,1308.648,0.014602407707930823,,,,,-11.78191913039234,-10.396964013753745,,-12.527723526499935,-12.184049473769056,-12.037835035050252,False
2016-09-16,False,338,360,,insufficient_minutes,False,234,240,,insufficient_minutes,False,1225,1440,,insufficient_minutes,,,,,,,,,,,,,-12.527723526499935,-9.418151249248785,,,-12.23276269746027,-12.032020459138693,False
2016-09-19,False,350,360,,insufficient_minutes,False,237,240,,insufficient_complete_m5,False,1321,1440,,insufficient_complete_m5,,,,,,,,,,,,,-12.527723526499935,-9.418151249248785,,,-12.23276269746027,-12.032020459138693,False
2016-09-20,False,336,360,,insufficient_minutes,False,234,240,,insufficient_minutes,False,1317,1440,,insufficient_complete_m5,,,,,,,,,,,,,,,,,-12.23276269746027,-12.032020459138693,False
2016-09-21,False,350,360,,insufficient_minutes,True,239,240,6.336819309896357e-06,ok,True,1358,1440,0.00010419112791788495,ok,47.0,1322.55,1318.107,0.003368610359140253,260.0,1336.652,1307.154,0.022411836683370347,,,,,,,,-11.969133601537957,-12.23276269746027,-12.032020459138693,False
2016-09-22,False,336,360,,insufficient_minutes,True,238,240,2.02309201774899e-06,ok,True,1343,1440,2.9640161185772883e-05,ok,46.0,1334.4,1332.04,0.0017697389635029789,248.0,1343.589,1331.135,0.0093400575147752,,,,,-11.969133601537957,-9.169283577012013,,-13.11088351502518,-12.079820253871642,-12.061000244161743,False
2016-09-23,False,343,360,,insufficient_minutes,False,237,240,,insufficient_complete_m5,False,1235,1440,,insufficient_minutes,,,,,,,,,,,,,-13.11088351502518,-10.42638031943468,,,-12.175940596523105,-12.095980308117985,False
2016-09-26,False,333,360,,insufficient_minutes,False,235,240,,insufficient_minutes,False,1308,1440,,insufficient_complete_m5,,,,,,,,,,,,,-13.11088351502518,-10.42638031943468,,,-12.175940596523105,-12.095980308117985,False
2016-09-27,False,349,360,,insufficient_minutes,False,233,240,,insufficient_minutes,False,1310,1440,,insufficient_complete_m5,,,,,,,,,,,,,,,,,-12.175940596523105,-12.095980308117985,False
2016-09-28,False,329,360,,insufficient_minutes,False,230,240,,insufficient_minutes,False,1329,1440,,insufficient_complete_m5,,,,,,,,,,,,,,,,,-12.175940596523105,-12.095980308117985,False
2016-09-29,False,332,360,,insufficient_minutes,False,224,240,,insufficient_minutes,False,1322,1440,,insufficient_complete_m5,,,,,,,,,,,,,,,,,-12.175940596523105,-12.095980308117985,False
2016-09-30,False,344,360,,insufficient_minutes,True,239,240,3.935618726393285e-06,ok,False,1237,1440,,insufficient_minutes,47.0,1327.8,1322.739,0.0038239371970637975,,,,,,,,,,,,-12.445442451760693,-12.175940596523105,-12.095980308117985,False
2016-10-03,False,349,360,,insufficient_minutes,True,238,240,4.1005169240025105e-06,ok,True,1349,1440,2.2476231402263273e-05,ok,46.0,1318.113,1314.79,0.002525732371178599,250.0,1319.608,1309.062,0.008014981159550297,,,,,-12.445442451760693,,,-12.404397513176301,-12.265323105172145,-12.0878506986134,False
2016-10-04,False,350,360,,insufficient_minutes,True,239,240,3.1037785041811018e-06,ok,True,1364,1440,0.00011725944374450215,ok,47.0,1310.122,1306.388,0.0028530942969060666,262.0,1312.12,1266.331,0.0349029856463196,,,,,-12.404397513176301,-10.703052189240392,,-12.682890316378497,-12.42817657842561,-12.108843862425413,False
2016-10-05,False,350,360,,insufficient_minutes,False,234,240,,insufficient_minutes,True,1348,1440,9.48454911135194e-05,ok,,,,,247.0,1277.104,1261.92,0.011970123568033344,,,,,-12.682890316378497,-9.051121610218221,,,-12.45454295449835,-12.132179581912776,False
2016-10-06,False,340,360,,insufficient_minutes,True,239,240,4.266002949260612e-06,ok,True,1348,1440,6.455793145411146e-05,ok,47.0,1268.128,1262.989,0.004060701120860891,253.0,1269.263,1249.773,0.015354297056410308,,,,,-12.682890316378497,-9.26326139973458,,-12.364833246574376,-12.45454295449835,-12.132179581912776,False
2016-10-07,False,354,360,,insufficient_complete_m5,True,239,240,7.632415829633618e-06,ok,False,1247,1440,,insufficient_minutes,47.0,1258.727,1252.881,0.0046651055134987645,,,,,,,,,-12.364833246574376,-9.647947575189509,,-11.783106140287655,-12.566812461502119,-12.182311356444323,False
2016-10-10,False,353,360,,insufficient_complete_m5,False,232,240,,insufficient_minutes,False,1314,1440,,insufficient_complete_m5,,,,,,,,,,,,,-11.783106140287655,-9.647947575189509,,,-12.287788992506549,-12.181846559175408,False
2016-10-11,False,345,360,,insufficient_minutes,True,238,240,7.264356161931363e-06,ok,True,1352,1440,3.5218550985207824e-05,ok,46.0,1262.124,1253.848,0.00656273293895617,253.0,1262.124,1251.0,0.008838490178660834,,,,,-11.783106140287655,,,-11.832530886764381,-12.287788992506549,-12.181846559175408,False
2016-10-12,False,342,360,,insufficient_minutes,False,235,240,,insufficient_minutes,True,1340,1440,3.943255749084074e-05,ok,,,,,246.0,1258.852,1249.414,0.007523049202320126,,,,,-11.832530886764381,-10.253937597559489,,,-12.15283257332251,-12.201886417431302,False
2016-10-13,False,348,360,,insufficient_minutes,True,239,240,4.206401487619935e-06,ok,True,1347,1440,3.5019398719379946e-05,ok,47.0,1260.103,1256.627,0.0027596916703519023,251.0,1262.163,1253.009,0.007298373851506712,,,,,-11.832530886764381,-10.140918750630078,,-12.37890302931454,-12.15283257332251,-12.201886417431302,False
2016-10-14,False,352,360,,insufficient_minutes,False,231,240,,insufficient_minutes,False,1235,1440,,insufficient_minutes,,,,,,,,,,,,,-12.37890302931454,-10.259608400889036,,,-12.148824827121038,-12.275505712373704,False
2016-10-17,False,349,360,,insufficient_minutes,True,238,240,6.753392606490229e-06,ok,False,1337,1440,,insufficient_complete_m5,46.0,1254.971,1250.472,0.003585081947291584,,,,,,,,,-12.37890302931454,-10.259608400889036,,-11.905465570976192,-12.148824827121038,-12.275505712373704,False
2016-10-18,False,350,360,,insufficient_minutes,False,230,240,,insufficient_minutes,False,1320,1440,,insufficient_complete_m5,,,,,,,,,,,,,-11.905465570976192,,,,-12.01967377777939,-12.242815399395397,False
2016-10-19,False,334,360,,insufficient_minutes,True,238,240,1.1930776782931564e-05,ok,False,1330,1440,,insufficient_complete_m5,46.0,1271.34,1261.364,0.007905128943699241,,,,,,,,,-11.905465570976192,,,-11.336389212244741,-12.01967377777939,-12.242815399395397,False
2016-10-20,False,348,360,,insufficient_minutes,False,228,240,,insufficient_minutes,False,1312,1440,,insufficient_complete_m5,,,,,,,,,,,,,-11.336389212244741,,,,-11.792974268591706,-12.158457109047378,False
2016-10-21,False,345,360,,insufficient_minutes,False,232,240,,insufficient_minutes,False,1202,1440,,insufficient_minutes,,,,,,,,,,,,,-11.336389212244741,,,,-11.792974268591706,-12.158457109047378,False
2016-10-24,False,336,360,,insufficient_minutes,False,228,240,,insufficient_minutes,False,1278,1440,,insufficient_minutes,,,,,,,,,,,,,,,,,-11.792974268591706,-12.158457109047378,False
2016-10-25,False,338,360,,insufficient_minutes,False,235,240,,insufficient_minutes,False,1312,1440,,insufficient_complete_m5,,,,,,,,,,,,,,,,,-11.792974268591706,-12.158457109047378,False
2016-10-26,False,334,360,,insufficient_minutes,False,234,240,,insufficient_minutes,False,1310,1440,,insufficient_complete_m5,,,,,,,,,,,,,,,,,-11.792974268591706,-12.158457109047378,False
2016-10-27,False,344,360,,insufficient_minutes,False,228,240,,insufficient_minutes,False,1320,1440,,insufficient_complete_m5,,,,,,,,,,,,,,,,,-11.792974268591706,-12.158457109047378,False
2016-10-28,False,342,360,,insufficient_minutes,False,230,240,,insufficient_minutes,False,1217,1440,,insufficient_minutes,,,,,,,,,,,,,,,,,-11.792974268591706,-12.158457109047378,False
2016-10-31,False,350,360,,insufficient_minutes,False,233,240,,insufficient_minutes,False,1335,1440,,insufficient_complete_m5,,,,,,,,,,,,,,,,,-11.792974268591706,-12.158457109047378,False
2016-11-01,False,347,360,,insufficient_minutes,False,235,240,,insufficient_minutes,False,1325,1440,,insufficient_complete_m5,,,,,,,,,,,,,,,,,-11.792974268591706,-12.158457109047378,False
2016-11-02,False,351,360,,insufficient_minutes,True,239,240,4.144558180246556e-06,ok,True,1353,1440,5.0432446208181855e-05,ok,47.0,1297.318,1293.909,0.0026320320383693583,253.0,1307.914,1287.228,0.01606301584947381,,,,,,,,-12.393714366072341,-11.792974268591706,-12.158457109047378,False
2016-11-03,True,357,360,1.3511662835517823e-05,ok,True,240,240,2.49778402466165e-05,ok,True,1356,1440,7.483121741531024e-05,ok,48.0,1301.888,1285.469,0.012612764172651657,263.0,1306.54,1285.469,0.016225954365417728,70.0,1306.54,1296.286,0.00789620502410861,-12.393714366072341,-9.894875816048659,-11.211957331736519,-10.597521516307445,-11.88981812452512,-12.153821415422707,True
2016-11-04,False,345,360,,insufficient_minutes,True,239,240,5.411351712251588e-06,ok,False,1240,1440,,insufficient_minutes,47.0,1302.741,1298.559,0.003219799844245467,,,,,,,,,-10.597521516307445,-9.500275414923628,,-12.127011641923982,-11.473455373223898,-12.003699589971117,False
2016-11-07,False,356,360,,insufficient_complete_m5,True,239,240,1.1127070208438042e-05,ok,True,1365,1440,5.183798802632067e-05,ok,47.0,1288.979,1283.497,0.004253414098027128,264.0,1295.743,1278.058,0.013714415995421508,,,,,-12.127011641923982,-9.500275414923628,,-11.406129661072116,-11.450553297523191,-11.980784480028305,False
2016-11-08,False,342,360,,insufficient_minutes,False,234,240,,insufficient_minutes,True,1351,1440,8.546595819019853e-05,ok,,,,,252.0,1290.662,1267.227,0.018272747758108856,,,,,-11.406129661072116,-9.867387317894096,,,-11.371571796489826,-11.931813512949264,False
2016-11-09,True,360,360,0.0004674441299040149,ok,True,240,240,0.0001409543076588339,ok,True,1380,1440,0.000951109286831829,ok,48.0,1311.375,1290.153,0.016222011164003052,276.0,1337.17,1268.479,0.053936464413758684,72.0,1337.17,1268.479,0.053936464413758684,-11.406129661072116,-9.367392411126485,-7.668230724603916,-8.867074779261827,-11.371571796489826,-11.931813512949264,True
2016-11-10,True,360,360,2.930290969764777e-05,ok,True,240,240,3.667894346024002e-05,ok,True,1379,1440,0.00023631694944604965,ok,48.0,1292.157,1276.711,0.012028189853210226,275.0,1292.157,1252.037,0.03143496050258319,72.0,1288.657,1273.965,0.011511526413358767,-8.867074779261827,-6.957881584217192,-10.43782373978492,-10.213307715237315,-10.195900113425688,-11.212096349158237,True
2016-11-11,True,359,360,7.256319377006952e-05,ok,True,240,240,2.9175818780431033e-05,ok,True,1319,1440,0.0003554206920914627,ok,48.0,1259.155,1253.146,0.004774720441667612,263.0,1265.378,1218.727,0.03699647410936751,71.0,1265.378,1250.952,0.011440507931271248,-10.213307715237315,-8.350336647837432,-9.531052737551773,-10.442170315731948,-10.035194264451468,-11.099981404826684,True
2016-11-14,True,359,360,8.744036791349931e-05,ok,True,240,240,3.869148146638226e-05,ok,True,1377,1440,0.00027599901485801616,ok,48.0,1228.335,1216.333,0.00981290320734435,273.0,1230.178,1211.33,0.015325770191507226,71.0,1230.178,1212.533,0.014347581442548047,-10.442170315731948,-7.942208421959202,-9.344553506493918,-10.159891099305618,-10.016219652481102,-11.026527895256434,True
2016-11-15,True,359,360,1.9159009582190978e-05,ok,True,240,240,2.5100801955701374e-05,ok,True,1365,1440,0.00010998700360180557,ok,48.0,1231.58,1222.269,0.0076014927042487215,269.0,1231.58,1218.663,0.010555532175087584,71.0,1231.322,1222.56,0.007160143448023335,-10.159891099305618,-8.195113261608508,-10.86273747871009,-10.59261076191059,-9.877322379527138,-10.93535946688144,True
2016-11-16,True,360,360,1.3574994331155262e-05,ok,True,240,240,6.859688323004114e-06,ok,True,1369,1440,5.6223086490450456e-05,ok,48.0,1228.777,1223.066,0.0046530537753204934,267.0,1233.071,1221.355,0.009548068158341699,72.0,1233.071,1226.572,0.00529642326400337,-10.59261076191059,-9.115148348226505,-11.207281109738817,-11.889848551223048,-9.824301753485765,-10.876837260628704,True
2016-11-17,True,358,360,8.839336124073398e-06,ok,True,240,240,8.134997322805033e-06,ok,True,1376,1440,8.566798926663866e-05,ok,48.0,1231.371,1226.038,0.004341177653313931,272.0,1231.371,1210.458,0.017046371542919568,70.0,1228.239,1224.534,0.0030199783181043237,-11.889848551223048,-9.78618309377139,-11.63629878322152,-11.719335146389206,-10.508574523761201,-10.875454289960235,True
2016-11-18,True,360,360,3.1022763202868344e-05,ok,True,240,240,2.0256019019661098e-05,ok,True,1318,1440,0.00010548562010552938,ok,48.0,1212.558,1203.689,0.007351380922383139,263.0,1216.06,1200.932,0.012452135663087689,72.0,1216.06,1205.33,0.008832060792235044,-11.719335146389206,-9.365031322946164,-10.380789326076448,-10.807058573038638,-10.743161859607508,-10.859428779759476,True
2016-11-21,True,357,360,1.2935703702467385e-05,ok,True,238,240,6.670016787171825e-06,ok,True,1375,1440,4.757321884594247e-05,ok,46.0,1216.945,1213.19,0.003089657669221399,271.0,1217.512,1206.029,0.009518263785132383,69.0,1214.024,1206.029,0.006627059040506202,-10.807058573038638,-9.156935916655415,-11.255519340832171,-11.917888181222544,-10.82939449140475,-10.817853838393297,True
2016-11-22,False,354,360,,insufficient_complete_m5,True,240,240,5.658071820627257e-06,ok,True,1362,1440,4.306949266238173e-05,ok,48.0,1219.248,1215.18,0.0033452338024856395,261.0,1221.045,1205.955,0.012408172125769154,,,,,-11.917888181222544,-9.953240584349071,,-12.082427391523318,-11.219934657694855,-10.81146290459952,False
2016-11-23,False,349,360,,insufficient_minutes,True,240,240,8.50107556581413e-06,ok,True,1366,1440,0.00014427416505052488,ok,48.0,1213.832,1209.927,0.003217710012228287,264.0,1214.975,1181.631,0.027486264698729983,,,,,-12.082427391523318,-10.05269563834117,,-11.67531786531855,-11.562561327903417,-10.805150019202276,False
2016-11-24,True,356,360,1.9841113583641633e-05,ok,True,240,240,2.051745398807566e-05,ok,False,1134,1440,,insufficient_minutes,48.0,1190.835,1180.054,0.009100655051323566,,,,,70.0,1189.807,1182.442,0.0061901628101069936,-11.67531786531855,-8.843795144592274,-10.827754329474933,-10.794234620014784,-11.528644757907054,-10.794770147513109,True
2016-11-25,True,360,360,7.55763946043195e-05,ok,True,240,240,2.793808088390747e-05,ok,False,1125,1440,,insufficient_minutes,48.0,1193.246,1184.126,0.007698957264033813,,,,,72.0,1186.751,1168.931,0.015023046719399026,-10.794234620014784,-8.843795144592274,-9.490366564219663,-10.485519893541499,-11.30424378938973,-10.763836554861182,True
2016-11-28,True,359,360,2.0322952582704126e-05,ok,True,240,240,2.006230180408995e-05,ok,True,1373,1440,9.835921909557856e-05,ok,48.0,1197.227,1188.678,0.007163089102075049,270.0,1197.549,1182.905,0.012337150290147135,71.0,1197.549,1186.375,0.009413774743383212,-10.485519893541499,,-10.8037596415427,-10.816668036046702,-11.186724381573717,-10.716120884652536,False
2016-11-29,True,356,360,1.4895035320704502e-05,ok,True,240,240,8.737288837653415e-06,ok,True,1370,1440,8.946268226641932e-05,ok,48.0,1192.755,1184.924,0.006569181721216319,268.0,1194.949,1180.959,0.011710287977660896,69.0,1194.949,1188.517,0.005383886509815227,-10.816668036046702,-9.226884279895678,-11.114482600489017,-11.647910618060797,-11.010007213481437,-10.681008032350242,True
2016-11-30,True,359,360,1.4633651442962493e-05,ok,True,240,240,1.5983800757539814e-05,ok,True,1376,1440,0.00010942182952971495,ok,48.0,1190.114,1184.509,0.004714602524520365,272.0,1194.888,1168.024,0.022597387303269684,71.0,1194.888,1187.693,0.006052270758153058,-11.647910618060797,-9.32168897755169,-11.132186788088509,-11.043934801254647,-10.973440071170595,-10.676700227285307,True
2016-12-01,True,360,360,4.816778860602571e-05,ok,True,240,240,1.3306881818040135e-05,ok,True,1371,1440,0.00015376172304101344,ok,48.0,1173.69,1166.601,0.006045209881091208,271.0,1176.72,1160.206,0.014082321118535832,72.0,1175.825,1161.04,0.012607915570882394,-11.043934801254647,-9.120300149218743,-9.940820046492506,-11.227229226629442,-10.88978317204931,-10.667956810550923,True
2016-12-02,False,352,360,,insufficient_minutes,True,240,240,1.0739774674297326e-05,ok,True,1308,1440,8.462384486297916e-05,ok,48.0,1176.728,1169.313,0.006312497126813482,257.0,1178.045,1166.624,0.00973236217067215,,,,,-11.227229226629442,-8.780106406763108,,-11.441556449150443,-10.970271529632068,-10.648468610588587,False
2016-12-05,True,357,360,2.4913572318886957e-05,ok,True,240,240,3.1502947520903946e-05,ok,True,1371,1440,0.00013546957865214217,ok,48.0,1173.248,1159.868,0.011407802066960822,268.0,1181.399,1156.572,0.021035400595722002,69.0,1181.399,1171.416,0.008458388212312871,-11.441556449150443,-9.37729447689319,-10.600097829944298,-10.365429444418092,-11.193308078192606,-10.67891862551823,True
2016-12-06,True,357,360,1.0516118643947357e-05,ok,True,239,240,5.173569454281366e-06,ok,True,1365,1440,5.25952616001961e-05,ok,47.0,1174.302,1169.51,0.004084676920978649,264.0,1175.286,1165.825,0.008085174203841944,69.0,1175.286,1169.25,0.005158240301700706,-10.365429444418092,-8.906763454643373,-11.462601368928697,-12.17194769098304,-11.039543877349969,-10.623806930878574,True
2016-12-07,False,339,360,,insufficient_minutes,False,238,240,,missing_boundary,True,1346,1440,5.213001396763349e-05,ok,,,,,249.0,1180.193,1165.331,0.012708065500150348,,,,,-12.17194769098304,-9.852884525924848,,,-11.084955837540113,-10.636117370997768,False
2016-12-08,False,354,360,,insufficient_complete_m5,True,240,240,5.2190023809569525e-06,ok,True,1360,1440,6.521628743003003e-05,ok,48.0,1177.118,1173.679,0.00292533712830385,258.0,1178.602,1169.036,0.00814057338876687,,,,,-12.17194769098304,-9.861769691245806,,-12.163204289093684,-11.084955837540113,-10.636117370997768,False
2016-12-09,False,341,360,,insufficient_minutes,True,240,240,1.0053775484489819e-05,ok,False,1293,1440,,insufficient_minutes,48.0,1172.009,1164.214,0.0066678670823356045,,,,,,,,,-12.163204289093684,-9.637801313019242,,-11.507562323907043,-11.236170235900348,-10.967965068524094,False
2016-12-12,False,352,360,,insufficient_minutes,True,240,240,1.5353596831845976e-05,ok,True,1357,1440,7.007245507944997e-05,ok,48.0,1156.933,1150.067,0.005939312783622501,260.0,1165.761,1150.067,0.013546108687367877,,,,,-11.507562323907043,-9.637801313019242,,-11.084160790087116,-11.286761367862155,-11.04830238292383,False
2016-12-13,False,355,360,,insufficient_complete_m5,True,240,240,5.983988371404157e-06,ok,True,1367,1440,5.427704507767912e-05,ok,48.0,1161.69,1157.004,0.0040339537352166045,263.0,1164.995,1154.487,0.009034437991410758,,,,,-11.084160790087116,-9.565980778669587,,-12.026423260575378,-11.215745267769138,-11.092701057499836,False
2016-12-14,False,348,360,,insufficient_minutes,False,236,240,,insufficient_complete_m5,True,1358,1440,8.856283984957625e-05,ok,,,,,257.0,1164.931,1137.956,0.02327929545072093,,,,,-12.026423260575378,-9.821409162989399,,,-11.692436594166642,-11.20634877438832,False
2016-12-15,True,358,360,2.5107770493453865e-05,ok,True,240,240,2.0118322791143904e-05,ok,True,1377,1440,0.00011595114922032402,ok,48.0,1138.732,1126.964,0.010334129234573695,274.0,1144.357,1122.493,0.019128357895565704,71.0,1144.357,1134.638,0.008502950529958093,-12.026423260575378,-9.331798203122558,-10.592333178324468,-10.813879576488516,-11.692436594166642,-11.20634877438832,True
2016-12-16,False,349,360,,insufficient_minutes,True,239,240,7.626761200462688e-06,ok,True,1306,1440,7.895160672451738e-05,ok,47.0,1136.093,1132.107,0.0035137858353704973,251.0,1141.248,1126.503,0.013071188556216633,,,,,-10.813879576488516,-9.06234158296796,,-11.783847285032044,-11.386668464146808,-11.224853514389379,False
2016-12-19,False,354,360,,insufficient_complete_m5,True,240,240,5.716041949636391e-06,ok,True,1358,1440,4.150862231907241e-05,ok,48.0,1140.553,1136.898,0.003204588655317951,260.0,1142.326,1135.449,0.006053819751632254,,,,,-11.783847285032044,-9.44667546630419,,-12.072233958938911,-11.345101074802677,-11.221982238434713,False
2016-12-20,True,360,360,1.3079983830373583e-05,ok,True,240,240,4.750819912627884e-06,ok,True,1373,1440,5.06022091985054e-05,ok,48.0,1135.12,1131.734,0.0029829721273586093,270.0,1139.753,1125.666,0.012370435125467219,72.0,1139.753,1132.62,0.00626381158159709,-12.072233958938911,-10.089609385583502,-11.244427448145956,-12.257193341628849,-11.421281795982061,-11.231064909934313,True
2016-12-21,False,352,360,,insufficient_minutes,True,239,240,4.667839504703331e-06,ok,True,1361,1440,3.410854080988498e-05,ok,47.0,1136.139,1131.732,0.0038790036057041026,260.0,1137.081,1129.262,0.0069063896691221585,,,,,-12.257193341628849,-9.891515322574413,,-12.27481422615689,-11.636315671399187,-11.291328818156208,False
2016-12-22,False,351,360,,insufficient_minutes,True,239,240,2.6491222560830804e-06,ok,True,1360,1440,3.191948092306286e-05,ok,47.0,1132.389,1129.216,0.0028054111810621946,256.0,1134.079,1126.726,0.006501429730977008,,,,,-12.27481422615689,-10.285962741402592,,-12.84128219695256,-11.666547959278622,-11.2993822677261,False
2016-12-23,False,330,360,,insufficient_minutes,False,215,240,,insufficient_minutes,False,1237,1440,,insufficient_minutes,,,,,,,,,,,,,-12.84128219695256,-10.3522940473237,,,-12.1897826578446,-11.311608608364427,False
2016-12-26,False,0,360,,insufficient_minutes,False,0,240,,insufficient_minutes,False,60,1440,,insufficient_minutes,,,,,,,,,,,,,-12.84128219695256,-10.3522940473237,,,-12.1897826578446,-11.311608608364427,False
2016-12-27,False,343,360,,insufficient_minutes,False,228,240,,insufficient_minutes,False,1330,1440,,insufficient_complete_m5,,,,,,,,,,,,,,,,,-12.1897826578446,-11.311608608364427,False
2016-12-28,False,344,360,,insufficient_minutes,False,231,240,,insufficient_minutes,True,1347,1440,2.572358828297293e-05,ok,,,,,250.0,1144.507,1136.364,0.007146420887593748,,,,,,,,,-12.1897826578446,-11.311608608364427,False
2016-12-29,False,354,360,,insufficient_complete_m5,False,237,240,,insufficient_complete_m5,True,1366,1440,7.491955158244194e-05,ok,,,,,263.0,1161.999,1142.234,0.017301030490166774,,,,,,-10.568102154991063,,,-12.1897826578446,-11.311608608364427,False
2016-12-30,True,359,360,2.0901908791844254e-05,ok,True,239,240,4.8708264237514815e-06,ok,True,1314,1440,6.061985695322014e-05,ok,47.0,1161.166,1157.976,0.002754165675584172,258.0,1163.227,1148.317,0.012849709674986873,71.0,1163.227,1157.945,0.004552123843278488,,-9.499095665691376,-10.775670073410502,-12.232246938397774,-12.1897826578446,-11.311608608364427,False
2017-01-02,False,0,360,,insufficient_minutes,False,0,240,,insufficient_minutes,False,60,1440,,insufficient_minutes,,,,,,,,,,,,,-12.232246938397774,-9.71088804606653,,,-12.304583339460942,-11.326561270467423,False
2017-01-03,False,349,360,,insufficient_minutes,True,238,240,1.0702065686388327e-05,ok,True,1358,1440,0.0001025948507273659,ok,46.0,1154.499,1146.004,0.007366375509121141,256.0,1163.579,1146.004,0.015276743754463001,,,,,-12.232246938397774,-9.71088804606653,,-11.445073780326446,-12.304583339460942,-11.326561270467423,False
2017-01-04,True,359,360,1.1050431240723784e-05,ok,True,239,240,1.4956221743382586e-05,ok,True,1375,1440,6.377546650887667e-05,ok,47.0,1167.787,1160.728,0.0060767012439202584,271.0,1167.852,1156.087,0.010166768708820459,71.0,1161.637,1156.087,0.0047960532370550455,-11.445073780326446,-9.184722814329495,-11.413041104452175,-11.110383174576421,-12.105660094677567,-11.368146526427157,True
2017-01-05,False,355,360,,insufficient_complete_m5,True,239,240,9.775760011531211e-06,ok,True,1368,1440,8.64538356265747e-05,ok,47.0,1179.275,1170.428,0.0075131556655027775,268.0,1184.976,1165.767,0.01647493509601164,,,,,-11.110383174576421,-9.660141979045447,,-11.535604704574984,-11.791421178471337,-11.425945570375953,False
2017-01-06,True,359,360,1.0704147665256705e-05,ok,True,240,240,5.363397552846617e-06,ok,True,1316,1440,7.14528641008003e-05,ok,48.0,1179.391,1174.384,0.0042622088405719905,261.0,1182.671,1170.603,0.010219756954735983,71.0,1181.397,1175.056,0.005369860693568104,-11.535604704574984,-9.355899978669129,-11.444879259339409,-12.135912911893696,-11.664818785059001,-11.474241397655168,True
2017-01-09,False,353,360,,insufficient_complete_m5,True,240,240,7.299483270859431e-06,ok,True,1359,1440,4.145210710340379e-05,ok,48.0,1180.838,1173.917,0.005894439204280557,259.0,1186.104,1172.509,0.011579515798224298,,,,,-12.135912911893696,-9.546472569006207,,-11.827706997129068,-11.603544693317811,-11.49060387407392,False
2017-01-10,True,358,360,1.0739714529628253e-05,ok,True,240,240,7.213256602596578e-06,ok,True,1366,1440,5.455153846827862e-05,ok,48.0,1186.045,1182.638,0.0028768862413993414,265.0,1190.548,1180.047,0.00887876899558554,70.0,1187.263,1180.047,0.006101247221421242,-11.827706997129068,-10.090971842852246,-11.441562049345913,-11.839590030058659,-11.551730156760229,-11.533994880221417,True
2017-01-11,True,359,360,1.0208713099252314e-05,ok,True,239,240,6.764194312269832e-06,ok,True,1376,1440,0.0001208675387184886,ok,47.0,1191.282,1186.934,0.003657822022730113,273.0,1198.209,1177.032,0.01785150551742782,71.0,1189.116,1185.583,0.0029782013029735245,-11.839590030058659,-9.816364643181355,-11.492268976900043,-11.903867399920424,-11.627032583518538,-11.56560617598478,True
2017-01-12,True,359,360,1.1331567602780927e-05,ok,True,240,240,1.390734014739319e-05,ok,True,1375,1440,7.112737597943462e-05,ok,48.0,1206.95,1199.465,0.006236598291830413,271.0,1206.95,1192.825,0.011833635422657663,71.0,1198.666,1192.825,0.004893470053362277,-11.903867399920424,-9.020815333347407,-11.387918133908888,-11.183093789048769,-11.829937712397912,-11.58678196656443,True
2017-01-13,False,354,360,,insufficient_complete_m5,True,240,240,6.569730555536828e-06,ok,True,1312,1440,6.610947633584371e-05,ok,48.0,1198.356,1194.305,0.0033859332901767657,256.0,1200.709,1187.825,0.01077072459539771,,,,,-11.183093789048769,-9.551038260389486,,-11.93303773764256,-11.72247010490155,-11.686294896544679,False
2017-01-16,True,358,360,1.125491745438414e-05,ok,True,240,240,8.309311174317685e-06,ok,False,1126,1440,,insufficient_minutes,48.0,1204.65,1201.124,0.002928117862141842,,,,,70.0,1204.35,1200.172,0.003471146201055537,-11.93303773764256,-9.62419845775372,-11.394705417760937,-11.698133843709755,-11.693153098225277,-11.678026861520893,True
2017-01-17,True,360,360,8.280752792747892e-06,ok,True,240,240,1.1852437545996706e-05,ok,True,1372,1440,6.07388595077059e-05,ok,48.0,1218.791,1210.565,0.006792447221462916,270.0,1218.791,1202.986,0.013136110215330673,72.0,1212.28,1202.986,0.007724581356613908,-11.698133843709755,-9.62419845775372,-11.701576676701269,-11.342977011452385,-11.66925575326987,-11.659965658922939,True
2017-01-18,True,358,360,7.041641517566503e-06,ok,True,239,240,5.8091260636375196e-06,ok,True,1374,1440,5.0261185452259186e-05,ok,47.0,1214.762,1210.733,0.0033261194488828907,270.0,1217.476,1201.718,0.01296804239178831,70.0,1217.476,1210.933,0.005384560310285078,-11.342977011452385,-9.708926875149462,-11.86366924486537,-12.056080417754075,-11.566262662800503,-11.649601695447481,True
2017-01-19,True,360,360,1.2134489222636293e-05,ok,True,240,240,7.5694018798144176e-06,ok,True,1373,1440,7.338391247668049e-05,ok,48.0,1205.707,1198.139,0.006308438286418945,270.0,1206.418,1195.555,0.009029429806843372,72.0,1204.859,1197.428,0.006176718484272528,-12.056080417754075,-9.898277439731057,-11.319458810925276,-11.791396505550074,-11.586616236754363,-11.705866931451224,True
2017-01-20,False,348,360,,insufficient_minutes,True,240,240,8.675755082453415e-06,ok,True,1308,1440,8.671673524797957e-05,ok,48.0,1207.059,1198.466,0.007125440675710418,258.0,1214.907,1198.466,0.013657487881170494,,,,,-11.791396505550074,-9.519805822433412,,-11.654978194714213,-11.733322610628816,-11.69629881119093,False
2017-01-23,True,360,360,1.2175520407365134e-05,ok,True,240,240,7.523036047408274e-06,ok,True,1379,1440,5.488880910203906e-05,ok,48.0,1215.043,1210.392,0.0038311998550221915,275.0,1219.958,1209.149,0.008891802825568146,72.0,1219.461,1213.521,0.004886419537780952,-11.654978194714213,-9.352863668029812,-11.31608314597769,-11.797540771770889,-11.682148422300319,-11.767502326427554,True
2017-01-24,True,358,360,5.0720067916544164e-06,ok,True,238,240,2.9002783560240145e-06,ok,True,1370,1440,2.964313718903235e-05,ok,46.0,1214.178,1211.54,0.0021744748144629346,269.0,1218.558,1205.957,0.010349901581068318,70.0,1218.558,1215.056,0.0028763872182287985,-11.797540771770889,-9.810201071720204,-12.191774001781662,-12.750703840742228,-11.700949088830052,-11.768171533809946,True
2017-01-25,False,356,360,,insufficient_complete_m5,False,237,240,,insufficient_complete_m5,True,1366,1440,6.844579686802618e-05,ok,,,,,263.0,1209.719,1192.081,0.014584121432366237,,,,,-12.750703840742228,-10.42627992005261,,,-11.944397928612494,-11.786511329900813,False
2017-01-26,False,356,360,,insufficient_complete_m5,True,239,240,1.1734815271062557e-05,ok,True,1372,1440,6.965358613331996e-05,ok,47.0,1198.235,1191.281,0.005812689953090531,268.0,1202.568,1184.331,0.015182918072434668,,,,,-12.750703840742228,-9.589468412526742,,-11.352950470492683,-11.944397928612494,-11.786511329900813,False
2017-01-27,True,357,360,8.317762046068109e-06,ok,True,240,240,7.314817995020599e-06,ok,True,1314,1440,5.6724564021413397e-05,ok,48.0,1186.093,1181.683,0.003729465739233457,258.0,1191.576,1180.477,0.009338862550269217,69.0,1188.357,1182.968,0.004534384204288688,-11.352950470492683,-9.57197637114834,-11.697117324161653,-11.82560840486521,-11.776805424968238,-11.741625679179975,True
2017-01-30,False,352,360,,insufficient_minutes,True,239,240,4.863549757482665e-06,ok,True,1366,1440,4.5863861681093494e-05,ok,47.0,1191.96,1188.122,0.003221264711498283,262.0,1199.415,1188.122,0.009456959654045853,,,,,-11.82560840486521,-9.777303213155786,,-12.233741983891951,-11.783456717126294,-11.725126739587271,False
2017-01-31,True,357,360,6.104015551984408e-06,ok,True,240,240,1.4677209756924939e-05,ok,True,1371,1440,8.080783918553774e-05,ok,48.0,1204.303,1196.126,0.006805653927878658,267.0,1215.311,1196.013,0.01612383048338071,69.0,1203.038,1196.013,0.00586951544956736,-12.233741983891951,-9.989833078211914,-12.006563716150435,-11.129214623897855,-11.888739617015236,-11.711530040618944,True
2017-02-01,False,353,360,,insufficient_complete_m5,True,238,240,5.425537398061421e-06,ok,True,1359,1440,6.925702250846593e-05,ok,46.0,1212.361,1207.022,0.004420849284976001,259.0,1212.361,1197.75,0.012058907154833367,,,,,-11.129214623897855,-9.423436577520333,,-12.124393603893331,-11.699479860322416,-11.653445859222861,False
2017-02-02,True,358,360,7.901853843496903e-06,ok,True,240,240,1.455503524505104e-05,ok,True,1368,1440,6.846013596037241e-05,ok,48.0,1223.684,1213.614,0.008293178263802077,267.0,1225.242,1209.577,0.01294857642119199,70.0,1217.19,1209.577,0.006292851088064832,-12.124393603893331,-9.577686009973787,-11.74841316228674,-11.137573559261474,-11.640396852491675,-11.684279423208524,True
2017-02-03,True,359,360,1.1335175765753544e-05,ok,False,232,240,,insufficient_minutes,True,1303,1440,6.206453824100729e-05,ok,,,,,253.0,1221.358,1206.253,0.012433930595536312,71.0,1216.811,1210.912,0.004855859422910773,-11.137573559261474,-9.589258938881555,-11.387599767662408,,-11.578293126495508,-11.686663124890776,True
2017-02-06,False,354,360,,insufficient_complete_m5,True,237,240,5.538172021314386e-06,ok,True,1367,1440,3.4015354062900274e-05,ok,46.0,1226.784,1221.672,0.004181341988296888,265.0,1235.527,1220.037,0.012685844759329303,,,,,-11.137573559261474,-9.687335774949807,,-12.103846071705432,-11.578293126495508,-11.686663124890776,False
2017-02-07,False,353,360,,insufficient_complete_m5,True,238,240,7.005361759851691e-06,ok,True,1364,1440,3.960395955668893e-05,ok,46.0,1231.686,1227.833,0.0031305630869804474,261.0,1235.783,1227.626,0.0066123353249240326,,,,,-12.103846071705432,-10.288698545198926,,-11.868834736417872,-11.616964539031503,-11.712194506321513,False
2017-02-08,False,346,360,,insufficient_minutes,False,237,240,,insufficient_complete_m5,True,1350,1440,4.047625676972736e-05,ok,,,,,252.0,1244.71,1229.901,0.012019160533586098,,,,,-11.868834736417872,-10.13658145589711,,,-11.57052669300066,-11.702224204333167,False
2017-02-09,False,344,360,,insufficient_minutes,False,234,240,,insufficient_minutes,True,1353,1440,7.783811644999224e-05,ok,,,,,253.0,1244.477,1222.416,0.01779249934168329,,,,,-11.868834736417872,-10.114795008364354,,,-11.57052669300066,-11.702224204333167,False
2017-02-10,False,350,360,,insufficient_minutes,True,238,240,5.3772894406157624e-06,ok,True,1301,1440,5.0172261149485175e-05,ok,46.0,1227.708,1221.532,0.005053908493651444,247.0,1237.035,1221.532,0.012639754363336605,,,,,-11.868834736417872,-9.460879318092651,,-12.133326132198135,-11.57052669300066,-11.702224204333167,False
2017-02-13,False,340,360,,insufficient_minutes,True,238,240,3.7602004825413035e-06,ok,False,1328,1440,,insufficient_complete_m5,46.0,1232.251,1228.932,0.002694517318910584,,,,,,,,,-12.133326132198135,-9.900048250731178,,-12.491038282159108,-11.789960528779917,-11.713906085931454,False
2017-02-14,False,335,360,,insufficient_minutes,True,239,240,4.794499388286149e-06,ok,False,1338,1440,,insufficient_complete_m5,47.0,1229.958,1226.282,0.00299610083069272,,,,,,,,,-12.491038282159108,-9.900048250731178,,-12.248041257939262,-11.834893743774735,-11.735240607679753,False
2017-02-15,False,331,360,,insufficient_minutes,False,236,240,,insufficient_complete_m5,False,1334,1440,,insufficient_complete_m5,,,,,,,,,,,,,-12.248041257939262,,,,-12.148727821122737,-11.74761728301687,False
2017-02-16,False,348,360,,insufficient_minutes,True,240,240,8.431669613911782e-06,ok,True,1363,1440,3.605069372647415e-05,ok,48.0,1239.097,1233.586,0.004465350991091554,261.0,1242.333,1232.092,0.008304825451480093,,,,,-12.248041257939262,,,-11.68351574934376,-12.148727821122737,-11.74761728301687,False
2017-02-17,False,336,360,,insufficient_minutes,True,239,240,8.195891683579166e-06,ok,False,1269,1440,,insufficient_minutes,47.0,1242.806,1236.391,0.00518620203470508,,,,,,,,,-11.68351574934376,-10.23058445096565,,-11.711877543441279,-12.045008069795298,-11.782851219151421,False
2017-02-20,False,348,360,,insufficient_minutes,False,227,240,,insufficient_minutes,False,1075,1440,,insufficient_minutes,,,,,,,,,,,,,-11.711877543441279,-10.23058445096565,,,-12.005271211413211,-11.77225725826784,False
2017-02-21,False,341,360,,insufficient_minutes,True,237,240,5.627000592149776e-06,ok,False,1330,1440,,insufficient_complete_m5,46.0,1234.563,1227.951,0.0053578678084684455,,,,,,,,,-11.711877543441279,,,-12.087934012279483,-12.005271211413211,-11.77225725826784,False
2017-02-22,False,333,360,,insufficient_minutes,True,237,240,4.0989819799135335e-06,ok,False,1329,1440,,insufficient_complete_m5,46.0,1238.207,1233.921,0.00347162176008636,,,,,,,,,-12.087934012279483,,,-12.404771912667025,-11.997133119113279,-11.789792330641031,False
2017-02-23,False,335,360,,insufficient_minutes,False,237,240,,insufficient_complete_m5,False,1328,1440,,insufficient_complete_m5,,,,,,,,,,,,,-12.404771912667025,,,,-11.986197043900715,-11.842279686171647,False
2017-02-24,False,343,360,,insufficient_minutes,False,235,240,,insufficient_minutes,False,1285,1440,,insufficient_minutes,,,,,,,,,,,,,-12.404771912667025,,,,-11.986197043900715,-11.842279686171647,False
2017-02-27,False,345,360,,insufficient_minutes,False,217,240,,insufficient_minutes,False,1325,1440,,insufficient_complete_m5,,,,,,,,,,,,,,,,,-11.986197043900715,-11.842279686171647,False
2017-02-28,False,333,360,,insufficient_minutes,True,238,240,6.00100708652068e-06,ok,True,1346,1440,5.554086881954673e-05,ok,46.0,1254.819,1250.17,0.0037084721318169896,249.0,1258.39,1245.561,0.010234555525993989,,,,,,,,-12.023583255067631,-11.986197043900715,-11.842279686171647,False
2017-03-01,True,359,360,1.5238464634076474e-05,ok,True,240,240,1.0135741474554094e-05,ok,True,1377,1440,6.25292816963204e-05,ok,48.0,1247.278,1243.112,0.003344132596543117,273.0,1250.613,1236.703,0.011162957919019265,71.0,1248.464,1242.258,0.004980396610023873,-12.023583255067631,-9.798391433076056,-11.09168775857648,-11.499442620938224,-11.94819378064177,-11.84094693425857,True
2017-03-02,True,357,360,3.7844640153850175e-06,ok,True,240,240,4.500414998694042e-06,ok,True,1377,1440,5.089117755316732e-05,ok,48.0,1246.33,1240.701,0.004518269331875596,274.0,1248.013,1230.698,0.013882608374944939,70.0,1248.013,1245.483,0.00202847237589435,-11.499442620938224,-9.679875603795995,-12.48460628866226,-12.311340943508172,-11.896865230017797,-11.823290526036361,True
2017-03-03,True,360,360,5.750013435608221e-06,ok,True,240,240,8.258594255203976e-06,ok,True,1319,1440,6.413959677255027e-05,ok,48.0,1229.212,1225.23,0.003243649651625324,263.0,1236.223,1222.533,0.011080561102131415,72.0,1235.441,1228.98,0.005229474454409856,-12.311340943508172,-9.885820978445402,-12.066308366530228,-11.704256171936152,-12.011718895709205,-11.852177990572622,True
2017-03-06,True,356,360,5.751125839033051e-06,ok,True,239,240,5.538166747806233e-06,ok,True,1368,1440,2.9687628879434404e-05,ok,47.0,1235.007,1230.066,0.004011120081537548,266.0,1236.825,1224.802,0.009719627981501857,69.0,1236.825,1232.662,0.0033654504938028674,-11.704256171936152,-9.654448650395823,-12.066114924228255,-12.103847023916856,-11.928600321792409,-11.84702803158114,True
2017-03-07,False,337,360,,insufficient_minutes,True,239,240,2.7354740317034357e-06,ok,False,1330,1440,,insufficient_complete_m5,47.0,1226.153,1221.382,0.003893718064125936,,,,,,,,,-12.103847023916856,-10.424780134976837,,-12.8092058165589,-11.885906212823661,-11.828774138179249,False
2017-03-08,False,344,360,,insufficient_minutes,True,237,240,4.555169638050785e-06,ok,True,1350,1440,3.5689496604575485e-05,ok,46.0,1214.594,1211.294,0.0027184993883376,253.0,1218.512,1206.5,0.00987663659905595,,,,,-12.8092058165589,-10.424780134976837,,-12.299247785783193,-11.985543981801735,-11.892469819528891,False
2017-03-09,False,350,360,,insufficient_minutes,True,238,240,4.062995409855425e-06,ok,True,1362,1440,3.782201153193828e-05,ok,46.0,1206.345,1203.173,0.0026325421044900324,261.0,1208.987,1198.607,0.008589703857960483,,,,,-12.299247785783193,-10.240654125224735,,-12.41359007070202,-12.182832026222432,-11.912843730153188,False
2017-03-10,False,350,360,,insufficient_minutes,False,237,240,,insufficient_complete_m5,True,1304,1440,5.760685393898746e-05,ok,,,,,251.0,1206.339,1194.836,0.009587187523570979,,,,,-12.41359007070202,-10.182619309158962,,,-12.200074666121507,-11.91883257321164,False
2017-03-13,False,348,360,,insufficient_minutes,True,240,240,4.40670501598275e-06,ok,True,1353,1440,2.4969096472800906e-05,ok,48.0,1210.217,1204.014,0.0051287351379956355,252.0,1211.19,1200.695,0.008702083607994241,,,,,-12.41359007070202,-9.761869005345105,,-12.332383309678765,-12.200074666121507,-11.91883257321164,False
2017-03-14,False,319,360,,insufficient_minutes,False,237,240,,insufficient_complete_m5,False,1323,1440,,insufficient_complete_m5,,,,,,,,,,,,,-12.332383309678765,-10.597871638836642,,,-12.366311313582518,-11.999026702149449,False
2017-03-15,False,333,360,,insufficient_minutes,False,232,240,,insufficient_minutes,True,1343,1440,0.00011004365507153525,ok,,,,,249.0,1222.015,1197.2,0.02066930568541263,,,,,-12.332383309678765,-10.597871638836642,,,-12.366311313582518,-11.999026702149449,False
2017-03-16,True,359,360,1.1298515076018367e-05,ok,True,240,240,6.16514491519802e-06,ok,True,1378,1440,4.798729191968386e-05,ok,48.0,1227.305,1223.316,0.003252537656134472,274.0,1233.645,1219.928,0.011238270255124277,71.0,1226.918,1219.928,0.005726872427157322,-12.332383309678765,-9.114633406614976,-11.39083925008284,-11.996598915509386,-12.366311313582518,-11.999026702149449,True
2017-03-17,False,323,360,,insufficient_minutes,False,236,240,,insufficient_complete_m5,False,1211,1440,,insufficient_minutes,,,,,,,,,,,,,-11.996598915509386,-9.944574333782548,,,-12.337298628589975,-11.993031829173313,False
2017-03-20,False,356,360,,insufficient_complete_m5,True,238,240,1.8241251326085397e-06,ok,True,1364,1440,1.3900988278643472e-05,ok,46.0,1233.796,1231.166,0.002131346885620102,260.0,1235.503,1230.005,0.004465065209605348,,,,,-11.996598915509386,-9.944574333782548,,-13.214410065261436,-12.337298628589975,-11.993031829173313,False
2017-03-21,False,347,360,,insufficient_minutes,True,238,240,3.5505193444624554e-06,ok,True,1364,1440,4.460262079820278e-05,ok,46.0,1233.773,1228.235,0.0045075861013653485,263.0,1247.558,1226.498,0.017056989052668878,,,,,-13.214410065261436,-11.183550621172072,,-12.548416670962128,-12.379752920613544,-12.101599072074245,False
2017-03-22,False,354,360,,insufficient_complete_m5,True,240,240,5.504035069441752e-06,ok,True,1374,1440,3.212845935769014e-05,ok,48.0,1249.04,1244.552,0.003597368822883735,271.0,1251.311,1243.761,0.006058359251876851,,,,,-12.548416670962128,-10.01771793837315,,-12.110029085725305,-12.428741818474236,-12.119666048961372,False
2017-03-23,False,348,360,,insufficient_minutes,True,239,240,4.024832231224259e-06,ok,True,1361,1440,4.3206757876621634e-05,ok,47.0,1248.633,1245.377,0.0026113461224598505,263.0,1253.222,1242.323,0.008746355685131104,,,,,-12.110029085725305,-10.345768336260353,,-12.423027329645867,-12.359199141054244,-12.133532228553607,False
2017-03-24,False,352,360,,insufficient_minutes,False,237,240,,insufficient_complete_m5,False,1247,1440,,insufficient_minutes,,,,,,,,,,,,,-12.423027329645867,-10.049513642619265,,,-12.377161999102814,-12.146190237046504,False
2017-03-27,False,345,360,,insufficient_minutes,False,236,240,,insufficient_complete_m5,True,1351,1440,4.574541089507061e-05,ok,,,,,255.0,1260.991,1252.278,0.006953749941140905,,,,,-12.423027329645867,-10.049513642619265,,,-12.377161999102814,-12.146190237046504,False
2017-03-28,False,336,360,,insufficient_minutes,False,234,240,,insufficient_minutes,True,1345,1440,3.065969237032232e-05,ok,,,,,247.0,1258.333,1247.538,0.008615024139225871,,,,,,-9.992419079578426,,,-12.377161999102814,-12.146190237046504,False
2017-03-29,False,352,360,,insufficient_minutes,True,239,240,4.8857075198797915e-06,ok,True,1360,1440,2.8180026348237453e-05,ok,47.0,1253.35,1248.173,0.004140841397855839,259.0,1254.692,1247.212,0.005982688594660066,,,,,,-10.39256171815469,,-12.229196447771912,-12.377161999102814,-12.146190237046504,False
2017-03-30,False,332,360,,insufficient_minutes,False,232,240,,insufficient_minutes,False,1338,1440,,insufficient_complete_m5,,,,,,,,,,,,,-12.229196447771912,-10.476897116496396,,,-12.439811160899247,-12.135645159723706,False
2017-03-31,False,352,360,,insufficient_minutes,False,236,240,,insufficient_complete_m5,False,1242,1440,,insufficient_minutes,,,,,,,,,,,,,-12.229196447771912,-10.476897116496396,,,-12.439811160899247,-12.135645159723706,False
2017-04-03,False,338,360,,insufficient_minutes,False,230,240,,insufficient_minutes,True,1340,1440,2.0931696681593383e-05,ok,,,,,248.0,1255.863,1244.367,0.009209704638139036,,,,,,,,,-12.439811160899247,-12.135645159723706,False
2017-04-04,False,345,360,,insufficient_minutes,False,235,240,,insufficient_minutes,True,1350,1440,2.214585065238301e-05,ok,,,,,251.0,1261.183,1253.859,0.005832259626334093,,,,,,-10.774245960215076,,,-12.439811160899247,-12.135645159723706,False
2017-04-05,False,332,360,,insufficient_minutes,False,233,240,,insufficient_minutes,True,1341,1440,5.102288688584813e-05,ok,,,,,250.0,1258.89,1243.603,0.012175390292262757,,,,,,-10.717860408485006,,,-12.439811160899247,-12.135645159723706,False
2017-04-06,False,349,360,,insufficient_minutes,True,239,240,5.146208440918161e-06,ok,True,1355,1440,3.0287677714532615e-05,ok,47.0,1255.31,1250.835,0.003569270772059118,257.0,1258.788,1249.468,0.007405927046056153,,,,,,-9.8832362634361,,-12.177250339499828,-12.439811160899247,-12.135645159723706,False
2017-04-07,True,358,360,4.957488472697238e-05,ok,True,238,240,4.014727110282234e-06,ok,False,1251,1440,,insufficient_minutes,46.0,1265.434,1262.203,0.0025576399102649108,,,,,70.0,1269.37,1250.498,0.015078076906021956,-12.177250339499828,-10.40476960425213,-9.912026208786083,-12.425541180426572,-12.284626682234249,-12.13237260845525,True
2017-04-10,False,328,360,,insufficient_minutes,False,230,240,,insufficient_minutes,False,1327,1440,,insufficient_complete_m5,,,,,,,,,,,,,-12.425541180426572,-10.40476960425213,,,-12.264739993258628,-12.174269347762763,False
2017-04-11,False,342,360,,insufficient_minutes,False,236,240,,insufficient_complete_m5,True,1348,1440,4.5401056623603966e-05,ok,,,,,249.0,1276.202,1252.949,0.018510756944519015,,,,,-12.425541180426572,,,,-12.264739993258628,-12.174269347762763,False
2017-04-12,False,344,360,,insufficient_minutes,False,234,240,,insufficient_minutes,True,1358,1440,6.786118189077296e-05,ok,,,,,260.0,1287.259,1271.588,0.012278292822906564,,,,,,-9.999975179540135,,,-12.264739993258628,-12.174269347762763,False
2017-04-13,False,351,360,,insufficient_minutes,True,239,240,2.8825677119212534e-06,ok,False,1250,1440,,insufficient_minutes,47.0,1288.518,1283.828,0.0036521843410844686,,,,,,,,,,-9.59804638215548,,-12.756829094386557,-12.264739993258628,-12.174269347762763,False
2017-04-14,False,0,360,,insufficient_minutes,False,0,240,,insufficient_minutes,False,0,1440,,insufficient_minutes,,,,,,,,,,,,,-12.756829094386557,-9.59804638215548,,,-12.382616858676652,-12.227111225496296,False
2017-04-17,False,351,360,,insufficient_minutes,False,224,240,,insufficient_minutes,True,1341,1440,2.863785168577206e-05,ok,,,,,250.0,1294.978,1281.236,0.010614509173571372,,,,,-12.756829094386557,,,,-12.382616858676652,-12.227111225496296,False
2017-04-18,False,342,360,,insufficient_minutes,True,238,240,2.7840262265354993e-06,ok,True,1351,1440,6.108958466836968e-05,ok,46.0,1287.292,1282.809,0.003494306844258165,250.0,1292.35,1278.725,0.010618809672352243,,,,,,-10.46078122965694,,-12.791612395085503,-12.382616858676652,-12.227111225496296,False
2017-04-19,False,348,360,,insufficient_minutes,True,238,240,4.205661229123315e-06,ok,True,1342,1440,4.4390077530646955e-05,ok,46.0,1285.358,1280.735,0.003598736588906852,255.0,1289.31,1272.539,0.013007077072224883,,,,,-12.791612395085503,-9.703169170010115,,-12.379079028596394,-12.443658130879813,-12.256575259527267,False
2017-04-20,False,346,360,,insufficient_minutes,False,237,240,,insufficient_complete_m5,True,1349,1440,4.558176970973947e-05,ok,,,,,252.0,1283.429,1276.178,0.00566602122003477,,,,,-12.379079028596394,-10.02249459254074,,,-12.47876413531628,-12.255453836626966,False
2017-04-21,False,342,360,,insufficient_minutes,True,239,240,2.4673459755328325e-06,ok,False,1237,1440,,insufficient_minutes,47.0,1283.149,1278.407,0.0037060685896228222,,,,,,,,,-12.379079028596394,-9.996002708447206,,-12.912367488850352,-12.47876413531628,-12.255453836626966,False
2017-04-24,False,351,360,,insufficient_minutes,False,237,240,,insufficient_complete_m5,True,1361,1440,4.6130280012254005e-05,ok,,,,,261.0,1278.14,1266.574,0.009077039469347162,,,,,-12.912367488850352,-9.996002708447206,,,-12.63045588311029,-12.29328590676274,False
2017-04-25,False,349,360,,insufficient_minutes,True,239,240,3.243332424807199e-06,ok,True,1362,1440,3.3932109329004617e-05,ok,47.0,1272.962,1269.41,0.0027907656456119746,260.0,1277.867,1260.69,0.01344422450923525,,,,,-12.912367488850352,-9.984040990344596,,-12.638909230555619,-12.63045588311029,-12.29328590676274,False
2017-04-26,False,344,360,,insufficient_minutes,False,232,240,,insufficient_minutes,True,1355,1440,5.4335601957087475e-05,ok,,,,,257.0,1270.471,1258.219,0.009694794389173318,,,,,-12.638909230555619,-10.29114881402101,,,-12.678772157056343,-12.371469200491344,False
2017-04-27,True,356,360,3.7564858748300116e-06,ok,False,232,240,,insufficient_minutes,True,1357,1440,3.2035697345641465e-05,ok,,,,,259.0,1268.363,1260.082,0.0065332431307654135,69.0,1268.363,1265.637,0.002150660641766376,-12.638909230555619,-9.820330892885861,-12.492026645338592,,-12.678772157056343,-12.371469200491344,True
2017-04-28,False,334,360,,insufficient_minutes,False,234,240,,insufficient_minutes,False,1219,1440,,insufficient_minutes,,,,,,,,,,,,,-12.638909230555619,-10.348659734867933,,,-12.678772157056343,-12.371469200491344,False
2017-05-01,False,337,360,,insufficient_minutes,False,224,240,,insufficient_minutes,False,1326,1440,,insufficient_complete_m5,,,,,,,,,,,,,,-10.348659734867933,,,-12.678772157056343,-12.371469200491344,False
2017-05-02,False,344,360,,insufficient_minutes,False,236,240,,insufficient_complete_m5,True,1346,1440,1.3248805940767171e-05,ok,,,,,253.0,1257.768,1251.822,0.00473080328976221,,,,,,,,,-12.678772157056343,-12.371469200491344,False
2017-05-03,False,333,360,,insufficient_minutes,False,227,240,,insufficient_minutes,False,1335,1440,,insufficient_complete_m5,,,,,,,,,,,,,,-11.231603127270834,,,-12.678772157056343,-12.371469200491344,False
2017-05-04,False,335,360,,insufficient_minutes,False,234,240,,insufficient_minutes,True,1343,1440,5.1224525978140365e-05,ok,,,,,250.0,1241.22,1224.325,0.013643705079544523,,,,,,-11.231603127270834,,,-12.678772157056343,-12.371469200491344,False
2017-05-05,False,347,360,,insufficient_minutes,True,239,240,3.988790137305642e-06,ok,False,1243,1440,,insufficient_minutes,47.0,1235.623,1231.191,0.0035974420174247172,,,,,,,,,,-9.879292117603153,,-12.432022596777035,-12.678772157056343,-12.371469200491344,False
2017-05-08,False,343,360,,insufficient_minutes,True,238,240,6.523153391675734e-06,ok,True,1346,1440,3.072152347848926e-05,ok,46.0,1236.487,1229.08,0.00602224009119149,251.0,1236.487,1225.744,0.00870016265732767,,,,,-12.432022596777035,-9.879292117603153,,-11.940152649916186,-12.610189303607601,-12.37752395530369,False
2017-05-09,False,340,360,,insufficient_minutes,False,237,240,,insufficient_complete_m5,True,1356,1440,3.964959423892198e-05,ok,,,,,254.0,1228.611,1214.174,0.01175616522798803,,,,,-11.940152649916186,-10.390547058515725,,,-12.408028100418427,-12.398339238215014,False
2017-05-10,False,342,360,,insufficient_minutes,True,238,240,6.30303547180906e-06,ok,True,1347,1440,2.374927340233806e-05,ok,46.0,1225.666,1220.751,0.004023247247574971,250.0,1225.666,1217.476,0.006693456839462322,,,,,-11.940152649916186,-10.135429843506474,,-11.974479219683143,-12.408028100418427,-12.398339238215014,False
2017-05-11,False,335,360,,insufficient_minutes,False,231,240,,insufficient_minutes,False,1324,1440,,insufficient_complete_m5,,,,,,,,,,,,,-11.974479219683143,-10.647958621537382,,,-12.31029348193006,-12.389111782583454,False
2017-05-12,False,332,360,,insufficient_minutes,False,237,240,,insufficient_complete_m5,False,1216,1440,,insufficient_minutes,,,,,,,,,,,,,-11.974479219683143,-10.647958621537382,,,-12.31029348193006,-12.389111782583454,False
2017-05-15,False,339,360,,insufficient_minutes,True,239,240,5.166118122730377e-06,ok,False,1334,1440,,insufficient_complete_m5,47.0,1233.028,1228.702,0.0035122488256983777,,,,,,,,,,,,-12.173388998137716,-12.31029348193006,-12.389111782583454,False
2017-05-16,False,342,360,,insufficient_minutes,True,238,240,1.965986115086759e-06,ok,True,1349,1440,2.2657530072513826e-05,ok,46.0,1235.349,1233.223,0.0017208304666315726,250.0,1244.521,1230.371,0.011489259775005268,,,,,-12.173388998137716,,,-13.13951659878369,-12.19713551895047,-12.360340992887625,False
2017-05-17,False,350,360,,insufficient_minutes,True,238,240,4.4016839094761305e-06,ok,True,1368,1440,5.5263386205856435e-05,ok,46.0,1248.753,1242.051,0.0053894180200523,266.0,1263.144,1240.89,0.017895102086274192,,,,,-13.13951659878369,-10.695018307753042,,-12.333523383554468,-12.24910193940226,-12.39101743603852,False
2017-05-18,True,360,360,6.907178568265235e-06,ok,True,240,240,1.3361986165989837e-05,ok,True,1379,1440,7.794941513035882e-05,ok,48.0,1265.018,1253.742,0.00897941566906447,275.0,1265.018,1245.839,0.015215511428095492,72.0,1262.993,1257.643,0.004244381153360922,-12.333523383554468,-9.80339996264361,-11.882949314960813,-11.223096735786338,-12.232006971285447,-12.38695077860952,True
2017-05-19,False,351,360,,insufficient_minutes,True,240,240,7.090969624606231e-06,ok,False,1248,1440,,insufficient_minutes,48.0,1254.508,1247.927,0.005263829349867989,,,,,,,,,-11.223096735786338,-9.459450465627075,,-11.856688467306048,-11.9845685242243,-12.285018599526198,False
2017-05-22,False,345,360,,insufficient_minutes,True,239,240,3.2161911745929317e-06,ok,True,1356,1440,2.377005323984735e-05,ok,47.0,1256.665,1253.345,0.0026471025588790447,255.0,1263.51,1251.678,0.009412640718262671,,,,,-11.856688467306048,-9.459450465627075,,-12.647312763578217,-11.959626905365644,-12.275049681191616,False
2017-05-23,False,330,360,,insufficient_minutes,True,239,240,4.70849643924365e-06,ok,True,1346,1440,3.618831021840622e-05,ok,47.0,1262.222,1258.024,0.0033262801087578647,255.0,1263.8,1249.247,0.011521082996051486,,,,,-12.647312763578217,-10.647084036803037,,-12.266141928236644,-12.022524608179351,-12.26024505536,False
2017-05-24,False,337,360,,insufficient_minutes,True,238,240,3.941352735807727e-06,ok,True,1348,1440,5.523216579555749e-05,ok,46.0,1253.209,1249.09,0.0032951406874677388,252.0,1258.928,1247.749,0.008934854845574304,,,,,-12.266141928236644,-10.226774413426606,,-12.443986559618697,-11.935150418528496,-12.248094792318236,False
2017-05-25,False,340,360,,insufficient_minutes,True,239,240,4.053545703962639e-06,ok,True,1344,1440,2.456320213641713e-05,ok,47.0,1259.329,1255.57,0.0029883875029911816,252.0,1259.679,1252.96,0.005341660780292738,,,,,-12.443986559618697,-9.803965060705284,,-12.415918577397154,-11.949293297245168,-12.264526545883541,False
2017-05-26,False,341,360,,insufficient_minutes,True,239,240,9.50408557097718e-06,ok,False,1237,1440,,insufficient_minutes,47.0,1267.209,1260.887,0.005012137904352454,,,,,,,,,-12.415918577397154,-10.614261083036808,,-11.563788791704258,-12.288995417220129,-12.264222173088651,False
2017-05-29,False,334,360,,insufficient_minutes,False,226,240,,insufficient_minutes,False,1080,1440,,insufficient_minutes,,,,,,,,,,,,,-11.563788791704258,-10.614261083036808,,,-12.189267776649347,-12.2164334974435,False
2017-05-30,False,336,360,,insufficient_minutes,True,239,240,6.182302717703082e-06,ok,False,1332,1440,,insufficient_complete_m5,47.0,1268.818,1261.554,0.0057276812431843,,,,,,,,,-11.563788791704258,,,-11.993819747853243,-12.189267776649347,-12.2164334974435,False
2017-05-31,False,332,360,,insufficient_minutes,True,238,240,2.7369793445061596e-06,ok,True,1340,1440,3.3229960992067244e-05,ok,46.0,1265.264,1261.609,0.00289633192043049,247.0,1274.113,1259.473,0.011596572357383626,,,,,-11.993819747853243,,,-12.80865567469849,-12.07891913757231,-12.206019067373816,False
2017-06-01,False,339,360,,insufficient_minutes,False,237,240,,insufficient_complete_m5,True,1344,1440,3.371107691003612e-05,ok,,,,,247.0,1270.337,1261.371,0.00706699855128886,,,,,-12.80865567469849,-10.312058649475462,,,-12.150892802793368,-12.218878185663472,False
2017-06-02,False,321,360,,insufficient_minutes,False,234,240,,insufficient_minutes,False,1210,1440,,insufficient_minutes,,,,,,,,,,,,,-12.80865567469849,-10.297684082920771,,,-12.150892802793368,-12.218878185663472,False
2017-06-05,False,340,360,,insufficient_minutes,True,237,240,2.335681927317151e-06,ok,False,1327,1440,,insufficient_complete_m5,46.0,1282.014,1279.286,0.0021308704387029793,,,,,,,,,,-10.297684082920771,,-12.967206663520297,-12.150892802793368,-12.218878185663472,False
2017-06-06,False,326,360,,insufficient_minutes,False,235,240,,insufficient_minutes,True,1339,1440,2.8374949384525415e-05,ok,,,,,253.0,1296.01,1279.562,0.01284552413768335,,,,,-12.967206663520297,,,,-12.213597072584383,-12.224432924541276,False
2017-06-07,False,318,360,,insufficient_minutes,False,236,240,,insufficient_complete_m5,False,1330,1440,,insufficient_complete_m5,,,,,,,,,,,,,-12.967206663520297,-10.47000386596957,,,-12.213597072584383,-12.224432924541276,False
2017-06-08,False,334,360,,insufficient_minutes,False,231,240,,insufficient_minutes,True,1337,1440,4.703951706726167e-05,ok,,,,,245.0,1288.942,1271.157,0.013843117048088648,,,,,-12.967206663520297,-10.47000386596957,,,-12.213597072584383,-12.224432924541276,False
2017-06-09,False,354,360,,insufficient_complete_m5,False,233,240,,insufficient_minutes,False,1243,1440,,insufficient_minutes,,,,,,,,,,,,,-12.967206663520297,-9.964522520853864,,,-12.213597072584383,-12.224432924541276,False
2017-06-12,False,341,360,,insufficient_minutes,False,237,240,,insufficient_complete_m5,True,1348,1440,2.709884570838066e-05,ok,,,,,253.0,1270.289,1263.219,0.005575837302272636,,,,,,-9.964522520853864,,,-12.213597072584383,-12.224432924541276,False
2017-06-13,False,312,360,,insufficient_minutes,False,236,240,,insufficient_complete_m5,False,1305,1440,,insufficient_complete_m5,,,,,,,,,,,,,,-10.516019424772452,,,-12.213597072584383,-12.224432924541276,False
2017-06-14,False,335,360,,insufficient_minutes,False,222,240,,insufficient_minutes,True,1336,1440,9.407279367693697e-05,ok,,,,,247.0,1280.887,1257.052,0.018805297515822987,,,,,,-10.516019424772452,,,-12.213597072584383,-12.224432924541276,False
2017-06-15,False,348,360,,insufficient_minutes,True,238,240,6.685217473270192e-06,ok,True,1347,1440,3.268090007534237e-05,ok,46.0,1263.0,1256.734,0.004968051764150009,252.0,1266.666,1251.297,0.012164186842036462,,,,,,-9.271441674569393,,-11.915611816410681,-12.213597072584383,-12.224432924541276,False
2017-06-16,False,333,360,,insufficient_minutes,False,233,240,,insufficient_minutes,False,1209,1440,,insufficient_minutes,,,,,,,,,,,,,-11.915611816410681,-10.328719746266609,,,-12.112791175483933,-12.185467245879963,False
2017-06-19,False,326,360,,insufficient_minutes,False,229,240,,insufficient_minutes,False,1326,1440,,insufficient_complete_m5,,,,,,,,,,,,,-11.915611816410681,-10.328719746266609,,,-12.112791175483933,-12.185467245879963,False
2017-06-20,False,306,360,,insufficient_minutes,False,222,240,,insufficient_minutes,False,1280,1440,,insufficient_minutes,,,,,,,,,,,,,,,,,-12.112791175483933,-12.185467245879963,False
2017-06-21,False,319,360,,insufficient_minutes,False,237,240,,insufficient_complete_m5,False,1318,1440,,insufficient_complete_m5,,,,,,,,,,,,,,,,,-12.112791175483933,-12.185467245879963,False
2017-06-22,False,342,360,,insufficient_minutes,False,235,240,,insufficient_minutes,True,1347,1440,2.2613306754180822e-05,ok,,,,,250.0,1254.68,1246.501,0.006548614394381345,,,,,,,,,-12.112791175483933,-12.185467245879963,False
2017-06-23,False,335,360,,insufficient_minutes,False,234,240,,insufficient_minutes,False,1207,1440,,insufficient_minutes,,,,,,,,,,,,,,-10.696972030524686,,,-12.112791175483933,-12.185467245879963,False
2017-06-26,False,326,360,,insufficient_minutes,False,235,240,,insufficient_minutes,False,1313,1440,,insufficient_complete_m5,,,,,,,,,,,,,,-10.696972030524686,,,-12.112791175483933,-12.185467245879963,False
2017-06-27,False,333,360,,insufficient_minutes,False,236,240,,insufficient_complete_m5,True,1338,1440,3.3209670708017296e-05,ok,,,,,246.0,1253.127,1241.261,0.009545306823776216,,,,,,,,,-12.112791175483933,-12.185467245879963,False
2017-06-28,False,346,360,,insufficient_minutes,True,240,240,5.016813014796705e-06,ok,True,1339,1440,2.431249094329572e-05,ok,48.0,1254.481,1249.414,0.00404987735273737,249.0,1254.747,1247.477,0.005819519645481572,,,,,,-10.312669438071412,,-12.20271568347828,-12.112791175483933,-12.185467245879963,False
2017-06-29,False,330,360,,insufficient_minutes,True,238,240,1.3904367559334158e-05,ok,True,1341,1440,4.649110248658366e-05,ok,46.0,1251.696,1243.848,0.006270148484594239,250.0,1253.176,1239.687,0.010793181628146954,,,,,-12.20271568347828,-10.624520309097937,,-11.183307554280425,-12.291325810059341,-12.177552562753506,False
2017-06-30,True,357,360,6.435906002019766e-06,ok,False,236,240,,insufficient_complete_m5,False,1243,1440,,insufficient_minutes,,,,,,,,,69.0,1248.214,1243.661,0.00365251014808982,-11.183307554280425,-9.976249608054179,-11.953617933971904,,-12.001368155411608,-12.072153049297686,True
2017-07-03,False,332,360,,insufficient_minutes,True,238,240,2.4776395380222e-06,ok,False,1330,1440,,insufficient_complete_m5,46.0,1236.64,1233.366,0.0026475403307162104,,,,,,,,,-11.183307554280425,-9.976249608054179,,-12.908204250220448,-12.001368155411608,-12.072153049297686,False
2017-07-04,False,343,360,,insufficient_minutes,False,233,240,,insufficient_minutes,False,1084,1440,,insufficient_minutes,,,,,,,,,,,,,-12.908204250220448,,,,-12.009857404098218,-12.078872788632022,False
2017-07-05,False,348,360,,insufficient_minutes,True,240,240,1.0029271924668528e-05,ok,True,1364,1440,5.21757908590972e-05,ok,48.0,1226.277,1215.973,0.008405222429642836,263.0,1229.152,1215.973,0.010743917873716848,,,,,-12.908204250220448,,,-11.51000254838905,-12.009857404098218,-12.078872788632022,False
2017-07-06,False,345,360,,insufficient_minutes,False,235,240,,insufficient_minutes,True,1344,1440,3.2851922983650495e-05,ok,,,,,249.0,1227.936,1218.058,0.008052633145006441,,,,,-11.51000254838905,-9.86089194729898,,,-11.78438491829404,-12.027049205502527,False
2017-07-07,False,345,360,,insufficient_minutes,False,220,240,,insufficient_minutes,False,1211,1440,,insufficient_minutes,,,,,,,,,,,,,-11.51000254838905,-10.323500276431872,,,-11.78438491829404,-12.027049205502527,False
2017-07-10,False,315,360,,insufficient_minutes,False,227,240,,insufficient_minutes,False,1303,1440,,insufficient_complete_m5,,,,,,,,,,,,,,-10.323500276431872,,,-11.78438491829404,-12.027049205502527,False
2017-07-11,False,340,360,,insufficient_minutes,False,225,240,,insufficient_minutes,False,1328,1440,,insufficient_complete_m5,,,,,,,,,,,,,,,,,-11.78438491829404,-12.027049205502527,False
2017-07-12,False,347,360,,insufficient_minutes,False,234,240,,insufficient_minutes,True,1341,1440,4.439056741959236e-05,ok,,,,,245.0,1225.745,1213.255,0.010253997848220129,,,,,,,,,-11.78438491829404,-12.027049205502527,False
2017-07-13,False,331,360,,insufficient_minutes,False,233,240,,insufficient_minutes,False,1321,1440,,insufficient_complete_m5,,,,,,,,,,,,,,-10.022483556600514,,,-11.78438491829404,-12.027049205502527,False
2017-07-14,False,320,360,,insufficient_minutes,False,225,240,,insufficient_minutes,False,1193,1440,,insufficient_minutes,,,,,,,,,,,,,,-10.022483556600514,,,-11.78438491829404,-12.027049205502527,False
2017-07-17,False,326,360,,insufficient_minutes,False,230,240,,insufficient_minutes,False,1299,1440,,insufficient_complete_m5,,,,,,,,,,,,,,,,,-11.78438491829404,-12.027049205502527,False
2017-07-18,False,343,360,,insufficient_minutes,True,239,240,3.0406690014518396e-06,ok,True,1338,1440,1.9475933702029222e-05,ok,47.0,1238.373,1235.14,0.0026129940078138845,245.0,1244.538,1232.72,0.009585063586815455,,,,,,,,-12.70343300049012,-11.78438491829404,-12.027049205502527,False
2017-07-19,False,318,360,,insufficient_minutes,False,232,240,,insufficient_minutes,False,1289,1440,,insufficient_minutes,,,,,,,,,,,,,-12.70343300049012,-10.846331023735194,,,-11.884895033704623,-12.0565980799722,False
2017-07-20,False,329,360,,insufficient_minutes,False,231,240,,insufficient_minutes,False,1309,1440,,insufficient_complete_m5,,,,,,,,,,,,,-12.70343300049012,-10.846331023735194,,,-11.884895033704623,-12.0565980799722,False
2017-07-21,False,324,360,,insufficient_minutes,False,224,240,,insufficient_minutes,False,1198,1440,,insufficient_minutes,,,,,,,,,,,,,-12.70343300049012,-10.846331023735194,,,-11.884895033704623,-12.0565980799722,False
2017-07-24,False,328,360,,insufficient_minutes,False,237,240,,insufficient_complete_m5,False,1323,1440,,insufficient_complete_m5,,,,,,,,,,,,,,,,,-11.884895033704623,-12.0565980799722,False
2017-07-25,False,332,360,,insufficient_minutes,True,238,240,7.134355066241674e-06,ok,False,1339,1440,,insufficient_complete_m5,47.0,1257.24,1248.763,0.006744295950240104,,,,,,,,,,,,-11.850588701276248,-11.884895033704623,-12.0565980799722,False
2017-07-26,False,331,360,,insufficient_minutes,True,237,240,4.005706757387887e-06,ok,True,1337,1440,4.3485935005400905e-05,ok,46.0,1247.935,1244.186,0.0030104917524651654,249.0,1263.433,1243.675,0.01584750843688531,,,,,-11.850588701276248,,,-12.427790524251712,-11.825274532554875,-12.049464589271823,False
2017-07-27,False,354,360,,insufficient_complete_m5,False,237,240,,insufficient_complete_m5,True,1364,1440,4.038585349037714e-05,ok,,,,,261.0,1265.289,1254.39,0.008647169081550594,,,,,-12.427790524251712,-10.043073005362263,,,-12.140747847797622,-12.059436111191877,False
2017-07-28,False,330,360,,insufficient_minutes,False,236,240,,insufficient_complete_m5,False,1217,1440,,insufficient_minutes,,,,,,,,,,,,,-12.427790524251712,-10.117030995447172,,,-12.140747847797622,-12.059436111191877,False
2017-07-31,False,339,360,,insufficient_minutes,False,235,240,,insufficient_minutes,False,1335,1440,,insufficient_complete_m5,,,,,,,,,,,,,,-10.117030995447172,,,-12.140747847797622,-12.059436111191877,False
2017-08-01,False,331,360,,insufficient_minutes,False,230,240,,insufficient_minutes,False,1329,1440,,insufficient_complete_m5,,,,,,,,,,,,,,,,,-12.140747847797622,-12.059436111191877,False
2017-08-02,False,341,360,,insufficient_minutes,False,236,240,,insufficient_complete_m5,True,1341,1440,4.752540106862893e-05,ok,,,,,245.0,1272.789,1254.996,0.014035245480726596,,,,,,,,,-12.140747847797622,-12.059436111191877,False
2017-08-03,False,337,360,,insufficient_minutes,False,236,240,,insufficient_complete_m5,True,1345,1440,2.835304908929647e-05,ok,,,,,248.0,1270.806,1259.76,0.008745580101311322,,,,,,-9.954246230516944,,,-12.140747847797622,-12.059436111191877,False
2017-08-04,False,336,360,,insufficient_minutes,False,223,240,,insufficient_minutes,False,1207,1440,,insufficient_minutes,,,,,,,,,,,,,,-10.470775981923108,,,-12.140747847797622,-12.059436111191877,False
2017-08-07,False,310,360,,insufficient_minutes,False,232,240,,insufficient_minutes,False,1280,1440,,insufficient_minutes,,,,,,,,,,,,,,-10.470775981923108,,,-12.140747847797622,-12.059436111191877,False
2017-08-08,False,329,360,,insufficient_minutes,False,216,240,,insufficient_minutes,False,1317,1440,,insufficient_complete_m5,,,,,,,,,,,,,,,,,-12.140747847797622,-12.059436111191877,False
2017-08-09,False,347,360,,insufficient_minutes,True,238,240,7.481662939169037e-06,ok,True,1359,1440,4.63417258694836e-05,ok,46.0,1269.08,1266.303,0.0021927573469608685,261.0,1278.698,1261.135,0.013917322561665437,,,,,,,,-11.803055472616162,-12.140747847797622,-12.059436111191877,False
2017-08-10,False,353,360,,insufficient_complete_m5,True,238,240,3.2419938335766617e-06,ok,True,1367,1440,3.3043612895814194e-05,ok,47.0,1281.276,1277.693,0.0028023078565513108,266.0,1287.796,1274.497,0.010422446465349403,,,,,-11.803055472616162,-9.979467796030704,,-12.639322036695578,-11.968894736104048,-12.012901998616528,False
2017-08-11,False,343,360,,insufficient_minutes,True,238,240,3.4135758528219115e-06,ok,False,1239,1440,,insufficient_minutes,46.0,1288.955,1284.75,0.003271287778803321,,,,,,,,,-12.639322036695578,-10.31768226614276,,-12.587750178913579,-12.209904473702574,-12.0225077910127,False
2017-08-14,False,348,360,,insufficient_minutes,False,237,240,,insufficient_complete_m5,True,1357,1440,2.9218572716425903e-05,ok,,,,,259.0,1289.516,1278.504,0.008544740391046933,,,,,-12.587750178913579,-10.31768226614276,,,-12.195041930217492,-12.10893796568912,False
2017-08-15,False,350,360,,insufficient_minutes,False,235,240,,insufficient_minutes,True,1350,1440,3.8007781827479876e-05,ok,,,,,256.0,1279.571,1267.146,0.009711974493267436,,,,,-12.587750178913579,-10.440705998952941,,,-12.195041930217492,-12.10893796568912,False
2017-08-16,False,330,360,,insufficient_minutes,False,234,240,,insufficient_minutes,True,1341,1440,3.129661818892874e-05,ok,,,,,250.0,1284.105,1266.819,0.013579384724881207,,,,,,-10.17771963426978,,,-12.195041930217492,-12.10893796568912,False
2017-08-17,False,347,360,,insufficient_minutes,True,240,240,4.429298159868184e-06,ok,True,1365,1440,6.095645310883789e-05,ok,48.0,1290.116,1283.564,0.005087335702039832,265.0,1290.116,1280.0,0.007884915772637552,,,,,,-10.372000511337605,,-12.327269415382078,-12.195041930217492,-12.10893796568912,False
2017-08-18,False,343,360,,insufficient_minutes,True,239,240,1.445557531246951e-05,ok,False,1242,1440,,insufficient_minutes,47.0,1297.92,1288.751,0.007113166767260113,,,,,,,,,-12.327269415382078,-9.705350832188772,,-11.144430383047952,-12.30822774656413,-12.133387336631118,False
2017-08-21,False,346,360,,insufficient_minutes,True,240,240,2.895688849300213e-06,ok,True,1355,1440,2.7291505925497927e-05,ok,48.0,1289.166,1286.544,0.0020375445955721433,257.0,1293.736,1281.509,0.009524837062343076,,,,,-11.144430383047952,-9.705350832188772,,-12.752287530753042,-11.927771251447819,-12.0339816523399,False
2017-08-22,False,332,360,,insufficient_minutes,True,239,240,2.636598719644555e-06,ok,True,1338,1440,3.466954116246874e-05,ok,47.0,1286.897,1282.944,0.003076019228038211,247.0,1291.684,1281.827,0.007630269807486032,,,,,-12.752287530753042,-10.50893504244706,,-12.846020835231188,-12.077287880056202,-12.049361390068137,False
2017-08-23,False,338,360,,insufficient_minutes,False,235,240,,insufficient_minutes,True,1336,1440,1.723358494175625e-05,ok,,,,,246.0,1291.376,1282.674,0.006780479822968855,,,,,-12.846020835231188,-10.269649032780395,,,-12.098807416802773,-12.060579079757328,False
2017-08-24,False,332,360,,insufficient_minutes,False,236,240,,insufficient_complete_m5,False,1333,1440,,insufficient_complete_m5,,,,,,,,,,,,,-12.846020835231188,-10.968650465122671,,,-12.098807416802773,-12.060579079757328,False
2017-08-25,False,330,360,,insufficient_minutes,True,238,240,2.713402352691078e-06,ok,False,1223,1440,,insufficient_minutes,46.0,1288.467,1285.823,0.0020551118186029633,,,,,,,,,-12.846020835231188,-10.968650465122671,,-12.81730722983172,-12.098807416802773,-12.060579079757328,False
2017-08-28,False,341,360,,insufficient_minutes,False,235,240,,insufficient_minutes,True,1353,1440,5.451164437940292e-05,ok,,,,,254.0,1324.513,1291.723,0.02536499406486984,,,,,-12.81730722983172,,,,-12.124287577486333,-12.072233548493353,False
2017-08-29,False,356,360,,insufficient_complete_m5,True,240,240,1.710432552068679e-05,ok,True,1376,1440,6.854154871103846e-05,ok,48.0,1325.952,1318.732,0.0054661274228496445,272.0,1325.952,1304.9,0.01597677705785807,,,,,-12.81730722983172,-9.8170962207791,,-10.976179172017108,-12.124287577486333,-12.072233548493353,False
2017-08-30,False,352,360,,insufficient_minutes,False,237,240,,insufficient_complete_m5,True,1366,1440,3.388525266794035e-05,ok,,,,,266.0,1313.656,1303.4,0.007835437477319067,,,,,-10.976179172017108,-9.588070446047405,,,-11.740941096747209,-12.00786850516614,False
2017-08-31,False,348,360,,insufficient_minutes,True,240,240,5.574911587354521e-06,ok,True,1367,1440,4.398844838718511e-05,ok,48.0,1308.161,1303.395,0.0036545114161308997,267.0,1323.581,1296.626,0.020619921039204184,,,,,-10.976179172017108,-10.29253066277303,,-12.097234099514333,-11.740941096747209,-12.00786850516614,False
2017-09-01,False,347,360,,insufficient_minutes,False,236,240,,insufficient_complete_m5,False,1242,1440,,insufficient_minutes,,,,,,,,,,,,,-12.097234099514333,-10.031583495169677,,,-11.993385911712675,-12.012862792509322,False
2017-09-04,False,355,360,,insufficient_complete_m5,True,238,240,4.635900182030667e-06,ok,False,1126,1440,,insufficient_minutes,46.0,1339.703,1331.088,0.006441468251001183,,,,,,,,,-12.097234099514333,-10.031583495169677,,-12.28168016377321,-11.993385911712675,-12.012862792509322,False
2017-09-05,False,356,360,,insufficient_complete_m5,True,240,240,6.23731200612848e-06,ok,True,1373,1440,4.519105172604429e-05,ok,48.0,1335.881,1329.199,0.0050021915468053514,269.0,1344.336,1324.5,0.014879430927027714,,,,,-12.28168016377321,,,-11.984961236638874,-11.938640066314614,-11.997331061895032,False
2017-09-06,False,351,360,,insufficient_minutes,True,240,240,6.385750804883039e-06,ok,True,1370,1440,3.953862812670882e-05,ok,48.0,1341.857,1336.199,0.00422791432233991,268.0,1342.451,1331.467,0.008186241465056938,,,,,-11.984961236638874,-10.004611461387604,,-11.96144148653093,-11.834071897813756,-11.966156262700173,False
2017-09-07,False,349,360,,insufficient_minutes,True,238,240,3.739132261745095e-06,ok,True,1366,1440,4.116768794255276e-05,ok,46.0,1340.394,1335.642,0.00355748402332574,264.0,1349.633,1332.486,0.012858363035224531,,,,,-11.96144148653093,-10.138232436658093,,-12.49665698903379,-11.737615208496685,-11.968514927396404,False
2017-09-08,True,358,360,1.0723363409277908e-05,ok,True,240,240,5.178386392476507e-06,ok,False,1256,1440,,insufficient_minutes,48.0,1355.527,1350.432,0.003760261380602681,,,,,70.0,1357.527,1347.464,0.007459008069782532,-12.49665698903379,-10.097856882550953,-11.443085700665652,-12.17101705746526,-12.145052550219528,-11.97864119457553,True
2017-09-11,False,351,360,,insufficient_minutes,True,238,240,4.328169531030576e-06,ok,True,1361,1440,3.0526667204979815e-05,ok,46.0,1339.026,1334.222,0.0035969310780386444,261.0,1339.026,1326.297,0.009515166782656698,,,,,-12.17101705746526,-10.097856882550953,,-12.350365846431568,-12.1600871098087,-12.05068424288976,False
2017-09-12,False,353,360,,insufficient_complete_m5,True,237,240,6.430169096261517e-06,ok,True,1368,1440,3.109218369094504e-05,ok,46.0,1328.588,1322.504,0.004586777280072783,267.0,1334.705,1322.504,0.00919202679632893,,,,,-12.350365846431568,-10.396909921769241,,-11.954509722041635,-12.171912755371222,-12.034966353229198,False
2017-09-13,False,337,360,,insufficient_minutes,True,237,240,3.3768399902950453e-06,ok,True,1350,1440,3.003099957779673e-05,ok,46.0,1334.607,1329.799,0.0036143378255713596,255.0,1334.607,1319.6,0.011275726719723064,,,,,-11.954509722041635,-10.37855409863276,,-12.598570199888021,-12.164485193529625,-12.065766640512463,False
2017-09-14,False,348,360,,insufficient_minutes,False,234,240,,insufficient_minutes,True,1359,1440,5.922554753663954e-05,ok,,,,,258.0,1334.348,1315.384,0.014339736207531418,,,,,-12.598570199888021,-10.413280390549083,,,-12.287165689502096,-12.062849264191671,False
2017-09-15,False,348,360,,insufficient_minutes,True,239,240,1.1224995857760633e-05,ok,False,1245,1440,,insufficient_minutes,47.0,1329.918,1322.277,0.005745164618026516,,,,,,,,,-12.598570199888021,-9.734157562936588,,-11.397367493355121,-12.287165689502096,-12.062849264191671,False
2017-09-18,False,346,360,,insufficient_minutes,True,239,240,3.966423980999973e-06,ok,True,1356,1440,2.553913266549438e-05,ok,47.0,1316.429,1312.269,0.0031631721598269396,260.0,1319.67,1304.519,0.01151051262084296,,,,,-11.397367493355121,-9.734157562936588,,-12.437645629647061,-12.00595829457923,-12.028015200422228,False
2017-09-19,False,353,360,,insufficient_complete_m5,True,240,240,4.771200140062236e-06,ok,True,1366,1440,2.576525031462464e-05,ok,48.0,1309.739,1306.709,0.0023169530614367043,266.0,1311.653,1305.013,0.005072950401977916,,,,,-12.437645629647061,-10.575298667784049,,-12.252912683020226,-12.046453569029007,-12.028344009808897,False
2017-09-20,False,337,360,,insufficient_minutes,False,237,240,,insufficient_complete_m5,True,1350,1440,9.318614184489705e-05,ok,,,,,253.0,1316.021,1295.794,0.015430593036894246,,,,,-12.252912683020226,-10.56648386093438,,,-12.031459755462445,-12.051296586161296,False
2017-09-21,False,351,360,,insufficient_minutes,True,239,240,8.079957413475775e-06,ok,True,1368,1440,4.723387031906641e-05,ok,47.0,1298.483,1293.166,0.004107516980105934,267.0,1300.873,1288.001,0.009909565209358097,,,,,-12.252912683020226,-9.280911539979897,,-11.726123956054593,-12.031459755462445,-12.051296586161296,False
2017-09-22,False,351,360,,insufficient_minutes,True,240,240,5.628229809035284e-06,ok,False,1250,1440,,insufficient_minutes,48.0,1297.994,1294.964,0.0023344351918801504,,,,,,,,,-11.726123956054593,-9.9603993312128,,-12.087715586383863,-11.977522380626537,-12.010689974229983,False
2017-09-25,False,349,360,,insufficient_minutes,True,240,240,6.0501540301053595e-06,ok,True,1362,1440,5.53269777669331e-05,ok,48.0,1296.47,1290.699,0.004466671594375723,260.0,1312.019,1290.643,0.01654428979750735,,,,,-12.087715586383863,-9.9603993312128,,-12.015426826724065,-11.90831726360917,-11.99263792904859,False
2017-09-26,True,358,360,6.257952936535112e-06,ok,True,239,240,9.623892967760361e-06,ok,True,1370,1440,5.997246098886092e-05,ok,47.0,1309.563,1300.208,0.007143506205419915,268.0,1313.654,1290.592,0.017624727503386426,70.0,1313.654,1307.92,0.00438210855539055,-12.015426826724065,-9.802249924506453,-11.98165743327397,-11.551261700741899,-12.075185958980995,-11.979629552986575,True
2017-09-27,False,345,360,,insufficient_minutes,True,239,240,7.5570615266036275e-06,ok,True,1362,1440,4.245820113851227e-05,ok,47.0,1293.246,1284.442,0.0068130971810462845,262.0,1296.213,1281.23,0.011584984906967497,,,,,-11.551261700741899,-9.721625084626336,,-11.793028130288379,-11.894085322514545,-12.018917443861621,False
2017-09-28,False,352,360,,insufficient_minutes,True,240,240,1.0624412836964889e-05,ok,True,1367,1440,3.240766434532865e-05,ok,48.0,1285.63,1278.731,0.005387556143153368,263.0,1288.663,1277.552,0.008655732290064881,,,,,-11.793028130288379,-10.06699046861319,,-11.452356107084121,-11.815672560590272,-11.980988465087096,False
2017-09-29,False,348,360,,insufficient_minutes,False,233,240,,insufficient_minutes,False,1240,1440,,insufficient_minutes,,,,,,,,,,,,,-11.452356107084121,-10.337115609272276,,,-11.749059245897097,-11.91916115773987,False
2017-10-02,False,351,360,,insufficient_minutes,True,238,240,4.995620239767169e-06,ok,True,1366,1440,3.261152172191259e-05,ok,46.0,1274.788,1271.06,0.0029252063651486657,265.0,1277.863,1268.675,0.0071900166134146095,,,,,-11.452356107084121,-10.337115609272276,,-12.206948981446919,-11.749059245897097,-11.91916115773987,False
2017-10-03,False,331,360,,insufficient_minutes,False,237,240,,insufficient_complete_m5,False,1334,1440,,insufficient_complete_m5,,,,,,,,,,,,,-12.206948981446919,-10.330844904979708,,,-11.765211009172134,-11.902176389969576,False
2017-10-04,False,343,360,,insufficient_minutes,False,236,240,,insufficient_complete_m5,True,1352,1440,3.079496906603657e-05,ok,,,,,253.0,1282.135,1270.44,0.009190605856997424,,,,,-12.206948981446919,-10.330844904979708,,,-11.765211009172134,-11.902176389969576,False
2017-10-05,False,326,360,,insufficient_minutes,False,237,240,,insufficient_complete_m5,False,1325,1440,,insufficient_complete_m5,,,,,,,,,,,,,-12.206948981446919,-10.388159223338304,,,-11.765211009172134,-11.902176389969576,False
2017-10-06,False,341,360,,insufficient_minutes,False,231,240,,insufficient_minutes,False,1230,1440,,insufficient_minutes,,,,,,,,,,,,,-12.206948981446919,-10.388159223338304,,,-11.765211009172134,-11.902176389969576,False
2017-10-09,False,346,360,,insufficient_minutes,False,232,240,,insufficient_minutes,False,1327,1440,,insufficient_complete_m5,,,,,,,,,,,,,,,,,-11.765211009172134,-11.902176389969576,False
2017-10-10,False,352,360,,insufficient_minutes,True,240,240,4.990524173061047e-06,ok,True,1362,1440,2.7483266789573412e-05,ok,48.0,1291.859,1286.006,0.004545793451820521,261.0,1294.192,1281.998,0.009501065500005812,,,,,,,,-12.207969609016043,-11.765211009172134,-11.902176389969576,False
2017-10-11,False,353,360,,insufficient_complete_m5,True,239,240,2.6491625138102953e-06,ok,True,1366,1440,2.885579316476839e-05,ok,47.0,1290.504,1286.982,0.002732919929403398,264.0,1293.485,1284.39,0.007051592927318041,,,,,-12.207969609016043,-10.501933218870214,,-12.841267000439363,-11.792863950022419,-11.99581946053235,False
2017-10-12,True,355,360,3.498788559547447e-06,ok,False,235,240,,insufficient_minutes,True,1359,1440,1.8478194605458804e-05,ok,,,,,261.0,1297.44,1289.391,0.006227740797853351,69.0,1296.42,1291.735,0.003624918081493863,-12.841267000439363,-10.453199782230131,-12.563093775227868,,-11.996889081709483,-12.019814715144985,True
2017-10-13,False,352,360,,insufficient_minutes,False,235,240,,insufficient_minutes,False,1241,1440,,insufficient_minutes,,,,,,,,,,,,,-12.841267000439363,-10.898919191032961,,,-11.996889081709483,-12.019814715144985,False
2017-10-16,False,339,360,,insufficient_minutes,False,236,240,,insufficient_complete_m5,True,1343,1440,3.5146198120498365e-05,ok,,,,,250.0,1306.019,1289.981,0.012295119670044931,,,,,,-10.898919191032961,,,-11.996889081709483,-12.019814715144985,False
2017-10-17,False,347,360,,insufficient_minutes,True,239,240,4.662149459522682e-06,ok,True,1358,1440,3.0961699952952116e-05,ok,47.0,1290.771,1287.313,0.0026812478580255663,258.0,1295.224,1281.144,0.010872465134560213,,,,,,-10.255994107136479,,-12.276033958764916,-11.996889081709483,-12.019814715144985,False
2017-10-18,False,351,360,,insufficient_minutes,True,239,240,4.348419165572937e-06,ok,True,1363,1440,2.4377547075228157e-05,ok,47.0,1283.944,1279.195,0.0037014549391313884,262.0,1288.764,1276.849,0.009264579758195605,,,,,-12.276033958764916,-10.38275960270905,,-12.345698189126294,-12.095538245492836,-12.019596854264812,False
2017-10-19,False,348,360,,insufficient_minutes,True,240,240,1.3076079694399625e-05,ok,True,1360,1440,4.498863940112233e-05,ok,48.0,1287.809,1279.985,0.006106286376558283,263.0,1291.062,1275.877,0.011858834187179765,,,,,-12.345698189126294,-10.621848051145651,,-11.244725974413049,-12.350133539791964,-12.035396532873245,False
2017-10-20,False,352,360,,insufficient_minutes,False,237,240,,insufficient_complete_m5,False,1249,1440,,insufficient_minutes,,,,,,,,,,,,,-11.244725974413049,-10.009100557819615,,,-12.03291511692536,-11.98052413979286,False
2017-10-23,False,355,360,,insufficient_complete_m5,True,238,240,2.530251095590981e-06,ok,True,1372,1440,2.9437388052171874e-05,ok,46.0,1276.582,1273.824,0.002162290145938935,268.0,1283.259,1272.417,0.008502299079074516,,,,,-11.244725974413049,-10.009100557819615,,-12.887192012880368,-12.03291511692536,-11.98052413979286,False
2017-10-24,False,350,360,,insufficient_minutes,False,237,240,,insufficient_complete_m5,True,1358,1440,2.3712557424588163e-05,ok,,,,,256.0,1283.636,1273.54,0.007870096633966844,,,,,-12.887192012880368,-10.433244989093488,,,-12.11930569435056,-11.990218800362578,False
2017-10-25,False,351,360,,insufficient_minutes,True,240,240,4.655383676740005e-06,ok,True,1368,1440,3.836787389167927e-05,ok,48.0,1273.947,1271.183,0.002170955691768195,266.0,1279.952,1270.652,0.007289106743481799,,,,,-12.887192012880368,-10.649505801004938,,-12.277486228131254,-12.11930569435056,-11.990218800362578,False
2017-10-26,False,349,360,,insufficient_minutes,True,239,240,4.3097757928268415e-06,ok,True,1365,1440,3.332812370651204e-05,ok,47.0,1280.298,1276.491,0.0029732419935482256,264.0,1282.511,1265.467,0.013322822446657603,,,,,-12.277486228131254,-10.168290065934432,,-12.354624675427507,-12.048307371649173,-11.99444234041882,False
2017-10-27,False,354,360,,insufficient_complete_m5,True,240,240,4.435337996212811e-06,ok,False,1248,1440,,insufficient_minutes,48.0,1269.017,1264.55,0.0035287760747876955,,,,,,,,,-12.354624675427507,-10.309108961663298,,-12.325906734010188,-12.060418205023836,-11.994591205367632,False
2017-10-30,False,351,360,,insufficient_minutes,True,239,240,2.924027812812774e-06,ok,True,1361,1440,2.439632473721798e-05,ok,47.0,1272.482,1269.136,0.0026347991930238484,260.0,1278.801,1268.838,0.007829226519098202,,,,,-12.325906734010188,-10.309108961663298,,-12.742548504216106,-12.057417211032046,-12.010868819619,False
2017-10-31,False,348,360,,insufficient_minutes,False,236,240,,insufficient_complete_m5,True,1350,1440,2.0011489213872532e-05,ok,,,,,258.0,1278.114,1267.59,0.00823998042574024,,,,,-12.742548504216106,-10.621078062534135,,,-12.488182200050968,-12.0146009113934,False
2017-11-01,True,357,360,4.760760535476511e-06,ok,False,236,240,,insufficient_complete_m5,True,1366,1440,6.005733531151232e-05,ok,,,,,267.0,1280.83,1267.813,0.01024956998183851,69.0,1273.171,1267.813,0.004218882688998305,-12.742548504216106,-10.819203988656037,-12.255103126123217,,-12.488182200050968,-12.0146009113934,True
2017-11-02,True,357,360,6.578927508311351e-06,ok,True,239,240,3.001359664734675e-06,ok,True,1375,1440,4.3409762188503694e-05,ok,47.0,1277.207,1273.042,0.0032611674431352548,272.0,1284.106,1273.042,0.008675371049712902,70.0,1281.386,1275.022,0.004990063391212292,-12.742548504216106,-9.720210863501027,-11.931638818569645,-12.716445150391817,-12.488182200050968,-12.0146009113934,True
2017-11-03,False,338,360,,insufficient_minutes,False,227,240,,insufficient_minutes,False,1219,1440,,insufficient_minutes,,,,,,,,,,,,,-12.716445150391817,-10.044826206933068,,,-12.46350308430441,-12.084922626838788,False
2017-11-06,False,356,360,,insufficient_complete_m5,True,239,240,3.0641377789014464e-06,ok,True,1369,1440,2.3966844332524965e-05,ok,47.0,1272.441,1268.918,0.0027760825086709344,266.0,1282.935,1265.889,0.013416965700392252,,,,,-12.716445150391817,-10.044826206933068,,-12.695744340092526,-12.46350308430441,-12.084922626838788,False
2017-11-07,False,353,360,,insufficient_complete_m5,True,238,240,4.519744403628956e-06,ok,True,1370,1440,3.194747315225441e-05,ok,47.0,1279.467,1275.029,0.003470264648731572,267.0,1280.729,1271.753,0.007012042573785314,,,,,-12.695744340092526,-10.638839168892874,,-12.307055113588726,-12.549428735044776,-12.092948107953108,False
2017-11-08,False,350,360,,insufficient_minutes,True,238,240,3.3305544226596193e-06,ok,True,1367,1440,2.7565030362130695e-05,ok,46.0,1282.311,1277.443,0.003809657968156282,266.0,1287.18,1275.829,0.00888431102367606,,,,,-12.307055113588726,-10.35141746783469,,-12.612371774539215,-12.537658809716243,-12.095196231982298,False
2017-11-09,False,354,360,,insufficient_complete_m5,False,237,240,,insufficient_complete_m5,True,1371,1440,3.595623267810812e-05,ok,,,,,268.0,1288.417,1279.83,0.006698616474758486,,,,,-12.612371774539215,-10.498962604449238,,,-12.601201908032019,-12.138635712654835,False
2017-11-10,False,354,360,,insufficient_complete_m5,True,239,240,3.1052925414964758e-06,ok,True,1311,1440,3.746824986157438e-05,ok,47.0,1285.21,1282.469,0.002134964661310939,256.0,1287.05,1272.335,0.011440535648755667,,,,,-12.612371774539215,-10.233208118084047,,-12.68240263075395,-12.601201908032019,-12.138635712654835,False
2017-11-13,False,337,360,,insufficient_minutes,True,238,240,1.7845575373982603e-06,ok,True,1347,1440,1.1151195497460944e-05,ok,46.0,1279.455,1275.861,0.002815189175385991,257.0,1279.776,1274.655,0.004015212488322361,,,,,-12.68240263075395,-10.192016653973713,,-13.23634005166781,-12.590495376830368,-12.162502349837235,False
2017-11-14,False,353,360,,insufficient_complete_m5,True,239,240,9.870283346331084e-06,ok,True,1360,1440,5.0430822356246105e-05,ok,47.0,1276.227,1269.795,0.005039403639229795,262.0,1283.58,1269.795,0.010786507358651451,,,,,-13.23634005166781,-11.403963846302522,,-11.525981997095982,-12.664667258043828,-12.204196952737613,False
2017-11-15,False,354,360,,insufficient_complete_m5,True,240,240,5.180317891755868e-06,ok,True,1373,1440,3.871648459741852e-05,ok,48.0,1286.179,1282.345,0.0029885695399754775,271.0,1289.482,1276.524,0.010115882200481579,,,,,-11.525981997095982,-9.89490801512289,,-12.170644134511047,-12.3065370665772,-12.201740685243303,False
2017-11-16,False,351,360,,insufficient_minutes,False,238,240,,missing_boundary,True,1365,1440,2.2648419451830275e-05,ok,,,,,263.0,1281.755,1274.959,0.005311487146060464,,,,,-12.170644134511047,-10.159245090033519,,,-12.277740273578043,-12.225689891159874,False
2017-11-17,True,359,360,3.972884447482904e-06,ok,True,238,240,2.751156972065295e-06,ok,True,1315,1440,2.8350636012600697e-05,ok,46.0,1284.234,1281.21,0.002358758235470909,259.0,1296.902,1278.788,0.014158088493915191,71.0,1283.992,1278.788,0.004067499863218164,-12.170644134511047,-10.695420489846212,-12.43601816600408,-12.803489017647772,-12.277740273578043,-12.225689891159874,True
2017-11-20,False,352,360,,insufficient_minutes,True,236,240,2.795327172539158e-06,ok,True,1364,1440,3.589229394193883e-05,ok,46.0,1292.473,1290.068,0.001862705081505912,265.0,1294.16,1274.301,0.015350283909526271,,,,,-12.803489017647772,-10.470861093735255,,-12.787561401843137,-12.302953293155715,-12.30938929376111,False
2017-11-21,False,342,360,,insufficient_minutes,True,240,240,3.1952763423109717e-06,ok,True,1360,1440,2.3775999606549023e-05,ok,48.0,1281.343,1277.66,0.0028773662294236616,263.0,1284.709,1276.13,0.006704983837385932,,,,,-12.787561401843137,-10.234987938939273,,-12.653836981758893,-12.316707360017318,-12.334089634896094,False
2017-11-22,False,347,360,,insufficient_minutes,False,235,240,,insufficient_minutes,True,1358,1440,2.871338937498648e-05,ok,,,,,257.0,1294.52,1278.929,0.012160385113960143,,,,,-12.653836981758893,-10.646833905977166,,,-12.255583877156171,-12.35470496792296,False
2017-11-23,False,349,360,,insufficient_minutes,False,237,240,,insufficient_complete_m5,False,1115,1440,,insufficient_minutes,,,,,,,,,,,,,-12.653836981758893,-10.458147015244226,,,-12.255583877156171,-12.35470496792296,False
2017-11-24,False,351,360,,insufficient_minutes,True,239,240,3.4665462003085924e-06,ok,False,1110,1440,,insufficient_minutes,47.0,1291.68,1284.789,0.00533695171069406,,,,,,,,,-12.653836981758893,-10.458147015244226,,-12.572351790999832,-12.255583877156171,-12.35470496792296,False
2017-11-27,False,348,360,,insufficient_minutes,True,239,240,3.773179259212193e-06,ok,True,1366,1440,2.6232349373201253e-05,ok,47.0,1295.48,1290.501,0.003856633017627533,266.0,1299.2,1286.619,0.009771654280254193,,,,,-12.572351790999832,,,-12.487592607055271,-12.569132237800776,-12.345265991457131,False
2017-11-28,False,351,360,,insufficient_minutes,True,239,240,2.1034447995934716e-06,ok,True,1366,1440,3.601223664611401e-05,ok,47.0,1295.018,1292.257,0.00213518232956819,265.0,1297.409,1290.444,0.005379905108206495,,,,,-12.487592607055271,-10.548517199922587,,-13.071934176431087,-12.65351754649623,-12.35553589293351,False
2017-11-29,False,348,360,,insufficient_minutes,True,238,240,2.9495585202046283e-06,ok,True,1360,1440,3.5366666674646355e-05,ok,46.0,1296.45,1293.515,0.0022649672081365532,258.0,1296.605,1281.732,0.0114936177693974,,,,,-13.071934176431087,-10.231651770426906,,-12.73385505297977,-12.694890638600945,-12.381950594210442,False
2017-11-30,False,354,360,,insufficient_complete_m5,True,238,240,3.1911674523091045e-06,ok,True,1366,1440,3.398358778707651e-05,ok,46.0,1283.213,1279.537,0.0028662890951968454,264.0,1285.222,1269.948,0.01189423985185534,,,,,-12.73385505297977,-10.24974080078682,,-12.655123735608434,-12.684882609180463,-12.510622675744623,False
2017-12-01,False,344,360,,insufficient_minutes,True,239,240,3.3876835916348085e-06,ok,True,1298,1440,7.868688742732722e-05,ok,47.0,1278.106,1274.942,0.002481140509088618,246.0,1289.163,1271.372,0.01395455181855862,,,,,-12.655123735608434,-10.289632862035935,,-12.595364176434485,-12.685147939356941,-12.501700474272786,False
2017-12-04,False,336,360,,insufficient_minutes,True,239,240,3.5554618299153788e-06,ok,True,1347,1440,2.371105100978591e-05,ok,47.0,1275.432,1269.99,0.004272043276222302,251.0,1277.14,1269.99,0.0056125510771585195,,,,,-12.595364176434485,-9.450034031069093,,-12.547025593184506,-12.690254155752047,-12.518884789758172,False
2017-12-05,False,335,360,,insufficient_minutes,False,235,240,,insufficient_minutes,True,1343,1440,3.7632777582685545e-05,ok,,,,,247.0,1276.931,1260.764,0.012663557239991638,,,,,-12.547025593184506,-10.649569331168605,,,-12.704487851846077,-12.529251810324554,False
2017-12-06,False,349,360,,insufficient_minutes,False,236,240,,insufficient_complete_m5,True,1352,1440,2.5192560520062296e-05,ok,,,,,252.0,1269.122,1261.555,0.005975917848701169,,,,,-12.547025593184506,-10.187635143096378,,,-12.704487851846077,-12.529251810324554,False
2017-12-07,False,322,360,,insufficient_minutes,False,237,240,,insufficient_complete_m5,True,1337,1440,3.086309959024181e-05,ok,,,,,251.0,1264.087,1243.597,0.016210423800921133,,,,,-12.547025593184506,-10.588961824489994,,,-12.704487851846077,-12.529251810324554,False
2017-12-08,False,343,360,,insufficient_minutes,False,237,240,,insufficient_complete_m5,False,1292,1440,,insufficient_minutes,,,,,,,,,,,,,-12.547025593184506,-10.385949275689331,,,-12.704487851846077,-12.529251810324554,False
2017-12-11,False,335,360,,insufficient_minutes,False,228,240,,insufficient_minutes,False,1306,1440,,insufficient_complete_m5,,,,,,,,,,,,,,-10.385949275689331,,,-12.704487851846077,-12.529251810324554,False
2017-12-12,False,302,360,,insufficient_minutes,False,219,240,,insufficient_minutes,False,1281,1440,,insufficient_minutes,,,,,,,,,,,,,,,,,-12.704487851846077,-12.529251810324554,False
2017-12-13,False,322,360,,insufficient_minutes,False,227,240,,insufficient_minutes,False,1307,1440,,insufficient_complete_m5,,,,,,,,,,,,,,,,,-12.704487851846077,-12.529251810324554,False
2017-12-14,False,338,360,,insufficient_minutes,False,237,240,,insufficient_complete_m5,True,1348,1440,3.1177765859340427e-05,ok,,,,,247.0,1259.069,1250.376,0.006932084234432503,,,,,,,,,-12.704487851846077,-12.529251810324554,False
2017-12-15,False,338,360,,insufficient_minutes,False,233,240,,insufficient_minutes,False,1277,1440,,insufficient_minutes,,,,,,,,,,,,,,-10.375805349905677,,,-12.704487851846077,-12.529251810324554,False
2017-12-18,False,344,360,,insufficient_minutes,False,233,240,,insufficient_minutes,True,1347,1440,1.7536080577464615e-05,ok,,,,,253.0,1263.956,1252.66,0.009007837999264622,,,,,,-10.375805349905677,,,-12.704487851846077,-12.529251810324554,False
2017-12-19,False,323,360,,insufficient_minutes,False,228,240,,insufficient_minutes,False,1311,1440,,insufficient_complete_m5,,,,,,,,,,,,,,-10.951250052235194,,,-12.704487851846077,-12.529251810324554,False
2017-12-20,False,334,360,,insufficient_minutes,True,238,240,1.827939566174996e-06,ok,True,1346,1440,1.4231780197559815e-05,ok,46.0,1266.357,1263.153,0.0025355423045420166,254.0,1267.862,1261.325,0.005180881066800265,,,,,,-10.951250052235194,,-13.212321145558136,-12.704487851846077,-12.529251810324554,False
2017-12-21,False,343,360,,insufficient_minutes,False,229,240,,insufficient_minutes,False,1336,1440,,insufficient_complete_m5,,,,,,,,,,,,,-13.212321145558136,-11.160033051961163,,,-12.722794889558099,-12.565938143793016,False
2017-12-22,False,310,360,,insufficient_minutes,False,226,240,,insufficient_minutes,False,1235,1440,,insufficient_minutes,,,,,,,,,,,,,-13.212321145558136,-11.160033051961163,,,-12.722794889558099,-12.565938143793016,False
2017-12-25,False,0,360,,insufficient_minutes,False,0,240,,insufficient_minutes,False,60,1440,,insufficient_minutes,,,,,,,,,,,,,,,,,-12.722794889558099,-12.565938143793016,False
2017-12-26,False,355,360,,insufficient_complete_m5,False,229,240,,insufficient_minutes,True,1353,1440,1.3681271717335575e-05,ok,,,,,254.0,1283.74,1273.13,0.008330722621484392,,,,,,,,,-12.722794889558099,-12.565938143793016,False
2017-12-27,False,327,360,,insufficient_minutes,False,233,240,,insufficient_minutes,False,1322,1440,,insufficient_complete_m5,,,,,,,,,,,,,,-11.199482688297014,,,-12.722794889558099,-12.565938143793016,False
2017-12-28,False,343,360,,insufficient_minutes,False,226,240,,insufficient_minutes,False,1312,1440,,insufficient_complete_m5,,,,,,,,,,,,,,-11.199482688297014,,,-12.722794889558099,-12.565938143793016,False
2017-12-29,False,318,360,,insufficient_minutes,False,229,240,,insufficient_minutes,False,1250,1440,,insufficient_minutes,,,,,,,,,,,,,,-11.199482688297014,,,-12.722794889558099,-12.565938143793016,False
2018-01-01,False,0,360,,insufficient_minutes,False,0,240,,insufficient_minutes,False,53,1440,,insufficient_minutes,,,,,,,,,,,,,,,,,-12.722794889558099,-12.565938143793016,False
2018-01-02,False,347,360,,insufficient_minutes,False,237,240,,insufficient_complete_m5,True,1351,1440,2.1115661805143118e-05,ok,,,,,252.0,1321.481,1303.981,0.013390394266768791,,,,,,,,,-12.722794889558099,-12.565938143793016,False
2018-01-03,False,344,360,,insufficient_minutes,False,235,240,,insufficient_minutes,True,1352,1440,5.2062053502944605e-05,ok,,,,,253.0,1321.284,1307.183,0.010680641914077764,,,,,,-10.765495527178562,,,-12.722794889558099,-12.565938143793016,False
2018-01-04,False,346,360,,insufficient_minutes,True,238,240,4.124249897622871e-06,ok,True,1349,1440,4.281972813514953e-05,ok,47.0,1314.286,1310.49,0.0028960551928917323,248.0,1325.993,1305.751,0.015438467502147911,,,,,,-9.863074214247922,,-12.398626397713588,-12.722794889558099,-12.565938143793016,False
2018-01-05,False,345,360,,insufficient_minutes,False,235,240,,insufficient_minutes,False,1290,1440,,insufficient_minutes,,,,,,,,,,,,,-12.398626397713588,-10.05851162383855,,,-12.64696791415237,-12.548883580649523,False
2018-01-08,False,340,360,,insufficient_minutes,False,219,240,,insufficient_minutes,False,1314,1440,,insufficient_complete_m5,,,,,,,,,,,,,-12.398626397713588,-10.05851162383855,,,-12.64696791415237,-12.548883580649523,False
2018-01-09,False,341,360,,insufficient_minutes,False,233,240,,insufficient_minutes,True,1346,1440,2.6429667768284008e-05,ok,,,,,250.0,1320.144,1308.696,0.008686184277915478,,,,,,,,,-12.64696791415237,-12.548883580649523,False
2018-01-10,False,349,360,,insufficient_minutes,True,238,240,3.8840133346324875e-05,ok,True,1365,1440,6.984393034185342e-05,ok,46.0,1327.664,1311.166,0.012580457968932451,264.0,1327.664,1308.053,0.014964471684176377,,,,,,-10.541023399677403,,-10.156056481325496,-12.64696791415237,-12.548883580649523,False
2018-01-11,False,354,360,,insufficient_complete_m5,False,235,240,,insufficient_minutes,True,1358,1440,2.5503859334961665e-05,ok,,,,,259.0,1323.958,1315.575,0.006361125728792071,,,,,-10.156056481325496,-9.569247371643911,,,-11.478804884804028,-12.140134982968979,False
2018-01-12,False,347,360,,insufficient_minutes,False,236,240,,insufficient_complete_m5,True,1300,1440,3.6207973229443244e-05,ok,,,,,247.0,1339.353,1321.27,0.013669748905392066,,,,,-10.156056481325496,-10.57668077078253,,,-11.478804884804028,-12.140134982968979,False
2018-01-15,False,356,360,,insufficient_complete_m5,True,238,240,3.2916579530817484e-06,ok,False,1130,1440,,insufficient_minutes,46.0,1343.774,1340.301,0.0025857049898968818,,,,,,,,,,-10.226231208428114,,-12.62411918301374,-11.478804884804028,-12.140134982968979,False
2018-01-16,False,349,360,,insufficient_minutes,True,239,240,1.722455938661482e-05,ok,True,1362,1440,3.855763638881356e-05,ok,47.0,1339.925,1331.736,0.006113812931807992,261.0,1341.945,1331.736,0.007609091407107881,,,,,-12.62411918301374,-10.226231208428114,,-10.969174321268946,-11.480662698569594,-12.138007228895237,False
2018-01-17,True,360,360,1.3108116418278745e-05,ok,True,239,240,5.124209845302748e-06,ok,True,1377,1440,5.277632374826182e-05,ok,47.0,1338.91,1334.086,0.0036150997861965754,274.0,1343.891,1325.14,0.013985278575621252,72.0,1343.891,1333.788,0.007535239157885051,-10.969174321268946,-10.163356387071268,-11.242278945699436,-12.181534221352518,-11.245825659362337,-12.025850390482693,True
2018-01-18,True,357,360,1.0774656804339568e-05,ok,False,236,240,,insufficient_complete_m5,True,1372,1440,4.263204232183845e-05,ok,,,,,268.0,1333.071,1324.093,0.0067576136997858525,69.0,1329.562,1324.093,0.00411643899800939,-12.181534221352518,-9.849447881678296,-11.438313773587096,,-11.19658581525408,-12.010982921055213,True
2018-01-19,True,359,360,8.590888269689236e-06,ok,True,240,240,4.7452301429872815e-06,ok,True,1314,1440,2.7266490139936e-05,ok,48.0,1338.013,1333.422,0.0034388431225383883,258.0,1338.013,1326.648,0.008558004482692543,71.0,1332.544,1326.648,0.004439770737347715,-12.181534221352518,-10.062904420245609,-11.664808419899941,-12.258370624868402,-11.19658581525408,-12.010982921055213,True
2018-01-22,False,352,360,,insufficient_minutes,False,237,240,,insufficient_complete_m5,True,1362,1440,1.9356226183014615e-05,ok,,,,,258.0,1335.51,1328.243,0.005443786184379363,,,,,-12.258370624868402,-10.509852077130116,,,-11.187574979603594,-11.997580373519517,False
2018-01-23,False,348,360,,insufficient_minutes,True,240,240,2.082520172560619e-06,ok,True,1367,1440,2.5432177245955248e-05,ok,48.0,1338.511,1335.523,0.002235273787375234,268.0,1342.295,1331.282,0.008260603939932401,,,,,-12.258370624868402,-10.85249642368018,,-13.08193177624855,-11.187574979603594,-11.997580373519517,False
2018-01-24,False,355,360,,insufficient_complete_m5,True,239,240,9.067247668168873e-06,ok,True,1371,1440,4.122911554081206e-05,ok,47.0,1350.875,1343.078,0.005804708089516256,267.0,1362.096,1339.417,0.01690051210511575,,,,,-13.08193177624855,-10.5794953649732,,-11.610841794335498,-11.944688014576258,-11.995164411858287,False
2018-01-25,True,360,360,6.760785990323942e-06,ok,True,239,240,6.2906962185787524e-06,ok,True,1378,1440,0.00010450223841158504,ok,47.0,1361.198,1356.285,0.003609510210843747,274.0,1366.002,1341.931,0.01774941986805356,72.0,1364.968,1355.874,0.006705713276560199,-11.610841794335498,-10.09636586331131,-11.904371403910343,-11.976438806798734,-11.780967872014264,-12.001689022344694,True
2018-01-26,True,358,360,8.254956664826922e-06,ok,True,240,240,1.0012821965610466e-05,ok,True,1318,1440,5.495392543246492e-05,ok,48.0,1357.002,1349.517,0.005520974169806947,262.0,1357.084,1345.692,0.008457824285582278,70.0,1353.779,1345.692,0.006004075228011189,-11.976438806798734,-9.166302066582263,-11.704696730172659,-11.511644089721212,-12.117699048371945,-11.992678494849871,True
2018-01-29,True,359,360,9.626156238663993e-06,ok,True,240,240,4.919592403923784e-06,ok,True,1379,1440,4.284498512891847e-05,ok,48.0,1348.703,1345.006,0.002743477099349854,275.0,1352.377,1337.489,0.011017864807660937,71.0,1352.377,1346.222,0.004555007918535272,-11.511644089721212,-9.809015443224522,-11.551026556312937,-12.22228487562281,-11.953028100651858,-11.93567220906259,True
2018-01-30,True,359,360,1.0630651220189692e-05,ok,True,240,240,1.430988735472506e-05,ok,True,1379,1440,5.7122323442120864e-05,ok,48.0,1346.201,1335.226,0.008213335688197012,275.0,1348.774,1334.303,0.010787725356186356,71.0,1341.538,1334.303,0.00539348994209166,-12.22228487562281,-10.057921952933496,-11.451769105004319,-11.154559836214105,-11.947627483681377,-11.919592470849931,True
2018-01-31,False,356,360,,insufficient_complete_m5,True,239,240,2.488876441246687e-06,ok,True,1374,1440,6.086843596164662e-05,ok,47.0,1343.881,1341.049,0.002109214407006962,270.0,1347.439,1331.098,0.012208592784296647,,,,,-11.154559836214105,-9.770315564252494,,-12.90367917773682,-11.62720910441427,-11.839433001510832,False
2018-02-01,False,356,360,,insufficient_complete_m5,True,240,240,4.1613888314722e-06,ok,True,1376,1440,4.2750354539734494e-05,ok,48.0,1341.454,1337.137,0.0032246847865018947,272.0,1350.983,1337.137,0.010292043995774958,,,,,-12.90367917773682,-9.706795810520829,,-12.389661685688576,-11.786786834603669,-11.846231893344141,False
2018-02-02,True,358,360,7.1079577342241924e-06,ok,True,240,240,5.028236917205279e-06,ok,True,1318,1440,9.214061723900993e-05,ok,48.0,1348.907,1343.638,0.003906963983486797,262.0,1350.036,1327.302,0.01685558829777031,70.0,1350.036,1346.278,0.0027862804971857586,-12.389661685688576,-10.060133069288772,-11.854295593915745,-12.20044114877491,-11.844418243779355,-11.843526678110956,True
2018-02-05,True,358,360,8.213771032626327e-06,ok,True,240,240,7.2096655328227185e-06,ok,True,1378,1440,5.6740502248095986e-05,ok,48.0,1338.552,1332.076,0.00486061386640959,275.0,1341.545,1328.867,0.009512825957604304,71.0,1333.581,1328.867,0.003537108500090373,-12.20044114877491,-9.292194699553285,-11.709698418076973,-11.840087997088412,-11.993934004364576,-11.823377349822675,True
2018-02-06,True,359,360,2.207376430786289e-05,ok,True,240,240,5.620845134926215e-06,ok,True,1379,1440,8.608478920093327e-05,ok,48.0,1344.608,1338.939,0.004220199262786403,275.0,1346.109,1320.049,0.019442080914419367,71.0,1346.109,1335.778,0.007707449651836723,-11.840087997088412,-9.777022276876252,-10.721120790034774,-12.089028525484485,-11.922457178195781,-11.794736628196581,True
2018-02-07,True,358,360,6.6491188761364315e-06,ok,True,240,240,4.482852227854056e-06,ok,True,1378,1440,5.6198467803540676e-05,ok,48.0,1330.896,1326.955,0.0029635322356508426,275.0,1332.285,1311.111,0.01597577754027801,71.0,1330.705,1324.207,0.0049027393244887,-12.089028525484485,-9.360177826470517,-11.921026211904497,-12.31525105611497,-12.225907548754153,-11.778761873051991,True
2018-02-08,True,360,360,1.2636373132913694e-05,ok,True,239,240,6.361564569671504e-06,ok,True,1379,1440,6.248583411982265e-05,ok,47.0,1313.315,1309.139,0.003182031882801375,275.0,1322.651,1306.876,0.011958843384637029,72.0,1319.172,1309.56,0.007286745015095494,-12.31525105611497,-9.786621064718473,-11.278931146106691,-11.96523620934498,-12.147690964735823,-11.77164391007991,True
2018-02-09,True,358,360,8.03991422418979e-06,ok,True,238,240,6.45633768601339e-06,ok,True,1313,1440,5.986768278188568e-05,ok,46.0,1317.595,1313.444,0.0031501177974067244,257.0,1322.041,1311.006,0.008345916494699835,70.0,1322.041,1315.928,0.004623342775903882,-11.96523620934498,-9.680570680994675,-11.731092143463421,-11.95044832260037,-12.06794109648142,-11.753633780163302,True
2018-02-12,True,357,360,1.700616583235341e-05,ok,False,236,240,,insufficient_complete_m5,True,1370,1440,4.852807778579142e-05,ok,,,,,267.0,1326.099,1315.619,0.007960344117776649,69.0,1326.099,1315.86,0.007777286586060613,-11.95044832260037,-9.72337371793696,-10.981934583645572,,-12.019385128383714,-11.724618736062077,True
2018-02-13,False,353,360,,insufficient_complete_m5,True,239,240,3.5074434415357297e-06,ok,True,1369,1440,2.9565987508067162e-05,ok,47.0,1330.812,1326.433,0.0032992048833354786,267.0,1332.986,1321.478,0.008701260503248636,,,,,-11.95044832260037,-9.933368004113971,,-12.560623150107437,-12.019385128383714,-11.724618736062077,False
2018-02-14,True,358,360,6.294598266757374e-06,ok,True,238,240,2.9817879883191654e-06,ok,True,1376,1440,0.00015094122620965843,ok,46.0,1333.092,1329.39,0.002779302231474883,272.0,1355.378,1316.277,0.029356151964878546,70.0,1336.969,1330.833,0.004606770887099929,-12.560623150107437,-10.42888592799554,-11.975818710334849,-12.722987441292386,-12.150484949021045,-11.728437167813938,True
2018-02-15,True,357,360,5.5090132061729116e-06,ok,True,240,240,7.536492978902808e-06,ok,True,1377,1440,4.577833963009954e-05,ok,48.0,1357.07,1350.228,0.005050836872437852,273.0,1357.07,1348.38,0.006418819476426592,69.0,1355.237,1350.541,0.003468673908089847,-12.722987441292386,-8.798620027318776,-12.109125042276911,-11.795753606308706,-12.255683738206683,-11.979994030671161,True
2018-02-16,True,357,360,5.316403511943908e-06,ok,True,240,240,7.167524428783124e-06,ok,True,1314,1440,4.037080068898103e-05,ok,48.0,1361.712,1357.428,0.0031551352145568375,259.0,1361.712,1344.647,0.012603979134930566,70.0,1359.974,1352.276,0.005685639108156665,-11.795753606308706,-9.991699512553238,-12.144713514812606,-11.845950230923592,-12.134920045796969,-11.946695477161196,True
2018-02-19,True,360,360,6.101128458540751e-06,ok,True,240,240,2.6554184943249324e-06,ok,False,1134,1440,,insufficient_minutes,48.0,1348.841,1346.285,0.0018956797636183844,,,,,72.0,1351.33,1346.15,0.0038426829345188547,-11.845950230923592,-10.117403789533887,-12.007036810690739,-12.838908290710743,-12.105337696482016,-12.027464458512583,True
2018-02-20,True,359,360,6.494317761631331e-06,ok,True,240,240,4.319370174954965e-06,ok,True,1376,1440,5.553456171638116e-05,ok,48.0,1340.151,1336.461,0.0027562428152817266,272.0,1346.556,1327.879,0.013881054148522995,71.0,1346.556,1340.135,0.004772193001427756,-12.838908290710743,-10.117403789533887,-11.944582953908304,-12.352400959171563,-12.253220131695825,-12.048330446368313,True
2018-02-21,True,358,360,6.616001060384739e-06,ok,True,239,240,4.967358190909454e-06,ok,True,1375,1440,7.279889517370238e-05,ok,47.0,1329.975,1325.267,0.0035508907584446644,272.0,1336.177,1321.916,0.010723056262773126,70.0,1330.726,1325.349,0.004043045615660414,-12.352400959171563,-9.79850499740152,-11.92601943996709,-12.212622410303977,-12.219741882713697,-12.051974218797225,True
2018-02-22,True,359,360,9.308641819963815e-06,ok,True,240,240,3.6663877419592594e-06,ok,True,1379,1440,3.644284421523811e-05,ok,48.0,1324.147,1320.985,0.0023916677382024177,275.0,1332.131,1320.808,0.008532706762526243,71.0,1326.859,1321.798,0.0038138328115467886,-12.212622410303977,-9.527809779062201,-11.584567361316994,-12.516303647102259,-12.142303260056297,-12.02754654362162,True
2018-02-23,True,358,360,4.1818400232666175e-06,ok,False,236,240,,insufficient_complete_m5,True,1313,1440,1.8054807778352183e-05,ok,,,,,257.0,1331.561,1325.651,0.004441935782084985,70.0,1331.138,1326.062,0.003815104235171579,-12.516303647102259,-10.219765436608588,-12.384759211332128,,-12.299238528621828,-12.073777215059573,True
2018-02-26,False,356,360,,insufficient_complete_m5,True,239,240,3.3934155006727494e-06,ok,True,1374,1440,3.386241630458966e-05,ok,47.0,1340.757,1337.452,0.0024673348751999354,270.0,1341.01,1326.89,0.010638899039711191,,,,,-12.516303647102259,-10.922098549741143,,-12.59367362145953,-12.299238528621828,-12.073777215059573,False
2018-02-27,True,359,360,6.446754119904827e-06,ok,True,238,240,2.69519146137188e-06,ok,True,1372,1440,6.399890050151951e-05,ok,46.0,1334.728,1331.843,0.002162975924990837,269.0,1336.728,1313.245,0.017627828593519655,71.0,1336.728,1331.56,0.00387942844488826,-12.59367362145953,-10.293204822181375,-11.951933791047,-12.8240413129461,-12.480406859508152,-12.099487468024384,True
2018-02-28,True,356,360,6.957902981490502e-06,ok,True,239,240,4.150928676643972e-06,ok,True,1374,1440,2.8969322839972237e-05,ok,47.0,1321.315,1316.858,0.0033811026931238573,271.0,1322.48,1315.525,0.005279011507941423,69.0,1319.005,1315.528,0.00263912624200043,-12.8240413129461,-9.656644654415931,-11.875632424779493,-12.392178471251547,-12.478315947762761,-12.167528723833236,True
2018-03-01,False,355,360,,insufficient_complete_m5,True,238,240,2.41375076662244e-06,ok,True,1372,1440,9.970376079713946e-05,ok,46.0,1313.346,1309.817,0.0026870104857367226,268.0,1321.074,1302.615,0.014011562062589425,,,,,-12.392178471251547,-10.449273120982532,,-12.934328685597341,-12.487201221974411,-12.174952211093341,False
2018-03-02,False,354,360,,insufficient_complete_m5,True,240,240,1.016476181671438e-05,ok,True,1313,1440,4.159992063018403e-05,ok,48.0,1323.962,1315.573,0.006368392005690404,257.0,1325.427,1315.104,0.00783715302491093,,,,,-12.934328685597341,-9.213307160573107,,-11.496583542863913,-12.632577087528027,-12.297477252972538,False
2018-03-05,False,356,360,,insufficient_complete_m5,True,240,240,2.4597239994624947e-06,ok,True,1369,1440,2.2326226124728557e-05,ok,48.0,1327.661,1323.29,0.003294403696726507,266.0,1327.712,1317.368,0.007817737285029267,,,,,-11.496583542863913,-10.087412298627145,,-12.91546140965482,-12.297396658893735,-12.216721922716461,False
2018-03-06,True,359,360,2.3261731301855303e-06,ok,True,240,240,4.6303436140008085e-06,ok,True,1377,1440,3.2162208692596104e-05,ok,48.0,1327.996,1320.474,0.005695509807566549,273.0,1340.451,1320.379,0.015195199491878433,71.0,1324.163,1320.71,0.0026140406459473665,-12.91546140965482,-10.709748511109463,-12.971286074055856,-12.282879477932905,-12.339176393798887,-12.234070372268768,True
2018-03-07,True,359,360,9.089218116573257e-06,ok,True,240,240,5.1182471530971985e-06,ok,True,1378,1440,4.0112466807547435e-05,ok,48.0,1333.727,1330.282,0.002585582208192403,274.0,1340.347,1321.966,0.013726747292606208,71.0,1340.347,1331.957,0.006265568238124357,-12.282879477932905,-10.344718437759385,-11.608421669252975,-12.182698530439698,-12.254443524927101,-12.238170675290359,True
2018-03-08,True,357,360,4.2501365508314475e-06,ok,True,238,240,3.0497171954514114e-06,ok,True,1374,1440,2.7877999466906902e-05,ok,46.0,1328.449,1323.883,0.003437511410377227,270.0,1328.994,1318.906,0.007616252030899851,69.0,1328.099,1323.503,0.0034698943630071238,-12.182698530439698,-10.123823379012656,-12.368559445936693,-12.700461694446794,-12.214636113586431,-12.260003667804805,True
2018-03-09,True,358,360,4.294655716550939e-06,ok,True,238,240,1.9901826300764675e-06,ok,True,1313,1440,4.34199071157894e-05,ok,46.0,1320.912,1317.852,0.0023200888609197297,257.0,1325.103,1312.618,0.009450389994167877,70.0,1321.277,1316.718,0.003450887303436974,-12.700461694446794,-10.487672729778938,-12.358139164867643,-13.127284149531068,-12.189302305926887,-12.287514635580779,True
2018-03-12,False,351,360,,insufficient_minutes,True,239,240,4.255500158525622e-06,ok,True,1369,1440,2.3739104221846943e-05,ok,47.0,1322.657,1314.923,0.005848873105014969,267.0,1325.695,1314.923,0.008140369226048981,,,,,-13.127284149531068,-10.044592532719793,,-12.367298256777458,-12.577239834185617,-12.314928724562865,False
2018-03-13,False,353,360,,insufficient_complete_m5,True,240,240,2.5488039343394833e-06,ok,True,1369,1440,5.6944221571494444e-05,ok,48.0,1319.534,1316.802,0.0020730751398682235,268.0,1328.277,1313.019,0.011514520120790047,,,,,-12.367298256777458,-10.648386902357041,,-12.879886354187187,-12.47819686472304,-12.338691493526316,False
2018-03-14,False,352,360,,insufficient_minutes,True,239,240,4.369241306055026e-06,ok,True,1367,1440,3.0929552498165526e-05,ok,47.0,1326.446,1323.222,0.002433492219844535,265.0,1330.009,1321.285,0.006577290705090941,,,,,-12.879886354187187,-9.773438338162029,,-12.340921178104512,-12.593946329752074,-12.384334250931595,False
2018-03-15,False,350,360,,insufficient_minutes,True,238,240,2.749180953201932e-06,ok,True,1364,1440,2.232648385587573e-05,ok,46.0,1325.018,1321.717,0.0024913856247577243,265.0,1327.884,1314.808,0.009865708364047373,,,,,-12.340921178104512,-10.383798439585167,,-12.804207525846802,-12.639107620253437,-12.374087257947515,False
2018-03-16,False,349,360,,insufficient_minutes,True,239,240,4.703640769026971e-06,ok,False,1247,1440,,insufficient_minutes,47.0,1321.712,1317.71,0.003036026067947927,,,,,,,,,-12.804207525846802,-10.70973696730183,,-12.267173717412685,-12.657817804900219,-12.376842684636403,False
2018-03-19,False,353,360,,insufficient_complete_m5,True,239,240,3.338558872961868e-06,ok,True,1372,1440,2.715939319838883e-05,ok,47.0,1313.001,1308.304,0.0035884573453360286,269.0,1319.567,1307.58,0.00912802151066592,,,,,-12.267173717412685,-10.70973696730183,,-12.609971319248974,-12.500370306348781,-12.411024069553076,False
2018-03-20,False,348,360,,insufficient_minutes,True,240,240,5.456939036893721e-06,ok,True,1368,1440,3.0226130201570965e-05,ok,48.0,1316.376,1311.586,0.0036417228922578137,268.0,1317.428,1306.413,0.008363111654563705,,,,,-12.609971319248974,-10.51378759726162,,-12.118622541364871,-12.550851439480098,-12.459163635686792,False
2018-03-21,False,335,360,,insufficient_minutes,True,238,240,3.1163687264681786e-06,ok,True,1352,1440,5.989959757552156e-05,ok,47.0,1317.814,1313.839,0.0030193500459739808,257.0,1336.616,1309.701,0.020544562579813862,,,,,-12.118622541364871,-10.406803769223858,,-12.678842103686968,-12.398805285026125,-12.423715802375577,False
2018-03-22,False,352,360,,insufficient_minutes,True,239,240,5.127301245047769e-06,ok,True,1370,1440,4.313613257567494e-05,ok,47.0,1333.851,1327.704,0.0046146466045526085,267.0,1334.86,1324.599,0.007702909854709928,,,,,-12.678842103686968,-9.722840771137198,,-12.180931110296697,-12.461497250587094,-12.438783789332476,False
2018-03-23,False,353,360,,insufficient_complete_m5,True,239,240,4.015339770948275e-06,ok,False,1251,1440,,insufficient_minutes,47.0,1343.047,1338.076,0.0037110959229830045,,,,,,,,,-12.180931110296697,-10.051149569244554,,-12.425388588754226,-12.345665404299353,-12.436767315433165,False
2018-03-26,True,356,360,4.306224664962919e-06,ok,True,240,240,3.232952976558432e-06,ok,True,1376,1440,2.4125091223795052e-05,ok,48.0,1349.207,1344.036,0.0038449927353357504,274.0,1355.862,1343.336,0.00928987280750552,70.0,1349.364,1344.773,0.003404902287981698,-12.425388588754226,-10.051149569244554,-12.355448985519503,-12.642114604158666,-12.377833792942013,-12.43238198281617,True
2018-03-27,True,359,360,6.612122060769167e-06,ok,True,240,240,6.673123322841337e-06,ok,True,1378,1440,4.055480231338053e-05,ok,48.0,1356.235,1347.965,0.006101945280971694,274.0,1356.84,1339.194,0.013043275794397258,71.0,1355.053,1350.697,0.00321979538481228,-12.642114604158666,-10.63225812944917,-11.926605917684485,-11.917422543344198,-12.382862247556279,-12.4343961513808,True
2018-03-28,True,358,360,5.548037597354609e-06,ok,True,239,240,5.147737585247056e-06,ok,True,1377,1440,4.176002658822474e-05,ok,47.0,1342.568,1336.415,0.004587303019210324,273.0,1346.995,1323.249,0.017647342977217987,70.0,1346.995,1341.756,0.0038934738422320442,-11.917422543344198,-10.11285635498521,-12.102066278794455,-12.176953243646352,-12.326430120329173,-12.385622763212556,True
2018-03-29,False,356,360,,insufficient_complete_m5,True,239,240,2.8956184092656037e-06,ok,False,1254,1440,,insufficient_minutes,47.0,1325.674,1322.775,0.0021908039887897092,,,,,,,,,-12.176953243646352,-10.083570977698889,,-12.752311856878894,-12.238742339675664,-12.373764746558837,False
2018-03-30,False,0,360,,insufficient_minutes,False,0,240,,insufficient_minutes,False,0,1440,,insufficient_minutes,,,,,,,,,,,,,-12.752311856878894,-10.083570977698889,,,-12.335508570221803,-12.368082487268245,False
2018-04-02,False,351,360,,insufficient_minutes,True,240,240,1.9180423226978528e-06,ok,True,1371,1440,2.9046990154807927e-05,ok,48.0,1332.439,1330.233,0.001658034515077615,271.0,1344.843,1325.615,0.014491705028835738,,,,,-12.752311856878894,,,-13.164205515689204,-12.335508570221803,-12.368082487268245,False
2018-04-03,True,358,360,5.48220517627988e-06,ok,True,240,240,4.5596705128255364e-06,ok,True,1375,1440,3.204079565718319e-05,ok,48.0,1341.152,1336.113,0.0037568773259145038,273.0,1342.496,1328.664,0.010309981458878854,71.0,1342.496,1337.118,0.004008609043222359,-13.164205515689204,-10.446595689162965,-12.114003133516665,-12.298260193007879,-12.435864517200804,-12.470082932181022,True
2018-04-04,True,356,360,4.734559401307157e-06,ok,True,240,240,1.6896481134160916e-05,ok,True,1375,1440,6.746714528171722e-05,ok,48.0,1344.981,1334.074,0.008173833540670517,272.0,1348.134,1331.408,0.012546145113278064,69.0,1335.897,1331.408,0.0033671915229884766,-12.298260193007879,-10.348500602827038,-12.26062188712207,-10.988405174628953,-12.371221281305901,-12.443105831570579,True
2018-04-05,False,355,360,,insufficient_complete_m5,True,240,240,6.2269733388713795e-06,ok,True,1369,1440,4.3951799581251524e-05,ok,48.0,1329.915,1324.299,0.004233627486012283,269.0,1333.778,1322.584,0.008394570301339095,,,,,-10.988405174628953,-9.603869815147638,,-11.98662016361976,-11.977581817562344,-12.29859757956255,False
2018-04-06,True,358,360,7.27243900057533e-06,ok,True,240,240,7.5299490927976885e-06,ok,False,1257,1440,,insufficient_minutes,48.0,1326.289,1318.296,0.006033766597481745,,,,,70.0,1333.303,1326.498,0.005112376496290476,-11.98662016361976,-10.032416988567796,-11.831418834295238,-11.796622276759962,-11.943807286943823,-12.286508876774752,True
2018-04-09,False,356,360,,insufficient_complete_m5,True,240,240,5.413053693498358e-06,ok,True,1376,1440,2.9025578327883047e-05,ok,48.0,1331.8,1326.741,0.003799722550403195,272.0,1337.942,1326.741,0.008404858925407174,,,,,-11.796622276759962,-10.032416988567796,,-12.126697170838135,-11.810493135293951,-12.239095899241653,False
2018-04-10,True,360,360,5.109970819739777e-06,ok,True,240,240,8.58778189581181e-06,ok,True,1379,1440,3.617350891864766e-05,ok,48.0,1337.749,1332.802,0.0037103580641787066,275.0,1342.547,1330.845,0.008754729177218552,72.0,1338.087,1330.845,0.005418026722048917,-12.126697170838135,-10.447333105414893,-12.18431686418771,-11.66517007465917,-11.720537069588463,-12.204329394253671,True
2018-04-11,False,351,360,,insufficient_minutes,True,239,240,3.5898477469149236e-06,ok,True,1369,1440,8.951556473538714e-05,ok,47.0,1347.407,1342.397,0.0037254541094324193,266.0,1365.186,1339.626,0.01904886824681844,,,,,-11.66517007465917,-10.227183504854697,,-12.537400766693535,-11.625999225698123,-12.161991083740663,False
2018-04-12,True,360,360,7.490161802436405e-06,ok,True,240,240,1.3050644830657648e-05,ok,True,1379,1440,5.918616055908457e-05,ok,48.0,1352.208,1343.651,0.006336713728571392,275.0,1353.124,1333.599,0.014430121076291248,72.0,1353.124,1348.447,0.0034565775300289783,-12.537400766693535,-9.32109804014569,-11.801920158207006,-11.246673013105388,-11.97981057727592,-12.152078874948016,True
2018-04-13,True,357,360,4.461348152292452e-06,ok,True,240,240,1.0155593876827706e-05,ok,False,1255,1440,,insufficient_minutes,48.0,1341.877,1336.521,0.004005294526745582,,,,,69.0,1341.017,1336.355,0.003484935242398128,-11.246673013105388,-9.734822817743582,-12.320059561309822,-11.497485883418085,-11.782865141804432,-12.073035820612999,True
2018-04-16,True,357,360,9.707075491614088e-06,ok,True,240,240,5.6408350732051005e-06,ok,True,1375,1440,3.2150456557961436e-05,ok,48.0,1345.873,1341.012,0.0036179272350805,271.0,1350.462,1341.012,0.007031108750047465,69.0,1348.689,1343.032,0.004208992825293058,-11.497485883418085,-9.734822817743582,-11.542655506236086,-12.085478440789478,-11.716341831939143,-12.010212984152759,True
2018-04-17,True,359,360,4.832455574058458e-06,ok,True,240,240,8.71921406264369e-06,ok,True,1376,1440,3.5162737303911995e-05,ok,48.0,1348.786,1340.552,0.00610628148296478,272.0,1349.375,1337.519,0.008794541094229023,71.0,1349.375,1343.63,0.004261524847026384,-12.085478440789478,-10.345083906511759,-12.240155819065322,-11.649981454536146,-11.710774062615512,-12.002537582488014,True
2018-04-18,False,354,360,,insufficient_complete_m5,True,240,240,9.53644967669207e-06,ok,True,1367,1440,3.8842848653415166e-05,ok,48.0,1349.629,1342.641,0.005193012025003319,267.0,1355.647,1342.136,0.010034613512155554,,,,,-11.649981454536146,-10.255523635392914,,-11.560389293059695,-11.70757545134633,-11.959576159829489,False
2018-04-19,True,359,360,5.609206198495161e-06,ok,True,240,240,1.0579660334428552e-05,ok,True,1377,1440,5.1555811943580916e-05,ok,48.0,1354.665,1343.167,0.008493522562535237,273.0,1354.665,1340.174,0.010729158529962373,71.0,1352.994,1347.854,0.003805663849562162,-11.560389293059695,-10.155986573939824,-12.091101346035844,-11.456577236545836,-11.572617349620694,-11.928191097001271,True
2018-04-20,True,358,360,5.776505136912154e-06,ok,True,240,240,5.039744315008391e-06,ok,False,1257,1440,,insufficient_minutes,48.0,1344.16,1339.142,0.003735160867602414,,,,,71.0,1345.694,1341.078,0.00343298611782519,-11.456577236545836,-9.872845610043008,-12.061711705746117,-12.198155208316994,-11.626502913483177,-11.873204962499871,True
2018-04-23,True,360,360,4.458928456533923e-06,ok,True,240,240,6.20316188603243e-06,ok,True,1378,1440,3.054776366143586e-05,ok,48.0,1334.892,1326.99,0.005920897350881761,274.0,1335.438,1321.923,0.010138419621799141,72.0,1335.017,1332.126,0.0021687141048184885,-12.198155208316994,-9.872845610043008,-12.320602077181018,-11.990451414291524,-11.748245260230119,-11.873832824586705,True
2018-04-24,False,350,360,,insufficient_minutes,True,239,240,5.431053562754569e-06,ok,True,1368,1440,3.758859658534729e-05,ok,47.0,1327.921,1324.088,0.002892888046440237,267.0,1332.645,1321.722,0.008245444454215819,,,,,-11.990451414291524,-10.396219077597767,,-12.12337741654912,-11.73411516941685,-11.858261113220387,False
2018-04-25,False,355,360,,insufficient_complete_m5,True,238,240,3.440270625899515e-06,ok,True,1369,1440,2.5968114021149367e-05,ok,46.0,1325.722,1322.823,0.0021879509488415614,265.0,1331.666,1318.556,0.009843772349812003,,,,,-12.12337741654912,-10.188809835872398,,-12.579960419353688,-11.819720504710617,-11.84285668405356,False
2018-04-26,False,344,360,,insufficient_minutes,True,239,240,7.514956542875046e-06,ok,True,1359,1440,2.970524313284983e-05,ok,47.0,1326.55,1321.214,0.0040265164520474125,262.0,1326.55,1315.123,0.00863935621032633,,,,,-12.579960419353688,-10.558641156368754,,-11.798615317493947,-12.000884834822413,-11.86559569580021,False
2018-04-27,False,350,360,,insufficient_minutes,True,240,240,5.4352536992891315e-06,ok,False,1246,1440,,insufficient_minutes,48.0,1320.667,1315.098,0.004230632927451338,,,,,,,,,-11.798615317493947,-10.424186991276757,,-12.122604359678474,-12.106075758875042,-11.84889480752678,False
2018-04-30,True,358,360,2.7913566945255847e-06,ok,True,239,240,2.295006007898016e-06,ok,True,1376,1440,3.712330162446843e-05,ok,47.0,1318.676,1315.095,0.002715451266521734,273.0,1324.873,1310.018,0.011224031440888356,71.0,1324.873,1320.851,0.0030389131238809947,-12.122604359678474,-10.424186991276757,-12.788982809882878,-12.984775096634706,-12.091862337650488,-11.831282312992823,True
2018-05-01,True,356,360,2.756312765839741e-06,ok,True,240,240,3.313774783652422e-06,ok,True,1372,1440,2.8117187055442355e-05,ok,48.0,1311.61,1307.563,0.00308661631116921,269.0,1315.247,1301.569,0.010399120811280523,69.0,1315.247,1311.11,0.0031452816783352064,-12.984775096634706,-10.201265709376925,-12.801616725823783,-12.617422600336086,-12.242050540057301,-11.828694290550581,True
2018-05-02,True,356,360,4.81177729701969e-06,ok,True,240,240,3.5286159702963824e-06,ok,True,1370,1440,4.8411937966099485e-05,ok,48.0,1311.609,1308.564,0.0023247087529291487,269.0,1313.475,1303.688,0.007496219146647176,69.0,1311.884,1305.288,0.005052116224715008,-12.617422600336086,-10.479129529615747,-12.244444041675179,-12.554604840304409,-12.33393957852987,-11.83727355374643,True
2018-05-03,False,353,360,,insufficient_complete_m5,True,240,240,8.48629442754672e-06,ok,True,1366,1440,3.511970320903454e-05,ok,48.0,1313.225,1306.344,0.005256574059750356,268.0,1318.069,1305.326,0.009757225557453151,,,,,-12.554604840304409,-9.935764122463201,,-11.677058116105288,-12.329931788213711,-11.934277293781744,False
2018-05-04,False,335,360,,insufficient_minutes,True,239,240,4.537642867889606e-06,ok,False,1234,1440,,insufficient_minutes,47.0,1311.317,1308.456,0.0021816021774845873,,,,,,,,,-11.677058116105288,-10.256748240000876,,-12.303102872832703,-12.286894711648372,-11.91720755733207,False
2018-05-07,True,359,360,6.022316350597401e-06,ok,True,240,240,4.515286759805321e-06,ok,True,1378,1440,2.582376987049901e-05,ok,48.0,1314.856,1311.759,0.0023576063254189318,274.0,1318.894,1310.025,0.006746110375615054,71.0,1318.894,1313.444,0.004145484445495852,-12.303102872832703,-10.256748240000876,-12.020038596804042,-12.308041860419962,-12.326599409190372,-11.939878371998377,True
2018-05-08,True,357,360,5.155791004834223e-06,ok,True,240,240,4.434740919409959e-06,ok,True,1376,1440,5.7980994111988174e-05,ok,48.0,1314.793,1307.099,0.005859331865581078,272.0,1317.794,1305.917,0.00902629001013068,69.0,1317.016,1310.567,0.004901115119586806,-12.308041860419962,-10.564215177374814,-12.175390008069963,-12.326041361178543,-12.231119113543183,-11.946781645273283,True
2018-05-09,False,356,360,,insufficient_complete_m5,True,240,240,7.974571161926618e-06,ok,True,1374,1440,3.5501750389601345e-05,ok,48.0,1309.229,1303.902,0.004072164534711055,270.0,1317.342,1303.902,0.010208910464664982,,,,,-12.326041361178543,-9.75539528884355,,-11.739252683538345,-12.186168809828366,-11.979351119052266,False
2018-05-10,False,354,360,,insufficient_complete_m5,True,240,240,5.085167785028019e-06,ok,True,1373,1440,3.818738553330223e-05,ok,48.0,1316.921,1310.51,0.004883639351118173,270.0,1322.845,1310.51,0.00939769426980642,,,,,-11.739252683538345,-10.245928555949108,,-12.189182532935735,-12.025468023940338,-11.944995583115448,False
2018-05-11,False,354,360,,insufficient_complete_m5,True,239,240,5.274606877074871e-06,ok,False,1251,1440,,insufficient_minutes,47.0,1325.555,1318.86,0.005074033906218032,,,,,,,,,-12.189182532935735,-10.17300531852822,,-12.15260640705233,-12.146016298315987,-12.00831013013461,False
2018-05-14,False,350,360,,insufficient_minutes,True,239,240,3.039344958941389e-06,ok,True,1369,1440,1.572823869163614e-05,ok,47.0,1321.777,1318.483,0.0024959717032279768,266.0,1322.31,1312.093,0.007739444997634588,,,,,-12.15260640705233,-10.17300531852822,,-12.703868539796446,-12.118634331238937,-12.049185934856757,False
2018-05-15,False,345,360,,insufficient_minutes,True,239,240,1.984611137328658e-06,ok,True,1364,1440,4.705965015340676e-05,ok,47.0,1312.118,1308.617,0.002669259937961227,266.0,1314.847,1288.524,0.020035796965820935,,,,,-12.703868539796446,-11.06005281845157,,-13.130087563606244,-12.174247221691815,-12.071674477944065,False
2018-05-16,False,356,360,,insufficient_complete_m5,True,240,240,6.045764309346421e-06,ok,True,1372,1440,3.0005543639691998e-05,ok,48.0,1296.876,1289.408,0.005768238539989986,269.0,1296.876,1286.207,0.008252278871180348,,,,,-13.130087563606244,-9.964094608746946,,-12.016152645273507,-12.273996006848522,-12.132355617001304,False
2018-05-17,True,358,360,5.1287327709273035e-06,ok,True,239,240,7.806063077633871e-06,ok,True,1369,1440,3.2619274556639706e-05,ok,47.0,1290.497,1283.677,0.00528885730050377,267.0,1294.386,1283.677,0.008290085648993995,70.0,1294.386,1289.443,0.003826491116161822,-12.016152645273507,-10.414128405383583,-12.180651952507906,-11.760609808578254,-12.36018022312611,-12.165319175606328,True
2018-05-18,False,349,360,,insufficient_minutes,True,239,240,3.2594191750610866e-06,ok,False,1247,1440,,insufficient_minutes,47.0,1291.115,1286.145,0.0038517024796206794,,,,,,,,,-11.760609808578254,-10.330607200238822,,-12.633961545618487,-12.240647926441808,-12.192308490858014,False
2018-05-21,True,356,360,3.762244610946508e-06,ok,False,236,240,,insufficient_complete_m5,True,1368,1440,2.5532434508703034e-05,ok,,,,,266.0,1293.409,1281.827,0.00897037421997175,69.0,1291.185,1285.874,0.0041134223348531194,-12.633961545618487,-10.330607200238822,-12.490494807682362,,-12.327779248696597,-12.210024377992989,True
2018-05-22,False,352,360,,insufficient_minutes,True,240,240,5.90232597738669e-06,ok,True,1367,1440,2.44186487617202e-05,ok,48.0,1295.392,1287.76,0.005921431633339911,267.0,1296.058,1287.76,0.006419497696353429,,,,,-12.633961545618487,-10.575560972514463,,-12.040164051286819,-12.327779248696597,-12.210024377992989,False
2018-05-23,True,359,360,6.822099868445803e-06,ok,True,240,240,7.937706781927052e-06,ok,True,1379,1440,4.740968613527354e-05,ok,48.0,1297.879,1289.537,0.006464381582944223,275.0,1297.879,1286.891,0.008493950920145677,71.0,1295.534,1290.195,0.0041271572590698856,-12.040164051286819,-10.620163424075548,-11.895343234900858,-11.743886142818392,-12.206145301099257,-12.213049219052724,True
2018-05-24,True,359,360,3.6417243353319248e-06,ok,True,240,240,3.2245017790538154e-06,ok,True,1376,1440,2.4317296535345864e-05,ok,48.0,1297.953,1295.353,0.002006155811949057,272.0,1306.559,1292.597,0.010780659672595944,71.0,1296.108,1293.544,0.0019797744879339932,-11.743886142818392,-9.95668400129419,-12.523053269987027,-12.644732106765998,-11.992534137021714,-12.188120515169219,True
2018-05-25,True,357,360,3.0130150899140538e-06,ok,True,240,240,4.6602195621016265e-06,ok,False,1254,1440,,insufficient_minutes,48.0,1306.663,1302.66,0.003071026404075826,,,,,69.0,1304.754,1301.456,0.002528160085120346,-12.644732106765998,-10.624322669243233,-12.712569289559799,-12.276447994605839,-12.088111250987348,-12.190242063042586,True
2018-05-28,False,356,360,,insufficient_complete_m5,True,240,240,3.6108957282118973e-06,ok,False,1136,1440,,insufficient_minutes,48.0,1299.064,1295.911,0.002431049896663047,,,,,,,,,-12.276447994605839,-10.624322669243233,,-12.531554692238773,-12.206705914981741,-12.218743401398404,False
2018-05-29,False,353,360,,insufficient_complete_m5,True,240,240,1.5717246678831233e-05,ok,True,1371,1440,7.484359856381459e-05,ok,48.0,1306.514,1295.747,0.008301736949745713,270.0,1306.514,1291.624,0.011471057151518391,,,,,-12.531554692238773,,,-11.060751933960402,-12.192735982354758,-12.237392428899776,False
2018-05-30,False,355,360,,insufficient_complete_m5,True,238,240,6.5028669173749546e-06,ok,True,1373,1440,3.057089449687933e-05,ok,46.0,1299.747,1295.709,0.0031111388478616206,269.0,1304.287,1295.709,0.00658725307400022,,,,,-11.060751933960402,-9.500109974285513,,-11.943267414091379,-11.8653076209754,-12.107687192697579,False
2018-05-31,False,354,360,,insufficient_complete_m5,False,233,240,,insufficient_minutes,True,1365,1440,3.481455112537172e-05,ok,,,,,265.0,1306.427,1295.712,0.008225369757814037,,,,,-11.943267414091379,-10.39546216187858,,,-11.906983956621849,-12.079194272787332,False
2018-06-01,False,356,360,,insufficient_complete_m5,False,237,240,,insufficient_complete_m5,False,1246,1440,,insufficient_minutes,,,,,,,,,,,,,-11.943267414091379,-10.26547512279171,,,-11.906983956621849,-12.079194272787332,False
2018-06-04,False,352,360,,insufficient_minutes,True,240,240,4.561176334452504e-06,ok,True,1359,1440,1.8404513851190926e-05,ok,48.0,1295.39,1289.954,0.004209329751737935,261.0,1298.013,1289.954,0.006234062393999063,,,,,,-10.26547512279171,,-12.297929999624333,-11.906983956621849,-12.079194272787332,False
2018-06-05,False,354,360,,missing_boundary,True,238,240,1.9543481762179296e-06,ok,True,1367,1440,2.3286426547318212e-05,ok,46.0,1294.003,1290.155,0.002975615112536678,263.0,1300.485,1289.402,0.008581049221604343,,,,,-12.297929999624333,-10.902914605435367,,-13.14545383382092,-11.868104236705229,-12.070140172165603,False
2018-06-06,False,342,360,,insufficient_minutes,True,240,240,3.858177036167882e-06,ok,True,1350,1440,1.6731119744998984e-05,ok,48.0,1298.762,1294.002,0.0036675235779003897,259.0,1301.776,1293.645,0.006269481289287935,,,,,-13.14545383382092,-10.667639918758985,,-12.465315756465163,-11.948441600938859,-12.128847685843947,False
2018-06-07,False,352,360,,insufficient_minutes,True,239,240,1.94565853639026e-06,ok,True,1366,1440,2.556490249959358e-05,ok,47.0,1299.526,1296.731,0.0021540587437637866,264.0,1303.095,1294.642,0.006515576915294783,,,,,-12.465315756465163,-10.998240114840725,,-13.149910059077884,-11.940825919563252,-12.135157239387238,False
2018-06-08,False,351,360,,insufficient_minutes,True,240,240,7.772001124379918e-06,ok,False,1244,1440,,insufficient_minutes,48.0,1300.496,1294.381,0.0047216978036190745,,,,,,,,,-13.149910059077884,-10.574290143263422,,-11.764982881778488,-12.489910011647536,-12.159385520628266,False
2018-06-11,False,355,360,,insufficient_complete_m5,True,238,240,2.1258373665149916e-06,ok,True,1369,1440,1.4460148812216046e-05,ok,46.0,1297.987,1293.78,0.00324290907521214,265.0,1302.122,1293.78,0.006420328320289952,,,,,-11.764982881778488,-10.574290143263422,,-13.061344778376524,-12.424658538386069,-12.12803188088646,False
2018-06-12,False,352,360,,insufficient_minutes,False,236,240,,insufficient_complete_m5,True,1367,1440,2.4106619735716632e-05,ok,,,,,264.0,1299.813,1291.609,0.006319631298351594,,,,,-13.061344778376524,-11.144114049985362,,,-12.553871541834912,-12.183646606317396,False
2018-06-13,False,341,360,,insufficient_minutes,False,237,240,,insufficient_complete_m5,True,1354,1440,2.9900848781419432e-05,ok,,,,,257.0,1301.193,1290.285,0.008420181572708903,,,,,-13.061344778376524,-10.633024077354149,,,-12.553871541834912,-12.183646606317396,False
2018-06-14,False,345,360,,insufficient_minutes,True,238,240,3.845545534419447e-06,ok,True,1362,1440,3.237053091003127e-05,ok,46.0,1305.654,1301.661,0.0030651805696875196,264.0,1309.266,1297.388,0.009139953322986434,,,,,-13.061344778376524,-10.417623690632103,,-12.468595083557386,-12.553871541834912,-12.183646606317396,False
2018-06-15,False,356,360,,insufficient_complete_m5,True,240,240,7.051344969554683e-06,ok,False,1256,1440,,insufficient_minutes,48.0,1301.128,1297.309,0.002938617972353569,,,,,,,,,-12.468595083557386,-10.338262088862157,,-11.86229218351213,-12.452115414138904,-12.195841986954509,False
2018-06-18,False,350,360,,insufficient_minutes,True,240,240,2.942112287252217e-06,ok,True,1354,1440,1.6533892036516274e-05,ok,48.0,1282.222,1278.644,0.0027970464502799003,259.0,1282.38,1276.877,0.004295912910768008,,,,,-11.86229218351213,-10.338262088862157,,-12.73638276953437,-12.300805940389212,-12.178408304985457,False
2018-06-19,False,348,360,,insufficient_minutes,True,240,240,3.1272112119355297e-06,ok,True,1361,1440,3.072416655171691e-05,ok,48.0,1282.664,1278.235,0.0034592833214744153,265.0,1284.035,1270.292,0.010726729483168928,,,,,-12.73638276953437,-11.01009822094123,,-12.67536893717877,-12.257920144739956,-12.179354549133809,False
2018-06-20,False,353,360,,insufficient_complete_m5,True,240,240,3.413718544494378e-06,ok,True,1371,1440,2.292673287679039e-05,ok,48.0,1274.552,1269.698,0.0038109983496664116,267.0,1276.419,1266.168,0.00803905738111508,,,,,-12.67536893717877,-10.39046102894301,,-12.587708378556313,-12.475676380619497,-12.16829121221825,False
2018-06-21,False,353,360,,insufficient_complete_m5,True,238,240,6.0697416788884955e-06,ok,True,1369,1440,2.5818583741623418e-05,ok,46.0,1264.986,1261.983,0.0023779593339656262,266.0,1270.083,1260.633,0.0074441335501191416,,,,,-12.587708378556313,-10.683206953723577,,-12.01219451081846,-12.410397752341547,-12.193962502223672,False
2018-06-22,False,350,360,,insufficient_minutes,True,240,240,4.093743459170483e-06,ok,False,1239,1440,,insufficient_minutes,48.0,1271.093,1267.62,0.002733795394345998,,,,,,,,,-12.01219451081846,-10.564416025265364,,-12.406050735324008,-12.306815895312827,-12.211265551350822,False
2018-06-25,False,353,360,,insufficient_complete_m5,False,237,240,,insufficient_complete_m5,True,1365,1440,2.4239453825779558e-05,ok,,,,,265.0,1272.569,1264.043,0.006708592088724055,,,,,-12.406050735324008,-10.564416025265364,,,-12.447047881455989,-12.20291384295702,False
2018-06-26,False,349,360,,insufficient_minutes,True,238,240,7.206061683561926e-06,ok,True,1358,1440,2.507831964764184e-05,ok,47.0,1263.947,1255.935,0.006341226360886334,258.0,1267.661,1254.6,0.010315784152819998,,,,,-12.406050735324008,-10.627528928956796,,-11.840587985646987,-12.447047881455989,-12.20291384295702,False
2018-06-27,True,357,360,1.1463776237776615e-05,ok,True,238,240,3.626874116228353e-06,ok,True,1372,1440,3.572138385936025e-05,ok,46.0,1259.177,1255.264,0.0031125538611815385,268.0,1260.032,1250.515,0.00756313873833767,69.0,1259.496,1253.249,0.004964477009393384,-11.840587985646987,-10.593506844139435,-11.376318386315512,-12.527139405674605,-12.250631756962385,-12.190001329839633,True
2018-06-28,False,350,360,,insufficient_minutes,True,240,240,4.0144339321458115e-06,ok,True,1367,1440,2.909736855021511e-05,ok,48.0,1253.204,1248.102,0.004079462361722346,268.0,1254.229,1245.777,0.006745685578583005,,,,,-12.527139405674605,-10.239761060843033,,-12.425614208762909,-12.229949871862202,-12.233348443740178,False
2018-06-29,True,358,360,7.452666994307303e-06,ok,True,240,240,4.1671359708859746e-06,ok,False,1251,1440,,insufficient_minutes,48.0,1251.911,1248.877,0.0024251279706619506,,,,,70.0,1251.935,1245.677,0.005011606056371389,-12.425614208762909,-10.44486281570333,-11.806938603821377,-12.388281575654116,-12.205638544965657,-12.225263468258337,True
2018-07-02,True,353,360,4.1036035287638705e-06,ok,True,239,240,1.7723054639017614e-06,ok,True,1369,1440,2.1549943830792194e-05,ok,47.0,1249.484,1247.475,0.0016081063287268819,270.0,1253.602,1239.541,0.01121876959754142,69.0,1253.602,1248.859,0.0037842702653538333,-12.388281575654116,-10.44486281570333,-12.40364506081416,-13.243229336946007,-12.284758810038241,-12.230302519508015,True
2018-07-03,True,358,360,7.444571894787647e-06,ok,True,239,240,7.318003749949421e-06,ok,True,1358,1440,3.3972348322985126e-05,ok,47.0,1247.664,1241.935,0.004611793117327464,260.0,1256.808,1237.757,0.015337012144585358,71.0,1242.54,1237.757,0.003850555303530026,-13.243229336946007,-10.745137347877673,-11.80802539586072,-11.82517297893921,-12.3906297633268,-12.24931902417561,True
2018-07-04,True,357,360,9.740814639822691e-06,ok,True,240,240,3.897278891964474e-06,ok,False,1131,1440,,insufficient_minutes,48.0,1260.641,1255.884,0.003773073091492907,,,,,69.0,1260.411,1254.329,0.004846018209618659,-11.82517297893921,-10.289963648861553,-11.53918580522185,-12.455231968357667,-12.385258967125093,-12.341110336694232,True
2018-07-05,True,357,360,3.669034169852486e-06,ok,False,236,240,,insufficient_complete_m5,True,1369,1440,2.130078708469823e-05,ok,,,,,267.0,1259.712,1251.156,0.006806005767127405,69.0,1258.109,1253.239,0.003873918663617294,-12.455231968357667,-10.289963648861553,-12.515582099510352,,-12.372403158888691,-12.371387125192822,True
2018-07-06,True,358,360,5.60266284918422e-06,ok,True,239,240,2.747738301950508e-06,ok,False,1246,1440,,insufficient_minutes,47.0,1256.78,1253.523,0.0025918466250687846,,,,,70.0,1257.809,1252.658,0.004096372511439836,-12.455231968357667,-10.756766533598364,-12.092268564458749,-12.804732420325903,-12.372403158888691,-12.371387125192822,True
2018-07-09,False,354,360,,insufficient_complete_m5,True,238,240,3.948014363509389e-06,ok,True,1364,1440,1.746843646977492e-05,ok,46.0,1265.25,1259.317,0.004706246306512827,263.0,1265.83,1255.3,0.008380808664466782,,,,,-12.804732420325903,-10.756766533598364,,-12.442297798226052,-12.434105008702085,-12.39301359085794,False
2018-07-10,False,356,360,,insufficient_complete_m5,True,240,240,6.554173792412819e-06,ok,True,1373,1440,3.148530652943049e-05,ok,48.0,1257.402,1249.837,0.006016662935248741,269.0,1260.289,1247.189,0.010409353797646065,,,,,-12.442297798226052,-10.955114935832944,,-11.935408491040011,-12.44517583854297,-12.369263115481175,False
2018-07-11,True,359,360,1.0305958907835279e-05,ok,True,237,240,3.2190073179122797e-06,ok,True,1376,1440,3.0049862854578087e-05,ok,46.0,1253.423,1249.28,0.0033088305763738705,273.0,1256.026,1241.364,0.011673055718101545,71.0,1256.026,1248.878,0.005690833602031869,-11.935408491040011,-10.365989580341868,-11.482788295274101,-12.646437532300613,-12.227696398798795,-12.33801746908402,True
2018-07-12,True,357,360,5.084537149307711e-06,ok,False,235,240,,insufficient_minutes,True,1371,1440,2.2567624571970124e-05,ok,,,,,268.0,1248.522,1241.184,0.005904751482222952,69.0,1244.878,1241.184,0.0029724927739617677,-12.646437532300613,-10.412652460901024,-12.189306555358252,,-12.411071184409918,-12.323592523503958,True
2018-07-13,False,351,360,,insufficient_minutes,True,240,240,4.801462079859634e-06,ok,False,1245,1440,,insufficient_minutes,48.0,1244.953,1239.003,0.004779331439807771,,,,,,,,,-12.646437532300613,-10.698994219817246,,-12.246590086460825,-12.411071184409918,-12.323592523503958,False
2018-07-16,False,347,360,,insufficient_minutes,False,237,240,,insufficient_complete_m5,True,1350,1440,1.9413120707305383e-05,ok,,,,,252.0,1245.517,1238.198,0.00589716659636635,,,,,-12.246590086460825,-10.698994219817246,,,-12.367632230374708,-12.357573151812298,False
2018-07-17,False,354,360,,insufficient_complete_m5,True,238,240,1.997519104632067e-06,ok,True,1362,1440,3.327651073009069e-05,ok,46.0,1244.946,1241.496,0.002775380046063118,260.0,1244.946,1225.935,0.015322295305789014,,,,,-12.246590086460825,-10.849561395380922,,-13.123604595080346,-12.367632230374708,-12.357573151812298,False
2018-07-18,False,353,360,,insufficient_complete_m5,True,239,240,4.3229979752594664e-06,ok,True,1368,1440,2.3676525093239104e-05,ok,47.0,1224.882,1220.9,0.0032522476608645417,264.0,1229.128,1220.9,0.0067041363902281895,,,,,-13.123604595080346,-10.310658793358616,,-12.351561420643574,-12.40353984105264,-12.35906735178173,False
2018-07-19,False,356,360,,insufficient_complete_m5,True,240,240,9.083180367368211e-06,ok,True,1374,1440,7.04417586345441e-05,ok,48.0,1223.976,1215.261,0.007120385996002409,270.0,1228.837,1211.064,0.014479559120113951,,,,,-12.351561420643574,-10.651026503089827,,-11.609086165954668,-12.38543090426822,-12.353518929681167,False
2018-07-20,True,359,360,2.545383259971886e-05,ok,True,240,240,6.400912731681744e-06,ok,False,1258,1440,,insufficient_minutes,48.0,1226.714,1222.073,0.0037929821249280075,,,,,71.0,1224.104,1215.42,0.00709771702634751,-11.609086165954668,-9.56072430822907,-10.578644232996588,-11.95906996344183,-12.271180209820743,-12.330245516974358,True
2018-07-23,False,355,360,,insufficient_complete_m5,True,238,240,3.1552261862758373e-06,ok,True,1366,1440,3.02097410815712e-05,ok,46.0,1231.48,1227.923,0.0028924048960275307,264.0,1235.096,1222.074,0.01056085589808631,,,,,-11.95906996344183,-9.56072430822907,,-12.666450373169695,-12.14380900025667,-12.291831918681309,False
2018-07-24,True,360,360,6.8867702455944674e-06,ok,True,240,240,6.856364933283018e-06,ok,True,1376,1440,2.7728256825567702e-05,ok,48.0,1227.334,1219.23,0.006645493586163894,272.0,1229.483,1217.936,0.009431843150580332,72.0,1224.856,1217.936,0.005652407950291542,-12.666450373169695,-10.407346133222376,-11.885908342551414,-11.89033314977688,-12.207680482799354,-12.291526729780164,True
2018-07-25,True,358,360,6.836734339027283e-06,ok,True,240,240,5.338519067857815e-06,ok,True,1378,1440,3.057585164129642e-05,ok,48.0,1231.843,1225.388,0.005258752197087242,274.0,1234.126,1223.148,0.008960199021217884,70.0,1227.442,1223.148,0.003504745363190948,-11.89033314977688,-10.493058562715406,-11.893200376153308,-12.140562271571238,-12.029813354061474,-12.254714971569364,True
2018-07-26,True,358,360,7.060718613728573e-06,ok,True,238,240,5.575015617151894e-06,ok,True,1374,1440,2.9849080300202812e-05,ok,46.0,1230.331,1226.655,0.0029892205908182553,271.0,1235.162,1221.034,0.011457260921519571,70.0,1235.162,1229.12,0.004899828035661328,-12.140562271571238,-10.395300022607366,-11.860963724991926,-12.097215439339164,-11.996323900249918,-12.262421291546133,True
2018-07-27,False,356,360,,insufficient_complete_m5,True,240,240,8.335022965283144e-06,ok,False,1253,1440,,insufficient_minutes,48.0,1225.343,1217.41,0.006482366337454842,,,,,,,,,-12.097215439339164,-10.419356529313797,,-11.695044286482393,-12.117108430241899,-12.246871456487998,False
2018-07-30,False,356,360,,insufficient_complete_m5,True,238,240,2.2583619105537626e-06,ok,True,1354,1440,1.6966160098223185e-05,ok,46.0,1222.764,1219.086,0.0030143674192612863,254.0,1225.059,1218.876,0.00505711025776294,,,,,-11.695044286482393,-10.419356529313797,,-13.000870825826935,-12.048721990408806,-12.235180324169283,False
2018-07-31,False,355,360,,insufficient_complete_m5,True,239,240,4.531539963668732e-06,ok,True,1367,1440,4.4921604123362507e-05,ok,47.0,1222.594,1217.374,0.004270960536570122,265.0,1228.52,1213.772,0.012062175657273291,,,,,-13.000870825826935,-10.984289780207883,,-12.304448728408762,-12.079852961119899,-12.24936983912313,False
2018-08-01,True,355,360,5.001784647996172e-06,ok,False,237,240,,insufficient_complete_m5,True,1369,1440,2.4783711189974624e-05,ok,,,,,267.0,1224.727,1214.291,0.008526258728161084,69.0,1224.727,1219.394,0.004357084879003748,-12.304448728408762,-10.010591718060171,-12.205715779615156,,-12.165373812852637,-12.243984495762593,True
2018-08-02,False,351,360,,insufficient_minutes,True,239,240,4.075521881499608e-06,ok,True,1369,1440,2.4876253183218697e-05,ok,47.0,1218.709,1213.666,0.004139050086774057,265.0,1221.082,1205.62,0.012696405476977575,,,,,-12.304448728408762,-10.605323927441317,,-12.410511750391935,-12.165373812852637,-12.243984495762593,False
2018-08-03,False,351,360,,insufficient_minutes,True,238,240,5.084980533571164e-06,ok,False,1240,1440,,insufficient_minutes,46.0,1208.828,1204.239,0.003805349214799435,,,,,,,,,-12.410511750391935,-10.601596896963736,,-12.18921935667734,-12.215094728876844,-12.244936489042855,False
2018-08-06,False,352,360,,insufficient_minutes,True,239,240,5.160336674631672e-06,ok,True,1350,1440,2.1864293584446023e-05,ok,47.0,1213.458,1209.044,0.0036370422952422946,255.0,1217.837,1205.358,0.010272024681175452,,,,,-12.18921935667734,-10.601596896963736,,-12.174508733577655,-12.235072001402477,-12.211076727734778,False
2018-08-07,False,344,360,,insufficient_minutes,True,238,240,6.118171964535287e-06,ok,True,1343,1440,1.961421977940764e-05,ok,46.0,1216.119,1210.111,0.00495258240324705,247.0,1216.119,1207.685,0.006977652318658783,,,,,-12.174508733577655,-10.73065568167317,,-12.004247204664699,-12.375166509015584,-12.233000213505406,False
2018-08-08,False,353,360,,insufficient_complete_m5,True,239,240,4.831948119607453e-06,ok,True,1358,1440,3.0260550965579612e-05,ok,47.0,1215.826,1209.701,0.0050461548094386565,257.0,1215.826,1205.92,0.008170146223018723,,,,,-12.004247204664699,-10.839255755825576,,-12.240260834225607,-12.207251299153276,-12.210441497753282,False
2018-08-09,False,355,360,,insufficient_complete_m5,True,240,240,4.833358629944886e-06,ok,True,1363,1440,2.3872786023226004e-05,ok,48.0,1215.874,1210.428,0.004485593962321268,260.0,1217.266,1210.428,0.005635866794747028,,,,,-12.240260834225607,-10.405665642050735,,-12.239968963437851,-12.195292592700609,-12.189724236491017,False
2018-08-10,False,356,360,,insufficient_complete_m5,True,240,240,5.948398048682857e-06,ok,False,1256,1440,,insufficient_minutes,48.0,1211.356,1206.641,0.0039008884759563116,,,,,,,,,-12.239968963437851,-10.642771407908835,,-12.03238861017261,-12.165745009769124,-12.181052068999119,False
2018-08-13,True,360,360,6.4172843199544815e-06,ok,True,240,240,8.513248756698108e-06,ok,True,1374,1440,5.1714406236108134e-05,ok,48.0,1208.601,1200.962,0.0063234765793792275,271.0,1212.615,1190.296,0.01840893335164408,72.0,1212.615,1207.112,0.004538929173981641,-12.03238861017261,-10.642771407908835,-11.956515532875818,-11.673886930686018,-12.133111688986768,-12.186977659991996,True
2018-08-14,False,355,360,,insufficient_complete_m5,True,239,240,3.5431734464390704e-06,ok,True,1355,1440,2.1594395242185677e-05,ok,47.0,1195.682,1193.766,0.0016030306985398198,254.0,1198.694,1191.746,0.005824383275938847,,,,,-11.673886930686018,-9.869774164664054,,-12.55048777859697,-12.015613438758223,-12.136340563880623,False
2018-08-15,True,356,360,8.94223616793019e-06,ok,True,238,240,5.857226721766118e-06,ok,True,1369,1440,5.474497288369814e-05,ok,46.0,1189.52,1183.643,0.00494403573636853,268.0,1194.018,1172.858,0.01772442951586599,69.0,1194.018,1186.391,0.006388668427103427,-12.55048777859697,-10.743076756473233,-11.624724869415344,-12.047834322067473,-12.104595086752019,-12.148145315750403,True
2018-08-16,True,360,360,6.745142499162548e-05,ok,True,239,240,1.2117336833437701e-05,ok,True,1369,1440,0.00010570565320851956,ok,47.0,1182.003,1173.834,0.006951219356537707,267.0,1182.003,1159.948,0.018789449964516723,72.0,1178.641,1159.948,0.015925240906221418,-12.047834322067473,-9.812825012959163,-9.604102848897268,-11.320873334682696,-12.068211443948192,-12.112368240694849,True
2018-08-17,True,357,360,1.615520619335964e-05,ok,True,240,240,1.3440324741513945e-05,ok,False,1253,1440,,insufficient_minutes,48.0,1179.828,1173.512,0.005376112983491631,,,,,69.0,1179.299,1171.683,0.006479760956717636,-11.320873334682696,-9.154852182993965,-11.033268195330104,-11.217251060846149,-11.842002368008636,-12.043802061359074,True
2018-08-20,True,358,360,6.217911763069695e-06,ok,False,237,240,,insufficient_complete_m5,True,1370,1440,3.285793271456237e-05,ok,,,,,267.0,1191.317,1182.699,0.007281000753192356,71.0,1186.605,1182.699,0.003300021924108746,-11.217251060846149,-9.154852182993965,-11.988076436992937,,-11.652847278627457,-12.007426810029658,True
2018-08-21,False,354,360,,insufficient_complete_m5,True,240,240,4.6674600108461565e-06,ok,True,1370,1440,3.0081178935480018e-05,ok,48.0,1195.791,1193.067,0.0022796524283235373,266.0,1196.95,1187.519,0.007917076784563791,,,,,-11.217251060846149,-10.323317359246472,,-12.274895529141707,-11.652847278627457,-12.007426810029658,False
2018-08-22,False,353,360,,insufficient_complete_m5,False,235,240,,insufficient_minutes,True,1364,1440,3.3571350980105935e-05,ok,,,,,263.0,1201.573,1192.418,0.007654307878753589,,,,,-12.274895529141707,-10.411610866316897,,,-11.745475070994168,-12.021740303327167,False
2018-08-23,False,348,360,,insufficient_minutes,False,236,240,,insufficient_complete_m5,True,1339,1440,4.289255446859606e-05,ok,,,,,249.0,1195.483,1183.694,0.009864417600651314,,,,,-12.274895529141707,-10.301837504108986,,,-11.745475070994168,-12.021740303327167,False
2018-08-24,True,358,360,8.856328771870816e-06,ok,True,240,240,6.011934267836294e-06,ok,False,1256,1440,,insufficient_minutes,48.0,1192.343,1187.639,0.0039543351626898544,,,,,70.0,1189.521,1182.991,0.005512488360883089,-12.274895529141707,-10.056812302603385,-11.634378239052037,-12.021764019626948,-11.745475070994168,-12.021740303327167,True
2018-08-27,False,355,360,,insufficient_complete_m5,True,239,240,4.871134899121201e-06,ok,True,1361,1440,2.650146250317752e-05,ok,47.0,1205.54,1202.982,0.0021222615110701015,260.0,1212.332,1202.982,0.007741415205215922,,,,,-12.021764019626948,-10.056812302603385,,-12.232183609185185,-11.685036544742454,-11.998260054409908,False
2018-08-28,True,353,360,4.319827600356374e-06,ok,False,237,240,,insufficient_complete_m5,True,1360,1440,3.527254995673558e-05,ok,,,,,263.0,1214.269,1199.489,0.012202965535291564,69.0,1212.436,1207.949,0.003704648603305247,-12.232183609185185,-10.538310637695792,-12.352295063829487,,-11.708741080363271,-12.014518713120165,True
2018-08-29,False,348,360,,insufficient_minutes,True,240,240,9.749825416965698e-06,ok,True,1357,1440,3.02313586422357e-05,ok,48.0,1205.829,1201.528,0.0035764489877883774,259.0,1207.835,1201.364,0.005379859571614863,,,,,-12.232183609185185,-10.252405518151772,,-11.538261179067067,-11.708741080363271,-12.014518713120165,False
2018-08-30,False,352,360,,insufficient_minutes,True,240,240,7.789580718860331e-06,ok,True,1361,1440,4.1037769567506976e-05,ok,48.0,1205.384,1201.123,0.0035419886924026524,259.0,1207.244,1194.695,0.010394810629561534,,,,,-11.538261179067067,-10.406630806675205,,-11.762723522526233,-11.768058276788988,-11.9787432956766,False
2018-08-31,False,351,360,,insufficient_minutes,True,238,240,8.80855074538318e-06,ok,False,1243,1440,,insufficient_minutes,46.0,1208.833,1203.865,0.004125886031533857,,,,,,,,,-11.762723522526233,-10.101017706348951,,-11.639787632639555,-11.925719303328364,-11.96125460030505,False
2018-09-03,False,353,360,,insufficient_complete_m5,True,240,240,7.953534480991722e-06,ok,False,1130,1440,,insufficient_minutes,48.0,1203.849,1198.921,0.004108407604388929,,,,,,,,,-11.639787632639555,-10.101017706348951,,-11.741894139294363,-11.807806023179122,-11.957554456419125,False
2018-09-04,False,353,360,,insufficient_complete_m5,True,240,240,5.848200138180042e-06,ok,True,1361,1440,3.913033298122922e-05,ok,48.0,1196.561,1193.555,0.0025145279655493426,259.0,1201.982,1188.291,0.01140005137558763,,,,,-11.741894139294363,,,-12.049376612747402,-11.756970277193865,-11.914092919813884,False
2018-09-05,False,353,360,,insufficient_complete_m5,True,239,240,1.3387390755743323e-05,ok,True,1359,1440,3.129148528064577e-05,ok,47.0,1195.858,1191.78,0.0034193925169973697,259.0,1198.329,1190.812,0.006305692277687063,,,,,-12.049376612747402,-10.148612612163307,,-11.221197282392268,-11.732333713711812,-11.904308342047583,False
2018-09-06,False,351,360,,insufficient_minutes,True,240,240,1.1233572318335148e-05,ok,True,1365,1440,4.531468987194021e-05,ok,48.0,1205.907,1196.654,0.007726944011597454,266.0,1206.974,1195.089,0.009927031930212583,,,,,-11.221197282392268,-10.372164533188723,,-11.396603734871128,-11.645605635092389,-11.837713418137705,False
2018-09-07,True,357,360,6.899523823873687e-06,ok,True,239,240,4.495726873378892e-06,ok,False,1244,1440,,insufficient_minutes,47.0,1202.184,1198.185,0.0033301439231743736,,,,,69.0,1203.512,1199.146,0.0036343280010155353,-11.396603734871128,-10.001879298308815,-11.88405815977523,-12.312383196021795,-11.569892753669397,-11.796053206220435,True
2018-09-10,False,346,360,,insufficient_minutes,True,237,240,5.077863641031271e-06,ok,True,1342,1440,2.6333477589235168e-05,ok,46.0,1196.001,1192.127,0.003246949175271577,252.0,1198.463,1190.88,0.006338949471475443,,,,,-12.312383196021795,-10.001879298308815,,-12.190619927931015,-11.665647259585684,-11.800473560475538,False
2018-09-11,False,348,360,,insufficient_minutes,False,237,240,,insufficient_complete_m5,True,1355,1440,3.651122956472228e-05,ok,,,,,253.0,1199.249,1187.62,0.009729886665938854,,,,,-12.190619927931015,-10.544669516108145,,,-11.73500074392388,-11.807432175277755,False
2018-09-12,False,347,360,,insufficient_minutes,True,239,240,6.702709604523397e-06,ok,True,1356,1440,4.438914904133876e-05,ok,47.0,1197.602,1192.523,0.004255529507183189,255.0,1208.449,1192.523,0.013303500835541179,,,,,-12.190619927931015,-10.217890685385788,,-11.912998694736928,-11.73500074392388,-11.807432175277755,False
2018-09-13,False,351,360,,insufficient_minutes,True,238,240,3.80689059121546e-06,ok,True,1358,1440,4.073060923421255e-05,ok,46.0,1207.229,1203.292,0.0032684527068509448,258.0,1212.613,1199.959,0.010489736571164246,,,,,-11.912998694736928,-10.022515509355271,,-12.47869781982231,-11.713885324184783,-11.79495321295547,False
2018-09-14,False,340,360,,insufficient_minutes,True,238,240,4.3084103015585506e-06,ok,False,1236,1440,,insufficient_minutes,46.0,1208.521,1204.488,0.003343994925551879,,,,,,,,,-12.47869781982231,-10.10853067854171,,-12.354941561432234,-11.98079495619788,-11.801781005593547,False
2018-09-17,False,349,360,,insufficient_minutes,True,239,240,3.405194931947912e-06,ok,True,1359,1440,1.9650889053612376e-05,ok,47.0,1198.618,1194.792,0.003199629358146508,258.0,1204.773,1192.687,0.010125945956135711,,,,,-12.354941561432234,-10.10853067854171,,-12.590208371264907,-12.230709618188465,-11.812787443822803,False
2018-09-18,False,347,360,,insufficient_minutes,True,239,240,6.507158051124994e-06,ok,True,1351,1440,3.10745886110435e-05,ok,47.0,1200.258,1195.716,0.0037869123907574524,255.0,1203.494,1195.716,0.006489445889927235,,,,,-12.590208371264907,-10.837387976213858,,-11.942607748346534,-12.276449228034817,-11.847866584276497,False
2018-09-19,False,349,360,,insufficient_minutes,True,239,240,4.14471650067905e-06,ok,True,1347,1440,3.4312169216549586e-05,ok,47.0,1204.549,1201.986,0.0021313592550303777,253.0,1206.167,1198.06,0.006757725496472322,,,,,-11.942607748346534,-10.379120159237802,,-12.393676167209689,-12.216916691020362,-11.827362096397776,False
2018-09-20,False,334,360,,insufficient_minutes,True,239,240,2.9049577352397254e-06,ok,False,1327,1440,,insufficient_complete_m5,47.0,1203.896,1201.202,0.002239574630457683,,,,,,,,,-12.393676167209689,-10.280010479060131,,-12.749091716737071,-12.326101534284057,-11.839157699074667,False
2018-09-21,False,345,360,,insufficient_minutes,True,239,240,5.2202190098508084e-06,ok,False,1236,1440,,insufficient_minutes,47.0,1211.017,1204.673,0.00524424075892699,,,,,,,,,-12.749091716737071,-10.280010479060131,,-12.162971201039735,-12.367630271555273,-11.905115551936468,False
2018-09-24,False,340,360,,insufficient_minutes,False,235,240,,insufficient_minutes,True,1337,1440,2.2942586316612596e-05,ok,,,,,245.0,1204.084,1194.262,0.00819884237888311,,,,,-12.162971201039735,,,,-12.325656220887817,-11.967882614437599,False
2018-09-25,False,348,360,,insufficient_minutes,True,239,240,3.850994320729388e-06,ok,True,1354,1440,1.7700577512408097e-05,ok,47.0,1200.817,1198.183,0.0021944824678846696,254.0,1203.301,1196.946,0.005298679165601873,,,,,-12.162971201039735,-10.682515709958366,,-12.467179177884761,-12.325656220887817,-11.967882614437599,False
2018-09-26,False,344,360,,insufficient_minutes,True,238,240,2.302791359000053e-06,ok,True,1356,1440,6.309992537178629e-05,ok,46.0,1201.486,1197.357,0.003441339497017797,259.0,1202.439,1190.309,0.010096692688055155,,,,,-12.467179177884761,-10.9419132910971,,-12.981388536540171,-12.305758376938236,-11.974337584735048,False
2018-09-27,False,354,360,,insufficient_complete_m5,True,240,240,2.4677953298372597e-06,ok,True,1363,1440,3.740656887982752e-05,ok,48.0,1197.396,1194.311,0.0025814873467372938,263.0,1198.57,1180.982,0.01469980446786128,,,,,-12.981388536540171,-9.670790971115329,,-12.912185384923488,-12.51131173500215,-12.004198309693141,False
2018-09-28,False,321,360,,insufficient_minutes,True,238,240,2.016133054127595e-06,ok,False,1217,1440,,insufficient_minutes,46.0,1184.81,1180.525,0.003625574983617101,,,,,,,,,-12.912185384923488,-10.193664230468361,,-13.114329210861767,-12.606743797749923,-12.024033771815848,False
2018-10-01,False,351,360,,insufficient_minutes,True,238,240,5.39096723708006e-06,ok,True,1346,1440,2.9048285913551353e-05,ok,47.0,1187.95,1184.457,0.0029409919806818487,250.0,1192.056,1184.457,0.006380416931152903,,,,,-13.114329210861767,-10.193664230468361,,-12.1307857388495,-12.661278585916191,-12.09067119504895,False
2018-10-02,False,352,360,,insufficient_minutes,True,238,240,5.2781166882465525e-06,ok,True,1344,1440,4.116860305627264e-05,ok,46.0,1194.706,1188.726,0.005013222584148401,255.0,1208.212,1188.64,0.016457458831126804,,,,,-12.1307857388495,-10.446551081104227,,-12.151941211706433,-12.650568771616568,-12.112274726980731,False
2018-10-03,False,356,360,,insufficient_complete_m5,True,239,240,5.038733789316147e-06,ok,True,1360,1440,3.782046315396895e-05,ok,47.0,1205.069,1202.159,0.0024179697529431964,262.0,1208.277,1195.262,0.010795767959421599,,,,,-12.151941211706433,-10.097834653866402,,-12.198355739723654,-12.565276288604439,-12.144946098660878,False
2018-10-04,False,356,360,,insufficient_complete_m5,True,237,240,3.7840940278146762e-06,ok,True,1357,1440,3.240870881626986e-05,ok,46.0,1201.006,1197.818,0.002661225123534606,259.0,1206.709,1195.825,0.00908518740494528,,,,,-12.198355739723654,-10.182660248537955,,-12.484704058295135,-12.419674558474433,-12.172748685727493,False
2018-10-05,False,347,360,,insufficient_minutes,True,238,240,4.936594139667566e-06,ok,False,1238,1440,,insufficient_minutes,46.0,1202.554,1196.63,0.004942531804407879,,,,,,,,,-12.484704058295135,-10.337083380658106,,-12.21883490995265,-12.356521428666008,-12.192915224074593,False
2018-10-08,False,354,360,,insufficient_complete_m5,False,237,240,,insufficient_complete_m5,True,1355,1440,4.5588254327086766e-05,ok,,,,,255.0,1204.061,1181.618,0.018641627319457243,,,,,-12.21883490995265,-10.337083380658106,,,-12.229197746142493,-12.28000297725838,False
2018-10-09,False,353,360,,insufficient_complete_m5,True,239,240,4.699601900382267e-06,ok,True,1351,1440,2.325039213029732e-05,ok,47.0,1190.987,1186.053,0.004145936285009145,259.0,1191.898,1183.097,0.007391050035502344,,,,,-12.21883490995265,-9.995860455169844,,-12.268032754882007,-12.229197746142493,-12.28000297725838,False
2018-10-10,False,349,360,,insufficient_minutes,True,240,240,4.172301404186225e-06,ok,True,1362,1440,2.9836039127771912e-05,ok,48.0,1190.88,1186.199,0.00393182595139524,263.0,1194.85,1185.251,0.008067328872868288,,,,,-12.268032754882007,-10.669188560253895,,-12.387042778903565,-12.257907537273953,-12.352953674074307,False
2018-10-11,True,359,360,6.2066576110274946e-06,ok,True,240,240,1.3640346720146957e-05,ok,True,1373,1440,9.74330108580357e-05,ok,48.0,1205.619,1193.455,0.01018728900360708,270.0,1226.337,1191.16,0.029461868835763218,71.0,1195.021,1191.16,0.0032337116745281987,-12.387042778903565,-10.419793528444012,-11.989888033802654,-11.202478486506411,-12.305613450321497,-12.35670667382626,True
2018-10-12,True,360,360,8.25734292011504e-06,ok,True,238,240,6.567822243338914e-06,ok,False,1256,1440,,insufficient_minutes,46.0,1221.691,1216.147,0.004555518533294026,,,,,72.0,1222.16,1217.45,0.0038561926688128463,-11.202478486506411,-9.236345484222655,-11.704407702555098,-11.933328250227444,-11.983475221165817,-12.261810257105417,True
2018-10-15,False,350,360,,insufficient_minutes,True,238,240,1.2146635646432868e-05,ok,True,1353,1440,4.406024857394355e-05,ok,47.0,1233.209,1224.363,0.007221719693432042,254.0,1233.209,1219.191,0.011495398109549084,,,,,-11.933328250227444,-9.236345484222655,,-11.318458328050182,-11.89809787742292,-12.263237466426634,False
2018-10-16,False,353,360,,insufficient_complete_m5,True,240,240,6.486492883914578e-06,ok,True,1357,1440,2.934875676087411e-05,ok,48.0,1230.173,1226.009,0.003395477752037154,258.0,1232.396,1222.794,0.007826968724730564,,,,,-11.318458328050182,-10.02995257489143,,-11.94578856099683,-11.705862173714761,-12.17861717616349,False
2018-10-17,False,355,360,,insufficient_complete_m5,True,240,240,1.4639911032785635e-05,ok,True,1370,1440,4.4424383429483944e-05,ok,48.0,1228.115,1221.651,0.005283661682172662,266.0,1229.48,1220.554,0.007287128454211901,,,,,-11.94578856099683,-10.436260371671697,,-11.13175912644509,-11.663432151260077,-12.157647624464385,False
2018-10-18,False,346,360,,insufficient_minutes,True,239,240,4.4869731764632394e-06,ok,True,1346,1440,3.0154728557439526e-05,ok,47.0,1224.596,1219.896,0.003850352368683565,254.0,1230.093,1218.584,0.009415200611918516,,,,,-11.13175912644509,-10.021722062928506,,-12.314332209044183,-11.44561812068961,-12.055961114315526,False
2018-10-19,False,353,360,,insufficient_complete_m5,False,237,240,,insufficient_complete_m5,False,1246,1440,,insufficient_minutes,,,,,,,,,,,,,-12.314332209044183,-10.409168812679038,,,-11.633335661477522,-12.073499978092462,False
2018-10-22,False,348,360,,insufficient_minutes,False,236,240,,insufficient_complete_m5,False,1340,1440,,insufficient_complete_m5,,,,,,,,,,,,,-12.314332209044183,-10.409168812679038,,,-11.633335661477522,-12.073499978092462,False
2018-10-23,False,344,360,,insufficient_minutes,True,239,240,1.3906098416828476e-05,ok,True,1358,1440,4.3389409008729284e-05,ok,47.0,1236.609,1229.3,0.0059445430818742834,258.0,1239.727,1221.826,0.014642938796344105,,,,,,,,-11.183183079020067,-11.633335661477522,-12.073499978092462,False
2018-10-24,False,354,360,,insufficient_complete_m5,False,231,240,,insufficient_minutes,True,1362,1440,3.9168732985345e-05,ok,,,,,261.0,1235.227,1225.435,0.007954834865280942,,,,,-11.183183079020067,-10.045295178695511,,,-11.480146394016172,-11.991464778820797,False
2018-10-25,False,355,360,,insufficient_complete_m5,True,240,240,8.574585923202632e-06,ok,True,1358,1440,4.329213687427272e-05,ok,48.0,1235.393,1229.902,0.004444327533422489,260.0,1239.174,1227.975,0.009065061791602387,,,,,-11.183183079020067,-10.147631757367137,,-11.666707854917558,-11.480146394016172,-11.991464778820797,False
2018-10-26,False,355,360,,insufficient_complete_m5,True,240,240,6.507476988928735e-06,ok,False,1255,1440,,insufficient_minutes,48.0,1238.512,1231.216,0.0059245136088822625,,,,,,,,,-11.666707854917558,-10.04753953588358,,-11.942558736168655,-11.551789763836181,-11.946734429522175,False
2018-10-29,False,356,360,,insufficient_complete_m5,True,239,240,8.704591770826379e-06,ok,True,1364,1440,3.1398065517974496e-05,ok,47.0,1231.662,1227.574,0.003321662553861202,263.0,1235.393,1224.179,0.009095395810716118,,,,,-11.942558736168655,-10.04753953588358,,-11.6516598817856,-11.551353545145302,-11.93685143388538,False
2018-10-30,False,351,360,,insufficient_minutes,True,240,240,6.580062432556092e-06,ok,True,1349,1440,2.8809041096825034e-05,ok,48.0,1224.706,1219.702,0.0040877694086334975,255.0,1230.558,1219.702,0.008825230599389725,,,,,-11.6516598817856,-10.368764274655717,,-11.931466324441653,-11.683008784789157,-11.90044213628641,False
2018-10-31,False,353,360,,insufficient_complete_m5,False,235,240,,insufficient_minutes,True,1353,1440,3.8858482773905576e-05,ok,,,,,258.0,1222.854,1211.805,0.0090365288737094,,,,,-11.931466324441653,-10.454821293114044,,,-11.634577626572476,-11.86941946238018,False
2018-11-01,False,349,360,,insufficient_minutes,True,238,240,7.188043179590836e-06,ok,True,1358,1440,4.0559219075476614e-05,ok,46.0,1226.725,1222.323,0.0035950497422743114,259.0,1237.356,1215.742,0.017774904932959672,,,,,-11.931466324441653,-10.155584158166139,,-11.843091581883648,-11.634577626572476,-11.86941946238018,False
2018-11-02,False,354,360,,insufficient_complete_m5,True,239,240,7.4893970059745875e-06,ok,False,1252,1440,,insufficient_minutes,47.0,1236.368,1232.872,0.0028333123293254447,,,,,,,,,-11.843091581883648,-10.112747452429899,,-11.802022270221421,-11.799148328049917,-11.836265232588941,False
2018-11-05,False,348,360,,insufficient_minutes,True,238,240,2.502440647268577e-06,ok,True,1352,1440,2.4497702309529176e-05,ok,46.0,1234.334,1230.773,0.002889035012816614,257.0,1235.126,1226.71,0.006818773827932051,,,,,-11.802022270221421,-10.112747452429899,,-12.898244043413492,-11.828470218378502,-11.799149623310889,False
2018-11-06,False,347,360,,insufficient_minutes,True,240,240,3.5499667571164542e-06,ok,True,1356,1440,2.3612532557162114e-05,ok,48.0,1235.883,1231.626,0.0034552533730724502,255.0,1235.883,1223.361,0.010170544650453467,,,,,-12.898244043413492,-10.616931228096043,,-12.548572318713342,-11.944800206542133,-11.818565690685213,False
2018-11-07,True,360,360,3.0378207756393692e-05,ok,True,239,240,1.0536118727809982e-05,ok,True,1377,1440,6.315678645837513e-05,ok,47.0,1235.829,1230.322,0.004475285566614923,273.0,1235.829,1222.826,0.010588171588148324,72.0,1232.155,1222.826,0.007596481792342977,-12.548572318713342,-10.653732946327132,-10.40178505673063,-11.460701324812112,-12.11769882959023,-11.830364791424842,True
2018-11-08,True,358,360,3.862385931667654e-06,ok,True,238,240,3.926255353502005e-06,ok,True,1373,1440,3.555874425968971e-05,ok,46.0,1225.587,1221.761,0.0031228752653750364,269.0,1226.883,1219.098,0.0063494756279232414,70.0,1226.837,1222.644,0.0034198267575956025,-11.460701324812112,-9.66989024925098,-12.464225448430826,-12.447824422579169,-11.982418302523921,-11.793303907146385,True
2018-11-09,False,353,360,,insufficient_complete_m5,False,236,240,,insufficient_complete_m5,True,1304,1440,3.900122449277398e-05,ok,,,,,250.0,1223.296,1206.574,0.01367192370474628,,,,,-12.447824422579169,-10.244324461224165,,,-12.09259473951172,-11.792363504034913,False
2018-11-12,False,347,360,,insufficient_minutes,False,237,240,,insufficient_complete_m5,True,1357,1440,2.9060540697328432e-05,ok,,,,,258.0,1211.466,1199.431,0.009938978717289408,,,,,-12.447824422579169,-10.151917515076896,,,-12.09259473951172,-11.792363504034913,False
2018-11-13,True,358,360,3.3170890127252054e-06,ok,True,240,240,8.068832086069217e-06,ok,True,1369,1440,3.630266742085592e-05,ok,48.0,1203.41,1196.114,0.00606547823419434,268.0,1205.18,1196.114,0.007540487703041548,70.0,1205.18,1201.393,0.0031497713359164466,,-10.446129293755437,-12.616422963048835,-11.727501809071622,-12.09259473951172,-11.792363504034913,False
2018-11-14,False,353,360,,insufficient_complete_m5,True,238,240,5.745161184274634e-06,ok,True,1368,1440,6.465167672756246e-05,ok,47.0,1201.842,1197.568,0.0035560614248458483,266.0,1216.523,1197.568,0.01575289357094115,,,,,-11.727501809071622,-10.223619336724981,,-12.067152590612459,-12.072114868808454,-11.771864897941478,False
2018-11-15,False,351,360,,insufficient_minutes,True,240,240,1.4354162524518109e-05,ok,True,1364,1440,4.6390534247125476e-05,ok,48.0,1216.452,1209.002,0.006146651683687567,263.0,1216.452,1206.756,0.008006467270179389,,,,,-12.067152590612459,-9.646496517621589,,-11.151470586426226,-11.964654406683575,-11.765114831447272,False
2018-11-16,False,353,360,,insufficient_complete_m5,True,239,240,5.775693461152573e-06,ok,True,1302,1440,3.0696371723433954e-05,ok,47.0,1218.236,1214.709,0.0029023515466110855,248.0,1225.261,1213.71,0.009514106015030105,,,,,-11.151470586426226,-9.978415122838276,,-12.061852228912166,-11.672377810043942,-11.701659288263706,False
2018-11-19,False,354,360,,insufficient_complete_m5,True,239,240,4.43205391254462e-06,ok,True,1363,1440,2.2780762355277548e-05,ok,47.0,1223.04,1218.47,0.0037437213819328462,260.0,1225.199,1217.87,0.0059943687775913974,,,,,-12.061852228912166,-10.39136609525994,,-12.326647444210465,-11.790786466156389,-11.750315508330452,False
2018-11-20,False,345,360,,insufficient_minutes,True,239,240,5.745465776400869e-06,ok,True,1356,1440,2.7647285157927224e-05,ok,47.0,1225.976,1221.478,0.0036723988365566546,254.0,1228.731,1219.734,0.007349616528427438,,,,,-12.326647444210465,-10.689594134514099,,-12.067099574858428,-11.777518729430918,-11.763948094395818,False
2018-11-21,False,346,360,,insufficient_minutes,True,239,240,5.8229288222144615e-06,ok,True,1347,1440,2.1536093749947403e-05,ok,47.0,1225.427,1222.089,0.0027296419655057362,252.0,1229.909,1219.638,0.00840736469103298,,,,,-12.067099574858428,-10.49598302078657,,-12.053707188743253,-11.839971238577682,-11.80595659655309,False
2018-11-22,False,346,360,,insufficient_minutes,False,232,240,,insufficient_minutes,False,1102,1440,,insufficient_minutes,,,,,,,,,,,,,-12.053707188743253,-10.745780251337797,,,-11.837816497462807,-11.81041400281212,False
2018-11-23,False,332,360,,insufficient_minutes,False,235,240,,insufficient_minutes,False,1086,1440,,insufficient_minutes,,,,,,,,,,,,,-12.053707188743253,-10.745780251337797,,,-11.837816497462807,-11.81041400281212,False
2018-11-26,False,350,360,,insufficient_minutes,True,238,240,2.702244889501739e-06,ok,True,1351,1440,1.9234758635279507e-05,ok,46.0,1228.031,1225.125,0.0023675658148263304,253.0,1228.031,1220.943,0.0057890997002539805,,,,,,,,-12.82142768985302,-11.837816497462807,-11.81041400281212,False
2018-11-27,False,352,360,,insufficient_minutes,True,239,240,4.82669445730239e-06,ok,True,1364,1440,3.350474055716488e-05,ok,47.0,1224.925,1219.387,0.0045386095283755385,261.0,1225.226,1211.777,0.010998406543598079,,,,,-12.82142768985302,-10.858791570043605,,-12.241348701962993,-12.227157911093215,-11.894196477140868,False
2018-11-28,False,341,360,,insufficient_minutes,False,236,240,,insufficient_complete_m5,True,1348,1440,6.647515046142288e-05,ok,,,,,251.0,1226.302,1211.023,0.012579253247314586,,,,,-12.241348701962993,-10.303823619975631,,,-12.26669828338365,-11.89171255964578,False
2018-11-29,False,352,360,,insufficient_minutes,True,240,240,2.935752948416893e-06,ok,True,1350,1440,2.822307592617339e-05,ok,48.0,1227.314,1224.494,0.002299999918439853,253.0,1228.964,1220.571,0.00687300137984124,,,,,-12.241348701962993,-9.618682357409051,,-12.738546596387021,-12.26669828338365,-11.89171255964578,False
2018-11-30,False,354,360,,insufficient_complete_m5,False,237,240,,insufficient_complete_m5,True,1299,1440,1.9803090902667836e-05,ok,,,,,248.0,1225.404,1216.544,0.007236965702010096,,,,,-12.738546596387021,-10.475370619386858,,,-12.332403197119971,-11.975215489908877,False
2018-12-03,False,350,360,,insufficient_minutes,True,238,240,5.335585103787627e-06,ok,True,1358,1440,3.410301880551052e-05,ok,46.0,1232.016,1227.873,0.0033636328208725705,261.0,1234.949,1221.14,0.01129949050418113,,,,,-12.738546596387021,-10.829672526251743,,-12.141112006536702,-12.332403197119971,-11.975215489908877,False
2018-12-04,False,351,360,,insufficient_minutes,True,239,240,3.879668480371111e-06,ok,True,1366,1440,2.8718348261302577e-05,ok,47.0,1241.097,1236.0,0.004121473914110473,263.0,1241.938,1230.393,0.009375892059890449,,,,,-12.141112006536702,-10.28612464957234,,-12.459760851182892,-12.351181370328517,-12.001264745325248,False
2018-12-05,False,348,360,,insufficient_minutes,False,232,240,,insufficient_minutes,False,1342,1440,,insufficient_complete_m5,,,,,,,,,,,,,-12.459760851182892,-10.457974327231202,,,-12.445348328809565,-12.022908780900426,False
2018-12-06,False,349,360,,insufficient_minutes,True,239,240,3.793998768906224e-06,ok,True,1361,1440,4.262530186423423e-05,ok,47.0,1237.696,1234.663,0.002455763067849585,261.0,1244.271,1234.663,0.007758297696412149,,,,,-12.459760851182892,-10.457974327231202,,-12.482090010935895,-12.445348328809565,-12.022908780900426,False
2018-12-07,False,350,360,,insufficient_minutes,False,230,240,,insufficient_minutes,False,1297,1440,,insufficient_complete_m5,,,,,,,,,,,,,-12.482090010935895,-10.063062540526802,,,-12.391356998652084,-12.064655321713666,False
2018-12-10,False,341,360,,insufficient_minutes,False,235,240,,insufficient_minutes,True,1343,1440,2.3781414023398032e-05,ok,,,,,250.0,1250.315,1241.442,0.007102968629422483,,,,,-12.482090010935895,-10.063062540526802,,,-12.391356998652084,-12.064655321713666,False
2018-12-11,False,340,360,,insufficient_minutes,False,235,240,,insufficient_minutes,True,1338,1440,2.153584286081143e-05,ok,,,,,248.0,1249.509,1240.468,0.0072668845955067155,,,,,,-10.64660620575299,,,-12.391356998652084,-12.064655321713666,False
2018-12-12,False,339,360,,insufficient_minutes,False,233,240,,insufficient_minutes,False,1337,1440,,insufficient_complete_m5,,,,,,,,,,,,,,-10.745791901110513,,,-12.391356998652084,-12.064655321713666,False
2018-12-13,False,318,360,,insufficient_minutes,False,232,240,,insufficient_minutes,False,1311,1440,,insufficient_complete_m5,,,,,,,,,,,,,,-10.745791901110513,,,-12.391356998652084,-12.064655321713666,False
2018-12-14,False,326,360,,insufficient_minutes,False,237,240,,insufficient_complete_m5,False,1271,1440,,insufficient_minutes,,,,,,,,,,,,,,-10.745791901110513,,,-12.391356998652084,-12.064655321713666,False
2018-12-17,False,345,360,,insufficient_minutes,False,227,240,,insufficient_minutes,False,1330,1440,,insufficient_complete_m5,,,,,,,,,,,,,,,,,-12.391356998652084,-12.064655321713666,False
2018-12-18,False,349,360,,insufficient_minutes,False,237,240,,insufficient_complete_m5,True,1351,1440,1.6992158097527107e-05,ok,,,,,253.0,1250.354,1244.957,0.0043318500539373805,,,,,,,,,-12.391356998652084,-12.064655321713666,False
2018-12-19,False,331,360,,insufficient_minutes,False,237,240,,insufficient_complete_m5,False,1336,1440,,insufficient_complete_m5,,,,,,,,,,,,,,-10.98275860871503,,,-12.391356998652084,-12.064655321713666,False
2018-12-20,False,351,360,,insufficient_minutes,False,237,240,,insufficient_complete_m5,True,1365,1440,5.3352302313594074e-05,ok,,,,,263.0,1266.385,1242.636,0.019085842088746093,,,,,,-10.98275860871503,,,-12.391356998652084,-12.064655321713666,False
2018-12-21,False,352,360,,insufficient_minutes,True,240,240,1.413434736957692e-05,ok,True,1306,1440,3.405220245428979e-05,ok,48.0,1262.672,1255.434,0.005737343343694893,250.0,1262.672,1253.604,0.007185454130526756,,,,,,-9.838593426253674,,-11.166902739120802,-12.391356998652084,-12.064655321713666,False
2018-12-24,False,351,360,,insufficient_minutes,True,238,240,4.275488672081287e-06,ok,False,1113,1440,,insufficient_minutes,46.0,1265.316,1259.194,0.004848001070646486,,,,,,,,,-11.166902739120802,-10.287615844515235,,-12.362612152849575,-12.021109491792355,-12.001135334932115,False
2018-12-25,False,0,360,,insufficient_minutes,False,0,240,,insufficient_minutes,False,60,1440,,insufficient_minutes,,,,,,,,,,,,,-12.362612152849575,-10.287615844515235,,,-11.977532851527027,-12.025149925412288,False
2018-12-26,False,348,360,,insufficient_minutes,False,235,240,,insufficient_minutes,True,1360,1440,4.703473101488495e-05,ok,,,,,261.0,1278.934,1264.18,0.011640323931421897,,,,,-12.362612152849575,,,,-11.977532851527027,-12.025149925412288,False
2018-12-27,False,354,360,,insufficient_complete_m5,False,237,240,,insufficient_complete_m5,True,1358,1440,4.992231681078678e-05,ok,,,,,259.0,1278.817,1266.569,0.009650260776866516,,,,,-12.362612152849575,-9.964624271385564,,,-11.977532851527027,-12.025149925412288,False
2018-12-28,False,340,360,,insufficient_minutes,True,237,240,7.3936818337941405e-06,ok,False,1295,1440,,insufficient_minutes,47.0,1282.11,1275.849,0.004887629792293273,,,,,,,,,-12.362612152849575,-9.905042424507544,,-11.81488472869834,-11.977532851527027,-12.025149925412288,False
2018-12-31,False,342,360,,insufficient_minutes,False,234,240,,insufficient_minutes,False,1289,1440,,insufficient_minutes,,,,,,,,,,,,,-11.81488472869834,-9.905042424507544,,,-11.914084304634004,-12.025948987542103,False
2019-01-01,False,0,360,,insufficient_minutes,False,0,240,,insufficient_minutes,False,59,1440,,insufficient_minutes,,,,,,,,,,,,,-11.81488472869834,,,,-11.914084304634004,-12.025948987542103,False
2019-01-02,False,340,360,,insufficient_minutes,True,238,240,5.723480136405158e-06,ok,True,1354,1440,3.70220408005572e-05,ok,46.0,1288.7,1284.832,0.0030086709305061094,256.0,1289.959,1278.108,0.009249752287559596,,,,,,,,-12.070933522126765,-11.914084304634004,-12.025948987542103,False
2019-01-03,False,352,360,,insufficient_minutes,True,239,240,5.192607476823061e-06,ok,True,1365,1440,5.0983342337086626e-05,ok,47.0,1290.68,1285.541,0.003984338657156244,264.0,1295.214,1284.473,0.00835309296189119,,,,,-12.070933522126765,-10.203997125364907,,-12.168274582936968,-11.860470873634906,-11.999403403384568,False
2019-01-04,False,352,360,,insufficient_minutes,False,231,240,,insufficient_minutes,False,1287,1440,,insufficient_minutes,,,,,,,,,,,,,-12.168274582936968,-9.884011599433592,,,-11.821637648476115,-11.986132443581804,False
2019-01-07,False,351,360,,insufficient_minutes,False,237,240,,insufficient_complete_m5,True,1355,1440,2.7891208455117386e-05,ok,,,,,256.0,1295.056,1282.538,0.0097473005708377,,,,,-12.168274582936968,-9.884011599433592,,,-11.821637648476115,-11.986132443581804,False
2019-01-08,False,352,360,,insufficient_minutes,False,231,240,,insufficient_minutes,True,1342,1440,2.5662276759636092e-05,ok,,,,,246.0,1290.147,1279.21,0.008484681104924636,,,,,,-10.487199027929847,,,-11.821637648476115,-11.986132443581804,False
2019-01-09,False,353,360,,insufficient_complete_m5,False,235,240,,insufficient_minutes,True,1352,1440,2.8919034186242848e-05,ok,,,,,251.0,1293.813,1280.023,0.010730148058924924,,,,,,-10.570488474745765,,,-11.821637648476115,-11.986132443581804,False
2019-01-10,False,353,360,,insufficient_complete_m5,False,237,240,,insufficient_complete_m5,True,1358,1440,2.1677647369759866e-05,ok,,,,,257.0,1297.061,1285.124,0.009231568763470841,,,,,,-10.451010557281064,,,-11.821637648476115,-11.986132443581804,False
2019-01-11,False,345,360,,insufficient_minutes,False,234,240,,insufficient_minutes,False,1282,1440,,insufficient_minutes,,,,,,,,,,,,,,-10.73922890343612,,,-11.821637648476115,-11.986132443581804,False
2019-01-14,False,355,360,,insufficient_complete_m5,True,238,240,2.5294312966152342e-06,ok,True,1346,1440,2.691677390415554e-05,ok,46.0,1295.846,1291.848,0.0030913036401685814,253.0,1295.846,1287.862,0.006197391258449164,,,,,,-10.73922890343612,,-12.88751606443909,-11.821637648476115,-11.986132443581804,False
2019-01-15,False,345,360,,insufficient_minutes,False,237,240,,insufficient_complete_m5,True,1337,1440,2.2081497121459395e-05,ok,,,,,248.0,1294.621,1286.242,0.006487435674392617,,,,,-12.88751606443909,-10.52276090048224,,,-12.201495559758245,-12.052549008931223,False
2019-01-16,False,346,360,,insufficient_minutes,False,231,240,,insufficient_minutes,True,1345,1440,1.7140935138959996e-05,ok,,,,,250.0,1294.909,1287.744,0.0055553746408197845,,,,,-12.88751606443909,-10.720770534440073,,,-12.201495559758245,-12.052549008931223,False
2019-01-17,False,339,360,,insufficient_minutes,False,228,240,,insufficient_minutes,False,1330,1440,,insufficient_complete_m5,,,,,,,,,,,,,-12.88751606443909,-10.97404108741711,,,-12.201495559758245,-12.052549008931223,False
2019-01-18,False,346,360,,insufficient_minutes,False,233,240,,insufficient_minutes,False,1278,1440,,insufficient_minutes,,,,,,,,,,,,,-12.88751606443909,-10.97404108741711,,,-12.201495559758245,-12.052549008931223,False
2019-01-21,False,327,360,,insufficient_minutes,False,232,240,,insufficient_minutes,False,1067,1440,,insufficient_minutes,,,,,,,,,,,,,,,,,-12.201495559758245,-12.052549008931223,False
2019-01-22,False,332,360,,insufficient_minutes,False,233,240,,insufficient_minutes,False,1334,1440,,insufficient_complete_m5,,,,,,,,,,,,,,,,,-12.201495559758245,-12.052549008931223,False
2019-01-23,False,336,360,,insufficient_minutes,False,221,240,,insufficient_minutes,False,1311,1440,,insufficient_complete_m5,,,,,,,,,,,,,,,,,-12.201495559758245,-12.052549008931223,False
2019-01-24,False,325,360,,insufficient_minutes,False,236,240,,insufficient_complete_m5,False,1319,1440,,insufficient_complete_m5,,,,,,,,,,,,,,,,,-12.201495559758245,-12.052549008931223,False
2019-01-25,False,327,360,,insufficient_minutes,False,224,240,,insufficient_minutes,False,1269,1440,,insufficient_minutes,,,,,,,,,,,,,,,,,-12.201495559758245,-12.052549008931223,False
2019-01-28,False,348,360,,insufficient_minutes,False,235,240,,insufficient_minutes,True,1341,1440,2.05965833481008e-05,ok,,,,,250.0,1304.406,1297.179,0.005558514576006446,,,,,,,,,-12.201495559758245,-12.052549008931223,False
2019-01-29,False,337,360,,insufficient_minutes,True,238,240,2.7059705309915525e-06,ok,True,1350,1440,2.255400601062366e-05,ok,46.0,1309.265,1305.776,0.002668206359645794,252.0,1311.935,1302.644,0.00712466398248851,,,,,,-10.790385352812825,,-12.820049918522,-12.201495559758245,-12.052549008931223,False
2019-01-30,False,347,360,,insufficient_minutes,False,229,240,,insufficient_minutes,False,1330,1440,,insufficient_complete_m5,,,,,,,,,,,,,-12.820049918522,-10.699597857654982,,,-12.266027712376834,-12.063070309066026,False
2019-01-31,False,328,360,,insufficient_minutes,False,236,240,,insufficient_complete_m5,False,1306,1440,,insufficient_complete_m5,,,,,,,,,,,,,-12.820049918522,-10.699597857654982,,,-12.266027712376834,-12.063070309066026,False
2019-02-01,False,323,360,,insufficient_minutes,False,231,240,,insufficient_minutes,False,1246,1440,,insufficient_minutes,,,,,,,,,,,,,-12.820049918522,-10.699597857654982,,,-12.266027712376834,-12.063070309066026,False
2019-02-04,False,315,360,,insufficient_minutes,False,229,240,,insufficient_minutes,False,1271,1440,,insufficient_minutes,,,,,,,,,,,,,,,,,-12.266027712376834,-12.063070309066026,False
2019-02-05,False,294,360,,insufficient_minutes,False,233,240,,insufficient_minutes,False,1227,1440,,insufficient_minutes,,,,,,,,,,,,,,,,,-12.266027712376834,-12.063070309066026,False
2019-02-06,False,293,360,,insufficient_minutes,False,220,240,,insufficient_minutes,False,1241,1440,,insufficient_minutes,,,,,,,,,,,,,,,,,-12.266027712376834,-12.063070309066026,False
2019-02-07,False,293,360,,insufficient_minutes,False,223,240,,insufficient_minutes,False,1235,1440,,insufficient_minutes,,,,,,,,,,,,,,,,,-12.266027712376834,-12.063070309066026,False
2019-02-08,False,283,360,,insufficient_minutes,False,232,240,,insufficient_minutes,False,1194,1440,,insufficient_minutes,,,,,,,,,,,,,,,,,-12.266027712376834,-12.063070309066026,False
2019-02-11,False,297,360,,insufficient_minutes,True,238,240,3.881691820209697e-06,ok,False,1244,1440,,insufficient_minutes,46.0,1311.314,1306.215,0.0038884779342795834,,,,,,,,,,,,-12.459239463228704,-12.266027712376834,-12.063070309066026,False
2019-02-12,False,303,360,,insufficient_minutes,False,227,240,,insufficient_minutes,False,1260,1440,,insufficient_minutes,,,,,,,,,,,,,-12.459239463228704,,,,-12.427558508516961,-12.1000373723794,False
2019-02-13,False,308,360,,insufficient_minutes,False,221,240,,insufficient_minutes,False,1273,1440,,insufficient_minutes,,,,,,,,,,,,,-12.459239463228704,,,,-12.427558508516961,-12.1000373723794,False
2019-02-14,False,309,360,,insufficient_minutes,False,234,240,,insufficient_minutes,False,1278,1440,,insufficient_minutes,,,,,,,,,,,,,-12.459239463228704,,,,-12.427558508516961,-12.1000373723794,False
2019-02-15,False,296,360,,insufficient_minutes,False,234,240,,insufficient_minutes,False,1221,1440,,insufficient_minutes,,,,,,,,,,,,,-12.459239463228704,,,,-12.427558508516961,-12.1000373723794,False
2019-02-18,False,309,360,,insufficient_minutes,False,230,240,,insufficient_minutes,False,1015,1440,,insufficient_minutes,,,,,,,,,,,,,,,,,-12.427558508516961,-12.1000373723794,False
2019-02-19,False,297,360,,insufficient_minutes,True,238,240,5.4244582203540004e-06,ok,False,1264,1440,,insufficient_minutes,46.0,1330.364,1325.507,0.003663057533081189,,,,,,,,,,,,-12.124592530740665,-12.427558508516961,-12.1000373723794,False
2019-02-20,False,332,360,,insufficient_minutes,False,233,240,,insufficient_minutes,False,1316,1440,,insufficient_complete_m5,,,,,,,,,,,,,-12.124592530740665,,,,-12.442597359353577,-12.102925919980713,False
2019-02-21,False,338,360,,insufficient_minutes,True,238,240,6.554445747492324e-06,ok,False,1324,1440,,insufficient_complete_m5,46.0,1340.293,1331.943,0.006235608160357371,,,,,,,,,-12.124592530740665,,,-11.935366998481818,-12.442597359353577,-12.102925919980713,False
2019-02-22,False,318,360,,insufficient_minutes,True,238,240,4.211546744656425e-06,ok,False,1247,1440,,insufficient_minutes,46.0,1326.914,1321.317,0.004219654225082387,,,,,,,,,-11.935366998481818,,,-12.3776805799634,-12.375865134370585,-12.175876282254041,False
2019-02-25,False,322,360,,insufficient_minutes,False,234,240,,insufficient_minutes,False,1278,1440,,insufficient_minutes,,,,,,,,,,,,,-12.3776805799634,,,,-12.29914834883459,-12.19116883109832,False
2019-02-26,False,318,360,,insufficient_minutes,False,232,240,,insufficient_minutes,False,1264,1440,,insufficient_minutes,,,,,,,,,,,,,-12.3776805799634,,,,-12.29914834883459,-12.19116883109832,False
2019-02-27,False,278,360,,insufficient_minutes,False,233,240,,insufficient_minutes,False,1239,1440,,insufficient_minutes,,,,,,,,,,,,,,,,,-12.29914834883459,-12.19116883109832,False
2019-02-28,False,291,360,,insufficient_minutes,False,234,240,,insufficient_minutes,False,1261,1440,,insufficient_minutes,,,,,,,,,,,,,,,,,-12.29914834883459,-12.19116883109832,False
2019-03-01,False,301,360,,insufficient_minutes,False,232,240,,insufficient_minutes,False,1248,1440,,insufficient_minutes,,,,,,,,,,,,,,,,,-12.29914834883459,-12.19116883109832,False
2019-03-04,False,319,360,,insufficient_minutes,False,234,240,,insufficient_minutes,False,1281,1440,,insufficient_minutes,,,,,,,,,,,,,,,,,-12.29914834883459,-12.19116883109832,False
2019-03-05,False,323,360,,insufficient_minutes,False,230,240,,insufficient_minutes,False,1281,1440,,insufficient_minutes,,,,,,,,,,,,,,,,,-12.29914834883459,-12.19116883109832,False
2019-03-06,False,329,360,,insufficient_minutes,False,234,240,,insufficient_minutes,False,1244,1440,,insufficient_minutes,,,,,,,,,,,,,,,,,-12.29914834883459,-12.19116883109832,False
2019-03-07,False,244,360,,insufficient_minutes,False,224,240,,insufficient_minutes,False,1188,1440,,insufficient_minutes,,,,,,,,,,,,,,,,,-12.29914834883459,-12.19116883109832,False
2019-03-08,False,324,360,,insufficient_minutes,False,235,240,,insufficient_minutes,False,1261,1440,,insufficient_minutes,,,,,,,,,,,,,,,,,-12.29914834883459,-12.19116883109832,False
2019-03-11,False,310,360,,insufficient_minutes,False,232,240,,insufficient_minutes,False,1255,1440,,insufficient_minutes,,,,,,,,,,,,,,,,,-12.29914834883459,-12.19116883109832,False
2019-03-12,False,319,360,,insufficient_minutes,False,234,240,,insufficient_minutes,False,1240,1440,,insufficient_minutes,,,,,,,,,,,,,,,,,-12.29914834883459,-12.19116883109832,False
2019-03-13,False,287,360,,insufficient_minutes,False,234,240,,insufficient_minutes,False,1227,1440,,insufficient_minutes,,,,,,,,,,,,,,,,,-12.29914834883459,-12.19116883109832,False
2019-03-14,False,302,360,,insufficient_minutes,True,240,240,5.617671792782377e-06,ok,False,1236,1440,,insufficient_minutes,48.0,1303.087,1295.833,0.0055699419701730184,,,,,,,,,,,,-12.08959325163983,-12.29914834883459,-12.19116883109832,False
2019-03-15,False,305,360,,insufficient_minutes,False,230,240,,insufficient_minutes,False,1167,1440,,insufficient_minutes,,,,,,,,,,,,,-12.08959325163983,,,,-12.178853886803875,-12.179555738088412,False
2019-03-18,False,291,360,,insufficient_minutes,False,231,240,,insufficient_minutes,False,1202,1440,,insufficient_minutes,,,,,,,,,,,,,-12.08959325163983,,,,-12.178853886803875,-12.179555738088412,False
2019-03-19,False,286,360,,insufficient_minutes,False,231,240,,insufficient_minutes,False,1196,1440,,insufficient_minutes,,,,,,,,,,,,,,,,,-12.178853886803875,-12.179555738088412,False
2019-03-20,False,253,360,,insufficient_minutes,False,230,240,,insufficient_minutes,False,1219,1440,,insufficient_minutes,,,,,,,,,,,,,,,,,-12.178853886803875,-12.179555738088412,False
2019-03-21,False,304,360,,insufficient_minutes,True,239,240,4.406007915076563e-06,ok,False,1257,1440,,insufficient_minutes,47.0,1319.439,1314.239,0.003942301386666641,,,,,,,,,,,,-12.332541513154379,-12.178853886803875,-12.179555738088412,False
2019-03-22,False,307,360,,insufficient_minutes,True,239,240,6.036240137535601e-06,ok,False,1190,1440,,insufficient_minutes,47.0,1313.768,1309.315,0.0033923018440165636,,,,,,,,,-12.332541513154379,,,-12.017729233632746,-12.15864987599551,-12.192685622642657,False
2019-03-25,False,311,360,,insufficient_minutes,True,239,240,2.6605376061694795e-06,ok,False,1292,1440,,insufficient_minutes,47.0,1318.953,1316.057,0.0021987541658457085,,,,,,,,,-12.017729233632746,,,-12.83698234800914,-12.135580171740736,-12.190583087111731,False
2019-03-26,False,323,360,,insufficient_minutes,False,237,240,,missing_boundary,False,1307,1440,,insufficient_complete_m5,,,,,,,,,,,,,-12.83698234800914,,,,-12.292414972366888,-12.190993833791968,False
2019-03-27,False,340,360,,insufficient_minutes,True,239,240,3.0647441769367153e-06,ok,False,1323,1440,,insufficient_complete_m5,47.0,1319.234,1313.792,0.004141636037560885,,,,,,,,,-12.83698234800914,,,-12.695546457985605,-12.292414972366888,-12.190993833791968,False
2019-03-28,False,319,360,,insufficient_minutes,True,238,240,3.396004712664184e-06,ok,False,1292,1440,,insufficient_minutes,46.0,1309.808,1302.365,0.005685244601862912,,,,,,,,,-12.695546457985605,,,-12.592910901805835,-12.343717555489622,-12.2085020262976,False
2019-03-29,False,337,360,,insufficient_minutes,False,237,240,,insufficient_complete_m5,False,1210,1440,,insufficient_minutes,,,,,,,,,,,,,-12.592910901805835,,,,-12.45128111923396,-12.203898924342537,False
2019-04-01,False,308,360,,insufficient_minutes,False,233,240,,insufficient_minutes,False,1258,1440,,insufficient_minutes,,,,,,,,,,,,,-12.592910901805835,,,,-12.45128111923396,-12.203898924342537,False
2019-04-02,False,310,360,,insufficient_minutes,False,225,240,,insufficient_minutes,False,1246,1440,,insufficient_minutes,,,,,,,,,,,,,,,,,-12.45128111923396,-12.203898924342537,False
2019-04-03,False,275,360,,insufficient_minutes,False,225,240,,insufficient_minutes,False,1204,1440,,insufficient_minutes,,,,,,,,,,,,,,,,,-12.45128111923396,-12.203898924342537,False
2019-04-04,False,290,360,,insufficient_minutes,False,226,240,,insufficient_minutes,False,1242,1440,,insufficient_minutes,,,,,,,,,,,,,,,,,-12.45128111923396,-12.203898924342537,False
2019-04-05,False,290,360,,insufficient_minutes,False,233,240,,insufficient_minutes,False,1141,1440,,insufficient_minutes,,,,,,,,,,,,,,,,,-12.45128111923396,-12.203898924342537,False
2019-04-08,False,333,360,,insufficient_minutes,False,228,240,,insufficient_minutes,False,1236,1440,,insufficient_minutes,,,,,,,,,,,,,,,,,-12.45128111923396,-12.203898924342537,False
2019-04-09,False,317,360,,insufficient_minutes,False,237,240,,insufficient_complete_m5,False,1263,1440,,insufficient_minutes,,,,,,,,,,,,,,,,,-12.45128111923396,-12.203898924342537,False
2019-04-10,False,315,360,,insufficient_minutes,False,217,240,,insufficient_minutes,False,1256,1440,,insufficient_minutes,,,,,,,,,,,,,,,,,-12.45128111923396,-12.203898924342537,False
2019-04-11,False,297,360,,insufficient_minutes,False,224,240,,insufficient_minutes,False,1248,1440,,insufficient_minutes,,,,,,,,,,,,,,,,,-12.45128111923396,-12.203898924342537,False
2019-04-12,False,318,360,,insufficient_minutes,False,234,240,,insufficient_minutes,False,1186,1440,,insufficient_minutes,,,,,,,,,,,,,,,,,-12.45128111923396,-12.203898924342537,False
2019-04-15,False,332,360,,insufficient_minutes,False,231,240,,insufficient_minutes,False,1239,1440,,insufficient_minutes,,,,,,,,,,,,,,,,,-12.45128111923396,-12.203898924342537,False
2019-04-16,False,320,360,,insufficient_minutes,False,234,240,,insufficient_minutes,False,1277,1440,,insufficient_minutes,,,,,,,,,,,,,,,,,-12.45128111923396,-12.203898924342537,False
2019-04-17,False,321,360,,insufficient_minutes,False,232,240,,insufficient_minutes,False,1260,1440,,insufficient_minutes,,,,,,,,,,,,,,,,,-12.45128111923396,-12.203898924342537,False
2019-04-18,False,300,360,,insufficient_minutes,True,238,240,4.967547272632846e-06,ok,False,1159,1440,,insufficient_minutes,46.0,1277.587,1271.25,0.00498246466495342,,,,,,,,,,,,-12.21258434618266,-12.45128111923396,-12.203898924342537,False
2019-04-19,False,0,360,,insufficient_minutes,False,0,240,,insufficient_minutes,False,0,1440,,insufficient_minutes,,,,,,,,,,,,,-12.21258434618266,,,,-12.422981974755704,-12.207578070993927,False
2019-04-22,False,322,360,,insufficient_minutes,False,173,240,,insufficient_minutes,False,1133,1440,,insufficient_minutes,,,,,,,,,,,,,-12.21258434618266,,,,-12.422981974755704,-12.207578070993927,False
2019-04-23,False,307,360,,insufficient_minutes,False,224,240,,insufficient_minutes,False,1218,1440,,insufficient_minutes,,,,,,,,,,,,,,,,,-12.422981974755704,-12.207578070993927,False
2019-04-24,False,327,360,,insufficient_minutes,False,229,240,,insufficient_minutes,False,1275,1440,,insufficient_minutes,,,,,,,,,,,,,,,,,-12.422981974755704,-12.207578070993927,False
2019-04-25,False,329,360,,insufficient_minutes,False,235,240,,insufficient_minutes,False,1263,1440,,insufficient_minutes,,,,,,,,,,,,,,,,,-12.422981974755704,-12.207578070993927,False
2019-04-26,False,321,360,,insufficient_minutes,False,231,240,,insufficient_minutes,False,1182,1440,,insufficient_minutes,,,,,,,,,,,,,,,,,-12.422981974755704,-12.207578070993927,False
2019-04-29,False,268,360,,insufficient_minutes,False,233,240,,insufficient_minutes,False,1176,1440,,insufficient_minutes,,,,,,,,,,,,,,,,,-12.422981974755704,-12.207578070993927,False
2019-04-30,False,288,360,,insufficient_minutes,False,228,240,,insufficient_minutes,False,1196,1440,,insufficient_minutes,,,,,,,,,,,,,,,,,-12.422981974755704,-12.207578070993927,False
2019-05-01,False,260,360,,insufficient_minutes,False,219,240,,insufficient_minutes,False,1206,1440,,insufficient_minutes,,,,,,,,,,,,,,,,,-12.422981974755704,-12.207578070993927,False
2019-05-02,False,304,360,,insufficient_minutes,False,222,240,,insufficient_minutes,False,1189,1440,,insufficient_minutes,,,,,,,,,,,,,,,,,-12.422981974755704,-12.207578070993927,False
2019-05-03,False,284,360,,insufficient_minutes,False,232,240,,insufficient_minutes,False,1145,1440,,insufficient_minutes,,,,,,,,,,,,,,,,,-12.422981974755704,-12.207578070993927,False
2019-05-06,False,336,360,,insufficient_minutes,False,236,240,,insufficient_complete_m5,False,1274,1440,,insufficient_minutes,,,,,,,,,,,,,,,,,-12.422981974755704,-12.207578070993927,False
2019-05-07,False,317,360,,insufficient_minutes,False,233,240,,insufficient_minutes,False,1249,1440,,insufficient_minutes,,,,,,,,,,,,,,,,,-12.422981974755704,-12.207578070993927,False
2019-05-08,False,313,360,,insufficient_minutes,False,236,240,,insufficient_complete_m5,False,1251,1440,,insufficient_minutes,,,,,,,,,,,,,,,,,-12.422981974755704,-12.207578070993927,False
2019-05-09,False,342,360,,insufficient_minutes,False,235,240,,insufficient_minutes,False,1293,1440,,insufficient_minutes,,,,,,,,,,,,,,,,,-12.422981974755704,-12.207578070993927,False
2019-05-10,False,354,360,,insufficient_complete_m5,False,232,240,,insufficient_minutes,False,1227,1440,,insufficient_minutes,,,,,,,,,,,,,,,,,-12.422981974755704,-12.207578070993927,False
2019-05-13,False,312,360,,insufficient_minutes,False,231,240,,insufficient_minutes,False,1263,1440,,insufficient_minutes,,,,,,,,,,,,,,,,,-12.422981974755704,-12.207578070993927,False
2019-05-14,False,340,360,,insufficient_minutes,False,222,240,,insufficient_minutes,False,1241,1440,,insufficient_minutes,,,,,,,,,,,,,,,,,-12.422981974755704,-12.207578070993927,False
2019-05-15,False,303,360,,insufficient_minutes,False,220,240,,insufficient_minutes,False,1216,1440,,insufficient_minutes,,,,,,,,,,,,,,,,,-12.422981974755704,-12.207578070993927,False
2019-05-16,False,303,360,,insufficient_minutes,False,230,240,,insufficient_minutes,False,1229,1440,,insufficient_minutes,,,,,,,,,,,,,,,,,-12.422981974755704,-12.207578070993927,False
2019-05-17,False,334,360,,insufficient_minutes,False,226,240,,insufficient_minutes,False,1196,1440,,insufficient_minutes,,,,,,,,,,,,,,,,,-12.422981974755704,-12.207578070993927,False
2019-05-20,False,316,360,,insufficient_minutes,False,226,240,,insufficient_minutes,False,1205,1440,,insufficient_minutes,,,,,,,,,,,,,,,,,-12.422981974755704,-12.207578070993927,False
2019-05-21,False,296,360,,insufficient_minutes,False,218,240,,insufficient_minutes,False,1167,1440,,insufficient_minutes,,,,,,,,,,,,,,,,,-12.422981974755704,-12.207578070993927,False
2019-05-22,False,293,360,,insufficient_minutes,False,221,240,,insufficient_minutes,False,1210,1440,,insufficient_minutes,,,,,,,,,,,,,,,,,-12.422981974755704,-12.207578070993927,False
2019-05-23,False,265,360,,insufficient_minutes,False,233,240,,insufficient_minutes,False,1224,1440,,insufficient_minutes,,,,,,,,,,,,,,,,,-12.422981974755704,-12.207578070993927,False
2019-05-24,False,312,360,,insufficient_minutes,False,232,240,,insufficient_minutes,False,1144,1440,,insufficient_minutes,,,,,,,,,,,,,,,,,-12.422981974755704,-12.207578070993927,False
2019-05-27,False,278,360,,insufficient_minutes,False,198,240,,insufficient_minutes,False,859,1440,,insufficient_minutes,,,,,,,,,,,,,,,,,-12.422981974755704,-12.207578070993927,False
2019-05-28,False,319,360,,insufficient_minutes,False,230,240,,insufficient_minutes,False,1248,1440,,insufficient_minutes,,,,,,,,,,,,,,,,,-12.422981974755704,-12.207578070993927,False
2019-05-29,False,319,360,,insufficient_minutes,False,230,240,,insufficient_minutes,False,1270,1440,,insufficient_minutes,,,,,,,,,,,,,,,,,-12.422981974755704,-12.207578070993927,False
2019-05-30,False,311,360,,insufficient_minutes,False,222,240,,insufficient_minutes,False,1245,1440,,insufficient_minutes,,,,,,,,,,,,,,,,,-12.422981974755704,-12.207578070993927,False
2019-05-31,False,335,360,,insufficient_minutes,False,235,240,,insufficient_minutes,False,1213,1440,,insufficient_minutes,,,,,,,,,,,,,,,,,-12.422981974755704,-12.207578070993927,False
2019-06-03,False,337,360,,insufficient_minutes,True,236,240,7.059401796119225e-06,ok,False,1307,1440,,insufficient_complete_m5,46.0,1317.263,1309.364,0.00603071933449068,,,,,,,,,,,,-11.861150241476906,-12.422981974755704,-12.207578070993927,False
2019-06-04,False,343,360,,insufficient_minutes,True,239,240,1.1100803151163284e-05,ok,False,1330,1440,,insufficient_complete_m5,47.0,1328.968,1322.915,0.004563660729936998,,,,,,,,,-11.861150241476906,,,-11.408493096302896,-12.373391993231408,-12.176229378628042,False
2019-06-05,False,331,360,,insufficient_minutes,False,234,240,,insufficient_minutes,False,1316,1440,,insufficient_complete_m5,,,,,,,,,,,,,-11.408493096302896,,,,-12.037562660574578,-12.10771159337262,False
2019-06-06,False,341,360,,insufficient_minutes,False,233,240,,insufficient_minutes,False,1326,1440,,insufficient_complete_m5,,,,,,,,,,,,,-11.408493096302896,,,,-12.037562660574578,-12.10771159337262,False
2019-06-07,False,323,360,,insufficient_minutes,False,234,240,,insufficient_minutes,False,1205,1440,,insufficient_minutes,,,,,,,,,,,,,-11.408493096302896,,,,-12.037562660574578,-12.10771159337262,False
2019-06-10,False,342,360,,insufficient_minutes,False,232,240,,insufficient_minutes,False,1271,1440,,insufficient_minutes,,,,,,,,,,,,,,,,,-12.037562660574578,-12.10771159337262,False
2019-06-11,False,313,360,,insufficient_minutes,False,235,240,,insufficient_minutes,False,1245,1440,,insufficient_minutes,,,,,,,,,,,,,,,,,-12.037562660574578,-12.10771159337262,False
2019-06-12,False,335,360,,insufficient_minutes,False,237,240,,insufficient_complete_m5,False,1283,1440,,insufficient_minutes,,,,,,,,,,,,,,,,,-12.037562660574578,-12.10771159337262,False
2019-06-13,False,345,360,,insufficient_minutes,False,236,240,,insufficient_complete_m5,False,1339,1440,,insufficient_complete_m5,,,,,,,,,,,,,,,,,-12.037562660574578,-12.10771159337262,False
2019-06-14,False,342,360,,insufficient_minutes,True,239,240,7.267106562177417e-06,ok,False,1235,1440,,insufficient_minutes,47.0,1358.023,1351.993,0.004449212570538076,,,,,,,,,,,,-11.832152342590113,-12.037562660574578,-12.10771159337262,False
2019-06-17,False,341,360,,insufficient_minutes,True,239,240,7.936444370989846e-06,ok,False,1297,1440,,insufficient_complete_m5,47.0,1338.616,1332.988,0.004205382261625834,,,,,,,,,-11.832152342590113,,,-11.744045195220968,-11.90475801525596,-12.17197206017043,False
2019-06-18,False,334,360,,insufficient_minutes,True,239,240,9.6488098345715e-06,ok,False,1308,1440,,insufficient_complete_m5,47.0,1348.069,1343.731,0.003222297287008389,,,,,,,,,-11.744045195220968,,,-11.548675983424571,-11.778681593329662,-12.137201430628252,False
2019-06-19,False,347,360,,insufficient_minutes,False,235,240,,insufficient_minutes,True,1359,1440,9.690558726581253e-05,ok,,,,,257.0,1362.413,1341.303,0.015687924014265456,,,,,-11.548675983424571,,,,-11.663456171463766,-12.116369507643297,False
2019-06-20,True,359,360,0.00014698926732020773,ok,True,240,240,1.5094565420445742e-05,ok,True,1369,1440,0.00023803546229317975,ok,48.0,1384.048,1377.767,0.00454196873844121,268.0,1393.558,1357.874,0.02627646174968509,71.0,1393.558,1357.874,0.02627646174968509,-11.548675983424571,-9.24177338060793,-8.82515098527816,-11.101175784855824,-11.663456171463766,-12.116369507643297,True
2019-06-21,True,359,360,4.762425562794026e-05,ok,True,240,240,3.419540091511355e-05,ok,False,1256,1440,,insufficient_minutes,48.0,1400.056,1381.454,0.013358237304396534,,,,,71.0,1411.496,1390.48,0.015109184998368066,-11.101175784855824,-8.343090894160532,-9.95216835449908,-10.283419399104716,-11.492187405927803,-12.03417155548369,True
2019-06-24,True,360,360,1.566590318162495e-05,ok,True,239,240,8.037360496890116e-06,ok,True,1379,1440,7.668921806774173e-05,ok,47.0,1408.372,1400.758,0.0054271704939837335,275.0,1425.781,1400.69,0.017832952618404164,72.0,1411.046,1400.69,0.0073603306889400266,-10.283419399104716,-8.343090894160532,-11.06402397919759,-11.731409825081164,-11.11896188520914,-11.815661413737287,True
2019-06-25,True,359,360,6.9601220483563e-05,ok,True,240,240,1.769783840593984e-05,ok,True,1377,1440,0.000251118459946303,ok,48.0,1435.449,1427.844,0.0053179847180489246,273.0,1438.983,1411.841,0.019041966411716786,71.0,1438.983,1420.211,0.013169839860023048,-11.731409825081164,-9.475749432252764,-9.572728455094271,-10.94206804980043,-11.108626622845781,-11.779062903953784,True
2019-06-26,True,360,360,3.427038129463358e-05,ok,True,240,240,1.6218008084326966e-05,ok,True,1377,1440,9.90302074227578e-05,ok,48.0,1413.072,1403.982,0.006467032894715721,273.0,1420.486,1401.402,0.013453524923634863,72.0,1420.486,1403.241,0.01215709690358856,-10.94206804980043,-8.289585778189494,-10.281229095946667,-11.029388322963369,-10.986140176013905,-11.68574058882553,True
2019-06-27,True,358,360,1.539581388139e-05,ok,True,240,240,7.446657521098627e-06,ok,True,1367,1440,5.574046082862584e-05,ok,48.0,1406.082,1401.42,0.003323425552095362,264.0,1411.932,1398.355,0.00962271746618547,70.0,1411.899,1404.96,0.004918025815560106,-11.029388322963369,-9.220085628888596,-11.08141491137981,-11.807745281134613,-10.911420293636139,-11.614986190019067,True
2019-06-28,True,357,360,3.0626322046617924e-05,ok,True,240,240,4.380994500305026e-06,ok,False,1249,1440,,insufficient_minutes,48.0,1415.794,1411.154,0.003285951424573322,,,,,69.0,1424.547,1410.654,0.00984508500447506,-11.807745281134613,-9.794804268477373,-10.393650721161976,-12.338234804484813,-10.998961585603224,-11.603850986795798,True
2019-07-01,False,354,360,,insufficient_complete_m5,True,240,240,8.171538061804176e-06,ok,True,1363,1440,7.061280094212846e-05,ok,48.0,1390.71,1381.635,0.006561760446214205,265.0,1396.986,1381.635,0.011026060749278047,,,,,-12.338234804484813,-9.794804268477373,,-11.714853409551763,-11.440030847045563,-11.61582406131992,False
2019-07-02,False,345,360,,insufficient_minutes,True,240,240,6.613103520056371e-06,ok,True,1362,1440,0.00013542979869055204,ok,48.0,1394.397,1391.005,0.0024379515457129035,265.0,1435.447,1383.831,0.03725313016943475,,,,,-11.714853409551763,-9.558299113440178,,-11.926457495370927,-11.437539059710222,-11.594115549148652,False
2019-07-03,True,360,360,4.5346143773553775e-05,ok,True,239,240,8.684893562178411e-06,ok,True,1360,1440,0.0001099555073274296,ok,47.0,1426.43,1422.316,0.0028862681268723442,261.0,1437.498,1411.857,0.017912743749471736,72.0,1437.498,1421.26,0.011343829530982497,-11.926457495370927,-8.907057142744588,-10.001185417575298,-11.653925413708604,-11.667702634957678,-11.588731954762443,True
2019-07-04,False,353,360,,insufficient_complete_m5,False,231,240,,insufficient_minutes,False,1113,1440,,insufficient_minutes,,,,,,,,,,,,,-11.653925413708604,-9.115434752837038,,,-11.861145193332547,-11.56591493331565,False
2019-07-05,False,353,360,,insufficient_complete_m5,False,234,240,,insufficient_minutes,False,1244,1440,,insufficient_minutes,,,,,,,,,,,,,-11.653925413708604,-9.115434752837038,,,-11.861145193332547,-11.56591493331565,False
2019-07-08,True,358,360,1.2529559277078621e-05,ok,True,239,240,4.532465247719165e-06,ok,True,1365,1440,4.4409366255413504e-05,ok,47.0,1407.501,1403.61,0.002768881641517766,264.0,1407.501,1391.722,0.011304680814174874,70.0,1405.588,1395.215,0.007431615063403037,,,-11.287419963092404,-12.304244561700541,-11.861145193332547,-11.56591493331565,False
2019-07-09,False,351,360,,insufficient_minutes,True,239,240,9.65944832213333e-06,ok,True,1343,1440,4.781044131053944e-05,ok,47.0,1394.808,1385.574,0.0066252867262516215,250.0,1399.9,1385.574,0.010273455638084088,,,,,-12.304244561700541,-10.022060159074774,,-11.547574020880665,-11.947315034391941,-11.573874567947437,False
2019-07-10,False,351,360,,insufficient_minutes,True,237,240,3.724515787720749e-06,ok,True,1365,1440,0.00016954382914248617,ok,46.0,1396.95,1390.377,0.0047255829602941704,264.0,1422.396,1389.831,0.023336976190049666,,,,,-11.547574020880665,-9.948266504861868,,-12.50057370445579,-11.796311479669967,-11.537355790292674,False
2019-07-11,False,351,360,,insufficient_minutes,True,240,240,4.6533772620569275e-06,ok,True,1368,1440,8.119199420799734e-05,ok,48.0,1423.872,1419.977,0.002740586752939433,265.0,1426.975,1399.813,0.01910139343406289,,,,,-12.50057370445579,-8.682399085557842,,-12.277917309072603,-11.921964157537806,-11.533981048403358,False
2019-07-12,False,355,360,,insufficient_complete_m5,False,237,240,,insufficient_complete_m5,False,1247,1440,,insufficient_minutes,,,,,,,,,,,,,-12.277917309072603,-9.41869390915487,,,-11.98277869970791,-11.52758093315985,False
2019-07-15,False,353,360,,insufficient_complete_m5,False,233,240,,insufficient_minutes,True,1352,1440,4.004569180495318e-05,ok,,,,,252.0,1418.165,1407.695,0.007392467661484309,,,,,-12.277917309072603,-9.41869390915487,,,-11.98277869970791,-11.52758093315985,False
2019-07-16,False,343,360,,insufficient_minutes,True,238,240,2.9811575414722734e-06,ok,True,1347,1440,5.911711159644102e-05,ok,46.0,1416.206,1412.622,0.0025355957960329903,245.0,1416.206,1400.062,0.011404903387879398,,,,,,-10.125489460649172,,-12.723198896133317,-11.98277869970791,-11.52758093315985,False
2019-07-17,False,336,360,,insufficient_minutes,True,239,240,3.7117705245605414e-06,ok,True,1352,1440,5.465442565868662e-05,ok,47.0,1406.249,1400.017,0.00443392407260762,253.0,1429.814,1400.017,0.021203829882620023,,,,,-12.723198896133317,-9.735990139140974,,-12.504001564843344,-12.184273418213984,-11.537710643727767,False
2019-07-18,False,350,360,,insufficient_minutes,True,239,240,7.874744263153406e-06,ok,True,1368,1440,0.00011999849225235486,ok,47.0,1422.192,1417.949,0.0029881775778929356,266.0,1452.737,1414.495,0.026840267700824,,,,,-12.504001564843344,-9.814480364759891,,-11.751849848300088,-12.216920493738643,-11.555017749859836,False
2019-07-19,True,358,360,1.7380323425605575e-05,ok,True,238,240,6.7556748338363375e-06,ok,False,1255,1440,,insufficient_minutes,46.0,1440.758,1436.093,0.0032419134586316994,,,,,70.0,1445.19,1439.472,0.003962601304304339,-11.751849848300088,-9.028031379824872,-10.96017182923196,-11.905127690159786,-12.291823782237856,-11.57198462417537,True
2019-07-22,False,348,360,,insufficient_minutes,True,240,240,3.842235561783081e-06,ok,True,1354,1440,3.445479528684425e-05,ok,48.0,1428.135,1424.555,0.0025093689532881863,257.0,1429.737,1422.162,0.0053153269469885045,,,,,-11.905127690159786,-9.028031379824872,,-12.469456183216566,-12.167747547740646,-11.574701041350098,False
2019-07-23,False,351,360,,insufficient_minutes,False,235,240,,insufficient_minutes,True,1359,1440,5.324802273465127e-05,ok,,,,,256.0,1429.75,1414.163,0.01094776440708798,,,,,-12.469456183216566,-10.27586237463715,,,-12.199471174276592,-11.596717159791881,False
2019-07-24,False,350,360,,insufficient_minutes,True,238,240,4.03482313431146e-06,ok,True,1357,1440,2.6870787157269114e-05,ok,46.0,1426.741,1420.709,0.004242076873578039,256.0,1429.4,1416.502,0.009101159907478461,,,,,-12.469456183216566,-9.840549885807778,,-12.420548090087447,-12.199471174276592,-11.596717159791881,False
2019-07-25,False,331,360,,insufficient_minutes,False,236,240,,insufficient_complete_m5,False,1316,1440,,insufficient_complete_m5,,,,,,,,,,,,,-12.420548090087447,-10.524470840742923,,,-12.158454660755806,-11.6277160096585,False
2019-07-26,False,340,360,,insufficient_minutes,True,239,240,3.5018027638057037e-06,ok,False,1231,1440,,insufficient_minutes,47.0,1419.81,1417.305,0.0017658223498124963,,,,,,,,,-12.420548090087447,-10.524470840742923,,-12.562232646701634,-12.158454660755806,-11.6277160096585,False
2019-07-29,False,341,360,,insufficient_minutes,True,238,240,3.867387550428314e-06,ok,False,1325,1440,,insufficient_complete_m5,46.0,1420.024,1417.679,0.0016527556793652573,,,,,,,,,-12.562232646701634,,,-12.462931330441396,-12.166495051570655,-11.694940206975058,False
2019-07-30,False,332,360,,insufficient_minutes,False,235,240,,insufficient_minutes,False,1314,1440,,insufficient_complete_m5,,,,,,,,,,,,,-12.462931330441396,,,,-12.333818573401324,-11.8957258913585,False
2019-07-31,False,332,360,,insufficient_minutes,False,237,240,,insufficient_complete_m5,True,1345,1440,0.00015966081939111152,ok,,,,,248.0,1433.506,1408.026,0.01780627776116108,,,,,-12.462931330441396,,,,-12.333818573401324,-11.8957258913585,False
2019-08-01,False,342,360,,insufficient_minutes,True,237,240,5.398390462057823e-06,ok,True,1359,1440,0.00014057178513067565,ok,46.0,1408.0,1402.853,0.003660130533040685,260.0,1448.387,1400.421,0.03396382059347815,,,,,-12.462931330441396,-8.74245887165963,,-12.12940971140541,-12.333818573401324,-11.8957258913585,False
2019-08-02,True,360,360,3.142686846041069e-05,ok,True,240,240,1.4182290262647316e-05,ok,False,1256,1440,,insufficient_minutes,48.0,1440.019,1433.388,0.004625502415640968,,,,,72.0,1442.157,1430.255,0.008275570518610172,-12.12940971140541,-8.869792273471843,-10.367847347485874,-11.16351653631636,-12.39749277440552,-11.915264263250991,True
2019-08-05,True,360,360,3.347217082395252e-05,ok,True,240,240,1.430311833064025e-05,ok,True,1380,1440,0.00013821408310443477,ok,48.0,1461.77,1455.382,0.004379364882402206,276.0,1474.625,1438.69,0.024962081046358164,72.0,1455.962,1438.69,0.01199791467462633,-11.16351653631636,-8.869792273471843,-10.304796186046774,-11.15503297939141,-11.991455124187908,-11.941900180170968,True
2019-08-06,True,360,360,3.881215637157404e-05,ok,True,239,240,8.075580612274127e-06,ok,True,1373,1440,9.977955367462337e-05,ok,47.0,1465.6,1458.422,0.004910374380131853,271.0,1477.246,1456.268,0.014231186568766532,72.0,1474.667,1456.268,0.0124816284526043,-11.15503297939141,-8.886706748027791,-10.156777051860196,-11.726665788991603,-11.705224890677915,-11.956712655813561,True
2019-08-07,True,358,360,4.350645994582521e-05,ok,True,240,240,1.6731734232871706e-05,ok,True,1378,1440,0.000198746323727867,ok,48.0,1490.82,1485.035,0.003894187159952714,274.0,1510.239,1474.325,0.024317356602991082,70.0,1490.08,1474.325,0.010667704886120224,-11.726665788991603,-9.212547268635962,-10.042601126393608,-10.998203388273815,-11.600080112919791,-11.951823433792617,True
2019-08-08,True,359,360,4.3651397351442744e-05,ok,True,240,240,6.683204317552301e-06,ok,True,1379,1440,0.00011060502793973679,ok,48.0,1499.707,1495.277,0.0029599122315867826,275.0,1509.463,1489.938,0.013001234201669194,71.0,1506.613,1491.686,0.009939535105163594,-10.998203388273815,-8.52348130156761,-10.039275263557775,-11.91591299717302,-11.352660136616668,-11.860357174966481,True
2019-08-09,False,355,360,,insufficient_complete_m5,True,239,240,4.208804985561788e-06,ok,False,1252,1440,,insufficient_minutes,47.0,1503.868,1501.219,0.0017622733792273188,,,,,,,,,-11.91591299717302,-9.109545009333058,,-12.378331801973923,-11.331005192747064,-11.870946184821706,False
2019-08-12,False,354,360,,insufficient_complete_m5,True,240,240,3.0490065025356377e-05,ok,True,1365,1440,0.00011950150580786848,ok,48.0,1506.27,1486.759,0.013085909860073098,264.0,1519.169,1486.759,0.021594300330677354,,,,,-12.378331801973923,-9.109545009333058,,-10.39810966428825,-11.512876616585327,-11.888292453488056,False
2019-08-13,True,356,360,1.7436527626921995e-05,ok,True,240,240,1.3187212136540076e-05,ok,True,1371,1440,0.00029515966799446787,ok,48.0,1534.902,1521.444,0.008838950228526786,269.0,1534.902,1479.083,0.03691359273830093,69.0,1519.951,1509.599,0.006845868109906928,-10.39810966428825,-9.032181585769434,-10.95694326326816,-11.236262975475043,-11.232428304688789,-11.741002471901567,True
2019-08-14,True,360,360,3.592980353527498e-05,ok,True,240,240,1.4293119171262695e-05,ok,True,1380,1440,0.00015962258706988836,ok,48.0,1510.421,1497.143,0.008867589221852028,276.0,1523.974,1493.969,0.01999091897265124,72.0,1503.758,1493.969,0.006521949869131262,-11.236262975475043,-8.127994100607143,-10.233943424839463,-11.155732313335912,-11.15803782754227,-11.688068819350049,True
2019-08-15,True,360,360,3.02244359511857e-05,ok,True,240,240,2.4207204471204637e-05,ok,True,1374,1440,0.000153293443626634,ok,48.0,1522.524,1510.112,0.008198174961550286,270.0,1527.03,1507.816,0.01266573346917099,72.0,1524.177,1515.704,0.005585341921738606,-11.155732313335912,-8.742698359967711,-10.406859823302208,-10.62886026368542,-11.192838077921433,-11.66083974718051,True
2019-08-16,True,360,360,1.5401247270529878e-05,ok,True,239,240,1.3949856526975263e-05,ok,False,1258,1440,,insufficient_minutes,47.0,1516.553,1505.532,0.007272194594715986,,,,,72.0,1527.809,1516.72,0.007263821009598372,-10.62886026368542,-8.783156541255275,-11.081062060231483,-11.18004133455443,-10.966118147362042,-11.548637115386404,True
2019-08-19,True,358,360,1.563230363975856e-05,ok,True,240,240,1.580014145990432e-05,ok,True,1368,1440,7.349514217107309e-05,ok,48.0,1508.954,1497.253,0.0077620272947932,264.0,1512.657,1492.835,0.013130387088739667,70.0,1512.657,1505.042,0.005044289056641774,-11.18004133455443,-8.783156541255275,-11.066171038610008,-11.055491664812932,-10.859273478984218,-11.501589081724228,True
2019-08-20,False,349,360,,insufficient_minutes,True,240,240,7.075747476014191e-06,ok,True,1362,1440,3.4589155579821965e-05,ok,48.0,1505.097,1496.781,0.005555275357216718,259.0,1508.418,1494.336,0.009411871643779093,,,,,-11.055491664812932,-9.518291246840286,,-11.858837469695548,-11.025112200890073,-11.440143697498929,False
2019-08-21,False,338,360,,insufficient_minutes,True,238,240,4.9228103901336486e-06,ok,True,1339,1440,3.943495435648792e-05,ok,46.0,1502.013,1496.091,0.003948565961121112,246.0,1507.387,1496.091,0.007499501239349708,,,,,-11.858837469695548,-10.271970347576206,,-12.221630973035838,-11.103122192248598,-11.424625537951215,False
2019-08-22,False,351,360,,insufficient_minutes,True,239,240,4.016399740262705e-06,ok,True,1354,1440,3.787227250610967e-05,ok,47.0,1502.006,1495.175,0.004550171788801775,255.0,1504.498,1492.435,0.008027558422398174,,,,,-12.221630973035838,-10.140857968551584,,-12.425124643610312,-11.235964251239867,-11.438229933974766,False
2019-08-23,False,349,360,,insufficient_minutes,False,235,240,,insufficient_minutes,False,1244,1440,,insufficient_minutes,,,,,,,,,,,,,-12.425124643610312,-10.181291309767813,,,-11.601429833882431,-11.451021997171479,False
2019-08-26,True,360,360,2.1221117403441666e-05,ok,True,240,240,4.909459761614138e-05,ok,True,1372,1440,0.00011511237286101074,ok,48.0,1537.102,1524.963,0.007896142215121983,271.0,1549.067,1524.963,0.015577086999426809,72.0,1549.067,1538.037,0.00712808121488869,-12.425124643610312,-10.181291309767813,-10.760513768132698,-9.921761557401837,-11.601429833882431,-11.451021997171479,True
2019-08-27,False,354,360,,insufficient_complete_m5,True,240,240,5.272972292160003e-06,ok,True,1365,1440,4.959680570252192e-05,ok,48.0,1534.924,1529.457,0.0035661681728458967,263.0,1544.571,1525.579,0.012423558840681505,,,,,-9.921761557401837,-9.069601751393362,,-12.152916352093126,-11.03161479341205,-11.25818910116046,False
2019-08-28,False,355,360,,insufficient_complete_m5,True,240,240,1.2461865458881001e-05,ok,True,1369,1440,7.653116166319283e-05,ok,48.0,1543.489,1537.863,0.0036576180818699076,266.0,1546.787,1531.757,0.00973716142632893,,,,,-12.152916352093126,-9.911584127466067,,-11.292837340010216,-11.17100342674977,-11.253402001668615,False
2019-08-29,True,358,360,6.290580891597543e-06,ok,True,240,240,2.021518569647419e-05,ok,True,1373,1440,9.038267165745645e-05,ok,48.0,1549.86,1535.11,0.009519961584534678,269.0,1550.262,1519.452,0.020022596094326474,70.0,1544.961,1537.915,0.004579007208069638,-11.292837340010216,-9.477812558070493,-11.976457139910739,-10.809076468840312,-11.097263911115094,-11.219425962181054,True
2019-08-30,False,355,360,,insufficient_complete_m5,True,240,240,7.355523445080832e-06,ok,False,1250,1440,,insufficient_minutes,48.0,1529.061,1521.856,0.004713238213797147,,,,,,,,,-10.809076468840312,-9.311457994145227,,-11.820059037839455,-10.913418630320448,-11.160262505963791,False
2019-09-02,True,357,360,1.3849960450038217e-05,ok,True,238,240,7.384375574337818e-06,ok,False,1129,1440,,insufficient_minutes,46.0,1526.25,1519.194,0.004633661025630949,,,,,69.0,1529.805,1522.621,0.004697890461464395,-11.820059037839455,-9.311457994145227,-11.187228180927912,-11.816144198793697,-10.877405866435195,-11.153408545504567,True
2019-09-03,False,354,360,,insufficient_complete_m5,True,240,240,6.758096687829415e-06,ok,True,1370,1440,6.941880849418008e-05,ok,48.0,1533.735,1525.791,0.005203344052457856,266.0,1550.014,1521.548,0.018650367523489787,,,,,-11.816144198793697,,,-11.904769262608287,-11.46052425767316,-11.177419698946911,False
2019-09-04,True,360,360,1.581955547119061e-05,ok,True,240,240,5.824961546325339e-06,ok,True,1379,1440,6.202986106377432e-05,ok,48.0,1539.457,1535.26,0.0027294196910365304,275.0,1556.866,1533.794,0.014893237268338017,72.0,1549.329,1540.058,0.005984535485209856,-11.904769262608287,-9.57535271140337,-11.054263695185762,-12.053358160023512,-11.432728057953653,-11.204762696204142,True
2019-09-05,True,359,360,1.7796033733454954e-05,ok,True,240,240,1.302711517114723e-05,ok,True,1374,1440,0.00013944744237393803,ok,48.0,1550.113,1538.138,0.007735008616702798,271.0,1551.607,1506.033,0.029378206210847045,71.0,1551.607,1541.69,0.006392760587022584,-12.053358160023512,-9.687894658804836,-10.936534949458387,-11.248477590330898,-11.563416072122704,-11.213065797878807,True
2019-09-06,True,360,360,1.3793683431683049e-05,ok,True,240,240,2.080969497653089e-05,ok,False,1261,1440,,insufficient_minutes,48.0,1511.94,1502.684,0.006145178514581079,,,,,72.0,1520.001,1512.628,0.004855078571541487,-11.248477590330898,-8.87782278486974,-11.19129979292977,-10.78009157520912,-11.727355280771496,-11.226885017288053,True
2019-09-09,True,357,360,1.1736572952438487e-05,ok,True,240,240,7.081488161469582e-06,ok,True,1369,1440,5.798001733665038e-05,ok,48.0,1511.155,1504.423,0.004459395947924676,267.0,1515.18,1495.605,0.012999147335623074,69.0,1512.444,1505.39,0.004684341522630045,-10.78009157520912,-8.87782278486974,-11.352800698236992,-11.858026480047988,-11.439596122398116,-11.17518349962395,True
2019-09-10,True,358,360,2.0118189615190787e-05,ok,True,240,240,9.642884559609511e-06,ok,True,1372,1440,8.181581690469073e-05,ok,48.0,1496.703,1490.36,0.004253572752993075,269.0,1500.677,1484.362,0.010903795309396329,70.0,1497.277,1486.409,0.007263404684187551,-11.858026480047988,-9.755412135459936,-10.813886196145397,-11.54929026592638,-11.445241460868292,-11.164989075642195,True
2019-09-11,True,357,360,1.3895081624081033e-05,ok,True,240,240,7.225845474099645e-06,ok,True,1368,1440,5.666773774364806e-05,ok,48.0,1494.644,1488.892,0.0038525579457667756,266.0,1498.385,1486.774,0.007807913624073002,69.0,1494.691,1486.921,0.005225001193613517,-11.54929026592638,-9.4110399723543,-11.18397562043794,-11.83784631017553,-11.392725008474539,-11.241444223043844,True
2019-09-12,True,359,360,7.940137284897275e-06,ok,True,240,240,6.14001972329872e-06,ok,True,1371,1440,0.0001470380786225736,ok,48.0,1505.811,1500.295,0.0036743938182786096,269.0,1524.067,1489.178,0.02336587392982864,71.0,1498.098,1489.178,0.005973905685289589,-11.83784631017553,-9.778305508402255,-11.743579992565376,-12.000682603546748,-11.368184143040647,-11.264426551383107,True
2019-09-13,False,350,360,,insufficient_minutes,True,239,240,1.063505180811479e-05,ok,False,1249,1440,,insufficient_minutes,47.0,1507.499,1501.428,0.004034086737183942,,,,,,,,,-12.000682603546748,-8.824818966481352,,-11.451355237850992,-11.495086865211954,-11.296738911753653,False
2019-09-16,False,356,360,,insufficient_complete_m5,True,240,240,1.1422559237905821e-05,ok,True,1372,1440,6.897200882323995e-05,ok,48.0,1505.039,1498.941,0.00405165629224279,268.0,1511.779,1495.83,0.010588312226748862,,,,,-11.451355237850992,-8.824818966481352,,-11.379920277450573,-11.718099201715996,-11.352957593069286,False
2019-09-17,True,359,360,5.3647617921332215e-06,ok,True,240,240,6.307527098651788e-06,ok,True,1368,1440,4.349465333600448e-05,ok,48.0,1499.961,1494.091,0.003927983402095428,267.0,1506.908,1493.408,0.009011483633977566,71.0,1500.835,1496.124,0.003144674029605069,-11.379920277450573,-9.581809804901443,-12.135658583215292,-11.97376686018172,-11.6168123823957,-11.363784441849122,True
2019-09-18,False,350,360,,insufficient_minutes,False,237,240,,insufficient_complete_m5,True,1365,1440,0.00012046502186944548,ok,,,,,261.0,1511.376,1482.481,0.01925224404076584,,,,,-11.97376686018172,-10.042872539239902,,,-11.693704132420628,-11.405530770053502,False
2019-09-19,True,359,360,6.69929891624772e-06,ok,True,240,240,6.073131327408925e-06,ok,True,1368,1440,3.7989590067785776e-05,ok,48.0,1498.917,1493.522,0.003605174879381996,267.0,1504.422,1488.906,0.0104048021957647,71.0,1497.245,1488.906,0.005592011182681156,-11.97376686018172,-9.024151122113851,-11.913507676408447,-12.011636216482891,-11.693704132420628,-11.405530770053502,True
2019-09-20,False,351,360,,insufficient_minutes,True,239,240,4.704203737916179e-06,ok,False,1247,1440,,insufficient_minutes,47.0,1506.53,1502.814,0.0024701419268036953,,,,,,,,,-12.011636216482891,-10.17819838135242,,-12.267054036674029,-11.721715295702127,-11.41004354154949,False
2019-09-23,False,352,360,,insufficient_minutes,True,240,240,1.0373919127440923e-05,ok,True,1367,1440,5.294886697639528e-05,ok,48.0,1521.087,1511.476,0.006346990380125934,267.0,1526.614,1511.476,0.00999599843106797,,,,,-12.267054036674029,-10.17819838135242,,-11.476215677762298,-11.757740321617435,-11.411030199360853,False
2019-09-24,False,342,360,,insufficient_minutes,True,240,240,6.167051665712678e-06,ok,True,1359,1440,7.295341942287792e-05,ok,48.0,1523.805,1519.568,0.0027832217121510783,259.0,1535.445,1515.577,0.013062785263537116,,,,,-11.476215677762298,-9.846183884136446,,-11.996289684219187,-11.764434012765644,-11.38272641152211,False
2019-09-25,False,353,360,,insufficient_complete_m5,True,240,240,5.172196568096543e-06,ok,True,1368,1440,7.472593990016291e-05,ok,48.0,1532.786,1527.871,0.0032144383545607016,265.0,1534.856,1500.348,0.022528384896685627,,,,,-11.996289684219187,-9.525689410579576,,-12.172213091571052,-11.90965386082392,-11.591517081812528,False
2019-09-26,False,355,360,,insufficient_complete_m5,True,240,240,7.69343824291341e-06,ok,True,1371,1440,4.8794987613847115e-05,ok,48.0,1510.168,1505.373,0.0031774810361701682,267.0,1512.229,1499.526,0.008431411071611555,,,,,-12.172213091571052,-9.501683271751423,,-11.77514276865824,-11.94400065679953,-11.592062307395977,False
2019-09-27,True,357,360,3.208777179941862e-06,ok,True,240,240,8.22697833968295e-06,ok,False,1255,1440,,insufficient_minutes,48.0,1499.753,1490.647,0.006079504239329235,,,,,69.0,1507.355,1504.588,0.0018362224915024457,-11.77514276865824,-9.927882963211498,-12.64962063422682,-11.708091762613941,-11.895334146835657,-11.61820670693494,True
2019-09-30,True,357,360,5.637988586920933e-06,ok,True,240,240,1.2166731288216555e-05,ok,True,1368,1440,9.230374214386396e-05,ok,48.0,1494.351,1485.462,0.005960873094560963,268.0,1497.16,1464.366,0.02191527794391743,70.0,1497.16,1491.077,0.004065092264830493,-11.708091762613941,-9.927882963211498,-12.085983189587823,-11.316805274697778,-11.797051628663425,-11.687123730375738,True
2019-10-01,True,360,360,1.285156613088524e-05,ok,True,240,240,1.3995902863071221e-05,ok,True,1376,1440,0.00011934686939978241,ok,48.0,1470.017,1459.054,0.007493337470856752,272.0,1487.019,1459.054,0.018975673275072904,72.0,1474.69,1461.881,0.008691557267313034,-11.316805274697778,-9.290425874006859,-11.26204487615965,-11.176745923817926,-11.75051292651811,-11.658892313701736,True
2019-10-02,False,356,360,,insufficient_complete_m5,True,240,240,1.1783566360676455e-05,ok,True,1370,1440,7.952867330992543e-05,ok,48.0,1484.95,1475.848,0.006164165084765795,267.0,1505.032,1474.498,0.020607897196734674,,,,,-11.176745923817926,-9.033476435940027,,-11.348804678473199,-11.569384768614489,-11.62135291439044,False
2019-10-03,False,355,360,,insufficient_complete_m5,True,240,240,1.1229716139547505e-05,ok,True,1372,1440,0.00021169370388499464,ok,48.0,1504.466,1496.431,0.00536777796705838,269.0,1519.431,1495.725,0.01580378401495188,,,,,-11.348804678473199,-9.439392930764882,,-11.39694706651046,-11.43843753325416,-11.593732850511312,False
2019-10-04,False,350,360,,insufficient_minutes,True,240,240,2.5209352004739794e-06,ok,False,1251,1440,,insufficient_minutes,48.0,1510.085,1506.909,0.0021060183984843634,,,,,,,,,-11.39694706651046,-8.46037012100736,,-12.89088061398651,-11.374853732958009,-11.564855689146544,False
2019-10-07,False,356,360,,insufficient_complete_m5,True,239,240,1.2299035871294642e-05,ok,True,1364,1440,5.2250452247640605e-05,ok,47.0,1507.634,1499.417,0.005455327658252369,263.0,1509.034,1487.886,0.014021631821439768,,,,,-12.89088061398651,-8.46037012100736,,-11.305989683105715,-11.479551583349517,-11.621776276291595,False
2019-10-08,False,352,360,,insufficient_minutes,True,240,240,8.313133633438894e-06,ok,True,1365,1440,5.718015130786528e-05,ok,48.0,1504.732,1490.977,0.009224532360470904,264.0,1509.453,1486.508,0.01537636235274088,,,,,-11.305989683105715,-9.859462011699575,,-11.697673928308285,-11.476995613940558,-11.670385548530488,False
2019-10-09,False,343,360,,insufficient_minutes,True,240,240,1.4603587078120154e-05,ok,True,1362,1440,7.688060632837041e-05,ok,48.0,1511.333,1499.788,0.007654109816089258,265.0,1516.886,1499.788,0.01133170385137425,,,,,-11.697673928308285,-9.769303724905976,,-11.134243369144695,-11.593129796253141,-11.663202990259485,False
2019-10-10,False,351,360,,insufficient_minutes,True,240,240,7.685392308717005e-06,ok,True,1368,1440,7.740358533687706e-05,ok,48.0,1510.304,1504.93,0.003566312745188165,268.0,1513.851,1490.677,0.015329974154566018,,,,,-11.134243369144695,-9.473256906647977,,-11.776189133647243,-11.533813959980767,-11.634785062855238,False
2019-10-11,False,348,360,,insufficient_minutes,True,240,240,1.4706542967942235e-05,ok,False,1247,1440,,insufficient_minutes,48.0,1503.099,1492.457,0.007099790348701529,,,,,,,,,-11.776189133647243,-9.466477456259557,,-11.127218063347126,-11.608950049876137,-11.63219291520856,False
2019-10-14,False,355,360,,insufficient_complete_m5,True,240,240,9.04119164552098e-06,ok,True,1355,1440,3.988062188012063e-05,ok,48.0,1496.176,1487.293,0.005971355241522961,256.0,1497.04,1483.756,0.008946912560834748,,,,,-11.127218063347126,-9.466477456259557,,-11.613719573052776,-11.371292372384444,-11.58506291368314,False
2019-10-15,False,354,360,,insufficient_complete_m5,True,240,240,7.4491584390370385e-06,ok,True,1359,1440,4.547175498321893e-05,ok,48.0,1498.085,1489.115,0.006018516499424167,261.0,1498.085,1477.134,0.014048237130970608,,,,,-11.613719573052776,-10.129620019207849,,-11.807409493156486,-11.429506660262145,-11.593665236729938,False
2019-10-16,True,359,360,5.757005625103284e-06,ok,True,240,240,9.496568751633072e-06,ok,True,1358,1440,6.54747079978724e-05,ok,48.0,1485.664,1480.223,0.0036737350562505017,257.0,1491.484,1476.996,0.009775981705796683,71.0,1484.753,1480.841,0.0026396770039396333,-11.807409493156486,-9.998419194364176,-12.065093075181746,-11.564580008639068,-11.445530917922566,-11.615438151191537,True
2019-10-17,False,349,360,,insufficient_minutes,True,240,240,1.2539124604519712e-05,ok,True,1353,1440,4.307643549686129e-05,ok,48.0,1491.32,1483.352,0.005343895933528485,251.0,1497.034,1483.352,0.009181422684328044,,,,,-11.564580008639068,-9.633846627330387,,-11.286656833448225,-11.54588565063857,-11.597925874999833,False
2019-10-18,False,346,360,,insufficient_minutes,True,240,240,7.328982611518606e-06,ok,False,1224,1440,,insufficient_minutes,48.0,1490.228,1485.785,0.0029814109730418067,,,,,,,,,-11.286656833448225,-10.052534450583536,,-11.823673849581896,-11.45027773509011,-11.56333296844971,False
2019-10-21,False,343,360,,insufficient_minutes,True,240,240,5.470931890801062e-06,ok,False,1334,1440,,insufficient_complete_m5,48.0,1492.489,1487.33,0.003457870979655336,,,,,,,,,-11.823673849581896,-10.052534450583536,,-12.116061592091668,-11.599463658243927,-11.549624959787794,False
2019-10-22,False,343,360,,insufficient_minutes,True,239,240,3.414791357631997e-06,ok,True,1340,1440,2.352281254383596e-05,ok,47.0,1488.911,1485.796,0.0020963196635120987,247.0,1489.219,1480.776,0.005688352654957574,,,,,-12.116061592091668,,,-12.587394162669735,-11.680521584020907,-11.575385260311126,False
2019-10-23,False,349,360,,insufficient_minutes,True,240,240,4.5095663280112594e-06,ok,True,1355,1440,2.112316027135594e-05,ok,48.0,1494.931,1490.067,0.003260881953257585,255.0,1495.955,1487.641,0.005583931923581837,,,,,-12.587394162669735,-10.657539861137673,,-12.309309566942051,-11.780794473157956,-11.590141845423254,False
2019-10-24,False,332,360,,insufficient_minutes,True,239,240,6.930736712867254e-06,ok,False,1334,1440,,insufficient_complete_m5,47.0,1492.572,1487.96,0.003090929074838988,,,,,,,,,-12.309309566942051,-10.765140476259859,,-11.87954444263968,-11.920490873391264,-11.59372738285592,False
2019-10-25,False,341,360,,insufficient_minutes,True,239,240,3.856131271391153e-06,ok,False,1234,1440,,insufficient_minutes,47.0,1506.836,1503.8,0.002017292502429461,,,,,,,,,-11.87954444263968,-10.765140476259859,,-12.46584613838487,-12.10514160509931,-11.597870390944548,False
2019-10-28,False,345,360,,insufficient_minutes,True,239,240,3.7278223917191616e-06,ok,True,1337,1440,3.367558270880289e-05,ok,47.0,1507.113,1502.674,0.002948244983948754,245.0,1508.179,1489.868,0.012174276115587574,,,,,-12.46584613838487,,,-12.499686303982065,-12.239333400048379,-11.62194975447818,False
2019-10-29,False,341,360,,insufficient_minutes,True,239,240,1.7462820308050477e-05,ok,False,1336,1440,,insufficient_complete_m5,47.0,1494.565,1483.63,0.00731746978155994,,,,,,,,,-12.499686303982065,-10.298737531918437,,-10.955436490926628,-12.314145812140094,-11.67014774985375,False
2019-10-30,False,336,360,,insufficient_minutes,True,238,240,3.464854244622574e-06,ok,True,1345,1440,5.1144609308091134e-05,ok,46.0,1493.827,1488.332,0.0036902971041744286,247.0,1496.537,1480.965,0.010469817248842463,,,,,-10.955436490926628,-10.298737531918437,,-12.572839991251156,-11.827990326966685,-11.650064867940754,False
2019-10-31,False,356,360,,insufficient_complete_m5,True,240,240,6.503960284373505e-06,ok,True,1358,1440,3.5350104798097404e-05,ok,48.0,1507.833,1499.077,0.0058360280084021774,259.0,1513.926,1493.907,0.013387295343703547,,,,,-12.572839991251156,-9.880853460991682,,-11.943099292076045,-11.857040616395475,-11.698947718361557,False
2019-11-01,False,333,360,,insufficient_minutes,False,237,240,,insufficient_complete_m5,False,1226,1440,,insufficient_minutes,,,,,,,,,,,,,-11.943099292076045,-10.250209201040587,,,-11.869155122344972,-11.727820207064331,False
2019-11-04,False,327,360,,insufficient_minutes,True,240,240,6.839328670498056e-06,ok,False,1326,1440,,insufficient_complete_m5,48.0,1513.911,1508.558,0.003536449610713114,,,,,,,,,-11.943099292076045,-10.250209201040587,,-11.892820978734608,-11.869155122344972,-11.727820207064331,False
2019-11-05,False,344,360,,insufficient_minutes,True,240,240,4.4607630956141465e-06,ok,False,1304,1440,,insufficient_complete_m5,48.0,1507.1,1501.434,0.0037611391219870573,,,,,,,,,-11.892820978734608,,,-12.320190708896506,-11.787394261201776,-11.701403968691881,False
2019-11-06,False,346,360,,insufficient_minutes,True,240,240,4.795870716089186e-06,ok,True,1353,1440,2.4774256526034234e-05,ok,48.0,1488.754,1484.069,0.003152848196247771,253.0,1494.089,1482.907,0.007532233608365626,,,,,-12.320190708896506,,,-12.247755277774273,-11.768289397355229,-11.749880275425726,False
2019-11-07,False,327,360,,insufficient_minutes,True,240,240,6.489751289560145e-06,ok,True,1343,1440,8.469383137979104e-05,ok,48.0,1488.098,1481.051,0.004738780364221049,249.0,1491.926,1460.434,0.02113047930062486,,,,,-12.247755277774273,-10.605705487238493,,-11.945286350084258,-12.164363607319544,-11.772421031178608,False
2019-11-08,False,353,360,,insufficient_complete_m5,True,240,240,9.659070389295346e-06,ok,True,1313,1440,7.159903362426044e-05,ok,48.0,1472.69,1462.135,0.007172250897635612,259.0,1472.69,1456.12,0.011281771258513356,,,,,-11.945286350084258,-9.37646778800458,,-11.547613147362739,-12.054565202624541,-11.826443155411765,False
2019-11-11,False,326,360,,insufficient_minutes,True,239,240,5.427010410870006e-06,ok,False,1324,1440,,insufficient_complete_m5,47.0,1466.356,1462.56,0.0025914446826231547,,,,,,,,,-11.547613147362739,-9.544428980956628,,-12.124122144537692,-11.95159217167663,-11.813031273619101,False
2019-11-12,False,341,360,,insufficient_minutes,True,240,240,1.031334757386198e-05,ok,True,1357,1440,5.42129074197384e-05,ok,48.0,1456.031,1449.471,0.00451645373010192,255.0,1460.262,1445.508,0.010135556368470069,,,,,-12.124122144537692,-9.544428980956628,,-11.482071620700248,-11.996380247870475,-11.877715854424597,False
2019-11-13,False,347,360,,insufficient_minutes,True,240,240,8.296610708724529e-06,ok,True,1355,1440,3.496270404588204e-05,ok,48.0,1466.352,1457.798,0.005855944050199342,255.0,1466.904,1457.144,0.006692178310896931,,,,,-11.482071620700248,-9.822591533594904,,-11.699663474905055,-11.82257914492883,-11.868596688933247,False
2019-11-14,False,350,360,,insufficient_minutes,True,239,240,5.319164733107182e-06,ok,True,1356,1440,3.679123007512012e-05,ok,47.0,1470.4,1465.862,0.0030943971840849327,254.0,1474.37,1461.064,0.00909138426335075,,,,,-11.699663474905055,-10.26122866331788,,-12.144194271992346,-11.731435010585392,-11.862567741816045,False
2019-11-15,False,345,360,,insufficient_minutes,True,240,240,5.857632082325969e-06,ok,False,1282,1440,,insufficient_minutes,48.0,1466.901,1462.36,0.003100970000624952,,,,,,,,,-12.144194271992346,-10.21025105436657,,-12.047765117552627,-11.760997058804874,-11.892645054550556,False
2019-11-18,False,341,360,,insufficient_minutes,True,240,240,5.140074583818729e-06,ok,True,1339,1440,3.097369008356202e-05,ok,48.0,1463.588,1457.324,0.004279854960470713,245.0,1473.708,1456.323,0.011833131406634986,,,,,-12.047765117552627,-10.21025105436657,,-12.178442968131906,-11.863511398647086,-11.94271543518946,False
2019-11-19,False,342,360,,insufficient_minutes,True,239,240,3.6633951914430685e-06,ok,True,1348,1440,2.5031911241296817e-05,ok,47.0,1471.022,1464.716,0.004291270130214829,253.0,1475.24,1464.716,0.007150627242639668,,,,,-12.178442968131906,-10.382372420816674,,-12.517120192615176,-11.871693177741747,-11.959679559096942,False
2019-11-20,False,331,360,,insufficient_minutes,True,239,240,3.920783114099809e-06,ok,True,1347,1440,5.2575425056214195e-05,ok,47.0,1478.501,1473.819,0.0031682766320989433,255.0,1478.501,1465.832,0.008591607703489417,,,,,-12.517120192615176,-10.595359097413471,,-12.44921915010902,-12.082904056279435,-11.97390828558029,False
2019-11-21,True,357,360,6.870338135435593e-06,ok,True,239,240,4.584253590143075e-06,ok,True,1346,1440,4.045135184268175e-05,ok,47.0,1474.374,1467.446,0.004708847372309633,257.0,1475.557,1462.313,0.00898175978471983,69.0,1475.557,1469.463,0.004132803090311344,-12.44921915010902,-9.853261751649006,-11.88829723380942,-12.29288325937013,-12.251026091722686,-11.969904727903733,True
2019-11-22,False,330,360,,insufficient_minutes,True,240,240,9.21185524285658e-06,ok,False,1272,1440,,insufficient_minutes,48.0,1473.083,1464.528,0.005830834242093828,,,,,,,,,-12.29288325937013,-10.115410494927193,,-11.595019290104922,-12.28225680264777,-11.969315135225964,False
2019-11-25,False,332,360,,insufficient_minutes,True,239,240,3.5092266740400327e-06,ok,False,1318,1440,,insufficient_complete_m5,47.0,1459.577,1456.442,0.0021481879674749888,,,,,,,,,-11.595019290104922,-10.115410494927193,,-12.560114865547005,-12.14703566556735,-11.951473064558076,False
2019-11-26,False,342,360,,insufficient_minutes,True,240,240,4.405728779245518e-06,ok,True,1344,1440,2.3119163607988885e-05,ok,48.0,1459.078,1454.887,0.0028791716559256122,247.0,1462.729,1449.827,0.008873843140275804,,,,,-12.560114865547005,,,-12.332604868617851,-12.210501887653505,-11.954165984802644,False
2019-11-27,False,324,360,,insufficient_minutes,True,238,240,2.4397319032668576e-06,ok,False,1318,1440,,insufficient_complete_m5,46.0,1460.186,1457.392,0.0019158782697300623,,,,,,,,,-12.332604868617851,-10.674848690939518,,-12.923622400406247,-12.181112853010758,-11.948910336396775,False
2019-11-28,False,326,360,,insufficient_minutes,False,228,240,,insufficient_minutes,False,1046,1440,,insufficient_minutes,,,,,,,,,,,,,-12.923622400406247,-10.674848690939518,,,-12.24063112233177,-12.072395147398337,False
2019-11-29,False,327,360,,insufficient_minutes,False,229,240,,insufficient_minutes,False,1077,1440,,insufficient_minutes,,,,,,,,,,,,,-12.923622400406247,-10.674848690939518,,,-12.24063112233177,-12.072395147398337,False
2019-12-02,False,312,360,,insufficient_minutes,False,235,240,,insufficient_minutes,False,1303,1440,,insufficient_complete_m5,,,,,,,,,,,,,,,,,-12.24063112233177,-12.072395147398337,False
2019-12-03,False,345,360,,insufficient_minutes,True,239,240,9.518172276770582e-06,ok,True,1349,1440,3.607921803539508e-05,ok,47.0,1470.659,1462.018,0.005905977332967038,251.0,1481.65,1459.819,0.01492472009740626,,,,,,,,-11.562307715327186,-12.24063112233177,-12.072395147398337,False
2019-12-04,False,352,360,,insufficient_minutes,True,240,240,1.6593952773000024e-05,ok,True,1354,1440,5.046706483990444e-05,ok,48.0,1483.926,1472.438,0.007741586802912549,256.0,1483.964,1471.349,0.008542589532128168,,,,,-11.562307715327186,-10.229793536081349,,-11.006472219754913,-12.054735696206286,-12.02079104640393,False
2019-12-05,False,335,360,,insufficient_minutes,True,240,240,3.828073926551446e-06,ok,False,1327,1440,,insufficient_complete_m5,48.0,1476.646,1473.14,0.0023778220953657617,,,,,,,,,-11.006472219754913,-9.894189615833785,,-12.47314877250376,-11.828545872569505,-11.940285600858935,False
2019-12-06,False,322,360,,insufficient_minutes,False,236,240,,insufficient_complete_m5,False,1270,1440,,insufficient_minutes,,,,,,,,,,,,,-12.47314877250376,-9.894189615833785,,,-11.819840384353558,-11.96364056724527,False
2019-12-09,False,336,360,,insufficient_minutes,False,231,240,,insufficient_minutes,False,1314,1440,,insufficient_complete_m5,,,,,,,,,,,,,-12.47314877250376,,,,-11.819840384353558,-11.96364056724527,False
2019-12-10,False,331,360,,insufficient_minutes,True,238,240,2.499309315756511e-06,ok,False,1312,1440,,insufficient_complete_m5,46.0,1467.006,1462.285,0.003228232848517176,,,,,,,,,,,,-12.899496137958122,-11.819840384353558,-11.96364056724527,False
2019-12-11,False,305,360,,insufficient_minutes,True,239,240,4.952272984806302e-06,ok,False,1305,1440,,insufficient_complete_m5,47.0,1467.85,1462.648,0.0035498561325607164,,,,,,,,,-12.899496137958122,,,-12.215663897928854,-11.873056654985183,-11.979152113796518,False
2019-12-12,False,301,360,,insufficient_minutes,True,238,240,2.3302201046943936e-06,ok,False,1310,1440,,insufficient_complete_m5,46.0,1475.359,1471.958,0.0023078358525453983,,,,,,,,,-12.215663897928854,,,-12.969547829314179,-11.803497542081837,-11.97790638879746,False
2019-12-13,False,343,360,,insufficient_minutes,True,237,240,7.553354548227573e-06,ok,False,1285,1440,,insufficient_minutes,46.0,1473.257,1467.955,0.0036079366440337946,,,,,,,,,-12.969547829314179,,,-11.793518782356736,-12.016979762504963,-12.011576448357047,False
2019-12-16,False,313,360,,insufficient_minutes,False,236,240,,insufficient_complete_m5,False,1295,1440,,insufficient_minutes,,,,,,,,,,,,,-11.793518782356736,,,,-12.372683186971466,-12.0290637550096,False
2019-12-17,False,324,360,,insufficient_minutes,True,238,240,2.2164185160955833e-06,ok,False,1280,1440,,insufficient_minutes,46.0,1480.424,1476.402,0.0027237973337667126,,,,,,,,,-11.793518782356736,,,-13.019617945857277,-12.372683186971466,-12.0290637550096,False
2019-12-18,False,294,360,,insufficient_minutes,False,229,240,,insufficient_minutes,False,1255,1440,,insufficient_minutes,,,,,,,,,,,,,-13.019617945857277,,,,-12.451892600534629,-12.056329562420594,False
2019-12-19,False,271,360,,insufficient_minutes,False,233,240,,insufficient_minutes,False,1256,1440,,insufficient_minutes,,,,,,,,,,,,,-13.019617945857277,,,,-12.451892600534629,-12.056329562420594,False
2019-12-20,False,275,360,,insufficient_minutes,False,231,240,,insufficient_minutes,False,1178,1440,,insufficient_minutes,,,,,,,,,,,,,-13.019617945857277,,,,-12.451892600534629,-12.056329562420594,False
2019-12-23,False,318,360,,insufficient_minutes,False,231,240,,insufficient_minutes,False,1287,1440,,insufficient_minutes,,,,,,,,,,,,,,,,,-12.451892600534629,-12.056329562420594,False
2019-12-24,False,319,360,,insufficient_minutes,False,232,240,,insufficient_minutes,False,1066,1440,,insufficient_minutes,,,,,,,,,,,,,,,,,-12.451892600534629,-12.056329562420594,False
2019-12-25,False,0,360,,insufficient_minutes,False,0,240,,insufficient_minutes,False,56,1440,,insufficient_minutes,,,,,,,,,,,,,,,,,-12.451892600534629,-12.056329562420594,False
2019-12-26,False,344,360,,insufficient_minutes,False,223,240,,insufficient_minutes,False,1338,1440,,insufficient_complete_m5,,,,,,,,,,,,,,,,,-12.451892600534629,-12.056329562420594,False
2019-12-27,False,344,360,,insufficient_minutes,False,235,240,,insufficient_minutes,False,1288,1440,,insufficient_minutes,,,,,,,,,,,,,,,,,-12.451892600534629,-12.056329562420594,False
2019-12-30,False,311,360,,insufficient_minutes,False,235,240,,insufficient_minutes,False,1272,1440,,insufficient_minutes,,,,,,,,,,,,,,,,,-12.451892600534629,-12.056329562420594,False
2019-12-31,False,333,360,,insufficient_minutes,False,228,240,,insufficient_minutes,False,1257,1440,,insufficient_minutes,,,,,,,,,,,,,,,,,-12.451892600534629,-12.056329562420594,False
2020-01-01,False,0,360,,insufficient_minutes,False,0,240,,insufficient_minutes,False,59,1440,,insufficient_minutes,,,,,,,,,,,,,,,,,-12.451892600534629,-12.056329562420594,False
2020-01-02,False,335,360,,insufficient_minutes,True,238,240,2.3749451054082694e-06,ok,False,1325,1440,,insufficient_complete_m5,46.0,1522.356,1518.439,0.002578107542692241,,,,,,,,,,,,-12.950536234257099,-12.451892600534629,-12.056329562420594,False
2020-01-03,True,358,360,1.625896604706694e-05,ok,True,239,240,8.014695631484497e-06,ok,True,1316,1440,6.048502010416885e-05,ok,47.0,1551.407,1542.903,0.005509299209884543,260.0,1553.334,1528.778,0.016061157455069208,70.0,1543.745,1528.778,0.009789352648233359,-12.950536234257099,,-11.02686604460773,-11.734233747485394,-12.458273744884353,-12.127121214734569,False
2020-01-06,True,360,360,2.1193740193747243e-05,ok,True,240,240,9.311471623963064e-06,ok,True,1378,1440,8.636175162117057e-05,ok,48.0,1579.185,1571.288,0.005016366554930664,274.0,1579.94,1560.739,0.012235855498249008,72.0,1579.94,1566.96,0.008271517335934179,-11.734233747485394,-9.713114825169797,-10.76180469376807,-11.584263409997948,-12.311893982642774,-12.129729748395114,True
2020-01-07,True,358,360,1.6330521175891866e-05,ok,True,240,240,1.1031210145468869e-05,ok,True,1375,1440,0.0001151710056153895,ok,48.0,1570.375,1563.179,0.004584064324691335,272.0,1598.265,1555.242,0.027510246884371755,70.0,1565.484,1555.242,0.0065490539615957405,-11.584263409997948,-9.356965669740005,-11.022474736249793,-11.414782016712573,-12.041545629133061,-12.093408752863143,True
2020-01-08,True,360,360,0.00011347442476940597,ok,True,240,240,2.0407174509126174e-05,ok,True,1380,1440,0.00030406461143327206,ok,48.0,1588.872,1575.145,0.008640495706503938,276.0,1611.195,1552.173,0.03700140772357834,72.0,1611.195,1583.545,0.017334026694401025,-11.414782016712573,-9.069092528747474,-9.083933078862124,-10.799624027319274,-11.929995418907591,-12.048221853587293,True
2020-01-09,True,355,360,1.3189179150073194e-05,ok,True,239,240,7.696807511795653e-06,ok,True,1371,1440,0.00010059334896718729,ok,47.0,1549.271,1544.425,0.0031352850256173384,269.0,1561.259,1540.019,0.013632188909790729,69.0,1561.259,1553.537,0.004956109357881529,-10.799624027319274,-8.098270341531522,-11.236113825918125,-11.77470492393636,-11.490391336026587,-11.92567016042404,True
2020-01-10,False,354,360,,insufficient_complete_m5,True,238,240,3.3009122164115228e-06,ok,True,1306,1440,5.9095121229742556e-05,ok,46.0,1552.373,1547.767,0.00296992770876138,252.0,1562.99,1545.649,0.011168237149700569,,,,,-11.77470492393636,-9.204424416130488,,-12.621311698475743,-11.391391970253288,-11.895653591414089,False
2020-01-13,False,127,360,,insufficient_minutes,True,238,240,6.863171190233695e-06,ok,False,1134,1440,,insufficient_minutes,46.0,1553.85,1546.116,0.004980623930371678,,,,,,,,,-12.621311698475743,-9.73636218806394,,-11.889340950412736,-11.478570879798925,-11.900208468567978,False
2020-01-14,True,357,360,1.2563397426318292e-05,ok,True,239,240,6.347352503641929e-06,ok,True,1362,1440,4.013925477117926e-05,ok,47.0,1545.864,1541.74,0.002672400274238569,262.0,1549.916,1535.841,0.00910798085609199,69.0,1545.227,1535.841,0.006073712846556371,-11.889340950412736,-9.73636218806394,-11.284722937775616,-11.967472760558877,-11.527039083716598,-11.883563838417285,True
2020-01-15,False,351,360,,insufficient_minutes,False,236,240,,insufficient_complete_m5,True,1358,1440,3.132539310577206e-05,ok,,,,,258.0,1558.05,1546.015,0.007766570512199907,,,,,-11.967472760558877,-10.123155780508855,,,-11.626868977585731,-11.904530551669218,False
2020-01-16,False,343,360,,insufficient_minutes,False,230,240,,insufficient_minutes,False,1336,1440,,insufficient_complete_m5,,,,,,,,,,,,,-11.967472760558877,-10.371081507994417,,,-11.626868977585731,-11.904530551669218,False
2020-01-17,False,343,360,,insufficient_minutes,False,236,240,,insufficient_complete_m5,False,1289,1440,,insufficient_minutes,,,,,,,,,,,,,-11.967472760558877,-10.371081507994417,,,-11.626868977585731,-11.904530551669218,False
2020-01-20,False,333,360,,insufficient_minutes,False,228,240,,insufficient_minutes,False,1064,1440,,insufficient_minutes,,,,,,,,,,,,,,,,,-11.626868977585731,-11.904530551669218,False
2020-01-21,False,350,360,,insufficient_minutes,True,240,240,9.686918074755428e-06,ok,True,1362,1440,5.491551685958456e-05,ok,48.0,1561.45,1551.651,0.006283307331893141,261.0,1568.541,1546.207,0.014304210083718657,,,,,,,,-11.544734234791731,-11.626868977585731,-11.904530551669218,False
2020-01-22,False,352,360,,insufficient_minutes,True,239,240,4.142931404351975e-06,ok,True,1353,1440,2.6328025233547086e-05,ok,47.0,1559.162,1553.853,0.0034151812493747906,254.0,1563.646,1550.13,0.008683068947075004,,,,,-11.544734234791731,-9.809714610775458,,-12.39410695200536,-11.901676194905518,-11.859848869802928,False
2020-01-23,True,358,360,1.0170396606264819e-05,ok,False,235,240,,insufficient_minutes,True,1362,1440,4.430493543796966e-05,ok,,,,,261.0,1567.849,1551.862,0.01023859965519087,70.0,1563.456,1554.779,0.005557035666985116,-12.39410695200536,-10.544876587893617,-11.496029350998038,,-12.012439131212108,-11.86170950793505,True
2020-01-24,False,339,360,,insufficient_minutes,False,236,240,,insufficient_complete_m5,False,1289,1440,,insufficient_minutes,,,,,,,,,,,,,-12.39410695200536,-10.024414477683774,,,-12.012439131212108,-11.86170950793505,False
2020-01-27,True,358,360,8.26916761138073e-06,ok,True,240,240,7.92801201803088e-06,ok,True,1375,1440,4.952968856813013e-05,ok,48.0,1586.218,1575.816,0.006591514613081224,271.0,1586.218,1575.816,0.0065717359756741174,70.0,1582.977,1577.239,0.003625131804308623,,-10.024414477683774,-11.702976705580754,-11.745108245040804,-12.012439131212108,-11.86170950793505,False
2020-01-28,False,349,360,,insufficient_minutes,True,240,240,6.825877799746051e-06,ok,True,1369,1440,4.191284889545991e-05,ok,48.0,1582.179,1577.094,0.003224001534333103,267.0,1582.966,1565.44,0.011083780058492356,,,,,-11.745108245040804,-9.91293829912607,,-11.894789609816089,-11.870504097369151,-11.823552938674872,False
2020-01-29,False,352,360,,insufficient_minutes,True,240,240,5.614823501139171e-06,ok,True,1370,1440,3.667886825743269e-05,ok,48.0,1572.354,1567.213,0.00327836654318859,267.0,1577.897,1563.123,0.009418896062539256,,,,,-11.894789609816089,-10.079918121829362,,-12.090100403724868,-11.871571155253738,-11.84208890272698,False
2020-01-30,True,359,360,5.87087312112034e-06,ok,True,240,240,5.031997816115256e-06,ok,True,1378,1440,6.256513278664008e-05,ok,48.0,1582.96,1578.374,0.0028995696800862996,274.0,1585.899,1572.107,0.008745151313880942,71.0,1580.725,1575.996,0.0029985368737921693,-12.090100403724868,-10.213309765538588,-12.045507192234751,-12.199693472565581,-11.89276485066243,-11.921450605467902,True
2020-01-31,False,352,360,,insufficient_minutes,True,240,240,5.447723963066424e-06,ok,True,1312,1440,5.8505456211074245e-05,ok,48.0,1582.006,1576.078,0.0037601663404219854,257.0,1590.29,1570.702,0.012435585786051782,,,,,-12.199693472565581,-9.679302419270542,,-12.12031265797295,-12.03907989218399,-11.912434273194767,False
2020-02-03,True,360,360,1.5896053103550828e-05,ok,True,240,240,8.98325700103476e-06,ok,True,1376,1440,5.5868460676583226e-05,ok,48.0,1581.078,1573.294,0.004937986527112221,273.0,1590.017,1568.413,0.013591267968922049,72.0,1590.017,1578.936,0.00697115535843486,-12.12031265797295,-9.746390539510333,-11.04943971203395,-11.62014804641536,-11.995862447489255,-11.890690600532345,True
2020-02-04,True,360,360,6.226777215705203e-06,ok,True,240,240,7.477126179903741e-06,ok,True,1377,1440,6.091189696984211e-05,ok,48.0,1573.126,1565.161,0.005066199291495316,274.0,1579.428,1549.013,0.0192633258323639,72.0,1579.428,1572.145,0.004612684597636294,-11.62014804641536,-9.79251054675065,-11.986651659861046,-11.803662040349456,-11.96222710421744,-11.861708239987966,True
2020-02-05,True,359,360,9.429245626465355e-06,ok,True,240,240,2.5485407952236243e-05,ok,True,1371,1440,5.691829615797332e-05,ok,48.0,1561.883,1547.417,0.009266168875383366,268.0,1562.306,1547.417,0.00958004231844882,71.0,1560.723,1552.08,0.0055611730645679855,-11.803662040349456,-9.706082049784683,-11.571694461712347,-10.577404506757276,-11.942019701185183,-11.825883081273796,True
2020-02-06,True,359,360,7.287546786247735e-06,ok,True,240,240,7.044719411131871e-06,ok,True,1361,1440,3.587387785842379e-05,ok,48.0,1567.514,1558.106,0.006035717745510519,261.0,1568.197,1552.431,0.010131095059179352,71.0,1557.79,1552.431,0.0034436469885920267,-10.577404506757276,-9.773893719168633,-11.829343586239972,-11.86323224149311,-11.465555109922315,-11.710229289539637,True
2020-02-07,False,351,360,,insufficient_minutes,True,240,240,5.598990294159103e-06,ok,True,1300,1440,3.7731161527967503e-05,ok,48.0,1569.774,1564.327,0.003476682388436689,251.0,1573.998,1559.242,0.00942371998089205,,,,,-11.86323224149311,-10.235501163581393,,-12.092924281094447,-11.427881723203924,-11.68124627783691,False
2020-02-10,True,358,360,8.083957074496368e-06,ok,True,239,240,4.018447789709868e-06,ok,True,1366,1440,2.3301775850365713e-05,ok,47.0,1575.112,1570.727,0.0027893550324163074,265.0,1576.915,1567.936,0.0057014247847202845,70.0,1574.952,1567.936,0.004454972300879581,-12.092924281094447,-10.185024239199057,-11.725629068370647,-12.424614851860344,-11.42510689847385,-11.662350606731913,True
2020-02-11,False,341,360,,insufficient_minutes,True,238,240,4.777340647246795e-06,ok,True,1344,1440,3.4502178776540585e-05,ok,47.0,1569.94,1565.739,0.0026782355903785114,251.0,1573.948,1561.784,0.00773753940649179,,,,,-12.424614851860344,-10.666980983543075,,-12.251626516229337,-11.52045994547298,-11.685825546140064,False
2020-02-12,False,345,360,,insufficient_minutes,True,240,240,6.479548837940891e-06,ok,True,1352,1440,2.4039859486833282e-05,ok,48.0,1567.659,1561.125,0.004174079693364277,251.0,1571.282,1561.125,0.006481059634426586,,,,,-12.251626516229337,-10.274488082977818,,-11.946859673798492,-11.576399889110887,-11.71314502819541,False
2020-02-13,True,356,360,5.752136445919698e-06,ok,True,240,240,3.665845749682787e-06,ok,True,1369,1440,3.290777073390064e-05,ok,48.0,1577.348,1573.206,0.002629390517181215,267.0,1578.168,1569.05,0.005808085392486841,69.0,1574.746,1569.05,0.0036283016446157145,-11.946859673798492,-10.635797293288006,-12.06593921635266,-12.516451485350474,-12.095639327034181,-11.741342015254041,True
2020-02-14,False,355,360,,insufficient_complete_m5,True,238,240,1.1618375726307301e-06,ok,True,1306,1440,1.7434853170628373e-05,ok,46.0,1576.963,1574.426,0.0016103672868834312,252.0,1584.91,1573.022,0.007536457167780725,,,,,-12.516451485350474,-10.321801735562234,,-13.665507691894785,-12.224636968437231,-11.852481970024796,False
2020-02-17,False,340,360,,insufficient_minutes,False,226,240,,insufficient_minutes,False,1046,1440,,insufficient_minutes,,,,,,,,,,,,,-13.665507691894785,-10.957039299401895,,,-12.42407838815581,-11.899454189074614,False
2020-02-18,False,344,360,,insufficient_minutes,True,240,240,3.1505608422877773e-06,ok,True,1357,1440,3.7272403964751615e-05,ok,48.0,1589.27,1586.58,0.0016935003582162812,255.0,1605.002,1584.203,0.013127607107173747,,,,,-13.665507691894785,-10.957039299401895,,-12.66793007580417,-12.42407838815581,-11.899454189074614,False
2020-02-19,False,353,360,,insufficient_complete_m5,True,240,240,4.043550617605919e-06,ok,True,1370,1440,3.2607391069316695e-05,ok,48.0,1611.223,1604.791,0.004007536561294384,266.0,1612.854,1599.482,0.008352754591297864,,,,,-12.66793007580417,-10.19725734521833,,-12.418387386223543,-12.468209985957845,-11.900561284556812,False
2020-02-20,True,360,360,7.443009508839194e-06,ok,True,240,240,8.270754352978241e-06,ok,True,1376,1440,5.408157074667692e-05,ok,48.0,1617.719,1606.908,0.006726490182628253,272.0,1623.597,1603.822,0.012278585742870015,72.0,1611.97,1605.856,0.003796271718427678,-12.418387386223543,-10.330971575370999,-11.808235287032675,-11.702784837492645,-12.507105112835276,-11.921553545181755,True
2020-02-21,True,359,360,7.137103079440107e-06,ok,True,240,240,7.794300440135413e-06,ok,True,1317,1440,7.369568752875376e-05,ok,48.0,1636.471,1631.461,0.003067206723610997,261.0,1649.193,1618.909,0.018668141181053893,71.0,1628.669,1618.909,0.006016413219095448,-11.702784837492645,-9.825017081779375,-11.850203595114797,-11.762117804172604,-12.41469468940104,-11.907186040260324,True
2020-02-24,True,360,360,2.4299115142472833e-05,ok,True,240,240,4.368182087015409e-05,ok,True,1380,1440,0.00021484575911996656,ok,48.0,1689.205,1671.835,0.010384877179546212,276.0,1689.205,1650.616,0.023166857627595835,72.0,1667.591,1658.464,0.005479382973569319,-11.762117804172604,-9.515566274337786,-10.62507062217078,-10.03857854080871,-12.229504895859687,-11.921321958961316,True
2020-02-25,True,360,360,4.168625779118844e-05,ok,True,240,240,3.670658360585671e-05,ok,True,1380,1440,0.00028009738109282774,ok,48.0,1657.046,1640.042,0.01036330692124346,276.0,1658.737,1624.013,0.020993820776833136,72.0,1658.737,1642.663,0.00971819707311415,-10.03857854080871,-8.445590186732746,-10.085339032844825,-10.212554429186817,-11.221137028336686,-11.660950274978148,True
2020-02-26,True,360,360,2.423327567602614e-05,ok,True,240,240,2.349596911449522e-05,ok,True,1380,1440,0.0001876751803885946,ok,48.0,1654.892,1643.782,0.006756362291836007,276.0,1654.892,1624.263,0.01867740393293241,72.0,1646.15,1636.803,0.0056997516915706726,-10.212554429186817,-8.180373225642573,-10.627783841351883,-10.658681678569364,-10.814820495712697,-11.506642666921145,True
2020-02-27,True,360,360,2.4338283033871632e-05,ok,True,240,240,1.6946938519021155e-05,ok,True,1380,1440,0.00019046692135279625,ok,48.0,1650.848,1644.095,0.004097319995959064,276.0,1660.247,1635.11,0.015293253008823064,72.0,1652.312,1642.835,0.005765769931360666,-10.658681678569364,-8.580797853330262,-10.62346001381859,-10.985423358798107,-10.637878246579469,-11.427066137937627,True
2020-02-28,True,360,360,4.756622811495763e-05,ok,True,240,240,9.315891195911167e-05,ok,True,1320,1440,0.0005695937262723905,ok,48.0,1641.139,1623.765,0.01067313746870812,264.0,1648.131,1562.586,0.05197738259290859,72.0,1648.131,1628.347,0.012020814041944102,-10.985423358798107,-8.566032019667567,-9.953387541919685,-9.281203792287359,-10.568042513964635,-11.376374229762575,True
2020-03-02,True,360,360,8.494041951326916e-05,ok,True,240,240,3.216032432883681e-05,ok,True,1380,1440,0.0002264757100425224,ok,48.0,1610.885,1597.839,0.008163722497263094,276.0,1610.885,1581.425,0.01858720227589127,72.0,1606.511,1581.425,0.015827513791344467,-9.281203792287359,-7.4705872121961425,-9.373560494154813,-10.34477702885247,-10.059018138342221,-11.051112677644074,True
2020-03-03,True,360,360,2.6229612372997558e-05,ok,True,240,240,1.4512228625851841e-05,ok,True,1380,1440,0.0003146531685266846,ok,48.0,1604.429,1594.054,0.006504641022184745,276.0,1652.04,1589.629,0.0392017197979332,72.0,1601.099,1589.629,0.007204558909203417,-10.34477702885247,-8.392872859222216,-10.548621542197068,-11.140518910453473,-10.114363027741469,-10.970304020374538,True
2020-03-04,True,360,360,3.697772129818544e-05,ok,True,240,240,1.768402197217758e-05,ok,True,1376,1440,0.0001463214934053748,ok,48.0,1644.995,1634.587,0.006361177746879094,274.0,1649.103,1631.75,0.01054298210919187,72.0,1647.529,1639.532,0.004858654291892342,-11.140518910453473,-8.064039578038269,-10.205194953747428,-10.94284903951193,-10.230468488132372,-10.954363924813109,True
2020-03-05,True,360,360,6.836555557494083e-06,ok,True,240,240,1.1466394936323262e-05,ok,True,1380,1440,8.592893881469707e-05,ok,48.0,1648.609,1637.12,0.007015898285657427,276.0,1674.727,1635.577,0.02391963004305539,72.0,1640.742,1635.577,0.0031556804386303943,-10.94284903951193,-8.829704347500078,-11.893226526631292,-11.376089979947489,-10.263239079134104,-10.925588613710069,True
2020-03-06,True,360,360,2.581040898244223e-05,ok,True,240,240,3.745884085795122e-05,ok,True,1320,1440,0.0005852818690122829,ok,48.0,1689.875,1670.847,0.011378783484378704,264.0,1691.909,1641.066,0.03036093583077707,72.0,1680.975,1667.432,0.008087212673449836,-11.376089979947489,-9.361989896131234,-10.56473269846847,-10.192267804888083,-10.29515696937457,-10.96532705306261,True
2020-03-09,True,360,360,0.00022750279449917197,ok,True,240,240,7.310186023487058e-05,ok,True,1380,1440,0.0005106780583224908,ok,48.0,1682.249,1661.153,0.012545735945442463,276.0,1702.704,1656.495,0.027177967783912578,72.0,1702.704,1656.495,0.027177967783912578,-10.192267804888083,-7.443416999402529,-8.388348036135866,-9.523656743722885,-10.695069856107368,-10.881033635894758,True
2020-03-10,True,360,360,4.202641845579632e-05,ok,True,240,240,4.119262474780778e-05,ok,True,1380,1440,0.0002443389711111899,ok,48.0,1667.326,1655.739,0.0069706261531732915,276.0,1671.318,1640.839,0.018288471704441905,72.0,1671.318,1651.143,0.012105709394570495,-9.523656743722885,-7.579771189160633,-10.07721212657302,-10.09725132860871,-10.386546615884212,-10.716012856009554,True
2020-03-11,True,360,360,1.5382522329898595e-05,ok,True,240,240,1.761440265033723e-05,ok,True,1380,1440,0.00018106445736888472,ok,48.0,1668.403,1656.118,0.00738946701702229,276.0,1671.11,1632.854,0.02315210148773546,72.0,1665.261,1650.521,0.00892048243227787,-10.09725132860871,-8.31695407088701,-11.08227860668981,-10.946793658166047,-10.22698338860844,-10.635562150892072,True
2020-03-12,True,360,360,5.443174812189053e-05,ok,True,240,240,2.9694728192978156e-05,ok,True,1380,1440,0.0007248180344913022,ok,48.0,1645.414,1632.339,0.0079722936121045,276.0,1649.971,1560.214,0.05460581629785016,72.0,1649.971,1630.427,0.011890059535470081,-10.946793658166047,-8.616657472033298,-9.818562969151841,-10.424541029830877,-10.227368304478244,-10.609218941472477,True
2020-03-13,True,360,360,0.00024190258227064327,ok,True,240,240,5.481480774931345e-05,ok,False,1260,1440,,insufficient_minutes,48.0,1593.446,1576.986,0.01034022545586342,,,,,72.0,1590.961,1551.21,0.02520883967739837,-10.424541029830877,-7.229589921520634,-8.326975465454284,-9.81155018610811,-10.131329842232192,-10.563272493120024,True
2020-03-16,True,360,360,0.00018986713598625798,ok,True,240,240,0.0004596866974281108,ok,True,1380,1440,0.002005153878857225,ok,48.0,1541.929,1456.149,0.05601298916274699,276.0,1560.261,1451.027,0.07012228099947067,72.0,1560.261,1523.271,0.02374556616227935,-9.81155018610811,-7.229589921520634,-8.569186014699937,-7.6849653930776185,-10.047734790380343,-10.468925195797652,True
2020-03-17,True,360,360,0.00021962583390135673,ok,True,240,240,0.00012019614808677305,ok,True,1379,1440,0.0011516850576011781,ok,48.0,1487.794,1465.082,0.015278447211424384,275.0,1553.462,1465.082,0.058637406790872454,72.0,1519.079,1485.13,0.0225241154462924,-7.6849653930776185,-6.212034473608835,-8.423585214531464,-9.02638558224376,-9.023025866109446,-9.877199801104057,True
2020-03-18,True,360,360,5.552886819244814e-05,ok,True,240,240,0.00032859864772411885,ok,True,1380,1440,0.0009846045921775945,ok,48.0,1516.57,1486.933,0.01978307174625972,276.0,1539.674,1472.244,0.04384454854517446,72.0,1539.674,1511.32,0.018436427842946423,-9.02638558224376,-6.76652914158459,-9.798607524830086,-8.020673467633973,-8.899908865232668,-9.769234749561283,True
2020-03-19,True,360,360,0.00019157909067795122,ok,True,240,240,0.00011543213369252924,ok,True,1380,1440,0.0008525873319876762,ok,48.0,1488.661,1470.551,0.012205761780059807,276.0,1498.396,1454.07,0.02958545916664666,72.0,1498.396,1463.594,0.02322865022599905,-8.020673467633973,-6.923270426647806,-8.560209828455957,-9.066827787777035,-8.524226840451114,-9.519425186875754,True
2020-03-20,True,360,360,6.675415372868438e-05,ok,True,240,240,8.315350007382554e-05,ok,False,1260,1440,,insufficient_minutes,48.0,1515.626,1500.61,0.009942198062675095,,,,,72.0,1487.862,1470.543,0.011769970773855828,-9.066827787777035,-7.067234911839164,-9.614494034474921,-9.394822259719655,-8.441410219226427,-9.448979368918378,True
2020-03-23,True,360,360,6.513583935733595e-05,ok,True,240,240,2.7938423952618633e-05,ok,True,1378,1440,0.0005077135669401139,ok,48.0,1495.199,1486.249,0.006004920008762517,274.0,1567.057,1484.75,0.05517645915244637,72.0,1501.14,1485.404,0.010549002651328583,-9.394822259719655,-7.067234911839164,-9.639035632472106,-10.485507614007831,-8.415478900860295,-9.402253227348618,True
2020-03-24,True,360,360,0.00011610988451331574,ok,True,237,240,0.00020171170156309655,ok,False,1346,1440,,flag_or_gap,46.0,1608.521,1568.612,0.025371716724773154,,,,,72.0,1582.404,1559.618,0.014541138256001543,-10.485507614007831,-7.585593114012015,-9.060973534957533,-8.508671099996283,-8.909763515460275,-9.411836070271715,True
2020-03-25,False,351,360,,insufficient_minutes,False,238,240,,flag_or_gap,False,1349,1440,,flag_or_gap,,,,,,,,,,,,,-8.508671099996283,-7.585593114012015,,,-8.79580398989105,-9.315690161908114,False
2020-03-26,False,353,360,,flag_or_gap,False,239,240,,flag_or_gap,False,1365,1440,,flag_or_gap,,,,,,,,,,,,,-8.508671099996283,-7.585593114012015,,,-8.79580398989105,-9.315690161908114,False
2020-03-27,False,347,360,,insufficient_minutes,False,240,240,,flag_or_gap,False,1247,1440,,insufficient_minutes,,,,,,,,,,,,,-8.508671099996283,-7.585593114012015,,,-8.79580398989105,-9.315690161908114,False
2020-03-30,False,358,360,,flag_or_gap,False,240,240,,flag_or_gap,False,1374,1440,,flag_or_gap,,,,,,,,,,,,,,,,,-8.79580398989105,-9.315690161908114,False
2020-03-31,False,357,360,,flag_or_gap,False,238,240,,flag_or_gap,False,1353,1440,,flag_or_gap,,,,,,,,,,,,,,,,,-8.79580398989105,-9.315690161908114,False
2020-04-01,False,351,360,,insufficient_minutes,False,234,240,,insufficient_minutes,False,1359,1440,,flag_or_gap,,,,,,,,,,,,,,,,,-8.79580398989105,-9.315690161908114,False
2020-04-02,False,339,360,,insufficient_minutes,True,240,240,1.9244155868714922e-05,ok,False,1334,1440,,flag_or_gap,48.0,1598.294,1583.767,0.009126103501836777,,,,,,,,,,,,-10.858303134559218,-8.79580398989105,-9.315690161908114,False
2020-04-03,False,349,360,,insufficient_minutes,True,240,240,2.5434274506410835e-05,ok,False,1248,1440,,insufficient_minutes,48.0,1617.064,1606.75,0.006407335448611373,,,,,,,,,-10.858303134559218,,,-10.57941290353213,-9.321316816035322,-9.318055049185565,False
2020-04-06,False,354,360,,insufficient_complete_m5,False,240,240,,flag_or_gap,False,1369,1440,,flag_or_gap,,,,,,,,,,,,,-10.57941290353213,,,,-9.545863302629856,-9.313339883026991,False
2020-04-07,False,358,360,,flag_or_gap,False,240,240,,flag_or_gap,False,1362,1440,,flag_or_gap,,,,,,,,,,,,,-10.57941290353213,,,,-9.545863302629856,-9.313339883026991,False
2020-04-08,False,349,360,,insufficient_minutes,True,240,240,2.2741884157774865e-05,ok,False,1351,1440,,flag_or_gap,48.0,1654.235,1646.24,0.004853688165560785,,,,,,,,,,,,-10.691302216531868,-9.545863302629856,-9.313339883026991,False
2020-04-09,False,320,360,,insufficient_minutes,False,240,240,,flag_or_gap,False,1220,1440,,insufficient_minutes,,,,,,,,,,,,,-10.691302216531868,,,,-9.730979187835619,-9.353150218719932,False
2020-04-10,False,0,360,,insufficient_minutes,False,0,240,,insufficient_minutes,False,0,1440,,insufficient_minutes,,,,,,,,,,,,,-10.691302216531868,,,,-9.730979187835619,-9.353150218719932,False
2020-04-13,False,353,360,,flag_or_gap,False,239,240,,flag_or_gap,False,1356,1440,,flag_or_gap,,,,,,,,,,,,,,,,,-9.730979187835619,-9.353150218719932,False
2020-04-14,False,360,360,,flag_or_gap,False,240,240,,flag_or_gap,False,1379,1440,,flag_or_gap,,,,,,,,,,,,,,,,,-9.730979187835619,-9.353150218719932,False
2020-04-15,False,355,360,,flag_or_gap,False,240,240,,flag_or_gap,False,1369,1440,,flag_or_gap,,,,,,,,,,,,,,,,,-9.730979187835619,-9.353150218719932,False
2020-04-16,False,354,360,,insufficient_complete_m5,False,240,240,,flag_or_gap,False,1372,1440,,flag_or_gap,,,,,,,,,,,,,,,,,-9.730979187835619,-9.353150218719932,False
2020-04-17,False,357,360,,flag_or_gap,False,240,240,,flag_or_gap,False,1257,1440,,insufficient_minutes,,,,,,,,,,,,,,,,,-9.730979187835619,-9.353150218719932,False
2020-04-20,False,357,360,,flag_or_gap,True,240,240,2.9403575839355887e-05,ok,False,1371,1440,,flag_or_gap,48.0,1683.61,1671.094,0.007446925926708142,,,,,,,,,,,,-10.434394263826649,-9.730979187835619,-9.353150218719932,False
2020-04-21,True,359,360,2.0004547504704666e-05,ok,False,240,240,,flag_or_gap,False,1375,1440,,flag_or_gap,,,,,,,,,71.0,1691.138,1685.315,0.003443161085597922,-10.434394263826649,,-10.819550935020882,,-9.726059308709429,-9.354741453139642,False
2020-04-22,False,355,360,,insufficient_complete_m5,False,240,240,,flag_or_gap,False,1367,1440,,flag_or_gap,,,,,,,,,,,,,-10.434394263826649,,,,-9.726059308709429,-9.354741453139642,False
2020-04-23,True,358,360,2.9598101228958237e-05,ok,True,240,240,2.4988871639247093e-05,ok,False,1365,1440,,flag_or_gap,48.0,1727.465,1708.925,0.01080514030946759,,,,,70.0,1718.051,1705.839,0.007133456741589764,-10.434394263826649,,-10.427800346362138,-10.59707996662793,-9.726059308709429,-9.354741453139642,False
2020-04-24,False,352,360,,insufficient_minutes,True,240,240,1.6271890723154245e-05,ok,False,1252,1440,,insufficient_minutes,48.0,1735.347,1724.549,0.006242354589789781,,,,,,,,,-10.59707996662793,,,-11.02607143431765,-10.622463342191883,-9.348707612272861,False
2020-04-27,False,354,360,,flag_or_gap,True,240,240,1.9678466998755615e-05,ok,False,1373,1440,,flag_or_gap,48.0,1723.5,1712.079,0.0066613182481100736,,,,,,,,,-11.02607143431765,,,-10.835985565778943,-10.647166238847184,-9.349518784978173,False
2020-04-28,False,360,360,,flag_or_gap,False,240,240,,flag_or_gap,False,1371,1440,,flag_or_gap,,,,,,,,,,,,,-10.835985565778943,,,,-10.696811469045766,-9.344810698582577,False
2020-04-29,False,326,360,,insufficient_minutes,True,240,240,1.830843021452251e-05,ok,False,1331,1440,,flag_or_gap,48.0,1709.29,1699.9,0.0054938496966972965,,,,,,,,,-10.835985565778943,,,-10.908148936731331,-10.696811469045766,-9.344810698582577,False
2020-04-30,False,348,360,,insufficient_minutes,True,239,240,9.53591970896509e-06,ok,False,1365,1440,,flag_or_gap,47.0,1720.799,1713.121,0.004468616957813465,,,,,,,,,-10.908148936731331,,,-11.560444867458072,-10.736805393166605,-9.355824499896881,False
2020-05-01,False,355,360,,insufficient_complete_m5,False,240,240,,flag_or_gap,False,1255,1440,,insufficient_minutes,,,,,,,,,,,,,-11.560444867458072,,,,-10.938746755465399,-9.393277346789919,False
2020-05-04,False,356,360,,insufficient_complete_m5,True,240,240,1.6026746030016475e-05,ok,False,1350,1440,,flag_or_gap,48.0,1711.347,1701.897,0.005540971821959514,,,,,,,,,-11.560444867458072,,,-11.04125160446159,-10.938746755465399,-9.393277346789919,False
2020-05-05,False,338,360,,insufficient_minutes,False,240,240,,flag_or_gap,False,1343,1440,,flag_or_gap,,,,,,,,,,,,,-11.04125160446159,,,,-11.04515615902413,-9.408501470512247,False
2020-05-06,False,346,360,,insufficient_minutes,False,240,240,,flag_or_gap,False,1361,1440,,flag_or_gap,,,,,,,,,,,,,-11.04125160446159,,,,-11.04515615902413,-9.408501470512247,False
2020-05-07,False,355,360,,insufficient_complete_m5,True,240,240,1.141732753996282e-05,ok,True,1374,1440,0.00010463247590769874,ok,48.0,1695.61,1685.814,0.005807540732374888,271.0,1721.83,1683.698,0.02256348049911602,,,,,-11.04125160446159,,,-11.38037839688745,-11.04515615902413,-9.408501470512247,False
2020-05-08,True,356,360,2.1476583578591066e-05,ok,True,238,240,7.162398183054001e-06,ok,False,1253,1440,,insufficient_minutes,47.0,1723.003,1714.614,0.004885784806484656,,,,,69.0,1720.045,1710.3,0.005683733615157937,-11.38037839688745,-9.16505657739245,-10.748547352249627,-11.846665691304873,-11.107901914437964,-9.412286232972395,True
2020-05-11,True,359,360,9.517037481865456e-06,ok,True,240,240,1.9848675940843754e-05,ok,True,1360,1440,7.542477029081292e-05,ok,48.0,1709.143,1693.151,0.009368062884117942,263.0,1711.394,1691.045,0.011922845147441827,71.0,1711.394,1701.22,0.005961129614726684,-11.846665691304873,-9.16505657739245,-11.562426946469985,-10.827373256287887,-11.29056907656313,-9.426169488062538,True
2020-05-12,False,356,360,,insufficient_complete_m5,True,240,240,9.081427947842219e-06,ok,False,1374,1440,,flag_or_gap,48.0,1706.205,1698.749,0.004385817855619713,,,,,,,,,-10.827373256287887,-9.492374818454937,,-11.60927911473738,-11.26620496861035,-9.44810284220477,False
2020-05-13,False,356,360,,insufficient_complete_m5,True,240,240,6.332345881487498e-06,ok,True,1375,1440,9.422066705421154e-05,ok,48.0,1704.87,1698.143,0.003948808137350584,271.0,1719.395,1698.143,0.012480616490305208,,,,,-11.60927911473738,-9.492374818454937,,-11.969839793071051,-11.273332735963024,-9.784660972324852,False
2020-05-14,True,358,360,7.467798407543193e-06,ok,True,240,240,1.325170808263403e-05,ok,True,1378,1440,9.075421987352293e-05,ok,48.0,1719.005,1709.498,0.005537532993229707,274.0,1735.5,1709.498,0.015126909370894025,70.0,1718.752,1710.657,0.004709342795069139,-11.969839793071051,-9.269871004965673,-11.804910326818511,-11.23138410194356,-11.438891379243936,-9.891251915988038,True
2020-05-15,True,360,360,1.05329100544734e-05,ok,True,240,240,1.4385982982928474e-05,ok,False,1260,1440,,insufficient_minutes,48.0,1738.55,1729.292,0.005335278883291229,,,,,72.0,1733.805,1727.914,0.003398952561792494,-11.23138410194356,-9.307355585916682,-11.461005911548837,-11.14925622941092,-11.405389309089385,-10.264509274979032,True
2020-05-18,True,360,360,1.946961454545096e-05,ok,True,240,240,1.1121444054499584e-05,ok,False,1379,1440,,flag_or_gap,48.0,1764.532,1757.58,0.003943760567443155,,,,,72.0,1763.902,1752.829,0.00629743478916139,-11.14925622941092,-9.307355585916682,-10.846655536133559,-11.4066354165569,-11.283400067652579,-10.421140248088017,True
2020-05-19,False,357,360,,flag_or_gap,True,240,240,1.4619905260366775e-05,ok,False,1367,1440,,flag_or_gap,48.0,1738.667,1726.294,0.007154595467271944,,,,,,,,,-11.4066354165569,,,-11.13312658380271,-11.43276752179394,-10.549969392736458,False
2020-05-20,True,358,360,9.59513088537555e-06,ok,True,240,240,1.3570032539838781e-05,ok,True,1369,1440,7.306189918000855e-05,ok,48.0,1752.521,1746.136,0.003648971772903079,266.0,1753.672,1740.713,0.007421620976173131,70.0,1750.518,1743.504,0.0040169187072211605,-11.13312658380271,,-11.554254787599676,-11.207646686195627,-11.335425743530237,-10.5757206979099,False
2020-05-21,True,357,360,1.1164634146580847e-05,ok,True,239,240,7.939498873449388e-06,ok,False,1372,1440,,flag_or_gap,47.0,1738.117,1730.555,0.004355995801838423,,,,,69.0,1746.836,1736.992,0.005633051661675879,-11.207646686195627,-9.524203542136084,-11.40275944109252,-11.743660398872153,-11.221016245701838,-11.03537084106317,True
2020-05-22,True,358,360,8.444329020453016e-06,ok,True,240,240,7.158690955461786e-06,ok,False,1255,1440,,insufficient_minutes,48.0,1739.647,1732.249,0.00426416619066086,,,,,70.0,1730.252,1723.744,0.0037699387355991805,-11.743660398872153,-9.524203542136084,-11.682015463738143,-11.847183421156167,-11.303688341982605,-11.071061547481833,True
2020-05-25,False,345,360,,insufficient_minutes,True,239,240,6.863864864022174e-06,ok,False,1116,1440,,insufficient_minutes,47.0,1730.742,1725.179,0.003223142195728612,,,,,,,,,-11.847183421156167,,,-11.889239883614874,-11.4284083819474,-11.131598609328357,False
2020-05-26,True,359,360,7.724150351863803e-06,ok,True,240,240,8.234038081891816e-06,ok,False,1370,1440,,flag_or_gap,48.0,1730.752,1719.606,0.006440332451971945,,,,,71.0,1735.08,1726.356,0.005051747989347513,-11.889239883614874,,-11.771158728043206,-11.707234009670756,-11.509890226108906,-11.187343728512118,False
2020-05-27,True,357,360,1.0218500824502634e-05,ok,True,240,240,8.936379760502484e-06,ok,False,1371,1440,,flag_or_gap,48.0,1710.22,1703.454,0.00396589308500884,,,,,70.0,1715.567,1703.498,0.007046459692604084,-11.707234009670756,,-11.491310674310578,-11.625379999282288,-11.646088346882275,-11.266856064764841,False
2020-05-28,True,358,360,1.1673681258558385e-05,ok,True,240,240,1.0665641484403306e-05,ok,False,1378,1440,,flag_or_gap,48.0,1724.32,1716.395,0.00461164963799275,,,,,70.0,1719.462,1707.848,0.006787522040160596,-11.625379999282288,,-11.358173715088197,-11.44848305928879,-11.757995848456298,-11.331666244655075,False
2020-05-29,False,348,360,,insufficient_minutes,True,240,240,1.0450322902082036e-05,ok,False,1248,1440,,insufficient_minutes,48.0,1727.944,1716.196,0.006824590367730892,,,,,,,,,-11.44848305928879,,,-11.468877680310072,-11.69065083691197,-11.35532819410122,False
2020-06-01,False,357,360,,flag_or_gap,False,240,240,,flag_or_gap,False,1369,1440,,flag_or_gap,,,,,,,,,,,,,-11.468877680310072,,,,-11.614952717839351,-11.39553903555715,False
2020-06-02,False,340,360,,insufficient_minutes,True,240,240,1.1009506632217238e-05,ok,False,1358,1440,,flag_or_gap,48.0,1741.923,1734.019,0.004549786167533325,,,,,,,,,-11.468877680310072,,,-11.416751419113174,-11.614952717839351,-11.39553903555715,False
2020-06-03,False,354,360,,flag_or_gap,True,240,240,1.7903171434795224e-05,ok,False,1366,1440,,flag_or_gap,48.0,1723.811,1711.352,0.007237341405417366,,,,,,,,,-11.416751419113174,,,-10.930532685683,-11.527107783068333,-11.428529824884825,False
2020-06-04,True,358,360,1.0394033300918578e-05,ok,False,240,240,,flag_or_gap,False,1369,1440,,flag_or_gap,,,,,,,,,70.0,1704.966,1695.924,0.005316690598242303,-10.930532685683,,-11.474278637523375,,-11.348004046124547,-11.390800272658728,False
2020-06-05,True,357,360,1.4525144375482722e-05,ok,False,240,240,,flag_or_gap,False,1257,1440,,insufficient_minutes,,,,,,,,,69.0,1715.74,1703.078,0.007392411714479648,-10.930532685683,,-11.139629315483429,,-11.348004046124547,-11.390800272658728,False
2020-06-08,True,360,360,1.5606493481765155e-05,ok,True,240,240,1.015373162790225e-05,ok,False,1378,1440,,flag_or_gap,48.0,1697.065,1690.427,0.003920515939425222,,,,,72.0,1691.134,1679.657,0.0068254920262707935,,,-11.067823481485195,-11.497669271973281,-11.348004046124547,-11.390800272658728,False
2020-06-09,True,360,360,1.3340787042218933e-05,ok,True,240,240,1.852656794289913e-05,ok,True,1376,1440,7.410625446931473e-05,ok,48.0,1710.214,1694.852,0.009059446944412169,272.0,1720.528,1691.872,0.016881475031841252,72.0,1704.344,1692.358,0.0070610468918080455,-11.497669271973281,,-11.224684520550063,-10.896304751071026,-11.327568950300282,-11.417133151273923,False
2020-06-10,False,356,360,,insufficient_complete_m5,True,240,240,6.684289582534363e-06,ok,False,1375,1440,,flag_or_gap,48.0,1720.373,1715.581,0.0027903472153884526,,,,,,,,,-10.896304751071026,-9.51001062343048,,-11.915750623433775,-11.204804195230416,-11.385344649444185,False
2020-06-11,True,359,360,1.2152706489474617e-05,ok,True,239,240,1.3869299666137579e-05,ok,False,1378,1440,,flag_or_gap,47.0,1737.013,1729.565,0.00429606386415017,,,,,71.0,1737.178,1725.855,0.006524344569288443,-11.915750623433775,-9.51001062343048,-11.317958656648866,-11.185832817620511,-11.261742444117484,-11.387451075608695,True
2020-06-12,True,359,360,1.939562049813539e-05,ok,True,240,240,8.190984087048186e-06,ok,False,1256,1440,,insufficient_minutes,48.0,1737.432,1730.293,0.0041219791735833755,,,,,71.0,1729.092,1721.991,0.004111906868581182,-11.185832817620511,-9.51001062343048,-10.850463264898593,-11.712476510168848,-11.218212265115358,-11.414176429550372,True
2020-06-15,True,358,360,1.33394385930429e-05,ok,False,240,240,,flag_or_gap,False,1368,1440,,flag_or_gap,,,,,,,,,71.0,1733.847,1720.334,0.0077977917701644705,-11.712476510168848,,-11.224785602841916,,-11.37447093503382,-11.418218163692002,False
2020-06-16,True,358,360,1.3378480032936669e-05,ok,False,240,240,,flag_or_gap,False,1371,1440,,flag_or_gap,,,,,,,,,70.0,1732.682,1722.976,0.005628717477643248,-11.712476510168848,,-11.221863109647147,,-11.37447093503382,-11.418218163692002,False
2020-06-17,True,357,360,6.116006135229319e-06,ok,True,240,240,1.8981719441327164e-05,ok,True,1371,1440,5.505782706641317e-05,ok,48.0,1728.513,1711.126,0.010059400624727682,268.0,1729.99,1711.126,0.010924338359142853,70.0,1728.74,1721.723,0.004063617592562863,,,-12.00460126675386,-10.872034176613482,-11.37447093503382,-11.418218163692002,False
2020-06-18,True,358,360,1.6416156569404048e-05,ok,True,240,240,2.000381902420413e-05,ok,True,1359,1440,7.545980796449174e-05,ok,48.0,1736.902,1716.666,0.011723059802030044,260.0,1736.902,1716.666,0.011713078205171677,70.0,1729.809,1723.001,0.003940632359201833,-10.872034176613482,-9.807126523859424,-11.017244551411503,-10.819587351428938,-11.231469825785865,-11.362280435947074,True
2020-06-19,False,352,360,,insufficient_minutes,True,239,240,5.5505353003119734e-06,ok,False,1251,1440,,insufficient_minutes,47.0,1732.098,1727.396,0.002717012095673264,,,,,,,,,-10.819587351428938,-9.491910388296287,,-12.10161618435032,-11.209417606482663,-11.33365484422501,False
2020-06-22,True,360,360,1.630175756535258e-05,ok,True,240,240,2.145559587406941e-05,ok,False,1374,1440,,flag_or_gap,48.0,1751.066,1741.609,0.005400138129788958,,,,,72.0,1758.225,1745.986,0.0069966988775496545,-12.10161618435032,-9.491910388296287,-11.024237629869123,-10.749525066703498,-11.226298586254158,-11.371280759081522,True
2020-06-23,True,360,360,3.418579582729745e-05,ok,True,240,240,9.404471610268833e-06,ok,True,1378,1440,8.83106750538082e-05,ok,48.0,1758.763,1746.987,0.006729179386973723,274.0,1770.541,1746.122,0.01391093616971574,72.0,1759.938,1746.122,0.007870653758171675,-10.749525066703498,,-10.283700326854941,-11.574325278579135,-11.118418124819883,-11.327410698005078,False
2020-06-24,True,359,360,1.242470239486465e-05,ok,True,240,240,8.319034315002685e-06,ok,True,1379,1440,0.00010278175594129185,ok,48.0,1779.115,1767.249,0.006703309088022869,275.0,1779.115,1750.677,0.016077798498338878,71.0,1773.097,1766.263,0.0038636920647601262,-11.574325278579135,-9.33464956237499,-11.295823938392008,-11.696964377775888,-11.10219237374735,-11.3493104492317,True
2020-06-25,True,359,360,1.221402286468742e-05,ok,True,240,240,1.631394017535964e-05,ok,False,1367,1440,,flag_or_gap,48.0,1768.293,1758.104,0.005766893874776419,,,,,71.0,1765.763,1758.036,0.004384904623926394,-11.696964377775888,-9.182902692081331,-11.312925851158582,-11.02349059016631,-11.25467030634406,-11.371854972769817,True
2020-06-26,False,351,360,,insufficient_minutes,True,240,240,5.375864061722573e-06,ok,False,1251,1440,,insufficient_minutes,48.0,1766.402,1759.802,0.0037491340778394856,,,,,,,,,-11.02349059016631,-9.182902692081331,,-12.13359124120104,-11.313360479716525,-11.336137503805006,False
2020-06-29,True,358,360,1.4428649884411634e-05,ok,True,240,240,6.919351488555185e-06,ok,True,1363,1440,4.560784457633873e-05,ok,48.0,1772.637,1766.685,0.0033590889825606154,262.0,1774.834,1762.575,0.006919423067208269,70.0,1774.834,1767.313,0.004245124470876339,-12.13359124120104,,-11.146294752659632,-11.881188508252977,-11.316226000184432,-11.343635206809358,False
2020-06-30,False,351,360,,insufficient_minutes,False,237,240,,insufficient_complete_m5,True,1355,1440,5.0270786779052815e-05,ok,,,,,256.0,1785.58,1760.975,0.013876618504094333,,,,,-11.881188508252977,-9.995430826056563,,,-11.589101322783844,-11.343401007490067,False
2020-07-01,True,359,360,5.667781079592959e-06,ok,True,240,240,1.577391809719969e-05,ok,False,1374,1440,,flag_or_gap,48.0,1788.91,1777.311,0.006501821928332064,,,,,71.0,1784.885,1779.566,0.002983263939776073,-11.881188508252977,-9.898086429316963,-12.080712860806788,-11.057152735267728,-11.589101322783844,-11.343401007490067,True
2020-07-02,False,346,360,,insufficient_minutes,True,240,240,5.850211650113259e-06,ok,True,1352,1440,6.881237303133797e-05,ok,48.0,1774.287,1767.21,0.004002260991867384,257.0,1779.296,1757.21,0.012488652013262203,,,,,-11.057152735267728,-9.898086429316963,,-12.049032717868432,-11.460293013035585,-11.31207601249657,False
2020-07-03,False,351,360,,insufficient_minutes,False,236,240,,insufficient_complete_m5,False,1002,1440,,insufficient_minutes,,,,,,,,,,,,,-12.049032717868432,-9.58412698862258,,,-11.508270606195929,-11.324779335654902,False
2020-07-06,False,345,360,,insufficient_minutes,True,240,240,4.6641728529417816e-06,ok,False,1337,1440,,flag_or_gap,48.0,1778.561,1773.77,0.0026964349482957836,,,,,,,,,-12.049032717868432,-9.58412698862258,,-12.275600048508965,-11.508270606195929,-11.324779335654902,False
2020-07-07,False,347,360,,insufficient_minutes,True,240,240,7.982921015295157e-06,ok,True,1358,1440,4.405445625258e-05,ok,48.0,1783.963,1773.105,0.006090147988128164,258.0,1797.069,1773.105,0.013416878089992822,,,,,-12.275600048508965,,,-11.738206171462656,-11.772123276033017,-11.34995447965664,False
2020-07-08,False,355,360,,insufficient_complete_m5,True,240,240,1.0349382168388246e-05,ok,True,1360,1440,6.076350562676646e-05,ok,48.0,1803.97,1792.621,0.006322006196669003,259.0,1817.72,1790.967,0.014908235472439116,,,,,-11.738206171462656,-10.030084047189574,,-11.478583733910178,-11.706738999821464,-11.36049151840131,False
2020-07-09,True,358,360,5.5710504512965994e-06,ok,True,240,240,1.1954636879853076e-05,ok,False,1354,1440,,flag_or_gap,48.0,1815.702,1805.411,0.005673215405500356,,,,,70.0,1812.826,1805.667,0.00395688930686459,-11.478583733910178,-9.708521185608006,-12.097926930909054,-11.334391331429705,-11.62675270497476,-11.363329507520197,True
2020-07-10,False,354,360,,insufficient_complete_m5,True,240,240,7.055809220031993e-06,ok,False,1236,1440,,insufficient_minutes,48.0,1809.02,1795.81,0.007353207217387211,,,,,,,,,-11.334391331429705,-9.708521185608006,,-11.861659277602643,-11.716233924647792,-11.389273256162248,False
2020-07-13,False,343,360,,insufficient_minutes,True,239,240,5.68278305791726e-06,ok,True,1356,1440,4.87291991818014e-05,ok,47.0,1809.722,1803.657,0.003356038933371729,257.0,1813.147,1799.459,0.0076032553797835915,,,,,-11.861659277602643,,,-12.078069470244328,-11.687114052921086,-11.403055770915485,False
2020-07-14,True,358,360,6.462402835532877e-06,ok,True,240,240,1.8836986973818534e-05,ok,True,1367,1440,6.289697931609317e-05,ok,48.0,1801.811,1787.755,0.007803352843565877,268.0,1810.664,1787.755,0.012709154041559735,71.0,1802.297,1795.562,0.003736354815570601,-12.078069470244328,-9.92923213502593,-11.949509353363393,-10.879688228685453,-11.663154755536274,-11.462314390292292,True
2020-07-15,False,354,360,,insufficient_complete_m5,True,240,240,7.743396739639846e-06,ok,True,1353,1440,3.8937084829200545e-05,ok,48.0,1814.491,1806.152,0.004614574562953163,256.0,1814.491,1802.057,0.006871568429691304,,,,,-10.879688228685453,-9.674012419002572,,-11.768670111380814,-11.438196574340404,-11.406156475359644,False
2020-07-16,False,346,360,,insufficient_minutes,True,239,240,5.471985314547007e-06,ok,True,1364,1440,3.9480944913625224e-05,ok,47.0,1808.17,1802.212,0.003296914911042,262.0,1812.965,1794.852,0.009989347747377999,,,,,-11.768670111380814,-10.153563423965888,,-12.11586906139269,-11.487772219536028,-11.434070228062334,False
2020-07-17,False,343,360,,insufficient_minutes,True,239,240,3.1718925296082573e-06,ok,False,1238,1440,,insufficient_minutes,47.0,1805.022,1798.336,0.0037156902328085674,,,,,,,,,-12.11586906139269,-10.139692409703004,,-12.661182135721427,-11.622942107896542,-11.44671396001691,False
2020-07-20,False,349,360,,insufficient_minutes,True,239,240,4.225922581092094e-06,ok,True,1354,1440,2.6678054975557544e-05,ok,47.0,1812.221,1807.475,0.0026208795077429952,255.0,1820.432,1805.518,0.00824323797748281,,,,,-12.661182135721427,-10.139692409703004,,-12.374272958604072,-11.713646182192692,-11.523578465476218,False
2020-07-21,True,359,360,5.721033124964003e-06,ok,True,240,240,5.902604926374748e-06,ok,True,1375,1440,6.238028853070829e-05,ok,48.0,1827.35,1821.14,0.003406412118269866,272.0,1847.32,1815.476,0.017514236779897142,71.0,1819.926,1815.476,0.0024475051397606935,-12.374272958604072,-10.531669241539937,-12.07136115262927,-12.04011679154589,-11.749909755469584,-11.606671403356769,True
2020-07-22,True,360,360,7.652056489057325e-05,ok,True,240,240,3.365526331653081e-05,ok,False,1380,1440,,flag_or_gap,48.0,1860.968,1846.203,0.007938408914889719,,,,,72.0,1865.34,1842.045,0.012639405809568913,-12.04011679154589,-9.682261221423268,-9.477951031158973,-10.299341100537827,-12.147207609794936,-11.604739913544021,True
2020-07-23,True,360,360,2.0939511142362334e-05,ok,True,240,240,2.2133691002522095e-05,ok,False,1378,1440,,flag_or_gap,48.0,1888.51,1872.566,0.008500136879712966,,,,,72.0,1876.359,1863.559,0.006844149361796416,-10.299341100537827,-9.682261221423268,-10.773872698431344,-10.71840963052806,-11.465513990410932,-11.540016387715555,True
2020-07-24,True,360,360,1.787807576053043e-05,ok,True,240,240,1.9337840329583975e-05,ok,False,1256,1440,,insufficient_minutes,48.0,1897.848,1886.797,0.00585127717056779,,,,,72.0,1890.022,1879.46,0.0056009263111228644,-10.71840963052806,-9.682261221423268,-10.931935413667452,-10.853446742758603,-11.189547523429654,-11.476671801242043,True
2020-07-27,True,360,360,5.675458121233205e-05,ok,True,240,240,2.1448976168975597e-05,ok,True,1380,1440,0.00016318768339664594,ok,48.0,1944.913,1931.788,0.006789596734165173,276.0,1966.851,1912.286,0.02851145043153845,72.0,1944.138,1912.286,0.01664339263530391,-10.853446742758603,,-9.776774178652452,-10.7498336447795,-10.979297926199797,-11.42490280025776,False
2020-07-28,False,360,360,,flag_or_gap,True,240,240,0.00017809217953342402,ok,False,1380,1440,,flag_or_gap,48.0,1941.42,1906.166,0.018180017966523753,,,,,,,,,-10.7498336447795,-8.720609587665521,,-8.633209279169396,-10.795296662428209,-11.401663152540497,False
2020-07-29,True,360,360,3.381998134811575e-05,ok,True,240,240,9.164748289199503e-06,ok,False,1380,1440,,flag_or_gap,48.0,1960.921,1953.568,0.0037553338457570885,,,,,72.0,1963.516,1947.564,0.008154422849150845,-8.633209279169396,-8.720609587665521,-10.294458765998552,-11.60014614140333,-9.80938555555979,-10.82918759887702,True
2020-07-30,False,360,360,,flag_or_gap,True,240,240,3.0390712636219213e-05,ok,False,1380,1440,,flag_or_gap,48.0,1958.935,1944.724,0.00726713377258643,,,,,,,,,-11.60014614140333,-8.720609587665521,,-10.401373501615902,-9.902778062988551,-10.823537033045884,False
2020-07-31,True,360,360,2.7318384968218156e-05,ok,True,240,240,1.3048385566087414e-05,ok,False,1260,1440,,insufficient_minutes,48.0,1979.168,1968.735,0.005278184826521345,,,,,72.0,1974.028,1955.737,0.009345643974956647,-10.401373501615902,-8.720609587665521,-10.507950640374435,-11.246846143259386,-9.870306360021528,-10.78751412265978,True
2020-08-03,True,360,360,1.6976373509062046e-05,ok,False,240,240,,flag_or_gap,False,1377,1440,,flag_or_gap,,,,,,,,,72.0,1982.14,1969.228,0.006513941509729057,-11.246846143259386,,-10.983687974151488,,-9.894944142837865,-10.770240087939047,False
2020-08-04,True,358,360,7.880736715919375e-06,ok,True,240,240,5.73723140073901e-06,ok,False,1378,1440,,flag_or_gap,48.0,1978.76,1972.459,0.0031932609574816017,,,,,70.0,1978.323,1971.205,0.0036034147898460272,-11.246846143259386,,-11.751089166596637,-12.068533798359464,-9.894944142837865,-10.770240087939047,False
2020-08-05,True,360,360,3.445006038183782e-05,ok,True,240,240,3.0671596342081705e-05,ok,False,1380,1440,,flag_or_gap,48.0,2044.395,2027.19,0.008460189045026314,,,,,72.0,2030.765,2009.095,0.010668940606692026,-12.068533798359464,,-10.275999807767745,-10.392173532217013,-9.959282511911635,-10.767690350414044,False
2020-08-06,True,360,360,1.6281894393866517e-05,ok,False,240,240,,flag_or_gap,False,1380,1440,,flag_or_gap,,,,,,,,,72.0,2049.93,2034.2,0.007723810671870767,-10.392173532217013,,-11.025456840899945,,-10.9361697036779,-10.71524705631893,False
2020-08-07,False,360,360,,flag_or_gap,False,240,240,,flag_or_gap,False,1260,1440,,insufficient_minutes,,,,,,,,,,,,,-10.392173532217013,,,,-10.9361697036779,-10.71524705631893,False
2020-08-10,True,360,360,1.7483363228555542e-05,ok,True,240,240,1.377949026155287e-05,ok,False,1380,1440,,flag_or_gap,48.0,2035.364,2027.778,0.003736594241625548,,,,,72.0,2035.885,2025.646,0.00505068068762067,,,-10.954260801864626,-11.192329284241989,-10.9361697036779,-10.71524705631893,False
2020-08-11,True,360,360,4.492855613887478e-05,ok,True,240,240,6.359371189375594e-05,ok,False,1380,1440,,flag_or_gap,48.0,2006.463,1982.81,0.011827381139894932,,,,,72.0,2027.973,2004.41,0.011617467172261194,-11.192329284241989,,-10.010436971190364,-9.662995962101151,-10.88562522161303,-10.707552588713362,False
2020-08-12,False,360,360,,flag_or_gap,True,240,240,0.00022145606916559947,ok,False,1380,1440,,flag_or_gap,48.0,1948.918,1912.258,0.019152874524639266,,,,,,,,,-9.662995962101151,,,-8.415286321487892,-10.582097587567743,-10.59834577993477,False
2020-08-13,False,360,360,,flag_or_gap,True,240,240,2.428614175106573e-05,ok,False,1380,1440,,flag_or_gap,48.0,1936.857,1924.202,0.0065436989040144455,,,,,,,,,-8.415286321487892,,,-10.625604668609759,-9.610107447558018,-10.240996671292898,False
2020-08-14,True,360,360,2.3609189901255857e-05,ok,True,240,240,2.4597872398578354e-05,ok,False,1260,1440,,insufficient_minutes,48.0,1952.975,1940.335,0.006506221059155073,,,,,72.0,1961.202,1944.408,0.008578598200660276,-10.625604668609759,,-10.653874519134638,-10.612850606628916,-9.556253406661497,-10.215259023028127,False
2020-08-17,False,360,360,,flag_or_gap,True,240,240,2.0930366368507747e-05,ok,False,1379,1440,,flag_or_gap,48.0,1956.846,1947.552,0.0047625184570650025,,,,,,,,,-10.612850606628916,,,-10.774309517191925,-9.573570222535716,-10.207421355666082,False
2020-08-18,False,360,360,,flag_or_gap,True,240,240,2.9271137545787824e-05,ok,False,1379,1440,,flag_or_gap,48.0,2009.849,1996.652,0.006585766420625664,,,,,,,,,-10.774309517191925,,,-10.43890859413497,-9.553213397593284,-10.189708450655196,False
2020-08-19,False,360,360,,flag_or_gap,True,240,240,3.324941617005299e-05,ok,False,1380,1440,,flag_or_gap,48.0,1997.895,1979.663,0.009176918680430352,,,,,,,,,-10.43890859413497,,,-10.311473349811967,-9.65493644510895,-10.15851421893098,False
2020-08-20,False,360,360,,flag_or_gap,True,240,240,5.6296433279581394e-05,ok,False,1379,1440,,flag_or_gap,48.0,1946.867,1923.583,0.011988769153376787,,,,,,,,,-10.311473349811967,,,-9.78487937687552,-10.539612380966377,-10.120433650737164,False
2020-08-21,False,359,360,,flag_or_gap,True,240,240,3.8459894356351793e-05,ok,False,1259,1440,,insufficient_minutes,48.0,1948.96,1927.986,0.010762401790004848,,,,,,,,,-9.78487937687552,,,-10.16589456465214,-10.322979219919038,-10.057753725961925,False
2020-08-24,True,360,360,1.9666713393507013e-05,ok,True,240,240,2.5923013763889113e-05,ok,False,1380,1440,,flag_or_gap,48.0,1950.646,1933.774,0.008719442931370083,,,,,72.0,1936.661,1929.12,0.0038967105582719537,-10.16589456465214,,-10.836583026788452,-10.560379421484255,-10.242001284357755,-10.020469606565738,False
2020-08-25,True,360,360,1.2529191786565732e-05,ok,True,240,240,2.5322277297556532e-05,ok,False,1379,1440,,flag_or_gap,48.0,1935.757,1921.217,0.007531068246291811,,,,,72.0,1937.363,1926.284,0.005740819042170822,-10.560379421484255,,-11.287449293405952,-10.583826024070927,-10.214370590671264,-10.02919941669005,False
2020-08-26,True,359,360,1.2976863057623e-05,ok,True,240,240,1.5332160432634654e-05,ok,False,1379,1440,,flag_or_gap,48.0,1923.649,1913.438,0.0053257990132849166,,,,,71.0,1931.243,1917.497,0.00712322463497742,-10.583826024070927,,-11.252342550964022,-11.085557946592894,-10.236161217616305,-10.025590223062776,False
2020-08-27,True,360,360,1.903796566985766e-05,ok,True,240,240,1.86218556122261e-05,ok,True,1379,1440,0.0005235307171629741,ok,48.0,1948.424,1938.334,0.005195979578615798,275.0,1976.343,1909.652,0.03413555024258963,72.0,1953.565,1938.144,0.00789318379228046,-11.085557946592894,,-10.869075379379897,-10.891174634140599,-10.341473089151107,-10.030126393893092,False
2020-08-28,True,360,360,3.149314742112985e-05,ok,True,240,240,4.056457243685276e-05,ok,False,1260,1440,,insufficient_minutes,48.0,1959.796,1942.185,0.009053919170726657,,,,,72.0,1945.244,1922.616,0.01173519370485787,-10.891174634140599,-7.554914852846001,-10.365740577984775,-10.112615472371173,-10.607419063812186,-10.03334035483256,True
2020-08-31,False,356,360,,insufficient_complete_m5,True,240,240,1.670244737037263e-05,ok,True,1376,1440,0.00010486874380294781,ok,48.0,1967.081,1954.108,0.006601098368221488,272.0,1976.2,1954.108,0.011195479239941944,,,,,-10.112615472371173,-7.554914852846001,,-10.99995530015473,-10.59054229340863,-10.203651079315827,False
2020-09-01,True,360,360,3.012854552228662e-05,ok,True,240,240,2.2640163060518426e-05,ok,True,1379,1440,0.0001576508662428269,ok,48.0,1992.183,1983.83,0.004200704459093328,275.0,1992.183,1962.6,0.015032676749429515,72.0,1989.639,1967.257,0.011373470270281173,-10.99995530015473,-9.162801048801816,-10.410037479392951,-10.69578510233551,-10.666685479795953,-10.193526017702503,True
2020-09-02,True,360,360,3.594475676889643e-05,ok,True,240,240,2.0442822281635464e-05,ok,True,1379,1440,0.00015808105522456073,ok,48.0,1971.63,1955.828,0.008038660043581388,275.0,1973.04,1932.273,0.02066669573161028,72.0,1973.04,1957.685,0.007784166432626287,-10.69578510233551,-8.75512767726691,-10.233527332308979,-10.797878725759487,-10.689968317222421,-10.203938485715874,True
2020-09-03,True,360,360,2.0016806810987986e-05,ok,True,240,240,2.4071205211533866e-05,ok,True,1380,1440,0.00014374987801316514,ok,48.0,1938.526,1926.84,0.0060551764089581735,276.0,1950.987,1921.346,0.015240854189178215,72.0,1950.987,1932.033,0.009745796373323635,-10.797878725759487,-8.752402648730412,-10.81893829674932,-10.634494236316293,-10.646061469437099,-10.194002068318422,True
2020-09-04,True,360,360,2.1906382931508212e-05,ok,True,240,240,1.216702970874467e-05,ok,False,1260,1440,,insufficient_minutes,48.0,1941.535,1932.911,0.004457648078918577,,,,,72.0,1941.835,1927.529,0.007419814680974181,-10.634494236316293,-8.847435726891243,-10.728732505547733,-11.31678074741421,-10.601275803333476,-10.169783093253596,True
2020-09-07,True,359,360,1.547059007144764e-05,ok,True,240,240,8.620733740017953e-06,ok,False,1137,1440,,insufficient_minutes,48.0,1933.989,1923.337,0.00551760718594266,,,,,71.0,1941.243,1927.323,0.007195691269693085,-11.31678074741421,-8.847435726891243,-11.076569751156002,-11.661340356259494,-10.860353771474278,-10.194230196607037,True
2020-09-08,True,358,360,9.02648845272989e-06,ok,True,240,240,3.639213134251476e-05,ok,True,1376,1440,0.00015397121615157644,ok,48.0,1933.205,1910.863,0.011565523124834283,272.0,1940.613,1906.262,0.017791637759334115,70.0,1931.87,1922.081,0.005070080697101129,-11.661340356259494,,-11.615347141833809,-10.22115797859903,-10.948271487169453,-10.201153533626517,False
2020-09-09,True,360,360,1.6308838090189933e-05,ok,True,240,240,1.5093281381220376e-05,ok,True,1374,1440,9.258716650792302e-05,ok,48.0,1934.1,1921.007,0.0067938381709096015,273.0,1950.568,1919.899,0.015888541382270513,72.0,1934.008,1922.599,0.005910605778810049,-10.22115797859903,-8.778744881126789,-11.023803382974439,-11.101260854800334,-10.802980930344512,-10.238474052798782,True
2020-09-10,True,359,360,1.1583230264896781e-05,ok,True,240,240,7.791186716105487e-06,ok,True,1376,1440,9.117661040845457e-05,ok,48.0,1950.708,1942.086,0.004434908003435006,272.0,1966.23,1941.215,0.012845342132080363,71.0,1950.47,1943.306,0.003678753988975542,-11.101260854800334,-9.28736001654389,-11.365952172655692,-11.76251737128785,-10.857019391882561,-10.578824372360073,True
2020-09-11,True,359,360,1.37854606408643e-05,ok,True,240,240,8.830234783522974e-06,ok,False,1258,1440,,insufficient_minutes,48.0,1946.971,1940.076,0.0035454319205082707,,,,,71.0,1948.962,1936.965,0.006171528046063494,-11.76251737128785,-9.302712158596291,-11.191896097952203,-11.637328954401445,-11.042117623082644,-10.611768674716947,True
2020-09-14,True,359,360,8.511181340471104e-06,ok,True,240,240,7.524105471043801e-06,ok,True,1364,1440,4.214021630770279e-05,ok,48.0,1947.586,1940.549,0.0036183371588880565,263.0,1962.326,1939.576,0.011709059466581571,71.0,1951.467,1939.576,0.006120106642510874,-11.637328954401445,-9.302712158596291,-11.674129807096609,-11.797398628675335,-11.084687400744214,-10.644308558598228,True
2020-09-15,True,359,360,7.663333201033931e-06,ok,True,240,240,9.405147567740476e-06,ok,True,1377,1440,7.07856790414709e-05,ok,48.0,1971.319,1960.048,0.005741350406774477,273.0,1971.96,1948.05,0.012215373745222904,71.0,1968.709,1955.052,0.006977221214492283,-11.797398628675335,-10.074508016528249,-11.779063525121243,-11.574253404984509,-11.099083015717932,-10.672833284762921,True
2020-09-16,True,358,360,8.417057152302336e-06,ok,True,240,240,9.340569133807321e-06,ok,True,1374,1440,0.00010110392176192723,ok,48.0,1968.512,1960.573,0.004047479756865638,271.0,1973.539,1949.58,0.012262581698510137,70.0,1962.701,1949.58,0.006715527963026514,-11.574253404984509,-9.55585385115018,-11.685250297654248,-11.581143372482847,-11.540420905463053,-10.716657523166539,True
2020-09-17,True,360,360,3.0875887354250386e-05,ok,True,240,240,1.0132318360225994e-05,ok,True,1373,1440,8.699245090872877e-05,ok,48.0,1946.434,1936.628,0.005041914837605734,270.0,1959.885,1931.629,0.014416753148817713,72.0,1959.885,1937.371,0.011487074617514139,-11.581143372482847,-9.199361641771036,-10.385535023210489,-11.49978040505654,-11.666280775502386,-10.77208094346929,True
2020-09-18,True,359,360,1.3809535013217432e-05,ok,True,240,240,3.8033733208543967e-06,ok,False,1256,1440,,insufficient_minutes,48.0,1955.913,1951.062,0.002482298083011974,,,,,71.0,1955.384,1946.425,0.00460138139026538,-11.49978040505654,-9.349689214238563,-11.190151261405555,-12.47962216900445,-11.613135371897098,-10.888653796636294,True
2020-09-21,True,358,360,9.15439079659393e-06,ok,True,240,240,2.6210951454182735e-05,ok,True,1378,1440,0.00024991927640352055,ok,48.0,1954.502,1926.73,0.014235061501852261,274.0,1955.417,1881.793,0.03778436165501089,70.0,1955.417,1946.833,0.004405369994113429,-12.47962216900445,-9.349689214238563,-11.601276925296691,-10.549333240098104,-11.73094432363994,-10.986067167163023,True
2020-09-22,True,360,360,3.531843332575775e-05,ok,True,240,240,3.372456702274787e-05,ok,True,1379,1440,0.00016534570716564712,ok,48.0,1909.48,1894.149,0.008041063921239497,275.0,1919.602,1894.149,0.0132761595580213,72.0,1919.602,1906.535,0.006815682903573765,-10.549333240098104,-8.294372586629562,-10.251105539787671,-10.29728399441846,-11.349237102300265,-10.98521745400486,True
2020-09-23,True,360,360,4.490182292733156e-05,ok,True,240,240,4.218872552264681e-05,ok,True,1380,1440,0.00023780387236117491,ok,48.0,1894.851,1872.854,0.011691138582537845,276.0,1905.098,1853.279,0.027211659544167006,72.0,1905.098,1881.969,0.0121457085933159,-10.29728399441846,-8.707472080980255,-10.01103216432236,-10.07335754032775,-11.003559554565772,-10.960734727743292,True
2020-09-24,True,360,360,4.51870701914162e-05,ok,True,240,240,3.355846535714421e-05,ok,True,1380,1440,0.0001935380290571536,ok,48.0,1861.176,1848.45,0.006867761590561866,276.0,1876.819,1848.45,0.015293356266090014,72.0,1868.74,1848.863,0.01071543031129301,-10.07335754032775,-8.344064289730948,-10.004699569760431,-10.30222140574385,-10.670841725826502,-10.886272258871731,True
2020-09-25,True,360,360,2.1959080725640793e-05,ok,True,240,240,3.169950557918392e-05,ok,False,1260,1440,,insufficient_minutes,48.0,1874.966,1853.685,0.011356756432235528,,,,,72.0,1873.763,1861.526,0.006551456262859101,-10.30222140574385,-8.55003653220933,-10.72632980350877,-10.359209474073841,-10.48698363986603,-10.84713912349173,True
2020-09-28,True,359,360,1.3243312389027955e-05,ok,True,240,240,2.4727085481243607e-05,ok,True,1378,1440,9.471814823271802e-05,ok,48.0,1861.53,1848.27,0.007130189955573427,274.0,1883.58,1848.27,0.018957172949171826,71.0,1863.835,1856.183,0.0041081927897780755,-10.359209474073841,-8.55003653220933,-11.232017858305142,-10.607611336945025,-10.304668560902915,-10.870179964862215,True
2020-09-29,True,360,360,1.2609307781240509e-05,ok,True,240,240,1.5733543033356166e-05,ok,True,1369,1440,7.322920209843456e-05,ok,48.0,1886.214,1878.855,0.0039059213799966424,269.0,1898.823,1875.268,0.012511074332406346,72.0,1887.032,1875.268,0.006248366735148655,-10.607611336945025,-9.26460493692764,-11.281075303923977,-11.059715625738415,-10.313573225252904,-10.849300810880965,True
2020-09-30,True,360,360,1.4612390524274324e-05,ok,True,240,240,1.3786174979985237e-05,ok,True,1380,1440,0.00011010276285356727,ok,48.0,1890.057,1881.127,0.004726772188900483,276.0,1902.098,1881.127,0.011055277971366247,72.0,1897.138,1886.957,0.0053671157801953966,-11.059715625738415,-9.521916280779761,-11.133640723117209,-11.191844280995753,-10.428362575379454,-10.867244746078196,True
2020-10-01,True,359,360,7.661337857090015e-06,ok,True,240,240,8.663020712433476e-06,ok,True,1372,1440,7.527213291348758e-05,ok,48.0,1900.071,1893.14,0.0036537734660450063,269.0,1911.805,1884.341,0.014549149335119752,71.0,1895.301,1884.341,0.005806098045183223,-11.191844280995753,-9.11409642051264,-11.779323934489591,-11.656447084151422,-10.641592146428161,-10.884849386896601,True
2020-10-02,True,360,360,4.863240137506466e-05,ok,True,240,240,2.1601113550094463e-05,ok,False,1260,1440,,insufficient_minutes,48.0,1915.231,1904.861,0.005421573050860781,,,,,72.0,1908.519,1889.574,0.009952336999946909,-11.656447084151422,-9.494400572485414,-9.931220554240005,-10.742765691357864,-10.875192375670727,-10.926828697505462,True
2020-10-05,True,359,360,1.0974919925781301e-05,ok,True,240,240,1.0063463481831512e-05,ok,True,1374,1440,6.843749595600776e-05,ok,48.0,1901.362,1886.199,0.00800949539597957,271.0,1918.442,1886.199,0.016942913631496984,71.0,1902.876,1891.293,0.0060865852617197945,-10.742765691357864,-9.494400572485414,-11.419897895086029,-11.506599170056075,-10.988067503499419,-10.900917207577086,True
2020-10-06,True,360,360,6.008577783138265e-06,ok,True,240,240,7.27065895007709e-06,ok,True,1380,1440,0.00010383166593810471,ok,48.0,1914.387,1904.612,0.005114238484657606,276.0,1920.851,1872.896,0.025068886508595015,72.0,1914.452,1908.1,0.003320562341832911,-11.506599170056075,-9.589589697043753,-12.022322479161954,-11.83166363090091,-11.178636814099503,-10.89701315955543,True
2020-10-07,True,360,360,1.594230453916276e-05,ok,True,240,240,1.3385584878161509e-05,ok,True,1375,1440,9.0675143736805e-05,ok,48.0,1897.796,1885.316,0.006587705694248118,271.0,1897.796,1872.602,0.013399531436564412,72.0,1887.183,1872.602,0.007754964192924693,-11.83166363090091,-9.172739566914828,-11.04653431919515,-11.221332185408595,-11.307792223187159,-10.97892792030072,True
2020-10-08,True,360,360,7.3140447110226715e-06,ok,True,240,240,5.5539519373016015e-06,ok,True,1373,1440,7.475795932078048e-05,ok,48.0,1895.189,1889.83,0.0028287744264857274,270.0,1900.42,1881.83,0.009851548452501465,72.0,1890.139,1883.201,0.003676710229341226,-11.221332185408595,-9.308227287609853,-11.825714125181847,-12.10100082282586,-11.314339533567704,-10.98394623351034,True
2020-10-09,True,360,360,1.3685912340462045e-05,ok,True,240,240,9.899975520825707e-06,ok,False,1260,1440,,insufficient_minutes,48.0,1917.966,1907.421,0.005527633449494805,,,,,72.0,1912.693,1894.728,0.009478903043194787,-12.10100082282586,-9.501254872154222,-11.199143550506209,-11.522978273470654,-11.366666883745406,-10.99055901177294,True
2020-10-12,True,358,360,1.6072608868183497e-05,ok,True,240,240,9.891608508576116e-06,ok,True,1361,1440,5.8485760764397435e-05,ok,48.0,1927.784,1918.85,0.004638316209186397,260.0,1931.811,1916.132,0.008127274602772188,70.0,1931.811,1921.188,0.005506476057481234,-11.522978273470654,-9.501254872154222,-11.038394047384775,-11.523823785657616,-11.592539511221258,-10.987391635185059,True
2020-10-13,True,360,360,1.8710521497196858e-05,ok,True,240,240,8.717508232882796e-06,ok,True,1380,1440,0.00010304002908533892,ok,48.0,1924.836,1914.32,0.005487065792089503,276.0,1924.899,1886.254,0.020073484171451283,72.0,1924.899,1910.192,0.007639299565520293,-11.523823785657616,-9.746727239091243,-10.886424545421235,-11.650177113988356,-11.596268383463372,-10.980417204726184,True
2020-10-14,True,360,360,1.9301007792436642e-05,ok,True,240,240,1.0207741513575886e-05,ok,True,1378,1440,7.280350736363411e-05,ok,48.0,1900.24,1892.886,0.00387609769621495,274.0,1912.766,1881.898,0.016304380838391128,72.0,1897.668,1881.898,0.008329664565939691,-11.650177113988356,-9.18039301333596,-10.85535324619201,-11.492364153628381,-11.56530083769348,-10.982437914930799,True
2020-10-15,True,360,360,1.838631068746146e-05,ok,True,240,240,2.295807444483427e-05,ok,True,1365,1440,9.10836760503583e-05,ok,48.0,1903.509,1889.73,0.007259171493514343,264.0,1908.794,1889.238,0.010301908718851576,72.0,1901.949,1890.149,0.006216124099123043,-11.492364153628381,-9.527746425850262,-10.90390415462015,-10.681840855672935,-11.63462347560396,-10.979890296983474,True
2020-10-16,True,359,360,7.5126416059553514e-06,ok,True,240,240,6.551146786223345e-06,ok,False,1254,1440,,insufficient_minutes,48.0,1912.292,1904.035,0.004332028443331635,,,,,71.0,1910.286,1903.909,0.003344813153083004,-10.681840855672935,-9.303731956907335,-11.79892340890218,-11.935870441775995,-11.303071296096023,-10.94294898207019,True
2020-10-19,False,355,360,,insufficient_complete_m5,True,240,240,5.813556568332637e-06,ok,True,1373,1440,4.4010436799837186e-05,ok,48.0,1913.761,1908.325,0.0028477677948160894,270.0,1918.388,1896.898,0.011305534029973086,,,,,-11.935870441775995,-9.303731956907335,,-12.055318028372897,-11.358899144542267,-10.935209150298922,False
2020-10-20,True,360,360,1.434519595915429e-05,ok,True,240,240,7.3617687822063025e-06,ok,True,1373,1440,6.061185229106481e-05,ok,48.0,1908.037,1899.412,0.0045347646890886465,270.0,1913.998,1894.3,0.010350352985499939,72.0,1904.083,1894.3,0.0051404966624604915,-12.055318028372897,-10.031083752177185,-11.152095448174316,-11.819210330427262,-11.431381837240657,-10.994145147653429,True
2020-10-21,True,360,360,1.0314050153278872e-05,ok,True,240,240,7.763269477742717e-06,ok,True,1373,1440,5.310324463285875e-05,ok,48.0,1922.703,1914.428,0.004315058171155734,269.0,1931.253,1909.978,0.011134260603976652,72.0,1920.348,1909.978,0.005427134310845472,-11.819210330427262,-9.711020101651936,-11.48200349970637,-11.76610698804999,-11.456690924861405,-11.075856159773906,True
2020-10-22,True,358,360,1.0377506298939311e-05,ok,True,240,240,5.941346009652794e-06,ok,True,1374,1440,6.427081229673247e-05,ok,48.0,1920.278,1914.462,0.003032616267671159,270.0,1922.152,1893.469,0.014927851061858746,70.0,1922.152,1909.887,0.00638322676406579,-11.76610698804999,-9.843272527386203,-11.475869950038982,-12.03357484930819,-11.504009013746083,-11.193718498419242,True
2020-10-23,True,359,360,6.4706992633312705e-06,ok,True,240,240,4.644284347207707e-06,ok,False,1259,1440,,insufficient_minutes,48.0,1912.089,1905.582,0.003413017617402055,,,,,71.0,1907.67,1901.275,0.0033568135309767653,-12.03357484930819,-9.65240495984451,-11.948226377496816,-12.279873267060816,-11.915462236120552,-11.299468281699209,True
2020-10-26,True,357,360,9.831445142960871e-06,ok,True,240,240,9.937485367999508e-06,ok,True,1371,1440,5.372923177618909e-05,ok,48.0,1905.43,1896.171,0.004872236016395853,268.0,1908.364,1894.699,0.007197414303234709,70.0,1902.355,1894.699,0.0040324481453029425,-12.279873267060816,-9.65240495984451,-11.529924621084598,-11.519196550387473,-11.97419216664032,-11.41518697591247,True
2020-10-27,True,357,360,5.95473400082343e-06,ok,True,240,240,7.243685990686097e-06,ok,True,1370,1440,3.400557283299432e-05,ok,48.0,1905.05,1897.707,0.0038560769051818084,267.0,1911.177,1897.707,0.007081106797494434,69.0,1910.314,1901.777,0.004487855139585088,-11.519196550387473,-9.831553351181908,-12.031324024362316,-11.835380366385937,-11.85125110651107,-11.48460394686221,True
2020-10-28,True,360,360,5.046443286639765e-06,ok,True,240,240,1.0412571792473903e-05,ok,True,1379,1440,7.349390479708981e-05,ok,48.0,1906.663,1890.446,0.00850772945871498,275.0,1910.587,1869.05,0.021799599244673847,72.0,1909.08,1902.277,0.003570375175422238,-11.835380366385937,-10.2889861399266,-12.19682686248783,-11.472496655659654,-11.854569056616,-11.526743394143784,True
2020-10-29,True,359,360,6.2666070816009724e-06,ok,True,240,240,1.1263207102957893e-05,ok,True,1378,1440,8.484760523854072e-05,ok,48.0,1882.367,1871.469,0.005792571922131373,274.0,1884.91,1859.735,0.013393287023860098,71.0,1883.147,1875.676,0.003974627501698436,-11.472496655659654,-9.518308083114945,-11.980275485096849,-11.393969153164202,-11.782653061140062,-11.543994049566226,True
2020-10-30,True,360,360,1.2537132514433007e-05,ok,True,240,240,1.421434585597901e-05,ok,False,1260,1440,,insufficient_minutes,48.0,1880.063,1868.913,0.005957389968610213,,,,,72.0,1877.96,1863.94,0.00750355776749353,-11.393969153164202,-9.37465379015268,-11.286815716018415,-11.161258831790091,-11.65215915106683,-11.530671990949594,True
2020-11-02,True,360,360,1.1480445608163674e-05,ok,True,240,240,9.46580412438189e-06,ok,True,1372,1440,4.8836658613105207e-05,ok,48.0,1890.429,1880.82,0.005097445070772288,270.0,1895.885,1873.272,0.012046052324923286,72.0,1885.493,1873.272,0.0065101846487811066,-11.161258831790091,-9.37465379015268,-11.374865351784045,-11.567824819237954,-11.45331225120565,-11.568992051573016,True
2020-11-03,True,360,360,9.572224120909629e-06,ok,True,240,240,9.34635078128018e-06,ok,True,1380,1440,6.352492019266284e-05,ok,48.0,1900.701,1889.362,0.005997167225711151,276.0,1916.053,1886.859,0.015406414501893314,72.0,1898.383,1890.586,0.004114674723274022,-11.567824819237954,-9.927029326027267,-11.556644973972697,-11.580524581619118,-11.462239672611576,-11.57215768311033,True
2020-11-04,True,360,360,0.00010935944533936428,ok,True,240,240,2.26795457436548e-05,ok,True,1380,1440,0.00021111400598850755,ok,48.0,1902.449,1882.257,0.010673178828075242,276.0,1916.259,1876.22,0.020912128998258405,72.0,1916.259,1876.22,0.020912128998258405,-11.580524581619118,-9.664078285072684,-9.120870437439969,-10.694047108244687,-11.423043086206798,-11.56120610184851,True
2020-11-05,True,360,360,1.3221913497599922e-05,ok,True,240,240,1.2740223140710482e-05,ok,True,1380,1440,0.00012520382677196927,ok,48.0,1920.621,1908.831,0.006169087950839951,276.0,1952.621,1900.186,0.027526372112349266,72.0,1910.33,1900.186,0.005325212524223709,-10.694047108244687,-8.463112257662837,-11.23363499138257,-11.270746393004217,-11.220714857704213,-11.513589540976023,True
2020-11-06,True,360,360,2.2874998212509767e-05,ok,True,240,240,1.5676592264119133e-05,ok,True,1319,1440,0.00011083345192886814,ok,48.0,1958.063,1943.851,0.00729639954615696,263.0,1960.22,1935.478,0.012712061430155703,72.0,1947.26,1935.478,0.006053411517666064,-11.270746393004217,-8.985567534494065,-10.685466024944342,-11.063341896756063,-11.198899417650692,-11.478265617094905,True
2020-11-09,True,360,360,1.161994903585807e-05,ok,True,240,240,5.605945865709924e-05,ok,False,1380,1440,,flag_or_gap,48.0,1963.124,1934.699,0.014524626971299723,,,,,72.0,1965.411,1952.518,0.006582642206106714,-11.063341896756063,-9.107481916502147,-11.362787192448744,-9.789097668765528,-11.177760996617481,-11.450748557582196,True
2020-11-10,True,360,360,2.8121935190994432e-05,ok,True,240,240,4.3184374401564546e-05,ok,True,1380,1440,0.00013347639530007736,ok,48.0,1890.157,1867.158,0.012198336604928037,276.0,1890.29,1867.158,0.012363038938869477,72.0,1884.831,1867.402,0.009315035693651816,-9.789097668765528,-9.107481916502147,-10.478960674364323,-10.050031831812246,-10.667038565919286,-11.254422619332157,True
2020-11-11,True,360,360,1.1554327705276647e-05,ok,True,240,240,1.4918526887119138e-05,ok,True,1377,1440,9.576120067359767e-05,ok,48.0,1881.834,1869.81,0.006407139505817987,273.0,1884.321,1856.193,0.014987032604308574,72.0,1883.188,1876.332,0.0036529826342128757,-10.050031831812246,-8.92158590998908,-11.368450498078856,-11.112906702170488,-10.412047782863613,-11.129485018329543,True
2020-11-12,True,360,360,1.425561531856176e-05,ok,True,240,240,1.2260085445397927e-05,ok,True,1379,1440,7.402557029609713e-05,ok,48.0,1872.855,1863.106,0.0052167361500176975,275.0,1883.641,1862.596,0.011280202480840579,72.0,1872.532,1862.596,0.005325734941773853,-11.112906702170488,-9.253652958430612,-11.158359671426927,-11.309161658035313,-10.465051008491837,-11.113560194682496,True
2020-11-13,True,360,360,6.940895094183514e-06,ok,True,240,240,8.040403066788816e-06,ok,True,1319,1440,5.2332761863027926e-05,ok,48.0,1880.874,1875.678,0.0027654854009673945,263.0,1896.731,1873.96,0.012137978824767937,72.0,1881.834,1873.96,0.004197200178570251,-11.309161658035313,-9.511099979905017,-11.878079815655129,-11.731031343344824,-10.468424207624373,-11.150097784649844,True
2020-11-16,True,360,360,1.2619176911212273e-05,ok,True,240,240,0.00010994021215899768,ok,True,1375,1440,0.00016937025626217144,ok,48.0,1895.11,1862.272,0.01735972341167886,272.0,1898.986,1862.272,0.019418697888347602,72.0,1898.986,1887.527,0.006060872122421292,-11.731031343344824,-9.85788796115845,-11.280292923959783,-9.115573865762858,-10.523660529155501,-11.144930731952321,True
2020-11-17,True,359,360,6.79447447173933e-06,ok,True,240,240,9.949095660339836e-06,ok,True,1376,1440,4.903161436067304e-05,ok,48.0,1892.604,1884.117,0.004496775244688038,272.0,1893.354,1876.779,0.008770244979530828,71.0,1892.367,1884.595,0.00411235861121646,-9.115573865762858,-8.683423374030733,-11.899400853787805,-11.518028899332432,-10.18668050572569,-10.837195229146513,True
2020-11-18,True,358,360,9.662925734167174e-06,ok,True,240,240,1.5168701194300051e-05,ok,True,1376,1440,5.939846273842515e-05,ok,48.0,1884.556,1867.514,0.009052879290516121,273.0,1884.675,1862.819,0.011609060017236179,70.0,1883.11,1875.603,0.003987427413496985,-11.518028899332432,-9.923045276865757,-11.54721408456422,-11.096276384992947,-10.380824738092576,-10.830634833357774,True
2020-11-19,True,359,360,1.2924765386086218e-05,ok,True,240,240,2.3237278213354767e-05,ok,True,1379,1440,8.359885656021433e-05,ok,48.0,1865.491,1854.939,0.0056616124220669325,275.0,1872.626,1852.575,0.010714421212320345,71.0,1872.626,1857.569,0.008045835130113619,-11.096276384992947,-9.731242211755056,-11.256365289681437,-10.669752749304173,-10.37921313682241,-10.812092148594607,True
2020-11-20,True,359,360,1.2271039007712152e-05,ok,True,240,240,1.0735288443606434e-05,ok,True,1317,1440,5.594246685419238e-05,ok,48.0,1869.333,1863.293,0.0032365953910132453,262.0,1879.63,1860.806,0.010102677096725497,71.0,1869.214,1861.163,0.004320901684325115,-10.669752749304173,-9.389480715476553,-11.308268624121347,-11.441974257538854,-10.310940493312467,-10.770078457451405,True
2020-11-23,True,359,360,7.1798937753794805e-06,ok,True,240,240,1.2485021366726452e-05,ok,True,1379,1440,0.00012805722342658246,ok,48.0,1875.118,1863.391,0.006254775286517118,275.0,1875.994,1829.273,0.02495555287892089,71.0,1875.854,1870.38,0.00292388211851654,-11.441974257538854,-9.791186772946949,-11.844225969528974,-11.290980922842216,-10.294868850711751,-10.755693218506721,True
2020-11-24,True,360,360,2.9254866671315356e-05,ok,True,240,240,3.2841623356561e-05,ok,True,1377,1440,0.0001127673750591072,ok,48.0,1830.663,1805.586,0.01372044799229637,273.0,1836.222,1799.958,0.019754587491430442,72.0,1836.222,1821.223,0.008170611564746485,-11.290980922842216,-8.963033335925145,-10.439464616201034,-10.32381384230699,-11.154197242155478,-10.749737493502476,True
2020-11-25,True,360,360,1.9518399963204868e-05,ok,True,240,240,1.620299491905001e-05,ok,True,1379,1440,6.959277969346374e-05,ok,48.0,1815.032,1806.44,0.0047467174338555376,275.0,1817.544,1801.552,0.008839051006940019,72.0,1812.02,1801.552,0.005785842042311636,-10.32381384230699,-9.090183488934262,-10.844152949437088,-11.030314461266277,-10.876688243034328,-10.691783764639167,True
2020-11-26,False,353,360,,insufficient_complete_m5,True,240,240,6.753198532511922e-06,ok,False,1131,1440,,insufficient_minutes,48.0,1817.822,1810.9,0.003813487305224592,,,,,,,,,-11.030314461266277,-9.57284973604171,,-11.90549430864602,-10.865799120568093,-10.679127318238287,False
2020-11-27,True,359,360,9.938012771653606e-06,ok,True,240,240,5.488653699030089e-06,ok,False,1124,1440,,insufficient_minutes,48.0,1811.368,1805.312,0.0033456678131950795,,,,,71.0,1813.709,1800.96,0.0070463501050541345,-11.90549430864602,-9.57284973604171,-11.519143479651785,-12.112827560379475,-11.055271193384648,-10.688971265306323,True
2020-11-30,True,360,360,4.919826903111958e-05,ok,True,240,240,2.4325220844351888e-05,ok,True,1377,1440,0.00015376064392111876,ok,48.0,1782.094,1764.254,0.01001551169215559,273.0,1787.351,1763.981,0.013079244157364025,72.0,1787.351,1763.981,0.013079244157364025,-12.112827560379475,,-9.91965211737924,-10.623996851028922,-11.123976102392575,-10.708296320975746,False
2020-12-01,True,358,360,1.331499501025836e-05,ok,True,240,240,1.7670967996951576e-05,ok,True,1376,1440,7.335309123441603e-05,ok,48.0,1809.984,1789.249,0.011576791366789935,272.0,1817.179,1776.723,0.0227417860644164,70.0,1788.203,1776.723,0.00645332469891981,-10.623996851028922,-8.780113424918603,-11.226619713444347,-10.943587491189083,-10.975126615367872,-10.675606841716125,True
2020-12-02,True,357,360,1.3109595084121497e-05,ok,True,240,240,2.4544296698056505e-05,ok,True,1376,1440,0.00010091558444474097,ok,48.0,1832.315,1813.772,0.01021245238470931,272.0,1832.315,1807.188,0.01387145319302334,69.0,1815.412,1807.188,0.004540089587273579,-10.943587491189083,-9.520225910644813,-11.24216614669757,-10.615031044437544,-11.170172479441051,-10.65774985995694,True
2020-12-03,True,360,360,1.5805967017749257e-05,ok,True,240,240,1.0571297616574442e-05,ok,True,1376,1440,8.33997312875523e-05,ok,48.0,1843.416,1834.682,0.004740047677259914,273.0,1843.838,1823.614,0.011046573235437703,72.0,1837.228,1826.09,0.006083699203733543,-10.615031044437544,-9.20122618817337,-11.055123029875478,-11.457368001513482,-11.058259638620829,-10.653793158107849,True
2020-12-04,True,359,360,9.490361720182582e-06,ok,True,240,240,1.3724856651819208e-05,ok,True,1318,1440,7.676845701586335e-05,ok,48.0,1844.214,1837.699,0.003540924444879178,262.0,1847.971,1828.933,0.010346952817503845,71.0,1844.624,1837.882,0.003664206108604396,-11.457368001513482,-9.391865470576558,-11.565233830138107,-11.19630201493512,-11.010933501084404,-10.658396757236545,True
2020-12-07,True,360,360,8.615721976090503e-06,ok,True,240,240,3.2163812231159626e-05,ok,True,1376,1440,9.847175749575076e-05,ok,48.0,1838.655,1821.289,0.00944788930855932,270.0,1868.379,1821.289,0.02565451985896275,72.0,1842.109,1834.628,0.004075630984601838,-11.19630201493512,-9.47471671811682,-11.661921886958293,-10.344668581152655,-10.915885744072455,-10.662557559547176,True
2020-12-08,False,349,360,,insufficient_minutes,True,240,240,1.0556980689814753e-05,ok,True,1360,1440,8.777713482919738e-05,ok,48.0,1867.08,1860.175,0.0037016923783735247,264.0,1875.145,1860.175,0.008031202051524173,,,,,-10.344668581152655,-9.225740776831435,,-11.458723240094058,-10.833114505861975,-10.714954616714952,False
2020-12-09,True,360,360,1.2655177441750461e-05,ok,True,240,240,1.907493710656892e-05,ok,True,1380,1440,0.00015077945277356785,ok,48.0,1866.094,1851.417,0.007890402062676003,276.0,1870.418,1825.164,0.024196635761872632,72.0,1870.418,1855.346,0.008058772577074786,-11.458723240094058,-9.340709514596915,-11.277444142591724,-10.867135277964646,-10.907940389916725,-10.791243026023427,True
2020-12-10,True,360,360,1.2124188203636745e-05,ok,True,240,240,2.0119888798772992e-05,ok,True,1380,1440,9.291192472094402e-05,ok,48.0,1838.54,1828.517,0.005454435626721299,276.0,1849.845,1828.517,0.01162649661570715,72.0,1842.327,1834.19,0.004435709066110678,-10.867135277964646,-8.799692366491138,-11.320308075659513,-10.81380173964796,-10.969533322455703,-10.78119497172862,True
2020-12-11,True,360,360,7.673807911121717e-06,ok,True,240,240,2.0830393585269528e-05,ok,True,1316,1440,6.529795094005272e-05,ok,48.0,1839.472,1823.572,0.008668981484636733,261.0,1847.57,1823.572,0.013065002990229583,72.0,1840.596,1834.157,0.003505523554216566,-10.81380173964796,-9.283858559553781,-11.77769759758106,-10.779097407753747,-10.864352356280087,-10.76246566063203,True
2020-12-14,True,356,360,5.160917606049206e-06,ok,True,240,240,3.1293025033890915e-05,ok,True,1375,1440,8.257392071172703e-05,ok,48.0,1834.01,1817.306,0.00911149057472917,272.0,1838.91,1817.306,0.011753700029841278,69.0,1837.956,1832.817,0.00279588337591895,-10.779097407753747,-9.636549901346465,-12.174396163651103,-10.37211532761892,-10.792688426421472,-10.732718592462424,True
2020-12-15,True,358,360,9.555271205325114e-06,ok,True,240,240,9.71566198486749e-06,ok,True,1371,1440,5.813205292622956e-05,ok,48.0,1847.369,1839.697,0.004163165481758083,268.0,1855.224,1825.386,0.01632740613506196,70.0,1840.79,1825.386,0.008429095921459035,-10.37211532761892,-9.401816657172754,-11.558417597072006,-11.541771336965594,-10.801199688147108,-10.931443263056643,True
2020-12-16,True,356,360,8.072479093283803e-06,ok,True,240,240,1.3547064483309718e-05,ok,True,1376,1440,9.715780412338441e-05,ok,48.0,1865.392,1853.027,0.006668291720101089,273.0,1865.392,1844.594,0.011226984492855875,69.0,1858.205,1850.865,0.003962211086525685,-11.541771336965594,-9.752793360751621,-11.727049924186172,-11.209340677407289,-10.809492301880878,-10.932096003818495,True
2020-12-17,True,359,360,6.866568875368257e-06,ok,True,240,240,1.801387382525109e-05,ok,True,1377,1440,7.968847683161814e-05,ok,48.0,1883.006,1871.61,0.006078326998631462,273.0,1896.09,1861.907,0.01833335568040117,71.0,1870.307,1861.907,0.004505168876791725,-11.209340677407289,-9.239174054709574,-11.888846012389484,-10.924368328887768,-10.865759042854076,-10.936642317394563,True
2020-12-18,True,359,360,7.730299059706116e-06,ok,True,240,240,8.977264819004659e-06,ok,True,1318,1440,6.671956699556136e-05,ok,48.0,1884.126,1877.333,0.0036115890912251317,262.0,1889.45,1877.333,0.006432221730897736,71.0,1886.668,1878.297,0.0044436847494713425,-10.924368328887768,-9.437385564407531,-11.770363007923647,-11.620815307902802,-10.888056922673353,-10.951428425230178,True
2020-12-21,True,360,360,2.492834051213241e-05,ok,True,240,240,0.0001198059161671559,ok,True,1378,1440,0.0002325841841355797,ok,48.0,1898.923,1853.868,0.023783607443522214,274.0,1906.525,1853.868,0.027961686165557987,72.0,1902.858,1882.869,0.01061446996151201,-11.620815307902802,-9.615012289809522,-10.599505228543636,-9.029637489803129,-11.023770276377013,-10.95645451904348,True
2020-12-22,True,359,360,1.1941988637875077e-05,ok,True,240,240,9.47060710616577e-06,ok,True,1379,1440,7.96516596292566e-05,ok,48.0,1874.83,1868.15,0.0035737471889508276,275.0,1884.147,1858.081,0.013871286952204317,71.0,1884.147,1874.335,0.0052215555733533025,-9.029637489803129,-8.366258316169272,-11.335449911282307,-11.567317544461503,-10.288798440578278,-10.68826345390617,True
2020-12-23,True,360,360,1.3608167261897816e-05,ok,True,240,240,6.3678935145385686e-06,ok,True,1369,1440,6.38402283322727e-05,ok,48.0,1872.199,1863.2,0.004820961728024699,267.0,1878.355,1856.534,0.011703807478508198,72.0,1867.725,1861.351,0.0034187282373864245,-11.567317544461503,-9.437847685299788,-11.204840411507554,-11.96424183152517,-10.290240472361358,-10.740849475069108,True
2020-12-24,True,358,360,7.28226695773567e-06,ok,True,240,240,1.571909653548209e-05,ok,False,1122,1440,,insufficient_minutes,48.0,1880.452,1870.98,0.005047329370213499,,,,,70.0,1879.644,1871.597,0.004296952698544513,-11.96424183152517,-9.659127028195773,-11.83006834893577,-11.060634244912386,-10.333436629094853,-10.76383327400966,True
2020-12-25,False,0,360,,insufficient_minutes,False,0,240,,insufficient_minutes,False,0,1440,,insufficient_minutes,,,,,,,,,,,,,-11.060634244912386,-9.659127028195773,,,-10.347647056718465,-10.742859583550038,False
2020-12-28,True,360,360,2.739244997599666e-05,ok,True,240,240,1.4278381032586106e-05,ok,True,1380,1440,0.00010466583950065388,ok,48.0,1886.302,1868.797,0.009285216058305047,276.0,1900.01,1868.797,0.016528343570107365,72.0,1900.01,1885.563,0.007650177155587081,-11.060634244912386,,-10.505243130861952,-11.156763980548249,-10.347647056718465,-10.742859583550038,False
2020-12-29,True,360,360,1.605903105916829e-05,ok,True,240,240,1.4691600608622046e-05,ok,True,1376,1440,6.968853460118621e-05,ok,48.0,1883.379,1874.07,0.0049520619760477285,272.0,1886.287,1871.565,0.007844129756888979,72.0,1882.596,1874.98,0.004057933176773973,-11.156763980548249,-9.164737763615353,-11.03923918382064,-11.12823461465201,-10.31512027520147,-10.72271637450506,True
2020-12-30,True,358,360,8.821080355905926e-06,ok,True,240,240,5.496724717558951e-06,ok,True,1375,1440,3.989715126071611e-05,ok,48.0,1881.09,1877.149,0.0020975580028544196,271.0,1895.249,1875.941,0.010276977531752945,70.0,1885.994,1877.592,0.004472092667380691,-11.12823461465201,-9.571474750124992,-11.638366206115043,-12.111358149008284,-11.321849361337845,-10.74481503269881,True
2020-12-31,True,359,360,1.4684125488321474e-05,ok,True,240,240,7.111779374838704e-06,ok,True,1316,1440,5.718401259660557e-05,ok,48.0,1895.887,1890.348,0.002926316162072157,260.0,1900.793,1885.158,0.00824991300259633,71.0,1899.61,1885.158,0.007625695088808585,-12.111358149008284,-10.129205633591875,-11.12874354644401,-11.853758081769463,-11.389757904653493,-10.773458852830133,True
2021-01-01,False,0,360,,insufficient_minutes,False,0,240,,insufficient_minutes,False,0,1440,,insufficient_minutes,,,,,,,,,,,,,-11.853758081769463,-9.769236198705286,,,-11.376690041824638,-10.815957951475825,False
2021-01-04,True,359,360,1.674469235590301e-05,ok,True,240,240,1.8738760563602314e-05,ok,True,1378,1440,0.00011205271858763058,ok,48.0,1936.42,1924.485,0.006200246399402456,274.0,1945.495,1909.613,0.018754847868401325,71.0,1925.194,1909.613,0.008143896233140867,-11.853758081769463,-9.769236198705286,-10.997429224182907,-10.884916421889685,-11.376690041824638,-10.815957951475825,True
2021-01-05,True,360,360,1.670918343687047e-05,ok,True,240,240,1.1122449964584862e-05,ok,True,1380,1440,8.064052705032335e-05,ok,48.0,1950.159,1939.304,0.0055959045505194795,276.0,1953.054,1934.236,0.009690913519746169,72.0,1943.81,1934.236,0.00493042863418261,-10.884916421889685,-9.09654109573919,-10.999552083285252,-11.406544972852654,-11.325330399312222,-10.795821262226358,True
2021-01-06,True,360,360,3.694017092972207e-05,ok,True,240,240,1.5767784626425908e-05,ok,True,1380,1440,0.00025934654172380994,ok,48.0,1959.195,1945.219,0.007174782917383928,276.0,1959.195,1900.589,0.030047733063991017,72.0,1955.174,1941.189,0.007170213747737628,-11.406544972852654,-9.42550921782027,-10.206210955978058,-11.057541647109606,-11.379071107993186,-10.802193526182556,True
2021-01-07,True,360,360,1.954477710739855e-05,ok,True,240,240,3.191774435914863e-05,ok,True,1380,1440,0.0001363697888526805,ok,48.0,1922.401,1908.594,0.007188111476899994,276.0,1927.52,1906.739,0.010800166516209578,72.0,1924.544,1914.649,0.005142565212352452,-11.057541647109606,-8.257345391654034,-10.84280246285711,-10.352348453319792,-11.360419006185088,-10.84330261308073,True
2021-01-08,True,359,360,1.1102788871767482e-05,ok,True,240,240,7.232237334091728e-05,ok,True,1319,1440,0.0003384804644373773,ok,48.0,1904.733,1875.24,0.0154828650623661,263.0,1916.574,1827.767,0.04633394594016454,71.0,1916.574,1906.318,0.00535094023626889,-10.352348453319792,-8.900140326437151,-11.408314231495126,-9.534377025204815,-10.986322730277905,-10.790071803249425,True
2021-01-11,True,360,360,0.00010026890813953704,ok,True,240,240,3.050070967506678e-05,ok,True,1380,1440,0.00022262023584331377,ok,48.0,1855.272,1845.957,0.0050451832311432295,276.0,1855.272,1816.391,0.021075757485414497,72.0,1849.326,1816.391,0.017852680558167945,-9.534377025204815,-7.991044179426905,-9.207654899691507,-10.397760606586628,-10.415186138191304,-10.668542668308659,True
2021-01-12,True,360,360,1.9782651535897934e-05,ok,True,240,240,1.528786138811368e-05,ok,True,1378,1440,0.00013609351907391032,ok,48.0,1863.586,1853.678,0.005328230966013384,274.0,1863.586,1834.316,0.01584476354112871,72.0,1858.08,1841.115,0.009183683412205242,-10.397760606586628,-8.410043216501167,-10.830705189393933,-11.088451417778964,-10.339632127645315,-10.646478330763385,True
2021-01-13,True,359,360,1.2894737602917455e-05,ok,True,240,240,2.1739145532606995e-05,ok,True,1379,1440,9.252883868289685e-05,ok,48.0,1857.954,1849.2,0.004712638851653571,275.0,1862.81,1840.602,0.011947155570439212,71.0,1862.81,1854.527,0.0044559748554551274,-11.088451417778964,-8.90216826829511,-11.258691267584227,-10.736395980971551,-10.314187498190751,-10.658198327727133,True
2021-01-14,True,360,360,3.3729569712708665e-05,ok,True,240,240,9.995050788604511e-06,ok,True,1378,1440,0.00011501057067457922,ok,48.0,1845.13,1836.605,0.004627283822391598,274.0,1857.361,1827.015,0.016417220065731635,72.0,1852.067,1827.015,0.013553160122807204,-10.736395980971551,-9.287990192491089,-10.297135665784753,-11.51342050862367,-10.278804705991854,-10.678728707002072,True
2021-01-15,True,359,360,1.6605069318361965e-05,ok,True,240,240,8.866733895107901e-06,ok,True,1319,1440,0.00010068302718219628,ok,48.0,1856.563,1846.457,0.00545533652398005,263.0,1856.563,1823.224,0.01805075261551565,71.0,1855.451,1846.804,0.0046817498385183075,-11.51342050862367,-9.070486514915924,-11.005802528596734,-11.633204048718449,-10.415346104753684,-10.678122305499677,True
2021-01-18,True,360,360,2.778559235323122e-05,ok,True,240,240,1.3818242125615717e-05,ok,False,1140,1440,,insufficient_minutes,48.0,1838.252,1829.893,0.004555672095159495,,,,,72.0,1840.112,1810.199,0.016518032171315297,-11.633204048718449,-9.203533320785285,-10.490992932286302,-11.189520945572124,-10.966082314940415,-10.688329601981836,True
2021-01-19,True,360,360,1.2572484571708294e-05,ok,True,240,240,1.2219213586787372e-05,ok,True,1380,1440,6.558848918690273e-05,ok,48.0,1845.4,1837.808,0.004130520531548863,276.0,1845.4,1832.891,0.006807841344479283,72.0,1843.537,1836.084,0.004056186868686855,-11.189520945572124,-9.203533320785285,-11.283999896046934,-11.312500960891722,-11.180647243375503,-10.697569235493345,True
2021-01-20,True,360,360,7.499484642767952e-06,ok,True,240,240,7.356314952618497e-06,ok,True,1380,1440,0.000107201182571355,ok,48.0,1857.262,1848.452,0.004746639368551464,276.0,1871.845,1832.337,0.021459959478764393,72.0,1851.716,1839.327,0.006729458286483993,-11.312500960891722,-9.63211034712269,-11.800676254080551,-11.819951436394001,-11.22566769359058,-10.690422321044137,True
2021-01-21,True,360,360,8.939353988193486e-06,ok,True,240,240,1.356118788893243e-05,ok,True,1380,1440,6.872036013962226e-05,ok,48.0,1873.38,1866.458,0.003706469266746125,276.0,1874.825,1858.07,0.008959557663616927,72.0,1874.651,1866.859,0.004166688947472631,-11.819951436394001,-9.140803277939211,-11.62504723221826,-11.208298676860247,-11.468802262741477,-10.974129286874552,True
2021-01-22,True,360,360,1.1544927261894296e-05,ok,True,240,240,2.0071147922179586e-05,ok,True,1320,1440,9.838693558390767e-05,ok,48.0,1863.795,1845.206,0.009987934849800926,264.0,1869.843,1837.233,0.01744148264904091,72.0,1869.843,1859.774,0.005385412106507068,-11.208298676860247,-9.585465039620658,-11.369264415576598,-10.816227200868404,-11.40278592298878,-10.962266675815737,True
2021-01-25,True,360,360,1.0674435208606759e-05,ok,True,240,240,1.1085793419545438e-05,ok,True,1376,1440,7.652998688918985e-05,ok,48.0,1865.858,1850.039,0.008533490132191126,272.0,1867.766,1847.063,0.011148536764646477,72.0,1859.871,1851.081,0.004733402799654387,-10.816227200868404,-9.2266025311768,-11.447658908108108,-11.409846141494835,-11.219866278003309,-10.923522598826901,True
2021-01-26,True,358,360,8.41689742179904e-06,ok,True,240,240,9.538993957162374e-06,ok,True,1378,1440,4.613344079026897e-05,ok,48.0,1857.385,1848.2,0.004961834122941093,274.0,1861.619,1847.828,0.007432237620347408,70.0,1861.619,1853.111,0.0045851263631291874,-11.409846141494835,-9.477827908458416,-11.685269274835468,-11.560122533288942,-11.26148747901079,-10.936455370020193,True
2021-01-27,True,359,360,8.415668541868644e-06,ok,True,240,240,2.2669631957521702e-05,ok,True,1379,1440,0.00010553193265024858,ok,48.0,1853.021,1838.082,0.008070576350115665,275.0,1853.021,1831.176,0.011799016487565947,71.0,1851.305,1843.17,0.0043939116102700276,-11.560122533288942,-9.983972474182691,-11.685415287028171,-10.694484328357314,-11.304068472020015,-10.94985959915227,True
2021-01-28,True,360,360,1.2439844775445612e-05,ok,True,240,240,1.3110631619301508e-05,ok,True,1380,1440,0.00013173439163311946,ok,48.0,1843.557,1834.428,0.0049709497024181745,276.0,1863.958,1833.878,0.016347248602630968,72.0,1840.394,1833.878,0.00354117925181995,-10.694484328357314,-9.15649697169697,-11.29460594858916,-11.242087082912786,-11.082094733131525,-10.927397894242723,True
2021-01-29,True,360,360,4.810071619651824e-06,ok,True,240,240,2.736563247398327e-05,ok,True,1314,1440,0.00015042448501581643,ok,48.0,1863.106,1842.212,0.011319449391729935,262.0,1875.585,1839.428,0.01960839608341848,72.0,1846.152,1839.428,0.0036465098117903815,-11.242087082912786,-8.934722847138717,-12.244798584216952,-10.506222621120106,-11.087968903783263,-10.906421862849687,True
2021-02-01,True,360,360,2.179464181830652e-05,ok,True,240,240,4.327195318973573e-05,ok,True,1380,1440,0.0001383818834789816,ok,48.0,1871.487,1856.326,0.00814407180491833,276.0,1871.487,1848.812,0.012217989406585689,72.0,1863.747,1848.812,0.00804743866757918,-10.506222621120106,-8.802049360391614,-10.733846406531166,-10.048005865163718,-10.996865363885677,-10.852674985846871,True
2021-02-02,True,360,360,1.0926058180679631e-05,ok,True,240,240,2.2398605200470696e-05,ok,True,1379,1440,0.0001274708025923001,ok,48.0,1853.374,1841.183,0.006595826412521861,275.0,1863.92,1829.359,0.018602635835412423,72.0,1863.92,1852.606,0.006089818634931186,-10.048005865163718,-8.885493423067162,-11.424359963029671,-10.706511868878131,-10.671730389915679,-10.791218532840215,True
2021-02-03,True,360,360,1.006350883524352e-05,ok,True,240,240,8.92974033509815e-06,ok,True,1377,1440,5.4291065146884793e-05,ok,48.0,1837.352,1832.462,0.002661817694882261,273.0,1844.724,1829.534,0.008270830213849055,72.0,1844.724,1836.294,0.004590065747382947,-10.706511868878131,-8.967623218866208,-11.506594663326371,-11.626123241315192,-10.566559913016478,-10.764190439059625,True
2021-02-04,True,360,360,2.0401944077352623e-05,ok,True,240,240,2.6544286989861206e-05,ok,True,1380,1440,0.00015906642096247752,ok,48.0,1826.369,1810.083,0.00892280643794227,276.0,1834.535,1784.656,0.0271908996972036,72.0,1834.535,1815.759,0.010235496555959327,-11.626123241315192,-9.821150890661464,-10.799880363745219,-10.536696012720308,-10.679350799917513,-10.780493372335782,True
2021-02-05,True,360,360,9.629654067175675e-06,ok,True,240,240,2.931141083628399e-05,ok,True,1320,1440,0.00010890370210931079,ok,48.0,1811.051,1798.026,0.007241159808644285,264.0,1815.03,1791.837,0.012913157858107253,72.0,1799.03,1791.837,0.004004843895717041,-10.536696012720308,-8.746188701071524,-11.550663255211129,-10.437533669419235,-10.568940050242862,-10.793493646498584,True
2021-02-08,True,360,360,1.435257893512536e-05,ok,True,240,240,1.5155184971476571e-05,ok,True,1377,1440,6.72175992214723e-05,ok,48.0,1823.257,1807.65,0.008598872014437407,273.0,1838.982,1807.65,0.01723446563090448,72.0,1818.669,1808.182,0.005768474437357889,-10.437533669419235,-9.125046533109062,-11.151580915172287,-11.09716784221876,-10.553912491673984,-10.904132410290135,True
2021-02-09,True,360,360,9.67003856218444e-06,ok,True,240,240,1.255351572297196e-05,ok,True,1378,1440,7.87363258470231e-05,ok,48.0,1848.428,1838.465,0.005405726554227876,274.0,1848.428,1829.828,0.01016018681633831,72.0,1843.16,1829.828,0.007282559711581852,-11.09716784221876,-9.60757545154653,-11.546478260690638,-11.285509794329002,-10.796655407276644,-10.946768934317152,True
2021-02-10,True,360,360,1.1253461571203468e-05,ok,True,240,240,1.0664741027254554e-05,ok,True,1380,1440,0.0001104628066664631,ok,48.0,1846.21,1838.929,0.003944577627889941,276.0,1855.226,1833.915,0.011605275768929243,72.0,1845.29,1833.915,0.006194454125642589,-11.285509794329002,-9.44940593537351,-11.394834781424224,-11.448567488824809,-10.89780319160981,-10.954560695329505,True
2021-02-11,True,360,360,5.607782825263008e-06,ok,True,240,240,7.054672638420367e-06,ok,True,1379,1440,5.777625474931687e-05,ok,48.0,1845.788,1839.467,0.003429255000996829,275.0,1847.377,1821.041,0.014297075820211674,72.0,1842.045,1833.826,0.004461864602305605,-11.448567488824809,-9.110831684919745,-12.0913551348622,-11.861820375093924,-10.8792189996249,-10.986754152317307,True
2021-02-12,True,360,360,5.775484359665331e-06,ok,True,240,240,1.203916620003074e-05,ok,True,1317,1440,7.73541824529517e-05,ok,48.0,1821.887,1812.462,0.0051859072077507186,261.0,1830.625,1810.421,0.011060109648582561,72.0,1827.83,1819.262,0.004690309813356535,-11.861820375093924,-9.758932684180431,-12.061888433269939,-11.327345372970804,-11.110939399098605,-10.995478903932069,True
2021-02-15,True,359,360,6.912894430964537e-06,ok,True,240,240,6.145641974122768e-06,ok,False,1138,1440,,insufficient_minutes,48.0,1821.415,1815.816,0.003081182471874336,,,,,71.0,1826.92,1819.932,0.0038371948721722415,-11.327345372970804,-9.467115910617087,-11.882122132206346,-11.999767349431016,-11.373732718292658,-10.986068826283207,True
2021-02-16,True,360,360,6.374544300394795e-06,ok,True,240,240,9.888028289461505e-06,ok,True,1380,1440,0.00017694564720742854,ok,48.0,1825.555,1814.499,0.006072581519985412,276.0,1826.349,1786.79,0.02174993539732021,72.0,1826.349,1817.903,0.004643695603169057,-11.999767349431016,-9.467115910617087,-11.963197951765778,-11.524185796263803,-11.544256442794024,-11.008981062000402,True
2021-02-17,True,360,360,7.735038725732215e-06,ok,True,240,240,2.4215030982141973e-05,ok,True,1380,1440,0.00010906156439478842,ok,48.0,1791.055,1783.556,0.0041895259058963,276.0,1794.989,1769.359,0.014330364381524347,72.0,1794.989,1786.442,0.004778838250834508,-11.524185796263803,-8.639667950472658,-11.769750067392991,-10.628537002649153,-11.600833604746931,-11.016047818863889,True
2021-02-18,True,358,360,1.0313355992287528e-05,ok,True,240,240,1.8247168753274836e-05,ok,True,1378,1440,9.274982291125738e-05,ok,48.0,1788.915,1778.78,0.005687461770268066,274.0,1789.54,1768.224,0.011987841193160266,70.0,1785.64,1776.907,0.004911325630506219,-10.628537002649153,-9.123598024219445,-11.482070804435494,-10.911500626777592,-11.341622050853966,-10.966033142124491,True
2021-02-19,True,360,360,3.619230773578485e-05,ok,True,240,240,1.0792820551534628e-05,ok,True,1319,1440,0.00017466244708351178,ok,48.0,1775.209,1767.808,0.004172127751329724,263.0,1791.523,1760.526,0.017496065121012434,72.0,1773.55,1760.526,0.007351316325323907,-10.911500626777592,-9.285604765791142,-10.226663955199095,-11.436629408634284,-11.16883891666538,-10.952564302151986,True
2021-02-22,True,360,360,2.1093398491923876e-05,ok,True,240,240,1.2364134310622911e-05,ok,True,1380,1440,0.00010182829371241931,ok,48.0,1799.13,1790.14,0.005009287240832773,276.0,1812.524,1780.553,0.01792563644671945,72.0,1790.237,1780.553,0.005429666364831624,-11.436629408634284,-8.652655320521975,-10.76655043411689,-11.300710670713702,-11.18666677303932,-10.979411232098935,True
2021-02-23,True,360,360,1.320944301742325e-05,ok,True,240,240,1.7630299743251892e-05,ok,True,1378,1440,9.096429142565844e-05,ok,48.0,1811.337,1803.558,0.004300961122993719,274.0,1815.871,1795.475,0.011265085195106562,72.0,1815.871,1806.184,0.005350307917483707,-11.300710670713702,-9.192222558157763,-11.234578604026506,-10.945891559812928,-11.100720681092053,-10.97566925104811,True
2021-02-24,True,360,360,9.251216756833792e-06,ok,True,240,240,1.480383243373823e-05,ok,True,1379,1440,0.00011384998503047793,ok,48.0,1810.019,1803.01,0.003880435634125143,275.0,1813.729,1783.229,0.01688821139167998,72.0,1813.729,1804.961,0.0048549454912213295,-10.945891559812928,-9.305043530373043,-11.590755473811408,-11.120624462489953,-11.003106896023851,-10.952303618233659,True
2021-02-25,True,360,360,1.8381964937422313e-05,ok,True,240,240,3.092099085541694e-05,ok,True,1380,1440,0.00017816705514563178,ok,48.0,1795.192,1781.237,0.007776268589140767,276.0,1804.056,1765.172,0.02156394023831582,72.0,1804.056,1793.621,0.005786948780650765,-11.120624462489953,-9.080628896939137,-10.904140540471024,-10.384075288981764,-11.123071501928834,-10.975010595781232,True
2021-02-26,True,360,360,4.081168784373305e-05,ok,True,240,240,2.4704656060357803e-05,ok,True,1320,1440,0.00023751650474372718,ok,48.0,1770.095,1757.456,0.007182917171400364,264.0,1775.704,1717.046,0.033138896029241804,72.0,1775.704,1757.815,0.010106408521720895,-10.384075288981764,-8.632788935745161,-10.106542050819762,-10.608518827627151,-10.964664437368842,-10.924314535758532,True
2021-03-01,True,360,360,1.1481629596729588e-05,ok,True,240,240,1.5970894142927367e-05,ok,True,1380,1440,0.0001248625565173535,ok,48.0,1754.768,1741.486,0.007573744504444871,276.0,1759.668,1719.546,0.023068696672109566,72.0,1752.564,1737.092,0.008895839562107575,-10.608518827627151,-8.345273443246352,-11.374762226212301,-11.044742608392504,-10.815548110192767,-10.931727454702349,True
2021-03-02,True,360,360,6.669015458722598e-05,ok,True,240,240,3.018309655408357e-05,ok,True,1380,1440,0.0001834265872687398,ok,48.0,1733.084,1715.33,0.010333865819810495,276.0,1739.879,1707.125,0.018987270227741104,72.0,1728.27,1707.125,0.01225761216845535,-11.044742608392504,-8.98829697346938,-9.615453223325655,-10.408228507035545,-10.780262679783187,-11.011136079250843,True
2021-03-03,True,360,360,1.2926395426024443e-05,ok,True,240,240,1.4580196619238563e-05,ok,True,1379,1440,0.00016790482052490523,ok,48.0,1733.345,1721.313,0.006941091295079985,275.0,1737.319,1701.733,0.020491777318770776,72.0,1737.319,1729.756,0.0043550641224599776,-10.408228507035545,-8.603696039898919,-11.256239180068626,-11.135846345930208,-10.666340972856615,-10.987844000181438,True
2021-03-04,True,360,360,2.2114509619036626e-05,ok,True,240,240,2.710778398570678e-05,ok,True,1380,1440,0.00017481033096709383,ok,48.0,1718.865,1706.02,0.007476978241382136,276.0,1722.946,1689.955,0.019287726268747807,72.0,1719.759,1706.377,0.007823598949058364,-11.135846345930208,-8.6921132836026,-10.71927662102338,-10.515689639376918,-10.668261061385449,-10.9712706724633,True
2021-03-05,True,360,360,2.1269896606054598e-05,ok,True,240,240,1.837259847678354e-05,ok,True,1319,1440,0.0001447499700744649,ok,48.0,1698.756,1690.914,0.004622008469556511,263.0,1707.514,1687.038,0.012084656334470357,72.0,1697.221,1687.038,0.006009867916287959,-10.515689639376918,-8.651808994846858,-10.758217789786293,-10.90465021654776,-10.701580869178184,-10.969632844719268,True
2021-03-08,True,359,360,2.0555919400932372e-05,ok,True,240,240,2.2303552957992362e-05,ok,True,1379,1440,0.00011803287568758908,ok,48.0,1700.491,1685.647,0.008734796193973233,275.0,1713.8,1676.715,0.02171551070682716,71.0,1713.8,1703.677,0.005927628822575493,-10.90465021654776,-8.840502648250638,-10.792361609792923,-10.710764566718646,-10.759487179110277,-11.001916495134703,True
2021-03-09,True,360,360,1.6069569768029894e-05,ok,True,240,240,2.0481588190942773e-05,ok,True,1380,1440,9.915432863982607e-05,ok,48.0,1711.455,1694.837,0.009790322262319684,276.0,1720.483,1680.034,0.02400911716085903,72.0,1691.457,1680.034,0.006780294823815022,-10.710764566718646,-9.044547364780536,-11.038583150942257,-10.79598421241381,-10.701575527126638,-10.980701950901294,True
2021-03-10,True,360,360,1.545528029852286e-05,ok,True,240,240,1.7072338262125607e-05,ok,True,1374,1440,0.00012488188424011713,ok,48.0,1715.318,1708.022,0.004253360612516603,272.0,1726.864,1708.022,0.010980695201205473,72.0,1719.298,1710.739,0.004987993324865557,-10.79598421241381,-9.21883304646453,-11.077559846114838,-10.978051049746576,-10.79171846692345,-10.957688120594982,True
2021-03-11,True,359,360,1.4496269842977263e-05,ok,True,240,240,1.2167677141109767e-05,ok,True,1379,1440,9.136391003060506e-05,ok,48.0,1739.668,1731.305,0.004815288237868116,275.0,1739.668,1719.072,0.011927167604617523,71.0,1735.636,1723.064,0.007280459852653436,-10.978051049746576,-8.98814219346512,-11.141619193841235,-11.316727536798668,-10.7677755539333,-10.939467376739234,True
2021-03-12,True,360,360,1.157034136075436e-05,ok,True,240,240,1.7115626892277107e-05,ok,True,1319,1440,9.259580415386554e-05,ok,48.0,1711.145,1698.972,0.007117185960673939,263.0,1728.798,1698.972,0.017314122509636386,72.0,1727.769,1715.94,0.006866785863558231,-11.316727536798668,-9.300660014914099,-11.367065513239353,-10.975518658415874,-10.920729037059115,-10.925162421222463,True
2021-03-15,True,360,360,1.982301188660839e-05,ok,True,240,240,1.0755320267376189e-05,ok,True,1377,1440,6.474745335153688e-05,ok,48.0,1732.404,1722.531,0.00573074551061131,273.0,1734.377,1721.316,0.0075697950052450854,72.0,1733.784,1721.316,0.007226108577091866,-10.975518658415874,-9.28726672885207,-10.828667078619171,-11.440110017224335,-10.934731513997255,-10.911159311218993,True
2021-03-16,True,357,360,7.219835055459431e-06,ok,True,240,240,8.805687345405845e-06,ok,True,1374,1440,5.90855232207082e-05,ok,48.0,1735.431,1728.656,0.003915823945711416,270.0,1740.991,1725.943,0.008694521723304129,69.0,1737.096,1729.369,0.004464551392608437,-11.440110017224335,-9.645016188636285,-11.838678450824736,-11.640112755984408,-11.073477043257375,-10.898611461129153,True
2021-03-17,True,360,360,7.89535707685077e-06,ok,True,240,240,8.947711848341477e-06,ok,True,1378,1440,9.272295412000896e-05,ok,48.0,1736.964,1727.719,0.005327194622673791,274.0,1751.48,1723.058,0.01641291574391418,72.0,1737.39,1729.387,0.004621510263125312,-11.640112755984408,-9.736524617522672,-11.74923568305261,-11.624112717767133,-11.236557406654487,-10.901543552163513,True
2021-03-18,True,360,360,1.2573799024188485e-05,ok,True,240,240,1.78205221271098e-05,ok,True,1380,1440,0.00011559759749183198,ok,48.0,1740.655,1727.516,0.007552775008184172,276.0,1755.277,1719.029,0.020730906282268747,72.0,1755.277,1747.31,0.004556475677301835,-11.624112717767133,-9.285894498784483,-11.283895351574081,-10.935159836288571,-11.36809770606825,-10.943846097178703,True
2021-03-19,True,360,360,1.2695040795365878e-05,ok,True,240,240,1.6547725339391383e-05,ok,False,1259,1440,,insufficient_minutes,48.0,1744.499,1734.779,0.005580610250065324,,,,,72.0,1735.553,1728.216,0.004228173860526863,-10.935159836288571,-9.065395384884596,-11.274299129314105,-11.0092619073158,-11.274777154520194,-10.945054335566875,True
2021-03-22,True,360,360,1.036256401406607e-05,ok,True,240,240,9.74521631479598e-06,ok,True,1371,1440,4.963843878334866e-05,ok,48.0,1738.883,1727.914,0.006342924435698625,267.0,1742.859,1726.98,0.009135102172312169,72.0,1742.859,1732.311,0.006068206921944036,-11.0092619073158,-9.065395384884596,-11.477310860048737,-11.538734027734849,-11.283768559324642,-10.92887846849126,True
2021-03-23,True,360,360,9.268959778442049e-06,ok,True,240,240,1.0439036669211275e-05,ok,True,1377,1440,6.222132255733528e-05,ok,48.0,1742.442,1736.158,0.003616295196496559,273.0,1742.442,1724.597,0.010259373284235537,72.0,1740.38,1730.979,0.005404783874760371,-11.538734027734849,-9.910745048901086,-11.588839398443243,-11.469958252831256,-11.299963765631414,-10.936207287175167,True
2021-03-24,True,359,360,1.1804935463225905e-05,ok,True,240,240,5.924260266789337e-06,ok,True,1373,1440,4.1692037742934856e-05,ok,48.0,1735.823,1728.029,0.0045077806063063795,269.0,1738.467,1723.683,0.00855946378294262,71.0,1734.347,1723.683,0.00617411538022858,-11.469958252831256,-9.684812810575798,-11.346992854343402,-12.036454728224458,-11.273905221216342,-10.956612116993712,True
2021-03-25,True,360,360,7.690911789089822e-06,ok,True,240,240,5.1628095395377074e-06,ok,True,1379,1440,9.06477544779301e-05,ok,48.0,1733.937,1727.59,0.0036620124624971036,275.0,1745.4,1721.676,0.013676218805665658,72.0,1738.957,1731.87,0.004085456191019846,-12.036454728224458,-10.085200388807582,-11.775471213323247,-12.17402964224212,-11.32268929952995,-10.982395806069919,True
2021-03-26,True,359,360,7.80800768075013e-06,ok,True,240,240,1.1795829154953252e-05,ok,False,1259,1440,,insufficient_minutes,48.0,1731.974,1721.514,0.0060549927641100065,,,,,71.0,1729.699,1723.098,0.0038214926978575453,-12.17402964224212,-9.30852939241132,-11.760360725151337,-11.347764550419514,-11.557524413841806,-11.06118669292811,True
2021-03-29,True,359,360,7.545127127051026e-06,ok,True,240,240,6.465254141209915e-06,ok,True,1376,1440,7.59142341270897e-05,ok,48.0,1728.087,1723.715,0.0025340637990555054,272.0,1732.779,1705.598,0.015701436443726628,71.0,1732.779,1726.148,0.0038304780934605956,-11.347764550419514,-9.30852939241132,-11.794608616708008,-11.949068236194458,-11.662187899702033,-11.103138137470834,True
2021-03-30,True,360,360,1.0226845186035383e-05,ok,True,240,240,1.4989311365225612e-05,ok,True,1379,1440,8.594907257729434e-05,ok,48.0,1705.019,1692.859,0.007139659310253768,275.0,1714.275,1678.605,0.020837641648644805,72.0,1714.275,1704.499,0.005710927523329201,-11.949068236194458,-9.485906353239404,-11.490494414024079,-11.10817318651639,-11.741403474950275,-11.135195333095123,True
2021-03-31,True,360,360,1.709995380078474e-05,ok,True,240,240,9.930962810422641e-06,ok,True,1379,1440,8.519734514078389e-05,ok,48.0,1689.009,1682.528,0.003842664785158215,275.0,1715.126,1677.788,0.02215105765990667,72.0,1686.314,1677.788,0.00505811552864015,-11.10817318651639,-9.361755616451987,-10.976434796167805,-11.519853124846898,-11.633118451703728,-11.188670242708719,True
2021-04-01,True,359,360,8.242061877382255e-06,ok,True,240,240,1.0356075817851785e-05,ok,False,1257,1440,,insufficient_minutes,48.0,1719.876,1712.892,0.004071257499167078,,,,,71.0,1714.931,1705.678,0.005418794073819828,-11.519853124846898,-9.370540284933934,-11.706260017507006,-11.47793717494962,-11.546602896700264,-11.205621615778021,True
2021-04-02,False,0,360,,insufficient_minutes,False,0,240,,insufficient_minutes,False,0,1440,,insufficient_minutes,,,,,,,,,,,,,-11.47793717494962,-9.370540284933934,,,-11.444567373506445,-11.26919878738586,False
2021-04-05,True,359,360,4.753750076842435e-06,ok,True,240,240,9.850836873440015e-06,ok,True,1371,1440,5.2156326328306276e-05,ok,48.0,1728.398,1723.108,0.003064774501539608,268.0,1733.46,1721.196,0.007096807420399689,71.0,1729.781,1722.136,0.004423931240130051,-11.47793717494962,,-12.256576761539348,-11.527954144618764,-11.444567373506445,-11.26919878738586,False
2021-04-06,True,360,360,1.0171972958540664e-05,ok,True,239,240,7.424930468897893e-06,ok,True,1374,1440,5.729519665246807e-05,ok,47.0,1734.34,1727.695,0.003840857300157641,271.0,1745.318,1727.446,0.010334279717125732,72.0,1737.55,1727.446,0.0058425225079363485,-11.527954144618764,-9.861265073648593,-11.495874368829025,-11.810667237777555,-11.481573300731988,-11.303161651172807,True
2021-04-07,True,359,360,6.011876602815058e-06,ok,True,240,240,8.448300262836424e-06,ok,True,1373,1440,4.7294814007798265e-05,ok,48.0,1741.877,1735.706,0.003543771696341691,269.0,1743.333,1730.562,0.007325782498085628,71.0,1743.333,1735.722,0.004365870377646987,-11.810667237777555,-9.767293765812006,-12.021773611431385,-11.681545289156086,-11.463143082053845,-11.365373419021216,True
2021-04-08,True,357,360,7.570182152455378e-06,ok,True,240,240,7.760621023812352e-06,ok,True,1373,1440,4.690735524050817e-05,ok,48.0,1747.567,1741.535,0.0034601232554183742,270.0,1758.57,1733.047,0.014694951507178153,70.0,1745.298,1733.047,0.007053553693313475,-11.681545289156086,-9.959109908904436,-11.79129342839287,-11.766448198129487,-11.59606566319361,-11.4186820680296,True
2021-04-09,True,358,360,6.9983457229375435e-06,ok,True,240,240,7.081525579140332e-06,ok,False,1257,1440,,insufficient_minutes,48.0,1748.729,1743.397,0.0030487735147807804,,,,,70.0,1757.262,1749.282,0.004548730844242744,-11.766448198129487,-9.967336066652466,-11.86983676213282,-11.858021196190833,-11.644384390710858,-11.461977080624829,True
2021-04-12,True,360,360,9.484852932918968e-06,ok,True,240,240,7.104819855837698e-06,ok,True,1376,1440,4.653810904622472e-05,ok,48.0,1743.24,1737.012,0.0035774599345166666,272.0,1744.927,1727.34,0.010097199974738335,72.0,1743.263,1735.146,0.00466020197844719,-11.858021196190833,-9.967336066652466,-11.565814459924814,-11.854737151298544,-11.722012912591397,-11.486441462228832,True
2021-04-13,True,360,360,1.0561671764385478e-05,ok,True,240,240,7.900772242520658e-06,ok,True,1375,1440,6.873954472877548e-05,ok,48.0,1730.101,1723.631,0.0037517566426243203,271.0,1748.856,1723.631,0.014564066737778904,72.0,1736.298,1724.917,0.006571006681572391,-11.854737151298544,-9.975239031637006,-11.458278981194674,-11.74855005105093,-11.792105193259797,-11.536415421050062,True
2021-04-14,True,360,360,8.844859892208714e-06,ok,True,240,240,6.085437512414879e-06,ok,True,1371,1440,5.255700852118857e-05,ok,48.0,1749.08,1741.695,0.004226633399217681,269.0,1749.234,1732.515,0.00957204338135471,72.0,1749.234,1740.734,0.004866461435583223,-11.74855005105093,-9.58518590965478,-11.635674070816174,-12.009611933959125,-11.779602000861757,-11.551135202288835,True
2021-04-15,True,360,360,1.1351467199343164e-05,ok,True,240,240,4.023620777882077e-06,ok,True,1377,1440,5.5340035236650425e-05,ok,48.0,1749.086,1744.216,0.0027894633891522623,273.0,1769.512,1734.305,0.02027194123687797,72.0,1742.91,1734.305,0.004954698052754733,-12.009611933959125,-9.85361210091017,-11.38616355372674,-12.423328369696659,-11.843287473131964,-11.565367001421027,True
2021-04-16,True,359,360,5.918142208860357e-06,ok,True,240,240,1.4558640240248403e-05,ok,False,1259,1440,,insufficient_minutes,48.0,1778.767,1761.462,0.009817242152021207,,,,,71.0,1766.186,1759.72,0.003665480931392636,-12.423328369696659,-9.802013946875476,-12.037487974389812,-11.13732590964969,-11.953100783664501,-11.59165558202509,True
2021-04-19,True,360,360,1.6328304359268223e-05,ok,True,240,240,1.161375526389752e-05,ok,True,1372,1440,7.681074397525485e-05,ok,48.0,1789.947,1777.652,0.006907794289875008,268.0,1789.947,1766.65,0.013112006431901397,72.0,1783.491,1773.06,0.005870770446459423,-11.13732590964969,-9.802013946875476,-11.02261049230291,-11.363320363743977,-11.744270289251709,-11.609458467707555,True
2021-04-20,True,360,360,1.814763834571681e-05,ok,True,240,240,2.5486983703724346e-05,ok,True,1368,1440,8.640916933434862e-05,ok,48.0,1774.192,1763.484,0.006048743563889478,265.0,1780.342,1763.484,0.009512255676432185,72.0,1775.515,1765.513,0.005643705141515924,-11.363320363743977,-9.474166032083982,-10.916970124412874,-10.577342679111469,-11.636625888049561,-11.637004437490871,True
2021-04-21,True,360,360,1.4706236590740972e-05,ok,True,240,240,1.0249398993033536e-05,ok,True,1369,1440,5.814120215401232e-05,ok,48.0,1788.312,1777.576,0.006004155260207022,267.0,1797.54,1776.44,0.011874145314777351,72.0,1785.649,1776.44,0.005182417260842801,-10.577342679111469,-9.356416761230328,-11.127238896277973,-11.488291488924942,-11.30155595649104,-11.551646628356034,True
2021-04-22,True,357,360,7.040420534047081e-06,ok,True,240,240,7.661514199694026e-06,ok,True,1372,1440,5.683215397044734e-05,ok,48.0,1793.587,1783.672,0.00553340272177558,269.0,1797.73,1777.228,0.011430323641736097,69.0,1797.73,1790.085,0.00426225852312323,-11.488291488924942,-9.75263598616371,-11.863842654628515,-11.779300917546875,-11.236318511179713,-11.55263273782737,True
2021-04-23,True,360,360,6.133709341957582e-06,ok,True,240,240,7.1709419584012795e-06,ok,False,1255,1440,,insufficient_minutes,48.0,1788.248,1781.44,0.003813769511747308,,,,,72.0,1789.608,1782.575,0.003943988963784559,-11.779300917546875,-9.775408301377249,-12.001710878142612,-11.845473537030314,-11.182610827502018,-11.543635220197231,True
2021-04-26,True,359,360,9.507659989842907e-06,ok,True,240,240,9.240153694539825e-06,ok,True,1370,1440,6.027963737362826e-05,ok,48.0,1782.169,1775.667,0.003660592889937412,268.0,1783.38,1768.495,0.008385761950837643,71.0,1783.38,1774.751,0.004861319440630035,-11.845473537030314,-9.775408301377249,-11.563412769534553,-11.591952038840812,-11.29487334713413,-11.533334661740714,True
2021-04-27,True,358,360,9.380494391322538e-06,ok,True,240,240,6.8719657692186e-06,ok,True,1358,1440,4.903502394496986e-05,ok,48.0,1781.881,1775.895,0.0033622640068122094,259.0,1785.388,1773.627,0.006606876522022435,70.0,1783.973,1773.627,0.005811984057209789,-11.591952038840812,-9.71651619992367,-11.57687808937108,-11.888060354491088,-11.333792443667138,-11.546462306686374,True
2021-04-28,True,358,360,1.3282679496462114e-05,ok,True,240,240,8.883822976413914e-06,ok,True,1376,1440,6.654199717302415e-05,ok,48.0,1770.512,1763.243,0.00411042563177508,272.0,1783.88,1762.425,0.012083035317042488,70.0,1775.472,1766.294,0.005168869640634526,-11.888060354491088,-9.922975740796058,-11.22904966495677,-11.631278578243418,-11.706656471949534,-11.54436160097342,True
2021-04-29,False,354,360,,insufficient_complete_m5,True,240,240,9.717453560917225e-06,ok,True,1364,1440,6.502602008623973e-05,ok,48.0,1781.463,1772.018,0.005310431103551965,267.0,1789.873,1755.815,0.01909144391306772,,,,,-11.631278578243418,-9.617677273201227,,-11.541586953144009,-11.740368279931563,-11.57637082369839,False
2021-04-30,True,360,360,8.980739775546565e-06,ok,True,240,240,6.913939680566519e-06,ok,False,1256,1440,,insufficient_minutes,48.0,1772.515,1766.467,0.0034129375048142572,,,,,72.0,1773.101,1765.301,0.004398689303374601,-11.541586953144009,-9.640723059151844,-11.620428298692843,-11.881970940748412,-11.690036509065523,-11.57750894298649,True
2021-05-03,False,348,360,,insufficient_minutes,True,240,240,9.619778515400707e-06,ok,True,1365,1440,4.985470137324621e-05,ok,48.0,1782.613,1774.382,0.004624508038531009,262.0,1797.66,1766.689,0.01750535048994464,,,,,-11.881970940748412,-9.640723059151844,,-11.55168931689882,-11.696191411199793,-11.59603844348585,False
2021-05-04,False,343,360,,insufficient_minutes,True,240,240,7.822347325347205e-06,ok,True,1362,1440,0.0001622500320801717,ok,48.0,1790.443,1781.484,0.0050152264940997665,270.0,1798.989,1770.723,0.015768157982818297,,,,,-11.55168931689882,-9.90639775560726,,-11.758525878967161,-11.687113139595679,-11.597294646836986,False
2021-05-05,True,359,360,5.098327965967676e-06,ok,True,240,240,6.065036798319034e-06,ok,True,1375,1440,4.717194438304776e-05,ok,48.0,1780.029,1774.164,0.0033020487903748,271.0,1787.859,1770.244,0.00990346441344814,71.0,1783.243,1776.657,0.0037027656330950636,-11.758525878967161,-8.726372004659467,-12.186597921798752,-12.012969948262835,-11.664740892255061,-11.595134972307038,True
2021-05-06,True,359,360,9.58123881354074e-06,ok,True,240,240,7.106078666286792e-06,ok,True,1375,1440,8.313643311803106e-05,ok,48.0,1795.722,1790.557,0.002879729076872577,271.0,1817.919,1781.871,0.02019069361821061,71.0,1792.305,1781.871,0.005844143841888839,-12.012969948262835,-9.961711240761927,-11.555703661863486,-11.854559990023283,-11.732611104743873,-11.60815673469572,True
2021-05-07,True,359,360,9.290120979122574e-06,ok,True,240,240,6.449886331743744e-06,ok,False,1258,1440,,insufficient_minutes,48.0,1823.044,1817.545,0.003024777432157044,,,,,71.0,1822.219,1812.765,0.005209389464403764,-11.854559990023283,-9.395027527176643,-11.586558982712816,-11.951448050297346,-11.799882973690512,-11.61176292810467,True
2021-05-10,True,360,360,1.4189804062700518e-05,ok,True,240,240,5.779846858373465e-06,ok,True,1379,1440,6.246951668475022e-05,ok,48.0,1840.069,1833.463,0.0035990869891043956,275.0,1845.367,1829.879,0.008433479082380006,72.0,1839.018,1829.879,0.004976340736949357,-11.951448050297346,-9.395027527176643,-11.16298687501306,-12.061133370722086,-11.812325859224694,-11.615255310715462,True
2021-05-11,True,360,360,8.921658055740346e-06,ok,True,240,240,7.4900719737657e-06,ok,True,1376,1440,6.6538737002082e-05,ok,48.0,1841.326,1832.577,0.004771364179865554,272.0,1841.662,1817.795,0.012997717353153465,72.0,1838.29,1831.206,0.0038578719457719895,-12.061133370722086,-9.680831853246366,-11.62702874795765,-11.801932151166802,-11.921700164336553,-11.62262105757213,True
2021-05-12,True,359,360,1.1020327185547486e-05,ok,True,240,240,4.9073399674380366e-06,ok,True,1379,1440,0.00011713571220806884,ok,48.0,1835.571,1830.039,0.0030154615994701277,275.0,1843.507,1813.146,0.016539600306157802,71.0,1836.718,1825.873,0.005907972903405066,-11.801932151166802,-9.617726268586818,-11.415769064521676,-12.22477852112108,-11.931751819452371,-11.624915268099066,True
2021-05-13,True,360,360,1.2564963202292037e-05,ok,True,240,240,1.1394580097717629e-05,ok,True,1378,1440,7.21565761070129e-05,ok,48.0,1822.159,1808.644,0.007419057343302318,274.0,1828.601,1808.644,0.01097965213037827,72.0,1822.831,1813.162,0.005319549854618705,-12.22477852112108,-9.052177361967212,-11.284598315560986,-11.382372745641282,-11.96758426903118,-11.631525587290453,True
2021-05-14,True,359,360,8.961436439892716e-06,ok,True,240,240,6.159233837340257e-06,ok,False,1257,1440,,insufficient_minutes,48.0,1837.234,1831.504,0.003122717909032458,,,,,71.0,1826.742,1819.589,0.003918968894245926,-11.382372745641282,-9.536672131963497,-11.622580026874513,-11.997558165209465,-11.840826235377833,-11.590867890000782,True
2021-05-17,True,359,360,1.203950628250278e-05,ok,True,239,240,4.564316692312997e-06,ok,True,1365,1440,4.298272725325141e-05,ok,47.0,1854.351,1848.391,0.0032156335904221793,263.0,1868.885,1843.442,0.01377359614124932,71.0,1855.28,1843.442,0.006408514370165039,-11.997558165209465,-9.536672131963497,-11.327317125361033,-12.297241739170845,-11.848927775454243,-11.637332156463673,True
2021-05-18,True,359,360,9.517454190889716e-06,ok,True,240,240,3.925943701749435e-06,ok,True,1356,1440,5.082284590007585e-05,ok,48.0,1870.585,1867.158,0.001832007529032473,256.0,1874.831,1863.001,0.006329571081939282,71.0,1873.587,1866.652,0.0037105304694208655,-12.297241739170845,-10.05471221475532,-11.56238316184663,-12.447903802062685,-11.88353873857583,-11.678067292432635,True
2021-05-19,True,360,360,1.0899096820613132e-05,ok,True,240,240,1.775055124273251e-05,ok,True,1378,1440,0.00018747869238532207,ok,48.0,1872.885,1854.736,0.009689052369143813,274.0,1889.878,1851.993,0.02025648771698128,72.0,1872.243,1864.327,0.004232555279599383,-12.447903802062685,-9.887164582032229,-11.426830632656504,-10.939093986596482,-11.992529776138678,-11.81407345327834,True
2021-05-20,True,359,360,1.8378811137008204e-05,ok,True,240,240,1.2747852958285101e-05,ok,True,1376,1440,6.740334386304527e-05,ok,48.0,1876.249,1865.099,0.005958902279346974,272.0,1883.761,1863.647,0.010779553469029032,71.0,1878.894,1863.647,0.008171216652196786,-10.939093986596482,-8.581845359623008,-10.904312125554835,-11.27014769596856,-11.645437364383682,-11.76463051622399,True
2021-05-21,True,358,360,7.066451696002376e-06,ok,True,240,240,5.34367277140005e-06,ok,False,1256,1440,,insufficient_minutes,48.0,1880.044,1872.836,0.003847201825179201,,,,,70.0,1876.892,1870.297,0.0035192102454642622,-11.27014769596856,-9.604815929065303,-11.860152085794148,-12.139597356501437,-11.615004737965975,-11.73244345528779,True
2021-05-24,True,356,360,7.952898856669273e-06,ok,True,240,240,1.1001807823226542e-05,ok,True,1363,1440,4.73108863848809e-05,ok,48.0,1882.974,1874.97,0.004253169884220099,261.0,1886.794,1874.97,0.006277374587888058,69.0,1886.794,1879.529,0.00385699648012577,-12.139597356501437,-9.604815929065303,-11.741974059702578,-11.417450951103437,-11.633234096514823,-11.743887794547891,True
2021-05-25,True,358,360,8.812180664645851e-06,ok,True,240,240,9.137022916250577e-06,ok,True,1375,1440,7.076450924010369e-05,ok,48.0,1887.033,1879.761,0.0038580695168738467,272.0,1900.022,1872.523,0.014646955586152545,71.0,1879.826,1872.523,0.0038898402358512516,-11.417450951103437,-9.958770132819685,-11.639375627118381,-11.603175945879295,-11.497646219475234,-11.732852148776862,True
2021-05-26,True,360,360,1.0973146725073522e-05,ok,True,240,240,9.176893813958036e-06,ok,True,1373,1440,8.314654596018902e-05,ok,48.0,1910.052,1903.535,0.003419534424904739,270.0,1912.48,1890.511,0.011573349109346287,72.0,1907.611,1896.886,0.005649969010776104,-11.603175945879295,-9.556152964867824,-11.420059476581097,-11.598821775082644,-11.399937771510501,-11.718839643688312,True
2021-05-27,True,358,360,9.762515853414073e-06,ok,True,240,240,7.840490282944746e-06,ok,True,1369,1440,6.12940916511931e-05,ok,48.0,1902.192,1893.972,0.004322698373466429,267.0,1903.372,1888.004,0.008104929514326635,70.0,1901.978,1892.075,0.00522274316634409,-11.598821775082644,-9.394905893053577,-11.536960418890537,-11.756209189467366,-11.566173293834964,-11.71704085833962,True
2021-05-28,True,359,360,6.453125250090756e-06,ok,True,240,240,4.75506437730559e-06,ok,False,1259,1440,,insufficient_minutes,48.0,1894.514,1888.47,0.003198501297869625,,,,,71.0,1897.952,1889.292,0.004562371864390125,-11.756209189467366,-9.699827103824079,-11.95094600960793,-12.256300323193042,-11.675447038994324,-11.728617521165203,True
2021-05-31,True,359,360,7.783615377307847e-06,ok,True,240,240,3.5022217885400614e-06,ok,False,1133,1440,,insufficient_minutes,48.0,1906.785,1902.441,0.0022801348239942466,,,,,71.0,1910.356,1902.249,0.004257956422518256,-12.256300323193042,-9.699827103824079,-11.763489626260805,-12.562112994141389,-11.689393486052344,-11.7421008151133,True
2021-06-01,True,359,360,5.882546051519028e-06,ok,True,240,240,1.0373459375279143e-05,ok,True,1361,1440,4.777466158750074e-05,ok,48.0,1915.251,1903.785,0.005986435757806694,261.0,1916.412,1891.84,0.01287729310620419,71.0,1914.282,1906.029,0.004325097672371063,-12.562112994141389,,-12.043520887813015,-11.476259996822828,-11.886552045783896,-11.78132622098448,False
2021-06-02,True,358,360,9.57700907644085e-06,ok,True,240,240,5.980256796587536e-06,ok,True,1355,1440,3.982226094132012e-05,ok,48.0,1900.63,1894.745,0.0031013593808876254,260.0,1909.42,1893.73,0.008262613123810205,70.0,1902.129,1893.765,0.004404620533304443,-11.476259996822828,-9.949015151327165,-11.556145219692041,-12.027047048350573,-11.85125178948584,-11.764781217973267,True
2021-06-03,False,355,360,,insufficient_complete_m5,True,240,240,1.072142800645852e-05,ok,True,1358,1440,6.187030582186789e-05,ok,48.0,1898.078,1890.31,0.004093699770757043,257.0,1909.456,1864.445,0.023590856322245703,,,,,-12.027047048350573,-10.131084481901416,,-11.443266201635526,-11.945202030751211,-11.765326676114942,False
2021-06-04,True,360,360,2.575313693023465e-05,ok,True,240,240,7.00065710454914e-06,ok,False,1251,1440,,insufficient_minutes,48.0,1874.915,1868.017,0.0036829502043561704,,,,,72.0,1871.871,1853.54,0.009797460709408701,-11.443266201635526,-9.690470205458519,-10.566954115740907,-11.86950654123622,-11.860147221578035,-11.742326417967499,True
2021-06-07,True,359,360,8.758019570677738e-06,ok,True,240,240,8.40418864598021e-06,ok,True,1357,1440,3.442395880918027e-05,ok,48.0,1886.909,1880.825,0.003228648149524013,258.0,1899.924,1880.305,0.010383225103070095,71.0,1891.635,1881.105,0.005572932378578332,-11.86950654123622,-9.690470205458519,-11.645540754981749,-11.686780328067794,-11.798529083666553,-11.738868478711533,True
2021-06-08,False,356,360,,insufficient_complete_m5,True,240,240,6.6847779975755306e-06,ok,True,1361,1440,6.339684057226182e-05,ok,48.0,1898.086,1889.388,0.00458623444210398,261.0,1903.305,1882.56,0.010925695265532113,,,,,-11.686780328067794,-10.276757759001423,,-11.915677557000613,-11.675915330544413,-11.722554166096886,False
2021-06-09,False,351,360,,insufficient_minutes,True,239,240,6.552895060326028e-06,ok,False,1327,1440,,insufficient_complete_m5,47.0,1893.462,1886.725,0.003561808237573762,,,,,,,,,-11.915677557000613,-9.666096531007893,,-11.935603612024758,-11.766752255275966,-11.727532058787649,False
2021-06-10,True,357,360,7.081380273203953e-06,ok,True,240,240,7.146513152417521e-06,ok,True,1357,1440,6.694089949981389e-05,ok,48.0,1885.121,1874.285,0.005751851861681664,262.0,1899.722,1868.565,0.016496007962896252,70.0,1889.169,1882.404,0.0035817149876109723,-11.935603612024758,-9.666096531007893,-11.85804171541731,-11.848885991199086,-11.752098128472968,-11.717386407577186,True
2021-06-11,False,354,360,,insufficient_complete_m5,True,240,240,7.718610687618971e-06,ok,False,1252,1440,,insufficient_minutes,48.0,1902.886,1888.756,0.0074326583010247025,,,,,,,,,-11.848885991199086,-9.611700424867522,,-11.771876172866483,-11.84730699374124,-11.743790951676875,False
2021-06-14,True,360,360,1.7272293909722955e-05,ok,True,240,240,8.843682824028548e-06,ok,True,1363,1440,7.914530776225794e-05,ok,48.0,1862.439,1852.638,0.005265660383440736,262.0,1873.69,1844.324,0.015672519800792584,72.0,1873.69,1860.21,0.007194223486844801,-11.771876172866483,-9.611700424867522,-10.966406848353996,-11.635807159019175,-11.827444843356771,-11.734017215196806,True
2021-06-15,True,359,360,1.1853640124923884e-05,ok,True,240,240,6.671390630819756e-06,ok,True,1377,1440,5.018590312258549e-05,ok,48.0,1867.956,1862.128,0.003121894778004234,273.0,1868.98,1851.493,0.009367115729705161,71.0,1867.713,1858.535,0.004916302863111597,-11.635807159019175,-9.44422505624663,-11.342875554016457,-11.917682229390065,-11.815478098937449,-11.707675994470735,True
2021-06-16,True,358,360,6.097682459542528e-06,ok,True,239,240,5.072310721735724e-06,ok,True,1377,1440,0.00019842946603413077,ok,47.0,1860.937,1854.912,0.0032383062878770246,273.0,1862.827,1802.606,0.03241190749142891,70.0,1860.835,1853.06,0.00418462962663959,-11.917682229390065,-9.899776384993432,-12.007601783639828,-12.191714080533929,-11.815840509452993,-11.691134858770015,True
2021-06-17,True,360,360,1.480118502703375e-05,ok,True,240,240,2.617976362566904e-05,ok,True,1378,1440,0.00018148414553435745,ok,48.0,1815.245,1795.173,0.011057216910843139,274.0,1825.176,1767.101,0.031927233944298354,72.0,1825.176,1814.417,0.0059148533793664665,-12.191714080533929,-8.525076855824064,-11.120803311005416,-10.550523826336534,-11.85675447192218,-11.769915411709999,True
2021-06-18,True,360,360,1.4335144329717666e-05,ok,True,240,240,1.710011138299651e-05,ok,False,1260,1440,,insufficient_minutes,48.0,1797.158,1783.534,0.007637820216341255,,,,,72.0,1787.044,1775.989,0.006221684441567979,-10.550523826336534,-8.614342260502596,-11.152796390335178,-10.976425580851346,-11.427009114989573,-11.686641505247776,True
2021-06-21,True,360,360,1.840842918449177e-05,ok,True,240,240,2.3628639476482497e-05,ok,True,1374,1440,8.759803394604262e-05,ok,48.0,1785.83,1774.06,0.006617953208203215,272.0,1787.618,1766.371,0.012008161050763456,72.0,1776.748,1766.371,0.0058647661892866155,-10.976425580851346,-8.614342260502596,-10.902701890395887,-10.653051044534642,-11.26814161614192,-11.619044340252996,True
2021-06-22,True,359,360,9.4353055976505e-06,ok,True,240,240,1.2346817374581395e-05,ok,True,1377,1440,5.3025489364999825e-05,ok,48.0,1786.359,1776.362,0.005606040639168175,274.0,1790.07,1772.21,0.010013455931823224,71.0,1790.07,1779.251,0.00606582193316885,-10.653051044534642,-9.342752003812114,-11.571051989880223,-11.302112230564319,-11.059912667893576,-11.551196659987445,True
2021-06-23,True,360,360,7.284284207967756e-06,ok,True,240,240,6.851524350600364e-06,ok,True,1378,1440,6.138895238525778e-05,ok,48.0,1785.427,1779.052,0.0035758558214932777,275.0,1794.855,1773.182,0.012191695325185473,72.0,1783.831,1777.165,0.003749819639075607,-11.302112230564319,-9.844737828607508,-11.829791378742614,-11.89103939751256,-10.990238751886956,-11.534659072467395,True
2021-06-24,False,356,360,,insufficient_complete_m5,True,240,240,9.99036002501472e-06,ok,True,1369,1440,4.5287903417298966e-05,ok,48.0,1783.355,1775.064,0.004665689372346289,265.0,1787.904,1772.724,0.008540684998945109,,,,,-11.89103939751256,-9.69828066757913,,-11.513889927413173,-10.969359431353055,-11.54661253794554,False
2021-06-25,True,358,360,7.1515703894355286e-06,ok,True,238,240,4.596076310531873e-06,ok,False,1253,1440,,insufficient_minutes,46.0,1784.877,1779.434,0.003057942476073824,,,,,70.0,1780.71,1773.632,0.003987042955346287,-11.513889927413173,-10.002470593865581,-11.84817859048848,-12.290307594431559,-11.177633172642771,-11.53555625338326,True
2021-06-28,True,359,360,1.4960940968852432e-05,ok,True,240,240,1.1573726746306712e-05,ok,True,1349,1440,5.2748153750144124e-05,ok,48.0,1784.519,1774.025,0.005887123082330196,256.0,1785.695,1770.617,0.008461229605549448,71.0,1785.629,1770.617,0.008424192786742809,-12.290307594431559,-10.002470593865581,-11.11006768840854,-11.36677296436153,-11.374670439385625,-11.536369719727391,True
2021-06-29,True,357,360,6.273077772683099e-06,ok,True,240,240,1.560573794872065e-05,ok,True,1352,1440,9.724552628416223e-05,ok,48.0,1776.668,1767.479,0.005172530256121503,256.0,1778.871,1750.564,0.015919443913302675,69.0,1778.871,1773.72,0.0028968472673693117,-11.36677296436153,-9.84998178621788,-11.979243450921883,-11.067871894111272,-11.610350774330032,-11.49588552147323,True
2021-06-30,True,359,360,8.175555353663066e-06,ok,True,240,240,8.941169855299022e-06,ok,True,1362,1440,6.584716212758834e-05,ok,48.0,1760.32,1753.273,0.004003692919536979,262.0,1774.283,1753.273,0.01192750393846066,71.0,1764.553,1756.497,0.00457343987283387,-11.067871894111272,-9.238271578743264,-11.714361910318516,-11.62484412104236,-11.540966456816776,-11.470491320091774,True
2021-07-01,True,357,360,9.514986219340232e-06,ok,True,240,240,7.669679941311246e-06,ok,True,1363,1440,6.55636788823217e-05,ok,48.0,1778.345,1772.848,0.0030919021075782095,262.0,1782.718,1765.542,0.009713283945032042,70.0,1777.216,1765.542,0.00660182095798223,-11.62484412104236,-9.62817422671597,-11.562642505526172,-11.778235672098376,-11.498883104321008,-11.456401559952011,True
2021-07-02,False,356,360,,insufficient_complete_m5,True,240,240,1.1380440291508582e-05,ok,False,1251,1440,,insufficient_minutes,48.0,1787.961,1774.188,0.007755678938655024,,,,,,,,,-11.778235672098376,-9.632488690923516,,-11.383614440075283,-11.545729877988151,-11.470926720551484,False
2021-07-05,False,356,360,,insufficient_complete_m5,True,240,240,7.962295660908431e-06,ok,False,1131,1440,,insufficient_minutes,48.0,1794.45,1788.919,0.00308902087923439,,,,,,,,,-11.383614440075283,-9.632488690923516,,-11.740793200075544,-11.414515462164548,-11.450145909987345,False
2021-07-06,True,359,360,7.881372184216326e-06,ok,True,240,240,1.102252373255299e-05,ok,True,1373,1440,6.221882552509209e-05,ok,48.0,1809.249,1802.308,0.0038454080586811327,269.0,1814.907,1789.97,0.013921209538013074,71.0,1804.233,1790.855,0.007468337859387203,-11.740793200075544,,-11.751008534201402,-11.415569766615889,-11.482215409214268,-11.45222308587366,False
2021-07-07,True,358,360,1.0886730552572239e-05,ok,True,240,240,6.060256877500188e-06,ok,True,1370,1440,5.436480047091504e-05,ok,48.0,1808.311,1800.739,0.004199224707324181,266.0,1809.765,1793.819,0.008880498100934575,70.0,1802.865,1793.819,0.0050378142368652885,-11.415569766615889,-9.684852942836681,-11.427965890836717,-12.013758369755006,-11.575309306823629,-11.432017271324993,True
2021-07-08,True,360,360,7.576480208678425e-06,ok,True,240,240,3.4720296472968205e-05,ok,True,1368,1440,8.622920934805322e-05,ok,48.0,1817.815,1797.186,0.011476274864265544,265.0,1818.384,1793.808,0.013627705675715402,72.0,1804.883,1796.197,0.004816497863739662,-12.013758369755006,-9.819793663696684,-11.790461818572059,-10.268186129240604,-11.638597616694842,-11.434291603331582,True
2021-07-09,True,359,360,1.042862390389098e-05,ok,True,240,240,1.4655225420397175e-05,ok,False,1255,1440,,insufficient_minutes,48.0,1805.949,1796.86,0.005053796324612955,,,,,71.0,1807.769,1799.25,0.004722519416157128,-10.268186129240604,-9.35850158214734,-11.4709562340039,-11.130713602111653,-11.160216994601257,-11.314339334142918,True
2021-07-12,True,360,360,6.181351906798575e-06,ok,True,240,240,6.753738707162673e-06,ok,True,1364,1440,5.2373325113842736e-05,ok,48.0,1806.13,1798.482,0.004246800878457057,263.0,1810.824,1791.436,0.010731372243506142,72.0,1810.824,1800.272,0.005840594177505539,-11.130713602111653,-9.35850158214734,-11.993973555272692,-11.905414323873535,-11.115215709829762,-11.286299864352538,True
2021-07-13,True,359,360,5.7762619789799096e-06,ok,True,240,240,6.236475028869358e-06,ok,True,1368,1440,9.052846940546943e-05,ok,48.0,1812.064,1805.808,0.0034549973615329924,266.0,1817.135,1798.451,0.01033824211704887,71.0,1812.672,1806.023,0.0036790286788834954,-11.905414323873535,-9.857113158966616,-12.061753800930731,-11.98509543441827,-11.131588565547013,-11.294665476649678,True
2021-07-14,True,355,360,5.191482388605688e-06,ok,True,240,240,5.427657619572092e-06,ok,True,1370,1440,5.415887361018945e-05,ok,48.0,1817.411,1809.708,0.004250200702389379,269.0,1829.707,1804.392,0.014016156090646882,69.0,1813.773,1804.392,0.005193978285062458,-11.98509543441827,-9.309846177662052,-12.168491277560445,-12.12400289469955,-11.199195710543615,-11.29641518543504,True
2021-07-15,True,360,360,5.91059105428299e-06,ok,True,240,240,1.0037209798842547e-05,ok,True,1376,1440,4.370756421214209e-05,ok,48.0,1834.013,1823.274,0.005864204272421493,272.0,1834.013,1820.185,0.007570535790052845,72.0,1829.879,1823.611,0.0034315966395754858,-12.12400289469955,-9.82358872702502,-12.038764722361913,-11.509211390806227,-11.208483724905532,-11.294985360740196,True
2021-07-16,True,358,360,4.8661290612145985e-06,ok,True,240,240,9.494644605828228e-06,ok,False,1255,1440,,insufficient_minutes,48.0,1826.251,1817.15,0.00498972011294163,,,,,70.0,1831.437,1824.491,0.0037964478671625363,-11.509211390806227,-10.037989376742424,-12.233211790893721,-11.564782644013144,-11.661186370209181,-11.362094734271238,True
2021-07-19,True,359,360,9.267691390267876e-06,ok,True,240,240,9.062742468362135e-06,ok,True,1359,1440,6.951694390215834e-05,ok,48.0,1807.5,1801.709,0.0032108718312670163,261.0,1817.24,1794.894,0.012306353638321192,71.0,1817.24,1810.406,0.0037636096287607516,-11.564782644013144,-10.037989376742424,-11.588976250365912,-11.611338783011778,-11.788686192926063,-11.395344688678184,True
2021-07-20,True,360,360,7.790612444652005e-06,ok,True,240,240,9.034406489282615e-06,ok,True,1366,1440,6.536131075276423e-05,ok,48.0,1818.941,1811.582,0.004053998220625824,267.0,1824.847,1804.949,0.010983718450720464,72.0,1819.014,1811.408,0.004198520581776066,-11.611338783011778,-9.573940037953866,-11.762591081832802,-11.614470326251256,-11.729621607528314,-11.46228653825953,True
2021-07-21,True,360,360,7.4919988147520125e-06,ok,True,240,240,8.924534663210167e-06,ok,True,1359,1440,4.9841624706555026e-05,ok,48.0,1812.493,1801.247,0.006204450035033056,260.0,1813.64,1794.467,0.010593666343436354,72.0,1809.814,1805.083,0.0026140215652635124,-11.614470326251256,-9.635580053256755,-11.801674931584259,-11.626706370233725,-11.662431524852739,-11.478156046300967,True
2021-07-22,True,359,360,5.895352286254841e-06,ok,True,240,240,1.191391348812312e-05,ok,True,1357,1440,5.1279961872150256e-05,ok,48.0,1803.278,1792.544,0.005957888485245386,261.0,1808.44,1792.544,0.008818226702096357,71.0,1802.97,1797.209,0.0031958860109950276,-11.626706370233725,-9.906660085570266,-12.04134626558157,-11.337803640146982,-11.584345464718714,-11.468194965030419,True
2021-07-23,True,358,360,4.299793901176569e-06,ok,True,240,240,1.1332557962106476e-05,ok,False,1255,1440,,insufficient_minutes,48.0,1810.245,1797.025,0.00731311991414541,,,,,70.0,1808.453,1802.078,0.0035274481112382836,-11.337803640146982,-9.878210488874947,-12.356943466372371,-11.387830739464896,-11.544824022981727,-11.45903996065931,True
2021-07-26,True,358,360,7.798235697793762e-06,ok,True,240,240,7.788492191658243e-06,ok,True,1359,1440,3.398737301699367e-05,ok,48.0,1811.452,1806.065,0.002980351368322601,261.0,1811.452,1796.32,0.00840470556870067,70.0,1809.158,1798.38,0.0059863809555547,-11.387830739464896,-9.878210488874947,-11.761613042444674,-11.762863273727824,-11.507576693763536,-11.427623226239323,True
2021-07-27,True,357,360,5.052579081772937e-06,ok,True,240,240,7.278627392540349e-06,ok,True,1364,1440,4.128640019969742e-05,ok,48.0,1801.117,1793.741,0.004110256974648016,262.0,1805.16,1793.57,0.006447037227607196,69.0,1799.762,1794.516,0.0029181326398641993,-11.762863273727824,-10.28952148418056,-12.195611735782629,-11.83056825851324,-11.533252571976483,-11.445154676876893,True
2021-07-28,True,360,360,7.0872204102229135e-06,ok,True,240,240,6.224114953078044e-06,ok,True,1371,1440,4.6289593051237354e-05,ok,48.0,1805.775,1798.072,0.00426964797437003,269.0,1810.16,1792.496,0.0098134423715819,72.0,1807.336,1797.99,0.005192279914221271,-11.83056825851324,-10.094977405211662,-11.857217337981572,-11.98707930193386,-11.569747156028255,-11.484839160554671,True
2021-07-29,True,359,360,1.3507568120794498e-05,ok,True,240,240,9.032230798880329e-06,ok,True,1368,1440,3.968684484071314e-05,ok,48.0,1823.64,1815.084,0.0047039290122354045,267.0,1832.588,1808.519,0.01330245693931294,71.0,1818.1,1808.519,0.005295227883815539,-11.98707930193386,-9.980593394248627,-11.212260428057897,-11.61471117798012,-11.628612314441892,-11.498136198466383,True
2021-07-30,True,356,360,4.669141201436345e-06,ok,True,240,240,3.3613243237364123e-06,ok,False,1251,1440,,insufficient_minutes,48.0,1831.267,1826.979,0.0023450595425274527,,,,,69.0,1830.37,1825.838,0.0024761171074449747,-11.61471117798012,-10.134490789398157,-12.274535400103284,-12.603175517674321,-11.695502495236429,-11.491445888542724,True
2021-08-02,True,360,360,1.0166509501758274e-05,ok,True,239,240,6.340728084613922e-06,ok,True,1365,1440,4.421510570638944e-05,ok,47.0,1810.79,1806.345,0.0024578855548766146,264.0,1819.427,1805.711,0.007561482526889072,72.0,1816.821,1808.436,0.004622559856223774,-12.603175517674321,-10.134490789398157,-11.496411621981956,-11.968516956264262,-11.90790208033081,-11.531480201063156,True
2021-08-03,True,359,360,4.113544341468228e-06,ok,True,240,240,4.247084125187729e-06,ok,False,1314,1440,,insufficient_complete_m5,48.0,1812.084,1808.42,0.002025355079735912,,,,,71.0,1813.847,1809.381,0.002463815808528463,-11.968516956264262,-10.026444069203496,-12.401225530896745,-12.369277898685281,-11.951832816543133,-11.53977418225334,True
2021-08-04,True,357,360,3.5944071825621883e-06,ok,True,240,240,3.5147669115222824e-06,ok,True,1352,1440,4.672248933210303e-05,ok,48.0,1815.11,1810.734,0.002412082460588676,256.0,1831.645,1806.285,0.01400165082555075,70.0,1814.74,1808.883,0.003233740886642376,-12.369277898685281,-10.026444069203496,-12.536131480927882,-12.558537347411859,-12.050592029243568,-11.575193171842328,True
2021-08-05,False,354,360,,insufficient_complete_m5,True,240,240,7.348426006661622e-06,ok,True,1318,1440,5.460016104960951e-05,ok,48.0,1814.55,1808.316,0.0034443796773863397,247.0,1814.779,1797.732,0.009409056914114151,,,,,-12.558537347411859,-9.971284938926598,,-11.821024416426168,-12.147949625634512,-11.588830897325316,False
2021-08-06,False,349,360,,insufficient_minutes,True,240,240,5.535068329442219e-06,ok,False,1248,1440,,insufficient_minutes,48.0,1801.145,1794.429,0.0037309245648828085,,,,,,,,,-11.821024416426168,-9.815473725591216,,-12.104406646903861,-12.213607785456825,-11.748591464384198,False
2021-08-09,True,360,360,0.0001477389187175633,ok,True,240,240,1.9441907486164247e-05,ok,True,1378,1440,0.00023739964787991113,ok,48.0,1752.555,1738.925,0.007808360043882702,274.0,1752.555,1705.39,0.0274376232555163,72.0,1746.568,1705.39,0.02395476413475348,-12.104406646903861,-9.815473725591216,-8.820063904710262,-10.848079642029335,-12.129627535336573,-11.808043489389012,True
2021-08-10,True,360,360,9.274706634701407e-06,ok,True,239,240,1.545100487199451e-05,ok,True,1368,1440,8.064049880232346e-05,ok,47.0,1737.057,1727.465,0.005523532020016526,265.0,1738.156,1717.648,0.011843587033732415,72.0,1737.665,1730.155,0.004337104477439544,-10.848079642029335,-8.345765559025228,-11.588219579652794,-11.077836516477001,-11.733890070437628,-11.726261562421847,True
2021-08-11,True,359,360,1.1068570800052835e-05,ok,True,240,240,6.302711944475448e-06,ok,True,1367,1440,8.923791013169977e-05,ok,48.0,1738.43,1728.824,0.005545917203832372,265.0,1754.391,1723.998,0.01759801791416039,71.0,1735.124,1723.998,0.0064421263880810676,-11.077836516477001,-9.425509568115661,-11.41140092526487,-11.974530549814233,-11.487429787492848,-11.670799653463398,True
2021-08-12,True,358,360,5.563377360831439e-06,ok,True,240,240,6.600856855478328e-06,ok,True,1363,1440,4.318213900130697e-05,ok,48.0,1758.062,1750.832,0.004124264135444594,264.0,1758.062,1741.495,0.009453810883837451,71.0,1753.55,1748.79,0.0027162515728294903,-11.974530549814233,-9.324204607189403,-12.099305195119713,-11.928311090771011,-11.434500336157083,-11.665689208480153,True
2021-08-13,False,353,360,,insufficient_complete_m5,True,239,240,5.756072725256447e-06,ok,False,1252,1440,,insufficient_minutes,47.0,1761.635,1755.653,0.00340475327918093,,,,,,,,,-11.928311090771011,-10.050083597251652,,-12.065255134332304,-11.448420391500372,-11.685909885099834,False
2021-08-16,True,358,360,8.921804100863937e-06,ok,True,240,240,5.445140942195997e-06,ok,True,1372,1440,4.177014669782328e-05,ok,48.0,1777.455,1772.775,0.0026390431776785648,268.0,1789.16,1770.718,0.01036713905862645,70.0,1782.499,1772.895,0.005398872330498255,-12.065255134332304,-10.050083597251652,-11.627012378362748,-12.120786917213527,-11.444284983075642,-11.708383496231558,True
2021-08-17,True,360,360,7.435091279152379e-06,ok,True,240,240,4.924145238041754e-06,ok,True,1371,1440,5.100960246673195e-05,ok,48.0,1795.265,1790.77,0.0025096169414497815,268.0,1795.451,1780.515,0.008355687333044249,72.0,1792.437,1784.358,0.004519657067733291,-12.120786917213527,-10.083328667423453,-11.809299701173599,-12.221359854130323,-11.747236457195779,-11.730621564717346,True
2021-08-18,True,360,360,5.271291014305833e-06,ok,True,240,240,4.7323621777054845e-06,ok,True,1378,1440,5.774846328133103e-05,ok,48.0,1793.715,1785.489,0.004590888542869995,274.0,1793.715,1777.271,0.009205465955338577,72.0,1792.21,1785.055,0.004005418931552386,-12.221359854130323,-9.88349665930168,-12.153235251160714,-12.26108607680037,-12.056655630507079,-11.756503196216414,True
2021-08-19,True,359,360,1.0468374463941375e-05,ok,True,240,240,1.8767613014238494e-05,ok,True,1371,1440,6.363573810829127e-05,ok,48.0,1790.127,1777.76,0.006939448861755294,269.0,1792.417,1772.609,0.011081708579260956,71.0,1787.4,1772.609,0.00827491678088907,-12.26108607680037,-9.759413818763502,-11.467151801683476,-10.883377885711683,-12.112269858046355,-11.783609251632303,True
2021-08-20,True,360,360,7.066717383760229e-06,ok,True,240,240,6.587167715526423e-06,ok,False,1258,1440,,insufficient_minutes,48.0,1788.358,1779.776,0.004800863730319161,,,,,72.0,1786.885,1778.881,0.004498967159900457,-10.883377885711683,-9.662335325494404,-11.86011448803297,-11.930387087034836,-11.745479806755384,-11.739667756896964,True
2021-08-23,True,358,360,1.3819842092562555e-05,ok,True,240,240,3.328039288242522e-06,ok,True,1366,1440,5.349581462204633e-05,ok,48.0,1790.4,1784.176,0.0034847946160371994,265.0,1806.32,1776.434,0.01680150238690284,70.0,1788.619,1776.434,0.006850241135796373,-11.930387087034836,-9.662335325494404,-11.189405165698526,-12.61312722971366,-11.72472290039584,-11.769885359812,True
2021-08-24,False,356,360,,insufficient_complete_m5,True,240,240,4.47083199899885e-06,ok,True,1336,1440,4.3520447371465655e-05,ok,48.0,1805.06,1800.63,0.0024562245887486266,247.0,1809.485,1800.63,0.0049062303307534985,,,,,-12.61312722971366,-9.835907138486165,,-12.317936037128804,-11.77847227509033,-11.799145984777395,False
2021-08-25,True,359,360,1.2849677294140948e-05,ok,True,240,240,5.8679024759341265e-06,ok,True,1353,1440,5.606801306312206e-05,ok,48.0,1796.28,1791.751,0.0025248358215611702,256.0,1802.58,1782.356,0.011223428018058227,71.0,1802.58,1791.775,0.005996298444181058,-12.317936037128804,-10.0422796757942,-11.262191860234815,-12.046013317464775,-11.790366445023302,-11.818014172419788,True
2021-08-26,True,358,360,3.274045002088789e-06,ok,True,240,240,5.430356973010312e-06,ok,True,1358,1440,4.867481699654725e-05,ok,48.0,1788.75,1783.344,0.0030293232438078186,259.0,1798.15,1779.979,0.010142047833003124,70.0,1791.955,1786.025,0.003309798230681124,-12.046013317464775,-9.788945085176366,-12.629484333816947,-12.12350568529339,-11.76083429763352,-11.820433544854282,True
2021-08-27,True,358,360,5.200842879312302e-06,ok,True,240,240,6.428577243388795e-06,ok,False,1256,1440,,insufficient_minutes,48.0,1804.105,1793.835,0.005694860291546893,,,,,70.0,1802.622,1792.845,0.005451259401498912,-12.12350568529339,-9.930348766414214,-12.166689853336967,-11.954757312722531,-12.179068620392664,-11.845231810558655,True
2021-08-30,True,358,360,6.808213244714939e-06,ok,True,240,240,2.714594054317673e-06,ok,True,1365,1440,2.383240552114267e-05,ok,48.0,1816.785,1812.865,0.0021604694170949197,264.0,1823.142,1807.656,0.00851527123662793,71.0,1823.142,1813.289,0.005417859195046816,-11.954757312722531,-9.930348766414214,-11.89738084451704,-12.816868135345878,-12.185262370020268,-11.824075676530901,True
2021-08-31,False,356,360,,insufficient_complete_m5,True,240,240,5.694647382659357e-06,ok,True,1364,1440,5.320415688280194e-05,ok,48.0,1816.93,1811.789,0.00283274021744495,263.0,1819.12,1801.526,0.009717864875613,,,,,-12.816868135345878,-10.644464326873008,,-12.075983879986568,-12.20958830841109,-11.849135323371135,False
2021-09-01,True,356,360,7.519047674229778e-06,ok,True,240,240,6.260340671618103e-06,ok,True,1349,1440,4.424462704765175e-05,ok,48.0,1816.653,1809.311,0.004042228125473194,253.0,1819.95,1808.605,0.006252307760136249,69.0,1815.85,1810.231,0.0030966696610141,-12.075983879986568,-9.84137402777443,-11.798071067087118,-11.981275953946724,-12.161631806767133,-11.839056006294909,True
2021-09-02,False,353,360,,insufficient_complete_m5,True,240,240,2.9015956479646226e-06,ok,False,1331,1440,,insufficient_complete_m5,48.0,1817.05,1812.125,0.0027134612470902353,,,,,,,,,-11.981275953946724,-10.0257766165346,,-12.75024974885318,-12.14672822823795,-11.820213365795983,False
2021-09-03,False,350,360,,insufficient_minutes,True,240,240,2.2037969044407694e-06,ok,False,1248,1440,,insufficient_minutes,48.0,1814.38,1810.845,0.0019495004922006644,,,,,,,,,-12.75024974885318,-10.0257766165346,,-13.025328819539892,-12.24690484843801,-11.850912288743134,False
2021-09-06,False,352,360,,insufficient_minutes,True,239,240,3.047109930295969e-06,ok,False,1117,1440,,insufficient_minutes,47.0,1827.012,1822.674,0.0023749562018219855,,,,,,,,,-13.025328819539892,,,-12.701316980404755,-12.44053123811081,-11.874543566121352,False
2021-09-07,False,356,360,,insufficient_complete_m5,True,240,240,8.687913483761583e-06,ok,True,1359,1440,7.773387064038212e-05,ok,48.0,1820.45,1809.577,0.005978363963765851,259.0,1827.174,1792.305,0.019120917084565963,,,,,-12.701316980404755,,,-11.65357775295285,-12.423856061223866,-11.999750845405908,False
2021-09-08,True,358,360,4.170080201142109e-06,ok,True,240,240,6.5967234593313275e-06,ok,True,1370,1440,6.766538762293288e-05,ok,48.0,1801.185,1794.933,0.003481669998719129,267.0,1802.035,1782.318,0.010979504683287537,70.0,1800.975,1795.366,0.003123398172569795,-11.65357775295285,-9.462219479996632,-12.387575289450718,-11.928937477757648,-12.285083098511771,-12.05634507609898,True
2021-09-09,True,357,360,5.879028599403384e-06,ok,True,240,240,2.839522315278716e-06,ok,True,1373,1440,4.756698259015244e-05,ok,48.0,1795.673,1787.895,0.00434915105443709,270.0,1800.912,1783.688,0.009618018260497822,69.0,1790.68,1786.595,0.002281096411642714,-11.928937477757648,-9.600935769893388,-12.04411901388455,-12.771874718783694,-12.270626551285531,-12.05381700430567,True
2021-09-10,True,360,360,1.060688332797581e-05,ok,True,240,240,6.834382192936631e-06,ok,False,1257,1440,,insufficient_minutes,48.0,1803.62,1792.819,0.005988827435161659,,,,,72.0,1803.784,1792.64,0.006208927283009305,-12.771874718783694,-9.953371680472578,-11.45400739703233,-11.893544480617397,-12.273278567714963,-12.086651364599946,True
2021-09-13,True,358,360,5.84343389543576e-06,ok,True,239,240,3.5490330295292733e-06,ok,True,1352,1440,2.6311180857342265e-05,ok,47.0,1791.27,1786.945,0.0024180382860721247,256.0,1798.343,1783.537,0.008283586682257392,70.0,1793.224,1783.537,0.00541963421525235,-11.893544480617397,-9.953371680472578,-12.050191938132135,-12.548835377628858,-12.09254214553183,-12.077127576817663,True
2021-09-14,False,354,360,,insufficient_complete_m5,True,240,240,5.3169042663919085e-06,ok,True,1360,1440,7.989284399345428e-05,ok,48.0,1794.85,1785.35,0.005299461407369598,259.0,1808.535,1778.921,0.016516130471518977,,,,,-12.548835377628858,-10.545516581466114,,-12.144619328796587,-12.074778647177236,-12.093935248121152,False
2021-09-15,False,351,360,,insufficient_minutes,True,240,240,4.612885072050341e-06,ok,True,1362,1440,3.9666039311918e-05,ok,48.0,1802.642,1798.856,0.002102795952145595,262.0,1806.852,1790.563,0.009030330245424954,,,,,-12.144619328796587,-9.434824271237328,,-12.286657067626903,-12.200624900935074,-12.090430440033407,False
2021-09-16,True,360,360,7.412707579036223e-06,ok,True,240,240,8.964438479616298e-06,ok,True,1370,1440,7.613282978957716e-05,ok,48.0,1786.725,1775.354,0.006367721793669164,267.0,1796.124,1745.219,0.028356874933675648,72.0,1796.124,1785.775,0.005764960194256115,-12.286657067626903,-10.135015169311856,-11.812314790115336,-11.622245087602078,-12.282835905175077,-12.091495301551308,True
2021-09-17,True,356,360,5.0477937435132825e-06,ok,True,240,240,8.838618526690812e-06,ok,False,1253,1440,,insufficient_minutes,48.0,1767.43,1760.04,0.004190981733217699,,,,,69.0,1762.767,1753.785,0.0051208665906499265,-11.622245087602078,-9.48303098284468,-12.196559292610575,-11.636379968788193,-12.048124281795188,-12.182973862555171,True
2021-09-20,True,358,360,1.681863364204064e-05,ok,True,240,240,7.782875961638131e-06,ok,True,1361,1440,6.044391150138933e-05,ok,48.0,1760.1,1750.8,0.005304525387572555,260.0,1767.026,1741.865,0.01434271805366338,70.0,1754.538,1741.865,0.007224087512184557,-11.636379968788193,-9.48303098284468,-10.993023140842766,-11.763584627202786,-11.981909474228221,-12.161211968870852,True
2021-09-21,False,351,360,,insufficient_minutes,True,240,240,7.598305176515266e-06,ok,True,1355,1440,4.291973881805208e-05,ok,48.0,1768.14,1757.875,0.005830249709623519,254.0,1781.681,1757.875,0.013487669682969532,,,,,-11.763584627202786,-9.713794705556024,,-11.787585338630972,-11.854972990090163,-12.119500072493928,False
2021-09-22,True,357,360,1.3160569127773815e-05,ok,True,240,240,5.410761483477958e-06,ok,True,1376,1440,0.00012596676660544094,ok,48.0,1780.03,1773.72,0.003546428139867498,273.0,1787.181,1764.593,0.012725275344356479,70.0,1779.34,1772.23,0.00400552097124019,-11.787585338630972,-10.056178725540606,-11.238285386210896,-12.12712072020907,-11.792715476052305,-12.091222589100951,True
2021-09-23,False,352,360,,insufficient_minutes,True,240,240,2.380115191326619e-05,ok,True,1368,1440,9.493724804428665e-05,ok,48.0,1776.471,1760.13,0.009262424010542813,264.0,1776.471,1737.574,0.022012138168794024,,,,,-12.12712072020907,-8.979492442902492,,-10.645776578741007,-11.771825745636706,-12.095306327293198,False
2021-09-24,True,357,360,5.863708973277567e-06,ok,True,240,240,5.99800962493963e-06,ok,False,1254,1440,,insufficient_minutes,48.0,1756.76,1752.545,0.002403002641592537,,,,,69.0,1755.156,1745.702,0.005413435845431319,-10.645776578741007,-9.262294431523202,-12.046728223998002,-12.024082872947242,-11.44654402314988,-11.943061073725367,True
2021-09-27,True,357,360,7.998767314638328e-06,ok,True,240,240,9.462751709487461e-06,ok,True,1349,1440,4.684693317988198e-05,ok,48.0,1760.644,1744.76,0.009036935429776438,254.0,1760.785,1744.76,0.009159367274909673,69.0,1760.785,1749.145,0.006653044310761242,-12.024082872947242,-9.262294431523202,-11.736223113827064,-11.568147338816063,-11.50117271667868,-11.946376478990016,True
2021-09-28,False,356,360,,insufficient_complete_m5,True,240,240,2.3934123466196094e-05,ok,True,1363,1440,0.00010092378067916103,ok,48.0,1744.61,1732.306,0.007067669604827349,262.0,1754.42,1728.007,0.01508254198477642,,,,,-11.568147338816063,-9.968625011830538,,-10.640205357215237,-11.468507130811071,-11.895638129947304,False
2021-09-29,True,359,360,7.2076819285819024e-06,ok,True,240,240,1.0524316254126986e-05,ok,True,1364,1440,5.878817784552926e-05,ok,48.0,1745.405,1736.635,0.005038650239249695,266.0,1745.405,1721.561,0.013739494708819432,71.0,1741.285,1733.225,0.004644368702947776,-10.640205357215237,-9.201144972753182,-11.840363166187116,-11.461822144484513,-11.196556841489537,-11.770134956586963,True
2021-09-30,False,354,360,,insufficient_complete_m5,True,240,240,1.10227422825946e-05,ok,True,1367,1440,8.457197857875389e-05,ok,48.0,1733.991,1723.659,0.005975914150891762,266.0,1764.11,1722.165,0.02426031909448189,,,,,-11.461822144484513,-9.741569780323193,,-11.415549939226057,-11.12466954965357,-11.742934914600935,False
2021-10-01,True,359,360,8.64259285413772e-06,ok,True,240,240,1.006028614393514e-05,ok,False,1248,1440,,insufficient_minutes,48.0,1757.144,1751.201,0.0033848396999606916,,,,,71.0,1756.794,1750.489,0.0035964144233045737,-11.415549939226057,-9.377907568691734,-11.658807921310434,-11.506914949966069,-11.315026807993428,-11.693091154122326,True
2021-10-04,True,358,360,4.141138401575754e-06,ok,True,240,240,8.28243129823644e-06,ok,True,1365,1440,7.478733573802217e-05,ok,48.0,1758.278,1748.495,0.005565432084718886,264.0,1770.445,1747.654,0.012926223371673554,70.0,1765.591,1757.672,0.004491367771501094,-11.506914949966069,-9.377907568691734,-12.394539831700056,-11.70137399761673,-11.250496281743231,-11.647126483046351,True
2021-10-05,True,360,360,5.671291367738841e-06,ok,True,240,240,8.08540539524625e-06,ok,True,1348,1440,4.697505507549726e-05,ok,48.0,1760.935,1754.092,0.0038941971170534575,252.0,1768.31,1748.52,0.011192647578649679,72.0,1768.31,1756.228,0.006833227288794559,-11.70137399761673,-9.500861995633326,-12.080093711705427,-11.725449924541513,-11.268820750739678,-11.617629661941175,True
2021-10-06,True,360,360,8.067468725692231e-06,ok,True,240,240,1.1698483741371848e-05,ok,True,1364,1440,5.980338267599222e-05,ok,48.0,1752.965,1745.865,0.004051413001611954,262.0,1764.945,1745.865,0.010844174666234677,72.0,1759.345,1750.89,0.004805424360744956,-11.725449924541513,-9.965893840222702,-11.727670789607638,-11.356051319313233,-11.554264647914792,-11.620980340204332,True
2021-10-07,True,357,360,4.353583760101466e-06,ok,True,240,240,8.706648196736528e-06,ok,True,1361,1440,4.420692501176444e-05,ok,48.0,1766.879,1758.059,0.005002523949157986,261.0,1766.879,1751.895,0.0084942612433174,69.0,1764.108,1756.36,0.004392254145303255,-11.356051319313233,-9.724448332119348,-12.344511199147313,-11.651423663581319,-11.530084871881066,-11.592957102565107,True
2021-10-08,True,359,360,5.872644236673369e-06,ok,True,240,240,5.780481694325429e-06,ok,False,1256,1440,,insufficient_minutes,48.0,1760.447,1754.297,0.003497109908762315,,,,,71.0,1760.506,1753.316,0.004096596491797865,-11.651423663581319,-10.026629106678477,-12.045205559340193,-12.06102354063383,-11.57835494768499,-11.561671720474996,True
2021-10-11,True,358,360,8.070988286192468e-06,ok,True,240,240,6.210354288934095e-06,ok,True,1364,1440,3.659168669257841e-05,ok,48.0,1757.165,1752.239,0.0028065737409303008,263.0,1760.94,1750.116,0.00617079135952389,70.0,1760.94,1753.732,0.0041093000849453465,-12.06102354063383,-10.026629106678477,-11.727234618968344,-11.989292612288105,-11.674187529925812,-11.567219817418648,True
2021-10-12,True,356,360,7.326194576050694e-06,ok,True,240,240,8.810966217407938e-06,ok,True,1359,1440,6.722226321119653e-05,ok,48.0,1763.217,1756.374,0.0038849116910692305,260.0,1769.29,1750.68,0.010613695145702994,69.0,1762.027,1750.68,0.006471445395931881,-11.989292612288105,-10.215689482904086,-11.824054334302874,-11.639513451225275,-11.724106520188945,-11.553268537859584,True
2021-10-13,False,356,360,,insufficient_complete_m5,True,240,240,6.244556785868097e-06,ok,True,1363,1440,0.00011989089784163342,ok,48.0,1773.315,1761.776,0.006546096112280376,261.0,1796.089,1757.689,0.021812109128708408,,,,,-11.639513451225275,-9.607506067516502,,-11.983800387943232,-11.70634192386526,-11.535242462320479,False
2021-10-14,True,357,360,5.666171825530532e-06,ok,True,240,240,1.006103708538503e-05,ok,True,1348,1440,3.937597764092665e-05,ok,48.0,1800.085,1790.688,0.005238643427166542,255.0,1800.508,1786.64,0.00773953031520668,70.0,1793.715,1786.64,0.0039484552192159,-11.983800387943232,-9.028928413394336,-12.080996831295586,-11.506840308607577,-11.848314087781391,-11.526934592972767,True
2021-10-15,False,352,360,,insufficient_minutes,True,240,240,9.208300963051929e-06,ok,False,1248,1440,,insufficient_minutes,48.0,1792.045,1780.715,0.006323232717846058,,,,,,,,,-11.506840308607577,-10.142354632150797,,-11.595405202125322,-11.811132165615268,-11.521389649092493,False
2021-10-18,True,356,360,4.532180331401599e-06,ok,True,240,240,1.2427292640156555e-05,ok,True,1335,1440,5.072724402078882e-05,ok,48.0,1766.895,1760.251,0.003765180580191436,249.0,1771.965,1760.251,0.006613856690361487,69.0,1771.965,1766.575,0.003043254871183861,-11.595405202125322,-10.142354632150797,-12.304307424901353,-11.295615484680534,-11.722777359510816,-11.519527260532772,True
2021-10-19,False,356,360,,insufficient_complete_m5,True,240,240,9.460469524927846e-06,ok,True,1348,1440,6.164253791590452e-05,ok,48.0,1782.885,1777.144,0.003227320638043699,251.0,1785.013,1763.216,0.012356225730563207,,,,,-11.295615484680534,-9.889047434279922,,-11.568388543475926,-11.580088147449503,-11.496420394322794,False
2021-10-20,True,357,360,6.8044081670178556e-06,ok,True,240,240,4.419844626995599e-06,ok,True,1363,1440,5.963377364366514e-05,ok,48.0,1780.435,1774.5,0.0033411396466892294,265.0,1788.335,1766.812,0.012167999004986454,69.0,1777.065,1766.812,0.005796519713707532,-11.568388543475926,-9.69415837516228,-11.897939895956302,-12.329406014755962,-11.566291284515327,-11.487303670984714,True
2021-10-21,True,359,360,9.406556342642368e-06,ok,True,240,240,6.135203987773734e-06,ok,True,1355,1440,4.289683865367784e-05,ok,48.0,1787.854,1780.77,0.003971952988090062,261.0,1789.288,1776.43,0.0072175943597458,71.0,1789.288,1781.196,0.004542290679659664,-12.329406014755962,-9.72728847251727,-11.574103628556893,-12.001467230513294,-11.605546477337287,-11.492144620925329,True
2021-10-22,False,355,360,,insufficient_complete_m5,True,240,240,7.156680583503886e-06,ok,False,1252,1440,,insufficient_minutes,48.0,1794.685,1790.4,0.002389616183584901,,,,,,,,,-12.001467230513294,-10.056712425802083,,-11.847464290145929,-11.695620409635023,-11.582630879929045,False
2021-10-25,True,360,360,9.899695848696165e-06,ok,True,240,240,8.971720046299389e-06,ok,True,1344,1440,3.886842207961504e-05,ok,48.0,1803.498,1794.525,0.004994433930758074,256.0,1809.901,1790.03,0.011073248611734208,72.0,1800.901,1790.03,0.006057937982897843,-11.847464290145929,-10.056712425802083,-11.523006523649594,-11.621433144836006,-11.746132196580085,-11.57643850203631,True
2021-10-26,True,357,360,5.446524707996115e-06,ok,True,240,240,6.093150393150562e-06,ok,True,1355,1440,6.0250631903603954e-05,ok,48.0,1804.678,1797.775,0.003825595411280613,256.0,1807.846,1779.965,0.015421290906023705,69.0,1807.846,1799.61,0.00455542311617275,-11.621433144836006,-10.155328408737228,-12.12053282094359,-12.008345304063004,-11.837439758088363,-11.579058081479902,True
2021-10-27,True,359,360,6.8870505370120526e-06,ok,True,240,240,1.1033569527888614e-05,ok,True,1372,1440,5.920075389160621e-05,ok,48.0,1791.322,1781.715,0.005363578249788528,268.0,1798.889,1781.715,0.009574622289123029,71.0,1794.273,1784.78,0.005292412332051033,-12.008345304063004,-9.716997497621888,-11.885867643398717,-11.414568157116996,-11.935233635296651,-11.679214007303731,True
2021-10-28,True,359,360,8.810279470504756e-06,ok,True,240,240,5.600132630274123e-06,ok,True,1373,1440,7.216281770287955e-05,ok,48.0,1803.372,1795.7,0.004256464172078342,270.0,1810.31,1792.242,0.010056550004452748,71.0,1803.148,1794.076,0.005049425594442899,-11.414568157116996,-9.734576281499889,-11.6395913965551,-12.09272027652611,-11.75142825433764,-11.676211597965183,True
2021-10-29,True,360,360,8.01237315288531e-06,ok,True,240,240,8.438704875520673e-06,ok,False,1260,1440,,insufficient_minutes,48.0,1799.002,1790.82,0.0045622966496505326,,,,,72.0,1799.906,1793.222,0.003713952325387547,-12.09272027652611,-9.536585634983352,-11.734523566995959,-11.682681711898875,-11.765105185708556,-11.70865440577045,True
2021-11-01,True,357,360,7.544295406005472e-06,ok,True,240,240,6.994815423963381e-06,ok,True,1366,1440,5.052982007478483e-05,ok,48.0,1788.049,1780.93,0.003995353065966211,264.0,1795.703,1779.99,0.008826536344230966,69.0,1787.258,1779.99,0.004082687338501308,-11.682681711898875,-9.536585634983352,-11.794718855657786,-11.870341337047952,-11.732642955111885,-11.718564158561465,True
2021-11-02,True,358,360,5.651112469504263e-06,ok,True,240,240,8.017780073522016e-06,ok,True,1355,1440,3.832312085159123e-05,ok,48.0,1795.517,1788.154,0.00410376740673449,256.0,1796.304,1786.309,0.005576911863868735,70.0,1794.82,1789.183,0.0031452778565910326,-11.870341337047952,-9.892946899427042,-12.083658134930253,-11.73384897321443,-11.78315085314282,-11.726503545193275,True
2021-11-03,True,357,360,9.233189644354106e-06,ok,True,240,240,4.831353661242216e-06,ok,True,1376,1440,7.836088418467196e-05,ok,48.0,1785.465,1780.447,0.0028163401609096867,272.0,1787.586,1758.613,0.016211936389986213,69.0,1787.586,1779.091,0.004753404881542643,-11.73384897321443,-10.169457166330451,-11.59270599554349,-12.240383868438853,-11.733946207758423,-11.726922267455345,True
2021-11-04,True,357,360,6.696086100465058e-06,ok,True,240,240,1.0257787551953512e-05,ok,True,1367,1440,5.3067145768155445e-05,ok,48.0,1782.035,1772.233,0.005522749790755921,265.0,1798.809,1770.718,0.015804946113747616,69.0,1778.24,1773.36,0.0027456529505923742,-12.240383868438853,-9.45418568132893,-11.913987366367378,-11.48747337968607,-11.902041352977989,-11.770381881674252,True
2021-11-05,True,360,360,6.927060526678865e-06,ok,True,240,240,9.459143462413443e-06,ok,False,1259,1440,,insufficient_minutes,48.0,1800.055,1791.683,0.004659757550120819,,,,,72.0,1796.885,1790.039,0.003821421394601114,-11.48747337968607,-9.84395254496847,-11.880075001170892,-11.56852872208502,-11.773240349610596,-11.76039883440082,True
2021-11-08,True,359,360,1.2703367781426868e-05,ok,True,239,240,7.985862773341259e-06,ok,True,1373,1440,4.980209972451241e-05,ok,47.0,1818.207,1812.369,0.003214057731369733,269.0,1826.386,1812.369,0.007718652713216315,71.0,1821.18,1812.883,0.004568856500075318,-11.56852872208502,-9.84395254496847,-11.273643420013723,-11.73783773287418,-11.747107714824267,-11.737114160068025,True
2021-11-09,True,357,360,5.656908354469188e-06,ok,True,240,240,9.62951536316927e-06,ok,True,1372,1440,4.681574758733659e-05,ok,48.0,1828.525,1820.032,0.004666033577531489,269.0,1832.635,1819.05,0.007445630727408272,69.0,1827.05,1821.805,0.0028746656728196886,-11.73783773287418,-9.907453411679688,-12.082633042111151,-11.5506776591559,-11.722365156503733,-11.726066874677928,True
2021-11-10,False,355,360,,insufficient_complete_m5,True,240,240,4.584398647077929e-06,ok,True,1372,1440,0.00016197828405226154,ok,48.0,1827.117,1822.713,0.0024141765446084053,268.0,1868.428,1822.092,0.025321325522427215,,,,,-11.5506776591559,-9.969290924730796,,-12.292851617438227,-11.683389691093671,-11.721014641788582,False
2021-11-11,True,359,360,2.5470085528067594e-05,ok,True,240,240,7.1946720747825424e-06,ok,True,1367,1440,6.342278998599466e-05,ok,48.0,1865.496,1855.042,0.005629388704605274,265.0,1865.9,1842.816,0.012487828100318125,71.0,1855.405,1842.816,0.006810313115357119,-12.292851617438227,-8.728048280777383,-10.5780059109861,-11.842169795483258,-11.689263968823767,-11.73128818866454,True
2021-11-12,True,359,360,9.96728889664641e-06,ok,True,240,240,1.6575194797116578e-05,ok,True,1314,1440,5.967239358015425e-05,ok,48.0,1858.645,1845.102,0.007295086603230293,258.0,1868.54,1845.102,0.012585343589330476,71.0,1862.189,1855.08,0.0038172714214759246,-11.842169795483258,-9.665687297611127,-11.516201937082837,-11.007603269495853,-11.765147931430016,-11.749278384414334,True
2021-11-15,True,360,360,1.2284165585435477e-05,ok,True,240,240,5.585878117590168e-06,ok,True,1380,1440,4.118865760664339e-05,ok,48.0,1864.755,1858.295,0.003471214710212699,276.0,1870.425,1856.25,0.007598049003261911,72.0,1865.95,1856.371,0.005134512268236028,-11.007603269495853,-9.72664106360729,-11.30719947571137,-12.095268909943535,-11.596967212285557,-11.703678712784432,True
2021-11-16,True,358,360,8.286091116103144e-06,ok,True,240,240,1.2700444936364896e-05,ok,True,1377,1440,7.33318893096975e-05,ok,48.0,1874.872,1863.855,0.00591047114239426,273.0,1877.015,1849.523,0.01476143941753213,70.0,1868.76,1861.813,0.003730093104670208,-12.095268909943535,-10.097347640320644,-11.700932217977641,-11.273873530753976,-11.650587456791813,-11.745955993369925,True
2021-11-17,True,360,360,7.538004197080169e-06,ok,True,240,240,3.869458030150303e-06,ok,True,1375,1440,3.6638016933391474e-05,ok,48.0,1862.784,1855.738,0.003795855589405463,271.0,1867.982,1849.54,0.009966114023433505,72.0,1856.029,1849.54,0.003506675734630751,-11.273873530753976,-9.520514991705294,-11.795553106329864,-12.462396104618456,-11.582477308947508,-11.725711258824774,True
2021-11-18,True,360,360,8.442033986732961e-06,ok,True,240,240,5.228880635695681e-06,ok,True,1376,1440,5.669858671240583e-05,ok,48.0,1869.695,1858.71,0.005878449609084385,272.0,1870.795,1855.012,0.008455344658555861,72.0,1870.795,1864.071,0.0036022136149103786,-12.462396104618456,-10.214424142620004,-11.682287284701983,-12.161313330386264,-11.597924730392807,-11.7291215375199,True
2021-11-19,False,353,360,,insufficient_complete_m5,True,240,240,2.883439523171169e-05,ok,True,1313,1440,0.00011994433746178115,ok,48.0,1864.807,1851.421,0.0072063439083083275,259.0,1865.646,1842.954,0.012202361747434992,,,,,-12.161313330386264,-9.777761273248347,,-10.453941604527223,-11.641671604814649,-11.734762722326645,False
2021-11-22,False,355,360,,missing_boundary,True,240,240,9.33133622163592e-06,ok,True,1373,1440,0.0001282278065872422,ok,48.0,1847.005,1837.241,0.005294753860916253,272.0,1849.04,1802.13,0.02540420081828488,,,,,-10.453941604527223,-9.028482777281157,,-11.582132335606659,-11.395692679313386,-11.607857995700186,False
2021-11-23,True,360,360,7.010667113282571e-06,ok,True,240,240,2.301819058178618e-05,ok,True,1378,1440,9.698356975661788e-05,ok,48.0,1808.305,1792.627,0.008673040800300779,274.0,1812.3,1781.915,0.016796057390168512,72.0,1812.3,1806.407,0.0032575009445536796,-11.582132335606659,-8.96170213694063,-11.868077695499608,-10.679225759767387,-11.331195498872239,-11.605882805515842,True
2021-11-24,True,358,360,9.481701167361978e-06,ok,True,240,240,1.3189616444890917e-05,ok,True,1374,1440,5.3470495565160076e-05,ok,48.0,1794.683,1785.404,0.005171965483442769,271.0,1796.304,1777.471,0.01051543968390592,70.0,1796.035,1788.808,0.004035208548589639,-10.679225759767387,-9.240968977760366,-11.566146809762252,-11.236080670892816,-11.172429040536784,-11.517076495502723,True
2021-11-25,False,355,360,,insufficient_complete_m5,True,240,240,3.232971617184289e-06,ok,False,1133,1440,,insufficient_minutes,48.0,1794.97,1789.744,0.0029139205781004945,,,,,,,,,-11.236080670892816,-9.83638054094933,,-12.642108838355002,-11.047903987108821,-11.506309590538969,False
2021-11-26,True,360,360,1.0531167983287895e-05,ok,True,240,240,4.1940815064647036e-05,ok,False,1125,1440,,insufficient_minutes,48.0,1815.432,1797.704,0.009804957233285344,,,,,72.0,1798.721,1789.951,0.0048921564006224145,-12.642108838355002,-9.83638054094933,-11.46117131837902,-10.07925109861527,-11.073297153722752,-11.518137018951595,True
2021-11-29,True,360,360,1.3418782460078966e-05,ok,True,240,240,7.023284936248605e-06,ok,True,1378,1440,4.79371068971644e-05,ok,48.0,1799.327,1792.807,0.003632403040744744,274.0,1799.327,1781.061,0.010173324125025106,72.0,1796.519,1789.726,0.003783389400048952,-10.07925109861527,,-11.2188551563131,-11.866279509739611,-10.917248566324636,-11.362513863749143,False
2021-11-30,True,359,360,7.140349224690259e-06,ok,True,240,240,8.613394788449169e-06,ok,True,1375,1440,0.00013192671978809464,ok,48.0,1798.435,1791.381,0.003936679399207061,273.0,1808.683,1769.844,0.021736015893891455,71.0,1795.86,1782.893,0.007256904608668815,-11.866279509739611,-9.94562067919033,-11.849748871787842,-11.662192032861567,-10.943021313988487,-11.362391401985219,True
2021-12-01,True,360,360,3.084721139357958e-05,ok,True,240,240,1.408259901684666e-05,ok,True,1376,1440,0.00010726959195640003,ok,48.0,1788.401,1776.571,0.006627729456419824,274.0,1794.353,1772.526,0.012308374200064228,72.0,1794.353,1772.526,0.012308374200064228,-11.662192032861567,-8.933263942652948,-10.386464204127059,-11.170570635004202,-11.120882257581048,-11.35983279490603,True
2021-12-02,True,360,360,8.189926892656326e-06,ok,True,240,240,1.3485773210607803e-05,ok,True,1373,1440,6.958239037972472e-05,ok,48.0,1778.865,1765.045,0.007784665560740915,271.0,1781.98,1761.74,0.011358120298431248,72.0,1781.98,1775.09,0.0038664747458593083,-11.170570635004202,-9.140165341255152,-11.712605586554727,-11.213875264447015,-11.10888716862902,-11.320910044642625,True
2021-12-03,True,359,360,9.084984899086246e-06,ok,True,240,240,9.464092129463453e-06,ok,True,1317,1440,7.638713427019701e-05,ok,48.0,1773.435,1766.081,0.004152655548120628,261.0,1785.995,1765.711,0.011466044336238119,71.0,1776.371,1767.463,0.005035472438730589,-11.213875264447015,-9.572999034422347,-11.608887518298452,-11.568005696607818,-10.980582602144716,-11.30767779007462,True
2021-12-06,True,360,360,5.4673979226814315e-06,ok,True,239,240,7.912760301183266e-06,ok,True,1369,1440,3.961321408937198e-05,ok,47.0,1782.85,1777.745,0.002863216224704995,269.0,1787.635,1775.604,0.006747330665470951,72.0,1787.635,1781.045,0.0036958614483794537,-11.568005696607818,-9.479696275577355,-12.116707754403986,-11.74703387357117,-11.460918687621492,-11.3076576381778,True
2021-12-07,True,359,360,4.189081469917178e-06,ok,True,240,240,5.533087980947193e-06,ok,True,1361,1440,4.261200607277335e-05,ok,48.0,1783.605,1777.355,0.0035059081564252077,263.0,1787.688,1772.081,0.008763202075273698,71.0,1781.805,1776.865,0.0027737693504102,-11.74703387357117,-10.136347806240119,-12.383029067652526,-12.104764493045645,-11.444171725737508,-11.307955366419877,True
2021-12-08,False,356,360,,insufficient_complete_m5,True,240,240,7.023517937131907e-06,ok,True,1365,1440,3.5546856794549413e-05,ok,48.0,1793.035,1782.741,0.005751352076163287,264.0,1793.035,1779.584,0.007536862040852931,,,,,-12.104764493045645,-10.063374511702113,,-11.86624633480501,-11.503404679050389,-11.324782366429105,False
2021-12-09,True,357,360,3.0044686839987893e-06,ok,True,240,240,4.456074344047576e-06,ok,True,1363,1440,4.540072061328492e-05,ok,48.0,1787.545,1779.307,0.00461189643107071,264.0,1787.545,1772.958,0.008178426156162127,70.0,1786.995,1782.14,0.0027220305058041714,-11.86624633480501,-10.244658822092362,-12.715409816259271,-12.321242371446248,-11.654046003955283,-11.314729066015708,True
2021-12-10,True,358,360,3.2832740796019593e-06,ok,True,240,240,3.961164488295452e-06,ok,True,1310,1440,4.638092771636025e-05,ok,48.0,1773.298,1770.09,0.001809316230181393,254.0,1789.367,1770.09,0.010851753129230854,70.0,1779.58,1775.59,0.0022461220618162116,-12.321242371446248,-9.999982580503623,-12.62666943843297,-12.438972513224975,-11.887196234509059,-11.326023720253872,True
2021-12-13,False,352,360,,insufficient_minutes,True,240,240,4.891327115515563e-06,ok,True,1358,1440,2.921909705770231e-05,ok,48.0,1788.445,1783.315,0.0028731045490821366,258.0,1791.524,1781.765,0.005472561488509688,,,,,-12.438972513224975,-9.97862222382809,,-12.228046897532156,-12.061570475750115,-11.3797602943317,False
2021-12-14,False,350,360,,insufficient_minutes,True,240,240,5.123884305165602e-06,ok,True,1348,1440,3.428263040052114e-05,ok,48.0,1785.73,1781.94,0.0021236538052065734,256.0,1789.398,1766.406,0.012874433397821202,,,,,-12.228046897532156,-10.440688053635188,,-12.18159775319219,-12.172051122235116,-11.38280469748999,False
2021-12-15,False,348,360,,insufficient_minutes,True,240,240,2.740234126877354e-06,ok,True,1364,1440,6.933882266379126e-05,ok,48.0,1771.282,1767.294,0.0022557773183512855,263.0,1781.395,1751.235,0.017014314928425405,,,,,-12.18159775319219,-10.280871734374506,,-12.80746719344929,-12.187998248404757,-11.41663111334189,False
2021-12-16,True,357,360,7.75331021684034e-06,ok,True,240,240,5.472351368479246e-06,ok,True,1370,1440,4.23160357570062e-05,ok,48.0,1788.25,1784.507,0.0020973182566987204,269.0,1799.524,1775.445,0.013530454620802787,70.0,1784.155,1775.445,0.00489431702924511,-12.80746719344929,-9.576505597029634,-11.767390681037238,-12.115802167629646,-12.372236592161153,-11.421772092374422,True
2021-12-17,True,357,360,6.8837074099993125e-06,ok,True,240,240,5.376228537959032e-06,ok,True,1313,1440,4.64796436200911e-05,ok,48.0,1809.919,1805.85,0.002249085220928922,257.0,1814.18,1795.664,0.010293271515889406,69.0,1805.394,1797.227,0.00454013547581916,-12.115802167629646,-10.070344447840428,-11.886353183423642,-12.133523444865913,-12.325353539221023,-11.420661414405304,True
2021-12-20,False,347,360,,insufficient_minutes,True,239,240,4.7696783428324604e-06,ok,True,1358,1440,4.721422858727978e-05,ok,47.0,1802.255,1794.84,0.0041235336152797035,260.0,1804.05,1788.24,0.0087821111561974,,,,,-12.133523444865913,-9.976496112831875,,-12.253231688706213,-12.263531202827622,-11.53377785003079,False
2021-12-21,False,354,360,,insufficient_complete_m5,True,240,240,3.528835334036473e-06,ok,True,1361,1440,3.148882965765542e-05,ok,48.0,1798.185,1792.318,0.003271831963796241,261.0,1800.385,1784.78,0.008709897077537908,,,,,-12.253231688706213,-9.960815257680293,,-12.554542675159883,-12.268698259040004,-11.557342211634387,False
2021-12-22,False,336,360,,insufficient_minutes,True,240,240,4.0629869108443335e-06,ok,True,1343,1440,2.3014528312439857e-05,ok,48.0,1791.38,1785.82,0.0031112466530317435,250.0,1804.918,1785.82,0.010665996481527999,,,,,-12.554542675159883,-10.3658776890658,,-12.413592162513385,-12.339040644425172,-11.664785570387483,False
2021-12-23,False,350,360,,insufficient_minutes,True,239,240,2.7905694018836505e-06,ok,False,1290,1440,,insufficient_minutes,47.0,1807.95,1804.135,0.002112437606262148,,,,,,,,,-12.413592162513385,-10.679384875693712,,-12.789264896257208,-12.280361782037406,-11.719365168972304,False
2021-12-24,False,0,360,,insufficient_minutes,False,0,240,,insufficient_minutes,False,0,1440,,insufficient_minutes,,,,,,,,,,,,,-12.789264896257208,-10.679384875693712,,,-12.403144120173899,-11.7220880838252,False
2021-12-27,False,342,360,,insufficient_minutes,False,235,240,,insufficient_minutes,False,1333,1440,,insufficient_complete_m5,,,,,,,,,,,,,-12.789264896257208,,,,-12.403144120173899,-11.7220880838252,False
2021-12-28,False,339,360,,insufficient_minutes,True,239,240,2.330318394285889e-06,ok,True,1340,1440,2.8274975063135526e-05,ok,47.0,1818.236,1813.529,0.0025950183586385426,246.0,1820.172,1804.965,0.008390254129746371,,,,,,,,-12.969505649814307,-12.403144120173899,-11.7220880838252,False
2021-12-29,False,339,360,,insufficient_minutes,True,240,240,5.296345254776829e-06,ok,True,1342,1440,3.6298350315335216e-05,ok,48.0,1805.207,1794.32,0.006033484258186891,246.0,1807.625,1789.322,0.010131073496363437,,,,,-12.969505649814307,-10.473533417902868,,-12.14849354984251,-12.563754474271157,-12.001971960359574,False
2021-12-30,False,354,360,,insufficient_complete_m5,True,239,240,2.524939407356373e-06,ok,True,1358,1440,3.298592805139493e-05,ok,47.0,1803.22,1798.174,0.0028055777955698167,259.0,1817.055,1796.135,0.011592243392781486,,,,,-12.14849354984251,-10.223738263584698,,-12.88929349261147,-12.534073767010101,-12.016153165450218,False
2021-12-31,False,343,360,,insufficient_minutes,True,238,240,2.8193186341919774e-06,ok,False,1295,1440,,insufficient_minutes,46.0,1820.214,1815.073,0.002829559623983861,,,,,,,,,-12.88929349261147,-10.319429510126804,,-12.779015321289704,-12.591431680083861,-12.0678182048777,False
2022-01-03,False,353,360,,insufficient_complete_m5,True,240,240,3.282601520380088e-06,ok,True,1362,1440,4.5985377395401254e-05,ok,48.0,1827.42,1821.333,0.003336749385562838,260.0,1831.514,1798.255,0.018189619081188678,,,,,-12.779015321289704,-10.319429510126804,,-12.62687430348531,-12.667378777976179,-12.171058000822267,False
2022-01-04,True,358,360,4.052609826254828e-06,ok,True,240,240,6.949882156661416e-06,ok,True,1365,1440,3.8030153542768804e-05,ok,48.0,1808.551,1801.855,0.0037079286323413287,265.0,1816.65,1798.385,0.01012351632150276,70.0,1807.03,1802.86,0.0023112544790948267,-12.62687430348531,-9.987187094719266,-12.416149482838946,-11.87678585440738,-12.636638772139094,-12.274776460558822,True
2022-01-05,False,345,360,,insufficient_minutes,True,240,240,5.5761627026035115e-06,ok,True,1354,1440,5.79167400252634e-05,ok,48.0,1820.685,1813.311,0.004065946184384663,256.0,1829.505,1808.193,0.011748686596949335,,,,,-11.87678585440738,-10.177131198620508,,-12.09700970584217,-12.386487845855248,-12.302075900964567,False
2022-01-06,True,359,360,7.260120967531842e-06,ok,True,240,240,2.2455638398069987e-05,ok,True,1366,1440,7.414140262061891e-05,ok,48.0,1807.097,1793.647,0.007468135492522173,265.0,1811.443,1786.295,0.013891006308067869,71.0,1811.443,1802.98,0.0046747091770788255,-12.09700970584217,-9.756504095565031,-11.833114067071914,-10.70396882172093,-12.373171249455165,-12.32813284726106,True
2022-01-07,False,345,360,,insufficient_minutes,True,240,240,5.648135232190662e-06,ok,True,1297,1440,8.961780893174806e-05,ok,48.0,1793.89,1787.745,0.0034331335095061813,247.0,1798.58,1782.514,0.008968179318929709,,,,,-10.70396882172093,-9.509536441879787,,-12.084185114683438,-11.709339372244635,-12.153176079596337,False
2022-01-10,False,354,360,,insufficient_complete_m5,True,239,240,7.040320927182498e-06,ok,True,1366,1440,3.9475690612141785e-05,ok,47.0,1802.238,1792.12,0.00564072831068057,265.0,1802.796,1790.292,0.006965066049480786,,,,,-12.084185114683438,-9.319956497334646,,-11.86385680258583,-11.642751274387235,-12.16630711950233,False
2022-01-11,True,356,360,4.097050191849862e-06,ok,True,239,240,3.6339102296604026e-06,ok,True,1369,1440,3.177223238667293e-05,ok,47.0,1810.165,1804.244,0.00327261773492407,269.0,1823.219,1801.175,0.012237692358936831,69.0,1808.635,1801.175,0.00414140741234208,-11.86385680258583,-10.139825503051174,-12.405243308595924,-12.52520129119569,-11.560643276564392,-12.141775504526302,True
2022-01-12,False,348,360,,insufficient_minutes,True,240,240,3.0658554780448574e-06,ok,True,1356,1440,2.6085214887513913e-05,ok,48.0,1818.43,1814.655,0.0020772003191460594,256.0,1827.97,1814.655,0.007313000829337713,,,,,-12.52520129119569,-10.356917845022954,,-12.695183915597305,-11.632741797856685,-12.144848972113188,False
2022-01-13,False,350,360,,insufficient_minutes,True,240,240,6.905635678613496e-06,ok,True,1363,1440,3.622913148636132e-05,ok,48.0,1827.535,1818.975,0.00468603304857663,263.0,1828.048,1812.3,0.008627622856516763,,,,,-12.695183915597305,-10.554141883551303,,-11.883172714715647,-11.691003392346285,-12.16216871708148,False
2022-01-14,True,360,360,4.541398052109929e-06,ok,True,240,240,8.220229071836159e-06,ok,True,1315,1440,4.134700287563894e-05,ok,48.0,1829.085,1819.624,0.005178873960297679,260.0,1829.085,1814.625,0.007941433302395082,72.0,1827.97,1819.555,0.004621518757929056,-11.883172714715647,-10.22564702556761,-12.302275652321738,-11.70891248166451,-12.155613111888242,-12.145260295105922,True
2022-01-17,False,354,360,,insufficient_complete_m5,True,238,240,2.1332034084257546e-06,ok,False,1174,1440,,insufficient_minutes,46.0,1823.085,1819.756,0.0018270428688249908,,,,,,,,,-11.70891248166451,-10.09351062096821,,-13.057885760421806,-12.062285722604027,-12.094979108253895,False
2022-01-18,True,355,360,5.372270519048132e-06,ok,True,240,240,6.212690379994704e-06,ok,True,1368,1440,9.143019825958319e-05,ok,48.0,1817.138,1809.095,0.00442840389157755,269.0,1822.663,1805.701,0.009323955507548705,70.0,1822.663,1815.245,0.004077650156526203,-13.057885760421806,-10.09351062096821,-12.13425992333957,-11.98891652234391,-12.248611368344703,-12.125315162398698,True
2022-01-19,False,352,360,,insufficient_minutes,True,240,240,5.834295637286306e-06,ok,True,1366,1440,4.6004733182782175e-05,ok,48.0,1819.845,1811.27,0.004733567757641356,264.0,1843.25,1810.205,0.01821283303387387,,,,,-11.98891652234391,-9.299934737359981,,-12.051757012916436,-12.14638534693301,-12.117629106655311,False
2022-01-20,False,355,360,,insufficient_complete_m5,True,239,240,4.473556605353735e-06,ok,True,1370,1440,4.059221789009762e-05,ok,47.0,1842.049,1836.665,0.002927479100115552,268.0,1847.798,1835.899,0.006471594248064064,,,,,-12.051757012916436,-9.986766271490662,,-12.317326804556366,-12.047154348547233,-12.107931257759034,False
2022-01-21,True,357,360,4.219685121452031e-06,ok,True,240,240,1.4037241868460855e-05,ok,True,1314,1440,5.305045559812923e-05,ok,48.0,1838.935,1828.362,0.005752401367779841,259.0,1843.12,1828.362,0.008024860864529392,69.0,1841.985,1836.253,0.0031168520446864635,-12.317326804556366,-10.111934187312885,-12.375750048469909,-11.17379662678039,-12.133790120383901,-12.099403627468355,True
2022-01-24,False,353,360,,insufficient_complete_m5,True,240,240,7.3356551439296715e-06,ok,True,1368,1440,5.4106775342796944e-05,ok,48.0,1844.25,1837.065,0.003909128672357045,266.0,1844.25,1829.625,0.007971048063375964,,,,,-11.17379662678039,-9.844267104852012,,-11.822763832848743,-11.937849029882678,-12.01354624912415,False
2022-01-25,False,356,360,,insufficient_complete_m5,True,240,240,7.145869095352781e-06,ok,True,1369,1440,7.13062403288619e-05,ok,48.0,1843.115,1834.815,0.004508872428788311,268.0,1853.76,1834.815,0.010275836650809462,,,,,-11.822763832848743,-9.824551142563424,,-11.848976117121275,-11.790170469994136,-11.976740792280049,False
2022-01-26,False,350,360,,insufficient_minutes,True,240,240,5.267487503803036e-06,ok,True,1365,1440,9.059930705887784e-05,ok,48.0,1847.665,1842.76,0.0026598701245881934,265.0,1849.495,1814.743,0.018789181298406364,,,,,-11.848976117121275,-9.548526712229938,,-12.15395706359114,-11.765842419028651,-11.939168801866638,False
2022-01-27,True,360,360,1.516041200205626e-05,ok,True,240,240,1.0862681796995408e-05,ok,True,1376,1440,0.00010119136685750702,ok,48.0,1816.81,1807.545,0.005116071034147564,274.0,1821.84,1791.735,0.016523368999953356,72.0,1821.84,1812.163,0.0053112985156135864,-12.15395706359114,-9.309063993301345,-11.096823001202694,-11.430177331310704,-11.780548466751416,-11.939389803561292,True
2022-01-28,False,355,360,,insufficient_complete_m5,True,240,240,1.2475254287323608e-05,ok,True,1313,1440,7.118183833669074e-05,ok,48.0,1795.855,1780.245,0.008691633537121865,257.0,1799.31,1780.245,0.010607578033717273,,,,,-11.430177331310704,-9.198497112481965,,-11.291763532781042,-11.626118006393895,-11.877485907398423,False
2022-01-31,True,360,360,3.7991935877215998e-06,ok,True,240,240,9.64889913315928e-06,ok,True,1371,1440,4.161376092676775e-05,ok,48.0,1793.55,1786.985,0.0036695658006528947,269.0,1799.739,1785.485,0.007964730336827593,72.0,1790.25,1785.485,0.0026625466574283657,-11.291763532781042,-9.550272851625524,-12.480721727509934,-11.548666728586296,-11.661728353783325,-11.810278772603393,True
2022-02-01,False,353,360,,insufficient_complete_m5,True,240,240,4.3930247436343715e-06,ok,True,1359,1440,3.602242868063408e-05,ok,48.0,1808.21,1801.806,0.003549771071915566,263.0,1808.665,1795.69,0.007217074011858757,,,,,-11.548666728586296,-10.087079653887665,,-12.33549256047241,-11.609432140324003,-11.768317163593563,False
2022-02-02,False,346,360,,insufficient_minutes,True,240,240,5.16168037459512e-06,ok,True,1348,1440,3.3948019094164734e-05,ok,48.0,1803.565,1796.38,0.003998675456146716,253.0,1810.672,1794.372,0.009051708579409281,,,,,-12.33549256047241,-10.231368794597369,,-12.174248377493253,-11.671983391479968,-11.784958968632438,False
2022-02-03,False,346,360,,insufficient_minutes,True,240,240,3.076625756481138e-06,ok,True,1353,1440,4.793490806764981e-05,ok,48.0,1805.97,1802.155,0.0021140887529370344,253.0,1808.905,1788.56,0.011253543524856545,,,,,-12.174248377493253,-10.2906800534037,,-12.691677095124401,-11.674467452167859,-11.787682987123235,False
2022-02-04,False,354,360,,insufficient_complete_m5,True,240,240,4.040087866743685e-06,ok,True,1307,1440,9.949443774968777e-05,ok,48.0,1814.38,1806.157,0.004549654474131307,253.0,1814.825,1792.074,0.01259902258033253,,,,,-12.691677095124401,-9.945666549291543,,-12.419244117033744,-11.876611089395649,-11.924115033942172,False
2022-02-07,False,355,360,,insufficient_complete_m5,True,240,240,3.58564207446017e-06,ok,True,1360,1440,3.357203893733569e-05,ok,48.0,1814.073,1809.91,0.0022960485131941497,262.0,1823.465,1808.629,0.008196096412964822,,,,,-12.419244117033744,-9.215408817375492,,-12.5385729996814,-12.154607286711238,-11.936318790030146,False
2022-02-08,True,356,360,2.9839646982395005e-06,ok,True,240,240,4.996263113567439e-06,ok,True,1364,1440,2.3179182812169465e-05,ok,48.0,1820.945,1817.135,0.0020963899175199573,264.0,1828.68,1815.37,0.007304978746408663,69.0,1823.15,1818.885,0.0023407764352692166,-12.5385729996814,-10.301817011928575,-12.722257706041432,-12.206820302242322,-12.416445055353977,-11.963051754933112,True
2022-02-09,False,350,360,,insufficient_minutes,True,238,240,1.213779289357543e-06,ok,True,1349,1440,2.1382984489034517e-05,ok,47.0,1828.285,1825.635,0.0014506438942946398,255.0,1835.72,1824.612,0.006083541905132207,,,,,-12.206820302242322,-10.672255974678874,,-13.621771686338484,-12.387100678366398,-11.952424106599024,False
2022-02-10,False,331,360,,insufficient_minutes,True,238,240,2.8900585154360285e-06,ok,True,1345,1440,6.63982510896571e-05,ok,46.0,1834.75,1830.32,0.0024145965906768574,252.0,1841.84,1821.686,0.010997249869041381,,,,,-13.621771686338484,-10.752915069544752,,-12.754233808489193,-12.596901502012892,-11.966899829424799,False
2022-02-11,False,355,360,,insufficient_complete_m5,True,240,240,3.68243847450876e-06,ok,True,1314,1440,0.00010558994280602319,ok,48.0,1827.695,1825.09,0.0014264827480464678,259.0,1865.304,1820.834,0.024343047013775432,,,,,-12.754233808489193,-9.619839840839951,,-12.51193539628246,-12.607994187916042,-11.999024121726237,False
2022-02-14,True,360,360,1.058558105738139e-05,ok,True,240,240,1.0604499185828807e-05,ok,True,1376,1440,7.74001301925863e-05,ok,48.0,1858.379,1852.09,0.003391219712104906,274.0,1874.064,1850.709,0.012558477173737708,72.0,1860.625,1851.402,0.0049594020540947225,-12.51193539628246,-9.15594742980692,-11.45601776046922,-11.454232195407023,-12.629609174536853,-12.036613159429445,True
2022-02-15,True,360,360,1.2141161831779852e-05,ok,True,240,240,4.134880874475943e-05,ok,True,1375,1440,0.00010745405962797587,ok,48.0,1877.163,1849.86,0.014555700089563755,273.0,1879.41,1844.355,0.018734167744417995,72.0,1879.337,1870.079,0.004947680073536505,-11.454232195407023,-9.466522095295248,-11.318909074129616,-10.093466945984305,-12.272766508391037,-11.967546173597158,True
2022-02-16,True,360,360,2.0036674273677267e-06,ok,True,238,240,4.4252678668951265e-06,ok,True,1374,1440,4.421265808390537e-05,ok,46.0,1859.525,1853.92,0.0030211073261179004,272.0,1872.475,1850.167,0.012038596036782796,72.0,1854.65,1850.167,0.002419267797781038,-10.093466945984305,-9.138447154035473,-13.120531342920934,-12.32817974644499,-11.334953617629766,-11.723190740830788,True
2022-02-17,True,360,360,1.2580649999847352e-05,ok,True,240,240,2.972761420119843e-05,ok,True,1376,1440,8.81009888046847e-05,ok,48.0,1893.235,1875.271,0.009575077933426953,274.0,1901.03,1867.75,0.017796601105870512,72.0,1876.196,1867.75,0.004516529234981397,-12.32817974644499,-10.026499427891306,-11.28335063872255,-10.423434173040897,-11.28259066815604,-11.731922491010982,True
2022-02-18,True,360,360,1.2218978745699911e-05,ok,True,240,240,1.0100550499072622e-05,ok,True,1319,1440,5.4426483460500864e-05,ok,48.0,1895.785,1886.511,0.004902455721161658,263.0,1902.42,1886.511,0.008372937554274944,72.0,1902.42,1888.266,0.0074492776505881405,-10.423434173040897,-9.337026801422416,-11.312520180078172,-11.50292063074372,-10.927490134810355,-11.585932387151667,True
2022-02-21,True,360,360,2.3554770877444437e-05,ok,True,240,240,9.087125926510257e-06,ok,False,1226,1440,,insufficient_minutes,48.0,1898.601,1891.253,0.0038841931101561943,,,,,72.0,1908.193,1889.144,0.009999895008714265,-11.50292063074372,-9.818659694246806,-10.656182172989936,-11.608651879472069,-10.858449047637105,-11.607334019192022,True
2022-02-22,True,360,360,1.3750063091187269e-05,ok,True,240,240,3.312012494355154e-05,ok,True,1376,1440,8.074366856769812e-05,ok,48.0,1911.635,1891.321,0.010642650760844264,274.0,1913.891,1891.321,0.011819662430022132,72.0,1913.891,1905.221,0.004540384283043509,-11.608651879472069,-9.818659694246806,-11.194467145412238,-10.315369456004102,-10.87434675487924,-11.597755630987313,True
2022-02-23,True,358,360,4.411290643013706e-06,ok,True,240,240,9.061801195514403e-06,ok,True,1374,1440,4.613938760242028e-05,ok,48.0,1897.61,1889.554,0.004251434120186297,272.0,1911.485,1889.554,0.011552846727632756,70.0,1901.24,1894.555,0.0035215348307977294,-10.315369456004102,-9.424231006765927,-12.331343248508027,-11.611442650217048,-10.96525868652638,-11.465527153274012,True
2022-02-24,True,360,360,9.304788334253771e-05,ok,True,240,240,6.593611996903557e-05,ok,True,1376,1440,0.00046228101640738954,ok,48.0,1974.28,1938.844,0.018215745238645963,274.0,1974.28,1877.777,0.05050384523800175,72.0,1948.933,1910.03,0.020359481998424758,-11.611442650217048,-9.983843577902753,-9.28239632266255,-9.626824163892467,-10.913021218016869,-11.44759556335559,True
2022-02-25,True,360,360,3.95887777747432e-05,ok,True,240,240,5.530592991186412e-05,ok,True,1319,1440,0.0001679933960482845,ok,48.0,1915.762,1892.709,0.012047619794197975,263.0,1921.65,1882.771,0.020391422584815726,72.0,1921.65,1904.259,0.009121305336364892,-9.626824163892467,-7.679337591175991,-10.136964869392926,-9.802630423505612,-10.578357012713527,-11.218110146612657,True
2022-02-28,True,360,360,3.686222842657295e-05,ok,True,240,240,2.0774452490662088e-05,ok,True,1376,1440,0.00016065504339214312,ok,48.0,1908.965,1894.678,0.007533448230678333,274.0,1919.286,1890.773,0.014925927864733365,72.0,1919.286,1904.324,0.007832277652724698,-9.802630423505612,-8.691585888570046,-10.20832315105048,-10.781786571810134,-10.274486876887913,-11.070144206923768,True
2022-03-01,True,360,360,5.3167605577162464e-06,ok,True,240,240,2.0641643613382724e-05,ok,True,1376,1440,0.00011314929733715194,ok,48.0,1926.278,1907.098,0.010053859964093392,274.0,1950.147,1901.323,0.025611448145262946,72.0,1907.765,1901.323,0.0033792591543459084,-10.781786571810134,-8.736251079231044,-12.144646357798921,-10.788199988090073,-10.208934878043378,-11.035040800502372,True
2022-03-02,True,360,360,2.1759116406451125e-05,ok,True,240,240,6.28109300752632e-05,ok,True,1376,1440,0.00020739952289715568,ok,48.0,1944.73,1911.25,0.01721465096369653,274.0,1947.876,1911.25,0.018856151442295306,72.0,1943.76,1930.897,0.006622254027255112,-10.788199988090073,-9.086802395915925,-10.735477743122171,-9.675381453849885,-10.279083534633147,-10.985890385112745,True
2022-03-03,True,360,360,1.0405881277149881e-05,ok,True,240,240,1.9136223278500067e-05,ok,True,1376,1440,8.480087818440558e-05,ok,48.0,1938.678,1923.582,0.007812916465038287,274.0,1941.135,1921.947,0.009947483838190137,72.0,1930.755,1921.947,0.004566262124597689,-9.675381453849885,-8.480863562570935,-11.473139404237752,-10.863927512282306,-10.006765455847496,-10.828743946830485,True
2022-03-04,True,360,360,3.54065526969808e-05,ok,True,240,240,1.2355239926183043e-05,ok,True,1319,1440,0.00014146653689537004,ok,48.0,1948.98,1933.948,0.007763700876463531,263.0,1970.529,1929.532,0.02118735384178094,72.0,1950.811,1929.532,0.010997041305443222,-10.863927512282306,-9.37520465927186,-10.248613650519772,-11.301430299353044,-10.23941253445835,-10.78903241701888,True
2022-03-07,True,360,360,4.5095091782241e-05,ok,True,240,240,4.406372068972276e-05,ok,True,1376,1440,0.00031889751651350445,ok,48.0,2002.49,1985.599,0.008474610286333594,274.0,2002.49,1960.846,0.02093878607935762,72.0,2000.986,1983.217,0.008934331232448987,-11.301430299353044,-8.863447357220709,-10.00673714704008,-10.029873774178979,-10.514365660930443,-10.76907444464004,True
2022-03-08,True,360,360,3.02918710998784e-05,ok,True,240,240,8.023609463863574e-05,ok,True,1376,1440,0.0007208010434044378,ok,48.0,2020.047,1999.125,0.010377255547729832,274.0,2070.256,1980.886,0.044710261297633114,72.0,1999.949,1980.886,0.009536888341913232,-10.029873774178979,-8.050640771643984,-10.404631161974676,-9.430537086499108,-10.355995479537814,-10.677231978690582,True
2022-03-09,True,360,360,4.2123573965161575e-05,ok,True,240,240,9.283631517456687e-05,ok,True,1376,1440,0.0004507413927699264,ok,48.0,2049.204,2004.095,0.022047894504033643,274.0,2059.082,1975.81,0.04074211793255961,72.0,2059.082,2035.025,0.011770260484959874,-9.430537086499108,-7.235147404106768,-10.074903022323829,-9.28467266740854,-10.037694791283807,-10.526134474541095,True
2022-03-10,True,360,360,3.591914072804612e-05,ok,True,240,240,7.449176599004338e-05,ok,True,1376,1440,0.0002760689381200988,ok,48.0,2007.85,1974.684,0.016788831068904744,274.0,2009.079,1970.296,0.019489385438364135,72.0,1990.005,1970.296,0.009904244065820614,-9.28467266740854,-7.70461679141552,-10.234240236641403,-9.504821962310524,-9.908992301071077,-10.368471864742093,True
2022-03-11,True,360,360,2.2856098769044422e-05,ok,True,240,240,4.7041894021617505e-05,ok,True,1319,1440,0.00022155895319037877,ok,48.0,1994.851,1969.322,0.012818240473183936,263.0,1997.131,1958.456,0.019382175915485286,72.0,1997.131,1980.95,0.008109191686838182,-9.504821962310524,-8.194859947638445,-10.686292571683378,-9.964471991119481,-9.707976242836219,-10.2605244665557,True
2022-03-14,True,360,360,1.7354427358662896e-05,ok,True,240,240,4.319291226943529e-05,ok,True,1376,1440,0.00012776739746564637,ok,48.0,1973.428,1954.149,0.00977200843437017,274.0,1978.693,1949.596,0.014737396580672763,72.0,1978.693,1969.96,0.00442319429284856,-9.964471991119481,-8.414821849533503,-10.961662904950419,-10.049834144011955,-9.599922907010205,-10.200403967466958,True
2022-03-15,True,360,360,3.4929217444985795e-05,ok,True,240,240,2.4216963514625232e-05,ok,True,1375,1440,0.00016827962997012727,ok,48.0,1935.275,1920.497,0.00765979282587682,273.0,1952.174,1906.927,0.023177019370869995,72.0,1952.174,1925.621,0.013601330372283407,-10.049834144011955,-8.965299154468497,-10.26218690291823,-10.628457198688801,-9.602497479367585,-10.15748402874599,True
2022-03-16,True,360,360,8.64991685669616e-06,ok,True,240,240,2.4121651495031515e-05,ok,True,1375,1440,0.0001965525392965901,ok,48.0,1927.047,1911.556,0.008083849521732089,273.0,1929.48,1894.852,0.018053183067398844,72.0,1924.733,1915.147,0.004997626570523446,-10.628457198688801,-8.689883498138315,-11.65796084900932,-10.632400718505986,-9.783822374660145,-10.179817385919206,True
2022-03-17,True,360,360,1.3420194305385763e-05,ok,True,240,240,1.710165278735104e-05,ok,True,1376,1440,8.440803144248925e-05,ok,48.0,1946.845,1934.676,0.00628679329112523,274.0,1949.685,1925.436,0.012583123389747847,72.0,1938.12,1925.436,0.006581893565737191,-10.632400718505986,-8.534580786838266,-11.21874994773377,-10.976335444895325,-10.063350307892186,-10.154183362997678,True
2022-03-18,True,360,360,1.4542507309425912e-05,ok,True,240,240,1.8032635358620912e-05,ok,False,1259,1440,,insufficient_minutes,48.0,1940.538,1928.742,0.006098503550480963,,,,,72.0,1945.279,1926.311,0.009757176550471872,-10.976335444895325,-9.37984800161852,-11.138434658536493,-10.923327366226541,-10.377177493725018,-10.170539742039749,True
2022-03-21,True,360,360,8.97629604537405e-06,ok,True,240,240,9.887103953537878e-06,ok,True,1376,1440,5.8777804837779427e-05,ok,48.0,1928.814,1922.442,0.0033097945922361477,274.0,1940.641,1917.723,0.011941651707904281,72.0,1928.84,1918.669,0.005299700651064302,-10.923327366226541,-9.37984800161852,-11.620923227845688,-11.524279280940712,-10.583396226697076,-10.160232876408083,True
2022-03-22,True,360,360,9.75621169037437e-06,ok,True,240,240,1.6022259563680574e-05,ok,True,1376,1440,7.8281089605175e-05,ok,48.0,1933.469,1922.615,0.005613305613305635,274.0,1938.346,1910.229,0.014525232017812334,72.0,1938.346,1929.212,0.004718621092246622,-11.524279280940712,-9.7417462430642,-11.537606379365652,-11.041531579848163,-10.888485406272192,-10.159199266482952,True
2022-03-23,True,359,360,7.865352721614247e-06,ok,True,240,240,1.4579278332018041e-05,ok,True,1375,1440,6.182535840852443e-05,ok,48.0,1934.92,1920.299,0.0076126260982753505,273.0,1948.265,1915.458,0.017089248832527246,71.0,1924.377,1915.458,0.004645929537516634,-11.041531579848163,-9.455204496202983,-11.75304317546481,-11.13590932972689,-10.980354359434775,-10.181526522952042,True
2022-03-24,True,360,360,9.273583970377542e-06,ok,True,240,240,1.766708215730715e-05,ok,True,1376,1440,9.717791596070946e-05,ok,48.0,1956.647,1937.77,0.009710316021224092,274.0,1966.054,1937.335,0.014756713844920678,72.0,1948.56,1937.683,0.005588940300539755,-11.13590932972689,-9.691196947428034,-11.588340632783687,-10.943807415018673,-11.099188926386175,-10.174266901549112,True
2022-03-25,True,359,360,1.1041996850831032e-05,ok,True,240,240,1.209100997073241e-05,ok,False,1258,1440,,insufficient_minutes,48.0,1960.61,1949.841,0.005508721673742905,,,,,71.0,1964.255,1956.581,0.003916604996555085,-10.943807415018673,-9.23896707436249,-11.413804659301608,-11.323048359131663,-11.091739783612104,-10.2396377920651,True
2022-03-28,True,360,360,2.5581916799673252e-05,ok,True,240,240,1.5293517766657962e-05,ok,True,1376,1440,0.00012897992557776806,ok,48.0,1936.607,1925.225,0.00588667301088174,274.0,1958.301,1916.92,0.021142575842304036,72.0,1958.301,1932.249,0.013310610807948204,-11.323048359131663,-9.23896707436249,-10.573624831091898,-11.08808149472349,-11.172934654691955,-10.302025465208738,True
2022-03-29,True,360,360,1.23414123506666e-05,ok,True,240,240,2.3411633115238787e-05,ok,True,1376,1440,0.00015182599357588795,ok,48.0,1924.608,1909.304,0.00795122445427545,274.0,1929.276,1889.977,0.020423711857227855,72.0,1929.276,1921.215,0.0041893061218126896,-11.08808149472349,-8.955853781388194,-11.302550092983884,-10.66227751745773,-11.098789421110364,-10.310223626113467,True
2022-03-30,True,360,360,1.1545392778276855e-05,ok,True,240,240,1.404898634644962e-05,ok,True,1374,1440,6.991361963213342e-05,ok,48.0,1926.26,1917.12,0.00475016176015846,273.0,1938.46,1915.87,0.011787142674517881,72.0,1927.255,1915.87,0.00594053206504594,-10.66227751745773,-8.792775471984113,-11.369224094231393,-11.172960310947348,-11.005595688460597,-10.306071987651558,True
2022-03-31,True,360,360,1.8619869229550228e-05,ok,True,240,240,1.5103375962219665e-05,ok,True,1376,1440,7.432059811108672e-05,ok,48.0,1933.826,1922.458,0.005900732426855256,274.0,1949.726,1919.08,0.015844932062126543,72.0,1934.085,1919.08,0.007758050172688411,-11.172960310947348,-9.568250083181585,-10.891281309257618,-11.10059226547533,-11.012001953420546,-10.381800907558285,True
2022-04-01,True,360,360,8.802519913897047e-06,ok,True,240,240,1.3410835295658612e-05,ok,False,1259,1440,,insufficient_minutes,48.0,1936.411,1927.165,0.004784513204500989,,,,,72.0,1939.492,1932.423,0.0036498149922255998,-11.10059226547533,-9.507122415710036,-11.640472523619616,-11.219447573597993,-11.043565503317808,-10.388328564501192,True
2022-04-04,True,360,360,4.771244764520334e-06,ok,True,240,240,6.129892409732003e-06,ok,True,1374,1440,6.56761877645336e-05,ok,48.0,1932.98,1925.565,0.0038458047534457754,272.0,1936.815,1915.371,0.011141418707233796,72.0,1926.729,1915.371,0.005901148744486155,-11.219447573597993,-9.507122415710036,-12.252903330184857,-12.002333359600524,-11.02719184716096,-10.386615833003763,True
2022-04-05,True,360,360,4.938038243895413e-06,ok,True,240,240,7.4131718117199635e-06,ok,True,1376,1440,7.755658910760322e-05,ok,48.0,1933.145,1925.42,0.003996761200632191,274.0,1944.499,1917.789,0.013827592544178686,72.0,1933.07,1926.48,0.0034115999575490934,-12.002333359600524,-9.630774137066549,-12.218542422256492,-11.81225216547478,-11.146828920218374,-10.450083956443594,True
2022-04-06,True,360,360,1.2277792562528825e-05,ok,True,240,240,1.974716030312276e-05,ok,True,1376,1440,0.0001288105650018012,ok,48.0,1933.4,1914.537,0.009825630607753542,274.0,1933.4,1914.537,0.009821077595520332,72.0,1925.222,1916.554,0.004513020229972376,-11.81225216547478,-9.464502706024586,-11.307718410155543,-10.83250085907515,-11.397701045100803,-10.584520532630517,True
2022-04-07,True,360,360,8.10472008474858e-06,ok,True,240,240,5.921837966860316e-06,ok,True,1376,1440,5.2230770389193966e-05,ok,48.0,1928.696,1924.065,0.0024055080993057,274.0,1937.674,1920.467,0.008943905025261389,72.0,1927.29,1920.467,0.0035464789903735497,-10.83250085907515,-8.957167721246503,-11.723063939492874,-12.036863689878329,-11.300973332095436,-10.740494058715798,True
2022-04-08,True,360,360,5.983259912845214e-06,ok,True,240,240,7.028609763848164e-06,ok,False,1259,1440,,insufficient_minutes,48.0,1934.501,1929.264,0.0027132887422091152,,,,,72.0,1935.44,1927.61,0.004050614576004715,-12.036863689878329,-9.859838765688144,-12.026545002607053,-11.865521629330159,-11.461797126232334,-10.912895021964422,True
2022-04-11,True,360,360,1.3172848771923688e-05,ok,True,240,240,1.3642466356048323e-05,ok,True,1376,1440,8.683101566708766e-05,ok,48.0,1959.252,1941.56,0.009104520585906677,274.0,1969.478,1939.876,0.015221650306212219,72.0,1947.724,1939.876,0.0040355216405361955,-11.865521629330159,-9.859838765688144,-11.237352757937064,-11.202323104002437,-11.591088707747131,-11.0291990190589,True
2022-04-12,True,360,360,9.815688361803927e-06,ok,True,240,240,9.395493329916847e-06,ok,True,1376,1440,0.00011782414260510255,ok,48.0,1959.45,1949.59,0.005034439446313844,274.0,1978.558,1949.59,0.014833438732951544,72.0,1960.38,1949.691,0.0054734405763780655,-11.202323104002437,-9.35154667676921,-11.531528599042126,-11.575280416640627,-11.440544410765911,-11.124704437648028,True
2022-04-13,True,360,360,1.0008308833207466e-05,ok,True,240,240,9.432780711461117e-06,ok,True,1376,1440,5.378067724917584e-05,ok,48.0,1980.127,1965.576,0.007391059210760201,274.0,1981.424,1962.803,0.00947153985640852,72.0,1973.5,1962.803,0.005441010785886989,-11.575280416640627,-9.046317362031347,-11.512094926641943,-11.571319625523083,-11.404329968553288,-11.176275908193476,True
2022-04-14,True,360,360,8.172689900550636e-06,ok,True,240,240,1.5481959288878428e-05,ok,False,1259,1440,,insufficient_minutes,48.0,1978.275,1967.13,0.005647212623002312,,,,,72.0,1980.293,1972.16,0.0041135071024127265,-11.571319625523083,-9.830596314246806,-11.714712462086883,-11.075835128762884,-11.60896977536352,-11.230152485187329,True
2022-04-15,False,0,360,,insufficient_minutes,False,0,240,,insufficient_minutes,False,0,1440,,insufficient_minutes,,,,,,,,,,,,,-11.075835128762884,-9.830596314246806,,,-11.417955171099623,-11.236274930185052,False
2022-04-18,True,360,360,1.4278156649112476e-05,ok,True,240,240,5.91098693301405e-06,ok,True,1376,1440,5.5210292108728815e-05,ok,48.0,1993.82,1987.76,0.0030466652589665197,274.0,1998.328,1975.773,0.011351797514733966,72.0,1988.44,1982.49,0.0029945996547402977,-11.075835128762884,,-11.15677969558178,-12.038697746746369,-11.417955171099623,-11.236274930185052,False
2022-04-19,True,360,360,6.66894882303335e-06,ok,True,240,240,8.435383235366257e-06,ok,True,1376,1440,8.537159880446654e-05,ok,48.0,1981.11,1974.192,0.003503680687973326,274.0,1981.905,1943.521,0.01941277174668923,72.0,1978.843,1972.637,0.0031386948066891374,-12.038697746746369,-9.80436117081601,-11.918048308202696,-11.68307540904867,-11.438491937171005,-11.283325038858047,True
2022-04-20,True,360,360,1.5667390972165373e-05,ok,True,240,240,1.1163370414522282e-05,ok,True,1376,1440,5.7318009273316296e-05,ok,48.0,1953.65,1940.112,0.006972761523624111,274.0,1958.248,1939.229,0.00975395858708892,72.0,1950.09,1940.332,0.005004423360471728,-11.68307540904867,-9.368497079174745,-11.06392901372513,-11.40287263813675,-11.54016093616482,-11.289111256117344,True
2022-04-21,True,360,360,6.86032499148145e-06,ok,True,240,240,1.2119561758121445e-05,ok,True,1375,1440,7.311490437420327e-05,ok,48.0,1952.579,1941.88,0.0054793468212976214,273.0,1957.415,1936.64,0.010616552111812283,72.0,1957.415,1949.752,0.003915987428775845,-11.40287263813675,-9.766895685661204,-11.88975574249711,-11.320689736547681,-11.504471687389692,-11.308724878167405,True
2022-04-22,True,360,360,1.0599315079870748e-05,ok,True,240,240,3.727462223009872e-05,ok,False,1259,1440,,insufficient_minutes,48.0,1955.045,1930.745,0.012442870964611902,,,,,72.0,1953.582,1945.832,0.003972362607510072,-11.320689736547681,-9.523478321783346,-11.454721174040431,-10.197197832036895,-11.452559481211333,-11.318802507382623,True
2022-04-25,True,360,360,1.5140084763562357e-05,ok,True,240,240,1.633002404573909e-05,ok,True,1376,1440,0.00012732964413717505,ok,48.0,1921.094,1907.516,0.007079581419357516,274.0,1932.641,1891.393,0.02134172211471799,72.0,1932.641,1913.101,0.010109999275639747,-10.197197832036895,-9.523478321783346,-11.098164711320553,-11.022505178494368,-11.108742183769627,-11.241156887046118,True
2022-04-26,True,360,360,1.3016170364615399e-05,ok,True,240,240,1.7732707933870636e-05,ok,True,1376,1440,7.813160080764692e-05,ok,48.0,1909.532,1895.653,0.007296058372672456,274.0,1911.18,1895.653,0.008174256383258775,72.0,1907.375,1897.262,0.005324032640168495,-11.022505178494368,-8.968731211190224,-11.249318099272148,-10.94009971779367,-10.97850486474125,-11.22513463951474,True
2022-04-27,True,360,360,6.351294771340653e-06,ok,True,240,240,2.1880943959579916e-05,ok,True,1376,1440,0.00011222412616738569,ok,48.0,1903.43,1884.105,0.010178606228833,274.0,1906.92,1881.214,0.013482568537876195,72.0,1906.722,1895.736,0.005762059361904048,-10.94009971779367,-9.457115963138936,-11.966851864846129,-10.72989443876433,-10.875076573542247,-11.216030242182837,True
2022-04-28,True,360,360,1.751514556836801e-05,ok,True,240,240,1.9182058359267987e-05,ok,True,1374,1440,9.959431005899066e-05,ok,48.0,1891.67,1879.826,0.006292134831460702,272.0,1896.644,1871.942,0.013099540492598297,72.0,1886.776,1871.942,0.007866512171775723,-10.72989443876433,-9.095012559761116,-10.952444590280676,-10.861535176265688,-10.767775572408532,-11.221733920215847,True
2022-04-29,True,360,360,1.5573309710650343e-05,ok,True,240,240,9.17456121020559e-06,ok,False,1259,1440,,insufficient_minutes,48.0,1917.781,1909.95,0.004096675472783817,,,,,72.0,1908.275,1894.873,0.007070318064077089,-10.861535176265688,-9.214405522927365,-11.069952024981049,-11.599075989668021,-10.70288136098157,-11.202733983081309,True
2022-05-02,True,360,360,2.179181934065013e-05,ok,True,240,240,9.282542090655422e-06,ok,True,1376,1440,0.00011102884713907809,ok,48.0,1887.309,1876.695,0.005624041266283588,274.0,1898.432,1854.291,0.02326535022413611,72.0,1898.432,1882.619,0.008334541199661675,-11.599075989668021,-9.214405522927365,-10.73397591819994,-11.58737511649604,-10.990563099955864,-11.224711931330095,True
2022-05-03,True,359,360,1.1391976634816304e-05,ok,True,240,240,2.1351404795245256e-05,ok,True,1375,1440,8.563740111218403e-05,ok,48.0,1860.882,1850.331,0.005675586264769331,273.0,1878.019,1850.331,0.01486005635314644,71.0,1867.088,1857.396,0.005201663759559913,-11.58737511649604,-9.105720506280134,-11.382601254313585,-10.754393022082116,-11.077865133878202,-11.240305759642748,True
2022-05-04,True,360,360,7.856119664124754e-06,ok,True,240,240,9.82762516680335e-06,ok,False,1240,1440,,insufficient_minutes,48.0,1872.01,1865.996,0.0032215469746437876,,,,,72.0,1868.39,1861.517,0.0036784697394618223,-10.754393022082116,-9.365388441361551,-11.754217754833013,-11.530313243348562,-11.032086866391309,-11.18397557000311,True
2022-05-05,True,360,360,1.3265306633232793e-05,ok,True,240,240,1.3248226398389245e-05,ok,True,1376,1440,0.00012180778223145911,ok,48.0,1899.275,1889.464,0.005169656524247828,274.0,1909.691,1872.39,0.01969424579132575,72.0,1903.331,1892.973,0.005468834559570829,-11.530313243348562,-9.365388441361551,-11.230358454679978,-11.231646871216993,-11.193480347297017,-11.175324937063996,True
2022-05-06,True,360,360,1.7246224581267324e-05,ok,True,240,240,1.2933592440578235e-05,ok,False,1259,1440,,insufficient_minutes,48.0,1884.83,1873.005,0.006312068113753779,,,,,72.0,1877.86,1865.96,0.006349020036760219,-11.231646871216993,-9.013066311203644,-10.967917303295382,-11.255682566138507,-11.283650991644924,-11.198782225421391,True
2022-05-09,True,360,360,1.4236485424075147e-05,ok,True,240,240,1.9393642042284107e-05,ok,True,1376,1440,8.253515446217654e-05,ok,48.0,1872.718,1856.108,0.008875162635618805,274.0,1882.03,1851.618,0.01616503086887309,72.0,1882.03,1870.598,0.006076503777882322,-11.255682566138507,-9.013066311203644,-11.159702492550153,-10.850565275389302,-11.225592590105757,-11.173497171715567,True
2022-05-10,True,360,360,1.1779704935908526e-05,ok,True,240,240,8.724181584075961e-06,ok,True,1376,1440,9.446237358291695e-05,ok,48.0,1864.995,1856.205,0.0047261748899779625,274.0,1865.4,1833.053,0.017440462390346727,72.0,1865.267,1852.442,0.006914827654997301,-10.850565275389302,-9.402286240691673,-11.349132427940061,-11.649411895527434,-11.084336573026576,-11.130408486888845,True
2022-05-11,True,360,360,9.789591210170205e-06,ok,True,240,240,1.8343368419156013e-05,ok,True,1376,1440,0.00012066456992393192,ok,48.0,1854.29,1843.125,0.006054181262132744,274.0,1858.136,1831.95,0.014280533461308743,72.0,1839.968,1831.95,0.004372615798242353,-11.649411895527434,-9.267308965896305,-11.534190858149609,-10.906242442833706,-11.264078804848383,-11.147325628881465,True
2022-05-12,False,318,360,,insufficient_minutes,False,171,240,,insufficient_minutes,False,1205,1440,,insufficient_minutes,,,,,,,,,,,,,-10.906242442833706,-9.022496011278589,,,-11.13939128756341,-11.116758305737683,False
2022-05-13,True,360,360,1.0087283819171612e-05,ok,True,240,240,1.4498290288160713e-05,ok,False,1259,1440,,insufficient_minutes,48.0,1828.765,1815.619,0.007213089568290162,,,,,72.0,1828.397,1820.791,0.004175690847353407,-10.906242442833706,-9.022496011278589,-11.504234955163236,-11.141479826651143,-11.13939128756341,-11.116758305737683,True
2022-05-16,True,360,360,1.1629431841155036e-05,ok,True,240,240,6.780099035075496e-05,ok,True,1376,1440,0.0001302975230347834,ok,48.0,1810.068,1786.421,0.013087779499667886,274.0,1829.188,1786.421,0.023584916065559333,72.0,1817.516,1806.506,0.006071735821586918,-11.141479826651143,,-11.361971445494191,-9.598933756181316,-11.122329357603208,-11.099859144103396,False
2022-05-17,True,360,360,9.688689129751662e-06,ok,True,240,240,1.4009975801440577e-05,ok,True,1376,1440,8.36147882684711e-05,ok,48.0,1830.385,1823.304,0.0038687118407932488,274.0,1836.02,1812.713,0.012760645505687195,72.0,1828.875,1821.759,0.0038960292366443483,-9.598933756181316,-8.94569008372419,-11.544551421940245,-11.175740924851642,-10.566994592924244,-10.940229641590085,True
2022-05-18,True,360,360,1.1914654323852352e-05,ok,True,240,240,1.4752650319233504e-05,ok,True,1376,1440,7.610309316156784e-05,ok,48.0,1820.321,1809.357,0.006058345558880135,274.0,1824.705,1807.176,0.009659953543608662,72.0,1817.17,1807.605,0.005271119610052907,-11.175740924851642,-9.38929016035384,-11.337741459680634,-11.124087808659542,-10.609705330858601,-10.917647285766048,True
2022-05-19,True,360,360,5.174690897580459e-06,ok,True,240,240,3.0756292005147243e-05,ok,True,1376,1440,9.578760461205721e-05,ok,48.0,1830.67,1810.78,0.010963902906895076,274.0,1849.025,1810.78,0.02105839858160721,72.0,1817.629,1813.052,0.0025201801623222866,-11.124087808659542,-9.483421647909942,-12.171730950532888,-10.389415966589597,-10.561999322711609,-10.900380228655283,True
2022-05-20,True,360,360,1.067913469650941e-05,ok,True,240,240,1.1005921962629004e-05,ok,False,1259,1440,,insufficient_minutes,48.0,1849.364,1841.709,0.004140208946691347,,,,,72.0,1846.623,1836.384,0.005557922849147928,-10.389415966589597,-9.253377269541952,-11.447218748640683,-11.417077069790786,-10.47040252345823,-10.848647876624701,True
2022-05-23,True,360,360,1.3166191896703164e-05,ok,True,240,240,1.3171562689671758e-05,ok,True,1376,1440,6.396777956118232e-05,ok,48.0,1865.379,1852.269,0.007074211773085565,274.0,1865.379,1845.731,0.01064110375455267,72.0,1858.152,1845.731,0.00672705363066469,-11.417077069790786,-9.253377269541952,-11.237858233853672,-11.237450393995841,-10.495336478095586,-10.85151763721159,True
2022-05-24,True,360,360,7.407365856987208e-06,ok,True,240,240,1.0883617701984954e-05,ok,True,1376,1440,5.832024205177492e-05,ok,48.0,1860.625,1851.327,0.005021738543382573,274.0,1869.612,1849.245,0.010985585026766914,72.0,1857.065,1849.245,0.004217964104154676,-11.237450393995841,-9.657131045731788,-11.813035666743026,-11.428251862431852,-10.997752471387772,-10.915737129429463,True
2022-05-25,True,360,360,8.066265517318954e-06,ok,True,240,240,1.2046172575311515e-05,ok,True,1376,1440,5.709781448103799e-05,ok,48.0,1860.01,1851.287,0.004695210944045259,274.0,1867.985,1840.612,0.014657838299512881,72.0,1867.985,1858.745,0.004947883896083733,-11.428251862431852,-9.74956131986482,-11.727819943964265,-11.326763577087114,-11.035821544077136,-10.93083791052671,True
2022-05-26,True,360,360,6.755370397575335e-06,ok,True,240,240,1.0304415224710062e-05,ok,True,1374,1440,5.3439494353767734e-05,ok,48.0,1850.722,1842.755,0.004313469644099431,273.0,1854.262,1840.286,0.007537848347724722,72.0,1854.262,1842.852,0.0061538959392915486,-11.326763577087114,-9.770744717323128,-11.905172754957636,-11.482938091985035,-11.069990317105836,-10.946851660242968,True
2022-05-27,True,360,360,1.2159919477298167e-05,ok,True,240,240,8.893067298352124e-06,ok,False,1257,1440,,insufficient_minutes,48.0,1860.374,1853.941,0.0034691588381850105,,,,,72.0,1856.398,1847.93,0.004570157969442249,-11.482938091985035,-9.836960490723618,-11.317365303380894,-11.63023854001079,-11.374700526584121,-10.980266655048487,True
2022-05-30,True,360,360,1.2873138016374293e-05,ok,True,240,240,6.468127769723599e-06,ok,False,1227,1440,,insufficient_minutes,48.0,1863.959,1854.306,0.005186062691562787,,,,,72.0,1863.315,1848.725,0.007886507801372514,-11.63023854001079,-9.836960490723618,-11.260367741960401,-11.94862386231286,-11.412196620138275,-11.010932432855359,True
2022-05-31,True,360,360,9.803027855326141e-06,ok,True,240,240,9.148913876782529e-06,ok,True,1376,1440,6.395564693325212e-05,ok,48.0,1857.035,1847.246,0.0052785686553643,274.0,1857.035,1835.035,0.011875458824545495,72.0,1854.456,1845.926,0.004604439262426033,-11.94862386231286,,-11.532819255178353,-11.601875387713463,-11.541419582446103,-11.019157498591465,False
2022-06-01,True,360,360,9.127772802264763e-06,ok,True,240,240,1.298266768722543e-05,ok,True,1376,1440,6.16151727658839e-05,ok,48.0,1837.14,1828.364,0.004785899701153975,274.0,1849.836,1828.364,0.011691868727844954,72.0,1837.965,1829.49,0.004614781458107536,-11.601875387713463,-9.657320731519592,-11.60418883591313,-11.251895344906545,-11.577769168780526,-11.019565363205878,True
2022-06-02,True,358,360,5.4932241578594755e-06,ok,True,240,240,6.384471157810534e-06,ok,True,1372,1440,4.800411517053944e-05,ok,48.0,1856.918,1849.583,0.0039604655369304955,270.0,1870.551,1843.988,0.01438917899937156,70.0,1848.964,1843.988,0.0026954995558058793,-11.251895344906545,-9.694602406619929,-12.111995196524619,-11.961641897624883,-11.557981580392504,-11.045445951117639,True
2022-06-03,False,337,360,,insufficient_minutes,True,240,240,4.3176705345035046e-06,ok,False,1236,1440,,insufficient_minutes,48.0,1866.777,1863.279,0.0018745779787998238,,,,,,,,,-11.961641897624883,-9.94422381801165,,-12.352794529268213,-11.643552558246142,-11.056291602850175,False
2022-06-06,True,360,360,5.597645251093027e-06,ok,True,240,240,5.735952606517326e-06,ok,True,1376,1440,3.3270639305680956e-05,ok,48.0,1855.828,1850.873,0.0026726718627794314,274.0,1857.705,1837.874,0.010709936299884645,72.0,1856.583,1850.362,0.0033597152801968,-12.352794529268213,-9.94422381801165,-12.093164539530495,-12.0687567171632,-11.753676852732946,-11.084982905753927,True
2022-06-07,True,360,360,8.607826825418645e-06,ok,True,240,240,1.0177788567632258e-05,ok,True,1376,1440,4.9379945301673875e-05,ok,48.0,1851.879,1841.467,0.005653656523533268,274.0,1855.506,1836.913,0.010107582997646154,72.0,1844.424,1836.913,0.004083152578675826,-12.0687567171632,-10.310835252438286,-11.662838672612146,-11.49530280348243,-11.772482102080822,-11.108721311880208,True
2022-06-08,True,360,360,8.532268342168719e-06,ok,True,240,240,6.374958241314209e-06,ok,True,1374,1440,3.911791357447305e-05,ok,48.0,1851.4,1846.37,0.0027195436789533814,272.0,1859.56,1844.406,0.008175155705049184,72.0,1853.694,1845.715,0.004304445517393942,-11.49530280348243,-9.915966181749882,-11.671655306587594,-11.963133017323322,-11.746155954987385,-11.139962548716415,True
2022-06-09,True,360,360,4.516430214609158e-06,ok,True,240,240,6.597895315694095e-06,ok,True,1375,1440,4.5090603346748414e-05,ok,48.0,1852.54,1847.457,0.002746638906683095,273.0,1855.275,1839.975,0.00825770516754246,72.0,1855.275,1850.763,0.0024352134454870946,-11.963133017323322,-10.148930048205829,-12.307788651686078,-11.92875985135012,-11.928718489642407,-11.148084887969565,True
2022-06-10,True,360,360,4.489866412011897e-06,ok,True,240,240,7.230817130211637e-06,ok,False,1258,1440,,insufficient_minutes,48.0,1847.525,1841.739,0.0031368934670642766,,,,,72.0,1848.184,1843.165,0.002717394246855698,-11.92875985135012,-10.006836684677172,-12.313687608988602,-11.837158508786777,-11.922270130870464,-11.189714333793217,True
2022-06-13,True,360,360,1.1623061853131466e-05,ok,True,240,240,1.4695421840139721e-05,ok,True,1376,1440,9.766488241039225e-05,ok,48.0,1865.217,1852.534,0.006812444272562223,274.0,1877.41,1811.626,0.035045548985136704,72.0,1877.41,1860.129,0.009206222364285428,-11.837158508786777,-10.006836684677172,-11.362519342701836,-11.127974552133198,-11.838173398310277,-11.216368161097979,True
2022-06-14,True,360,360,1.2680456421903036e-05,ok,True,240,240,1.61925538734281e-05,ok,True,1376,1440,6.898469823525706e-05,ok,48.0,1831.537,1820.014,0.006296807333433593,274.0,1831.537,1805.08,0.014528152173017792,72.0,1828.18,1819.237,0.004910808666262137,-11.127974552133198,-9.233968506617767,-11.275448614184793,-11.030959058834314,-11.616578969623102,-11.436249833513108,True
2022-06-15,True,360,360,8.646225513573876e-06,ok,True,240,240,1.9073583899747982e-05,ok,True,1376,1440,0.00017187097605800503,ok,48.0,1827.538,1817.308,0.00561905755826409,274.0,1841.824,1808.527,0.018385873076349677,72.0,1819.132,1808.527,0.005855848393990104,-11.030959058834314,-9.581625842666863,-11.658387689064092,-10.867206222094893,-11.49132746207504,-11.426193159351453,True
2022-06-16,True,360,360,9.102019057383217e-06,ok,True,240,240,3.872080529661533e-05,ok,True,1376,1440,0.00013453459375425362,ok,48.0,1836.008,1819.437,0.009054548037571178,274.0,1857.462,1815.163,0.023065933047229013,72.0,1836.395,1829.696,0.0036530103662826266,-10.867206222094893,-8.668766501843656,-11.607014294614247,-10.159133497822395,-11.269347767234002,-11.406577013668148,True
2022-06-17,True,360,360,9.47779029792917e-06,ok,True,240,240,8.619039751260514e-06,ok,False,1259,1440,,insufficient_minutes,48.0,1852.433,1841.895,0.0057114209449480435,,,,,72.0,1851.372,1841.538,0.005313191399696931,-10.159133497822395,-8.91368918935945,-11.566559359803,-11.661536877259467,-10.861505041853613,-11.371398189321843,True
2022-06-20,True,360,360,1.581865643185912e-05,ok,True,240,240,9.920095589535607e-06,ok,False,1226,1440,,insufficient_minutes,48.0,1844.03,1836.135,0.004284113508659109,,,,,72.0,1846.04,1835.1,0.005950470761649409,-11.661536877259467,-8.91368918935945,-11.054320527685304,-11.520948000672023,-10.84713504491605,-11.381811666578985,True
2022-06-21,True,360,360,6.5820505521178615e-06,ok,True,240,240,1.1118225030069244e-05,ok,True,1376,1440,5.125581194728578e-05,ok,48.0,1839.27,1832.536,0.0036713653673682042,274.0,1843.53,1828.508,0.008168236749452815,72.0,1842.345,1833.549,0.004782839199053899,-11.520948000672023,,-11.93116422711439,-11.40692490148049,-10.897457936851332,-11.396173912494199,False
2022-06-22,True,360,360,9.097610905346073e-06,ok,True,240,240,8.853662735893699e-06,ok,True,1376,1440,6.354659675775385e-05,ok,48.0,1832.205,1823.292,0.004880479451117183,274.0,1847.788,1823.292,0.013375486646900529,72.0,1831.541,1824.38,0.003910102052516821,-11.40692490148049,-9.878681542526008,-11.607498716784628,-11.634679316101801,-10.953861262647571,-11.39513068153136,True
2022-06-23,True,360,360,6.6870152935931585e-06,ok,True,240,240,1.6229058546281125e-05,ok,True,1376,1440,7.010901301466328e-05,ok,48.0,1838.04,1827.602,0.005686764842085696,274.0,1845.966,1822.45,0.012803641382614602,72.0,1838.546,1831.08,0.004064976465495951,-11.634679316101801,-9.663737113961776,-11.915342927831617,-11.028707185126954,-11.078136813315956,-11.409421070417642,True
2022-06-24,True,360,360,7.609232507018928e-06,ok,True,240,240,1.7947702654290698e-05,ok,False,1258,1440,,insufficient_minutes,48.0,1831.722,1821.086,0.005833299055297309,,,,,72.0,1827.052,1821.537,0.0030224809005512656,-11.028707185126954,-9.565459198512963,-11.786148244393669,-10.92804843705426,-11.422352275134777,-11.383061139549701,True
2022-06-27,True,359,360,5.623726540647757e-06,ok,True,240,240,1.270629398051328e-05,ok,True,1375,1440,4.8612757950006044e-05,ok,48.0,1840.98,1833.768,0.0039231365509363085,273.0,1840.98,1820.673,0.011090297423350418,71.0,1836.866,1828.152,0.00475899205924434,-10.92804843705426,-9.565459198512963,-12.088516028278235,-11.273413098246612,-11.264991829818928,-11.344071641903833,True
2022-06-28,True,360,360,4.385355458787436e-06,ok,True,240,240,5.415007427884089e-06,ok,True,1375,1440,3.3948060585418065e-05,ok,48.0,1829.365,1822.222,0.003909484728489777,273.0,1829.365,1818.199,0.006123019724612138,72.0,1826.9,1822.335,0.002503276468104504,-11.273413098246612,-9.93162455224797,-12.337239872988238,-12.126336305788515,-11.22242322871558,-11.318067903607183,True
2022-06-29,True,359,360,3.914949123990675e-06,ok,True,240,240,9.262282287238185e-06,ok,True,1373,1440,5.09036285920995e-05,ok,48.0,1826.392,1811.803,0.00802598860110465,272.0,1832.985,1811.803,0.011647901458599572,71.0,1822.91,1818.302,0.0025339217222750164,-12.126336305788515,-10.290678831204906,-12.450708223755198,-11.589560072369922,-11.311590393702264,-11.333551281305587,True
2022-06-30,True,360,360,4.8168749831814006e-06,ok,True,240,240,7.493418136860015e-06,ok,True,1376,1440,0.00011753317072068284,ok,48.0,1817.58,1810.014,0.004164327466067848,274.0,1825.037,1802.59,0.012340262945951284,72.0,1821.915,1814.985,0.003809775124312502,-11.589560072369922,-9.885576348302356,-12.243385183905753,-11.80148550447431,-11.304930558840931,-11.34922077128579,True
2022-07-01,True,360,360,1.494684201661347e-05,ok,True,240,240,1.2265932397692707e-05,ok,False,1259,1440,,insufficient_minutes,48.0,1798.525,1789.311,0.0051243263685355955,,,,,72.0,1807.177,1795.081,0.006695079426578847,-11.80148550447431,-9.048789960214528,-11.111010516788044,-11.308684862132859,-11.457969501104305,-11.34452437719172,True
2022-07-04,True,360,360,7.451300451352361e-06,ok,True,240,240,7.402675799414496e-06,ok,False,1206,1440,,insufficient_minutes,48.0,1812.27,1803.938,0.004601103337069961,,,,,72.0,1814.243,1805.421,0.00487885809723422,-11.308684862132859,-9.048789960214528,-11.807121983577641,-11.81366902859822,-11.571764329808687,-11.31149394183842,True
2022-07-05,True,360,360,7.173704222693362e-06,ok,True,240,240,9.025767873717633e-06,ok,True,1375,1440,0.00012958181717832997,ok,48.0,1809.734,1800.275,0.005228335489005976,273.0,1812.062,1763.747,0.0267034023832157,72.0,1812.062,1806.455,0.0030989543032741425,-11.81366902859822,,-11.845088408768333,-11.615426974404278,-11.691111997594403,-11.304703819587019,False
2022-07-06,True,360,360,1.0544014044830226e-05,ok,True,240,240,1.4419927129972635e-05,ok,True,1376,1440,0.00010708580517968822,ok,48.0,1771.734,1760.034,0.006612896844461172,274.0,1772.775,1732.193,0.022933449370039424,72.0,1772.775,1763.012,0.005517206303279722,-11.615426974404278,-8.951198083438925,-11.459952248183933,-11.146899479520195,-11.608333966719691,-11.309392152404229,True
2022-07-07,True,360,360,1.1541303004291637e-05,ok,True,240,240,9.901322416872721e-06,ok,True,1375,1440,5.7991210804703535e-05,ok,48.0,1745.415,1739.97,0.0031229388316939208,273.0,1749.005,1736.44,0.007221098365554846,72.0,1747.59,1736.44,0.006407898668996037,-11.146899479520195,-9.141880127299286,-11.369578391274722,-11.522842232282514,-11.5008443101406,-11.27710197811431,True
2022-07-08,True,360,360,8.128606632759573e-06,ok,True,240,240,3.879646296268879e-05,ok,False,1259,1440,,insufficient_minutes,48.0,1743.279,1733.128,0.005824451680461359,,,,,72.0,1746.548,1739.519,0.004035225700524135,-11.522842232282514,-9.755219096750814,-11.720121034977225,-10.157181476245885,-11.454361777323097,-11.264139142667132,True
2022-07-11,True,360,360,8.675848706458076e-06,ok,True,240,240,5.844674504087971e-06,ok,True,1373,1440,3.583756214100076e-05,ok,48.0,1740.705,1734.062,0.003818781760905073,272.0,1743.446,1731.187,0.007036182473540427,72.0,1743.446,1738.422,0.002883577840530734,-10.157181476245885,-9.755219096750814,-11.654967403319272,-12.04997965251423,-11.048611036295942,-11.14807667937413,True
2022-07-12,True,359,360,3.0222367182039944e-05,ok,True,240,240,1.6269346962798142e-05,ok,True,1372,1440,8.317047267719273e-05,ok,48.0,1739.068,1731.515,0.004354518829416717,271.0,1743.899,1723.145,0.011973519103457174,71.0,1743.899,1723.145,0.011973519103457174,-12.04997965251423,-10.23651399279045,-10.406928272551442,-11.026227775043584,-11.068391515659465,-11.1792840445666,True
2022-07-13,True,360,360,7.2868196714541276e-06,ok,True,240,240,8.40870579949242e-06,ok,True,1376,1440,0.00017503648257968568,ok,48.0,1730.17,1723.876,0.0036477757782820545,274.0,1745.285,1707.035,0.022169029431197765,72.0,1728.728,1722.717,0.0034838702198935695,-11.026227775043584,-9.394618168834315,-11.829443366192168,-11.68624298411009,-10.979574641398816,-11.179009043866778,True
2022-07-14,True,360,360,1.2226235405374086e-05,ok,True,240,240,2.2454228219490037e-05,ok,True,1375,1440,0.00011107096001928147,ok,48.0,1721.285,1710.844,0.0060662223952311686,273.0,1733.488,1697.503,0.020774759691712684,72.0,1733.488,1725.42,0.004657795225586689,-11.68624298411009,-8.650516133884086,-11.311926472054795,-10.70403162211143,-11.052713207057401,-11.21794357383277,True
2022-07-15,True,360,360,1.9343749583077098e-05,ok,True,240,240,8.669983434373415e-06,ok,False,1259,1440,,insufficient_minutes,48.0,1707.002,1701.148,0.003435425848439881,,,,,72.0,1716.542,1707.432,0.0053219300321009355,-10.70403162211143,-9.105341281451018,-10.853141209632769,-11.655643677857222,-10.90562577408625,-11.280410640697571,True
2022-07-18,True,360,360,1.0304320635758904e-05,ok,True,240,240,1.7349796365227136e-05,ok,True,1374,1440,6.668661554962008e-05,ok,48.0,1723.83,1713.256,0.006167521646694357,272.0,1723.83,1706.55,0.010103342931898893,72.0,1718.249,1707.399,0.00634382354230929,-11.655643677857222,-9.105341281451018,-11.482947271485594,-10.9619297885148,-11.30352489457157,-11.280208787047638,True
2022-07-19,True,360,360,8.251099034927353e-06,ok,True,240,240,5.998094081801698e-06,ok,True,1372,1440,3.5082346879988973e-05,ok,48.0,1717.006,1707.37,0.0056382695497752796,271.0,1718.343,1705.285,0.007643543260534892,72.0,1711.15,1705.285,0.003433097045721951,-10.9619297885148,-9.615506291601385,-11.705164150135364,-12.024068792231681,-11.13240817133479,-11.251198039145818,True
2022-07-20,True,360,360,5.7061672626610285e-06,ok,True,240,240,9.613402042649028e-06,ok,True,1375,1440,4.050839640178015e-05,ok,48.0,1713.87,1706.63,0.004240489647699524,273.0,1714.399,1692.316,0.012913884048139705,72.0,1713.37,1708.197,0.0030251108174173414,-12.024068792231681,-10.25781249190019,-12.073962992132385,-11.55235238694759,-11.2837074740714,-11.2711001349953,True
2022-07-21,True,360,360,1.8993853345248748e-05,ok,True,240,240,1.3113402932788387e-05,ok,True,1376,1440,0.000146006912318673,ok,48.0,1693.443,1681.035,0.007344054263611716,274.0,1720.077,1680.81,0.023160974286228313,72.0,1695.422,1689.891,0.0032623665871374806,-11.55235238694759,-10.114001286776832,-10.871395139282685,-11.241875726152125,-11.264730276452784,-11.268121863327359,True
2022-07-22,True,360,360,4.87526564651897e-06,ok,True,240,240,1.290984500162118e-05,ok,False,1259,1440,,insufficient_minutes,48.0,1725.63,1715.005,0.006182501629271018,,,,,72.0,1718.955,1712.832,0.0035637686431428564,-11.241875726152125,-8.831856592728215,-12.231335963405442,-11.257520359248968,-11.422268296254414,-11.28039242356997,True
2022-07-25,True,360,360,8.888761181885033e-06,ok,True,240,240,1.4380099124996945e-05,ok,True,1374,1440,5.041273195617206e-05,ok,48.0,1736.165,1724.967,0.006487983499038138,272.0,1736.165,1714.655,0.012470794223198804,72.0,1728.82,1719.8,0.005229500878347421,-11.257520359248968,-8.831856592728215,-11.630722867767753,-11.149665312440824,-11.347673087538034,-11.300557483105887,True
2022-07-26,True,360,360,1.0291924962403127e-05,ok,True,240,240,1.1368734626063838e-05,ok,True,1376,1440,5.668467200207752e-05,ok,48.0,1727.8,1716.365,0.0066282170183166855,274.0,1728.093,1713.57,0.008447238928376241,72.0,1728.093,1718.669,0.005481428056256749,-11.149665312440824,-9.895266796611534,-11.484150954437744,-11.384643546978742,-11.399331757929994,-11.293812526065087,True
2022-07-27,True,360,360,8.23472523497488e-06,ok,True,240,240,6.164570860140255e-06,ok,True,1376,1440,9.122828561109272e-05,ok,48.0,1725.034,1717.712,0.004259230174103809,274.0,1740.182,1711.392,0.016757711661423192,72.0,1720.049,1713.549,0.00378343611668117,-11.384643546978742,-9.778006718838038,-11.707150560407417,-11.996692032831575,-11.30777508456335,-11.270182828250153,True
2022-07-28,True,360,360,8.517261915127776e-06,ok,True,240,240,2.0702545197422384e-05,ok,True,1376,1440,9.546678204129904e-05,ok,48.0,1748.43,1737.97,0.0060069890111152475,274.0,1756.94,1733.976,0.013206505486416198,72.0,1741.604,1733.976,0.0043868326010443335,-11.996692032831575,-9.302145559725885,-11.6734156402378,-10.785253908854253,-11.365598254223753,-11.28240760811578,True
2022-07-29,True,360,360,1.0418785096675599e-05,ok,True,240,240,1.390897774939808e-05,ok,False,1259,1440,,insufficient_minutes,48.0,1767.502,1756.156,0.006421761314915909,,,,,72.0,1764.96,1752.58,0.0070539903762603644,-10.785253908854253,-9.256732203013463,-11.471900121845845,-11.182976045067495,-11.242504591384645,-11.231288435529729,True
2022-08-01,True,360,360,8.009083190042412e-06,ok,True,240,240,1.304254952456852e-05,ok,True,1373,1440,7.187247809871972e-05,ok,48.0,1774.849,1762.173,0.007188997589678112,271.0,1775.255,1758.262,0.009642345746158376,72.0,1765.795,1758.262,0.004274453628306455,-11.182976045067495,-9.256732203013463,-11.734934261606826,-11.247293504888699,-11.227371742478898,-11.225108790008957,True
2022-08-02,True,360,360,1.7515801710912762e-05,ok,True,240,240,7.966022724537914e-06,ok,True,1376,1440,0.00012213972179840165,ok,48.0,1776.318,1768.726,0.004278255675366428,274.0,1787.972,1754.897,0.01866134801791943,72.0,1780.43,1770.741,0.005466660648393729,-11.247293504888699,-9.540617146784495,-10.952407129544055,-11.740325220517715,-11.247682609814122,-11.204182598185538,True
2022-08-03,True,360,360,1.2110711359760747e-05,ok,True,240,240,9.75650538256119e-06,ok,True,1375,1440,5.736412360201285e-05,ok,48.0,1769.572,1760.119,0.005346916034808958,273.0,1772.68,1754.196,0.010520564162692038,72.0,1770.585,1755.424,0.008629207599576569,-11.740325220517715,-9.010344907899064,-11.321420260608324,-11.537576276721746,-11.301293258792214,-11.208081411673316,True
2022-08-04,True,360,360,1.1744375044130019e-05,ok,True,240,240,6.734521225764819e-06,ok,True,1374,1440,5.580974737404328e-05,ok,48.0,1783.04,1771.034,0.0067760642275618965,272.0,1794.835,1763.261,0.01790173154773383,72.0,1774.562,1763.261,0.006407406987424411,-11.537576276721746,-9.76609147440308,-11.35213615164545,-11.908263838117302,-11.244784065276846,-11.22542114613976,True
2022-08-05,True,360,360,6.470804939560691e-06,ok,True,240,240,7.982513898384588e-06,ok,False,1259,1440,,insufficient_minutes,48.0,1792.335,1783.836,0.004745870606761162,,,,,72.0,1794.812,1788.657,0.0034321720825840115,-11.908263838117302,-9.793562019709864,-11.948210046129494,-11.738257171252245,-11.485143451801777,-11.237369864163007,True
2022-08-08,True,360,360,5.335922120426327e-06,ok,True,240,240,7.849953552980529e-06,ok,True,1375,1440,3.695539515251154e-05,ok,48.0,1780.016,1772.515,0.004226415519582585,273.0,1790.655,1771.088,0.011025898210341256,72.0,1776.49,1771.088,0.0030439976558626217,-11.738257171252245,-9.793562019709864,-12.141048844579965,-11.755002943005229,-11.60762934798163,-11.361757000423378,True
2022-08-09,True,359,360,5.67719150273558e-06,ok,True,240,240,1.6812439164840396e-05,ok,True,1374,1440,5.7901177905735526e-05,ok,48.0,1794.59,1783.46,0.0062325531908935744,272.0,1800.326,1783.172,0.009587444773266486,71.0,1790.075,1783.172,0.003858116548318687,-11.755002943005229,-10.205798908982223,-12.079053901257513,-10.993391519056917,-11.728857164708861,-11.353174217468268,True
2022-08-10,True,360,360,4.277460212174035e-06,ok,True,240,240,6.2789422618216194e-06,ok,True,1375,1440,0.00010236521635173331,ok,48.0,1795.202,1788.535,0.003726465056355261,273.0,1807.835,1785.901,0.012224640447653453,72.0,1794.56,1788.169,0.003561943881688314,-10.993391519056917,-9.75677282979717,-12.362151132877552,-11.97830902131627,-11.530357865693595,-11.350862352977783,True
2022-08-11,True,360,360,9.253602082111863e-06,ok,True,240,240,5.857431559423514e-06,ok,True,1375,1440,4.762447228465438e-05,ok,48.0,1791.625,1785.405,0.0034818337284449733,273.0,1799.18,1783.426,0.008792275923652268,72.0,1792.412,1783.426,0.005015068646054305,-11.97830902131627,-9.186963587129672,-11.59049766795964,-12.04779935089674,-11.603761526302845,-11.359959226153084,True
2022-08-12,True,360,360,5.220550732388295e-06,ok,True,240,240,8.136755221831847e-06,ok,False,1258,1440,,insufficient_minutes,48.0,1794.055,1785.78,0.00461448809852425,,,,,72.0,1792.49,1786.112,0.003565000614847981,-12.04779935089674,-9.952163805215978,-12.162907657345967,-11.719119078817032,-11.623158265678311,-11.433835530834981,True
2022-08-15,True,360,360,7.200295479419775e-06,ok,True,240,240,9.429560881751826e-06,ok,True,1375,1440,6.896662592430036e-05,ok,48.0,1791.94,1774.789,0.009572526497329375,273.0,1801.565,1772.908,0.015928077147541977,72.0,1801.565,1792.07,0.00527749214907046,-11.719119078817032,-9.952163805215978,-11.841388493976032,-11.571661028495207,-11.619719857896724,-11.436301969227507,True
2022-08-16,True,359,360,5.452842991698554e-06,ok,True,240,240,1.0150754819924788e-05,ok,True,1371,1440,4.2495627860460595e-05,ok,48.0,1780.672,1773.8,0.003859286548656703,270.0,1783.065,1771.353,0.006584584246921903,71.0,1783.065,1776.702,0.0035773317591499725,-11.571661028495207,-9.581887852635527,-12.119373435448162,-11.497962488746476,-11.58517085395502,-11.473671737865045,True
2022-08-17,True,360,360,4.204576562335307e-06,ok,True,240,240,7.3452143723333604e-06,ok,True,1376,1440,7.141456159632793e-05,ok,48.0,1777.352,1770.948,0.0036040396309292315,274.0,1782.242,1759.71,0.012689473402622668,72.0,1781.617,1773.73,0.004441766231425732,-11.497962488746476,-10.066109361197299,-12.379336968222102,-11.821461562605952,-11.739739626118851,-11.453904350421286,True
2022-08-18,True,360,360,4.405878360228269e-06,ok,True,240,240,5.756532193825132e-06,ok,True,1373,1440,3.712892754847141e-05,ok,48.0,1770.643,1761.135,0.005397503909897811,271.0,1772.333,1755.308,0.009645919676826332,72.0,1767.48,1761.606,0.0033280547536961996,-11.821461562605952,-9.547008765486309,-12.33257091772095,-12.065175314244295,-11.713336448809432,-11.464652862888398,True
2022-08-19,True,360,360,9.180801967202218e-06,ok,True,240,240,9.921119174765693e-06,ok,False,1259,1440,,insufficient_minutes,48.0,1755.964,1749.775,0.0035243269099356814,,,,,72.0,1758.515,1751.695,0.0038784818189057015,-12.065175314244295,-10.20111417388563,-11.59839599688588,-11.52084482299433,-11.71580528233224,-11.500332740473612,True
2022-08-22,True,360,360,7.044319385759077e-06,ok,True,240,240,1.0433788275738852e-05,ok,True,1373,1440,5.189412557848873e-05,ok,48.0,1742.644,1731.61,0.006333098965433186,271.0,1748.934,1727.688,0.012170162308928204,72.0,1748.934,1742.813,0.0035062394565070314,-11.52084482299433,-10.20111417388563,-11.863289026825122,-11.470461145333529,-11.673019538160402,-11.515199330657747,True
2022-08-23,True,360,360,5.7906676432000005e-06,ok,True,240,240,1.1939782310276388e-05,ok,True,1376,1440,7.192928486527466e-05,ok,48.0,1743.795,1734.35,0.005440041469876837,274.0,1753.985,1730.77,0.013377049558179891,72.0,1740.48,1734.119,0.0036653634391377978,-11.470461145333529,-9.866304961510954,-12.059262963320633,-11.335634682136174,-11.649721407034743,-11.535173974391698,True
2022-08-24,True,360,360,3.632365912495008e-06,ok,True,240,240,7.2773243719370854e-06,ok,True,1369,1440,3.8572785748188326e-05,ok,48.0,1753.6,1743.434,0.005818069437966217,268.0,1755.803,1742.39,0.007681734618490461,72.0,1748.07,1743.98,0.00234237639526022,-11.335634682136174,-9.539827076227096,-12.525626355467523,-11.830747294639194,-11.6095148634333,-11.532258752626802,True
2022-08-25,True,360,360,6.582210380109379e-06,ok,True,240,240,6.7354194648546455e-06,ok,True,1376,1440,3.410984827815693e-05,ok,48.0,1765.124,1760.14,0.0028309335150946712,274.0,1765.45,1749.854,0.008906452552410215,72.0,1758.665,1749.854,0.005031723098184515,-11.830747294639194,-10.162963562576087,-11.93113994500811,-11.908130468696932,-11.611011474644073,-11.52660239998147,True
2022-08-26,True,360,360,4.5511326812025194e-06,ok,True,240,240,6.499830770160201e-06,ok,False,1259,1440,,insufficient_minutes,48.0,1756.043,1746.336,0.0055284867711005315,,,,,72.0,1757.37,1752.175,0.0029576197850245583,-11.908130468696932,-10.28592440956012,-12.300134415058436,-11.943734416761577,-11.589645969330078,-11.600030802020216,True
2022-08-29,True,360,360,1.382371156678537e-05,ok,True,240,240,1.1093762514896195e-05,ok,True,1375,1440,5.914429813320014e-05,ok,48.0,1729.69,1720.273,0.005461726733867777,273.0,1745.427,1720.273,0.014498818375698885,72.0,1736.045,1721.132,0.008595884489019545,-11.943734416761577,-10.28592440956012,-11.189125210791442,-11.409127543185901,-11.666399652500774,-11.64128760607069,True
2022-08-30,True,360,360,8.508655809459825e-06,ok,True,240,240,1.5269939835596126e-05,ok,True,1374,1440,6.159152819377146e-05,ok,48.0,1737.84,1729.0,0.0051020997102653315,272.0,1740.47,1721.09,0.011140396007162568,72.0,1740.47,1733.575,0.003963520664054968,-11.409127543185901,-9.735530368920067,-11.674426582090113,-11.089624378781041,-11.651127877106218,-11.65242793969002,True
2022-08-31,True,359,360,8.851947478034205e-06,ok,True,240,240,1.3751800920352208e-05,ok,True,1375,1440,5.615808333315845e-05,ok,48.0,1722.995,1709.59,0.007783626223358992,273.0,1726.47,1705.685,0.012060216950450746,71.0,1726.47,1720.55,0.0034350004496833783,-11.089624378781041,-9.694986226204716,-11.634873069137605,-11.19434076640269,-11.577436744720039,-11.611298829643449,True
2022-09-01,True,360,360,1.0118680490452114e-05,ok,True,240,240,1.543857130820924e-05,ok,True,1373,1440,9.36659003483389e-05,ok,48.0,1708.63,1699.896,0.00511657879320454,271.0,1708.846,1688.79,0.011735483512336149,72.0,1708.846,1702.218,0.0038782800518429895,-11.19434076640269,-9.78733992751219,-11.50112728892495,-11.078641549500713,-11.448060368929184,-11.589496693419312,True
2022-09-02,True,358,360,5.533375741295712e-06,ok,True,239,240,4.905511640713433e-06,ok,False,1256,1440,,insufficient_minutes,47.0,1707.255,1700.94,0.003708717394559993,,,,,70.0,1701.605,1696.27,0.0031433293366603153,-11.078641549500713,-9.275776358666565,-12.10471248720967,-12.22515116035354,-11.296945021981921,-11.543583471214594,True
2022-09-05,True,358,360,9.187531200356275e-06,ok,True,240,240,7.175794474109747e-06,ok,False,1221,1440,,insufficient_minutes,48.0,1715.715,1708.166,0.004410196790937731,,,,,70.0,1713.99,1707.585,0.003749857294657974,-12.22515116035354,-9.275776358666565,-11.59766329747394,-11.844797074349573,-11.322973324938044,-11.559574640956168,True
2022-09-06,True,360,360,2.1881778125703678e-05,ok,True,240,240,7.409687476032976e-06,ok,True,1373,1440,8.122832219221853e-05,ok,48.0,1720.095,1710.6,0.005519674923410583,271.0,1726.59,1699.734,0.015669022815651516,72.0,1726.59,1713.534,0.007617469536831371,-11.844797074349573,,-10.72985631654139,-11.812722295519666,-11.389971498468533,-11.563112657959,False
2022-09-07,True,360,360,2.063533127822134e-05,ok,True,240,240,9.114244297503382e-06,ok,True,1376,1440,7.035926642486563e-05,ok,48.0,1707.1,1696.477,0.00625183912240011,274.0,1719.323,1691.305,0.016446011029357832,72.0,1703.734,1691.305,0.007295576810760439,-11.812722295519666,-9.41824657614097,-10.788505840698077,-11.60567206084024,-11.539652145576964,-11.613809770219428,True
2022-09-08,True,360,360,8.066373049615067e-06,ok,True,240,240,1.4489672365718718e-05,ok,True,1372,1440,6.344406121878607e-05,ok,48.0,1725.165,1716.107,0.005267289654410434,271.0,1728.101,1703.875,0.014112164504055872,72.0,1719.25,1713.443,0.0033827020257183316,-11.60567206084024,-9.561896064174487,-11.727806612940245,-11.142074412948828,-11.639763668265923,-11.59825012408184,True
2022-09-09,True,360,360,8.814873186501217e-06,ok,True,240,240,1.5943964706201644e-05,ok,False,1258,1440,,insufficient_minutes,48.0,1729.439,1721.99,0.004324490643042336,,,,,72.0,1721.831,1709.654,0.007117889125300982,-11.142074412948828,-9.665351965997097,-11.639070128321016,-11.046430188666262,-11.661543571814738,-11.552315845725477,True
2022-09-12,True,360,360,8.147284511402468e-06,ok,True,240,240,9.57773923043671e-06,ok,True,1375,1440,6.175574918094381e-05,ok,48.0,1727.482,1719.25,0.004784155101471494,273.0,1735.055,1711.897,0.013475940807811674,72.0,1718.725,1711.897,0.003973301832443961,-11.046430188666262,-9.665351965997097,-11.717825875016192,-11.556068982303326,-11.433497777406183,-11.512514168689632,True
2022-09-13,True,360,360,1.0263199971891729e-05,ok,True,240,240,7.099309898851542e-06,ok,True,1376,1440,0.00015483025257916316,ok,48.0,1728.395,1721.875,0.0037839547550440533,274.0,1731.695,1696.99,0.02011569203660872,72.0,1727.515,1719.945,0.004387719023689141,-11.556068982303326,-9.69232348264527,-11.486945878750024,-11.855512975985826,-11.390083105731003,-11.51177385570886,True
2022-09-14,True,360,360,1.520388495743774e-05,ok,True,240,240,1.339368583429225e-05,ok,True,1375,1440,5.7780623626670506e-05,ok,48.0,1706.08,1698.781,0.004291232340335454,273.0,1707.008,1693.545,0.007908851122324876,72.0,1705.06,1697.186,0.004625588185188027,-11.855512975985826,-8.773181185804669,-11.09395957346431,-11.220727168456131,-11.395588208681604,-11.527130837193026,True
2022-09-15,True,360,360,8.57913047859352e-06,ok,True,240,240,1.0254141003666485e-05,ok,True,1376,1440,0.00011518243452603237,ok,48.0,1691.25,1685.581,0.0033586709876946073,274.0,1697.77,1660.263,0.022093872598107977,72.0,1697.77,1685.981,0.006944428081667268,-11.220727168456131,-9.758857069861023,-11.666177992421202,-11.487828933608322,-11.32223284292297,-11.496916883499223,True
2022-09-16,True,360,360,8.039615151218784e-06,ok,True,240,240,1.9324449154000485e-05,ok,False,1259,1440,,insufficient_minutes,48.0,1666.71,1654.04,0.007632001397493592,,,,,72.0,1667.642,1661.198,0.0038764283200639813,-11.487828933608322,-9.068993299401082,-11.731129342682882,-10.854139468217847,-11.394807540089747,-11.475027309307242,True
2022-09-19,True,360,360,1.15657235612061e-05,ok,True,240,240,1.6827441992170836e-05,ok,True,1375,1440,6.274731499849588e-05,ok,48.0,1666.79,1659.621,0.004302888799524556,273.0,1678.68,1659.621,0.011358232170632704,72.0,1678.68,1666.745,0.00711267647602201,-10.854139468217847,-9.068993299401082,-11.367464699499001,-10.992499552271713,-11.336465635895863,-11.430753856460203,True
2022-09-20,True,360,360,9.776832974667695e-06,ok,True,240,240,1.1771700153644033e-05,ok,True,1375,1440,5.5023668628617254e-05,ok,48.0,1675.845,1666.025,0.005869537280826239,273.0,1679.368,1659.898,0.011618227548983645,72.0,1679.368,1670.343,0.005385439323552936,-10.992499552271713,-9.676394769736442,-11.535494953081837,-11.349812199065589,-11.221764034266902,-11.401732659164757,True
2022-09-21,True,360,360,9.26114199905655e-06,ok,True,240,240,7.92411487736954e-06,ok,True,1375,1440,0.0002338967586334397,ok,48.0,1676.15,1669.374,0.004053892358867631,273.0,1687.92,1653.71,0.020527375334147408,72.0,1667.395,1661.642,0.003452031286096126,-11.349812199065589,-9.807747126598814,-11.58968319087819,-11.745599931836598,-11.154252664148437,-11.402484913213382,True
2022-09-22,True,360,360,2.4804924987022807e-05,ok,True,240,240,6.093363093461485e-05,ok,True,1375,1440,0.00017278052678439771,ok,48.0,1678.101,1655.59,0.013566768618824603,273.0,1684.81,1655.59,0.017526496680042483,72.0,1667.159,1656.684,0.006283027129481425,-11.745599931836598,-8.360630742386196,-10.604468336322958,-9.70572530357697,-11.233751778683821,-11.399593288960476,True
2022-09-23,True,360,360,7.75937322829764e-06,ok,True,240,240,3.660367491884768e-05,ok,False,1259,1440,,insufficient_minutes,48.0,1670.735,1641.04,0.017775263680877264,,,,,72.0,1675.773,1668.175,0.004542017246274988,-9.70572530357697,-8.663488400164486,-11.766608996580455,-10.215361914978672,-10.664645197772947,-11.182906170336905,True
2022-09-26,True,360,360,0.00011866657846954166,ok,True,240,240,3.463765015528897e-05,ok,True,1376,1440,0.00023253543072532912,ok,48.0,1649.666,1636.098,0.008284233213864846,274.0,1649.666,1621.0,0.017435413973998292,72.0,1645.718,1626.517,0.011678552421500812,-10.215361914978672,-8.663488400164486,-9.039192859014829,-10.270569312734729,-10.526656810785397,-11.080160292850065,True
2022-09-27,True,360,360,1.1077813812370551e-05,ok,True,240,240,1.7298212382237213e-05,ok,True,1376,1440,8.810124278753608e-05,ok,48.0,1640.535,1632.395,0.00497661480145514,274.0,1642.385,1626.575,0.009713330793900412,72.0,1636.305,1627.429,0.005453227332489571,-10.270569312734729,-8.366467954330604,-11.410566205466026,-10.964907392306024,-10.401918501696903,-11.006569640356458,True
2022-09-28,True,360,360,1.1665649764306532e-05,ok,True,240,240,4.8993113036374264e-05,ok,True,1376,1440,0.00015603573451339098,ok,48.0,1631.538,1614.785,0.010329593765125477,274.0,1662.66,1614.785,0.02938928603218549,72.0,1630.52,1622.598,0.004863121126829749,-10.964907392306024,-9.337023918566176,-11.35886195200133,-9.92383082000984,-10.366175394612577,-11.000476166904278,True
2022-09-29,True,360,360,1.776911434796696e-05,ok,True,240,240,2.1524181635411755e-05,ok,True,1376,1440,0.00015290567925879326,ok,48.0,1651.117,1641.603,0.005774915476457778,274.0,1665.1,1641.427,0.014293304673867762,72.0,1659.252,1642.81,0.009927365160635906,-9.92383082000984,-8.765425509553134,-10.938048756771495,-10.746333527634008,-10.13432925156481,-10.900131034324513,True
2022-09-30,True,360,360,9.728632686097973e-06,ok,True,240,240,1.66250773364982e-05,ok,False,1259,1440,,insufficient_minutes,48.0,1674.142,1664.67,0.0056730282603292175,,,,,72.0,1668.005,1659.164,0.00531102634187374,-10.746333527634008,-8.785689302103673,-11.540437197221891,-11.004598319613736,-10.355686897274431,-10.88377849668211,True
2022-10-03,True,360,360,1.0964660439225791e-05,ok,True,240,240,2.372470317670164e-05,ok,True,1376,1440,0.00016062650898236215,ok,48.0,1667.265,1659.502,0.004666063598633268,274.0,1702.487,1659.502,0.025829304859106127,72.0,1669.434,1661.925,0.004512091431593061,-11.004598319613736,-8.785689302103673,-11.420833144268798,-10.6489937245391,-10.489911857142772,-10.853021037977468,True
2022-10-04,True,360,360,1.5912111295949425e-05,ok,True,240,240,1.8057030738030414e-05,ok,True,1374,1440,0.00011971359144703021,ok,48.0,1712.359,1704.779,0.004442881425473259,272.0,1729.409,1695.115,0.02015977802728812,72.0,1704.12,1695.115,0.005293602412542329,-10.6489937245391,-8.736428707916195,-11.04843002197066,-10.92197543445417,-10.571627730382398,-10.81113971808407,True
2022-10-05,True,360,360,1.1250861233347295e-05,ok,True,240,240,2.9043386572553627e-05,ok,True,1376,1440,0.00011557913262065052,ok,48.0,1724.885,1703.06,0.012655768885074628,274.0,1727.702,1700.428,0.01580505896328913,72.0,1725.604,1717.453,0.004723437545272834,-10.92197543445417,-9.030408405922804,-11.395065878168644,-10.446719757294796,-10.565724565346626,-10.785092507235822,True
2022-10-06,True,360,360,1.1740365799667794e-05,ok,True,240,240,1.6200594875067216e-05,ok,True,1375,1440,7.860431356679327e-05,ok,48.0,1725.462,1712.776,0.007370267946364204,273.0,1725.462,1706.797,0.010861184576128648,72.0,1725.06,1717.944,0.00414080843523876,-10.446719757294796,-9.065555131682741,-11.352477585645325,-11.030462595716962,-10.733835666631075,-10.738090284581155,True
2022-10-07,True,360,360,8.950906445653196e-06,ok,True,240,240,1.2008758587806653e-05,ok,False,1259,1440,,insufficient_minutes,48.0,1714.725,1706.141,0.005022262007149487,,,,,72.0,1713.691,1709.108,0.0026768687119431587,-11.030462595716962,-9.451083980050317,-11.623755751961934,-11.329874292093612,-10.783920983703563,-10.734156241111473,True
2022-10-10,True,360,360,1.2196166951496601e-05,ok,True,240,240,2.0875700697666528e-05,ok,True,1375,1440,8.475588738756713e-05,ok,48.0,1688.614,1677.507,0.0065900878717937905,273.0,1697.234,1665.634,0.01862219341151506,72.0,1697.234,1685.081,0.007161883434498214,-11.329874292093612,-9.451083980050317,-11.31438883989485,-10.77692472143541,-10.829480459160113,-10.743227983880733,True
2022-10-11,True,360,360,2.2060436905517525e-05,ok,True,240,240,1.6593795763692532e-05,ok,True,1374,1440,9.752918344129809e-05,ok,48.0,1669.75,1660.905,0.005307611967659887,272.0,1683.915,1660.905,0.013776958172173052,72.0,1673.54,1661.321,0.007315977918547731,-10.77692472143541,-9.375735346416576,-10.721724739007863,-11.006481681638556,-10.858670148340703,-10.717400958629437,True
2022-10-12,True,360,360,2.699340037577436e-05,ok,True,240,240,1.8981693255034833e-05,ok,True,1371,1440,9.379893335316057e-05,ok,48.0,1673.276,1666.435,0.004091030053313233,270.0,1678.244,1661.305,0.01017901460840921,72.0,1672.076,1661.305,0.006472528859270096,-11.006481681638556,-9.235358907400325,-10.51991815236483,-10.872035556167662,-10.87399968787772,-10.696200860192619,True
2022-10-13,True,360,360,4.833965913101628e-06,ok,True,240,240,7.096932394785668e-06,ok,True,1359,1440,0.00011034231832205033,ok,48.0,1677.853,1666.96,0.006532004905150125,269.0,1682.37,1642.308,0.02392482509652158,72.0,1675.358,1668.901,0.003856087954875876,-10.872035556167662,-9.274357073518237,-12.239843327196958,-11.855847924352995,-10.986298819317819,-10.68393040231834,True
2022-10-14,True,360,360,1.7216358899888808e-05,ok,True,240,240,2.369426192085218e-05,ok,False,1259,1440,,insufficient_minutes,48.0,1670.325,1650.106,0.012109832388516083,,,,,72.0,1670.581,1658.846,0.007054594203029178,-11.855847924352995,-9.11192303962791,-10.969650527322035,-10.650277652181495,-11.10006271105519,-10.69084466459246,True
2022-10-17,True,360,360,8.340982989909585e-06,ok,True,240,240,1.862466052393348e-05,ok,True,1376,1440,6.970934348270574e-05,ok,48.0,1660.566,1649.715,0.006577001406197033,274.0,1668.395,1646.235,0.013450315469380247,72.0,1654.094,1646.235,0.0047701276748132225,-10.650277652181495,-9.11192303962791,-11.69432948404154,-10.891024020767663,-10.956258202156903,-10.681287463906056,True
2022-10-18,True,360,360,1.3658250432442857e-05,ok,True,240,240,1.40052294592211e-05,ok,True,1376,1440,5.626693818439175e-05,ok,48.0,1657.52,1648.49,0.005455567034600241,274.0,1660.791,1645.756,0.009107953633337385,72.0,1660.791,1648.83,0.00724577541791484,-10.891024020767663,-9.57117619634555,-11.201166791640714,-11.176079765293517,-10.982399056054986,-10.677383129513792,True
2022-10-19,True,360,360,6.419981449302315e-06,ok,True,240,240,1.8925337924279717e-05,ok,True,1375,1440,7.15505131154532e-05,ok,48.0,1646.98,1632.6,0.008762655730612388,273.0,1653.356,1626.425,0.01629752006099999,72.0,1653.356,1644.94,0.005093012841460574,-11.176079765293517,-9.785403438930183,-11.956095329783352,-10.87500890282767,-11.01332932587354,-10.672552088059447,True
2022-10-20,True,360,360,2.1741836913917675e-05,ok,True,240,240,2.358457986245091e-05,ok,True,1375,1440,8.633516609521306e-05,ok,48.0,1638.825,1627.008,0.007250160286398822,273.0,1645.55,1622.416,0.014217671605833593,72.0,1634.958,1622.416,0.007708050370898541,-10.87500890282767,-9.545106880562606,-10.736272185180256,-10.654917455147542,-11.014013460704296,-10.649091596190582,True
2022-10-21,True,360,360,1.0538491085136977e-05,ok,True,240,240,2.6846333902044584e-05,ok,False,1259,1440,,insufficient_minutes,48.0,1627.242,1617.139,0.006231784382604338,,,,,72.0,1628.193,1619.805,0.00515545339164047,-10.654917455147542,-9.357273556256095,-11.460476185902488,-10.525381286292925,-10.831506090159959,-10.731084089282003,True
2022-10-24,True,360,360,1.4460034310021985e-05,ok,True,240,240,1.8588182833382452e-05,ok,True,1375,1440,8.320865393047636e-05,ok,48.0,1658.272,1644.304,0.008437967227969401,273.0,1663.246,1643.856,0.011672706695402012,72.0,1663.246,1651.809,0.006885030762006889,-10.525381286292925,-9.357273556256095,-11.14412196848253,-10.892984510692303,-10.800111532306191,-10.753659994109285,True
2022-10-25,True,360,360,9.6843784714374e-06,ok,True,240,240,1.639342267958952e-05,ok,True,1375,1440,7.498602062067279e-05,ok,48.0,1650.85,1638.209,0.007659749805340101,273.0,1662.318,1638.209,0.014595018358037688,72.0,1654.845,1647.096,0.004691061315543354,-10.892984510692303,-9.394159201958693,-11.544996437512806,-11.018630359701227,-10.800469269299196,-10.791939973798003,True
2022-10-26,True,360,360,1.0148106319938917e-05,ok,True,240,240,1.3400811317278187e-05,ok,True,1376,1440,6.819078297508239e-05,ok,48.0,1674.88,1664.472,0.006250112595706428,274.0,1674.88,1649.681,0.015245418630398917,72.0,1660.235,1649.681,0.0063851798970287555,-11.018630359701227,-9.498208853525423,-11.498223439346871,-11.22019530677471,-10.777314209705184,-10.794142270193985,True
2022-10-27,True,360,360,1.5326053394974445e-05,ok,True,240,240,9.47599420537157e-06,ok,True,1376,1440,7.733217012946947e-05,ok,48.0,1666.675,1658.96,0.0046456873088132076,274.0,1670.72,1654.731,0.009588059450885877,72.0,1670.72,1662.216,0.005099559545333329,-11.22019530677471,-9.593201149240961,-11.085956341474953,-11.566748883173666,-10.831715949698085,-10.884864487614886,True
2022-10-28,True,360,360,1.0416023194289493e-05,ok,True,240,240,1.2730169733878432e-05,ok,False,1257,1440,,insufficient_minutes,48.0,1657.649,1646.463,0.006749450920763595,,,,,72.0,1666.964,1659.405,0.0045482305584052425,-11.566748883173666,-9.467400516508471,-11.472165245706234,-11.271535812107695,-10.985776849793915,-10.917538621327392,True
2022-10-31,True,360,360,8.505102607659197e-06,ok,True,240,240,1.1802990064874065e-05,ok,True,1371,1440,4.666593783935692e-05,ok,48.0,1642.0,1635.544,0.003933623155733276,272.0,1645.61,1631.68,0.008475891170287431,72.0,1645.61,1640.534,0.0030885587638462136,-11.271535812107695,-9.467400516508471,-11.674844267796608,-11.347157663263518,-11.168080084455891,-10.928333953517505,True
2022-11-01,True,360,360,6.809768156838299e-06,ok,True,240,240,9.534555053704591e-06,ok,True,1374,1440,6.314590364285497e-05,ok,48.0,1655.175,1645.175,0.006077697282053776,272.0,1656.919,1630.55,0.016151883692226737,72.0,1642.06,1630.55,0.00705025527314379,-11.347157663263518,-9.972496041873104,-11.897152482899518,-11.56058798453091,-11.269142177993748,-10.962120183492075,True
2022-11-02,True,360,360,1.0145136271082599e-05,ok,True,240,240,5.002330465545424e-06,ok,True,1376,1440,0.000156225600670789,ok,48.0,1656.845,1651.81,0.0030461244343344394,274.0,1669.41,1631.845,0.022807582086652452,72.0,1653.245,1646.595,0.004037546143384413,-11.56058798453091,-9.670062578368253,-11.49851615243737,-12.205606661008742,-11.382871003306409,-10.98699236115398,True
2022-11-03,True,360,360,7.086528045862413e-06,ok,True,240,240,2.080141763589826e-05,ok,True,1366,1440,8.191868607332537e-05,ok,48.0,1629.984,1616.55,0.008241818918023515,265.0,1640.883,1616.55,0.014892952884580127,72.0,1640.883,1632.738,0.004985127244684356,-12.205606661008742,-8.764209437248285,-11.857315034700713,-10.780489418007456,-11.542435854202196,-11.060683852012788,True
2022-11-04,True,360,360,1.3606817306315211e-05,ok,True,240,240,1.4794181905777204e-05,ok,False,1259,1440,,insufficient_minutes,48.0,1653.42,1643.75,0.005878473055985357,,,,,72.0,1648.55,1629.208,0.011866912897031045,-10.780489418007456,-9.409783435945682,-11.204939618294192,-11.12127656895847,-11.332748490251042,-11.046154686129618,True
2022-11-07,True,360,360,1.57963538921044e-05,ok,True,240,240,1.4492864619992333e-05,ok,True,1373,1440,5.821323798963974e-05,ok,48.0,1680.335,1666.944,0.008027190902796764,271.0,1681.809,1666.815,0.00896325388712536,72.0,1675.189,1670.252,0.0029512861438401546,-11.12127656895847,-9.409783435945682,-11.055731410884505,-11.141854124829253,-11.298855351059732,-11.03745996145569,True
2022-11-08,True,360,360,7.180174731592118e-06,ok,True,240,240,7.9940855974501e-06,ok,True,1376,1440,0.0001602445101604723,ok,48.0,1673.254,1664.603,0.005178875026938914,274.0,1716.845,1664.603,0.031205089149717744,72.0,1676.612,1668.205,0.005021652779022281,-11.141854124829253,-9.75139777222461,-11.844186839323914,-11.736808590020424,-11.256341726661127,-11.057497085745108,True
2022-11-09,True,360,360,1.038032110329717e-05,ok,True,240,240,1.2871950147158262e-05,ok,True,1376,1440,9.568838411326418e-05,ok,48.0,1715.74,1703.882,0.006927534877199511,274.0,1722.173,1702.104,0.011724395786718677,72.0,1712.39,1706.853,0.0032347391235767525,-11.736808590020424,-8.738809720719283,-11.475598745897953,-11.260460021249509,-11.280467345654644,-11.085144435128322,True
2022-11-10,True,360,360,8.557167435988205e-06,ok,True,240,240,1.3140899108614929e-05,ok,True,1376,1440,0.0002076454625325451,ok,48.0,1710.155,1703.912,0.0036596839763524142,274.0,1757.164,1703.912,0.031205025431873024,72.0,1712.177,1705.05,0.00417633546632911,-11.260460021249509,-9.254413644999097,-11.668741329583153,-11.239781121935554,-11.162909645177354,-11.105261801299266,True
2022-11-11,True,360,360,2.6007128283129975e-05,ok,True,240,240,2.4945423653710243e-05,ok,True,1319,1440,0.00010455667800551663,ok,48.0,1766.52,1754.962,0.00656294361478621,263.0,1772.664,1747.174,0.014547094005387395,72.0,1762.986,1747.174,0.009023878007578942,-11.239781121935554,-8.479678439643019,-10.557139892783306,-10.598820173283356,-11.277158226669307,-11.085358874086593,True
2022-11-14,True,360,360,1.447861928893852e-05,ok,True,240,240,1.3819518254849162e-05,ok,True,1375,1440,7.139814630697636e-05,ok,48.0,1766.13,1753.19,0.0073420314277527965,273.0,1774.965,1753.19,0.01234746066178412,72.0,1766.212,1757.892,0.004717835715547358,-10.598820173283356,-9.165781260332091,-11.142837528526947,-11.18942859878159,-11.12840860560578,-11.081287797026235,True
2022-11-15,True,360,360,8.036946477125867e-06,ok,True,240,240,1.0517907966876958e-05,ok,True,1376,1440,0.000169827247455024,ok,48.0,1782.995,1772.9,0.0056619647213885975,274.0,1786.412,1766.962,0.010991401841695583,72.0,1773.605,1766.962,0.0037540299452125405,-11.18942859878159,-9.547238651042923,-11.731461338314675,-11.46243123289464,-11.137618898049247,-11.097014180560997,True
2022-11-16,True,360,360,1.17782185486747e-05,ok,True,240,240,7.85561422702458e-06,ok,True,1376,1440,5.6568986437323444e-05,ok,48.0,1784.97,1775.81,0.005155132339450879,274.0,1784.97,1770.26,0.008259683088705984,72.0,1781.355,1770.26,0.0062298561433849695,-11.46243123289464,-8.680728829027625,-11.349258617944606,-11.754282093639135,-11.103525453675134,-11.108584465326219,True
2022-11-17,True,360,360,7.378910495892313e-06,ok,True,240,240,1.1727912249068875e-05,ok,True,1375,1440,6.31718288878979e-05,ok,48.0,1770.975,1761.43,0.005401612277986291,273.0,1774.721,1754.366,0.011474263939074515,72.0,1774.721,1761.36,0.007531694448045967,-11.754282093639135,-9.78004966573413,-11.816884559533053,-11.353538895021497,-11.172470267862192,-11.146224632315914,True
2022-11-18,True,360,360,6.69666605654158e-06,ok,True,240,240,7.76481618192943e-06,ok,True,1319,1440,4.623395075017393e-05,ok,48.0,1767.61,1759.904,0.004364559055497132,263.0,1767.61,1747.43,0.011465257655814918,72.0,1765.642,1759.927,0.0032469746037157806,-11.353538895021497,-9.669652101630147,-11.913900758914318,-11.765907774286525,-11.192780418001693,-11.188176804478736,True
2022-11-21,True,360,360,1.0308620344695207e-05,ok,True,240,240,8.864885079483955e-06,ok,True,1375,1440,5.102624552232206e-05,ok,48.0,1744.102,1736.87,0.004149965713433275,273.0,1752.908,1732.47,0.011663627777444808,72.0,1752.908,1743.84,0.005174957270078774,-11.765907774286525,-9.981796165035073,-11.482530086087086,-11.633412581919313,-11.479765990223722,-11.259621164846008,True
2022-11-22,True,360,360,5.2213222718309456e-06,ok,True,240,240,8.254170507759895e-06,ok,True,1371,1440,3.038398508640847e-05,ok,48.0,1749.67,1741.89,0.004463299686478997,271.0,1749.67,1736.97,0.0073050010497344295,72.0,1745.612,1738.025,0.004364019131049987,-11.633412581919313,-9.883170439525678,-12.162759879367105,-11.70479196925579,-11.58053781044223,-11.298089324243854,True
2022-11-23,True,359,360,8.107388569262158e-06,ok,True,240,240,8.086803996522336e-06,ok,True,1372,1440,8.325417561909918e-05,ok,48.0,1744.63,1734.41,0.005859285419437707,271.0,1753.296,1724.995,0.016252519625803357,71.0,1742.765,1732.872,0.005681289588992339,-11.70479196925579,-10.401594894731469,-11.722734743014536,-11.725276961003175,-11.630192173427943,-11.331468873916947,True
2022-11-24,True,360,360,6.533982661761932e-06,ok,True,240,240,5.996143127683311e-06,ok,False,1224,1440,,insufficient_minutes,48.0,1758.58,1752.356,0.0035487337965008324,,,,,72.0,1756.84,1752.252,0.0026180490170903395,-11.725276961003175,-9.393612272774794,-11.938493898330096,-12.02439410748125,-11.625006557314352,-11.353878972122482,True
2022-11-25,True,360,360,7.056983897628391e-06,ok,True,240,240,8.9478301437986e-06,ok,False,1125,1440,,insufficient_minutes,48.0,1754.355,1749.175,0.0029572961863439506,,,,,72.0,1761.02,1752.306,0.004964110743989941,-12.02439410748125,-9.393612272774794,-11.86149280770695,-11.624099497105007,-11.762237984008097,-11.368831010287396,True
2022-11-28,True,360,360,7.861807788376667e-06,ok,True,240,240,1.2570170700297095e-05,ok,True,1376,1440,4.5953857262978004e-05,ok,48.0,1763.65,1749.824,0.007896780973704063,274.0,1763.65,1739.55,0.01376391740507331,72.0,1753.895,1745.888,0.0045729330565320424,-11.624099497105007,,-11.75349397944756,-11.284183955478422,-11.73233019302179,-11.38534040434096,False
2022-11-29,True,360,360,8.587498904496933e-06,ok,True,240,240,1.1218448013633841e-05,ok,True,1371,1440,5.035305158397021e-05,ok,48.0,1758.91,1752.145,0.0038567775810907303,271.0,1758.91,1740.265,0.01070684100814856,72.0,1754.994,1740.265,0.008458088560419325,-11.284183955478422,-9.987872767898411,-11.665203027985314,-11.397950990642801,-11.64405703145812,-11.381969658595956,True
2022-11-30,True,360,360,7.114670168895457e-06,ok,True,240,240,6.2892545101947985e-06,ok,True,1376,1440,0.00010938536900054237,ok,48.0,1763.06,1754.83,0.0046890178416274355,274.0,1773.46,1744.808,0.01638071498402065,72.0,1755.67,1747.725,0.004542258151195259,-11.397950990642801,-9.896451333208846,-11.853351684644496,-11.9766680141178,-11.578650909274547,-11.374610771166967,True
2022-12-01,True,360,360,1.26986967280585e-05,ok,True,240,240,1.0133263117325453e-05,ok,True,1375,1440,7.051272574783542e-05,ok,48.0,1781.3,1774.685,0.003725857961169975,273.0,1804.49,1771.859,0.01840035186845538,72.0,1782.538,1771.859,0.006021800055261442,-11.9766680141178,-9.120633415489277,-11.274011189603417,-11.49968716745552,-11.617800620754048,-11.369022986337955,True
2022-12-02,True,360,360,4.683132869881523e-06,ok,True,240,240,5.728958329024494e-06,ok,True,1319,1440,9.28780729088904e-05,ok,48.0,1802.915,1797.91,0.0027777854861401443,263.0,1802.915,1778.42,0.013590099949234716,72.0,1802.416,1795.52,0.00382597792406297,-11.49968716745552,-9.559717357373994,-12.271543255352745,-12.069976836255247,-11.529889209411168,-11.416315479782899,True
2022-12-05,True,360,360,1.0457457911398424e-05,ok,True,240,240,7.5367064145120915e-06,ok,True,1376,1440,6.728501300616893e-05,ok,48.0,1800.43,1792.965,0.004147199182226846,274.0,1809.885,1765.785,0.024510553154830503,72.0,1809.885,1798.6,0.006272144951298521,-12.069976836255247,-9.284222968971513,-11.46819515836697,-11.795725286427343,-11.597610212397802,-11.458338233775086,True
2022-12-06,True,360,360,1.257478796485975e-05,ok,True,240,240,9.173104843860193e-06,ok,True,1374,1440,4.966065845702971e-05,ok,48.0,1778.895,1769.235,0.005452128785377504,272.0,1780.795,1767.24,0.007660334387300439,72.0,1776.265,1768.225,0.004543643561335057,-11.795725286427343,-9.606573035471108,-11.283816703762001,-11.599234741886876,-11.713656308393238,-11.491825829511141,True
2022-12-07,True,360,360,8.881219050951684e-06,ok,True,240,240,8.790983748040362e-06,ok,True,1376,1440,5.661540670503255e-05,ok,48.0,1775.816,1771.1,0.0026601010229205958,274.0,1790.46,1768.7,0.012287329256379412,72.0,1775.14,1768.7,0.0036365073718329097,-11.599234741886876,-9.910297518668298,-11.631571729869727,-11.641783935801257,-11.764949902578818,-11.486070408862544,True
2022-12-08,True,360,360,6.618119267875854e-06,ok,True,240,240,4.585832892739896e-06,ok,True,1374,1440,4.2740182726226064e-05,ok,48.0,1785.94,1781.626,0.0024153656221918454,273.0,1794.76,1781.365,0.007495069033530562,72.0,1788.043,1781.365,0.003736623442024359,-11.641783935801257,-9.779229406526598,-11.925699326887162,-12.292538812757684,-11.702561311214389,-11.506134504953494,True
2022-12-09,True,360,360,1.0349228124866415e-05,ok,True,240,240,8.949951055105036e-06,ok,True,1319,1440,5.54087664693205e-05,ok,48.0,1801.055,1788.9,0.006779689378114779,263.0,1806.035,1788.415,0.009846931077071025,72.0,1797.686,1788.415,0.005181095233571194,-12.292538812757684,-10.060371032784657,-11.478598618341515,-11.623862494395812,-11.846565302235371,-11.549549263643385,True
2022-12-12,True,360,360,7.070935057312554e-06,ok,True,240,240,6.053428842066434e-06,ok,True,1375,1440,4.603444489378399e-05,ok,48.0,1795.38,1788.93,0.003600515794820865,273.0,1795.38,1777.56,0.00992752129514608,72.0,1794.935,1785.4,0.0053119481228516025,-11.623862494395812,-9.800772737211167,-11.859517829755362,-12.014885695709294,-11.760449341938601,-11.63615425295722,True
2022-12-13,True,360,360,3.663333882135528e-06,ok,True,240,240,7.71956778001896e-06,ok,True,1376,1440,0.00013805279296756208,ok,48.0,1788.312,1782.505,0.003247599393766415,274.0,1824.39,1780.941,0.024381402369736103,72.0,1786.002,1780.941,0.0028399796863732723,-12.014885695709294,-9.98612063964877,-12.517136928407348,-11.771752182539098,-11.79918717643078,-11.68107086430509,True
2022-12-14,True,360,360,4.912057394209395e-06,ok,True,240,240,8.160475636554861e-06,ok,True,1376,1440,9.826230277248623e-05,ok,48.0,1810.21,1805.21,0.002763851039484376,274.0,1814.14,1794.15,0.011045663513394047,72.0,1812.595,1808.17,0.0024450755901334735,-11.771752182539098,-8.887874388227665,-12.223817682698812,-11.716208101893496,-11.83866213366892,-11.697763109900302,True
2022-12-15,True,360,360,1.3803579614997016e-05,ok,True,240,240,2.5375790297719106e-05,ok,True,1376,1440,9.001219347345199e-05,ok,48.0,1789.81,1773.66,0.009027137307509496,274.0,1807.776,1773.66,0.01887192195888292,72.0,1807.776,1789.515,0.010101423581051722,-11.716208101893496,-9.22787009599577,-11.190582607046416,-10.58171497634961,-11.856282171483537,-11.695931012614881,True
2022-12-16,True,360,360,6.637073912784773e-06,ok,True,240,240,1.5302460252941773e-05,ok,True,1319,1440,5.676659277841916e-05,ok,48.0,1785.34,1774.216,0.006257963798995836,263.0,1794.175,1774.216,0.011234411894663702,72.0,1784.115,1775.944,0.004599247436810331,-10.58171497634961,-9.315565413772651,-11.922839367387466,-11.087496941647087,-11.394978645190053,-11.617172238745137,True
2022-12-19,True,360,360,6.090746775271725e-06,ok,True,240,240,5.6732285173657016e-06,ok,True,1375,1440,3.400451066065704e-05,ok,48.0,1798.65,1793.25,0.0030108558078851475,273.0,1798.65,1783.78,0.008302276565749686,72.0,1796.825,1790.224,0.0036854961405860236,-11.087496941647087,-9.776562560577874,-12.00873986056275,-12.07975219885776,-11.287995944499984,-11.576194236371792,True
2022-12-20,True,360,360,1.905066889985461e-05,ok,True,240,240,1.7881411191547683e-05,ok,True,1375,1440,7.814968411395728e-05,ok,48.0,1809.375,1793.927,0.00861018139458413,273.0,1821.015,1784.554,0.020401243289064716,72.0,1796.05,1784.554,0.006432426232168212,-12.07975219885776,-10.28901737565762,-10.868408344154746,-10.931748865631603,-11.294086806672196,-11.593340973186447,True
2022-12-21,True,360,360,4.723329991854584e-06,ok,True,240,240,5.623458974221589e-06,ok,True,1376,1440,3.2350945178648266e-05,ok,48.0,1817.275,1811.8,0.003014071170615771,274.0,1823.74,1811.8,0.0065703673132480695,72.0,1819.732,1812.99,0.003710001375705028,-10.931748865631603,-9.45688454315285,-12.262996500370853,-12.088563607546108,-11.14283380647404,-11.542489128157184,True
2022-12-22,True,360,360,4.083319977642474e-06,ok,True,240,240,6.995108249954341e-06,ok,True,1376,1440,6.216554475380286e-05,ok,48.0,1819.59,1813.7,0.00324148216634465,274.0,1820.335,1784.725,0.019621456318704097,72.0,1820.335,1814.53,0.0031986114554922247,-12.088563607546108,-10.3388673201753,-12.408600180428431,-11.87029947463357,-11.178507490704758,-11.555256574774795,True
2022-12-23,True,360,360,6.9930754268282276e-06,ok,True,240,240,4.735891179784867e-06,ok,True,1318,1440,3.9010405492574936e-05,ok,48.0,1799.575,1795.005,0.00254217252840471,262.0,1803.115,1791.125,0.006684823666171396,72.0,1796.155,1791.215,0.0027542142544526305,-11.87029947463357,-9.685709654567079,-11.870590123253491,-12.260340637887921,-11.483839256208032,-11.55005930290633,True
2022-12-26,False,0,360,,insufficient_minutes,False,0,240,,insufficient_minutes,False,57,1440,,insufficient_minutes,,,,,,,,,,,,,-12.260340637887921,-10.151682139919497,,,-11.713595984339916,-11.57215811624687,False
2022-12-27,True,358,360,4.669930329183953e-06,ok,True,240,240,2.553444765616471e-06,ok,True,1371,1440,7.105150970854763e-05,ok,48.0,1810.48,1805.66,0.0026689775656377093,269.0,1833.268,1800.556,0.0181546743624608,70.0,1807.78,1800.556,0.0040092127535588055,-12.260340637887921,-10.151682139919497,-12.274366405199048,-12.878067221945816,-11.713595984339916,-11.57215811624687,True
2022-12-28,True,359,360,5.797035469419504e-06,ok,True,240,240,1.3793799708835292e-05,ok,True,1375,1440,5.238211079415882e-05,ok,48.0,1811.32,1799.2,0.006694486714592209,273.0,1814.515,1796.958,0.00968707498006804,71.0,1814.515,1809.519,0.0027565430654679503,-12.878067221945816,-9.552105455109999,-12.058163897043457,-11.191291363226224,-11.792922096595989,-11.62676197496989,True
2022-12-29,True,360,360,4.083875251635058e-06,ok,True,240,240,6.694987051106648e-06,ok,True,1375,1440,3.8566641114635145e-05,ok,48.0,1811.897,1804.31,0.004199996678531684,273.0,1820.07,1804.31,0.008727627148679775,72.0,1810.015,1805.022,0.002765040758461903,-11.191291363226224,-9.856945421984557,-12.408464203761326,-11.914151512937027,-11.90740010379999,-11.612435791363037,True
2022-12-30,True,359,360,3.4596892179102418e-06,ok,True,240,240,6.217597846206565e-06,ok,True,1318,1440,4.45050487729184e-05,ok,48.0,1820.183,1813.257,0.003811915069035197,262.0,1826.015,1813.257,0.007028775115557755,71.0,1819.11,1814.593,0.0024885544126801266,-11.914151512937027,-10.163122874974844,-12.57433179434205,-11.988126924166052,-11.87610060504611,-11.610197377047797,True
2023-01-02,False,0,360,,insufficient_minutes,False,0,240,,insufficient_minutes,False,57,1440,,insufficient_minutes,,,,,,,,,,,,,-11.988126924166052,-10.019907919656475,,,-11.898713819834907,-11.632012044749327,False
2023-01-03,True,360,360,2.0039492206032696e-05,ok,True,240,240,2.4347404201967736e-05,ok,True,1376,1440,0.00010791140631375378,ok,48.0,1847.95,1830.75,0.00930929874459779,274.0,1849.865,1826.686,0.012670239777414017,72.0,1843.07,1826.686,0.008955917361109221,-11.988126924166052,-10.019907919656475,-10.817805621088972,-10.623085317733533,-11.898713819834907,-11.632012044749327,True
2023-01-04,True,360,360,5.333615910024625e-06,ok,True,240,240,1.213027476259457e-05,ok,True,1376,1440,7.306104711167891e-05,ok,48.0,1865.09,1856.895,0.004410158162963248,274.0,1865.09,1836.085,0.015793242202069582,72.0,1847.09,1836.085,0.005992229975306829,-10.623085317733533,-9.134199979389669,-12.141481142666542,-11.319806183773135,-11.44326445669337,-11.532288558279781,True
2023-01-05,True,360,360,1.0573142357211951e-05,ok,True,240,240,1.5556989123716206e-05,ok,True,1375,1440,8.373879390978828e-05,ok,48.0,1851.251,1843.765,0.004047580427142404,273.0,1858.87,1824.99,0.018264938649645204,72.0,1858.87,1850.234,0.004655726392512867,-11.319806183773135,-9.524215204484145,-11.457193512083213,-11.071000558984288,-11.278896359734196,-11.509141623743911,True
2023-01-06,True,359,360,7.706686978681754e-06,ok,True,240,240,8.07162941772949e-06,ok,True,1318,1440,0.00011736166486068077,ok,48.0,1840.425,1833.192,0.0039342817746422665,262.0,1869.795,1831.293,0.021006342494714687,71.0,1840.787,1831.293,0.005179840414649194,-11.071000558984288,-9.38780820027389,-11.773422167189585,-11.72715518556428,-11.251373022470395,-11.477837867547453,True
2023-01-09,True,360,360,8.061943862518926e-06,ok,True,240,240,5.549377991820722e-06,ok,True,1376,1440,4.824278045075211e-05,ok,48.0,1876.837,1870.435,0.0034142634294628445,274.0,1881.425,1867.062,0.007681693470319909,72.0,1879.397,1867.062,0.006597068088588455,-11.72715518556428,-9.050250238300713,-11.728355856513721,-12.101824710032457,-11.230398225587304,-11.481316669538227,True
2023-01-10,True,359,360,8.690800223130564e-06,ok,True,240,240,5.6964152230596735e-06,ok,True,1374,1440,4.203915892557075e-05,ok,48.0,1877.204,1871.533,0.003029145712538318,272.0,1880.67,1867.783,0.00688938072021222,71.0,1875.984,1867.783,0.004384248567273983,-12.101824710032457,-9.939264369338346,-11.653245537410985,-12.075673489204654,-11.240524422543444,-11.476659705477706,True
2023-01-11,True,360,360,8.658390933263225e-06,ok,True,240,240,6.429037822864553e-06,ok,True,1375,1440,5.09704980545562e-05,ok,48.0,1886.56,1880.88,0.00301869143977755,273.0,1886.56,1867.095,0.010368669731368046,72.0,1884.555,1871.92,0.006730446547949433,-12.075673489204654,-10.07690901868347,-11.656981657126789,-11.954685669657533,-11.57470116049082,-11.49247235803265,True
2023-01-12,True,360,360,6.420615904681691e-06,ok,True,240,240,2.3292693309965963e-06,ok,True,1376,1440,9.019916253829789e-05,ok,48.0,1886.225,1881.104,0.0027202175749108225,274.0,1901.58,1867.8,0.017996276081414755,72.0,1884.954,1875.762,0.004897032851994218,-11.954685669657533,-9.884263562136498,-11.955996509555227,-12.969955931413825,-11.70400244899953,-11.490634025594524,True
2023-01-13,True,360,360,8.86170839696498e-06,ok,True,240,240,1.5632046109093217e-05,ok,True,1319,1440,5.5279308507967515e-05,ok,48.0,1909.61,1897.945,0.006140378582106818,263.0,1921.785,1892.27,0.015549227806855621,72.0,1900.855,1892.27,0.004522789114750318,-12.969955931413825,-9.313490415436604,-11.63377099060705,-11.06618751300768,-12.090042975936429,-11.5173449588292,True
2023-01-16,True,360,360,1.6765872809744068e-05,ok,True,240,240,7.529039826857484e-06,ok,False,1225,1440,,insufficient_minutes,48.0,1919.265,1910.79,0.004420785778371344,,,,,72.0,1928.935,1916.715,0.006374344047656321,-11.06618751300768,-9.803111887483828,-10.996165117978979,-11.796743037316485,-11.85158799715908,-11.480508508334763,True
2023-01-17,True,359,360,1.5986535352543338e-05,ok,True,240,240,7.608345174905874e-06,ok,True,1371,1440,5.525113541258074e-05,ok,48.0,1912.74,1904.2,0.004471098848456431,269.0,1918.97,1903.685,0.007968885633327033,71.0,1918.97,1908.03,0.00570360541894653,-11.796743037316485,-9.803111887483828,-11.043763730484494,-11.786264863757486,-11.797524074507107,-11.570857210733932,True
2023-01-18,True,360,360,1.2776349688237862e-05,ok,True,240,240,1.1769339660747498e-05,ok,True,1376,1440,7.059308861096151e-05,ok,48.0,1916.655,1907.747,0.0046688609824104815,274.0,1925.814,1896.534,0.015340123223940638,72.0,1910.24,1896.534,0.007180728446288562,-11.786264863757486,-9.80362166732362,-11.267914776712463,-11.350012741855801,-11.747945810392793,-11.612476463762983,True
2023-01-19,True,360,360,1.188089621803009e-05,ok,True,240,240,9.425139386083173e-06,ok,True,1375,1440,5.61287392649428e-05,ok,48.0,1916.715,1906.605,0.005289206043611047,273.0,1935.081,1900.91,0.01791895541367864,72.0,1910.895,1900.91,0.005236041374428034,-11.350012741855801,-9.558578313285983,-11.340578807647049,-11.572130035765214,-11.621222730825107,-11.579359821462507,True
2023-01-20,True,359,360,1.2930111105165564e-05,ok,True,240,240,1.5233496710534477e-05,ok,True,1318,1440,5.570063077581777e-05,ok,48.0,1937.455,1926.465,0.005685139490251464,262.0,1937.455,1920.595,0.00872767932249184,71.0,1934.765,1923.113,0.006031727133195487,-11.572130035765214,-9.787862590246869,-11.255951772397196,-11.092013823809356,-11.474399028200121,-11.62559822891498,True
2023-01-23,True,359,360,7.4619981374357106e-06,ok,True,240,240,9.698565467391591e-06,ok,True,1374,1440,6.769667919564414e-05,ok,48.0,1929.315,1918.824,0.005462952837704834,272.0,1935.465,1911.31,0.012531744405332267,71.0,1935.465,1926.001,0.004909974293192464,-11.092013823809356,-9.795519086574192,-11.805687332771917,-11.543532573351365,-11.482098326453352,-11.573213652681938,True
2023-01-24,True,360,360,5.624261893234389e-06,ok,True,240,240,7.162310140542287e-06,ok,True,1376,1440,5.8236834820336086e-05,ok,48.0,1942.43,1934.242,0.004219520176448967,274.0,1942.43,1917.095,0.013117291940644725,72.0,1936.997,1930.723,0.0032483871969846614,-11.543532573351365,-9.600473431012134,-12.088420837464307,-11.846677983703396,-11.44088602619212,-11.558958457134098,True
2023-01-25,True,360,360,1.2020853887709296e-05,ok,True,240,240,9.392569439419589e-06,ok,True,1376,1440,6.576635086979141e-05,ok,48.0,1932.37,1922.654,0.005037172215712853,274.0,1948.715,1919.82,0.014916781960476584,72.0,1939.601,1925.751,0.0071499370186053944,-11.846677983703396,-9.750992502731,-11.328867592469434,-11.575591666454592,-11.449221328735588,-11.546334846112716,True
2023-01-26,True,360,360,6.870024976787749e-06,ok,True,240,240,1.5323230174512e-05,ok,True,1376,1440,9.878360508752551e-05,ok,48.0,1945.045,1933.055,0.006171790951814737,274.0,1949.112,1918.531,0.0156955229702473,72.0,1949.112,1942.474,0.0034069154532717512,-11.575591666454592,-9.629402235392462,-11.88834281610522,-11.086140568976651,-11.494848224435911,-11.511588187542033,True
2023-01-27,True,360,360,1.0494361052228643e-05,ok,True,240,240,6.393710182050044e-06,ok,True,1319,1440,6.310206946692624e-05,ok,48.0,1931.395,1922.92,0.004406500302865607,263.0,1934.915,1916.602,0.009484939751235858,72.0,1934.772,1919.743,0.007784041911282949,-11.086140568976651,-9.222578907389746,-11.464672487704739,-11.960195834902223,-11.385233077387872,-11.503980268490707,True
2023-01-30,True,360,360,1.1510417874285864e-05,ok,True,240,240,1.0538822909034292e-05,ok,True,1374,1440,4.603561751310497e-05,ok,48.0,1930.715,1920.62,0.005245709119063841,272.0,1934.428,1920.62,0.007158075904220414,72.0,1934.428,1924.35,0.005224441552921033,-11.960195834902223,-9.670756992331667,-11.37225803056493,-11.460444699547306,-11.554364620647018,-11.505474353610087,True
2023-01-31,True,360,360,8.225971934606131e-06,ok,True,240,240,1.417607164024631e-05,ok,True,1376,1440,7.696951397825343e-05,ok,48.0,1914.85,1901.135,0.0071636006560322155,274.0,1931.065,1900.692,0.015800466632159147,72.0,1927.305,1916.99,0.005366009722803879,-11.460444699547306,-9.986095167322796,-11.708214099952995,-11.163955110485205,-11.537000090220175,-11.484255343624909,True
2023-02-01,True,360,360,4.977160218967739e-06,ok,True,240,240,4.72160463575706e-06,ok,True,1376,1440,9.646162820427398e-05,ok,48.0,1930.105,1923.215,0.003579081334493513,274.0,1956.085,1920.455,0.01848609133052649,72.0,1928.69,1924.47,0.00218948373322543,-11.163955110485205,-9.472101136868886,-12.210651066729826,-12.263361850939118,-11.402737342764686,-11.53493756082496,True
2023-02-02,True,359,360,1.263594183461765e-05,ok,True,240,240,9.736295085781263e-06,ok,True,1375,1440,0.0001038090146140317,ok,48.0,1959.59,1951.54,0.004116310047631564,273.0,1959.645,1911.25,0.02477893777488773,71.0,1957.162,1950.73,0.0032932767386729695,-12.263361850939118,-9.24636526388604,-11.278965278183364,-11.539649894009788,-11.490118736046481,-11.573540969251617,True
2023-02-03,True,360,360,5.056224251357938e-06,ok,True,240,240,1.1469875274322736e-05,ok,True,1319,1440,0.00020175855326505596,ok,48.0,1916.129,1909.196,0.0036226545232235473,263.0,1918.52,1861.305,0.029874398556797344,72.0,1918.52,1913.738,0.0024968867237368324,-11.539649894009788,-9.172957745010782,-12.194890548591056,-11.375786500960345,-11.605775575265325,-11.604951304318309,True
2023-02-06,True,360,360,1.9257160358067637e-05,ok,True,240,240,2.1646522076022993e-05,ok,True,1375,1440,7.354605717590118e-05,ok,48.0,1881.277,1868.145,0.006999626885560504,273.0,1881.277,1863.015,0.0097890702473801,72.0,1878.61,1863.61,0.00804052424218059,-11.375786500960345,-8.508438856347045,-10.857627599740061,-10.740665759560082,-11.500153977815613,-11.586493632612207,True
2023-02-07,True,359,360,7.486091483981065e-06,ok,True,240,240,1.6655171230289004e-05,ok,True,1375,1440,9.160432913189823e-05,ok,48.0,1877.925,1866.04,0.00633410611026727,273.0,1884.277,1864.925,0.0103562780119072,71.0,1875.542,1868.24,0.003907686132851646,-10.740665759560082,-9.517598719751428,-11.802463727880639,-11.00278980535743,-11.30184852386147,-11.503412327344257,True
2023-02-08,True,359,360,6.345891345654344e-06,ok,True,240,240,1.8168387546481847e-05,ok,True,1375,1440,9.334573534754462e-05,ok,48.0,1886.21,1878.512,0.004080918604281355,273.0,1886.357,1869.008,0.009262581285837809,71.0,1878.34,1872.455,0.0031419846024068033,-11.00278980535743,-9.298032026135703,-11.96770298665575,-10.915827422120259,-11.262486357192314,-11.450559009133945,True
2023-02-09,True,360,360,4.435602813746288e-06,ok,True,240,240,1.4475984175132362e-05,ok,True,1376,1440,8.412736529889435e-05,ok,48.0,1886.068,1879.87,0.003295861826922104,274.0,1890.125,1858.85,0.016679288350363766,72.0,1881.345,1871.936,0.005017919235446011,-10.915827422120259,-9.279200373567038,-12.32584702951227,-11.143019545442959,-11.072398906940048,-11.396878103609518,True
2023-02-10,True,360,360,1.3769995810652786e-05,ok,True,240,240,2.5042967012673734e-05,ok,True,1319,1440,8.462027823961277e-05,ok,48.0,1872.052,1860.4,0.0062432688752791935,263.0,1872.052,1852.71,0.01038499432213234,72.0,1865.406,1852.71,0.006816662595067323,-11.143019545442959,-9.383178653914472,-11.193018549461028,-10.594917527830397,-11.013169601922028,-11.344210531320128,True
2023-02-13,True,360,360,7.296577515643625e-06,ok,True,240,240,1.1460613539046627e-05,ok,True,1373,1440,4.8617342989454024e-05,ok,48.0,1864.11,1853.815,0.005523261272522832,272.0,1866.51,1850.4,0.0086479000257665,72.0,1863.82,1856.925,0.003701258266769723,-10.594917527830397,-9.377336624570777,-11.82810515322018,-11.376594310672134,-10.860714535034603,-11.305230845239125,True
2023-02-14,True,359,360,3.668754223739904e-06,ok,True,240,240,9.525217780789033e-06,ok,True,1374,1440,0.00014785024389106147,ok,48.0,1863.795,1853.625,0.005471728059957696,272.0,1870.612,1843.135,0.014817431256976812,71.0,1859.365,1853.962,0.0029136580078409488,-11.376594310672134,-9.93153023907937,-12.515658402095736,-11.561567773088056,-10.972893060095947,-11.289385906233411,True
2023-02-15,True,360,360,1.1865812763435888e-05,ok,True,240,240,1.911039346033863e-05,ok,True,1376,1440,8.10920020203686e-05,ok,48.0,1837.68,1831.727,0.003243028279119416,274.0,1860.054,1830.474,0.015946693406220267,72.0,1860.054,1845.101,0.008061220639053752,-11.561567773088056,-8.819310662082694,-11.341849169500936,-10.865278210686025,-11.059646287278328,-11.281750674301897,True
2023-02-16,True,360,360,9.362589135388687e-06,ok,True,240,240,8.019552143400671e-06,ok,True,1376,1440,7.498013789800494e-05,ok,48.0,1844.729,1834.725,0.005433221182176456,274.0,1845.195,1827.54,0.009613395044922392,72.0,1842.52,1834.453,0.004392594609311194,-10.865278210686025,-9.419926220443802,-11.578788688697504,-11.733627980113845,-11.04774374285591,-11.25303754154258,True
2023-02-17,True,360,360,1.05396302230753e-05,ok,True,240,240,1.616181068188292e-05,ok,True,1319,1440,6.919231332675328e-05,ok,48.0,1828.117,1818.843,0.005084165024299659,263.0,1843.56,1818.843,0.013474417577744816,72.0,1834.269,1823.804,0.0057049714751425794,-11.733627980113845,-9.498287307527699,-11.460368098666175,-11.032859464001916,-11.132316815745774,-11.258471789083748,True
2023-02-20,True,360,360,7.383811588194678e-06,ok,True,240,240,6.5292346405502194e-06,ok,False,1222,1440,,insufficient_minutes,48.0,1847.445,1841.034,0.003473017885148166,,,,,72.0,1844.77,1837.233,0.004098790810486006,-11.032859464001916,-9.57862078060355,-11.816220577314256,-11.939220828199042,-11.261737459706586,-11.254879454620827,True
2023-02-21,True,360,360,8.712323690908476e-06,ok,True,240,240,1.0598789455708358e-05,ok,True,1375,1440,5.949838308545796e-05,ok,48.0,1836.69,1831.025,0.003087529976019165,273.0,1843.78,1830.165,0.007392164793966825,72.0,1843.71,1837.025,0.003629571916832008,-11.939220828199042,-9.57862078060355,-11.65077201842001,-11.454770765659495,-11.341560231636516,-11.26719749728893,True
2023-02-22,True,358,360,6.465873917736855e-06,ok,True,240,240,1.1488299772924856e-05,ok,True,1373,1440,5.483830494165294e-05,ok,48.0,1841.155,1832.04,0.0049542216871529985,271.0,1845.945,1823.435,0.01226271964350405,70.0,1838.38,1834.522,0.0021017135666210923,-11.454770765659495,-9.729561420816259,-11.948972378118567,-11.374181451559021,-11.323631929304435,-11.253848045944997,True
2023-02-23,True,360,360,5.388085969855368e-06,ok,True,240,240,6.025896402788022e-06,ok,True,1376,1440,5.5854819673954996e-05,ok,48.0,1829.625,1823.866,0.0031474503138432695,274.0,1833.773,1817.425,0.008957170174179348,72.0,1830.37,1823.062,0.004004098338200562,-11.374181451559021,-9.811121612908089,-12.131320343742527,-12.019444309108554,-11.45848109325075,-11.245793532312678,True
2023-02-24,True,360,360,5.77109755329222e-06,ok,True,240,240,9.646945925215347e-06,ok,True,1317,1440,5.461277664425181e-05,ok,48.0,1825.551,1817.313,0.004521343011209961,261.0,1827.752,1808.885,0.010347664412524453,72.0,1827.752,1822.952,0.0026325748227125144,-12.019444309108554,-9.792754739414045,-12.062648278324907,-11.54886917713879,-11.49697276947662,-11.282031149998046,True
2023-02-27,True,360,360,5.772655024701134e-06,ok,True,240,240,5.913828839868621e-06,ok,True,1373,1440,3.23442816717014e-05,ok,48.0,1813.635,1808.225,0.0029876545255235064,271.0,1820.075,1806.58,0.007448352752220221,72.0,1814.14,1806.58,0.00417262295715344,-11.54886917713879,-9.815242698114714,-12.06237844034842,-12.038217078469776,-11.634208378624068,-11.269201332619293,True
2023-02-28,True,359,360,4.581715678382056e-06,ok,True,240,240,1.0759367226084075e-05,ok,True,1374,1440,5.359843890992599e-05,ok,48.0,1812.99,1804.494,0.004692367171103554,272.0,1831.05,1804.494,0.014613530557665028,71.0,1819.34,1812.148,0.003957693619924945,-12.038217078469776,-10.339073317040752,-12.293437027717268,-11.439733812944645,-11.64820099723084,-11.287490695225927,True
2023-03-01,True,360,360,6.190815036656343e-06,ok,True,240,240,1.3495187413665618e-05,ok,True,1369,1440,6.087153399416886e-05,ok,48.0,1838.425,1830.38,0.004382715376820827,269.0,1844.516,1823.025,0.011771923434020856,72.0,1832.565,1823.025,0.005225636292427463,-11.439733812944645,-9.833990615126467,-11.992443810039473,-11.21317742395342,-11.644530983752155,-11.30122005285089,True
2023-03-02,True,360,360,6.959415360243808e-06,ok,True,240,240,7.2491308969974355e-06,ok,True,1375,1440,4.553675077431031e-05,ok,48.0,1837.245,1829.907,0.004006037991303308,273.0,1838.905,1829.907,0.004899430450738916,72.0,1838.175,1830.985,0.003914970542433083,-11.21317742395342,-9.706744914623219,-11.87541508711111,-11.834628972559642,-11.599764657345462,-11.266337534680924,True
2023-03-03,True,359,360,6.303092982753421e-06,ok,True,240,240,7.413044005289805e-06,ok,True,1318,1440,3.591354194763925e-05,ok,48.0,1849.172,1842.7,0.003511942068149681,262.0,1856.265,1837.68,0.010112387062021028,71.0,1841.46,1837.68,0.0020567566905805293,-11.834628972559642,-9.996990848703504,-11.974470095399733,-11.812269406075043,-11.573430312545973,-11.276103193400846,True
2023-03-06,True,359,360,5.4050471129204094e-06,ok,True,240,240,6.339162882492094e-06,ok,True,1374,1440,2.4741793018636007e-05,ok,48.0,1857.08,1847.2,0.005322386885811035,272.0,1858.185,1845.1,0.007063809112502719,71.0,1856.395,1850.682,0.003084107104297109,-11.812269406075043,-10.234396120570825,-12.128177390367075,-11.968763835694668,-11.62205845676754,-11.292239554281636,True
2023-03-07,False,355,360,,insufficient_complete_m5,True,240,240,5.65906222984345e-06,ok,True,1371,1440,5.63239446530932e-05,ok,48.0,1849.588,1840.865,0.0047187188107724815,270.0,1851.58,1812.65,0.02108518566662325,,,,,-11.968763835694668,-10.607016719146047,,-12.082252363249497,-11.612615589403632,-11.355584230245174,False
2023-03-08,True,359,360,6.120099492060764e-06,ok,True,240,240,5.050822741464635e-06,ok,True,1371,1440,3.8094916753057146e-05,ok,48.0,1816.565,1812.275,0.0023646395440489703,269.0,1824.18,1809.3,0.008202753545292986,71.0,1814.063,1809.3,0.0026256528989402833,-12.082252363249497,-9.784390808561968,-12.003932204699508,-12.195959408844974,-11.732186875845194,-11.403699487704307,True
2023-03-09,True,355,360,3.7452555804481844e-06,ok,True,240,240,5.5571519648047175e-06,ok,True,1371,1440,3.9546337507448906e-05,ok,48.0,1820.296,1813.645,0.0036646344319155814,271.0,1835.6,1811.855,0.013080122290467344,69.0,1816.4,1811.855,0.002503649433993485,-12.195959408844974,-10.175429703287596,-12.495020697543172,-12.100424817485655,-11.968277822008544,-11.464300499082631,True
2023-03-10,True,360,360,9.203172857873748e-06,ok,True,240,240,1.5219463390234538e-05,ok,True,1319,1440,9.923576893627162e-05,ok,48.0,1837.282,1830.82,0.0035240705141314516,263.0,1870.12,1827.69,0.023165538327145577,72.0,1834.79,1827.69,0.0038763922253766702,-12.100424817485655,-10.138037472148651,-11.595962257509445,-11.09293546303568,-12.023109833587768,-11.507706711306058,True
2023-03-13,True,360,360,2.6616220421377803e-05,ok,True,240,240,3.2879646450255456e-05,ok,True,1376,1440,0.00017496948070346182,ok,48.0,1893.765,1875.43,0.009771839408200157,274.0,1914.57,1871.4,0.0229899748372408,72.0,1888.77,1872.061,0.00889829718683019,-11.09293546303568,-9.218012034710261,-10.533989737745802,-10.322656740563563,-11.791960677266578,-11.557802673928734,True
2023-03-14,True,360,360,1.2377434937153606e-05,ok,True,240,240,1.2022801766828213e-05,ok,True,1373,1440,9.719374305532444e-05,ok,48.0,1913.28,1900.665,0.0065953542356133495,271.0,1914.1,1895.31,0.009826763417663574,72.0,1914.1,1901.418,0.006632411583970722,-10.322656740563563,-8.650898995229726,-11.29963550626647,-11.328705563936737,-11.260360646672359,-11.4516327919751,True
2023-03-15,True,360,360,5.855504546146945e-06,ok,True,240,240,5.404394647112817e-05,ok,True,1376,1440,0.00020753061245772393,ok,48.0,1918.874,1885.665,0.017510123592187992,274.0,1937.265,1885.665,0.027112944329138605,72.0,1905.61,1899.09,0.0034258991671702083,-11.328705563936737,-9.238804220428639,-12.048128391075323,-9.825713018835408,-11.166080266681224,-11.439955747604806,True
2023-03-16,True,360,360,2.0351460013297486e-05,ok,True,240,240,1.4781834241645148e-05,ok,True,1376,1440,0.00012650190738027915,ok,48.0,1926.97,1915.695,0.005882076751319928,274.0,1933.415,1907.435,0.013521777713008344,72.0,1924.324,1907.435,0.008790196450923765,-9.825713018835408,-8.480231699258248,-10.802357903524046,-11.122111547191366,-10.639767645370677,-11.289489375243845,True
2023-03-17,True,360,360,9.467519387890231e-06,ok,True,240,240,7.605155491365357e-06,ok,False,1259,1440,,insufficient_minutes,48.0,1937.11,1927.31,0.0050763919285368095,,,,,72.0,1932.8,1918.18,0.007608817276490936,-11.122111547191366,-8.975253171805399,-11.567643629336251,-11.78668418652313,-10.5655416341591,-11.262807312053843,True
2023-03-20,True,360,360,2.3186191632922073e-05,ok,True,240,240,5.6648756997980946e-05,ok,True,1372,1440,0.0002067627572647208,ok,48.0,2006.105,1973.818,0.016115418882597092,272.0,2009.725,1965.865,0.022181314290916028,72.0,1988.545,1968.041,0.010369486279547337,-11.78668418652313,-8.975253171805399,-10.671953644722958,-9.778640512514198,-10.626406470375802,-11.296690635171306,True
2023-03-21,True,360,360,1.208283395759635e-05,ok,True,240,240,1.6968226389761237e-05,ok,True,1376,1440,0.00011958693692497154,ok,48.0,1970.795,1962.822,0.004046602158560106,274.0,1985.095,1935.34,0.025169656791203955,72.0,1985.095,1975.395,0.004906957509289096,-9.778640512514198,-8.483938522144387,-11.323724793832909,-10.984167998631467,-10.447508115832163,-11.112813678464425,True
2023-03-22,True,360,360,1.2996366539933858e-05,ok,True,240,240,1.21666010430577e-05,ok,True,1376,1440,0.0002821988645779616,ok,48.0,1945.555,1939.488,0.0031277548937223257,274.0,1978.79,1934.22,0.022936511612348734,72.0,1946.151,1937.863,0.004265151632110093,-10.984167998631467,-9.031466945448368,-11.250840736497448,-11.316815979779768,-10.413993763373988,-11.091692881090223,True
2023-03-23,True,360,360,1.8636403060720626e-05,ok,True,240,240,9.330409810374172e-06,ok,True,1376,1440,0.00011414065981556872,ok,48.0,1980.66,1974.215,0.0032600393531516227,274.0,2003.235,1966.245,0.018777269300763736,72.0,1980.8,1966.245,0.00738856865835678,-11.316815979779768,-8.172898542019418,-10.890393736173172,-11.582231620128152,-10.741239098793834,-11.089469720652946,True
2023-03-24,True,360,360,9.631730080858673e-06,ok,True,240,240,2.253534370693871e-05,ok,False,1259,1440,,insufficient_minutes,48.0,2000.205,1981.192,0.009556360309916951,,,,,72.0,1994.855,1989.324,0.002777547612770366,-11.582231620128152,-9.07807901211573,-11.550447692957132,-10.70042564979958,-10.792949908016883,-11.078709174578917,True
2023-03-27,True,360,360,1.3722775595433613e-05,ok,True,240,240,2.245026820522191e-05,ok,True,1374,1440,8.398059719123715e-05,ok,48.0,1972.555,1948.125,0.012403029933796385,272.0,1978.645,1943.92,0.017576271400913567,72.0,1978.645,1969.253,0.004753818315259369,-10.70042564979958,-9.07807901211573,-11.196453653252831,-10.704207997066886,-10.657239982541196,-11.037813207141555,True
2023-03-28,True,360,360,6.5524826768022975e-06,ok,True,240,240,1.0671345388602393e-05,ok,True,1376,1440,5.585005934474051e-05,ok,48.0,1957.25,1949.12,0.004158567774936117,274.0,1975.24,1949.12,0.013339291413980272,72.0,1963.945,1956.66,0.0037203957867857538,-10.704207997066886,-9.384924771620899,-11.935666545506287,-11.44794840982128,-11.000690644723923,-10.987678185031612,True
2023-03-29,True,360,360,6.488623625866274e-06,ok,True,240,240,1.0546285348836116e-05,ok,True,1376,1440,5.7277612517286e-05,ok,48.0,1969.085,1958.63,0.005328270923847224,274.0,1972.785,1958.63,0.007177627909335213,72.0,1972.785,1962.976,0.004973885705593008,-11.44794840982128,-9.79283996987594,-11.945460125877307,-11.459736859680216,-11.079145458638475,-10.987938503491128,True
2023-03-30,True,360,360,1.0754786317937709e-05,ok,True,240,240,5.662464975672261e-06,ok,True,1376,1440,5.5105689380997825e-05,ok,48.0,1971.475,1964.86,0.003359778147982614,274.0,1984.24,1955.28,0.014750712450243104,72.0,1965.39,1955.28,0.0051495063146394845,-11.459736859680216,-9.76760071709386,-11.440159663602094,-12.081651252485992,-11.100370185503923,-10.996699073372143,True
2023-03-31,True,359,360,4.250370674266013e-06,ok,True,240,240,9.041918154435558e-06,ok,False,1258,1440,,insufficient_minutes,48.0,1984.165,1973.15,0.005551103921301761,,,,,71.0,1983.57,1977.62,0.0030073743852573175,-12.081651252485992,-9.806257591582394,-12.368504361356816,-11.613639220843117,-11.15014926485253,-11.001444675366862,True
2023-04-03,True,360,360,1.5500360565630613e-05,ok,True,240,240,1.1319536882714255e-05,ok,True,1372,1440,9.29293386377653e-05,ok,48.0,1972.41,1953.18,0.00983717254185787,271.0,1990.42,1949.663,0.020824349318918065,72.0,1964.52,1949.663,0.007591023819985883,-11.613639220843117,-9.806257591582394,-11.074647272010887,-11.388980397447135,-11.358107315274525,-10.996573138645918,True
2023-04-04,True,358,360,7.977760673901077e-06,ok,True,240,240,7.113263974794175e-06,ok,True,1374,1440,0.00010887744827910827,ok,48.0,1984.255,1978.705,0.002800759990008191,272.0,2024.945,1976.91,0.02419746867325728,70.0,1985.24,1977.765,0.003765505950506849,-11.388980397447135,-9.283671153198943,-11.738852803188589,-11.853549351303851,-11.569674652549148,-10.981823674130528,True
2023-04-05,True,360,360,3.7301205680186772e-06,ok,True,240,240,6.003046638168073e-06,ok,True,1374,1440,8.710598306142416e-05,ok,48.0,2028.29,2021.721,0.003244896043785577,272.0,2031.985,2009.965,0.010890369293312947,72.0,2025.245,2019.272,0.002954049763349583,-11.853549351303851,-9.125287635980298,-12.499070000965357,-12.023243444581308,-11.647978715914986,-10.977557747074522,True
2023-04-06,True,360,360,8.399553567100044e-06,ok,True,240,240,4.496328537078633e-06,ok,False,1259,1440,,insufficient_minutes,48.0,2020.73,2012.632,0.004021373166347173,,,,,72.0,2020.44,2007.955,0.006179301197007668,-12.023243444581308,-9.348384984600195,-11.68733200030115,-12.312249374848953,-11.757797616118108,-10.97477420841839,True
2023-04-07,False,0,360,,insufficient_minutes,False,0,240,,insufficient_minutes,False,0,1440,,insufficient_minutes,,,,,,,,,,,,,-12.312249374848953,-9.348384984600195,,,-11.788044275072894,-10.977875697747638,False
2023-04-10,True,360,360,1.2321955988336102e-05,ok,True,240,240,4.1982586682099165e-06,ok,True,1374,1440,6.153822498632783e-05,ok,48.0,2002.732,1994.935,0.003906713865903074,272.0,2005.812,1981.555,0.012094122456916134,72.0,2005.812,1988.816,0.008473912902574366,-12.312249374848953,,-11.304127847173753,-12.380840721453621,-11.788044275072894,-10.977875697747638,False
2023-04-11,True,360,360,9.875443500681248e-06,ok,True,240,240,6.378800658868444e-06,ok,True,1371,1440,3.322189376248564e-05,ok,48.0,2007.37,1997.708,0.004832703527993521,270.0,2007.37,1988.75,0.009345442591026413,72.0,2001.49,1988.75,0.006394250193860219,-12.380840721453621,-9.695852031737445,-11.525459336724186,-11.962530462782256,-11.924496133105187,-11.010680230252834,True
2023-04-12,True,360,360,1.6022737686180557e-05,ok,True,240,240,6.38044552171535e-06,ok,True,1376,1440,0.0001403173899981065,ok,48.0,2016.5,2007.188,0.004619723620271765,274.0,2028.275,2001.088,0.013560919889964423,72.0,2021.085,2003.885,0.008579388020281296,-11.962530462782256,-10.312301448706606,-11.041501739152826,-11.962272632055779,-12.085991861423235,-11.094265811160511,True
2023-04-13,True,360,360,7.200159545575208e-06,ok,True,240,240,6.14389017153117e-06,ok,True,1372,1440,6.587595131606045e-05,ok,48.0,2029.12,2020.49,0.004270976905546025,270.0,2048.638,2015.216,0.016560260231245103,72.0,2019.737,2015.282,0.002207407077080948,-11.962272632055779,-8.87160362986896,-11.841407373080106,-12.000052438006025,-12.112331695448834,-11.113001557306925,True
2023-04-14,True,360,360,1.1209631121510576e-05,ok,True,240,240,1.2223271347879209e-05,ok,False,1259,1440,,insufficient_minutes,48.0,2042.185,2031.745,0.005114300200604043,,,,,72.0,2047.38,2038.545,0.004331381311082422,-12.000052438006025,-9.627737109976502,-11.398737227620504,-11.312168935638155,-12.107215180881138,-11.28801475277709,True
2023-04-17,True,360,360,1.95093277254991e-05,ok,True,240,240,7.415349895155737e-06,ok,True,1375,1440,6.91420344466755e-05,ok,48.0,2014.95,2006.945,0.003979666662523825,273.0,2014.95,1981.061,0.016918530056363543,72.0,2012.705,1995.36,0.008659208115542655,-11.312168935638155,-9.627737109976502,-10.844617861867633,-11.811958396008814,-11.860366986509211,-11.29828347810887,True
2023-04-18,True,360,360,8.805183235397526e-06,ok,True,240,240,1.1927420675617938e-05,ok,True,1372,1440,6.539630241187712e-05,ok,48.0,2005.11,1998.53,0.003290263221057648,271.0,2011.765,1991.195,0.010316025446530522,72.0,2001.715,1993.284,0.004228216360704726,-11.811958396008814,-9.579347698872239,-11.640170005852452,-11.336670550123815,-11.773206204011167,-11.299049475888076,True
2023-04-19,True,360,360,7.3479599928523535e-06,ok,True,240,240,3.143547349294201e-05,ok,True,1376,1440,7.75355315044688e-05,ok,48.0,1995.44,1971.19,0.012178463454565542,274.0,2008.13,1969.18,0.019417475728155362,72.0,2008.13,1999.35,0.004377033039620225,-11.336670550123815,-9.635044839144149,-11.821087835257089,-10.367573573639158,-11.63870690649502,-11.498172447902457,True
2023-04-20,True,360,360,8.044161642817349e-06,ok,True,240,240,1.2718357657828757e-05,ok,True,1376,1440,8.936099862285394e-05,ok,48.0,2004.725,1992.3,0.006214644052197986,274.0,2012.32,1990.43,0.010978677091979583,72.0,1998.71,1990.43,0.004152738525426733,-10.367573573639158,-9.464774255645297,-11.730563991425166,-11.27246412333892,-11.188736855809086,-11.429321154581043,True
2023-04-21,True,360,360,9.188985147188954e-06,ok,True,240,240,1.2178094280492062e-05,ok,False,1259,1440,,insufficient_minutes,48.0,1992.4,1982.85,0.00480755919464583,,,,,72.0,2005.452,1993.92,0.005750531071417849,-11.27246412333892,-9.322826227987639,-11.59750505781543,-11.315871770937925,-11.097907820373718,-11.426786853380197,True
2023-04-24,True,360,360,8.389279679148668e-06,ok,True,240,240,8.892321135094339e-06,ok,True,1375,1440,4.822483774709533e-05,ok,48.0,1986.864,1978.052,0.0044525964215516006,273.0,1996.555,1974.03,0.011350523308255568,72.0,1984.56,1976.39,0.0041169267670786176,-11.315871770937925,-9.322826227987639,-11.68855589586115,-11.630322447456614,-11.098504632650474,-11.413808158828372,True
2023-04-25,True,359,360,1.2929639638014976e-05,ok,True,240,240,1.5713204982790172e-05,ok,True,1375,1440,7.527759922519109e-05,ok,48.0,1997.19,1981.74,0.00774690437211217,273.0,2003.765,1976.045,0.013893796660376379,71.0,2000.854,1990.805,0.005036751898994293,-11.630322447456614,-9.939636363675906,-11.255988235792016,-11.061009117414642,-11.079175281427695,-11.477576942875537,True
2023-04-26,True,360,360,1.0655641283629157e-05,ok,True,240,240,8.288374127833066e-06,ok,True,1376,1440,8.034938251151041e-05,ok,48.0,2000.38,1995.14,0.0026220648760899253,274.0,2009.319,1983.245,0.01303481666820811,72.0,2002.414,1993.07,0.004671217571056874,-11.061009117414642,-9.494327954465732,-11.449421108055953,-11.700656732559468,-11.03127181712527,-11.510632703415768,True
2023-04-27,True,360,360,1.296756936686863e-05,ok,True,240,240,5.602854560298945e-06,ok,True,1375,1440,8.411726708205045e-05,ok,48.0,2003.084,1995.835,0.0036207344361863783,273.0,2003.115,1973.928,0.014654830465498057,72.0,2002.662,1989.5,0.0066086572305097,-11.700656732559468,-9.429126150794596,-11.253058981448977,-12.092234347187429,-11.368126625883445,-11.522591495245967,True
2023-04-28,True,360,360,1.0506494549571689e-05,ok,True,240,240,6.2317806604581524e-06,ok,False,1258,1440,,insufficient_minutes,48.0,1986.16,1979.613,0.003296526235756774,,,,,72.0,1991.541,1983.374,0.004110247435184421,-12.092234347187429,-9.383298695983132,-11.463516963480089,-11.985848445705493,-11.499518756130684,-11.547865436621908,True
2023-05-01,True,360,360,8.099811641031377e-06,ok,True,240,240,5.562530697272096e-06,ok,True,1375,1440,8.15226520322424e-05,ok,48.0,1988.69,1976.963,0.005922383295919726,273.0,2005.935,1976.963,0.014581141951231778,72.0,1987.329,1979.795,0.0037917411107475673,-11.985848445705493,-9.383298695983132,-11.723669750749922,-12.09945739187643,-11.624336795128924,-11.544921977090535,True
2023-05-02,True,360,360,3.943667850331743e-06,ok,True,240,240,6.5983955732519704e-06,ok,True,1373,1440,7.1049104733593e-05,ok,48.0,1988.38,1978.395,0.005030847636106284,271.0,2019.33,1978.395,0.0206582270815302,72.0,1985.17,1981.225,0.001990880807051182,-12.09945739187643,-9.414629637289439,-12.443399341217615,-11.928684033446087,-11.701697903344138,-11.563047842166101,True
2023-05-03,True,359,360,3.864164335697585e-06,ok,True,240,240,3.7609854915001705e-06,ok,True,1375,1440,0.00012056475789255192,ok,48.0,2018.655,2012.587,0.0030069822643547643,273.0,2066.054,2005.703,0.02993630889195335,71.0,2019.45,2014.13,0.0026389150686018394,-11.928684033446087,-9.552139304012965,-12.463765112575937,-12.490829536101124,-11.950378713142356,-11.588180061322479,True
2023-05-04,True,360,360,2.2401410814314663e-05,ok,True,240,240,1.6020474023658636e-05,ok,True,1376,1440,0.00010207537068395955,ok,48.0,2040.62,2030.253,0.005083781623455894,274.0,2059.52,2030.253,0.014262184038556214,72.0,2057.086,2038.35,0.009130292826268049,-12.490829536101124,-9.023323539489851,-10.706386618304707,-11.041643027270021,-12.101476730724967,-11.606416783648859,True
2023-05-05,True,360,360,7.19826231532277e-06,ok,True,240,240,7.76353284263924e-06,ok,False,1259,1440,,insufficient_minutes,48.0,2047.41,2036.149,0.0055005898199279495,,,,,72.0,2052.915,2045.409,0.003661445553924058,-11.041643027270021,-9.189799089278972,-11.841670906164738,-11.766073064143301,-11.782789454603684,-11.552880064122695,True
2023-05-08,True,360,360,6.741451463864182e-06,ok,True,240,240,3.972894290800028e-06,ok,True,1374,1440,3.504885875229315e-05,ok,48.0,2024.95,2019.875,0.002509884990393221,272.0,2029.275,2015.044,0.007058590117180232,72.0,2024.69,2015.044,0.0047844255688511165,-11.766073064143301,-9.189799089278972,-11.907235305503008,-12.436015688382327,-11.743448209980292,-11.536021044114346,True
2023-05-09,True,360,360,4.950617344222204e-06,ok,True,240,240,6.424491846236868e-06,ok,True,1376,1440,3.1184369607527715e-05,ok,48.0,2031.09,2021.365,0.004804189154141561,274.0,2037.53,2019.423,0.008958029797433834,72.0,2028.646,2019.423,0.0045628712001840165,-12.436015688382327,-10.258767505576031,-12.215998273155584,-11.955393020390641,-11.784306924651618,-11.537174858847436,True
2023-05-10,True,360,360,3.4631558387446057e-06,ok,True,240,240,4.600691206596454e-06,ok,True,1374,1440,8.495777593836267e-05,ok,48.0,2032.032,2026.215,0.00286259119373055,273.0,2048.118,2021.44,0.013100987804069509,72.0,2038.165,2027.68,0.005148956335769851,-11.955393020390641,-10.375593562795999,-12.57333029247519,-12.289304003453896,-11.788879816901444,-11.536940822665125,True
2023-05-11,True,360,360,4.99832942459104e-06,ok,True,240,240,1.037212158661057e-05,ok,True,1375,1440,8.448768028388873e-05,ok,48.0,2029.375,2021.578,0.003845603720820132,274.0,2041.091,2011.06,0.01478256375168283,72.0,2036.355,2029.975,0.003140513360718532,-12.289304003453896,-9.373356178563258,-12.206406816440845,-11.476388967775524,-11.766990077573919,-11.546097684604863,True
2023-05-12,True,360,360,9.339080495780428e-06,ok,True,240,240,8.050960945509952e-06,ok,False,1259,1440,,insufficient_minutes,48.0,2012.575,2000.834,0.005840959348096993,,,,,72.0,2017.461,2008.23,0.004577903963698126,-11.476388967775524,-9.378904829687276,-11.581302758559092,-11.729719101545049,-11.924396620137735,-11.524478847130307,True
2023-05-15,True,357,360,1.0715699797511393e-05,ok,True,240,240,4.685270206269694e-06,ok,True,1373,1440,3.6295721305602856e-05,ok,48.0,2020.83,2014.28,0.0032482103848509194,272.0,2021.99,2008.606,0.006660031847133765,70.0,2019.14,2008.606,0.005241839171974575,-11.729719101545049,-9.378904829687276,-11.443800621090952,-12.271086969172938,-11.915759241796447,-11.545808690630095,True
2023-05-16,True,360,360,6.810993240052433e-06,ok,True,240,240,2.863633599992724e-06,ok,True,1374,1440,6.802376268382027e-05,ok,48.0,2010.27,2005.87,0.002192113870351456,272.0,2018.265,1985.394,0.016316997803452474,72.0,2018.265,2012.375,0.002923766148347675,-12.271086969172938,-10.223810694009794,-11.89697259821,-12.76341925001343,-11.894668115095167,-11.56001586556717,True
2023-05-17,True,360,360,5.013311166121711e-06,ok,True,240,240,4.737392023537214e-06,ok,True,1372,1440,3.719331720581166e-05,ok,48.0,1990.53,1983.615,0.0034769360726460735,272.0,1992.995,1974.962,0.009062651553033775,72.0,1992.995,1987.72,0.0026510002186132197,-12.76341925001343,-9.595653462599378,-12.20341394977172,-12.260023779680964,-12.004841750991323,-11.60868530821359,True
2023-05-18,True,360,360,3.7548544627908243e-06,ok,True,240,240,7.638800696187122e-06,ok,True,1374,1440,5.2388887671944976e-05,ok,48.0,1979.308,1972.088,0.0036513146249816815,272.0,1985.945,1951.885,0.01717807500655649,72.0,1985.945,1977.458,0.004280397022332432,-12.260023779680964,-10.199381457828332,-12.492461031744083,-11.782269944046872,-12.000380378354357,-11.767570250132675,True
2023-05-19,True,360,360,9.569100901964843e-06,ok,True,240,240,8.28318934945673e-06,ok,False,1259,1440,,insufficient_minutes,48.0,1968.168,1963.451,0.0024011198778314436,,,,,72.0,1964.11,1953.991,0.005166643264701709,-11.782269944046872,-9.856816056456028,-11.556971306550903,-11.70128247660017,-12.093599416325116,-11.80088220996086,True
2023-05-22,True,359,360,1.1523013358199317e-05,ok,True,240,240,7.774078707776145e-06,ok,True,1373,1440,5.52618981404863e-05,ok,48.0,1982.537,1974.32,0.00415775905034906,271.0,1982.537,1968.78,0.0069448581193302305,71.0,1982.245,1972.295,0.005022994714496927,-11.70128247660017,-9.856816056456028,-11.371164360669047,-11.764715601096668,-12.085332710242191,-11.827198635381542,True
2023-05-23,True,360,360,1.029671158505802e-05,ok,True,240,240,1.0632139411619636e-05,ok,True,1374,1440,5.4659971073436173e-05,ok,48.0,1962.345,1954.175,0.004163248250875236,273.0,1977.68,1954.175,0.011932017198755328,72.0,1971.77,1959.53,0.006213481834195476,-11.764715601096668,-9.803426889792073,-11.483685977290753,-11.451629124184478,-11.98142320856872,-11.83488393576685,True
2023-05-24,True,360,360,6.011592448255097e-06,ok,True,240,240,7.386979597025814e-06,ok,True,1374,1440,5.864104637964174e-05,ok,48.0,1977.64,1970.64,0.0035500107768184296,273.0,1985.265,1956.645,0.01449014877464078,72.0,1980.51,1972.695,0.00395669156791817,-11.451629124184478,-9.81437890667349,-12.021820878082767,-11.815791621432343,-11.75970618122341,-11.870568078038998,True
2023-05-25,True,360,360,7.067967274393795e-06,ok,True,240,240,5.14870529100573e-06,ok,True,1376,1440,8.973580305904619e-05,ok,48.0,1964.66,1957.47,0.0036701181430937994,274.0,1964.66,1938.79,0.013200393919756769,72.0,1960.13,1954.905,0.002666101980314287,-11.815791621432343,-9.744075656417495,-11.859937633625949,-12.17676527469957,-11.694083192986135,-11.877033700950445,True
2023-05-26,True,360,360,9.834083683472608e-06,ok,True,240,240,6.642335143702446e-06,ok,False,1258,1440,,insufficient_minutes,48.0,1957.231,1950.321,0.0035404033805472926,,,,,72.0,1951.714,1936.683,0.0077454827464489085,-12.17676527469957,-9.31864072629428,-11.529656279404,-11.9220469780318,-11.75563181724071,-11.88030717916258,True
2023-05-29,True,360,360,6.274563001988595e-06,ok,True,240,240,4.558097720370554e-06,ok,False,1222,1440,,insufficient_minutes,48.0,1947.12,1940.775,0.0032593619972259725,,,,,72.0,1946.982,1940.26,0.0034582903533660605,-11.9220469780318,-9.31864072629428,-11.979006716488836,-12.298605188061572,-11.798363705998867,-11.877347464784915,True
2023-05-30,True,360,360,1.0372444000242222e-05,ok,True,240,240,1.8878698494758853e-05,ok,True,1372,1440,5.496691270999378e-05,ok,48.0,1956.227,1934.781,0.011070903130888233,271.0,1963.425,1931.985,0.016192497064337393,72.0,1946.55,1931.985,0.007501390577037996,-12.298605188061572,,-11.476357883621908,-10.87747633528205,-11.88781508888971,-11.884604048753433,False
2023-05-31,True,360,360,7.626690570103635e-06,ok,True,240,240,6.5153750328579635e-06,ok,True,1375,1440,7.467085332883561e-05,ok,48.0,1960.2,1954.875,0.002716386313493959,274.0,1974.71,1953.572,0.010792402736648702,72.0,1965.289,1953.572,0.005982334320433012,-10.87747633528205,-9.808779140848944,-11.783856545933787,-11.94134578452268,-11.672746478369033,-11.799305235949776,True
2023-06-01,True,360,360,6.963648526045525e-06,ok,True,240,240,7.225954430653703e-06,ok,True,1371,1440,5.006321485599404e-05,ok,48.0,1967.02,1953.298,0.006995238629296185,270.0,1983.055,1953.298,0.015132922255419267,72.0,1967.42,1962.005,0.0027537982327887427,-11.94134578452268,-9.50242072498095,-11.874807007457562,-11.837831231561823,-11.69341162674787,-11.781132663068785,True
2023-06-02,True,360,360,7.930574590578856e-06,ok,True,240,240,4.4805022516330745e-06,ok,False,1257,1440,,insufficient_minutes,48.0,1981.085,1974.93,0.003110926909644112,,,,,72.0,1983.38,1973.98,0.004754342130552257,-11.837831231561823,-9.902224053966851,-11.744785067114105,-12.315775408081683,-11.644847620030221,-11.840351346562466,True
2023-06-05,True,359,360,6.546976170995883e-06,ok,True,240,240,9.258835167787553e-06,ok,True,1373,1440,8.480017308597856e-05,ok,48.0,1945.91,1938.435,0.0038472722968087643,271.0,1963.93,1938.025,0.013288295220214814,71.0,1949.435,1942.881,0.0033619566444040194,-12.315775408081683,-9.902224053966851,-11.93650726819487,-11.58993230903424,-11.695439970050927,-11.863388941274007,True
2023-06-06,True,360,360,6.892797754350851e-06,ok,True,240,240,7.5627207332409455e-06,ok,True,1373,1440,4.338188970454342e-05,ok,48.0,1964.88,1956.77,0.004139201710802055,271.0,1966.26,1954.27,0.00611333895889685,72.0,1964.525,1957.805,0.0034263250878888213,-11.58993230903424,-9.375212974060261,-11.88503349522081,-11.7922795471667,-11.588525141026318,-11.826552874161536,True
2023-06-07,True,359,360,3.998509041197642e-06,ok,True,240,240,5.9405417033045264e-06,ok,True,1373,1440,4.7992604149489724e-05,ok,48.0,1966.345,1954.888,0.005852440049140732,272.0,1970.095,1939.815,0.015421598386538173,71.0,1966.657,1962.68,0.0020254853627232577,-11.7922795471667,-10.045468491860492,-12.429589006029682,-12.033710232905296,-11.868361530459497,-11.818795394305132,True
2023-06-08,True,360,360,4.1452850935012e-06,ok,True,240,240,3.5309680921503306e-06,ok,True,1369,1440,4.9278458837964176e-05,ok,48.0,1949.07,1944.225,0.0024912395266387943,268.0,1970.415,1942.698,0.014253133637590728,72.0,1947.765,1944.27,0.0017972616828437968,-12.033710232905296,-9.944463639146925,-12.393538991645467,-12.55393847754984,-11.88490103195543,-11.809740233201628,True
2023-06-09,True,358,360,3.759390149445564e-06,ok,True,240,240,3.971010059496785e-06,ok,False,1255,1440,,insufficient_minutes,48.0,1965.57,1960.565,0.0025461732364379427,,,,,70.0,1965.625,1962.31,0.001686735340285526,-12.55393847754984,-9.918023512808311,-12.49125380801378,-12.43649007257818,-11.998292332371836,-11.856859219416911,True
2023-06-12,True,360,360,5.0740818360669664e-06,ok,True,240,240,6.210179619093589e-06,ok,True,1375,1440,4.070515604491607e-05,ok,48.0,1966.89,1958.685,0.004185530460510453,273.0,1966.89,1949.138,0.009056911813474238,72.0,1961.43,1954.17,0.0037039871431851184,-12.43649007257818,-9.918023512808311,-12.191364968405823,-11.989320738267523,-12.01498707989935,-11.886054845748053,True
2023-06-13,True,360,360,3.857891004968468e-06,ok,True,240,240,2.935532773962551e-06,ok,True,1375,1440,7.321826843641211e-05,ok,48.0,1965.927,1961.423,0.0022951078634451108,274.0,1970.814,1939.97,0.015736654404824493,72.0,1962.11,1955.865,0.0031862082336314053,-11.989320738267523,-10.109155789389213,-12.465389895572807,-12.738621596809367,-12.121164738348988,-11.875042783760435,True
2023-06-14,True,360,360,5.110832401802372e-06,ok,True,240,240,6.011002900718205e-06,ok,True,1376,1440,6.879428522506132e-05,ok,48.0,1952.82,1945.172,0.003929537554880149,274.0,1960.185,1939.63,0.010573505280322549,72.0,1949.465,1942.742,0.0034583155436443006,-12.738621596809367,-9.522065599330677,-12.184148270380362,-12.02191895133904,-12.307519396720695,-11.874526548868547,True
2023-06-15,True,360,360,1.1114950413247244e-05,ok,True,240,240,9.147201521450276e-06,ok,True,1370,1440,6.626218997612131e-05,ok,48.0,1936.705,1928.855,0.004061706899986242,270.0,1960.185,1924.553,0.018317581166285738,72.0,1945.205,1930.692,0.007460795225255519,-12.02191895133904,-9.584389880064172,-11.407219471804378,-11.602062570107101,-12.304404875533173,-11.865425940021039,True
2023-06-16,True,359,360,7.82149260121459e-06,ok,True,240,240,6.0046887971238474e-06,ok,False,1258,1440,,insufficient_minutes,48.0,1965.47,1959.23,0.0031820580878584646,,,,,71.0,1961.95,1954.6,0.003753293706722295,-11.602062570107101,-9.621891110384233,-11.758635151899826,-12.022969927734628,-12.082973034616284,-11.854753683273696,True
2023-06-19,True,360,360,4.530650130417765e-06,ok,True,240,240,4.969277076975209e-06,ok,False,1224,1440,,insufficient_minutes,48.0,1958.685,1948.922,0.004995420566007767,,,,,72.0,1958.615,1953.902,0.0024080072756256145,-12.022969927734628,-9.621891110384233,-12.304645112118347,-12.212236185784736,-12.013516784598421,-11.870918795815376,True
2023-06-20,True,359,360,6.6391951518699e-06,ok,True,240,240,5.0039292364781215e-06,ok,True,1374,1440,4.224581341063632e-05,ok,48.0,1956.715,1949.91,0.0034874097078620905,272.0,1956.715,1929.687,0.013842092190136726,71.0,1952.922,1945.085,0.004013633139488726,-12.212236185784736,,-11.922519813890494,-12.205287106850863,-12.055320772701316,-11.891183472131596,False
2023-06-21,True,360,360,4.920663405433135e-06,ok,True,240,240,6.0704885111496784e-06,ok,True,1376,1440,6.379204019543284e-05,ok,48.0,1937.275,1932.06,0.0026950347279643553,274.0,1939.45,1919.08,0.010514172454107015,72.0,1939.45,1934.155,0.002733065446465247,-12.205287106850863,-10.072005299943429,-12.22206719804728,-12.012071476534853,-11.986580567690433,-11.933129644165666,True
2023-06-22,True,359,360,3.987702950554872e-06,ok,True,240,240,6.251383912114562e-06,ok,True,1372,1440,5.5486899782127214e-05,ok,48.0,1931.38,1924.858,0.0033824730639076647,272.0,1934.185,1912.333,0.011299329858525617,71.0,1934.185,1927.903,0.003248324646314183,-12.012071476534853,-9.659882137224006,-12.432295194457627,-11.98270769278874,-11.98467188741651,-11.943200475007927,True
2023-06-23,True,360,360,5.285915999269376e-06,ok,True,240,240,6.231772126982723e-06,ok,False,1259,1440,,insufficient_minutes,48.0,1920.025,1912.927,0.0037092197469704817,,,,,72.0,1917.985,1910.085,0.00412613436051439,-11.98270769278874,-9.799363605035373,-12.15046463307958,-11.985849815054278,-12.082094880134814,-11.934758373831576,True
2023-06-26,True,360,360,5.653531027450374e-06,ok,True,240,240,6.283639629634371e-06,ok,True,1367,1440,2.6244180778151107e-05,ok,48.0,1933.27,1922.284,0.005713691327525615,269.0,1933.27,1920.883,0.006433468370208758,72.0,1928.51,1923.88,0.00240469512828497,-11.985849815054278,-9.799363605035373,-12.083230247401795,-11.977561186504564,-12.074102691086498,-11.937893320101539,True
2023-06-27,True,360,360,5.94986423028978e-06,ok,True,240,240,3.1327312799164305e-06,ok,True,1373,1440,4.342595450154248e-05,ok,48.0,1929.644,1922.725,0.0035894562640396022,272.0,1930.605,1910.765,0.01031994964863272,72.0,1930.281,1921.615,0.0045076957487424855,-11.977561186504564,-10.548066278144177,-12.032142157105772,-12.673605320526107,-12.029058031802464,-11.924783196890964,True
2023-06-28,True,359,360,2.9552034416223877e-06,ok,True,240,240,6.871463439554e-06,ok,True,1371,1440,3.391182895686676e-05,ok,48.0,1912.0,1906.018,0.003130347415187036,270.0,1917.14,1902.745,0.0075151464526891434,71.0,1917.14,1913.379,0.001963491893613402,-12.673605320526107,-10.044453265617129,-12.731943062903309,-11.888133455557378,-12.093815410456816,-12.051312995248287,True
2023-06-29,True,360,360,8.460252520785387e-06,ok,True,240,240,6.041242868276319e-06,ok,True,1373,1440,8.531714339869346e-05,ok,48.0,1909.845,1902.49,0.0038619871249593153,272.0,1913.055,1892.934,0.010536127118444425,72.0,1912.745,1902.705,0.00525732897317137,-11.888133455557378,-10.29174666766142,-11.68013153599901,-12.016900794292459,-12.065580869089498,-12.048267309842766,True
2023-06-30,True,360,360,4.215300801760268e-06,ok,True,240,240,4.7822194758614505e-06,ok,False,1258,1440,,insufficient_minutes,48.0,1907.498,1900.48,0.003680521503360366,,,,,72.0,1909.905,1906.79,0.0016319067900943567,-12.016900794292459,-9.369135145949597,-12.376789604463603,-12.250605793732607,-12.072911594420871,-12.058436467342577,True
2023-07-03,True,360,360,3.4671762574901417e-06,ok,True,240,240,4.966593146539788e-06,ok,True,1365,1440,2.9865706457449038e-05,ok,48.0,1916.065,1909.955,0.0031903006505916557,266.0,1930.953,1909.955,0.010946378488838868,72.0,1920.53,1914.523,0.0031314837404731693,-12.250605793732607,-9.369135145949597,-12.572170053935183,-12.212776436500642,-12.124997977222266,-12.055836799314589,True
2023-07-04,True,359,360,3.04404229484666e-06,ok,True,240,240,2.774382890565424e-06,ok,False,1224,1440,,insufficient_minutes,48.0,1930.64,1925.71,0.002557631000770435,,,,,71.0,1924.605,1919.965,0.0024150000650593213,-12.212776436500642,-10.418799677030515,-12.702324223565087,-12.795082217274595,-12.174796863379582,-12.093471127187641,True
2023-07-05,True,359,360,2.0256241395210376e-06,ok,True,240,240,3.129487144445924e-06,ok,True,1372,1440,3.68308770535256e-05,ok,48.0,1929.49,1921.59,0.004109927556023822,271.0,1934.925,1914.714,0.010491563300552072,71.0,1927.05,1923.105,0.002047855980440217,-12.795082217274595,-10.418799677030515,-13.109632687847462,-12.674641418452076,-12.188786836852959,-12.137197456394935,True
2023-07-06,True,360,360,4.6285652640213565e-06,ok,True,240,240,5.536558021504426e-06,ok,True,1372,1440,8.310694623527542e-05,ok,48.0,1924.93,1916.02,0.004639211490249108,271.0,1927.522,1902.62,0.012990732456746706,72.0,1921.127,1916.035,0.0026563653389186583,-12.674641418452076,-10.20917401422783,-12.283263616069428,-12.104137546046594,-12.347916178731346,-12.163787454779916,True
2023-07-07,True,360,360,3.3527758068409436e-06,ok,True,240,240,4.166956867359052e-06,ok,False,1259,1440,,insufficient_minutes,48.0,1917.71,1912.03,0.002968584225737868,,,,,72.0,1914.465,1909.554,0.0025689109982972433,-12.104137546046594,-9.39538227072408,-12.605721956168985,-12.388324556583276,-12.371454932695233,-12.144744417826251,True
2023-07-10,True,360,360,4.931834033747417e-06,ok,True,240,240,2.8982847376979364e-06,ok,True,1371,1440,2.9316640325250544e-05,ok,48.0,1926.163,1922.576,0.0018648879091627444,271.0,1926.855,1912.625,0.007392361399717406,72.0,1926.855,1919.59,0.0037741043969745343,-12.388324556583276,-9.39538227072408,-12.219799624131175,-12.75139146571842,-12.40092139357838,-12.142903205784737,True
2023-07-11,True,360,360,4.560278645786434e-06,ok,True,240,240,1.1285418863779881e-05,ok,True,1373,1440,3.4303761420869606e-05,ok,48.0,1938.341,1929.814,0.004403884838953653,271.0,1938.341,1924.379,0.007253213087161152,72.0,1929.995,1924.379,0.0029174935322659333,-12.75139146571842,-10.437355273962561,-12.298126829772794,-11.391999031522278,-12.506871317072758,-12.174488358509258,True
2023-07-12,True,360,360,6.237264312138531e-06,ok,True,240,240,2.379357534376666e-06,ok,True,1374,1440,5.866215197822404e-05,ok,48.0,1936.412,1933.642,0.0014315837347280414,272.0,1959.621,1933.165,0.013683843020624623,72.0,1940.9,1933.165,0.004000775845348226,-11.391999031522278,-10.28025554738884,-11.984968883229625,-12.948680050261421,-12.12849306851247,-12.096691720526524,True
2023-07-13,True,360,360,8.825038157117339e-06,ok,True,240,240,4.826494962159412e-06,ok,True,1375,1440,4.6763926854882794e-05,ok,48.0,1963.28,1958.101,0.002638503608264421,274.0,1963.475,1952.335,0.005689769651156786,72.0,1962.195,1955.172,0.003587006486541657,-12.948680050261421,-9.743715809472048,-11.637917631401589,-12.241390034445832,-12.156651213044215,-12.129787044658155,True
2023-07-14,True,360,360,3.927137315417441e-06,ok,True,240,240,4.620167360392461e-06,ok,False,1258,1440,,insufficient_minutes,48.0,1958.09,1954.27,0.0019523414042036346,,,,,72.0,1963.62,1957.83,0.0029538706418929077,-12.241390034445832,-9.97039844595396,-12.447599815977583,-12.28507962833357,-12.184056275650732,-12.170644012053533,True
2023-07-17,True,360,360,4.478044665389456e-06,ok,True,240,240,6.342778415947209e-06,ok,True,1376,1440,3.215460795212553e-05,ok,48.0,1959.75,1950.46,0.004755883421983528,274.0,1959.75,1945.68,0.007202918026492576,72.0,1956.73,1950.85,0.003010174697638758,-12.28507962833357,-9.97039844595396,-12.316324065431592,-11.968193649558652,-12.166478023120197,-12.184097389066023,True
2023-07-18,True,360,360,7.00992266691339e-06,ok,True,240,240,4.0936803177100575e-06,ok,True,1375,1440,6.576542516539192e-05,ok,48.0,1964.22,1960.45,0.0019217437403148102,273.0,1984.31,1954.52,0.015234111317937265,72.0,1961.66,1954.52,0.0036512774357191583,-11.968193649558652,-10.344954790890727,-11.86818388880268,-12.406066159335797,-12.042111374061564,-12.17075038277014,True
2023-07-19,True,360,360,4.291788899452556e-06,ok,True,240,240,4.961516917524554e-06,ok,True,1376,1440,3.552851966668476e-05,ok,48.0,1980.84,1973.97,0.0034755861573524285,274.0,1980.84,1969.67,0.00564841760870162,72.0,1978.41,1973.95,0.0022553216235281807,-12.406066159335797,-9.629416311145523,-12.358806919062333,-12.213799033837866,-12.32204578346365,-12.179575793208727,True
2023-07-20,True,360,360,6.035507963322801e-06,ok,True,240,240,4.7405044637596e-06,ok,True,1374,1440,4.232581575612596e-05,ok,48.0,1983.77,1977.74,0.0030445473318556453,273.0,1987.37,1965.24,0.011189313270434468,72.0,1987.37,1977.22,0.005132016705599139,-12.213799033837866,-10.245174813120041,-12.017850537392166,-12.259367000966733,-12.212306516843546,-12.190434265784685,True
2023-07-21,True,360,360,2.5840001812609788e-06,ok,True,240,240,7.227262649513827e-06,ok,False,1257,1440,,insufficient_minutes,48.0,1971.04,1960.95,0.005119930178157291,,,,,72.0,1973.68,1968.02,0.0028697532569925297,-12.259367000966733,-10.070113356507042,-12.866171901896484,-11.837650203510222,-12.215773649464394,-12.20542035367889,True
2023-07-24,True,360,360,4.113930463052052e-06,ok,True,240,240,6.621873220301224e-06,ok,True,1376,1440,3.396617798622095e-05,ok,48.0,1966.44,1959.29,0.0036447885895178386,274.0,1967.77,1953.09,0.007484869652116752,72.0,1962.54,1958.9,0.0018559213578817374,-11.837650203510222,-10.070113356507042,-12.401131669391658,-11.925132264250335,-12.115656503307516,-12.195521099536926,True
2023-07-25,True,360,360,4.253753870419093e-06,ok,True,240,240,4.8771865145524125e-06,ok,True,1374,1440,3.671404460759999e-05,ok,48.0,1963.57,1959.26,0.002196385391743907,273.0,1966.26,1951.16,0.007725820356769128,72.0,1963.46,1953.78,0.0049527113280480855,-11.925132264250335,-10.290145293566445,-12.367708701247704,-12.23094203826199,-12.105509466234015,-12.192179853063346,True
2023-07-26,True,360,360,2.869127351813542e-06,ok,True,240,240,1.9641883406192398e-06,ok,True,1375,1440,4.4259777032158524e-05,ok,48.0,1972.41,1967.98,0.0022491705231733427,273.0,1978.27,1961.88,0.008339354221575406,72.0,1965.91,1961.88,0.0020504940520408126,-12.23094203826199,-10.212351189254102,-12.761502633029487,-13.140431456184128,-12.077561803004672,-12.175122289503989,True
2023-07-27,True,360,360,6.1400776799345856e-06,ok,True,240,240,7.88107177398013e-06,ok,True,1376,1440,7.260850682408337e-05,ok,48.0,1982.09,1973.46,0.004370073855767247,274.0,1982.09,1942.48,0.02008437363729472,72.0,1982.08,1971.02,0.005608007382693236,-13.140431456184128,-10.025434261036876,-12.000673164430108,-11.751046651416857,-12.188978970850968,-12.223868509651709,True
2023-07-28,True,360,360,9.671974610434802e-06,ok,True,240,240,5.76963094084234e-06,ok,False,1259,1440,,insufficient_minutes,48.0,1954.49,1947.71,0.0034745087387994355,,,,,72.0,1956.67,1945.93,0.0055146492498228585,-11.751046651416857,-9.530428469112401,-11.546278069713665,-12.062902441215668,-12.072535865456324,-12.205313097873635,True
2023-07-31,True,360,360,5.79881671960166e-06,ok,True,240,240,2.535489450083014e-06,ok,True,1375,1440,3.11933029463222e-05,ok,48.0,1958.37,1950.115,0.004222581989958838,273.0,1972.31,1950.115,0.011334909683317042,72.0,1958.78,1953.01,0.0029467190300851236,-12.062902441215668,-9.530428469112401,-12.057856675087342,-12.88512386260226,-12.124900085661489,-12.195494837487232,True
2023-08-01,True,360,360,3.7304873290352414e-06,ok,True,240,240,4.028433853675953e-06,ok,True,1375,1440,3.971783376704101e-05,ok,48.0,1957.62,1954.35,0.0016703402232739087,274.0,1964.59,1941.15,0.011935069960691576,72.0,1964.59,1958.13,0.0032892726939447894,-12.88512386260226,-10.375307135345604,-12.498971681626795,-12.422132879455386,-12.288256406085829,-12.2198441246706,True
2023-08-02,True,360,360,6.367719105667902e-06,ok,True,240,240,5.470826767220022e-06,ok,True,1376,1440,3.740181041757056e-05,ok,48.0,1952.97,1947.63,0.0027396346640740617,274.0,1954.72,1932.945,0.01115388260122377,72.0,1952.29,1945.2,0.003631734908963274,-12.422132879455386,-10.133710257861615,-11.964269220685924,-12.11608080720769,-12.325810945306177,-12.207209868420819,True
2023-08-03,True,360,360,5.285207983990436e-06,ok,True,240,240,9.684533020419876e-06,ok,True,1375,1440,5.071675100935254e-05,ok,48.0,1938.34,1930.8,0.003899532728405801,274.0,1938.79,1929.4,0.004849843374333984,72.0,1938.79,1932.86,0.0030627871362940606,-12.11608080720769,-10.19379144782845,-12.150598585775834,-11.544980479054578,-12.179023678220995,-12.184040329632264,True
2023-08-04,True,360,360,5.217772802325469e-06,ok,True,240,240,3.532758799564822e-06,ok,False,1258,1440,,insufficient_minutes,48.0,1934.1,1931.11,0.0015468064138146932,,,,,72.0,1937.89,1933.05,0.002500213086342661,-11.544980479054578,-9.889254307273648,-12.163439913338832,-12.553431462632558,-12.11116567310334,-12.1442660686446,True
2023-08-07,True,360,360,4.285755149668674e-06,ok,True,240,240,4.55696751911389e-06,ok,True,1375,1440,2.990858345858721e-05,ok,48.0,1938.0,1933.29,0.0024313818611686306,274.0,1945.23,1931.36,0.007134902120151401,72.0,1945.23,1936.06,0.0047171631176487604,-12.553431462632558,-9.889254307273648,-12.360213790480199,-12.298853173398541,-12.196041450977704,-12.150245783717804,True
2023-08-08,True,360,360,3.107571571148882e-06,ok,True,240,240,4.9891483836358914e-06,ok,True,1376,1440,3.186283664508375e-05,ok,48.0,1935.53,1930.13,0.0027933033139439446,274.0,1937.22,1922.64,0.007527706140656546,72.0,1937.22,1931.0,0.003211408243819215,-12.298853173398541,-10.417365046571419,-12.681668982081355,-12.208245327367733,-12.119032203763128,-12.134681330212187,True
2023-08-09,True,360,360,4.443631896067584e-06,ok,True,240,240,2.1258106736823262e-06,ok,True,1375,1440,3.0145497154801187e-05,ok,48.0,1931.15,1924.5,0.0034453459334556516,274.0,1932.21,1913.94,0.009487631545466103,72.0,1932.06,1924.12,0.004123250928899915,-12.208245327367733,-10.354070222760107,-12.324038521285583,-13.061357334840471,-12.084413239737643,-12.19509441537039,True
2023-08-10,True,360,360,3.077018226127891e-06,ok,True,240,240,3.5123621478861655e-06,ok,True,1375,1440,3.83347575885812e-05,ok,48.0,1922.33,1917.22,0.0026641294005708325,273.0,1929.95,1910.69,0.01004773456451991,72.0,1919.07,1915.23,0.0020032866421472303,-13.061357334840471,-10.40947499404408,-12.691549538298432,-12.559221770227966,-12.210513756825444,-12.197605351013168,True
2023-08-11,True,360,360,2.9512065861245094e-06,ok,True,240,240,2.1684003469492356e-06,ok,False,1257,1440,,insufficient_minutes,48.0,1919.72,1915.69,0.0021029451668788603,,,,,72.0,1915.89,1911.76,0.0021595279366051013,-12.559221770227966,-10.169153564474618,-12.733296458989656,-13.041520829557827,-12.495513729528968,-12.210721519514763,True
2023-08-14,True,360,360,3.4635113053866017e-06,ok,True,240,240,4.384815477864989e-06,ok,True,1376,1440,2.8624112235418417e-05,ok,48.0,1916.12,1910.51,0.0029338395644738177,274.0,1916.12,1902.59,0.007070018262907472,72.0,1914.52,1909.98,0.0023723490697412954,-13.041520829557827,-10.169153564474618,-12.57322765533819,-12.337363013329979,-12.571200986316754,-12.23566187570973,True
2023-08-15,True,360,360,6.0448571206603035e-06,ok,True,240,240,1.8363046046454286e-06,ok,True,1375,1440,4.1412781237173676e-05,ok,48.0,1905.41,1902.5,0.0015274668458334967,273.0,1911.56,1896.24,0.008030928510582498,72.0,1908.15,1903.63,0.0023694384378481,-12.337363013329979,-10.46126111018064,-12.016302710130482,-13.207755372857342,-12.581171295307618,-12.25603565063028,True
2023-08-16,True,360,360,3.4122430592929173e-06,ok,True,240,240,2.0652234697918844e-06,ok,True,1376,1440,2.5551935421524985e-05,ok,48.0,1907.13,1902.73,0.002309014339503872,274.0,1907.13,1891.7,0.008114731682689306,72.0,1905.34,1900.37,0.0026137534972758207,-13.207755372857342,-10.091920999243332,-12.588140694268027,-13.09027211958951,-12.78391500526656,-12.280052008937671,True
2023-08-17,True,360,360,4.306296445579876e-06,ok,True,240,240,3.969508777953057e-06,ok,True,1376,1440,2.961468500533096e-05,ok,48.0,1899.16,1893.51,0.002977774732659122,274.0,1903.31,1884.92,0.009712429691832301,72.0,1893.86,1889.52,0.0022921122818135775,-13.09027211958951,-10.574797493830246,-12.355432316621735,-12.436868204433882,-12.788243473410954,-12.311735513357341,True
2023-08-18,True,360,360,3.5172205224930745e-06,ok,True,240,240,3.770502738904064e-06,ok,False,1259,1440,,insufficient_minutes,48.0,1895.47,1891.28,0.002214435583178774,,,,,72.0,1895.06,1890.62,0.0023475605726144657,-12.436868204433882,-10.427240204613677,-12.557839504563479,-12.488302212900562,-12.756037466819084,-12.320341649396422,True
2023-08-21,True,360,360,6.69691001006376e-06,ok,True,240,240,3.0706719773475943e-06,ok,True,1369,1440,2.4966380131377037e-05,ok,48.0,1890.82,1886.72,0.002170466306157459,270.0,1898.71,1884.75,0.007385950292977811,72.0,1894.01,1884.75,0.004899276483737413,-12.488302212900562,-10.427240204613677,-11.913864330477134,-12.693614135187513,-12.650713911468674,-12.35986462677779,True
2023-08-22,True,360,360,4.776208919290796e-06,ok,True,240,240,4.0768930954753675e-06,ok,True,1367,1440,2.7052190875420997e-05,ok,48.0,1904.41,1897.99,0.003380922538957008,266.0,1904.41,1889.04,0.008111695460458845,72.0,1897.18,1893.59,0.001894664066561367,-12.693614135187513,-10.597980432888939,-12.251863439260596,-12.410175355840734,-12.736270602514464,-12.402162525227704,True
2023-08-23,True,360,360,3.6061499473180652e-06,ok,True,240,240,5.023369090945503e-06,ok,True,1374,1440,4.210844693925477e-05,ok,48.0,1905.37,1901.17,0.002207122700256877,272.0,1920.28,1898.39,0.011528880134406977,72.0,1903.89,1898.39,0.002896703551358554,-12.410175355840734,-10.517742562405521,-12.532869851319438,-12.20140971571563,-12.594515454966064,-12.4119468963049,True
2023-08-24,True,360,360,3.1230838141814833e-06,ok,True,240,240,3.2556131307224943e-06,ok,True,1368,1440,2.3832369300493992e-05,ok,48.0,1922.15,1918.69,0.0018005032042192328,269.0,1923.27,1911.69,0.006037554842426559,72.0,1922.29,1917.25,0.002627744076496531,-12.20140971571563,-10.075262197514142,-12.676689642309245,-12.635129934228992,-12.433678855679004,-12.375050945918863,True
2023-08-25,True,360,360,1.7713817983405237e-06,ok,True,240,240,3.1904695881365743e-06,ok,False,1258,1440,,insufficient_minutes,48.0,1917.91,1913.03,0.0025507270617506506,,,,,72.0,1917.47,1912.95,0.0023591737672403576,-12.635129934228992,-10.644465846680824,-13.2437506389198,-12.655342445688902,-12.470191847263111,-12.431377727936384,True
2023-08-28,True,360,360,2.334308334203717e-06,ok,True,240,240,1.5477364032519843e-06,ok,True,1373,1440,1.9130127993633428e-05,ok,48.0,1916.3,1913.38,0.0015240003966575568,272.0,1925.94,1912.66,0.006934327532099969,72.0,1917.5,1914.49,0.001571711285513621,-12.655342445688902,-10.644465846680824,-12.96779492733933,-13.378717079433349,-12.500872421769712,-12.464220473789295,True
2023-08-29,True,360,360,2.0409186992685048e-06,ok,True,240,240,2.3819100150094796e-06,ok,True,1373,1440,4.0584016776434994e-05,ok,48.0,1924.86,1920.1,0.0024754534864370064,271.0,1938.09,1914.34,0.012360875097911143,72.0,1925.72,1920.99,0.0024617658616050498,-13.378717079433349,-10.86424608380614,-13.102110508703346,-12.947607864818844,-12.586216189111987,-12.477089689278927,True
2023-08-30,True,360,360,1.906410017048224e-06,ok,True,240,240,1.6980546226464558e-06,ok,True,1375,1440,2.0316574061373704e-05,ok,48.0,1938.68,1934.82,0.00199359055471922,274.0,1948.97,1934.82,0.007308091580975251,72.0,1937.42,1935.16,0.0011672287613430313,-12.947607864818844,-10.112136244324379,-13.170288656744177,-13.286027301778356,-12.690639519312386,-12.498917005978095,True
2023-08-31,True,360,360,1.5746961801217689e-06,ok,True,240,240,1.5728412902731915e-06,ok,True,1371,1440,1.5383029114297593e-05,ok,48.0,1946.22,1943.56,0.0013684077855201271,271.0,1947.79,1938.91,0.004566902811885201,72.0,1947.65,1944.1,0.0018257325430398098,-13.286027301778356,-10.804073548810305,-13.361448205804555,-13.362626835181173,-12.933911999761545,-12.550804141752872,True
2023-09-01,True,360,360,4.056458985401152e-06,ok,True,240,240,1.313262324101898e-06,ok,False,1259,1440,,insufficient_minutes,48.0,1944.45,1940.23,0.0021747476751586754,,,,,72.0,1944.0,1938.12,0.0030309668939033285,-13.362626835181173,-11.082245661764382,-12.415200135996585,-13.542996192726983,-13.084007276447618,-12.672413197581818,True
2023-09-04,True,360,360,3.1365456958367125e-06,ok,True,240,240,1.7850699756096114e-06,ok,False,1220,1440,,insufficient_minutes,48.0,1945.17,1940.22,0.0025447778074811564,,,,,72.0,1946.03,1940.06,0.003076328502415473,-13.542996192726983,-11.082245661764382,-12.67238846046211,-13.23605294147886,-13.283259547197021,-12.708436410712354,True
2023-09-05,True,360,360,2.3277293606642843e-06,ok,True,240,240,3.217406209336803e-06,ok,True,1376,1440,2.2532258192418035e-05,ok,48.0,1938.14,1930.14,0.004130471260955429,274.0,1938.9,1925.22,0.007060080354861967,72.0,1938.9,1934.86,0.0020849944907634184,-13.23605294147886,,-12.970617288863291,-12.646935048068276,-13.255764695330003,-12.755327847808557,False
2023-09-06,True,360,360,1.745825950611036e-06,ok,True,240,240,3.1932985426748646e-06,ok,True,1375,1440,3.306222448768487e-05,ok,48.0,1927.65,1922.53,0.0026582074751702227,273.0,1929.08,1915.19,0.0072093675064618945,72.0,1928.4,1924.13,0.002216270644535093,-12.646935048068276,-10.700562578076013,-13.258282790160017,-12.654456149487189,-13.164578589713598,-12.786494430573416,True
2023-09-07,True,360,360,2.8679149863790126e-06,ok,True,240,240,2.36215389344819e-06,ok,True,1375,1440,2.837001499804603e-05,ok,48.0,1921.085,1917.0,0.0021291899696128033,273.0,1923.52,1916.14,0.003849484127398042,72.0,1920.61,1916.22,0.002289869284454903,-12.654456149487189,-10.317119181456171,-12.761925277793498,-12.955936688438456,-13.019637277996118,-12.767600267840113,True
2023-09-08,True,360,360,2.9164871598349814e-06,ok,True,240,240,2.290522152528868e-06,ok,False,1259,1440,,insufficient_minutes,48.0,1925.86,1923.29,0.00133480837449422,,,,,72.0,1927.1,1919.93,0.0037338013169850703,-12.955936688438456,-10.470177780484999,-12.745130693356279,-12.986730752184668,-12.950833934444853,-12.787973565112075,True
2023-09-11,True,360,360,3.919904240573221e-06,ok,True,240,240,3.801756848996142e-06,ok,True,1371,1440,2.134077478393398e-05,ok,48.0,1930.65,1924.64,0.003117308844391303,270.0,1930.65,1918.27,0.006451478420377974,72.0,1927.95,1918.27,0.0050444516243343005,-12.986730752184668,-10.470177780484999,-12.449443332885481,-12.480047269389715,-12.871725228691261,-12.785790656891285,True
2023-09-12,True,360,360,3.420578282128489e-06,ok,True,240,240,2.4935852094553244e-06,ok,True,1371,1440,2.1174599230269877e-05,ok,48.0,1921.26,1914.835,0.0033462670242962182,269.0,1924.44,1907.5,0.008815249236341336,72.0,1924.44,1919.81,0.002409362689743873,-12.480047269389715,-10.75489100609866,-12.585700932841918,-12.901789039913135,-12.725929754187293,-12.796255942529667,True
2023-09-13,True,360,360,3.758302306955651e-06,ok,True,240,240,1.4554502624993912e-06,ok,True,1372,1440,2.8461311942054507e-05,ok,48.0,1912.51,1909.19,0.0017382244456136987,272.0,1915.67,1905.52,0.005306010429055029,72.0,1913.74,1908.16,0.0029169988368597448,-12.901789039913135,-10.762708244156865,-12.491543216633199,-13.440195246450838,-12.775847699193926,-12.784466275018625,True
2023-09-14,True,360,360,2.8359746337996726e-06,ok,True,240,240,1.6522282581382034e-06,ok,True,1375,1440,3.7059963822904685e-05,ok,48.0,1909.04,1905.1,0.002065687824238306,274.0,1912.8,1900.9,0.006232683353497826,72.0,1912.8,1907.61,0.00271828794997096,-13.440195246450838,-10.46696486861189,-12.77312489369276,-13.313385721624353,-12.90697232988778,-12.795399124650245,True
2023-09-15,True,360,360,2.9417397385476454e-06,ok,True,240,240,2.2275826039951796e-06,ok,False,1259,1440,,insufficient_minutes,48.0,1919.16,1915.37,0.0019753163633332246,,,,,72.0,1916.77,1909.72,0.003691302401440893,-13.313385721624353,-10.20297331328388,-12.736509403822055,-13.014593594565044,-12.965911684229859,-12.838072129251831,True
2023-09-18,True,360,360,3.699484316852677e-06,ok,True,240,240,1.7615740458260034e-06,ok,True,1376,1440,1.6686437083371692e-05,ok,48.0,1929.13,1925.03,0.0021258723854362897,274.0,1934.45,1922.72,0.006098686416774777,72.0,1930.56,1923.14,0.003857822098249602,-13.014593594565044,-10.20297331328388,-12.50731712185113,-13.249302804382397,-12.971308640803063,-12.867529791788497,True
2023-09-19,True,360,360,1.3326836199436237e-06,ok,True,240,240,1.945397540934523e-06,ok,True,1372,1440,1.2900313969044985e-05,ok,48.0,1936.72,1930.44,0.0032528831785019505,271.0,1937.3,1929.68,0.003939643829313065,72.0,1934.47,1930.21,0.002202478046308906,-13.249302804382397,-11.000914319210917,-13.528315889316714,-13.15004421055293,-13.164183747227675,-12.893222296021685,True
2023-09-20,True,360,360,1.4850162153152244e-06,ok,True,240,240,1.9172086388842798e-06,ok,True,1375,1440,3.651436438014844e-05,ok,48.0,1932.62,1927.85,0.0024708688704192356,274.0,1947.34,1927.85,0.010090838254062358,72.0,1931.65,1928.43,0.0016671369511585968,-13.15004421055293,-11.258258908207171,-13.420084866365036,-13.164640263680955,-13.223042345140346,-12.936521316352996,True
2023-09-21,True,360,360,4.243439598909488e-06,ok,True,240,240,2.733876632325397e-06,ok,True,1376,1440,2.889161240449423e-05,ok,48.0,1928.61,1922.41,0.0032153673816536416,274.0,1930.43,1913.83,0.008603309682869638,72.0,1929.62,1924.09,0.0028660423220643657,-13.164640263680955,-10.217804830132616,-12.370136391428606,-12.809789944189976,-13.173236645512302,-13.003178623359469,True
2023-09-22,True,360,360,2.9879092825526664e-06,ok,True,240,240,2.642718097693926e-06,ok,False,1258,1440,,insufficient_minutes,48.0,1928.64,1924.25,0.002279868089636779,,,,,72.0,1925.45,1921.15,0.0022378932576959873,-12.809789944189976,-10.45195923318844,-12.720936651746072,-12.843702588002731,-13.065450155546971,-13.014824073224354,True
2023-09-25,True,359,360,1.949319776928299e-06,ok,True,240,240,4.6386162733401456e-06,ok,True,1371,1440,2.29993007257033e-05,ok,48.0,1927.11,1920.89,0.003232629811914891,271.0,1927.11,1915.06,0.006260179285300504,71.0,1925.23,1921.58,0.0018962368789499995,-12.843702588002731,-10.45195923318844,-13.148030078589235,-12.281094453154182,-13.026982749566605,-13.027197899713629,True
2023-09-26,True,360,360,1.7113471683598753e-06,ok,True,240,240,3.680234917409534e-06,ok,True,1373,1440,2.843352307798452e-05,ok,48.0,1915.57,1909.65,0.0030985841773310536,272.0,1916.38,1898.99,0.009074826879021496,72.0,1916.38,1912.89,0.0018212274760083334,-12.281094453154182,-10.680046745727603,-13.278229679860909,-12.51253397156829,-12.79465679114669,-12.959298686310007,True
2023-09-27,True,360,360,5.665916277480419e-06,ok,True,240,240,3.2313755658246767e-06,ok,True,1375,1440,3.350568306652791e-05,ok,48.0,1898.97,1893.53,0.002865910677361178,273.0,1903.82,1872.43,0.016507195275544936,72.0,1903.82,1895.52,0.004364756954030671,-12.51253397156829,-10.467941718839858,-12.081041932965787,-12.642602639615008,-12.67686669525808,-12.932097660423572,True
2023-09-28,True,360,360,3.4713432703873932e-06,ok,True,240,240,5.14044334387449e-06,ok,True,1376,1440,5.1571898537916094e-05,ok,48.0,1878.15,1873.58,0.002437170855276402,274.0,1879.55,1857.55,0.011716586425802054,72.0,1877.8,1873.49,0.002295385795236646,-12.642602639615008,-10.303795489744179,-12.570968929291377,-12.178371228544755,-12.596049036321718,-12.9008980478509,True
2023-09-29,True,359,360,3.8085105971250045e-06,ok,True,240,240,3.2495486796589836e-06,ok,False,1258,1440,,insufficient_minutes,48.0,1873.89,1869.46,0.002368806613408656,,,,,71.0,1868.19,1862.86,0.0028552373248623432,-12.178371228544755,-9.872533635804649,-12.478272364644331,-12.636994439062889,-12.463114910689121,-12.8318647501029,True
2023-10-02,True,360,360,5.509047515398652e-06,ok,True,240,240,1.5206692257372746e-05,ok,True,1375,1440,7.054142400246339e-05,ok,48.0,1845.93,1830.97,0.00810978568156625,274.0,1848.84,1820.35,0.01541262168749003,72.0,1848.84,1839.15,0.005242130717858044,-12.636994439062889,-9.872533635804649,-12.109118814461217,-11.09377494691657,-12.432209734003719,-12.796301431519845,True
2023-10-03,True,360,360,1.0435578374442324e-05,ok,True,240,240,8.255871345171334e-06,ok,True,1375,1440,8.878825773401798e-05,ok,48.0,1829.06,1820.63,0.004621925912117525,274.0,1833.25,1815.17,0.009907256462594313,72.0,1825.17,1815.17,0.0054796772470101516,-11.09377494691657,-9.559310446197333,-11.47028959257509,-11.704585932537944,-12.006949864279271,-12.579433601692035,True
2023-10-04,True,360,360,7.80530247540622e-06,ok,True,240,240,6.010062904060093e-06,ok,True,1375,1440,4.716138990768263e-05,ok,48.0,1824.44,1817.27,0.0039415203713935075,274.0,1830.47,1816.48,0.007672564139126242,72.0,1824.93,1819.56,0.002945080016233653,-11.704585932537944,-9.32925614943469,-11.760707250691908,-12.022075342906193,-11.86720524554984,-12.508798847411798,True
2023-10-05,True,360,360,4.6144367501280256e-06,ok,True,240,240,2.9255760148627674e-06,ok,True,1373,1440,4.5357818815202646e-05,ok,48.0,1823.88,1819.55,0.0023761963297919894,272.0,1829.07,1812.88,0.008882963255586735,72.0,1829.07,1821.64,0.004076616243916534,-12.022075342906193,-9.961935010556315,-12.286320745100776,-12.742019168510048,-11.790984163508153,-12.471381548063338,True
2023-10-06,True,359,360,3.3497994669777785e-06,ok,True,240,240,5.812259994598052e-06,ok,False,1257,1440,,insufficient_minutes,48.0,1825.02,1818.52,0.0035725768997177665,,,,,71.0,1824.48,1819.59,0.0026848659214196843,-12.742019168510048,-10.000927985785548,-12.606610074522665,-12.055541079155255,-11.851262405440007,-12.46406231181336,True
2023-10-09,True,360,360,1.3873623596289116e-05,ok,True,240,240,5.022077847645368e-06,ok,True,1376,1440,4.579943396357021e-05,ok,48.0,1852.63,1847.94,0.0025350871740264665,274.0,1863.39,1844.12,0.010427122422642173,72.0,1853.18,1846.05,0.0038580894070284915,-12.055541079155255,-10.000927985785548,-11.1855211035199,-12.201666796025775,-11.781839104431173,-12.419487927341532,True
2023-10-10,True,360,360,6.802938861879544e-06,ok,True,240,240,5.400525069426676e-06,ok,True,1374,1440,3.7914147627452455e-05,ok,48.0,1859.72,1855.14,0.0024668882198007783,272.0,1865.35,1852.88,0.006694906609542416,72.0,1865.35,1859.71,0.0030280090840271836,-12.201666796025775,-9.99123882579452,-11.898155853576975,-12.129014374042056,-12.091821239406075,-12.404494554997678,True
2023-10-11,True,360,360,3.26141615718008e-06,ok,True,240,240,7.376982799357633e-06,ok,True,1373,1440,3.320082742416925e-05,ok,48.0,1874.66,1862.35,0.006609023383916704,273.0,1877.13,1858.54,0.009996155324875125,72.0,1861.99,1858.54,0.0018551229623894228,-12.129014374042056,-10.180186227207361,-12.633349052868809,-11.817145837723004,-12.199275723802188,-12.369658964561507,True
2023-10-12,True,360,360,5.048557409129117e-06,ok,True,240,240,3.5147643194225014e-06,ok,True,1375,1440,3.2714702003997724e-05,ok,48.0,1882.63,1878.54,0.0021729775104797795,274.0,1884.85,1867.81,0.00908615853853617,72.0,1880.04,1874.38,0.0030180550075183986,-11.817145837723004,-10.312935759937654,-12.19640801704463,-12.558538084900519,-12.146392592939417,-12.302243814745129,True
2023-10-13,True,360,360,4.113992856649101e-06,ok,True,240,240,8.252742736828087e-06,ok,False,1259,1440,,insufficient_minutes,48.0,1889.8,1876.7,0.006979129207122925,,,,,72.0,1877.94,1870.05,0.004217740167961265,-12.558538084900519,-10.32768597853328,-12.401116503086717,-11.704964959919062,-12.124433304337948,-12.28194567873146,True
2023-10-16,True,359,360,1.0025499250632202e-05,ok,True,240,240,8.617135760949006e-06,ok,True,1375,1440,5.385603142672234e-05,ok,48.0,1918.24,1908.07,0.005324732781662433,273.0,1925.84,1908.07,0.009226974751736214,71.0,1925.84,1914.15,0.006069968196274331,-11.704964959919062,-10.32768597853328,-11.510378785449833,-11.661757806817523,-12.03828645815197,-12.218969969356994,True
2023-10-17,True,360,360,8.681005015872287e-06,ok,True,240,240,9.030277744486767e-06,ok,True,1375,1440,6.027021602921447e-05,ok,48.0,1926.45,1917.04,0.0049076107080832584,274.0,1931.44,1912.31,0.009966059134729404,72.0,1919.96,1912.31,0.0039853817240292945,-11.661757806817523,-9.829196156423622,-11.654373250755865,-11.61492743303644,-11.923539284394172,-12.151829653753952,True
2023-10-18,True,360,360,2.01712251677433e-05,ok,True,240,240,1.0379641536450567e-05,ok,True,1376,1440,8.238667807855853e-05,ok,48.0,1946.01,1935.47,0.0054436946882658235,274.0,1962.51,1923.66,0.020183757919592225,72.0,1942.68,1923.66,0.009881469128201922,-11.61492743303644,-9.716672506118446,-10.81125346576339,-11.475664214883485,-11.819670666793796,-12.0868773547473,True
2023-10-19,True,360,360,9.460918863029358e-06,ok,True,240,240,9.09952922481167e-06,ok,True,1375,1440,8.378395502078403e-05,ok,48.0,1954.38,1947.57,0.003495839386457176,274.0,1982.17,1945.11,0.018995873805069414,72.0,1953.22,1945.11,0.004156949178605361,-11.475664214883485,-9.404086807923367,-11.568341048218985,-11.607287879316875,-11.741218198142883,-12.014449286277692,True
2023-10-20,True,360,360,1.1460367301376934e-05,ok,True,240,240,8.522228266105108e-06,ok,False,1258,1440,,insufficient_minutes,48.0,1985.21,1978.05,0.0036173399920681644,,,,,72.0,1981.87,1971.89,0.005047401574404814,-11.607287879316875,-9.387269036340895,-11.376615796460323,-11.672832717736583,-11.609891821400675,-11.963227833365071,True
2023-10-23,True,360,360,1.566005738349224e-05,ok,True,240,240,8.083716882095153e-06,ok,True,1375,1440,6.753417126437082e-05,ok,48.0,1982.72,1974.42,0.004200808782220939,274.0,1982.72,1964.26,0.00936285896876682,72.0,1976.64,1964.26,0.006279100435175191,-11.672832717736583,-9.387269036340895,-11.06439720307294,-11.725658781043217,-11.60397087612063,-11.91814120466086,True
2023-10-24,True,360,360,1.1647697757764967e-05,ok,True,240,240,1.1597087259739535e-05,ok,True,1372,1440,7.693543029683119e-05,ok,48.0,1979.1,1960.87,0.009217498584256946,271.0,1980.73,1953.33,0.013883188674560875,72.0,1980.73,1972.34,0.004251093174436743,-11.725658781043217,-9.60287684722887,-11.360402014840679,-11.364756589680727,-11.61572495942311,-11.892637397154347,True
2023-10-25,True,360,360,9.778574595847077e-06,ok,True,240,240,9.261558379911276e-06,ok,True,1376,1440,0.0001015766458172698,ok,48.0,1974.8,1968.16,0.003368301442688083,274.0,1987.14,1962.75,0.012362668694164658,72.0,1976.88,1970.58,0.0031933092567953784,-11.364756589680727,-9.472544055478682,-11.535316831385554,-11.589638231898531,-11.560390241301048,-11.836382984759565,True
2023-10-26,True,360,360,7.519176993039323e-06,ok,True,240,240,5.993050570788956e-06,ok,True,1376,1440,5.39450261597082e-05,ok,48.0,1993.41,1984.32,0.0045792989491290495,274.0,1993.41,1971.76,0.010917553560307552,72.0,1989.5,1982.33,0.0036156516871780884,-11.589638231898531,-9.194696913245922,-11.798053868406768,-12.024909998214309,-11.584118182645572,-11.795562137771665,True
2023-10-27,True,360,360,6.721777833620537e-06,ok,True,240,240,4.4544524139594464e-06,ok,False,1259,1440,,insufficient_minutes,48.0,1989.04,1980.51,0.004291661949863513,,,,,72.0,1989.87,1982.77,0.003577880634847,-12.024909998214309,-9.827545064028135,-11.91015787984418,-12.321606419532312,-11.653161768588173,-11.789922627634443,True
2023-10-30,True,360,360,4.76117740640642e-06,ok,True,240,240,8.349535388847087e-06,ok,True,1375,1440,4.4706144475721183e-05,ok,48.0,1997.34,1990.79,0.0032849122226317686,274.0,2006.68,1990.79,0.007933813323214318,72.0,2006.68,1999.39,0.0036398677864211276,-12.321606419532312,-9.827545064028135,-12.25501556602091,-11.693304662703827,-11.751439907828743,-11.782006721370943,True
2023-10-31,True,360,360,4.051069705885111e-06,ok,True,240,240,3.6960922836988785e-06,ok,True,1375,1440,4.0101044027358746e-05,ok,48.0,2000.28,1994.92,0.002684987364028633,274.0,2007.88,1978.71,0.01461858620179867,72.0,1997.2,1990.46,0.003377760404529411,-11.693304662703827,-10.01539960548459,-12.416529586810766,-12.508234435963299,-11.74471417790717,-11.827916547323303,True
2023-11-01,True,360,360,8.371434626543968e-06,ok,True,240,240,4.5861213064545924e-06,ok,True,1375,1440,6.152915160502273e-05,ok,48.0,1985.13,1977.0,0.004111906574245763,274.0,1991.93,1969.73,0.011190700628594783,72.0,1983.94,1975.07,0.004471239395298957,-12.508234435963299,-10.12410818839569,-11.690685287129583,-12.292475922405524,-11.966908069753007,-11.85965504696457,True
2023-11-02,True,360,360,3.1768528914105115e-06,ok,True,240,240,5.364532170996225e-06,ok,True,1375,1440,3.0418181607237738e-05,ok,48.0,1990.31,1984.36,0.0029966809869405374,274.0,1990.94,1978.76,0.006135571960738416,72.0,1988.06,1983.27,0.002412921977991514,-12.292475922405524,-9.69599948562121,-12.659619507994952,-12.135701385870867,-12.126180645935644,-11.869776454400922,True
2023-11-03,True,360,360,2.4284467642621738e-06,ok,True,240,240,3.5135358994269683e-06,ok,False,1257,1440,,insufficient_minutes,48.0,1990.22,1986.01,0.0021192092983454243,,,,,72.0,1987.76,1983.18,0.0023072699153161044,-12.135701385870867,-10.400470049144724,-12.928258696643557,-12.558887648797846,-12.149664578491643,-11.8525023322777,True
2023-11-06,True,360,360,1.0568871797125882e-05,ok,True,240,240,3.585916741346324e-06,ok,True,1376,1440,3.071965613502347e-05,ok,48.0,1988.25,1982.71,0.002793021479545133,274.0,1992.99,1975.71,0.008689486626336975,72.0,1992.99,1981.87,0.0055918455604669175,-12.558887648797846,-10.400470049144724,-11.457597500096178,-12.538496400745702,-12.185885109990334,-11.86877512197049,True
2023-11-07,True,360,360,3.3693710413548125e-06,ok,True,240,240,5.874227476973371e-06,ok,True,1375,1440,3.0386068654120542e-05,ok,48.0,1970.15,1962.55,0.0038591413410516856,274.0,1976.95,1956.59,0.010298796619000232,72.0,1976.95,1970.9,0.003060300567040793,-12.538496400745702,-10.390607843268821,-12.600784465631225,-12.04493599986118,-12.392585450052467,-11.879077844290153,True
2023-11-08,True,358,360,3.2634605179199485e-06,ok,True,240,240,5.361462797616383e-06,ok,True,1373,1440,3.9529501132065824e-05,ok,48.0,1968.91,1959.49,0.004787363798991744,272.0,1970.95,1947.33,0.011996058873122184,70.0,1970.95,1964.88,0.003082814452152859,-12.04493599986118,-10.40152632254551,-12.632722417023087,-12.136273710111668,-12.292749521590133,-11.875667856105,True
2023-11-09,True,360,360,5.65943795209712e-06,ok,True,240,240,6.5696459486213546e-06,ok,True,1374,1440,4.443616972555923e-05,ok,48.0,1949.65,1944.3,0.002744525697225021,273.0,1965.52,1944.3,0.010876529351765016,72.0,1954.55,1947.73,0.003495661177145929,-12.136273710111668,-10.138463300718469,-12.082185972429553,-11.933050616018553,-12.259487131787582,-11.890257963378925,True
2023-11-10,True,360,360,4.111694939157806e-06,ok,True,240,240,5.504760032608269e-06,ok,True,1318,1440,3.7419614219273033e-05,ok,48.0,1957.09,1947.09,0.005114252398584374,263.0,1960.68,1932.85,0.014204704957610543,72.0,1960.68,1956.3,0.0022355949591927916,-11.933050616018553,-10.021456786701295,-12.401675220511477,-12.109897379546592,-12.20988836156478,-11.86822641905044,True
2023-11-13,True,360,360,5.987844192086699e-06,ok,True,240,240,3.825827159096807e-06,ok,True,1372,1440,2.9537314493251996e-05,ok,48.0,1940.42,1935.86,0.002351903571953639,272.0,1949.06,1931.52,0.00903928015584253,72.0,1941.72,1933.87,0.00404551591923405,-12.109897379546592,-10.193315546651082,-12.02577911177102,-12.473735863320334,-12.132970410494364,-11.888022573428165,True
2023-11-14,True,360,360,3.600828822881325e-06,ok,True,240,240,3.6874149553288086e-06,ok,True,1374,1440,8.647513647358853e-05,ok,48.0,1948.06,1944.23,0.0019685089957776907,273.0,1970.89,1939.035,0.01636443028870853,72.0,1948.24,1943.66,0.002352820302065102,-12.473735863320334,-10.429856195851773,-12.534346510422596,-12.51058489952597,-12.124090033061579,-11.923504631481444,True
2023-11-15,True,360,360,3.7244472972060977e-06,ok,True,240,240,3.820713038148534e-06,ok,True,1376,1440,3.358365162280602e-05,ok,48.0,1974.0,1969.72,0.002172164323216007,274.0,1975.01,1955.32,0.010032660922556445,72.0,1967.83,1961.51,0.003220234486061753,-12.51058489952597,-9.355653624956817,-12.500592093730614,-12.475073493563265,-12.208110284376025,-11.964615129762977,True
2023-11-16,True,360,360,4.438825106807619e-06,ok,True,240,240,2.1802841169274453e-06,ok,True,1374,1440,4.8062204685045634e-05,ok,48.0,1968.46,1964.53,0.001998515098196792,273.0,1987.85,1956.37,0.016057619718022494,72.0,1963.8,1956.37,0.0037899655179449835,-12.475073493563265,-10.301471168248339,-12.325120832120891,-13.036055360789545,-12.271855198445536,-12.01750887697015,True
2023-11-17,True,360,360,3.940412926207535e-06,ok,True,240,240,9.16064469079658e-06,ok,True,1318,1440,3.095104884875489e-05,ok,48.0,1993.34,1984.54,0.0044273388171961634,263.0,1993.34,1978.47,0.007500195448939855,72.0,1987.01,1981.67,0.0026934124880523542,-13.036055360789545,-9.943014455111657,-12.444225036539972,-11.600594000663538,-12.479510027593218,-12.076517721561984,True
2023-11-20,True,360,360,1.141521948652174e-05,ok,True,240,240,6.395091598919849e-06,ok,True,1376,1440,4.585447643406158e-05,ok,48.0,1980.4,1972.2,0.004144176926031519,274.0,1985.07,1965.3,0.01001164733883627,72.0,1985.07,1973.22,0.006000911530865401,-11.600594000663538,-10.383103670918214,-11.38056305026358,-11.95997979951457,-12.303690591927438,-12.07092498902201,True
2023-11-21,True,360,360,1.2440696505043707e-05,ok,True,240,240,7.872602170885362e-06,ok,True,1374,1440,4.645009145154006e-05,ok,48.0,1994.19,1984.13,0.00504908554335385,273.0,2007.47,1980.67,0.013526301843463316,72.0,1994.19,1980.67,0.006823716452374034,-11.95997979951457,-9.990037731877855,-11.294537483069151,-11.752121905854702,-12.196354088064234,-12.085786485481172,True
2023-11-22,True,360,360,4.92388325666412e-06,ok,True,240,240,8.052997228816887e-06,ok,True,1375,1440,3.9146035080502035e-05,ok,48.0,2006.28,1999.0,0.0036331424436376204,274.0,2006.28,1986.81,0.009738213610491476,72.0,2000.24,1995.36,0.0024408054658037696,-11.752121905854702,-9.977132123889572,-12.221413058967785,-11.729466209269033,-12.042956483478227,-12.119367848402282,True
2023-11-23,True,360,360,4.739466439803982e-06,ok,True,240,240,3.912552984727477e-06,ok,False,1227,1440,,insufficient_minutes,48.0,1996.29,1992.09,0.0021037762784197863,,,,,72.0,1998.285,1989.98,0.004172475727545657,-11.729466209269033,-10.148211415739091,-12.259585994035453,-12.451320459767341,-11.908590160204557,-12.13051158399854,True
2023-11-24,True,360,360,4.85741282871684e-06,ok,True,240,240,1.5598896406267961e-06,ok,False,1125,1440,,insufficient_minutes,48.0,1996.18,1992.11,0.0020416557979012397,,,,,72.0,1994.85,1991.3,0.0017801490812173987,-12.451320459767341,-10.148211415739091,-12.23500460156519,-13.370895482393196,-11.858409301485565,-12.149990935087715,True
2023-11-27,True,360,360,2.7385820669956738e-05,ok,True,240,240,3.470373215032116e-06,ok,True,1374,1440,4.9883656057123995e-05,ok,48.0,2015.39,2010.44,0.002461510920157559,273.0,2018.12,2001.72,0.008189905940927738,72.0,2018.12,2001.72,0.008189905940927738,-13.370895482393196,,-10.505485172313577,-12.571248415024806,-12.100159472152614,-12.177739374227862,False
2023-11-28,True,359,360,7.145391126995183e-06,ok,True,240,240,2.646095200485816e-06,ok,True,1374,1440,4.278954201659197e-05,ok,48.0,2016.64,2012.43,0.002090761911383497,273.0,2044.41,2011.4,0.01637961405441346,71.0,2017.98,2013.84,0.0020542745284845014,-12.571248415024806,-9.905817142783123,-11.849043006723779,-12.842425513899157,-12.21134993636293,-12.226329584348306,True
2023-11-29,True,360,360,9.813143345141013e-06,ok,True,240,240,1.0512454943765742e-05,ok,True,1375,1440,4.9484941235174466e-05,ok,48.0,2043.98,2035.02,0.004386619830361204,274.0,2051.91,2035.02,0.00826100672765817,72.0,2051.91,2042.71,0.004499778679363779,-12.842425513899157,-10.059216830640455,-11.531787913168936,-11.46294981864198,-12.447283009784222,-12.237102238603963,True
2023-11-30,True,360,360,4.6341649829213455e-06,ok,True,240,240,4.51188926870575e-06,ok,True,1375,1440,4.187668982966784e-05,ok,48.0,2045.57,2035.87,0.004743949019665403,274.0,2047.09,2031.15,0.007795402473108466,72.0,2047.09,2041.28,0.0028413606253927387,-11.46294981864198,-9.913842152144374,-12.28205452988579,-12.308794585579914,-12.329309054525146,-12.177766841447065,True
2023-12-01,True,360,360,3.85734226015378e-06,ok,True,240,240,7.610532972243126e-06,ok,True,1318,1440,6.19643813037834e-05,ok,48.0,2049.76,2036.4,0.006550448504698391,263.0,2075.26,2033.8,0.0203214873015213,72.0,2043.32,2038.59,0.0023183944750650148,-12.308794585579914,-10.080781214491928,-12.4655321452746,-11.785977352768677,-12.30255260944611,-12.186089847124052,True
2023-12-04,True,360,360,8.765704997100336e-05,ok,True,240,240,3.169695181158418e-05,ok,True,1376,1440,0.0002799645496560637,ok,48.0,2075.94,2057.7,0.008839179274450815,274.0,2120.03,2019.95,0.047252905501271335,72.0,2120.03,2081.51,0.018187269383582817,-11.785977352768677,-9.688950833104991,-9.342078516619932,-10.35929003906773,-12.066263900763914,-12.14671587479927,True
2023-12-05,True,360,360,1.420380451661747e-05,ok,True,240,240,1.7944671794553783e-05,ok,True,1375,1440,0.00010293800323484103,ok,48.0,2039.5,2021.46,0.008874502531004169,274.0,2041.14,2009.83,0.015392897438859899,72.0,2041.14,2030.31,0.005324339803987677,-10.35929003906773,-8.180847571181742,-11.16200070553675,-10.928217323052506,-11.382284572375076,-11.911714821188461,True
2023-12-06,True,360,360,5.325713726077838e-06,ok,True,240,240,1.195361753517335e-05,ok,True,1376,1440,5.3581288695564065e-05,ok,48.0,2034.82,2020.09,0.007241620884185695,274.0,2035.78,2018.66,0.008479382273039028,72.0,2025.32,2018.66,0.0032986381973387296,-10.928217323052506,-9.18138366129674,-12.142963822284154,-11.33447660278935,-11.144449417704946,-11.825605016754668,True
2023-12-07,True,360,360,5.976277923175319e-06,ok,True,240,240,7.670751821468948e-06,ok,True,1375,1440,4.723603965909218e-05,ok,48.0,2035.02,2028.67,0.0031284718031082278,273.0,2039.83,2020.07,0.009747939785752514,72.0,2029.95,2025.13,0.002377786931544864,-11.33447660278935,-9.83431064233481,-12.027712604659712,-11.778095926336844,-11.124706033944706,-11.781530596202039,True
2023-12-08,True,360,360,5.93867554691494e-06,ok,True,240,240,6.782841841933593e-06,ok,True,1319,1440,8.501589969388498e-05,ok,48.0,2032.25,2026.4,0.002880538882350869,263.0,2033.92,1994.56,0.01940680076226922,72.0,2033.92,2027.33,0.0032492585625852784,-11.778095926336844,-9.960353404630956,-12.034024421351493,-11.901114393103429,-11.082747894907413,-11.77435441181433,True
2023-12-11,True,360,360,8.595144098128263e-06,ok,True,240,240,7.6138896964354875e-06,ok,True,1375,1440,4.644616908131619e-05,ok,48.0,1997.76,1991.14,0.003321809031105526,274.0,2007.69,1975.72,0.015928255589462554,72.0,2007.69,1994.66,0.006491872703493789,-11.901114393103429,-9.372672263744429,-11.664313153926395,-11.785536387049346,-11.093572773247477,-11.766088900252216,True
2023-12-12,True,360,360,5.386752723882642e-06,ok,True,240,240,5.563306642730221e-06,ok,True,1375,1440,4.2595841128647034e-05,ok,48.0,1988.32,1982.61,0.00287206725969073,274.0,1996.63,1977.1,0.00984868923678972,72.0,1989.51,1981.88,0.003847695795018107,-11.785536387049346,-9.977216570135388,-12.131567817698736,-12.09931790656208,-11.474363186045558,-11.741984852094886,True
2023-12-13,True,360,360,3.2209382687961405e-06,ok,True,240,240,4.412238393637045e-06,ok,True,1375,1440,0.00012368640313189258,ok,48.0,1983.51,1978.47,0.0025462775846738154,274.0,2033.03,1972.86,0.03034949585638846,72.0,1982.4,1977.55,0.0024463196759762005,-12.09931790656208,-10.063753935542785,-12.645837853028256,-12.331128425023445,-11.74651317872438,-11.7302599701741,True
2023-12-14,True,360,360,1.7522954703508658e-05,ok,True,240,240,1.0627572766248501e-05,ok,True,1375,1440,9.420637722133655e-05,ok,48.0,2040.24,2031.88,0.004112635038076261,274.0,2047.76,2027.44,0.009995474489896275,72.0,2039.16,2029.85,0.004579619463628757,-12.331128425023445,-8.997761202700294,-10.951998839214873,-11.452058729759866,-11.957868833432503,-11.72659108926465,True
2023-12-15,True,360,360,6.703680460678728e-06,ok,True,240,240,1.0630639122720137e-05,ok,True,1318,1440,7.657536269008961e-05,ok,48.0,2044.29,2036.86,0.0036459278960101205,263.0,2044.82,2015.48,0.014412768120961107,72.0,2037.36,2031.21,0.0030210812523486395,-11.452058729759866,-9.27002267993311,-11.912853859900359,-11.451770242985068,-11.869604713461516,-11.675615196002163,True
2023-12-18,True,360,360,6.874756596625993e-06,ok,True,240,240,4.277770202518291e-06,ok,True,1374,1440,3.6792785652327717e-05,ok,48.0,2027.2,2018.65,0.0042259786476868105,274.0,2033.61,2015.9,0.008778060301457627,72.0,2024.46,2015.9,0.00424281175496768,-11.451770242985068,-9.477235168853262,-11.887654319165508,-12.362078664848204,-11.7653009714357,-11.667003876946488,True
2023-12-19,True,360,360,4.734083083578136e-06,ok,True,240,240,2.1647618590285525e-06,ok,True,1373,1440,3.24341476686015e-05,ok,48.0,2028.36,2023.75,0.0022766893677124457,272.0,2046.92,2021.6,0.01248662323636318,72.0,2029.19,2021.6,0.0037430280554501473,-12.362078664848204,-10.210208774064457,-12.260722496629755,-13.043200198389574,-11.855091118796302,-11.679430922744922,True
2023-12-20,True,360,360,1.9957438879493095e-06,ok,True,240,240,5.0541351746928775e-06,ok,True,1376,1440,3.383649980002951e-05,ok,48.0,2042.36,2031.69,0.005224284353831351,274.0,2043.38,2027.28,0.00788871521738072,72.0,2041.28,2036.65,0.002268618102886428,-13.043200198389574,-10.3362987497823,-13.124493700958421,-12.19530380327504,-11.955688087626676,-11.713721841459469,True
2023-12-21,True,360,360,3.166257210440593e-06,ok,True,240,240,2.6924750028163346e-06,ok,True,1375,1440,5.0234346303984696e-05,ok,48.0,2037.15,2032.93,0.0020736438393859787,274.0,2054.92,2031.9,0.011327346537089424,72.0,2038.1,2031.9,0.0030508057571656134,-12.19530380327504,-10.293970462381171,-12.662960358352237,-12.82504971196404,-11.935896538491276,-11.732220575489466,True
2023-12-22,True,360,360,1.0016126499002256e-05,ok,True,240,240,8.11309255844558e-06,ok,True,1318,1440,6.170449995030901e-05,ok,48.0,2062.89,2049.52,0.00652153765858745,263.0,2070.52,2046.68,0.011612189876839634,72.0,2053.77,2046.68,0.003453457475956054,-12.82504971196404,-9.898811575894996,-11.511314113993569,-11.722031435958026,-12.21330749961413,-11.7398457710878,True
2023-12-25,False,0,360,,insufficient_minutes,False,0,240,,insufficient_minutes,False,57,1440,,insufficient_minutes,,,,,,,,,,,,,-11.722031435958026,-9.693153696968327,,,-12.320261581818901,-11.69955592080508,False
2023-12-26,True,360,360,5.382200413649017e-06,ok,True,240,240,1.61491194194828e-06,ok,True,1374,1440,2.51912182656047e-05,ok,48.0,2064.62,2060.54,0.001976413826177275,273.0,2068.93,2053.4,0.007557343104836722,72.0,2065.01,2053.4,0.005649758753841387,-11.722031435958026,-9.693153696968327,-12.13241326858828,-13.336230127885626,-12.320261581818901,-11.69955592080508,True
2023-12-27,True,360,360,2.899634207697488e-06,ok,True,240,240,5.1566565824719985e-06,ok,True,1375,1440,3.987654999211607e-05,ok,48.0,2069.18,2061.37,0.003780022989896519,274.0,2084.33,2061.37,0.011111837058654157,72.0,2067.74,2063.82,0.001897142912452961,-13.336230127885626,-10.589015105704316,-12.750925964204297,-12.175222137613899,-12.44741191253134,-11.710799737369182,True
2023-12-28,True,360,360,7.502726032721516e-06,ok,True,240,240,1.0284018068396394e-05,ok,True,1375,1440,4.467203020375719e-05,ok,48.0,2086.34,2072.65,0.006561950274892538,274.0,2088.41,2064.52,0.011487316588810264,72.0,2088.41,2079.11,0.0044718310705706525,-12.175222137613899,-10.129722126339097,-11.800244132432066,-11.484919511619701,-12.305615836441426,-11.69561611827319,True
2023-12-29,True,360,360,4.771988246249801e-06,ok,True,240,240,7.238098230897346e-06,ok,True,1319,1440,3.879520004704899e-05,ok,48.0,2073.34,2061.72,0.0056078239278416625,263.0,2074.65,2058.1,0.008007780369083766,72.0,2072.15,2065.95,0.0029998935521644106,-11.484919511619701,-10.016162974701807,-12.25274751679748,-11.836152061362268,-12.09771507598165,-11.696988186365367,True
