date,lag_london,lag_daily,mean5,mean20,asia,london,daily,forecast_eligible,label_eligible
2016-01-01,,,,,,,,False,False
2016-01-04,,,,,-11.532838645449806,-11.226898355157,-9.349615837258838,False,False
2016-01-05,-11.226898355157,-9.349615837258838,,,-11.88985147199724,-11.263098582215871,-9.674378781481893,False,False
2016-01-06,-11.263098582215871,-9.674378781481893,,,-11.767036830036902,-11.490115578414043,-9.471744705730101,False,False
2016-01-07,-11.490115578414043,-9.471744705730101,,,-10.328140322439731,-10.85529499961513,-9.01240753376656,False,False
2016-01-08,-10.85529499961513,-9.01240753376656,,,-10.929984843481646,-11.228198003874777,-8.959174066605822,False,False
2016-01-11,-11.228198003874777,-8.959174066605822,-11.191187448429448,,-10.987662537199542,-11.084513291573526,-9.325783832294576,False,False
2016-01-12,-11.084513291573526,-9.325783832294576,-11.162084581811255,,-11.555146530809601,-10.892839364808104,-9.376628097274837,False,False
2016-01-13,-10.892839364808104,-9.376628097274837,-11.084187736576233,,-11.18256316563084,-11.6238334231996,-9.363089559731755,False,False
2016-01-14,-11.6238334231996,-9.363089559731755,-11.101009123011801,,-11.718266016500682,-11.489361284688933,-9.45873929107366,False,False
2016-01-15,-11.489361284688933,-9.45873929107366,-11.228924439659052,,-11.652434344719063,-11.75140126671029,-9.20952037163038,False,False
2016-01-18,-11.75140126671029,-9.20952037163038,-11.31397632408374,,-11.638201241579925,-12.030504235263573,,False,False
2016-01-19,-12.030504235263573,-9.20952037163038,-11.481089112420303,,-11.61542307792972,-10.82986686499427,-9.619184100250774,False,False
2016-01-20,-10.82986686499427,-9.619184100250774,-11.457948966069939,,-11.634664799225645,-11.396465221734296,-9.386277024953538,False,False
2016-01-21,-11.396465221734296,-9.386277024953538,-11.415604463971366,,-11.48972696471364,-11.396574622469805,-9.396524294628424,False,False
2016-01-22,-11.396574622469805,-9.396524294628424,-11.39770275836817,,-11.881753453610951,-11.838861165338177,-10.061564529596234,False,False
2016-01-25,-11.838861165338177,-10.061564529596234,-11.40953160654455,,-12.125898788917125,-11.67461130638069,-9.966227925808209,False,False
2016-01-26,-11.67461130638069,-9.966227925808209,-11.364611142019697,,-11.581012430488991,-11.664886272553895,-9.851465563289485,False,False
2016-01-27,-11.664886272553895,-9.851465563289485,-11.579389092088174,,-11.835496328809946,-12.019923353047764,-9.634160628325363,False,False
2016-01-28,-12.019923353047764,-9.634160628325363,-11.69750405984469,,-11.497199372300617,-11.822632846798264,-9.484856209342817,False,False
2016-01-29,-11.822632846798264,-9.484856209342817,-11.795939883112956,,-10.660117085504892,-11.828904020718449,-9.637326868750035,False,False
2016-02-01,-11.828904020718449,-9.637326868750035,-11.794024426617057,-11.403281029053224,-11.785938434049463,-11.844870780360898,-10.051982213480251,True,True
2016-02-02,-11.844870780360898,-10.051982213480251,-11.82994401013961,-11.431160118635516,-11.970402443260868,-12.008005086547367,-10.062717010748143,True,True
2016-02-03,-12.008005086547367,-10.062717010748143,-11.900918109042564,-11.462720022028844,-11.641312925242772,-12.0169708087808,-9.304255426507861,True,True
2016-02-04,-12.0169708087808,-9.304255426507861,-11.900393216499284,-11.48284486367946,-11.125598300128644,-11.359061187315527,-9.515469198689605,True,True
2016-02-05,-11.359061187315527,-9.515469198689605,-11.780402745869933,-11.520611363981232,-11.523920205673406,-11.47737035568361,-8.898538898817357,True,True
2016-02-08,-11.47737035568361,-8.898538898817357,-11.703200586789988,-11.53549493389134,-11.587831202842986,-10.764387127263062,-8.705335017882685,True,True
2016-02-09,-10.764387127263062,-8.705335017882685,-11.412168395152507,-11.506309613038647,-11.404272284401339,-10.142120846509812,-8.733674687666776,True,True
2016-02-10,-10.142120846509812,-8.733674687666776,-10.940925458058043,-11.40801668028251,-11.207945690207213,-11.219511551745024,-9.098914343308614,True,True
2016-02-11,-11.219511551745024,-9.098914343308614,-10.86102209446565,-11.388137570456097,-9.564009445677222,-9.227906637585175,-7.5722553905789605,True,True
2016-02-12,-9.227906637585175,-7.5722553905789605,-10.21789751719593,-11.059934806597992,-10.409060360530644,-10.40159441222659,-8.869190858908613,True,True
2016-02-15,-10.40159441222659,-8.869190858908613,-10.113828641813312,-10.990840603122498,-9.810457841791557,-10.818457653439227,,True,True
2016-02-16,-10.818457653439227,-8.869190858908613,-10.119336258204328,-10.949959771209484,-10.336242836378943,-9.744634665375665,-8.535670485548726,True,True
2016-02-17,-9.744634665375665,-8.535670485548726,-10.028201277096095,-10.84513849082687,-10.26048153301596,-10.86314483120321,-8.637697273242281,True,True
2016-02-18,-10.86314483120321,-8.637697273242281,-10.002518703777614,-10.825043262013322,-11.588690175393575,-11.723682105377199,-8.813323203939277,True,True
2016-02-19,-11.723682105377199,-8.813323203939277,-10.510313026986958,-10.832951279957637,-11.010201284246534,-10.578080753370587,-8.84715173151821,True,True
2016-02-22,-10.578080753370587,-8.84715173151821,-10.547054006318424,-10.787758874080373,-10.864175500144066,-10.697669336522035,-8.918970849920452,True,True
2016-02-23,-10.697669336522035,-8.918970849920452,-10.527669154679884,-10.754211826642399,-10.398196923520462,-10.98700853994595,-8.935179144404092,True,True
2016-02-24,-10.98700853994595,-8.935179144404092,-10.90058996671502,-10.734896485235458,-10.892928444881532,-10.436447220943931,-8.447824354391853,True,True
2016-02-25,-10.436447220943931,-8.447824354391853,-10.795780507338666,-10.682725186178613,-10.013126899391985,-10.594258847144227,-8.472182641025576,True,True
2016-02-26,-10.594258847144227,-8.472182641025576,-10.642565083991801,-10.644820293991947,-11.096672012988893,-10.862336774396418,-8.945559969305888,True,True
2016-02-29,-10.862336774396418,-8.945559969305888,-10.696790424923183,-10.620201445529279,-11.097898713306328,-10.631421975381567,-9.276525316150854,True,True
2016-03-01,-10.631421975381567,-9.276525316150854,-10.683197071299034,-10.586042205929985,-10.411945489577267,-10.973345285849467,-8.904736611684786,True,True
2016-03-02,-10.973345285849467,-8.904736611684786,-10.681168593496661,-10.564395922313293,-10.937290048572866,-11.515481251106948,-9.178099475934967,True,True
2016-03-03,-11.515481251106948,-9.178099475934967,-10.865835116333807,-10.556807068801206,-11.759294878225072,-11.453868607811136,-9.075182257402172,True,True
2016-03-04,-11.453868607811136,-9.075182257402172,-11.02991113722814,-10.558836684991146,-11.142714367114698,-10.459529648535058,-8.210769572449623,True,True
2016-03-07,-10.459529648535058,-8.210769572449623,-10.918994548329184,-10.524179179454489,-10.522936430230628,-11.221176843072538,-8.948620014569277,True,True
2016-03-08,-11.221176843072538,-8.948620014569277,-11.04546159056876,-10.538703439725776,-10.539778723201229,-11.185728177081343,-9.098978644925465,True,True
2016-03-09,-11.185728177081343,-9.098978644925465,-11.087462160943582,-10.588058293796545,-10.32763635196399,-11.559023447001305,-8.843746453800351,True,True
2016-03-10,-11.559023447001305,-8.843746453800351,-11.093031993585623,-10.595742795518312,-10.889704227637482,-11.264324497547086,-8.46435214983321,True,True
2016-03-11,-11.264324497547086,-8.46435214983321,-11.064350819716031,-10.782940797462748,-9.8110744150696,-10.70155671648452,-8.588727582685244,True,True
2016-03-14,-10.70155671648452,-8.588727582685244,-11.146338807231693,-10.802096463884158,-11.191973792782512,-11.250371100153112,-9.119960798556404,True,True
2016-03-15,-11.250371100153112,-9.119960798556404,-11.151692626378782,-10.819499150329925,-10.431554279759165,-11.661861474787294,-9.194848044680015,True,True
2016-03-16,-11.661861474787294,-9.194848044680015,-11.227740960991762,-10.952967915347841,-11.554943771087895,-12.942254918878145,-8.434359349352693,True,True
2016-03-17,-12.942254918878145,-8.434359349352693,-11.341570818905561,-11.00201047089119,-11.290408930654287,-10.411016226327021,-9.00410104585009,True,True
2016-03-18,-10.411016226327021,-9.00410104585009,-11.086059669502824,-10.938104478701366,-10.917798712256305,-11.401252139585749,-9.485809164187879,True,True
2016-03-21,-11.401252139585749,-9.485809164187879,-11.246049003556301,-10.979138147627316,-11.040043391773212,-11.525041740493666,-9.471895318096497,True,True
2016-03-22,-11.525041740493666,-9.471895318096497,-11.295058976641634,-11.017138947803987,-11.67773380175226,-10.562774722551952,-9.335063347137776,True,True
2016-03-23,-10.562774722551952,-9.335063347137776,-11.050251073745489,-10.990273931314624,-10.157507228921212,-11.31991456391251,-9.191698572556522,True,True
2016-03-24,-11.31991456391251,-9.191698572556522,-10.934627339287145,-11.042658149194661,-11.116865188501773,-11.661483822666826,-9.622414588900694,True,True
2016-03-25,-11.661483822666826,-9.622414588900694,-11.210298198477304,-11.09538548545643,,,,False,False
2016-03-28,-11.661483822666826,-9.622414588900694,-11.210298198477304,-11.09538548545643,-10.85415384339894,-11.771278931479559,-9.981875540331435,True,True
2016-03-29,-11.771278931479559,-9.981875540331435,-11.262754591084539,-11.133801067959014,-11.581155294062723,-11.334415209159898,-8.674094444063654,True,True
2016-03-30,-11.334415209159898,-8.674094444063654,-11.230954290455403,-11.176417395797973,-11.213109675755215,-10.862461792496706,-9.398625508459212,True,True
2016-03-31,-10.862461792496706,-9.398625508459212,-11.337455279425809,-11.169259665956222,-11.1311037495411,-11.418037868701763,-9.555364054866391,True,True
2016-04-01,-11.418037868701763,-9.555364054866391,-11.356661901770156,-11.165646343323921,-11.308546939740587,-11.86910149669778,-8.85944580885261,True,True
2016-04-04,-11.86910149669778,-8.85944580885261,-11.384695651818381,-11.178464266996244,-11.33226087943437,-12.091536755717177,-10.025354468975369,True,True
2016-04-05,-12.091536755717177,-10.025354468975369,-11.42264146132279,-11.26461907912639,-10.92827296467309,-11.108272766982328,-9.522601995582615,True,True
2016-04-06,-11.108272766982328,-9.522601995582615,-11.368691428990621,-11.258396907648237,-11.321365210450105,-12.215405121632102,-9.634562761497113,True,True
2016-04-07,-12.215405121632102,-9.634562761497113,-11.651108029525385,-11.293575175932862,-10.930515971658432,-10.129293275793778,-9.213136864488215,True,True
2016-04-08,-10.129293275793778,-9.213136864488215,-11.142116870657658,-11.17860678986636,-11.639895768453373,-9.920694488396839,-9.186688423190065,True,True
2016-04-11,-9.920694488396839,-9.186688423190065,-10.683598353737358,-11.056379606306146,-10.866157087005163,-10.996386690928277,-9.470482570704673,True,True
2016-04-12,-10.996386690928277,-9.470482570704673,-10.590698789913613,-11.074752308578107,-11.81741648766295,-11.33370846554594,-9.432105394185193,True,True
2016-04-13,-11.33370846554594,-9.432105394185193,-10.615049784039975,-11.07811198947451,-11.582835569649841,-11.063886588361797,-9.41360677827006,True,True
2016-04-14,-11.063886588361797,-9.41360677827006,-10.531343859350157,-11.055542404671268,-10.288212300598577,-9.994932966566552,-8.89617732995148,True,True
2016-04-15,-9.994932966566552,-8.89617732995148,-10.489248048363303,-10.9273004186924,-11.408751707899926,-11.686158470734929,-9.780281556058684,True,True
2016-04-18,-11.686158470734929,-9.780281556058684,-10.835572457028576,-10.989579540778847,-11.432653521744776,-11.09369386226993,-9.561374384293142,True,True
2016-04-19,-11.09369386226993,-9.561374384293142,-10.85148820046273,-10.977721075306746,-11.260006377771548,-11.516811907616317,-9.444238330929497,True,True
2016-04-20,-11.516811907616317,-9.444238330929497,-10.872365415221704,-10.977482074653775,-10.605535287850993,-11.903201713208887,-9.387324590827095,True,True
2016-04-21,-11.903201713208887,-9.387324590827095,-10.970859254123225,-11.03498839130603,-10.812220462400877,-11.636469697237494,-8.795480703753533,True,True
2016-04-22,-11.636469697237494,-8.795480703753533,-11.529358207043565,-11.045244328881815,-10.589197223641264,-11.077830576276252,-9.094241034473256,True,True
2016-04-25,-11.077830576276252,-9.094241034473256,-11.395555721439827,-11.024071671162716,-11.402863749673477,-11.77066581559673,-9.893896099186849,True,True
2016-04-26,-11.77066581559673,-9.893896099186849,-11.538309112970817,-11.024057145546344,-11.405089052893779,-12.338240781862872,-9.753383031059776,True,True
2016-04-27,-12.338240781862872,-9.753383031059776,-11.65988263344241,-11.047555624752077,-11.875031124204432,-12.35229354943443,-9.5526761812118,True,True
2016-04-28,-12.35229354943443,-9.5526761812118,-11.718285995229314,-11.095280962093092,-9.825100848870237,-11.316331173483663,-8.98658496999997,True,True
2016-04-29,-11.316331173483663,-8.98658496999997,-11.639569574654406,-11.091412127844483,-10.298699666342891,-10.883424315902852,-8.959137914235189,True,True
2016-05-02,-10.883424315902852,-8.959137914235189,-11.567001498228764,-11.053551390945218,-11.22179987092161,-11.42335218905657,-9.131529308658184,True,True
2016-05-03,-11.42335218905657,-9.131529308658184,-11.501449175178887,-11.036856309722776,-10.862073109316396,-10.869499602038525,-9.251301150608136,True,True
2016-05-04,-10.869499602038525,-9.251301150608136,-11.24708965659853,-11.0243793802166,-11.020918992468637,-10.61331601417599,-9.076997388012957,True,True
2016-05-05,-10.61331601417599,-9.076997388012957,-10.97651823419614,-10.965897685087743,-11.415382925150002,-11.256256669490776,-9.32397304897968,True,True
2016-05-06,-11.256256669490776,-9.32397304897968,-10.967741269847805,-11.047135933999744,-11.203578192714463,-11.54626552958486,-8.84458368131835,True,True
2016-05-09,-11.54626552958486,-8.84458368131835,-11.079175400534083,-11.179388213551148,-11.272072117252058,-11.317618279202721,-9.303919644539835,True,True
2016-05-10,-11.317618279202721,-9.303919644539835,-11.06348906067516,-11.196021682448515,-11.294065554853791,-11.405384207478324,-9.565489281038225,True,True
2016-05-11,-11.405384207478324,-9.565489281038225,-11.169663417167019,-11.199039754220781,-11.361900597231237,-11.704333985368422,-9.719900268091719,True,True
2016-05-12,-11.704333985368422,-9.719900268091719,-11.433219516420582,-11.226482077406935,-11.403548222407858,-11.780809516721352,-9.42438704595453,True,True
2016-05-13,-11.780809516721352,-9.42438704595453,-11.535739251141104,-11.38033717695567,-11.04507128659365,-12.15197148050748,-9.485264587109453,True,True
2016-05-16,-12.15197148050748,-9.485264587109453,-11.629951873209441,-11.394145131788095,-11.108183982129653,-11.860422335924929,-9.425286490420186,True,True
2016-05-17,-11.860422335924929,-9.425286490420186,-11.751543541578497,-11.430971719349628,-11.440520979129849,-11.682245330116386,-9.569852839980582,True,True
2016-05-18,-11.682245330116386,-9.569852839980582,-11.822367817414708,-11.437992878093258,-11.389313006257256,-11.883257698177617,-8.822978912435943,True,True
2016-05-19,-11.883257698177617,-8.822978912435943,-11.859935806355047,-11.437360545400553,-10.63345904894808,-12.15896040026529,-9.364812622390389,True,True
2016-05-20,-12.15896040026529,-9.364812622390389,-11.930529922738002,-11.454175441573218,-12.073058737792536,-11.849701615083893,-10.139962032194658,True,True
2016-05-23,-11.849701615083893,-10.139962032194658,-11.875507414290732,-11.49414487455264,-11.703593805537777,-12.000887131285989,-10.127400472484196,True,True
2016-05-24,-12.000887131285989,-10.127400472484196,-11.902475314276952,-11.501973574396521,-11.230190119358289,-12.051951333474088,-9.692253497231794,True,True
2016-05-25,-12.051951333474088,-9.692253497231794,-11.982645618109784,-11.494817360199004,-11.309247736277356,-11.972595875274822,-9.867647147130192,True,True
2016-05-26,-11.972595875274822,-9.867647147130192,-12.001704950935657,-11.485068627606072,-11.2188264533134,-12.315829729416395,-9.777916227156505,True,True
2016-05-27,-12.315829729416395,-9.777916227156505,-12.026829520633997,-11.523190715946303,-10.193740318716841,-11.57951201827423,-9.300559332213162,True,True
2016-05-30,-11.57951201827423,-9.300559332213162,-11.955378622416083,-11.571898016501503,-10.726039452972385,-11.983371127272143,,True,True
2016-05-31,-11.983371127272143,-9.300559332213162,-11.952007474564741,-11.597086223835658,-11.470667000629696,-12.164966737919697,-10.01793174505244,True,True
2016-06-01,-12.164966737919697,-10.01793174505244,-11.97153676756734,-11.675229044358097,-11.410076703442344,-12.0589117333324,-9.841422287758057,True,True
2016-06-02,-12.0589117333324,-9.841422287758057,-11.988196374474658,-11.79235575527816,-11.779429853861268,-12.16481894499935,-10.132083375742571,True,True
2016-06-03,-12.16481894499935,-10.132083375742571,-11.964974333119272,-11.844717561972015,-11.766786203271376,-12.973714077681985,-8.28113805856196,True,True
2016-06-06,-12.973714077681985,-8.28113805856196,-12.21487663396275,-11.897296593532596,-11.312491980748865,-12.511513854239846,-9.892300996904481,True,True
2016-06-07,-12.511513854239846,-9.892300996904481,-12.32406282377937,-11.961536478644323,-12.18531862379289,-12.272089727692926,-10.29052475635815,True,True
2016-06-08,-12.272089727692926,-10.29052475635815,-12.348171761557658,-12.013404045283012,-11.945020306165834,-12.078102253314839,-10.067273429050639,True,True
2016-06-09,-12.078102253314839,-10.067273429050639,-12.353261377301294,-12.034873242746961,-11.33866468360561,-11.865481958546798,-9.761057537123115,True,True
2016-06-10,-11.865481958546798,-9.761057537123115,-12.272358490449873,-12.040120505763477,-11.967794725208478,-11.726260827817155,-9.831291550868325,True,True
2016-06-13,-11.726260827817155,-9.831291550868325,-12.05232539322822,-12.01667158516422,-10.702676666477815,-11.928281548347481,-9.395997396430904,True,True
2016-06-14,-11.928281548347481,-9.395997396430904,-11.956966243631369,-12.02051413068388,-11.45359082197584,-11.873342114769683,-9.707739570794601,True,True
2016-06-15,-11.873342114769683,-9.707739570794601,-11.887902713348566,-12.032787350199701,-12.174242732777076,-11.596575131333491,-9.426634106696424,True,True
2016-06-16,-11.596575131333491,-9.426634106696424,-11.79052036481576,-12.013693350240002,-10.958351101325373,-11.513891249040132,-8.615168801124904,True,True
2016-06-17,-11.513891249040132,-8.615168801124904,-11.715246285507755,-11.97526123144099,-10.48311036543012,-11.455743711998952,-9.279912137652733,True,True
2016-06-20,-11.455743711998952,-9.279912137652733,-11.655612418034744,-11.948257460374471,-10.945975563152729,-10.824970774428685,-9.324837167038002,True,True
2016-06-21,-10.824970774428685,-9.324837167038002,-11.388115799896417,-11.84722673331867,-10.818317052655521,-11.65684737041807,-9.216101004351557,True,True
2016-06-22,-11.65684737041807,-9.216101004351557,-11.358791873651898,-11.827677239623469,-10.896516679559348,-11.345455973598003,-9.495615093724856,True,True
2016-06-23,-11.345455973598003,-9.495615093724856,-11.314765098658608,-11.790642787423227,-11.454123555586728,-10.579086144330489,-8.735097934379118,True,True
2016-06-24,-10.579086144330489,-8.735097934379118,-11.088833133466574,-11.661051341471783,-7.062436083172222,-8.840344872631842,-6.721259076370921,True,True
2016-06-27,-8.840344872631842,-6.721259076370921,-10.075014167809693,-11.081527853292,-10.486919560350577,-11.122606956707788,-9.12355382235975,True,True
2016-06-28,-11.122606956707788,-9.12355382235975,-10.099635995054346,-11.05420785255688,-10.638832399195945,-11.116897913012316,-9.30644651222044,True,True
2016-06-29,-11.116897913012316,-9.30644651222044,-10.069910070466896,-11.02416734227626,-11.151308534123975,-11.431666048459238,-9.384415550318593,True,True
2016-06-30,-11.431666048459238,-9.384415550318593,-10.074534343126382,-11.008786480483217,-12.03342778303674,-11.597623058110091,-9.674609540054318,True,True
2016-07-01,-11.597623058110091,-9.674609540054318,-10.154820473236732,-10.996846044186402,-10.768862960864164,-11.11676547944993,-9.291391542283076,True,True
2016-07-04,-11.11676547944993,-9.291391542283076,-11.25783204021089,-10.960104866451204,-9.659268839692002,-10.865995163586701,,True,True
2016-07-05,-10.865995163586701,-9.291391542283076,-11.192999458133322,-10.916723056428584,-10.052745452473408,-11.40703859062195,-9.08024479653971,True,True
2016-07-06,-11.40703859062195,-9.08024479653971,-11.248883347093388,-10.899149362822586,-9.866790111809156,-11.13419510982678,-8.9107079583047,True,True
2016-07-07,-11.13419510982678,-8.9107079583047,-11.19277250195555,-10.875289583643983,-11.419397757844838,-12.218500801796475,-9.4182133978229,True,True
2016-07-08,-12.218500801796475,-9.4182133978229,-11.256466845059533,-10.880829854753902,-11.48350730693424,-12.412528973382257,-8.296043142587585,True,True
2016-07-11,-12.412528973382257,-8.296043142587585,-11.439238244412232,-10.891547292389735,-11.068107010469603,-11.599704331012923,-9.504791653433852,True,True
2016-07-12,-11.599704331012923,-9.504791653433852,-11.643134294222786,-10.884673955341608,-11.367364986192191,-11.402909927341383,-9.418343180167046,True,True
2016-07-13,-11.402909927341383,-9.418343180167046,-11.642087059739804,-10.87356101727184,-10.664867660054949,-11.411303555013543,-9.557123910177332,True,True
2016-07-14,-11.411303555013543,-9.557123910177332,-11.72594657848365,-10.868634276982531,-11.127290038010635,-10.836453199177681,-9.132224373924453,True,True
2016-07-15,-10.836453199177681,-9.132224373924453,-11.41510975772959,-10.843542877946236,-10.589626413784538,-12.044060122869174,-9.286729599469757,True,True
2016-07-18,-12.044060122869174,-9.286729599469757,-11.38277403091512,-10.855672034561293,-10.807407697023073,-11.621003215276057,-9.629437106361799,True,True
2016-07-19,-11.621003215276057,-9.629437106361799,-11.3861726008647,-10.884380073000829,-11.333598296398467,-11.312681757377032,-9.829165445290128,True,True
2016-07-20,-11.312681757377032,-9.829165445290128,-11.367771599018024,-10.874937657371046,-11.330282026178645,-11.364929028462857,-9.677641054936084,True,True
2016-07-21,-11.364929028462857,-9.677641054936084,-11.358723723647365,-10.875540174993363,-11.440686111875477,-11.178932583890345,-9.592209561997498,True,True
2016-07-22,-11.178932583890345,-9.592209561997498,-11.461617004424689,-10.906348484939919,-11.326991404737745,-11.095336830263275,-9.781216959979831,True,True
2016-07-25,-11.095336830263275,-9.781216959979831,-11.298847489175753,-11.34217637460379,-11.115363744434575,-12.175937012344054,-9.994838347858945,True,True
2016-07-26,-12.175937012344054,-9.994838347858945,-11.362552961866992,-11.383578108249374,-10.620005600436212,-11.420034646412393,-9.850236859194569,True,True
2016-07-27,-11.420034646412393,-9.850236859194569,-11.384184551496013,-11.400796641843062,-11.607289821254033,-12.92903239877955,-9.587737716990715,True,True
2016-07-28,-12.92903239877955,-9.587737716990715,-11.559990845171317,-11.439157301392582,-12.00191113204923,-11.497597930584012,-10.000423996974789,True,True
2016-07-29,-11.497597930584012,-10.000423996974789,-11.643253420871607,-11.43467824480865,-10.430263772465484,-12.060592602543732,-9.287675535938305,True,True
2016-08-01,-12.060592602543732,-9.287675535938305,-11.884267775833068,-11.477558822459017,-11.411245140600194,-12.73531148143962,-10.196421038752097,True,True
2016-08-02,-12.73531148143962,-10.196421038752097,-11.950417516697073,-11.55871569308011,-12.124139351668695,-11.532267908976367,-10.151272193909902,True,True
2016-08-03,-11.532267908976367,-10.151272193909902,-11.98717174791928,-11.565588444528252,-11.76051128399351,-12.39919826450362,-10.173141082063058,True,True
2016-08-04,-12.39919826450362,-10.173141082063058,-11.93412304049618,-11.62241929905458,-11.190977633407527,-12.014510008022262,-9.63536372787461,True,True
2016-08-05,-12.014510008022262,-9.63536372787461,-12.067554299998692,-11.616204826331243,-12.196281394768812,-13.041348419129584,-9.406449411429186,True,True
2016-08-08,-13.041348419129584,-9.406449411429186,-12.202077843942861,-11.626786098069713,-12.07298487343707,-12.02034207926212,-10.451522764875445,True,True
2016-08-09,-12.02034207926212,-10.451522764875445,-12.086503014054031,-11.644583448661736,-12.454130721071204,-12.86668256891632,-10.486611280925128,True,True
2016-08-10,-12.86668256891632,-10.486611280925128,-12.382831797191756,-11.694759856513285,-11.516528797596056,-12.68702030968281,-9.927931143107584,True,True
2016-08-11,-12.68702030968281,-9.927931143107584,-12.433292796362885,-11.743791140238176,-11.703395327553693,-11.9001162368434,-9.574738764634173,True,True
2016-08-12,-11.9001162368434,-9.574738764634173,-12.397109862673663,-11.828392885579534,-11.482093573165173,-11.920981523853243,-8.882360889253848,True,True
2016-08-15,-11.920981523853243,-8.882360889253848,-12.200759272704516,-11.82312851958285,-12.229905964865194,-12.036080396147167,-10.288232971742767,True,True
2016-08-16,-12.036080396147167,-10.288232971742767,-12.204506783825224,-11.844137998260218,-11.488596103732013,-11.554933948455753,-9.446847660497973,True,True
2016-08-17,-11.554933948455753,-9.446847660497973,-11.957803788091729,-11.862609754744918,-11.61744155696454,-11.754079073845743,-9.854816277405911,True,True
2016-08-18,-11.754079073845743,-9.854816277405911,-11.819142640206627,-11.889480704613469,-11.530488865704635,-11.570577178769144,-9.964913877769677,True,True
2016-08-19,-11.570577178769144,-9.964913877769677,-11.74962278793212,-11.923011006080552,-11.512130528025587,-11.387856496518891,-9.805157177974783,True,True
2016-08-22,-11.387856496518891,-9.805157177974783,-11.637483371698353,-11.952454183628598,-11.364447282324639,-12.47573795172783,-10.264047152756511,True,True
2016-08-23,-12.47573795172783,-10.264047152756511,-11.686420801443367,-11.96286605664018,-12.102481807238611,-11.047486700142512,-10.184106478148694,True,True
2016-08-24,-11.047486700142512,-10.184106478148694,-11.54597429576574,-11.924758937681476,-12.476382029817099,-12.518928201846956,-9.76685810950012,True,True
2016-08-25,-12.518928201846956,-9.76685810950012,-11.63680905074832,-11.915516268947865,-11.942609161287663,-12.497720736096303,-10.662345695588806,True,True
2016-08-26,-12.497720736096303,-10.662345695588806,-11.775082634441954,-11.964713403574475,-12.99496339310468,-13.32837263720359,-8.70332427592276,True,True
2016-08-29,-13.32837263720359,-8.70332427592276,-12.065792942025784,-11.99790057882076,-11.464744655189179,-11.732249379927866,-10.375810415356025,True,True
2016-08-30,-11.732249379927866,-10.375810415356025,-11.929128119763996,-11.957434044209377,-12.762123478211153,-12.408711029731014,-10.33424469776611,True,True
2016-08-31,-12.408711029731014,-10.33424469776611,-12.37410942533219,-12.003113134630079,-12.092304203644977,-12.881805867701727,-9.896184010962406,True,True
2016-09-01,-12.881805867701727,-9.896184010962406,-12.428206355759784,-12.01607801197783,-12.633999080811101,-12.01530964017793,-9.895462297568672,True,True
2016-09-02,-12.01530964017793,-9.895462297568672,-12.318752629675624,-12.016118041121157,-12.309773969626216,-13.098456369661886,-8.071083804627623,True,True
2016-09-05,-13.098456369661886,-8.071083804627623,-12.30009096038637,-12.017114109466704,-12.321665729339063,-12.261886237826417,,True,True
2016-09-06,-12.261886237826417,-8.071083804627623,-12.45686421591084,-12.027866424971807,-12.642355747802611,-12.831648670837268,-10.122308843354775,True,True
2016-09-07,-12.831648670837268,-10.122308843354775,-12.531996024206778,-12.027096182076356,-11.649687727638229,-12.224288472851839,-10.216616593899328,True,True
2016-09-08,-12.224288472851839,-10.216616593899328,-12.408808771720283,-12.012003541610397,-11.650326229825588,-12.951270281683735,-9.928431225755206,True,True
2016-09-09,-12.951270281683735,-9.928431225755206,-12.607465200043032,-12.049055176033015,-12.626320785077707,-12.274770030999996,-10.16339201363874,True,True
2016-09-12,-12.274770030999996,-10.16339201363874,-12.462031961070913,-12.066134761088769,-11.821203834288848,-12.000791944041577,-9.930173732244834,True,True
2016-09-13,-12.000791944041577,-9.930173732244834,-12.391674392692401,-12.06428575299189,-12.414253976572907,-11.7608788587557,-10.012989826306063,True,True
2016-09-14,-11.7608788587557,-10.012989826306063,-12.17092540375237,-12.079894266226772,-12.155758199643406,-12.256676326280058,-10.325854346785112,True,True
2016-09-15,-12.256676326280058,-10.325854346785112,-12.176986321214518,-12.107635365298407,-12.463711167301879,-12.48757913591029,-9.382510347802496,True,True
2016-09-16,-12.48757913591029,-9.382510347802496,-12.124018513525899,-12.160354214506253,-12.561572462257192,-12.268882176804777,-10.016243395005556,True,True
2016-09-19,-12.268882176804777,-10.016243395005556,-12.12300325844796,-12.225853926794095,-11.851135392326757,-12.387135963296002,-10.63894410882466,True,True
2016-09-20,-12.387135963296002,-10.63894410882466,-12.198184070319735,-12.222252375187036,-12.990641594662192,-13.490299528957364,-11.335088040481741,True,True
2016-09-21,-13.490299528957364,-11.335088040481741,-12.492243651690174,-12.382186628806176,-10.656059478581819,-11.967466131514751,-9.14125087588594,True,True
2016-09-22,-11.967466131514751,-9.14125087588594,-12.410763907508708,-12.350603084862048,-12.565263001227214,-12.99019891610255,-10.342599997581253,True,True
2016-09-23,-12.99019891610255,-10.342599997581253,-12.486748195055387,-12.36752987984183,-12.13784605915059,-12.454741944220094,-10.588848642493847,True,True
2016-09-26,-12.454741944220094,-10.588848642493847,-12.5298428746247,-12.34118437132595,-12.249935406234984,-11.987101043145064,-10.629479214354776,True,True
2016-09-27,-11.987101043145064,-10.629479214354776,-12.422365809954034,-12.362081118065998,-11.940858117599852,-12.008131887589682,-10.284758118585652,True,True
2016-09-28,-12.008131887589682,-10.284758118585652,-12.212187050366577,-12.338841155445246,-13.24378651536944,-12.857583564886772,-10.603597315654566,True,True
2016-09-29,-12.857583564886772,-10.603597315654566,-12.3753674352606,-12.338129131408262,-12.41071061584381,-13.005552966399211,-10.160052235173938,True,True
2016-09-30,-13.005552966399211,-10.160052235173938,-12.377016597085829,-12.382498426829475,-11.795938836266805,-12.413140182874159,-9.598300136476425,True,True
2016-10-03,-12.413140182874159,-9.598300136476425,-12.36918681410406,-12.358728228510138,-11.90334211014328,-12.391307749271798,-10.569813492395985,True,True
2016-10-04,-12.391307749271798,-10.569813492395985,-12.471710429706507,-12.365437727349214,-12.547667573200911,-12.671629505270259,-9.035714997669906,True,True
2016-10-05,-12.671629505270259,-9.035714997669906,-12.639172333075644,-12.360008965733877,-12.204570893164082,-12.350174803480309,-9.215368877227192,True,True
2016-10-06,-12.350174803480309,-9.215368877227192,-12.538188532805938,-12.366805964863795,-12.535696683815454,-12.2943865946849,-9.620365618293993,True,True
2016-10-07,-12.2943865946849,-9.620365618293993,-12.41607004048371,-12.34125022521708,-11.775979434110827,-11.768293638258308,-8.789957033461487,True,True
2016-10-10,-11.768293638258308,-8.789957033461487,-12.249141007266072,-12.306618727079638,-11.05322602636528,-12.498560099781653,-9.930922426775883,True,True
2016-10-11,-12.498560099781653,-9.930922426775883,-12.266943184679306,-12.333599036558018,-12.216498092957977,-11.821441138411272,-10.219509500117361,True,True
2016-10-12,-11.821441138411272,-10.219509500117361,-12.102431321453311,-12.338822404444315,-12.497629230339854,-11.682776219264188,-10.098690937526406,True,True
2016-10-13,-11.682776219264188,-10.098690937526406,-11.964257320996744,-12.297606411837133,-11.636779616754659,-12.358460871157563,-10.207268487339686,True,True
2016-10-14,-12.358460871157563,-10.207268487339686,-11.973220166802827,-12.291923664899752,-12.030607940879358,-12.228727824818762,-9.618744791674258,True,True
2016-10-17,-12.228727824818762,-9.618744791674258,-12.068170979686364,-12.289829537077235,-12.076559313851515,-11.821736504106237,-10.284018490302687,True,True
2016-10-18,-11.821736504106237,-10.284018490302687,-11.949641675518064,-12.25592736469502,-11.659891190259504,-12.2698583357101,-10.217638339044063,True,True
2016-10-19,-12.2698583357101,-10.217638339044063,-12.035371522035526,-12.221760351935174,-12.503106373605318,-11.318017866354465,-10.281893376426964,True,True
2016-10-20,-11.318017866354465,-10.281893376426964,-11.917366569923262,-12.164469552855595,-12.187089427368074,-12.822878104089135,-10.283663720026226,True,True
2016-10-21,-12.822878104089135,-10.283663720026226,-11.966346129519957,-12.160489530897532,-12.40748219526065,-11.836235747510445,-10.780514369830174,True,True
2016-10-24,-11.836235747510445,-10.780514369830174,-11.895005159697936,-12.129092136063994,-12.215499619311714,-12.731995502526352,-9.872988471201818,True,True
2016-10-25,-12.731995502526352,-9.872988471201818,-12.03266111418199,-12.159826940120738,-12.48385706753151,-12.228012059551483,-10.474320228582751,True,True
2016-10-26,-12.228012059551483,-10.474320228582751,-12.025941691866597,-12.17137929955927,-12.270606392900046,-12.164186472662808,-10.487001235468014,True,True
2016-10-27,-12.164186472662808,-10.487001235468014,-12.289617495567223,-12.14650449767187,-12.586635460618655,-12.780816711760837,-10.291885116133633,True,True
2016-10-28,-12.780816711760837,-10.291885116133633,-12.284589501494558,-12.14118192920651,-12.561193781787448,-12.538775170203325,-9.457520968411886,True,True
2016-10-31,-12.538775170203325,-9.457520968411886,-12.456608636098938,-12.145689612490782,-12.15309959165816,-12.367387304266503,-10.515918793867181,True,True
2016-11-01,-12.367387304266503,-10.515918793867181,-12.391936819556491,-12.14474322770629,-12.254725183632043,-11.827436865455294,-10.045308491094094,True,True
2016-11-02,-11.827436865455294,-10.045308491094094,-12.282106652573454,-12.10634098912154,-11.905316581255923,-12.334104815309724,-9.833217853486595,True,True
2016-11-03,-12.334104815309724,-9.833217853486595,-12.317904557091026,-12.105706467659664,-11.182680171521573,-10.597544802909212,-9.458280986980661,True,True
2016-11-04,-10.597544802909212,-9.458280986980661,-11.629057613407458,-11.936370296642135,-11.818797613812555,-12.094084495334915,-10.003789271264989,True,True
2016-11-07,-12.094084495334915,-10.003789271264989,-11.584948810758355,-11.952953716992866,-10.91426393459223,-11.406236954440253,-9.840614893780637,True,True
2016-11-08,-11.406236954440253,-9.840614893780637,-11.447208629900429,-11.897136803849204,-11.94945852313068,-12.405770128420015,-9.324180103804583,True,True
2016-11-09,-12.405770128420015,-9.324180103804583,-11.50913962478676,-11.92129207943069,-7.668216747375181,-8.86696140498116,-6.95784260983338,True,True
2016-11-10,-8.86696140498116,-6.95784260983338,-10.195119738772329,-11.229705552069687,-10.437863300733557,-10.213191500235228,-8.34993023797129,True,True
2016-11-11,-10.213191500235228,-8.34993023797129,-10.134326828589064,-11.114587896459396,-9.526751069587155,-10.44186779879567,-7.941204848019033,True,True
2016-11-14,-10.44186779879567,-7.941204848019033,-10.022005760805095,-11.036175924989822,-9.341107040221846,-10.15982553576047,-8.186555466284947,True,True
2016-11-15,-10.15982553576047,-8.186555466284947,-9.9049804565325,-10.94331178816154,-10.844588994416174,-10.592571158772243,-9.10122803696501,True,True
2016-11-16,-10.592571158772243,-9.10122803696501,-9.824181277868684,-10.887180694614027,-11.207073893062748,-11.89019883811014,-9.7778708400532,True,True
2016-11-17,-11.89019883811014,-9.7778708400532,-10.508470366619889,-10.90144159624396,-11.633664444635178,-11.719195597207486,-9.35730346311394,True,True
2016-11-18,-11.719195597207486,-9.35730346311394,-10.743059132154373,-10.886798064813682,-10.380930261655672,-10.807190810830303,-9.156730822036508,True,True
2016-11-21,-10.807190810830303,-9.156730822036508,-10.8293986778451,-10.852594573686611,-11.201640880491574,-11.874145421330583,-9.931898892631638,True,True
2016-11-22,-11.874145421330583,-9.931898892631638,-11.215538454332302,-10.842280219974096,-11.511702812378175,-12.083047645997796,-10.025742071247878,True,True
2016-11-23,-12.083047645997796,-10.025742071247878,-11.556468247631202,-10.840331043243607,-12.364607641595136,-11.67539146934572,-8.826189567844189,True,True
2016-11-24,-11.67539146934572,-8.826189567844189,-11.522718386215212,-10.831978974010953,-10.818241969626213,-10.794230786411147,,True,True
2016-11-25,-10.794230786411147,-8.826189567844189,-11.299522904666173,-10.788152050516114,-9.490410424682437,-10.485574962811539,,True,True
2016-11-28,-10.485574962811539,,-11.182509451962266,-10.730842267148011,-10.758268710440799,-10.816567820165071,-9.214257502552806,False,False
2016-11-29,-10.816567820165071,-9.214257502552806,-11.010050554366275,-10.695320950759138,-11.086648198139894,-11.647795761976013,-9.31154991686085,True,True
2016-11-30,-11.647795761976013,-9.31154991686085,-10.97342924135771,-10.692154238710268,-11.116249241177332,-11.044090756312936,-9.11153159645769,True,True
2016-12-01,-11.044090756312936,-9.11153159645769,-10.889793233790225,-10.666987458986164,-9.940871901522499,-11.227728792655963,-8.77620738417949,True,True
2016-12-02,-11.227728792655963,-8.77620738417949,-10.970360606592672,-10.692362952102108,-11.17857756852877,-11.441693212593691,-9.356519613633196,True,True
2016-12-05,-11.441693212593691,-9.356519613633196,-11.193418399816121,-10.68110109457571,-10.590886548154742,-10.36519576294038,-8.900488832168513,True,True
2016-12-06,-10.36519576294038,-8.900488832168513,-11.039571797895384,-10.637694843470838,-11.452471410948439,-11.920450151175178,-9.8100614472186,True,True
2016-12-07,-11.920450151175178,-9.8100614472186,-11.065894827146726,-10.632378444120937,-11.595915851002536,-11.789250113838591,-9.818850439407777,True,True
2016-12-08,-11.789250113838591,-9.818850439407777,-11.179494013704465,-10.956001430866552,-11.628657761033226,-12.163287227685544,-9.608638937588173,True,True
2016-12-09,-12.163287227685544,-9.608638937588173,-11.302570507432886,-11.05046736872381,-11.580294166554458,-11.507803352262128,-9.592759203459476,True,True
2016-12-12,-11.507803352262128,-9.592759203459476,-11.313765660250638,-11.112602815269705,-11.026290755796781,-11.084115033015873,-9.536592662934979,True,True
2016-12-13,-11.084115033015873,-9.536592662934979,-11.62133868064583,-11.194030000514104,-11.65933869575946,-12.026494458399755,-9.793514972369588,True,True
2016-12-14,-12.026494458399755,-9.793514972369588,-11.636371881735851,-11.266052614481074,-12.031352751092152,-12.562906047223773,-9.306889585088667,True,True
2016-12-15,-12.562906047223773,-9.306889585088667,-11.733391872067813,-11.27925579077122,-10.586043562947708,-10.813687372400388,-9.060023736396511,True,True
2016-12-16,-10.813687372400388,-9.060023736396511,-11.417418037654013,-11.232904589543924,-11.534300568993888,-11.723834329294863,-9.423081671037808,True,True
2016-12-19,-11.723834329294863,-9.423081671037808,-11.453563270793223,-11.279924162078693,-11.692266485022685,-12.071901748541995,-10.046850491961075,True,True
2016-12-20,-12.071901748541995,-10.046850491961075,-11.653991050602531,-11.284888669506527,-11.244351403052015,-12.25659766705574,-9.87539737726094,True,True
2016-12-21,-12.25659766705574,-9.87539737726094,-11.682724808580328,-11.288481175427695,-11.240059599896393,-12.229382536715452,-10.2485953991969,True,True
2016-12-22,-12.229382536715452,-10.2485953991969,-11.6504176281883,-11.303030308594138,-11.812873818732355,-12.81871436127112,-10.273666592807421,True,True
2016-12-23,-12.81871436127112,-10.273666592807421,-12.160546624226992,-11.377949745387356,-12.714878557312689,-13.357270004243492,-10.460970639158132,True,True
2016-12-26,-13.357270004243492,-10.460970639158132,-12.447010246768135,-11.500273115002239,,,,False,False
2016-12-27,-13.357270004243492,-10.460970639158132,-12.447010246768135,-11.500273115002239,-11.801850234687523,-12.544704233939141,-9.555191638261313,True,True
2016-12-28,-12.544704233939141,-9.555191638261313,-12.563144793251814,-11.58524910030196,-11.966373360678984,-12.67201986389554,-10.432257109420977,True,True
2016-12-29,-12.67201986389554,-10.432257109420977,-12.660070547311879,-11.615814770055918,-11.217057208676138,-12.157044503140723,-9.456436454175472,True,True
2016-12-30,-12.157044503140723,-9.456436454175472,-12.637252394150178,-11.677120449367399,-10.768399973839362,-12.19651260890986,-9.689587277155477,True,True
2017-01-02,-12.19651260890986,-9.689587277155477,-12.502755357122025,-11.726966179979938,,,,False,False
2017-01-03,-12.19651260890986,-9.689587277155477,-12.502755357122025,-11.726966179979938,-10.994439157238164,-11.368238912600983,-9.160345068108924,True,True
2017-01-04,-11.368238912600983,-9.160345068108924,-12.073029622012736,-11.721909920903572,-11.400423553718719,-11.10662687506755,-9.614062829242265,True,True
2017-01-05,-11.10662687506755,-9.614062829242265,-11.735912501224112,-11.829118355407413,-10.323280282400088,-11.522064177256986,-9.351873286817847,True,True
2017-01-06,-11.522064177256986,-9.351873286817847,-11.579544265685385,-11.807029138913315,-11.409470050633029,-12.13551890805494,-9.539491499222732,True,True
2017-01-09,-12.13551890805494,-9.539491499222732,-11.57710458646779,-11.822037590288506,-11.992238348067898,-11.828203820687254,-10.031311428715403,True,True
2017-01-10,-11.828203820687254,-10.031311428715403,-11.530281653927183,-11.807988181141761,-11.419709348716427,-11.839263482026436,-9.799969704902924,True,True
2017-01-11,-11.839263482026436,-9.799969704902924,-11.62277341470339,-11.827216853352722,-11.477885203949981,-11.88077092317351,-9.018255400864524,True,True
2017-01-12,-11.88077092317351,-9.018255400864524,-11.821946891977396,-11.886679857219228,-11.38043616399227,-11.18280441151892,-9.54299101724902,True,True
2017-01-13,-11.18280441151892,-9.54299101724902,-11.718460265391444,-11.830675179856618,-11.623832300519272,-11.933062050476307,-9.61039844305659,True,True
2017-01-16,-11.933062050476307,-9.61039844305659,-11.689313119396775,-11.809802284800297,-11.382751427892517,-11.698137996805192,,True,True
2017-01-17,-11.698137996805192,-9.61039844305659,-11.66542262371902,-11.892619060253278,-11.701906407139196,-11.343193054790337,-9.705181052311918,True,True
2017-01-18,-11.343193054790337,-9.705181052311918,-11.562907379854963,-11.865568587473224,-11.839313008998621,-12.042075455300143,-9.884060142526579,True,True
2017-01-19,-12.042075455300143,-9.884060142526579,-11.584826599201621,-11.86433779328003,-11.31960535553081,-11.791466912988007,-9.512229192514607,True,True
2017-01-20,-11.791466912988007,-9.512229192514607,-11.731363886402454,-11.844532072416436,-11.308502169472524,-11.654764601289498,-9.351395223821314,True,True
2017-01-23,-11.654764601289498,-9.351395223821314,-11.680239728044661,-11.818454270890953,-11.316406590199795,-11.797228667773354,-9.806632200058457,True,True
2017-01-24,-11.797228667773354,-9.806632200058457,-11.69894680368899,-11.786293579955888,-12.163436755859172,-12.620708102141963,-10.391733772276593,True,True
2017-01-25,-12.620708102141963,-10.391733772276593,-11.929477143705848,-11.775042786231548,-11.657955167273155,-11.80575581873368,-9.572761510816862,True,True
2017-01-26,-11.80575581873368,-9.572761510816862,-11.882938855974732,-11.750029055839507,-11.838416154068417,-11.34904959093004,-9.564158497779175,True,True
2017-01-27,-11.34904959093004,-9.564158497779175,-11.76786762889977,-11.696698730577051,-11.674455696760752,-11.825434597064659,-9.769688285808789,True,True
2017-01-30,-11.825434597064659,-9.769688285808789,-11.803637537039416,-11.684368029113944,-12.75204506071134,-12.056210381732363,-9.949561736210656,True,True
2017-01-31,-12.056210381732363,-9.949561736210656,-11.850651542754918,-11.679865491868313,-11.934385596929284,-11.12921780721436,-9.393327302146435,True,True
2017-02-01,-11.12921780721436,-9.393327302146435,-11.573869567739536,-11.661596817678271,-12.080156496519217,-12.08376710518924,-9.562821600717871,True,True
2017-02-02,-12.08376710518924,-9.562821600717871,-11.613125958248624,-11.717440779177677,-11.720791961866276,-11.13763238778606,-9.567776704813802,True,True
2017-02-03,-11.13763238778606,-9.567776704813802,-11.553616231285615,-11.689342874495456,-11.268183812146377,-12.705623075115758,-9.655798913857428,True,True
2017-02-06,-12.705623075115758,-9.655798913857428,-11.64704613094242,-11.70334709287738,-12.132643963987332,-12.067440919937562,-10.270149302722917,True,True
2017-02-07,-12.067440919937562,-10.270149302722917,-11.648530762660435,-11.712781323143867,-11.829709636475512,-11.832595428746876,-10.089410658705898,True,True
2017-02-08,-11.832595428746876,-10.089410658705898,-11.83461709600996,-11.712486593842456,-11.951421040264327,-11.668772447711717,-10.034204661276348,True,True
2017-02-09,-11.668772447711717,-10.034204661276348,-11.757484463314174,-11.70255754166284,-12.499227869673906,-11.434392391622394,-9.435621345210054,True,True
2017-02-10,-11.434392391622394,-9.435621345210054,-11.857804492270342,-11.721437114135412,-11.560250101434422,-12.109950930641329,-9.867504668315716,True,True
2017-02-13,-12.109950930641329,-9.867504668315716,-11.790373419586864,-11.728018942644999,-12.022094578832279,-12.478597608197939,-10.350024343583357,True,True
2017-02-14,-12.478597608197939,-10.350024343583357,-11.842832817820076,-11.75632781282472,-12.440896765035305,-12.225950991936996,-9.53616855575553,True,True
2017-02-15,-12.225950991936996,-9.53616855575553,-11.910802849516779,-11.801655300131324,-12.576000400677874,-12.599733646641845,-9.787000483114344,True,True
2017-02-16,-12.599733646641845,-9.787000483114344,-12.078445536387905,-11.818603318672453,-12.364236618102282,-11.683182379769448,-10.209539959554657,True,True
2017-02-17,-11.683182379769448,-10.209539959554657,-12.166055271649324,-11.812744976582799,-12.953812162206644,-11.700264503235426,-10.46583079219162,True,True
2017-02-20,-11.700264503235426,-10.46583079219162,-12.064299444099193,-11.815353014847394,-12.440709502308499,-13.387650577251907,,True,True
2017-02-21,-13.387650577251907,-10.46583079219162,-12.146499642393911,-11.856733595326265,-12.636245465232808,-11.968088782234112,-10.179348888814514,True,True
2017-02-22,-11.968088782234112,-10.179348888814514,-12.093585920422484,-11.835519730846158,-12.655874964769032,-12.26813095301881,-9.97623435017801,True,True
2017-02-23,-12.26813095301881,-9.97623435017801,-12.04727010642916,-11.85477383710908,-12.735744128521503,-12.753490360093112,-10.323833569051615,True,True
2017-02-24,-12.753490360093112,-10.323833569051615,-12.256928606306056,-11.91937071744273,-12.954222721181518,-12.299355376228304,-10.32599922620477,True,True
2017-02-27,-12.299355376228304,-10.32599922620477,-12.428044742881646,-11.940319502599973,-12.218176189708403,-12.403501405331145,-10.293653999536842,True,True
2017-02-28,-12.403501405331145,-10.293653999536842,-12.30727893069569,-11.953470308803984,-12.320306181264806,-12.002888000238485,-9.749226126278794,True,True
2017-03-01,-12.002888000238485,-9.749226126278794,-12.316927584927036,-12.022198512046376,-11.084245802016323,-11.49933891492812,-9.666739731046478,True,True
2017-03-02,-11.49933891492812,-9.666739731046478,-12.099395795313653,-11.985550528182973,-12.464642401187927,-12.311435053471312,-9.884263887142405,True,True
2017-03-03,-12.311435053471312,-9.884263887142405,-12.043200669383964,-12.069633065314285,-12.066442263145797,-11.704237987002632,-9.654089367707597,True,True
2017-03-06,-11.704237987002632,-9.654089367707597,-11.924623503568027,-12.025057860675474,-12.051075440885787,-12.101009281142705,-10.409327391070239,True,True
2017-03-07,-12.101009281142705,-10.409327391070239,-11.881790781491798,-12.026641179213556,-12.566184882259458,-12.803689631864502,-10.58705435315755,True,True
2017-03-08,-12.803689631864502,-10.58705435315755,-11.984529136599868,-12.065090512214695,-12.692762012404962,-12.294454886434295,-10.194463549150095,True,True
2017-03-09,-12.294454886434295,-10.194463549150095,-12.180783118380488,-12.100267180260415,-12.132262860084895,-12.388006379105898,-10.150121849938815,True,True
2017-03-10,-12.388006379105898,-10.150121849938815,-12.193804530456013,-12.161942344844498,-11.974540362808218,-13.057471985687519,-9.738694192838295,True,True
2017-03-13,-13.057471985687519,-9.738694192838295,-12.470875325765363,-12.194722566367261,-12.327548730079638,-12.332241672450674,-10.501594236805154,True,True
2017-03-14,-12.332241672450674,-10.501594236805154,-12.532503418900042,-12.18880724723457,-12.871876210381412,-12.475268109177241,-10.221579985412362,True,True
2017-03-15,-12.475268109177241,-10.221579985412362,-12.474908237459182,-12.199495218384635,-11.797721375564434,-12.511440237993234,-9.063324813264842,True,True
2017-03-16,-12.511440237993234,-9.063324813264842,-12.522761771469005,-12.196406915499027,-11.385736278030153,-11.996742311871863,-9.940714734128967,True,True
2017-03-17,-11.996742311871863,-9.940714734128967,-12.418775479039198,-12.219147354419063,-12.658026853004195,-11.86702586976736,-10.628959734079942,True,True
2017-03-20,-11.86702586976736,-10.628959734079942,-12.20232499747484,-12.232134744116879,-12.411190428650151,-13.165528693664665,-11.085088779527277,True,True
2017-03-21,-13.165528693664665,-11.085088779527277,-12.306908132027335,-12.228226300885103,-11.456093116929138,-12.382505654115729,-9.984057985071237,True,True
2017-03-22,-12.382505654115729,-9.984057985071237,-12.290613666178817,-12.250475789096384,-12.529279923776203,-12.109944947781623,-10.339807477244698,True,True
2017-03-23,-12.109944947781623,-10.339807477244698,-12.214363525908176,-12.242091793291246,-12.633261803989857,-12.40328975234747,-10.02938081504922,True,True
2017-03-24,-12.40328975234747,-10.02938081504922,-12.301069900497358,-12.229596819908984,-12.237980282275446,-12.223042203914266,-10.124559138821715,True,True
2017-03-27,-12.223042203914266,-10.124559138821715,-12.398095079569021,-12.225905781339527,-11.658839466773049,-12.871880861126646,-9.96921714077263,True,True
2017-03-28,-12.871880861126646,-9.96921714077263,-12.366899219052952,-12.241686124991054,-12.953369334582435,-12.835629134796218,-10.330138219942434,True,True
2017-03-29,-12.835629134796218,-10.330138219942434,-12.44134653964237,-12.278224407456296,-12.303518641244006,-12.218833996675642,-10.431476430968507,True,True
2017-03-30,-12.218833996675642,-10.431476430968507,-12.470509181143413,-12.335739802871595,-12.437821378357592,-12.72063802660814,-10.141685292924992,True,True
2017-03-31,-12.72063802660814,-10.141685292924992,-12.530435356809896,-12.353093644709006,-11.753396504083831,-12.763440146153517,-10.321373811736922,True,True
2017-04-03,-12.763440146153517,-10.321373811736922,-12.650960435960673,-12.417628417275854,-12.843019910248893,-12.562785069790184,-10.673130145746256,True,True
2017-04-04,-12.562785069790184,-10.673130145746256,-12.594504650305911,-12.443335683069467,-12.824920934537719,-12.365385513674664,-10.640057242584861,True,True
2017-04-05,-12.365385513674664,-10.640057242584861,-12.504344429524233,-12.42433536974978,-13.016415235254653,-12.52497167521042,-9.863609871182756,True,True
2017-04-06,-12.52497167521042,-9.863609871182756,-12.577099422115385,-12.436126130085976,-11.675061796612955,-12.115001202352603,-10.33794735704766,True,True
2017-04-07,-12.115001202352603,-10.33794735704766,-12.44237381860786,-12.419791199326871,-9.908006109049042,-12.409140468144448,-9.072458346295896,True,True
2017-04-10,-12.409140468144448,-9.072458346295896,-12.38251813049324,-12.39596770064249,-12.280100280973201,-13.194883859196471,-10.511129796988598,True,True
2017-04-11,-13.194883859196471,-10.511129796988598,-12.463997284620802,-12.427251171967336,-12.160743234547938,-12.640362113152607,-9.935621962638534,True,True
2017-04-12,-12.640362113152607,-9.935621962638534,-12.518522250979448,-12.434530157592013,-11.472199181222427,-12.747459861883499,-9.578694506870299,True,True
2017-04-13,-12.747459861883499,-9.578694506870299,-12.558967894200736,-12.44431142837846,-11.896099519394365,-12.73881927499961,-10.271324209327874,True,True
2017-04-14,-12.73881927499961,-10.271324209327874,-12.71526719482661,-12.486155107655417,,,,False,False
2017-04-17,-12.73881927499961,-10.271324209327874,-12.71526719482661,-12.486155107655417,-11.785971690964889,-12.840086282880467,-10.36261540147784,True,True
2017-04-18,-12.840086282880467,-10.36261540147784,-12.81519755578255,-12.54566027934271,-12.329260144876725,-12.710091263140463,-9.660506593010377,True,True
2017-04-19,-12.710091263140463,-9.660506593010377,-12.733294540942955,-12.530261399097153,-12.430483398159181,-12.367170053066635,-9.982707485098183,True,True
2017-04-20,-12.367170053066635,-9.982707485098183,-12.666618210315287,-12.529366075113117,-11.965906825027426,-11.848896412269962,-9.952618375332444,True,True
2017-04-21,-11.848896412269962,-9.952618375332444,-12.428705330525485,-12.506933369391085,-12.72212648136475,-12.832210193405956,-10.159953667562222,True,True
2017-04-24,-12.832210193405956,-10.159953667562222,-12.441869318919045,-12.526466796353226,-11.29211117012331,-12.471367594977739,-9.967457951391827,True,True
2017-04-25,-12.471367594977739,-9.967457951391827,-12.383710561303833,-12.541470999450386,-12.52920963061285,-12.620949846922702,-10.264750644704721,True,True
2017-04-26,-12.620949846922702,-10.264750644704721,-12.370345854356954,-12.53127473737232,-12.447700957312883,-12.32392727830213,-9.793791886165721,True,True
2017-04-27,-12.32392727830213,-9.793791886165721,-12.361518543263845,-12.506932888836612,-12.47220625788703,-13.183824498270985,-10.334458243296863,True,True
2017-04-28,-13.183824498270985,-10.334458243296863,-12.643946795235737,-12.549094061056977,-12.815887941892802,-12.945929318431789,-10.770993956735634,True,True
2017-05-01,-12.945929318431789,-10.770993956735634,-12.661916384371308,-12.557626278896242,-11.819745609525773,-13.470696409127065,-10.133382416574486,True,True
2017-05-02,-13.470696409127065,-10.133382416574486,-12.827855813561781,-12.578476862061587,-12.916722869111966,-12.805506845632095,-11.185396926675342,True,True
2017-05-03,-12.805506845632095,-11.185396926675342,-12.87019277606777,-12.589483142908742,-13.936058958944786,-12.812031743770078,-10.380367098415094,True,True
2017-05-04,-12.812031743770078,-10.380367098415094,-13.013348989131048,-12.612276809196073,-11.856022638816754,-12.509513589012663,-9.838046617346263,True,True
2017-05-05,-12.509513589012663,-9.838046617346263,-12.862897742014617,-12.611427201635088,-11.101835581190173,-12.40733890136446,-9.886602609550001,True,True
2017-05-08,-12.40733890136446,-9.886602609550001,-12.739489248262394,-12.632468669615095,-11.912943667701784,-11.892598044310176,-10.29995932125739,True,True
2017-05-09,-11.892598044310176,-10.29995932125739,-12.42452420473369,-12.591066033923099,-12.525580329026084,-12.165255100155871,-10.081194500238661,True,True
2017-05-10,-12.165255100155871,-10.081194500238661,-12.308913702670322,-12.543032777302372,-12.352816098995156,-11.960156246138256,-10.523956285049296,True,True
2017-05-11,-11.960156246138256,-10.523956285049296,-12.158312806225243,-12.499785266359286,-12.633551791560942,-12.678285502046617,-10.579530726622755,True,True
2017-05-12,-12.678285502046617,-10.579530726622755,-12.180416429166618,-12.496993669369365,-13.328270202492465,-12.936682973467699,-10.855160328607434,True,True
2017-05-15,-12.936682973467699,-10.855160328607434,-12.248174391877932,-12.504066449978865,-12.549749957346883,-12.154848527817979,-10.5018275905857,True,True
2017-05-16,-12.154848527817979,-10.5018275905857,-12.316278397823801,-12.469503237882119,-12.515199670489336,-13.06883369564815,-10.572409667832893,True,True
2017-05-17,-13.06883369564815,-10.572409667832893,-12.465210679868543,-12.481423311934632,-11.498268913842198,-12.316638299494228,-9.798202175414024,True,True
2017-05-18,-12.316638299494228,-9.798202175414024,-12.569882310651916,-12.478522344319419,-11.882954712191589,-11.223118184863726,-9.451908008748468,True,True
2017-05-19,-11.223118184863726,-9.451908008748468,-12.106437920407961,-12.400064829465679,-11.823232579819221,-11.856649433881001,-10.170736161342086,True,True
2017-05-22,-11.856649433881001,-10.170736161342086,-11.949808359113707,-12.347815763130608,-11.882618869518357,-12.640684913582609,-10.587911546187279,True,True
2017-05-23,-12.640684913582609,-10.587911546187279,-12.014555540053172,-12.354722362301551,-12.987695662755987,-12.24991744342134,-10.204822902313078,True,True
2017-05-24,-12.24991744342134,-10.204822902313078,-11.929876042185283,-12.337657343612998,-11.984953712579982,-12.310776500993098,-9.775657440745618,True,True
2017-05-25,-12.310776500993098,-9.775657440745618,-11.929077694093534,-12.336986536850569,-12.201127387166533,-12.3573339510483,-10.553165289641562,True,True
2017-05-26,-12.3573339510483,-10.553165289641562,-12.250425514697785,-12.309804847799423,-12.44923844905938,-11.533673070545595,-10.255344465985653,True,True
2017-05-29,-11.533673070545595,-10.255344465985653,-12.143329855466812,-12.230822230206748,-12.934816750027151,-13.830579449988113,,True,True
2017-05-30,-13.830579449988113,-10.255344465985653,-12.23174788578602,-12.235205577574368,-12.111018252433517,-11.98484689130151,-10.453149330771524,True,True
2017-05-31,-11.98484689130151,-10.453149330771524,-12.17384548619819,-12.199880376123566,-12.623826160643448,-12.763404596158022,-10.28306253873278,True,True
2017-06-01,-12.763404596158022,-10.28306253873278,-12.239442411568913,-12.198530469537953,-12.096560678335804,-12.544546286553926,-10.2150606778244,True,True
2017-06-02,-12.544546286553926,-10.2150606778244,-12.270261608912236,-12.199792512985377,-12.165815908821568,-12.597602254118913,-9.807891220027365,True,True
2017-06-05,-12.597602254118913,-9.807891220027365,-12.589904866349421,-12.20685669151267,-12.375589201962251,-12.941157441523856,-11.057874778574998,True,True
2017-06-06,-12.941157441523856,-11.057874778574998,-12.510240649202737,-12.252345965618774,-12.520133087524751,-12.310862802538612,-10.422998976513796,True,True
2017-06-07,-12.310862802538612,-10.422998976513796,-12.609062922775175,-12.259765091836218,-13.119684836206408,-11.94006258465207,-10.35759463107916,True,True
2017-06-08,-11.94006258465207,-10.35759463107916,-12.410981941259083,-12.258396666961534,-12.197837895214168,-12.549511937953508,-9.898903311662137,True,True
2017-06-09,-12.549511937953508,-9.898903311662137,-12.411849123602469,-12.253891348582894,-11.767842469577362,-12.290216028575413,-10.10043447473148,True,True
2017-06-12,-12.290216028575413,-10.10043447473148,-12.353795129907121,-12.231194752811021,-12.24417994276248,-12.297210670773854,-10.469466687879397,True,True
2017-06-13,-12.297210670773854,-10.469466687879397,-12.258044205495477,-12.238381527900728,-12.558081532499132,-12.349741952058432,-10.667503011519338,True,True
2017-06-14,-12.349741952058432,-10.667503011519338,-12.26530473726096,-12.21570244910776,-12.442158260698259,-12.947819514422168,-9.248993272844203,True,True
2017-06-15,-12.947819514422168,-9.248993272844203,-12.458651958492934,-12.2370844834576,-12.037583028000157,-11.764452678243561,-10.255516212511807,True,True
2017-06-16,-11.764452678243561,-10.255516212511807,-12.261612617326124,-12.296425967340856,-12.237015829035103,-12.771679178643694,-10.91516074329055,True,True
2017-06-19,-12.771679178643694,-10.91516074329055,-12.338784456281438,-12.344074998083158,-12.755001172226006,-12.463791149265207,-10.694234373608708,True,True
2017-06-20,-12.463791149265207,-10.694234373608708,-12.371299193612606,-12.336908821327608,-13.23139446468398,-12.880656968555414,-10.96355046799032,True,True
2017-06-21,-12.880656968555414,-10.96355046799032,-12.45923680049707,-12.362755957049146,-13.246357170806062,-12.944101017142588,-10.867044317143664,True,True
2017-06-22,-12.944101017142588,-10.867044317143664,-12.45877979948853,-12.38777680022795,-12.378999247117214,-12.54221891581139,-10.623582062351208,True,True
2017-06-23,-12.54221891581139,-10.623582062351208,-12.702742109945737,-12.396515767992192,-12.792271106042033,-11.528452556666522,-10.80600270836979,True,True
2017-06-26,-11.528452556666522,-10.80600270836979,-12.323969043847981,-12.395895741065514,-12.795427494000082,-9.033754906700544,-8.840636333219688,True,True
2017-06-27,-9.033754906700544,-8.840636333219688,-10.500094191362288,-11.507743219517682,-12.653087541540863,-12.31595322245976,-10.246657986959693,True,True
2017-06-28,-12.31595322245976,-10.246657986959693,-10.486151922309661,-11.516527847401905,-11.986464829290078,-12.203050423212689,-10.535397513605862,True,True
2017-06-29,-12.203050423212689,-10.535397513605862,-10.46752409584291,-11.505789595563508,-12.605445949876431,-11.177086389797802,-9.923823554352895,True,True
2017-06-30,-11.177086389797802,-9.923823554352895,-10.396829930329073,-11.45532126461649,-11.91835983564754,-12.482948444659856,-10.558475960510759,True,True
2017-07-03,-12.482948444659856,-10.558475960510759,-10.437306434659218,-11.453384904059197,-12.220932775979625,-12.797500155604027,-10.239798548227709,True,True
2017-07-04,-12.797500155604027,-10.239798548227709,-12.02227204583833,-11.451641669487781,-11.654547043172819,-12.787919109565632,,True,True
2017-07-05,-12.787919109565632,-10.239798548227709,-12.080003115828603,-11.45970759056408,-12.139318781156048,-11.509693956325066,-9.84478979493356,True,True
2017-07-06,-11.509693956325066,-9.84478979493356,-11.917103621957141,-11.443210487777176,-12.059764548919778,-12.85099707122119,-10.273171123893695,True,True
2017-07-07,-12.85099707122119,-10.273171123893695,-12.33351374182497,-11.447524571856635,-11.582344484883993,-13.364901254223003,-9.920278502502676,True,True
2017-07-10,-13.364901254223003,-9.920278502502676,-12.43991540312572,-11.461803943135397,-11.997610460547714,-12.62448341884759,-9.88375272562211,True,True
2017-07-11,-12.62448341884759,-9.88375272562211,-12.41383839086942,-11.46787487007458,-11.99931471592971,-12.353508888404077,-10.276931828219618,True,True
2017-07-12,-12.353508888404077,-10.276931828219618,-12.341654464129013,-11.467952703735229,-12.160468331969811,-12.815598856725394,-9.96561887451074,True,True
2017-07-13,-12.815598856725394,-9.96561887451074,-12.749706119522449,-11.466344837945266,-12.553660054927363,-12.80045815139734,-10.747176253920633,True,True
2017-07-14,-12.80045815139734,-10.747176253920633,-12.740380881369395,-11.490577577204787,-11.898390028790859,-12.984297224748602,-9.707342667575002,True,True
2017-07-17,-12.984297224748602,-9.707342667575002,-12.691965079659946,-11.493240884508076,-12.325019486982303,-13.260301395674555,-10.845192439790129,True,True
2017-07-18,-13.260301395674555,-10.845192439790129,-12.798068885393253,-11.503697367580402,-12.447937853306628,-12.685219913856564,-10.75633802931564,True,True
2017-07-19,-12.685219913856564,-10.75633802931564,-12.89025893083576,-11.500977737516399,-12.810293688486821,-12.641217525258512,-10.853320760202685,True,True
2017-07-20,-12.641217525258512,-10.853320760202685,-12.850023860312959,-11.49680876871126,-12.44056860259212,-12.75080193830319,-10.164780617316657,True,True
2017-07-21,-12.75080193830319,-10.164780617316657,-12.839381352134435,-11.500123485709572,-12.823880687468524,-13.005038276141912,-11.01029701588484,True,True
2017-07-24,-13.005038276141912,-11.01029701588484,-12.84293931076203,-11.538346372403293,-12.481748905893012,-12.12073451124467,-10.633375154697992,True,True
2017-07-25,-12.12073451124467,-10.633375154697992,-12.596050252077902,-12.41541581741804,-12.666546650305555,-11.829646370079232,-10.47576870217871,True,True
2017-07-26,-11.829646370079232,-10.47576870217871,-12.37493707169871,-12.381410821203096,-12.314283644033871,-12.41261815277993,-10.002813017513901,True,True
2017-07-27,-12.41261815277993,-10.002813017513901,-12.33633273882129,-12.392774211688794,-11.875597280250627,-12.80059028566554,-10.08630417228116,True,True
2017-07-28,-12.80059028566554,-10.08630417228116,-12.3427712704451,-12.538234287676435,-12.531380581513654,-12.459710776384236,-10.276575638909247,True,True
2017-07-31,-12.459710776384236,-10.276575638909247,-12.27064447831514,-12.536992752492022,-12.061207133503599,-13.076952520367927,-10.97926330100821,True,True
2017-08-01,-13.076952520367927,-10.97926330100821,-12.42501461606307,-12.546431596204739,-12.56020011420448,-12.129263514346768,-10.25611205902433,True,True
2017-08-02,-12.129263514346768,-10.25611205902433,-12.523634158134868,-12.510475872200725,-12.534817542747003,-12.480564124010497,-9.872025447782848,True,True
2017-08-03,-12.480564124010497,-9.872025447782848,-12.538423337442598,-12.598763219013998,-12.425076811046194,-12.243468100383012,-10.402447442461447,True,True
2017-08-04,-12.243468100383012,-10.402447442461447,-12.429805073088627,-12.566802516754189,-13.280585335373772,-13.653882936127113,-9.889312078671718,True,True
2017-08-07,-13.653882936127113,-9.889312078671718,-12.575179654540886,-12.572467760479098,-13.06249677453482,-13.191850113228005,-11.08337331510271,True,True
2017-08-08,-13.191850113228005,-11.08337331510271,-12.588410352272696,-12.593233748955045,-12.970196185492654,-12.314102355013608,-10.179296502934566,True,True
2017-08-09,-12.314102355013608,-10.179296502934566,-12.643310806184688,-12.5906829248193,-11.917490700079204,-11.787290185166409,-9.95983592830959,True,True
2017-08-10,-11.787290185166409,-9.95983592830959,-12.431910027387364,-12.521412441405833,-12.074797512171605,-12.637093308881603,-10.301941258907592,True,True
2017-08-11,-12.637093308881603,-10.301941258907592,-12.51374260739105,-12.514722165013724,-11.739674466140976,-12.554808222895383,-9.777584197057372,True,True
2017-08-14,-12.554808222895383,-9.777584197057372,-12.393297871483647,-12.498089318627216,-12.131691866822395,-12.080689887984995,-10.372472805574688,True,True
2017-08-15,-12.080689887984995,-10.372472805574688,-12.224905275466746,-12.446855681463838,-11.316118927724157,-12.581592926492233,-10.146898494196627,True,True
2017-08-16,-12.581592926492233,-10.146898494196627,-12.26878907521842,-12.442563413408726,-12.73620360334394,-12.969900563153377,-10.331668534451781,True,True
2017-08-17,-12.969900563153377,-10.331668534451781,-12.523027312822423,-12.454112801052004,-11.67439923108097,-12.327211392673165,-9.689467642705505,True,True
2017-08-18,-12.327211392673165,-9.689467642705505,-12.460220806593979,-12.434700934027822,-12.1977619061959,-11.13229631496898,-9.658325145606552,True,True
2017-08-21,-11.13229631496898,-9.658325145606552,-12.007432548362134,-12.29004681052691,-12.273969712828553,-12.752807657076778,-10.478602887177502,True,True
2017-08-22,-12.752807657076778,-10.478602887177502,-12.102799913690848,-12.318186381821006,-12.103266915786307,-12.783141246672946,-10.228521257537093,True,True
2017-08-23,-12.783141246672946,-10.228521257537093,-12.125676930433432,-12.36957290894872,-12.038160575344785,-13.291306152325292,-10.805130622775497,True,True
2017-08-24,-13.291306152325292,-10.805130622775497,-12.149593572156713,-12.397974396981382,-12.597822275231357,-12.715158352892763,-10.701574714515447,True,True
2017-08-25,-12.715158352892763,-10.701574714515447,-12.204942047860973,-12.394997435938862,-12.87797611909801,-12.793254624417932,-9.024019576192224,True,True
2017-08-28,-12.793254624417932,-9.024019576192224,-12.846574994614572,-12.408378910601199,-12.70919932923351,-13.07306943625498,-9.798212515955086,True,True
2017-08-29,-13.07306943625498,-9.798212515955086,-12.90865901752194,-12.40827922996498,-12.29253107237539,-10.976035783468443,-9.585717042308133,True,True
2017-08-30,-10.976035783468443,-9.585717042308133,-12.140973037403475,-12.274349204266128,-12.281876761048704,-12.245486690678234,-10.246451732210934,True,True
2017-08-31,-12.245486690678234,-10.246451732210934,-12.030464183291,-12.26362566320765,-11.735688898904327,-12.097187050102697,-10.025484840240484,True,True
2017-09-01,-12.097187050102697,-10.025484840240484,-11.947740152051898,-12.25562133688883,-12.666989098237693,-13.021227098131314,-9.318403899816456,True,True
2017-09-04,-13.021227098131314,-9.318403899816456,-11.965399539530914,-12.244779022092782,-11.7016363041044,-12.09735146325019,,True,True
2017-09-05,-12.09735146325019,-9.318403899816456,-11.861750522045936,-12.206954768136635,-11.823337680468104,-11.985090597579973,-9.995966343102507,True,True
2017-09-06,-11.985090597579973,-9.995966343102507,-12.230137734375285,-12.189605701082275,-12.28219380276811,-11.961545213008115,-10.131706376097263,True,True
2017-09-07,-11.961545213008115,-10.131706376097263,-12.167472135666202,-12.201633836843854,-12.668180445997622,-12.400832507800589,-10.06912211931168,True,True
2017-09-08,-12.400832507800589,-10.06912211931168,-12.225301655565865,-12.19304979768636,-11.423541407303354,-12.170920034700982,-10.050518961762915,True,True
2017-09-11,-12.170920034700982,-10.050518961762915,-12.111129761890108,-12.176884864565736,-12.337703486981491,-12.288746728228604,-10.354921756605995,True,True
2017-09-12,-12.288746728228604,-10.354921756605995,-12.147090797296487,-12.18727899390982,-12.054568785763827,-11.922270452925034,-10.354420432536505,True,True
2017-09-13,-11.922270452925034,-10.354420432536505,-12.131958416799076,-12.156298885665782,-12.5593182826948,-12.557037199761623,-10.348432197803941,True,True
2017-09-14,-12.557037199761623,-10.348432197803941,-12.24447255733598,-12.145034240234066,-12.119674348226532,-12.00821856780763,-9.716741125377197,True,True
2017-09-15,-12.00821856780763,-9.716741125377197,-12.165431336983662,-12.129497409457157,-12.179829249146321,-11.386908113550605,-10.156611036448432,True,True
2017-09-18,-11.386908113550605,-10.156611036448432,-11.952948124378244,-12.160436871834168,-12.270671456737533,-12.379890496088706,-10.517163182339392,True,True
2017-09-19,-12.379890496088706,-10.517163182339392,-11.965479492819401,-12.148017179287157,-12.077839894954412,-12.25326146408532,-10.531057889017132,True,True
2017-09-20,-12.25326146408532,-10.531057889017132,-12.026128215749296,-12.129674692518293,-12.602643101041235,-12.59113302764767,-9.268407930741294,True,True
2017-09-21,-12.59113302764767,-9.268407930741294,-12.030078561780536,-12.113929868569649,-11.353799491970406,-11.720539859654584,-9.946927152010467,True,True
2017-09-22,-11.720539859654584,-9.946927152010467,-11.964160560088125,-12.068294273643478,-11.670429988380942,-12.087724065283421,-10.548506525918253,True,True
2017-09-25,-12.087724065283421,-10.548506525918253,-12.161970829497083,-12.043776604270162,-12.079156682465154,-12.015781191065244,-9.784584463012752,True,True
2017-09-26,-12.015781191065244,-9.784584463012752,-12.093709443952168,-12.010770766701123,-11.954995368193254,-11.536650386804087,-9.683418327869148,True,True
2017-09-27,-11.536650386804087,-9.683418327869148,-11.929381163212607,-12.07305901660421,-11.839537965950395,-11.78378730406457,-10.048199568935418,True,True
2017-09-28,-11.78378730406457,-10.048199568935418,-11.808796788278714,-12.048667162335377,-11.897378678914427,-11.452190626029063,-10.316033371641604,True,True
2017-09-29,-11.452190626029063,-10.316033371641604,-11.74372007736961,-12.006418751948702,-12.487418136252833,-12.26410618966969,-10.189550458023916,True,True
2017-10-02,-12.26410618966969,-10.189550458023916,-11.76691400092186,-11.986108172227349,-12.035893761698574,-12.147949553463542,-10.304360181008885,True,True
2017-10-03,-12.147949553463542,-10.304360181008885,-11.786408778232708,-11.988317858470644,-11.624072629847962,-12.286395809659941,-10.513615837174779,True,True
2017-10-04,-12.286395809659941,-10.513615837174779,-11.931937959518923,-12.001453200357128,-12.745786401127702,-12.548864639537161,-10.348553852904592,True,True
2017-10-05,-12.548864639537161,-10.348553852904592,-12.064347088483592,-12.024837995566141,-13.267514792724441,-12.38258331148839,-10.56318557632347,True,True
2017-10-06,-12.38258331148839,-10.56318557632347,-12.31717014364518,-12.02420594337837,-12.807295482990375,-12.651811850642178,-9.907920398385846,True,True
2017-10-09,-12.651811850642178,-9.907920398385846,-12.38735715268901,-12.040826931555296,-11.178609175409763,-11.822739964760554,-10.237965597178105,True,True
2017-10-10,-11.822739964760554,-10.237965597178105,-12.294180503714234,-12.0179275018616,-11.673494354701264,-12.207954642766119,-10.47525332915139,True,True
2017-10-11,-12.207954642766119,-10.47525332915139,-12.277866813091492,-12.03169407439694,-12.175127872175501,-12.83711885462777,-10.414550166795435,True,True
2017-10-12,-12.83711885462777,-10.414550166795435,-12.316811755725068,-12.038943002947482,-12.550412456808475,-12.972743751831702,-10.845317315587526,True,True
2017-10-13,-12.972743751831702,-10.845317315587526,-12.40398021536847,-12.071370349292684,-12.89980367757926,-12.416519961224886,-9.704999105749716,True,True
2017-10-16,-12.416519961224886,-9.704999105749716,-12.363405187075385,-12.13722124682288,-12.534915942001643,-12.678520702032957,-10.181932156573257,True,True
2017-10-17,-12.678520702032957,-10.181932156573257,-12.583414702216354,-12.147399846767298,-12.151297039858795,-12.264845676013426,-10.346226674266422,True,True
2017-10-18,-12.264845676013426,-10.346226674266422,-12.599646205476237,-12.147918003138145,-11.930943104540768,-12.322481597508338,-10.532568332328514,True,True
2017-10-19,-12.322481597508338,-10.532568332328514,-12.498757962192661,-12.138073901127834,-11.932034981654333,-11.24480985459129,-9.978292612882345,True,True
2017-10-20,-11.24480985459129,-9.978292612882345,-12.043660587804217,-12.09286739208073,-11.795741584431022,-11.523333429189359,-10.098258333259993,True,True
2017-10-23,-11.523333429189359,-10.098258333259993,-11.862370238309957,-12.055461469425705,-12.170126643518833,-12.74710837778574,-10.408445703194921,True,True
2017-10-24,-12.74710837778574,-10.408445703194921,-11.868249108797734,-12.082818655969044,-12.336862641629937,-11.990797030083808,-10.560497536794944,True,True
2017-10-25,-11.990797030083808,-10.560497536794944,-11.826712197838786,-12.11483762741578,-12.359052765099666,-12.277301338067085,-10.155641088870224,True,True
2017-10-26,-12.277301338067085,-10.155641088870224,-11.82109788247507,-12.142331284174713,-12.29403501244547,-12.331533149454595,-10.274923717720684,True,True
2017-10-27,-12.331533149454595,-10.274923717720684,-12.090072498502648,-12.20241980463341,-12.222251761629945,-12.325965717727131,-9.96334299833463,True,True
2017-10-30,-12.325965717727131,-9.96334299833463,-12.306400636272087,-12.205243619406396,-12.640112729334048,-12.735933022910732,-10.56874551551597,True,True
2017-10-31,-12.735933022910732,-10.56874551551597,-12.304955165155445,-12.229063465158061,-13.003359519490171,-12.520690524864548,-10.73317140673254,True,True
2017-11-01,-12.520690524864548,-10.73317140673254,-12.424450139523742,-12.238974068496479,-12.24634096385542,-11.051190104723812,-9.716560944548064,True,True
2017-11-02,-11.051190104723812,-9.716560944548064,-11.981088955471998,-12.119136355777231,-11.892935305197911,-12.707403497194326,-10.03673471952413,True,True
2017-11-03,-12.707403497194326,-10.03673471952413,-12.026230017634386,-12.129849016587604,-12.80107866795307,-12.875693566131385,-10.10123059180045,True,True
2017-11-06,-12.875693566131385,-10.10123059180045,-12.090954105620972,-12.135817855454235,-12.069014078808513,-12.653500213288263,-10.610025806814344,True,True
2017-11-07,-12.653500213288263,-10.610025806814344,-12.08197792227404,-12.17516843410872,-12.684293770338359,-12.302209070933825,-10.330702434041688,True,True
2017-11-08,-12.302209070933825,-10.330702434041688,-12.050970222150882,-12.17953031077461,-12.931562196654744,-12.5754379990922,-10.482567390121268,True,True
2017-11-09,-12.5754379990922,-10.482567390121268,-12.60463859738721,-12.171811694960759,-12.515116352506693,-12.483513731323173,-10.225048511248279,True,True
2017-11-10,-12.483513731323173,-10.225048511248279,-12.560348685230963,-12.157746608391477,-12.842697401467312,-12.64507130536156,-10.17384961327113,True,True
2017-11-13,-12.64507130536156,-10.17384961327113,-12.523201298947555,-12.165664392710964,-13.161005445852917,-13.068971127812219,-11.342950146222712,True,True
2017-11-14,-13.068971127812219,-11.342950146222712,-12.584744293804048,-12.175389294806081,-13.055801958103594,-11.51874722817914,-9.887896672363894,True,True
2017-11-15,-11.51874722817914,-9.887896672363894,-12.310566354660056,-12.125938483386786,-12.5415609908677,-12.170236578707039,-10.150572889237877,True,True
2017-11-16,-12.170236578707039,-10.150572889237877,-12.236693639980372,-12.119206055769295,-13.027147472801241,-12.170986322361058,-10.638467272123416,True,True
2017-11-17,-12.170986322361058,-10.638467272123416,-12.18095001740018,-12.194354789545898,-12.424449531976348,-12.729667011621412,-10.460262901699236,True,True
2017-11-20,-12.729667011621412,-10.460262901699236,-12.191201743684493,-12.265354022126841,-12.427943689550762,-12.710440299996254,-10.213691616275408,True,True
2017-11-21,-12.710440299996254,-10.213691616275408,-12.155976646888906,-12.264201176302771,-13.303095987193968,-12.654118573015953,-10.632056725395966,True,True
2017-11-22,-12.654118573015953,-10.632056725395966,-12.45265240443839,-12.296585873261689,-12.627557912361599,-12.009844455870764,-10.421215458036494,True,True
2017-11-23,-12.009844455870764,-10.421215458036494,-12.407536957122273,-12.281076368174357,-12.980714908809253,-12.32390230511,,True,True
2017-11-24,-12.32390230511,-10.421215458036494,-12.44412627589595,-12.280712278380925,-12.45546801830097,-12.248844539815483,,True,True
2017-11-27,-12.248844539815483,,-12.355374700720988,-12.276888312719345,-12.437903227475614,-12.462510874445854,-10.52488564654169,False,False
2017-11-28,-12.462510874445854,-10.52488564654169,-12.316677994549723,-12.267002338457697,-12.326810337758003,-13.048436539853785,-10.213306258254914,True,True
2017-11-29,-13.048436539853785,-10.213306258254914,-12.364300581667615,-12.283039482518344,-12.831426101291754,-12.72236011117186,-10.23412784553327,True,True
2017-11-30,-12.72236011117186,-10.23412784553327,-12.521275786404154,-12.432879624310276,-13.00517052416572,-12.571432708248736,-10.266901879609609,True,True
2017-12-01,-12.571432708248736,-10.266901879609609,-12.576179540713925,-12.4273607228993,-12.783940464336327,-12.594173059794834,-9.438501686358276,True,True
2017-12-04,-12.594173059794834,-9.438501686358276,-12.660670185506394,-12.417030941157307,-12.824203505266308,-12.534548726496938,-10.610927312031055,True,True
2017-12-05,-12.534548726496938,-10.610927312031055,-12.677762766538475,-12.412057600771957,-12.934277074072144,-13.387797139565532,-10.146312839239265,True,True
2017-12-06,-13.387797139565532,-10.146312839239265,-12.718301840787902,-12.449717697911293,-12.44841444109426,-13.349250266177014,-10.54642082152058,True,True
2017-12-07,-13.349250266177014,-10.54642082152058,-12.815663992452105,-12.47375948549335,-12.642046138020438,-12.644761678204471,-10.34183907781994,True,True
2017-12-08,-12.644761678204471,-10.34183907781994,-12.833881877256147,-12.481160477752614,-13.195726947174029,-12.840408058038703,-10.239156645734031,True,True
2017-12-11,-12.840408058038703,-10.239156645734031,-12.890956900020898,-12.488719789520717,-12.879511896981471,-12.912359432709868,-10.890891113707365,True,True
2017-12-12,-12.912359432709868,-10.890891113707365,-12.985128139227342,-12.483985907533855,-13.637792126036887,-13.170754598441274,-10.503020232943392,True,True
2017-12-13,-13.170754598441274,-10.503020232943392,-12.953232177660201,-12.596159287924245,-12.775502923504058,-13.15102424894701,-9.635696515149268,True,True
2017-12-14,-13.15102424894701,-9.635696515149268,-12.924150008025567,-12.6451842437602,-11.705713178065833,-12.576200640829166,-10.267799766133837,True,True
2017-12-15,-12.576200640829166,-10.267799766133837,-12.905555992573209,-12.67231427333593,-13.085873342318205,-13.114859418956382,-10.551828750806242,True,True
2017-12-18,-13.114859418956382,-10.551828750806242,-12.958148621565412,-12.687522412810896,-12.720677914708228,-13.306091926042045,-10.898550369554147,True,True
2017-12-19,-13.306091926042045,-10.898550369554147,-13.028724485883044,-12.709697892427345,-13.486906577007634,-13.405652125743353,-10.958441154249513,True,True
2017-12-20,-13.405652125743353,-10.958441154249513,-13.065726581745842,-12.738023008850694,-12.937800351634978,-13.120716682446055,-11.051760957462244,True,True
2017-12-21,-13.120716682446055,-11.051760957462244,-13.060091368739501,-12.81001766385508,-12.771065898641398,-13.398482617298665,-10.917963417795571,True,True
2017-12-22,-13.398482617298665,-10.917963417795571,-13.260851813755547,-12.865044693698326,-13.395548438418821,-13.629664012374866,-11.29606618223552,True,True
2017-12-25,-13.629664012374866,-11.29606618223552,-13.35860403802319,-12.936882681699105,,,,False,False
2017-12-26,-13.629664012374866,-11.29606618223552,-13.35860403802319,-12.936882681699105,-12.028796916768794,-13.492330203041549,-11.119654337709376,True,True
2017-12-27,-13.492330203041549,-11.119654337709376,-13.395078359106556,-12.989924291012665,-13.382111856499574,-13.176852084665885,-11.086880576956172,True,True
2017-12-28,-13.176852084665885,-11.086880576956172,-13.34545301002884,-12.995623654472352,-13.032821493298838,-13.383965515016644,-10.864119707323583,True,True
2017-12-29,-13.383965515016644,-10.864119707323583,-13.405154795776285,-13.027943669483697,-13.50415364975602,-13.373246396270313,-10.612155626286272,True,True
2018-01-01,-13.373246396270313,-10.612155626286272,-13.400022300895927,-13.07244694888557,,,,False,False
2018-01-02,-13.373246396270313,-10.612155626286272,-13.400022300895927,-13.07244694888557,-12.23811101695442,-12.17343309118358,-10.684180258859868,True,True
2018-01-03,-12.17343309118358,-10.684180258859868,-12.97937148264488,-13.03111829057852,-11.226627748534145,-12.867431203404767,-9.76244872662023,True,True
2018-01-04,-12.867431203404767,-9.76244872662023,-12.880481434926317,-13.05465458043663,-11.821503982711972,-12.368350847080407,-9.984681673200372,True,True
2018-01-05,-12.368350847080407,-9.984681673200372,-12.710682757760342,-12.993103714191964,-12.202112181233247,-12.88963674147866,-9.972871320810327,True,True
2018-01-08,-12.88963674147866,-9.972871320810327,-12.647498993048,-12.972877686684832,-12.25450327665658,-12.035738933361833,-10.615020390849546,True,True
2018-01-09,-12.035738933361833,-10.615020390849546,-12.406954000584427,-12.91629335110804,-12.68114073091321,-12.110635570652821,-10.467940089227467,True,True
2018-01-10,-12.110635570652821,-10.467940089227467,-12.390714752327396,-12.859944709039949,-11.914313249066758,-10.147819782715514,-9.552061959891615,True,True
2018-01-11,-10.147819782715514,-9.552061959891615,-11.375502510495457,-12.326018656597999,-12.158621487897161,-12.744065414394804,-10.539458873776164,True,True
2018-01-12,-12.744065414394804,-10.539458873776164,-11.398985576641786,-12.31465048757707,-12.016640073431622,-11.847616540196121,-10.155205302529643,True,True
2018-01-15,-11.847616540196121,-10.155205302529643,-11.31956908277416,-12.258176741368251,-11.909888506471924,-12.594414268268523,,True,True
2018-01-16,-12.594414268268523,-10.155205302529643,-11.362298297631545,-12.258833557802225,-12.433742422429962,-10.95138570230193,-10.127380406056746,True,True
2018-01-17,-10.95138570230193,-10.127380406056746,-11.174153577584208,-12.10732006883147,-11.242314341255051,-12.166620640868093,-9.846396374555097,True,True
2018-01-18,-12.166620640868093,-9.846396374555097,-11.835861874562609,-12.075779779005229,-11.39715165435848,-12.034417952553346,-10.045574157469868,True,True
2018-01-19,-12.034417952553346,-10.045574157469868,-11.755819327323223,-12.037630884344065,-11.662925948933905,-12.258650797103844,-10.500054356551207,True,True
2018-01-22,-12.258650797103844,-10.500054356551207,-11.81928629817914,-12.014737377053368,-12.052328429396924,-12.622543699342632,-10.78515605000664,True,True
2018-01-23,-12.622543699342632,-10.78515605000664,-11.82184499440973,-12.000149005641124,-12.37557224478576,-13.082314187365167,-10.569318243034413,True,True
2018-01-24,-13.082314187365167,-10.569318243034413,-12.368120410997197,-11.993032566996705,-12.32542124923842,-11.544686221390954,-10.06203893515029,True,True
2018-01-25,-11.544686221390954,-10.06203893515029,-12.176661624010297,-11.928067545486302,-11.904193928451459,-11.966984614203792,-9.162829460308096,True,True
2018-01-26,-11.966984614203792,-9.162829460308096,-12.16070518271644,-11.89487567957062,-11.648856007616448,-11.51183089268966,-9.8004933571188,True,True
2018-01-29,-11.51183089268966,-9.8004933571188,-11.977269665756381,-11.834666869163335,-11.545458162518049,-12.222243087346042,-10.056653114682698,True,True
2018-01-30,-12.222243087346042,-10.056653114682698,-11.926917568722416,-11.811731210691327,-11.444202068474443,-11.154515478994307,-9.768885098168269,True,True
2018-01-31,-11.154515478994307,-9.768885098168269,-11.612102764936461,-11.751910541523664,-11.52545743360824,-12.865568422160152,-9.684766701728979,True,True
2018-02-01,-12.865568422160152,-9.684766701728979,-11.7827078028457,-11.75187998771751,-11.688219699917191,-12.389462728643279,-10.04530600088905,True,True
2018-02-02,-12.389462728643279,-10.04530600088905,-11.841733780563832,-11.752444032006313,-11.836532005686061,-12.200084009962168,-9.290847128099532,True,True
2018-02-05,-12.200084009962168,-9.290847128099532,-11.990699041693532,-11.736648607289657,-11.706000115949204,-11.840111029592727,-9.776473242444087,True,True
2018-02-06,-11.840111029592727,-9.776473242444087,-11.919456195493876,-11.728669650199882,-10.682830996704702,-12.089308438202574,-9.35019375288156,True,True
2018-02-07,-12.089308438202574,-9.35019375288156,-12.221934526707996,-11.727934296219239,-11.914853142295316,-12.315905723664827,-9.78590676167394,True,True
2018-02-08,-12.315905723664827,-9.78590676167394,-12.147768275185795,-11.970009607864938,-11.278741979493612,-11.921696325952816,-9.676070550551916,True,True
2018-02-09,-11.921696325952816,-9.676070550551916,-12.058225645417718,-11.941015993803395,-11.704956682343601,-11.802952449476955,-9.690001226650105,True,True
2018-02-12,-11.802952449476955,-9.690001226650105,-11.977001469775692,-11.938511717520486,-10.961456863067104,-12.26126381968657,-9.900087717177932,True,True
2018-02-13,-12.26126381968657,-9.900087717177932,-12.059108527555397,-11.928304989000608,-12.011981477431238,-12.364116284699843,-10.383625909008167,True,True
2018-02-14,-12.364116284699843,-10.383625909008167,-12.106857351869019,-12.034194571816366,-11.964700304465389,-12.625979977470976,-8.796105053522158,True,True
2018-02-15,-12.625979977470976,-8.796105053522158,-12.151083800383635,-12.050457561461357,-12.07823979773055,-11.796222723444368,-9.988086312984215,True,True
2018-02-16,-11.796222723444368,-9.988086312984215,-12.118006299454503,-12.036884806820668,-12.107356505257918,-11.84578370351188,-10.090143197804512,True,True
2018-02-19,-11.84578370351188,-10.090143197804512,-12.129563606785803,-12.016617629038864,-12.00720032221735,-12.838698727754348,,True,True
2018-02-20,-12.838698727754348,-10.090143197804512,-12.209588715088989,-12.021934384546421,-11.924588983208498,-12.352441813090651,-9.789558540537069,True,True
2018-02-21,-12.352441813090651,-9.789558540537069,-12.207578429761826,-12.003493724840185,-11.818172898843393,-12.211849317351652,-9.514508779202432,True,True
2018-02-22,-12.211849317351652,-9.514508779202432,-12.14223267789202,-12.042768366856277,-11.578126566997371,-12.516062292612265,-10.218033308959813,True,True
2018-02-23,-12.516062292612265,-10.218033308959813,-12.298961939339463,-12.065821169209944,-12.37349460460582,-12.436823086953755,-10.897865103985291,True,True
2018-02-26,-12.436823086953755,-10.897865103985291,-12.45026981328643,-12.119756918942128,-11.123492770175119,-12.584268454031294,-10.286115914363043,True,True
2018-02-27,-12.584268454031294,-10.286115914363043,-12.411728209790098,-12.133559164811714,-11.932682021243021,-12.792633611990457,-9.64729251749672,True,True
2018-02-28,-12.792633611990457,-9.64729251749672,-12.490303251190625,-12.246984305284636,-11.859586395737677,-12.368230675327672,-10.440125205526591,True,True
2018-03-01,-12.368230675327672,-10.440125205526591,-12.529303915550683,-12.229777738430368,-12.432382739522907,-12.871553200521983,-9.208463151926797,True,True
2018-03-02,-12.871553200521983,-9.208463151926797,-12.591851573655676,-12.246214850527473,-12.1035853051424,-11.496484643253796,-10.081538077685998,True,True
2018-03-05,-11.496484643253796,-10.081538077685998,-12.281050543376484,-12.1941340339878,-12.172650201606524,-12.915686563965846,-10.690017357848392,True,True
2018-03-06,-12.915686563965846,-10.690017357848392,-12.323605237374887,-12.242210970492728,-12.962303388850362,-12.282843367733745,-10.34211649405763,True,True
2018-03-07,-12.282843367733745,-10.34211649405763,-12.243686683807962,-12.252515347312768,-11.606581768503906,-12.182851174680499,-10.119725343297437,True,True
2018-03-08,-12.182851174680499,-10.119725343297437,-12.208353387846332,-12.245858997036466,-12.351488174261075,-12.655068469237202,-10.477424422379855,True,True
2018-03-09,-12.655068469237202,-10.477424422379855,-12.183753266946358,-12.28245540851576,-12.340495578818436,-13.061726361631255,-10.03663470470948,True,True
2018-03-12,-13.061726361631255,-10.03663470470948,-12.561404653638863,-12.342021301101422,-12.83208691591442,-12.131847067412322,-10.590798231092169,True,True
2018-03-13,-12.131847067412322,-10.590798231092169,-12.406985362926186,-12.334559952393766,-12.80280246547384,-12.879920130412085,-9.76868593712166,True,True
2018-03-14,-12.879920130412085,-9.76868593712166,-12.514349195523804,-12.354315984471471,-12.149838169892764,-12.334675406315032,-10.358612640848822,True,True
2018-03-15,-12.334675406315032,-10.358612640848822,-12.554385354646309,-12.341512083834786,-12.851131997084789,-12.749997054624675,-10.68754214981778,True,True
2018-03-16,-12.749997054624675,-10.68754214981778,-12.570898557673136,-12.39599208333891,-12.274981493272122,-12.265694714501402,-10.453678880532348,True,True
2018-03-19,-12.265694714501402,-10.453678880532348,-12.43204448807929,-12.426165102125413,-12.191029704173042,-12.573620313105216,-10.495134508120564,True,True
2018-03-20,-12.573620313105216,-10.495134508120564,-12.533443077239836,-12.416168725360961,-12.928479570591755,-12.118316973899239,-10.393947635194698,True,True
2018-03-21,-12.118316973899239,-10.393947635194698,-12.383750318034435,-12.402208583853735,-12.530933131007448,-12.586682669767638,-9.70375323385118,True,True
2018-03-22,-12.586682669767638,-9.70375323385118,-12.431673626555279,-12.421296740591231,-12.165579408194601,-12.148404107986186,-10.037308470339449,True,True
2018-03-23,-12.148404107986186,-10.037308470339449,-12.318327907428118,-12.401289574300751,-11.424649335694411,-12.41501760713014,-9.605231279032456,True,True
2018-03-26,-12.41501760713014,-9.605231279032456,-12.348005004153457,-12.400226370904567,-12.350531856867194,-12.642281880087426,-10.631310028222812,True,True
2018-03-27,-12.642281880087426,-10.631310028222812,-12.358652460637787,-12.402573532994072,-11.923565222950277,-11.917416146395167,-10.111687214367844,True,True
2018-03-28,-11.917416146395167,-10.111687214367844,-12.30360527810216,-12.356290582902666,-12.089534243642929,-12.147426928377271,-10.07821766238799,True,True
2018-03-29,-12.147426928377271,-10.07821766238799,-12.223764460182887,-12.344157187952439,-12.40817818511384,-12.61387464335205,-10.488723113965284,True,True
2018-03-30,-12.61387464335205,-10.488723113965284,-12.307426621617129,-12.335521804103918,,,,False,False
2018-04-02,-12.61387464335205,-10.488723113965284,-12.307426621617129,-12.335521804103918,-12.501330843944128,-13.164056569371072,-10.442267326757914,True,True
2018-04-03,-13.164056569371072,-10.442267326757914,-12.406894366666641,-12.434097008372026,-12.111643940958084,-12.298125488354737,-10.347115259261356,True,True
2018-04-04,-12.298125488354737,-10.347115259261356,-12.343987158568211,-12.408046845351695,-12.179681246595113,-10.988357569650582,-9.597636129975646,True,True
2018-04-05,-10.988357569650582,-9.597636129975646,-11.959104805840822,-12.268178122189687,-12.14558808674879,-11.986891711975472,-10.022877734626768,True,True
2018-04-06,-11.986891711975472,-10.022877734626768,-11.93066356684449,-12.25645906353356,-11.747727806650733,-11.796323813138004,-9.04379151221632,True,True
2018-04-09,-11.796323813138004,-9.04379151221632,-11.810432234345123,-12.211818668786446,-12.639987999271494,-12.126764323919865,-10.439541760163152,True,True
2018-04-10,-12.126764323919865,-10.439541760163152,-11.720497386765391,-12.179287499705142,-12.18395574560909,-11.66538917996873,-10.214554740397562,True,True
2018-04-11,-11.66538917996873,-10.214554740397562,-11.626019010829877,-12.148602537400821,-12.730685824739794,-12.41484989045849,-9.308059123025131,True,True
2018-04-12,-12.41484989045849,-9.308059123025131,-11.965043592691321,-12.134454340741048,-11.801814078768754,-11.246973891392898,-9.734124046743004,True,True
2018-04-13,-11.246973891392898,-9.734124046743004,-11.770779870966864,-12.057009520271382,-12.279644415115737,-11.497529137474846,-10.159162915614433,True,True
2018-04-16,-11.497529137474846,-10.159162915614433,-11.705095098121173,-11.996399805503772,-11.489230345309554,-12.0858534815889,-10.321497501512935,True,True
2018-04-17,-12.0858534815889,-10.321497501512935,-11.699631649680244,-11.988902347415705,-12.226980023069714,-11.650302821368399,-10.251909974254163,True,True
2018-04-18,-11.650302821368399,-10.251909974254163,-11.696490536717716,-11.947486047853332,-12.380823870989945,-11.560304236403532,-10.11934766786684,True,True
2018-04-19,-11.560304236403532,-10.11934766786684,-11.572797204932744,-11.916478772895443,-12.085901906950802,-11.456509247159024,-9.870708013140376,True,True
2018-04-20,-11.456509247159024,-9.870708013140376,-11.626588630162116,-11.864245900718492,-12.058449304556246,-12.198471144930018,-10.21365922023486,True,True
2018-04-23,-12.198471144930018,-10.21365922023486,-11.748371249059357,-11.86608534383473,-12.320804248896518,-11.990285519169921,-10.38195243049427,True,True
2018-04-24,-11.990285519169921,-10.38195243049427,-11.734160929532923,-11.850919092159288,-11.64723951431423,-12.082606048269277,-10.167082662704725,True,True
2018-04-25,-12.082606048269277,-10.167082662704725,-11.813569989673033,-11.83406356473121,-12.258794666916023,-12.502761562096953,-10.537689971659603,True,True
2018-04-26,-12.502761562096953,-10.537689971659603,-11.984653457542638,-11.854656728259826,-12.756854542124884,-11.757346768893692,-10.383973427504774,True,True
2018-04-27,-11.757346768893692,-10.383973427504774,-12.076893228399573,-11.837012882284458,-12.624478733819865,-12.121883998232791,-10.652952773442488,True,True
2018-04-30,-12.121883998232791,-10.652952773442488,-12.062894814569727,-11.822505410167503,-12.773145574232363,-12.820794227749147,-10.186019929449495,True,True
2018-05-01,-12.820794227749147,-10.186019929449495,-12.192243081293535,-11.817166205631418,-12.75418971268931,-12.617849581692386,-10.451349220442617,True,True
2018-05-02,-12.617849581692386,-10.451349220442617,-12.28930470117675,-11.825660584929185,-12.19448263700287,-12.554116726602164,-9.917968226927172,True,True
2018-05-03,-12.554116726602164,-9.917968226927172,-12.297424946882234,-11.921481999671647,-12.313892301120141,-11.677116800164455,-10.234686846214947,True,True
2018-05-04,-11.677116800164455,-10.234686846214947,-12.269156310276077,-11.9046186426057,-12.887444062042915,-12.272678528230578,-10.10943344653533,True,True
2018-05-07,-12.272678528230578,-10.10943344653533,-12.302131145679963,-11.925959778955782,-12.015826433991682,-12.307886396587369,-10.56163413216918,True,True
2018-05-08,-12.307886396587369,-10.56163413216918,-12.225365424705151,-11.93275920143251,-12.108855842123374,-12.326348534159065,-9.749160695080718,True,True
2018-05-09,-12.326348534159065,-9.749160695080718,-12.18066527904854,-11.964863717907086,-11.961957242924525,-11.740004902885342,-10.22141924764677,True,True
2018-05-10,-11.740004902885342,-10.22141924764677,-12.02103617246381,-11.934600845568259,-12.031441558108027,-12.189473645275967,-10.155467602521174,True,True
2018-05-11,-12.189473645275967,-10.155467602521174,-12.141054888121516,-11.997219870933103,-12.266281249359695,-12.122840865822862,-10.824529542904399,True,True
2018-05-14,-12.122840865822862,-10.824529542904399,-12.113107085262936,-12.036286241243474,-12.724128684590221,-12.680365501612354,-11.03553832702144,True,True
2018-05-15,-12.680365501612354,-11.03553832702144,-12.165651323253641,-12.057841665373017,-12.827935622549608,-13.08660052119077,-9.953129467872381,True,True
2018-05-16,-13.08660052119077,-9.953129467872381,-12.260711497808817,-12.116830998366055,-12.503779116275137,-12.015634471698183,-10.396519079748419,True,True
2018-05-17,-12.015634471698183,-10.396519079748419,-12.345288789704718,-12.149256491811578,-12.124568834298062,-11.75845497531267,-10.31767069543261,True,True
2018-05-18,-11.75845497531267,-10.31767069543261,-12.226674894520066,-12.175653610000655,-12.629140822111795,-12.619504657768628,-10.635055561371809,True,True
2018-05-21,-12.619504657768628,-10.635055561371809,-12.317534970724614,-12.192590220124165,-12.397450762246729,-12.564349160123838,-10.541796329272696,True,True
2018-05-22,-12.564349160123838,-10.541796329272696,-12.300563498872494,-12.219689127904738,-12.717732787881967,-12.040551480432065,-10.601678180796359,True,True
2018-05-23,-12.040551480432065,-10.601678180796359,-12.14504825337082,-12.21722905864857,-11.86723915114402,-11.744431310768462,-9.952797007171913,True,True
2018-05-24,-11.744431310768462,-9.952797007171913,-12.076533079311005,-12.175470082564933,-12.518942627185599,-12.644953634063206,-10.616210649448723,True,True
2018-05-25,-12.644953634063206,-10.616210649448723,-12.25280837136336,-12.22118856913648,-12.631290810523394,-12.27623044882389,-10.821387760169946,True,True
2018-05-28,-12.27623044882389,-10.821387760169946,-12.19759507069913,-12.229117777735523,-12.472194224555967,-12.531542692017979,,True,True
2018-05-29,-12.531542692017979,-10.821387760169946,-12.192983469705581,-12.219879323223935,-11.941152307962035,-11.060746755966035,-9.493099195490592,True,True
2018-05-30,-11.060746755966035,-9.493099195490592,-11.865418629682003,-12.101408283447785,-11.813239117051365,-11.938046044495419,-10.376575150728108,True,True
2018-05-31,-11.938046044495419,-10.376575150728108,-11.905962194261642,-12.074690424184563,-12.67991193806781,-12.787083681867491,-10.23999700386792,True,True
2018-06-01,-12.787083681867491,-10.23999700386792,-11.91869842842466,-12.125864798528262,-12.249999337920686,-13.233895405368145,-10.327302102669021,True,True
2018-06-04,-13.233895405368145,-10.327302102669021,-12.00883735108578,-12.152888993186272,-12.398382513712045,-12.298088484420227,-10.844889201671105,True,True
2018-06-05,-12.298088484420227,-10.844889201671105,-11.97813167544589,-12.15246746480663,-12.620084795618048,-13.04665575702503,-10.624260925522723,True,True
2018-06-06,-13.04665575702503,-10.624260925522723,-12.543491567018838,-12.174276432766328,-13.018318022374743,-12.464581001011643,-10.9424744691167,True,True
2018-06-07,-12.464581001011643,-10.9424744691167,-12.7060012528455,-12.214879821203562,-12.681545387183556,-13.125638462693374,-10.534823898006117,True,True
2018-06-08,-13.125638462693374,-10.534823898006117,-12.760422052969483,-12.246551758344232,-12.629871135872051,-11.764777335624528,-10.793146405366663,True,True
2018-06-11,-11.764777335624528,-10.793146405366663,-12.412072982372274,-12.222481002337238,-12.698653914175331,-12.979475223212953,-11.119791994353815,True,True
2018-06-12,-12.979475223212953,-11.119791994353815,-12.529447219917428,-12.230691934789093,-12.174887929962244,-12.68969261379633,-10.594113924274838,True,True
2018-06-13,-12.68969261379633,-10.594113924274838,-12.479561987887951,-12.220394245668926,-13.344577972841188,-13.36555859652928,-10.395605003947695,True,True
2018-06-14,-13.36555859652928,-10.395605003947695,-12.608029810771745,-12.266912568672566,-12.736029178230451,-12.395853978577017,-10.316874673991505,True,True
2018-06-15,-12.395853978577017,-10.316874673991505,-12.487508961196399,-12.306885920911736,-12.177712551689076,-11.862863701026319,-9.582706210590771,True,True
2018-06-18,-11.862863701026319,-9.582706210590771,-12.5267633290583,-12.266347021135816,-12.590231101754052,-12.736439650356148,-10.951992893857934,True,True
2018-06-19,-12.736439650356148,-10.951992893857934,-12.492372464103028,-12.272232072856532,-12.32780471609765,-12.675217017228663,-10.37253997392974,True,True
2018-06-20,-12.675217017228663,-10.37253997392974,-12.48998135597336,-12.302299337609249,-12.052313434603464,-12.58762705645988,-10.643950558852676,True,True
2018-06-21,-12.58762705645988,-10.643950558852676,-12.396427494597457,-12.353338782319998,-12.244524573305604,-11.981981436417112,-10.532596163447796,True,True
2018-06-22,-11.981981436417112,-10.532596163447796,-12.298764009771206,-12.318809594798669,-12.288094010514143,-12.4060972147912,-10.807173406909266,True,True
2018-06-25,-12.4060972147912,-10.807173406909266,-12.437595893654148,-12.325184127174541,-11.937203779904022,-12.156197893181877,-10.55502715848231,True,True
2018-06-26,-12.156197893181877,-10.55502715848231,-12.327252810855757,-12.30682555566415,-12.188595749501376,-11.821193373149534,-10.552725508495143,True,True
2018-06-27,-11.821193373149534,-10.552725508495143,-12.15285963861676,-12.40396888690598,-11.365520831458177,-12.41573976287827,-10.219375164467483,True,True
2018-06-28,-12.41573976287827,-10.219375164467483,-12.128866035244405,-12.434695445355008,-12.081129367223426,-12.425207273873633,-10.432954787739755,True,True
2018-06-29,-12.425207273873633,-10.432954787739755,-12.215445498181111,-12.419485397289177,-11.792162026994957,-12.388026987836847,-10.702359664087794,True,True
2018-07-02,-12.388026987836847,-10.702359664087794,-12.212436161422568,-12.390457906219732,-12.38020436405099,-13.217144624723945,-10.732885419980873,True,True
2018-07-03,-13.217144624723945,-10.732885419980873,-12.361330293776726,-12.423977124866253,-11.798367177881802,-11.801541089871488,-10.25896806514442,True,True
2018-07-04,-11.801541089871488,-10.25896806514442,-12.354541059025259,-12.359737559413947,-11.442249958625183,-12.455818797781458,,True,True
2018-07-05,-12.455818797781458,-10.25896806514442,-12.361959367287104,-12.359341401397726,-12.418376287059713,-12.57060446455968,-10.713910578152282,True,True
2018-07-06,-12.57060446455968,-10.713910578152282,-12.387693154935095,-12.34224683378518,-12.075148417773077,-12.764197231595196,-11.06686344227045,True,True
2018-07-09,-12.764197231595196,-11.06686344227045,-12.452425807505232,-12.400180972202302,-12.4633402958102,-12.415575170798158,-10.89535961500614,True,True
2018-07-10,-12.415575170798158,-10.89535961500614,-12.34409651875541,-12.379181510777943,-12.21916320030213,-11.935405287292213,-10.344638206945596,True,True
2018-07-11,-11.935405287292213,-10.344638206945596,-12.388163481677106,-12.338735131388919,-11.477737197370676,-12.521735356738056,-10.396793547096136,True,True
2018-07-12,-12.521735356738056,-10.396793547096136,-12.400158732912836,-12.315281082605862,-12.172884700527135,-12.468718632148104,-10.681148801452444,True,True
2018-07-13,-12.468718632148104,-10.681148801452444,-12.382230670146685,-12.318528014114092,-12.402180875488334,-12.24653993267056,-10.579641606403603,True,True
2018-07-16,-12.24653993267056,-10.579641606403603,-12.293705317740127,-12.343978049697002,-11.991694768936838,-12.461431044488018,-10.779256648787833,True,True
2018-07-17,-12.461431044488018,-10.779256648787833,-12.301672542135933,-12.33334527718135,-12.436920225190605,-12.902141213408106,-10.264719546572692,True,True
2018-07-18,-12.902141213408106,-10.264719546572692,-12.498609062211552,-12.340583033778056,-12.188068610055687,-12.343903725100796,-10.613300822258946,True,True
2018-07-19,-12.343903725100796,-10.613300822258946,-12.461279582918138,-12.329861786805868,-12.287507959653416,-11.609042691437175,-9.553691715814093,True,True
2018-07-20,-11.609042691437175,-9.553691715814093,-12.221900906350264,-12.298360509842023,-10.561396993671657,-11.959140424835654,-9.75905675213135,True,True
2018-07-23,-11.959140424835654,-9.75905675213135,-12.158953685516439,-12.273375827244697,-11.542817371928995,-12.536245821163135,-10.34815529886395,True,True
2018-07-24,-12.536245821163135,-10.34815529886395,-12.169664744008855,-12.291309560717785,-11.886199193293479,-11.890632020452514,-10.486353308933566,True,True
2018-07-25,-11.890632020452514,-10.486353308933566,-12.014177774832245,-12.296691230560835,-11.878832707898175,-12.140480070231561,-10.392062493726485,True,True
2018-07-26,-12.140480070231561,-10.392062493726485,-11.982247495957386,-12.282723814433355,-11.820371134565876,-12.031527640737435,-10.393206525256524,True,True
2018-07-27,-12.031527640737435,-10.393206525256524,-12.087711871506057,-12.262021574512136,-12.119228724951986,-11.694971304590958,-10.407453076952374,True,True
2018-07-30,-11.694971304590958,-10.407453076952374,-12.02120688965104,-12.218892702793866,-12.197819049027167,-12.971941802733218,-10.921445556436058,True,True
2018-07-31,-12.971941802733218,-10.921445556436058,-12.064327446058291,-12.21378549839691,-11.954353321087591,-12.299358959849194,-9.996261264478324,True,True
2018-08-01,-12.299358959849194,-9.996261264478324,-12.147523686184192,-12.243843641670267,-12.182734132852813,-12.36754565122908,-10.56747978474669,True,True
2018-08-02,-12.36754565122908,-10.56747978474669,-12.189297656557507,-12.240117675550653,-12.09062743606003,-12.390284161271055,-10.546694159672557,True,True
2018-08-03,-12.390284161271055,-10.546694159672557,-12.262507996157268,-12.233043216732359,-12.311128865360887,-12.139977995027124,-10.546971710440259,True,True
2018-08-06,-12.139977995027124,-10.546971710440259,-12.397998699728312,-12.207882069368063,-12.152834021316897,-12.104639023151371,-10.66700178053357,True,True
2018-08-07,-12.104639023151371,-10.66700178053357,-12.253443896484592,-12.193175516977355,-12.200557200072701,-11.984764464090244,-10.695806695521764,True,True
2018-08-08,-11.984764464090244,-10.695806695521764,-12.185203620525579,-12.196296486381904,-12.198287779532187,-12.161114649604064,-10.334217502564073,True,True
2018-08-09,-12.161114649604064,-10.334217502564073,-12.147702619444903,-12.180738260085391,-12.172571205927849,-12.240325683585713,-10.594427859149427,True,True
2018-08-10,-12.240325683585713,-10.594427859149427,-12.122632076470772,-12.171165383874792,-11.995458662325463,-12.032312155300849,-10.13476289045201,True,True
2018-08-13,-12.032312155300849,-10.13476289045201,-12.100533902935176,-12.160148325761304,-11.956497706627845,-11.673489083559955,-9.865879558347475,True,True
2018-08-14,-11.673489083559955,-9.865879558347475,-11.998551836741512,-12.116753472184001,-11.756071480856896,-12.493111226186683,-10.683865143985594,True,True
2018-08-15,-12.493111226186683,-10.683865143985594,-12.082812811980034,-12.105298636903752,-11.61889816685338,-11.916745076207706,-9.79475929983239,True,True
2018-08-16,-11.916745076207706,-9.79475929983239,-12.032886571132424,-12.084527074633735,-9.604073982778468,-11.317798605116804,-9.144293101951268,True,True
2018-08-17,-11.317798605116804,-9.144293101951268,-11.812674706965439,-12.057694374312687,-11.017486273170183,-11.217192236216764,-9.844565743369062,True,True
2018-08-20,-11.217192236216764,-9.844565743369062,-11.628505510580831,-11.998767358971078,-11.977109012069848,-12.129007641037935,-10.290692128454783,True,True
2018-08-21,-12.129007641037935,-10.290692128454783,-11.701030399627353,-11.984190867231307,-12.112466764211707,-12.274468139105089,-10.340773169467731,True,True
2018-08-22,-12.274468139105089,-10.340773169467731,-11.679135209813742,-12.001846774263477,-12.189049685348516,-12.020564495793893,-10.261560366759669,True,True
2018-08-23,-12.020564495793893,-10.261560366759669,-11.694808705705475,-11.996316635505188,-11.907456781810497,-11.072629414874381,-9.957996667873521,True,True
2018-08-24,-11.072629414874381,-9.957996667873521,-11.616910220946568,-11.921526556336511,-11.611777122424353,-12.022095394220939,-9.898950572888648,True,True
2018-08-27,-12.022095394220939,-9.898950572888648,-11.79712616975423,-11.939178898705013,-11.675397784026979,-12.231012526596855,-10.501583297711568,True,True
2018-08-28,-12.231012526596855,-10.501583297711568,-11.81114121941242,-11.9198238793258,-12.273801355675378,-12.307465623071243,-10.195510210501453,True,True
2018-08-29,-12.307465623071243,-10.195510210501453,-11.815234140310263,-11.92010011704342,-11.979597476537291,-11.538051591304894,-10.35973354375506,True,True
2018-08-30,-11.538051591304894,-10.35973354375506,-11.719010020481148,-11.879629024676174,-12.067263250716909,-11.76272210024339,-10.06324687991124,True,True
2018-08-31,-11.76272210024339,-10.06324687991124,-11.930074503216074,-11.853770628193878,-11.59573022310592,-11.632535991479735,-9.916807603283951,True,True
2018-09-03,-11.632535991479735,-9.916807603283951,-11.84675333489449,-11.829248308755021,-11.252998558303366,-11.741978250679377,,True,True
2018-09-04,-11.741978250679377,-9.916807603283951,-11.764343109114636,-11.812788718109205,-12.0744731378361,-12.049767921300154,-10.107514069043427,True,True
2018-09-05,-12.049767921300154,-10.107514069043427,-11.730760683087011,-11.815441829403778,-12.210906844175033,-11.2049111364402,-10.331128777550619,True,True
2018-09-06,-11.2049111364402,-10.331128777550619,-11.63920927225564,-11.760306866904127,-12.157324293878306,-11.396704213562858,-9.98736346471793,True,True
2018-09-07,-11.396704213562858,-9.98736346471793,-11.563985407197206,-11.720138008769394,-11.805446749865121,-12.305189221892988,-9.809814649118644,True,True
2018-09-10,-12.305189221892988,-9.809814649118644,-11.659881149178576,-11.728915253119176,-11.712817244049747,-12.157853332120895,-10.470506914229496,True,True
2018-09-11,-12.157853332120895,-10.470506914229496,-11.724616098211865,-11.749413449251442,-12.42428415590886,-12.348429652575097,-10.121224548181727,True,True
2018-09-12,-12.348429652575097,-10.121224548181727,-11.76263386194201,-11.745720331800763,-12.13682517755132,-11.910229976535334,-9.984932756671164,True,True
2018-09-13,-11.910229976535334,-9.984932756671164,-11.957168276817555,-11.745444926899447,-12.246944727235466,-12.425993337348338,-10.078453291893739,True,True
2018-09-14,-12.425993337348338,-10.078453291893739,-12.212253595902137,-11.798176325085343,-12.648979710172938,-12.341428142256243,-10.280998125431024,True,True
2018-09-17,-12.341428142256243,-10.280998125431024,-12.218761043914128,-11.86042097659756,-12.422505311701117,-12.505877939760616,-10.70372031706289,True,True
2018-09-18,-12.505877939760616,-10.70372031706289,-12.283273287726113,-11.87249539604661,-12.13001893576207,-11.880048547685186,-10.322926807680636,True,True
2018-09-19,-11.880048547685186,-10.322926807680636,-12.177163046543592,-11.856450982712554,-12.734394851711967,-12.371494963034056,-10.246405469563975,True,True
2018-09-20,-12.371494963034056,-10.246405469563975,-12.278657372661188,-11.86908907640479,-12.516105576050238,-12.746373197148927,-10.499595816865499,True,True
2018-09-21,-12.746373197148927,-10.499595816865499,-12.327127807694847,-11.963496724767003,-12.085879208741192,-12.151388663365111,-9.677956731093609,True,True
2018-09-24,-12.151388663365111,-9.677956731093609,-12.286691369329281,-11.969232187572205,-12.590807043047787,-12.702751209750692,-10.60623463459166,True,True
2018-09-25,-12.702751209750692,-10.60623463459166,-12.315817663462434,-11.983811143567445,-12.583707000440612,-12.426679674845296,-10.840004687295504,True,True
2018-09-26,-12.426679674845296,-10.840004687295504,-12.45533022715039,-11.987884857568915,-13.039802642277108,-12.870058012472986,-9.65513340748255,True,True
2018-09-27,-12.870058012472986,-9.65513340748255,-12.544583317281237,-12.047325367084296,-12.431023795769532,-12.91213362916164,-10.168391502761969,True,True
2018-09-28,-12.91213362916164,-10.168391502761969,-12.5698679248982,-12.093793598734543,,-12.900924934446886,-10.448311182509494,False,False
2018-10-01,-12.900924934446886,-10.448311182509494,-12.74457484678324,-12.15247895427751,-12.674864150552661,-12.109894562789718,-10.356162635110882,True,True
2018-10-02,-12.109894562789718,-10.356162635110882,-12.588647170799753,-12.175955807991334,-12.378648462395688,-12.144285821258014,-10.023396271682369,True,True
2018-10-03,-12.144285821258014,-10.023396271682369,-12.514714435448928,-12.181084863525927,-12.166222452160403,-12.190572248508648,-10.154590122116515,True,True
2018-10-04,-12.190572248508648,-10.154590122116515,-12.386864668588464,-12.267935706476484,-12.377486711496433,-12.389928589776698,-10.293490164301438,True,True
2018-10-05,-12.389928589776698,-10.293490164301438,-12.308877397329491,-12.346151196954636,-12.710258781917926,-12.198291906573035,-10.006605595451404,True,True
2018-10-08,-12.198291906573035,-10.006605595451404,-12.202045054765442,-12.34029153518998,-11.381657289135681,-12.299233033829353,-9.970876266052871,True,True
2018-10-09,-12.299233033829353,-9.970876266052871,-12.240608021138545,-12.34823434226144,-12.521434149993834,-12.223262671965115,-10.628541570007725,True,True
2018-10-10,-12.223262671965115,-10.628541570007725,-12.257472862942885,-12.341590876877616,-12.739948690471664,-12.386448733748757,-10.341562128634568,True,True
2018-10-11,-12.386448733748757,-10.341562128634568,-12.296254032236083,-12.371185387292694,-11.977642132816825,-11.202228656696224,-9.23231041273681,True,True
2018-10-12,-11.202228656696224,-9.23231041273681,-11.94902673673798,-12.26358890115805,-11.70464457114228,-11.888151363628133,-9.879604924922244,True,True
2018-10-15,-11.888151363628133,-9.879604924922244,-11.893896110712102,-12.237408857171829,-12.70704735727501,-11.307337614471653,-9.995735004843743,True,True
2018-10-16,-11.307337614471653,-9.995735004843743,-11.689969870808948,-12.152601792982777,-12.438881595919117,-11.945919908506404,-10.398865160452553,True,True
2018-10-17,-11.945919908506404,-10.398865160452553,-11.653153844746978,-12.156796680601422,-12.271299555108428,-11.131737208754249,-10.009510205098595,True,True
2018-10-18,-11.131737208754249,-10.009510205098595,-11.43738326426689,-12.06237433141133,-12.281717610684089,-12.248889686280402,-10.3532412172748,True,True
2018-10-19,-12.248889686280402,-10.3532412172748,-11.616729074169317,-12.046242616254338,-11.903615901199037,-11.141417214393213,-10.222004382813306,True,True
2018-10-22,-11.141417214393213,-10.222004382813306,-11.46037147746406,-11.970610822823502,-12.395928469959825,-12.132307939974316,-10.723343969150926,True,True
2018-10-23,-12.132307939974316,-10.723343969150926,-11.600702117561042,-11.952288692582576,-12.842396479314967,-11.132564714781946,-10.01075402581016,True,True
2018-10-24,-11.132564714781946,-10.01075402581016,-11.437062198307666,-11.873125942505393,-12.391041479745763,-12.055408911251902,-10.12817922217249,True,True
2018-10-25,-12.055408911251902,-10.12817922217249,-11.615765846952012,-11.850173590214137,-12.001698810608112,-11.66693469196943,-10.033581240612493,True,True
2018-10-26,-11.66693469196943,-10.033581240612493,-11.535257850270522,-11.80829660489041,-12.644763860011679,-11.942536069540347,-9.558531472144697,True,True
2018-10-29,-11.942536069540347,-9.558531472144697,-11.713716133207242,-11.781701087386212,-12.518549508375724,-11.638750948949484,-10.293145450290504,True,True
2018-10-30,-11.638750948949484,-10.293145450290504,-11.633081495454853,-11.760260164805999,-12.114962632540323,-11.931475708260683,-10.39792876407078,True,True
2018-10-31,-11.931475708260683,-10.39792876407078,-11.833379198265767,-11.75221630474825,-11.779794943448893,-11.954880136599272,-10.119042424830083,True,True
2018-11-01,-11.954880136599272,-10.119042424830083,-11.81658134445618,-11.743680014255673,-12.588556119109795,-11.835430996992205,-10.088931369029781,True,True
2018-11-02,-11.835430996992205,-10.088931369029781,-11.853265431280388,-11.724449882290594,-11.80780919205412,-11.800171920258322,-9.943723419706876,True,True
2018-11-05,-11.800171920258322,-9.943723419706876,-11.82566383716789,-11.709341182652402,-12.810102628212436,-12.788913569893342,-10.573532162776077,True,True
2018-11-06,-12.788913569893342,-10.573532162776077,-12.005717166548052,-11.720131512726162,-12.732593688626489,-12.548956750782516,-10.568702215690797,True,True
2018-11-07,-12.548956750782516,-10.568702215690797,-12.110234348100596,-11.728570654541032,-10.401589298194866,-11.453385839878964,-9.66796549405786,True,True
2018-11-08,-11.453385839878964,-9.66796549405786,-11.968624927621835,-11.689406443222289,-12.390018358673359,-12.216092769923447,-10.201890030797305,True,True
2018-11-09,-12.216092769923447,-10.201890030797305,-12.04371410287788,-11.742657300820374,-12.051930148825424,-12.080484533199511,-10.116903478430201,True,True
2018-11-12,-12.080484533199511,-10.116903478430201,-12.108116684465156,-11.750249877003183,-12.102568474162195,-12.323827170515308,-10.399674905383797,True,True
2018-11-13,-12.323827170515308,-10.399674905383797,-12.049893971790691,-11.801213209939332,-12.592177544096725,-11.72772212888628,-10.21312600479663,True,True
2018-11-14,-11.72772212888628,-10.21312600479663,-11.906136103721845,-11.790719319171666,-12.329180791281928,-12.054853269682367,-9.630140753175414,True,True
2018-11-15,-12.054853269682367,-9.630140753175414,-12.059478108907419,-11.850732269785977,-12.060001924829638,-11.15172509292253,-9.941730903240222,True,True
2018-11-16,-11.15172509292253,-9.941730903240222,-11.778259918272076,-11.785872014752323,-12.38990399403833,-12.034842364114224,-10.350515329468553,True,True
2018-11-19,-12.034842364114224,-10.350515329468553,-11.771379803209872,-11.84378427573707,-12.547396563894312,-12.297768764021496,-10.650022541060057,True,True
2018-11-20,-12.297768764021496,-10.650022541060057,-11.768345459733617,-11.849514486437656,-12.78808364737999,-12.028963787592337,-10.43481600343698,True,True
2018-11-21,-12.028963787592337,-10.43481600343698,-11.824045243271033,-11.912052127855114,-12.917450170664786,-12.049381093700854,-10.605488252043545,True,True
2018-11-22,-12.049381093700854,-10.605488252043545,-11.82317437776501,-11.911790234937499,-12.874694148234731,-12.573841489162298,,True,True
2018-11-23,-12.573841489162298,-10.605488252043545,-12.175578478695089,-11.950616541830387,-13.074340409224803,-12.221386327281703,,True,True
2018-11-26,-12.221386327281703,,-12.21554570351207,-11.962958447051301,-12.500073416690123,-12.77608642522792,-10.776134179617838,False,False
2018-11-27,-12.77608642522792,-10.776134179617838,-12.288152138927153,-12.011070779731778,-12.787862062941995,-12.227812388504836,-10.266300921005385,True,True
2018-11-28,-12.227812388504836,-10.266300921005385,-12.33601563651721,-12.025053611439308,-12.941380121020567,-13.053152141321439,-9.597863932928552,True,True
2018-11-29,-13.053152141321439,-9.597863932928552,-12.520849777346557,-12.061458698110847,-12.672909598234966,-12.738279440810501,-10.427956342985073,True,True
2018-11-30,-12.738279440810501,-10.427956342985073,-12.55003220814799,-12.099439948555197,-13.137154757526982,-12.832815838418753,-10.801109057314278,True,True
2018-12-03,-12.832815838418753,-10.801109057314278,-12.68594426596008,-12.143840539100953,-12.140609028072438,-12.0475434369154,-10.251808432582358,True,True
2018-12-04,-12.0475434369154,-10.251808432582358,-12.507020268483714,-12.115425015224984,-12.360399615625361,-12.42925120523149,-10.41423814487412,True,True
2018-12-05,-12.42925120523149,-10.41423814487412,-12.556464564516109,-12.111311970905518,-12.230012671679454,-12.570891575688284,-10.855922706873868,True,True
2018-12-06,-12.570891575688284,-10.855922706873868,-12.483747054733657,-12.17847980681116,-12.487627585574366,-12.457988912069853,-10.035419764542414,True,True
2018-12-07,-12.457988912069853,-10.035419764542414,-12.434801891918019,-12.18888024311583,-12.757610821089727,-12.738837219037011,-9.997756613960185,True,True
2018-12-10,-12.738837219037011,-9.997756613960185,-12.42165230000007,-12.21612370083106,-12.08530352894841,-12.530358240373067,-10.588870446358145,True,True
2018-12-11,-12.530358240373067,-10.588870446358145,-12.53969314949034,-12.224536292511957,-12.964881979822927,-12.7999255331848,-10.692479371257573,True,True
2018-12-12,-12.7999255331848,-10.692479371257573,-12.611382313860249,-12.280101392224266,-12.67493201872119,-12.71620194573449,-10.810278774844813,True,True
2018-12-13,-12.71620194573449,-10.810278774844813,-12.639953559931534,-12.310874090837956,-13.35247264369609,-12.287978322544447,-10.649964393677678,True,True
2018-12-14,-12.287978322544447,-10.649964393677678,-12.596453261840422,-12.425390836160902,-12.711704234843422,-12.665717184167935,-10.63068866632785,True,True
2018-12-17,-12.665717184167935,-10.63068866632785,-12.583380642915564,-12.460573548357168,-12.63751739465483,-13.308517180059875,-10.916781857312182,True,True
2018-12-18,-13.308517180059875,-10.916781857312182,-12.704462950163245,-12.498717474675063,-12.905694243429277,-12.7624889714791,-10.91134702391066,True,True
2018-12-19,-12.7624889714791,-10.91134702391066,-12.697552279652914,-12.541178890353567,-12.84455439032951,-12.37319968331483,-9.692895409978552,True,True
2018-12-20,-12.37319968331483,-9.692895409978552,-12.620292811461177,-12.564055650270516,-12.152715503771608,-11.422414100779797,-9.81707877235337,True,True
2018-12-21,-11.422414100779797,-9.81707877235337,-12.29547533971773,-12.46232776990807,-12.58713872654018,-11.166810004193662,-10.24673844382452,True,True
2018-12-24,-11.166810004193662,-10.24673844382452,-11.903303491069329,-12.349872666859998,-11.958412991527299,-12.27472640684642,,True,True
2018-12-25,-12.27472640684642,-10.24673844382452,-11.818146950346817,-12.32884211407656,,,,False,False
2018-12-26,-12.27472640684642,,-11.818146950346817,-12.32884211407656,-11.576400753835173,-12.506273408969651,-9.935441679320117,False,False
2018-12-27,-12.506273408969651,-9.935441679320117,-11.795684867355668,-12.34237786008643,-12.386407277975364,-11.641144417503568,-9.86636768456142,True,True
2018-12-28,-11.641144417503568,-9.86636768456142,-11.681315662950524,-12.26889627197478,-12.40810881531879,-11.811134889464492,-10.356070053047866,True,True
2018-12-31,-11.811134889464492,-10.356070053047866,-11.76845477684392,-12.222244396723989,-13.133278865835859,-12.326856781860286,-10.598187400843683,True,True
2019-01-01,-12.326856781860286,-10.598187400843683,-12.056936009821149,-12.20452073756534,,,,False,False
2019-01-02,-12.326856781860286,-10.598187400843683,-12.056936009821149,-12.20452073756534,-11.834928146353045,-12.03406996672427,-10.086788302113057,True,True
2019-01-03,-12.03406996672427,-10.086788302113057,-12.014099635537418,-12.203727541400385,-12.056406345335438,-12.157678608360035,-9.871578901561675,True,True
2019-01-04,-12.157678608360035,-9.871578901561675,-11.964365867651715,-12.191353048501732,-11.992171401746138,-12.054439474215114,-9.899772885746664,True,True
2019-01-07,-12.054439474215114,-9.899772885746664,-12.06257586481693,-12.168488839502254,-11.80730005035824,-12.56084716681547,-10.44464461443697,True,True
2019-01-08,-12.56084716681547,-10.44464461443697,-12.208364222251868,-12.17215433445264,-11.984940336357154,-12.55222840371181,-10.501410123715917,True,True
2019-01-09,-12.55222840371181,-10.501410123715917,-12.244869133040277,-12.166350892477094,-12.339630392698265,-12.530834645471444,-10.37053458209674,True,True
2019-01-10,-12.530834645471444,-10.37053458209674,-12.34654219845187,-12.166367441035606,-12.258194185026168,-12.39293340154695,-10.66834639654188,True,True
2019-01-11,-12.39293340154695,-10.66834639654188,-12.398511037826882,-12.153127152052457,-12.212513211447327,-12.322708038753104,-10.635159129829615,True,True
2019-01-14,-12.322708038753104,-10.635159129829615,-12.46720314313893,-12.13949237599357,-12.143512198675094,-12.833933973052147,-10.478963643458604,True,True
2019-01-15,-12.833933973052147,-10.478963643458604,-12.511700781497577,-12.157791738213984,-12.713055104468378,-12.269280277155294,-10.676317990207368,True,True
2019-01-16,-12.269280277155294,-10.676317990207368,-12.450784945160663,-12.143259888325716,-12.549396166158555,-12.532815883814836,-10.87617416647044,True,True
2019-01-17,-12.532815883814836,-10.87617416647044,-12.451150414363335,-12.125149125723937,-12.8365565245821,-13.033475584996802,-10.668351316872322,True,True
2019-01-18,-13.033475584996802,-10.668351316872322,-12.556810302100843,-12.131443822918135,-12.963497535075883,-11.794453410142616,-10.576450310540624,True,True
2019-01-21,-11.794453410142616,-10.576450310540624,-12.394768304750905,-12.101133954722043,-13.204804160298872,-12.344226633629946,,True,True
2019-01-22,-12.344226633629946,-10.576450310540624,-12.316462481477535,-12.162326276123801,-12.794414913565825,-12.277484145600415,-10.71376950611765,True,True
2019-01-23,-12.277484145600415,-10.71376950611765,-12.318176958485742,-12.257455732434549,-12.677880672627003,-13.531376518939892,-10.654162372166141,True,True
2019-01-24,-13.531376518939892,-10.654162372166141,-12.425670416251265,-12.29324587217029,-13.062370372769934,-12.697894592680022,-11.020224622256356,True,True
2019-01-25,-12.697894592680022,-11.020224622256356,-12.3831592095944,-12.300316950230984,-12.38464844892621,-13.139957905881975,-10.032597808535993,True,True
2019-01-28,-13.139957905881975,-10.032597808535993,-12.693083955621724,-12.378350195070176,-11.902432291999792,-12.760717051850044,-10.711798799283606,True,True
2019-01-29,-12.760717051850044,-10.711798799283606,-12.794639191050017,-12.433921315616098,-12.750141249376712,-12.654565753754218,-10.646477309556419,True,True
2019-01-30,-12.654565753754218,-10.646477309556419,-12.905993384751376,-12.449593702785535,-12.296155812334932,-12.602818172076303,-9.749362065221133,True,True
2019-01-31,-12.602818172076303,-9.749362065221133,-12.754286491278377,-12.483007112897495,-12.600987788568863,-12.783645819028209,-10.71996709145144,True,True
2019-02-01,-12.783645819028209,-10.71996709145144,-12.771828408116688,-12.515744179456025,-12.451606305043533,-13.142921160407674,-10.293409749615021,True,True
2019-02-04,-13.142921160407674,-10.293409749615021,-12.772238015693011,-12.569780423948115,-12.446762333722058,-12.49614318210048,-10.638994963046862,True,True
2019-02-05,-12.49614318210048,-10.638994963046862,-12.712765066594695,-12.566413947985778,-13.348530232913227,-12.45529199863706,-10.939771796735082,True,True
2019-02-06,-12.45529199863706,-10.939771796735082,-12.667078621005281,-12.561264999392767,-12.582384018437699,-13.509235070538466,-10.91288749473088,True,True
2019-02-07,-13.509235070538466,-10.91288749473088,-12.803033412377735,-12.593962339111304,-12.354269413080845,-12.916650187777226,-10.575437075889639,True,True
2019-02-08,-12.916650187777226,-10.575437075889639,-12.82875679933712,-12.619201189857451,-13.155146839849097,-12.512454838625333,-11.260524321521634,True,True
2019-02-11,-12.512454838625333,-11.260524321521634,-12.708018928624066,-12.630893345052561,-12.130822461490855,-12.368174351325061,-10.709232237825141,True,True
2019-02-12,-12.368174351325061,-10.709232237825141,-12.674828873420717,-12.60697097285084,-12.505640821006534,-12.520333716666599,-10.811689942145819,True,True
2019-02-13,-12.520333716666599,-10.811689942145819,-12.690639434025087,-12.622653597219738,-12.870434834885826,-13.185141349590301,-10.302693654739041,True,True
2019-02-14,-13.185141349590301,-10.302693654739041,-12.657432152761176,-12.649213557126247,-12.892107211705465,-12.528848354145435,-10.053159039341358,True,True
2019-02-15,-12.528848354145435,-10.053159039341358,-12.586868949483032,-12.627111823974799,-12.986373358995014,-12.717145561902939,-10.756190133720931,True,True
2019-02-18,-12.717145561902939,-10.756190133720931,-12.627566002396208,-12.698904491039109,-12.348319238388955,-13.004851050033817,,True,True
2019-02-19,-13.004851050033817,-10.756190133720931,-12.757770536886612,-12.733977175861265,-12.988105192444252,-12.07719096445392,-10.644638120548155,True,True
2019-02-20,-12.07719096445392,-10.644638120548155,-12.62551019409985,-12.716625791258037,-11.978424590938099,-12.48654170414476,-10.280222420468231,True,True
2019-02-21,-12.48654170414476,-10.280222420468231,-12.516177320428069,-12.676638248752447,-12.206712085578795,-11.93424285739747,-10.44646809514798,True,True
2019-02-22,-11.93424285739747,-10.44646809514798,-12.367397398329814,-12.622055648496646,-12.567942804948112,-12.309394492962028,-10.411550746159431,True,True
2019-02-25,-12.309394492962028,-10.411550746159431,-12.298832152270803,-12.584216214623014,-12.669713072660166,-12.788995707880495,-10.469367622020552,True,True
2019-02-26,-12.788995707880495,-10.469367622020552,-12.27532642533767,-12.585385453213542,-13.042091021368401,-12.904387019976287,-10.674492371960891,True,True
2019-02-27,-12.904387019976287,-10.674492371960891,-12.42290694260897,-12.595753213454824,-12.916538662043683,-12.705381605013214,-10.544954451210195,True,True
2019-02-28,-12.705381605013214,-10.544954451210195,-12.460490834089594,-12.60060460458766,-12.77539126191979,-12.21288744432272,-10.446062430101854,True,True
2019-03-01,-12.21288744432272,-10.446062430101854,-12.54640129564859,-12.569063346638872,-12.735808383285807,-12.083969009870504,-9.935019348807243,True,True
2019-03-04,-12.083969009870504,-9.935019348807243,-12.48427533452366,-12.51737356728905,-12.576547375460963,-11.543149906849152,-10.011783955363697,True,True
2019-03-05,-11.543149906849152,-10.011783955363697,-12.173042580522763,-12.439133138874142,-12.552256413626537,-12.491955986507941,-10.240245838950054,True,True
2019-03-06,-12.491955986507941,-10.240245838950054,-12.125076190392777,-12.440905857166749,-12.234888131292227,-12.406614047919454,-10.652400225343337,True,True
2019-03-07,-12.406614047919454,-10.652400225343337,-12.08683769879386,-12.406924593021877,,-11.685833018175124,-10.450126501307613,False,False
2019-03-08,-11.685833018175124,-10.450126501307613,-11.971412415262929,-12.336651765329865,-12.87075926707005,-12.649826641424033,-10.369091522201437,True,True
2019-03-11,-12.649826641424033,-10.369091522201437,-12.05178242581233,-12.34204936118945,-12.755233015206862,-13.170906013689676,-10.921541974293817,True,True
2019-03-12,-13.170906013689676,-10.921541974293817,-12.362787612289477,-12.369300585102527,-13.077532679978734,-12.682956278285753,-11.067874630864525,True,True
2019-03-13,-12.682956278285753,-11.067874630864525,-12.393824184499318,-12.37577392286086,-12.442912390390758,-12.5377362979237,-11.06387537419234,True,True
2019-03-14,-12.5377362979237,-11.06387537419234,-12.41838898949478,-12.355709876680185,-12.273910447994178,-12.089523758385523,-10.534636100688024,True,True
2019-03-15,-12.089523758385523,-10.534636100688024,-12.56712119225591,-12.332777017790157,,-12.459985224478158,-10.439120499636338,False,False
2019-03-18,-12.459985224478158,-10.439120499636338,-12.529350893788019,-12.32284303011058,-12.58072213690891,-13.265091840436064,-10.84629935902714,True,True
2019-03-19,-13.265091840436064,-10.84629935902714,-12.538860518431356,-12.32865238888655,-12.885791823283418,-12.451048903189754,-10.823342441927544,True,True
2019-03-20,-12.451048903189754,-10.823342441927544,-12.494656551426313,-12.348911517722772,-13.229305511543672,-12.7842929430058,-9.16945765701241,True,True
2019-03-21,-12.7842929430058,-9.16945765701241,-12.537417781518133,-12.360195091701748,-12.565116417834215,-12.299305431068356,-10.238035199962678,True,True
2019-03-22,-12.299305431068356,-10.238035199962678,-12.598476729441149,-12.383886837865349,-12.406800452808186,-11.987925470467692,-10.211326520512488,True,True
2019-03-25,-11.987925470467692,-10.211326520512488,-12.468693749417778,-12.363668864519115,-12.409010146059122,-12.801548681149566,-10.762718102145518,True,True
2019-03-26,-12.801548681149566,-10.762718102145518,-12.4168750600701,-12.36407658736612,-12.683590831949275,-12.318271879022499,-10.559040344304378,True,True
2019-03-27,-12.318271879022499,-10.559040344304378,-12.389799964023421,-12.341126830733712,-12.369448984149509,-12.669504935570563,-10.137493558707535,True,True
2019-03-28,-12.669504935570563,-10.137493558707535,-12.373535932086273,-12.3398588089353,-12.415321627341957,-12.572316261986924,-9.930073953769842,True,True
2019-03-29,-12.572316261986924,-9.930073953769842,-12.426372542131844,-12.357147451700044,-11.914702147094914,-12.012760656673107,-10.267398392190836,True,True
2019-04-01,-12.012760656673107,-10.267398392190836,-12.434007165399576,-12.352309691289541,-12.361110257666887,-12.375769367957888,-10.315303658278387,True,True
2019-04-02,-12.375769367957888,-10.315303658278387,-12.363076782569044,-12.417873094261124,-12.076460020864975,-12.506883635698578,-10.560512195060438,True,True
2019-04-03,-12.506883635698578,-10.560512195060438,-12.399692800408223,-12.418561270375523,-12.737415479150155,-13.02851261982312,-10.87143816512575,True,True
2019-04-04,-13.02851261982312,-10.87143816512575,-12.446847762865815,-12.44227224547153,-12.996206390022573,-12.99001227056869,-10.354739354488377,True,True
2019-04-05,-12.99001227056869,-10.354739354488377,-12.50897351591424,-12.523071358640955,-12.522799759030185,-12.650900860039792,-9.989551196704673,True,True
2019-04-08,-12.650900860039792,-9.989551196704673,-12.67734597761101,-12.523118650957231,-12.587413976141958,-13.320364571727977,-10.840605956283982,True,True
2019-04-09,-13.320364571727977,-10.840605956283982,-12.857977493987946,-12.526756961400675,-12.498305595390155,-12.246639599681727,-10.595782026441782,True,True
2019-04-10,-12.246639599681727,-10.595782026441782,-12.77689999401793,-12.503631604300779,-12.740424669281744,-12.946860878988845,-10.847843761605501,True,True
2019-04-11,-12.946860878988845,-10.847843761605501,-12.763756363954656,-12.519990194967923,-13.385303282737611,-12.797309071919772,-10.353719379949911,True,True
2019-04-12,-12.797309071919772,-10.353719379949911,-12.730420247545085,-12.559779489281933,-12.861419136763411,-12.111160382383202,-10.687290347923083,True,True
2019-04-15,-12.111160382383202,-10.687290347923083,-12.586356935944078,-12.5369811360247,-12.383327622511677,-12.420546543061107,-10.612523213683541,True,True
2019-04-16,-12.420546543061107,-10.612523213683541,-12.455264160063669,-12.505450313228929,-12.714528901352708,-12.492954568673056,-10.17172542081696,True,True
2019-04-17,-12.492954568673056,-10.17172542081696,-12.510559418380074,-12.507619375281013,-12.445758883815575,-12.604303499186843,-10.958435078230849,True,True
2019-04-18,-12.604303499186843,-10.958435078230849,-12.459088483956519,-12.50017015297482,-12.703979127729921,-12.195883439965892,-10.816498793338052,True,True
2019-04-19,-12.195883439965892,-10.816498793338052,-12.347895024829072,-12.493532317410757,,,,False,False
2019-04-22,-12.195883439965892,-10.816498793338052,-12.347895024829072,-12.493532317410757,-13.032516286461128,-13.376559531252287,-11.381110473034397,True,True
2019-04-23,-13.376559531252287,-11.381110473034397,-12.548695252126992,-12.557775532208328,-12.83783849425475,-13.04758960891763,-10.393108481732064,True,True
2019-04-24,-13.04758960891763,-10.393108481732064,-12.660637467266167,-12.566358515006371,-12.897636322905022,-12.566647593793009,-10.669053437206655,True,True
2019-04-25,-12.566647593793009,-10.669053437206655,-12.677582819788666,-12.58055176404489,-12.601284783590906,-12.647031131877378,-10.523346726187631,True,True
2019-04-26,-12.647031131877378,-10.523346726187631,-12.686625153236754,-12.579512613878016,-12.67163819774501,-12.775584187606464,-10.538140458853864,True,True
2019-04-29,-12.775584187606464,-10.538140458853864,-12.841793360459802,-12.588819231689344,-13.629378648737127,-12.47310961576685,-11.123759819553529,True,True
2019-04-30,-12.47310961576685,-11.123759819553529,-12.683077569122117,-12.622186939484813,-13.184349710873445,-13.28270890753239,-10.734609931660934,True,True
2019-05-01,-13.28270890753239,-10.734609931660934,-12.71261379540945,-12.661076016424534,-13.417641933864143,-13.080363687308788,-9.633491783641574,True,True
2019-05-02,-13.080363687308788,-9.633491783641574,-12.810197246516022,-12.686865745930772,-12.483156377499903,-13.051388902054855,-10.525458801990597,True,True
2019-05-03,-13.051388902054855,-10.525458801990597,-12.891741674330966,-12.687669635876983,-13.292648235718188,-12.384929986848745,-10.26142433246293,True,True
2019-05-06,-12.384929986848745,-10.26142433246293,-12.789759720694805,-12.65740830221773,-12.049874315610664,-12.304554913286323,-10.822491668113017,True,True
2019-05-07,-12.304554913286323,-10.822491668113017,-12.740591449567848,-12.636792582970067,-13.17222137991756,-12.959109844775877,-10.80060962879912,True,True
2019-05-08,-12.959109844775877,-10.80060962879912,-12.697111917689544,-12.625869570996233,-13.084442186616982,-12.365338843289143,-10.803333476212806,True,True
2019-05-09,-12.365338843289143,-10.803333476212806,-12.564016434671634,-12.634080207996801,-12.507179959514799,-12.771286388950891,-10.617149657031739,True,True
2019-05-10,-12.771286388950891,-10.617149657031739,-12.525072299216056,-12.627085719238156,-12.556403454611344,-13.021893737374779,-10.599442871037787,True,True
2019-05-13,-13.021893737374779,-10.599442871037787,-12.639804567673323,-12.635605258511637,-12.598541501413331,-13.491059729059643,-10.124593258867874,True,True
2019-05-14,-13.491059729059643,-10.124593258867874,-12.85582619941272,-12.700913715356467,-12.088535682785045,-13.295321985896228,-10.752494816294837,True,True
2019-05-15,-13.295321985896228,-10.752494816294837,-12.9087017745892,-12.740264224286536,-12.966409214954114,-12.668818832648444,-10.503785700415705,True,True
2019-05-16,-12.668818832648444,-10.503785700415705,-13.003163463398264,-12.750643709876547,-13.086017126713026,-11.70755131589752,-10.41545783123726,True,True
2019-05-17,-11.70755131589752,-10.41545783123726,-12.612166936640973,-12.669967833580245,-12.812427725316343,-13.034628872546289,-10.850833453966006,True,True
2019-05-20,-13.034628872546289,-10.850833453966006,-12.613848425835739,-12.716646034275714,-12.811711938550637,-12.49515831037672,-10.974606436386573,True,True
2019-05-21,-12.49515831037672,-10.974606436386573,-12.481053357091458,-12.680746412405705,-13.146586427965081,-13.054672760837839,-10.930456338826453,True,True
2019-05-22,-13.054672760837839,-10.930456338826453,-12.457235450041157,-12.6809909775222,-13.104549950255835,-13.497002688846406,-11.484274044274692,True,True
2019-05-23,-13.497002688846406,-11.484274044274692,-12.552813929419555,-12.715527833119944,-13.690675954744014,-12.678798556915737,-10.399857637886189,True,True
2019-05-24,-12.678798556915737,-10.399857637886189,-12.894448507085052,-12.717203484321956,-12.969651702150394,-13.003690187084107,-11.058881931107747,True,True
2019-05-27,-13.003690187084107,-11.058881931107747,-12.88900091727542,-12.72686973747275,-13.340686916921038,-13.416757766937295,,True,True
2019-05-28,-13.416757766937295,-11.058881931107747,-13.085682784571581,-12.767026867807454,-12.954083666013931,-12.741436210022613,-10.689567519533098,True,True
2019-05-29,-12.741436210022613,-10.689567519533098,-13.012538155958412,-12.745812115707707,-12.349275173405525,-12.62583461093501,-10.449126634067062,True,True
2019-05-30,-12.62583461093501,-10.449126634067062,-12.854493404116022,-12.725430609309681,-13.131386062214142,-12.59952716089954,-10.32748246361666,True,True
2019-05-31,-12.59952716089954,-10.32748246361666,-12.835015570457083,-12.705023392057456,-12.526875005333629,-12.28180338743489,-10.18850203226288,True,True
2019-06-03,-12.28180338743489,-10.18850203226288,-12.670510835105565,-12.697570544833486,-11.880220051679578,-11.831229977222161,-10.106990071829614,True,True
2019-06-04,-11.831229977222161,-10.106990071829614,-12.357079283716807,-12.653709148495793,-12.19814214897937,-11.404953203428848,-9.863898652889246,True,True
2019-06-05,-11.404953203428848,-9.863898652889246,-12.033500587413059,-12.524912523113803,-12.331444091752642,-11.411194465789624,-9.433677679539315,True,True
2019-06-06,-11.411194465789624,-9.433677679539315,-11.800773517488784,-12.435407770143577,-12.30202496943138,-12.416474617885926,-10.212408495299787,True,True
2019-06-07,-12.416474617885926,-10.212408495299787,-11.782860390403092,-12.42030225171667,-12.710207989816121,-12.522286308679853,-9.904512036731267,True,True
2019-06-10,-12.522286308679853,-9.904512036731267,-11.809160056011532,-12.402702782733748,-11.32649736787059,-12.741872672703963,-10.267559433790499,True,True
2019-06-11,-12.741872672703963,-10.267559433790499,-11.933519230901526,-12.38409734009985,-12.520023860506011,-12.385893639086822,-10.803030715962786,True,True
2019-06-12,-12.385893639086822,-10.803030715962786,-12.171873347096998,-12.354724296021129,-11.764552167644522,-12.415577335393504,-10.234645418705057,True,True
2019-06-13,-12.415577335393504,-10.234645418705057,-12.488231683815572,-12.344253727084995,-11.813129554510294,-12.261065601547038,-10.496806495556298,True,True
2019-06-14,-12.261065601547038,-10.496806495556298,-12.452740226303463,-12.385257567881224,-11.804096425765833,-11.823850616261195,-9.407908283538118,True,True
2019-06-17,-11.823850616261195,-9.407908283538118,-12.28001292917014,-12.325538614521726,-11.646704740857423,-11.719069716766201,-10.238240270932732,True,True
2019-06-18,-11.719069716766201,-10.238240270932732,-12.077527074468644,-12.277226737052084,-11.740011564989482,-11.543957155415008,-9.211155629805733,True,True
2019-06-19,-11.543957155415008,-9.211155629805733,-11.900157387171848,-12.199233909361825,-11.711222102475256,-12.276469022968643,-9.222690428613316,True,True
2019-06-20,-12.276469022968643,-9.222690428613316,-11.882486703691232,-12.167128273471318,-8.823815654497015,-11.101191635502046,-8.34052736876558,True,True
2019-06-21,-11.101191635502046,-8.34052736876558,-11.620204701989548,-12.058091648630278,-9.948022756637275,-10.283494223089935,-8.832559726178193,True,True
2019-06-24,-10.283494223089935,-8.832559726178193,-11.151357972260254,-11.814774585431874,-11.063908829710948,-11.62687869051452,-9.464364232079717,True,True
2019-06-25,-11.62687869051452,-9.464364232079717,-11.14046940312368,-11.765736291712741,-9.563332286087691,-10.942029267735354,-8.284096612391902,True,True
2019-06-26,-10.942029267735354,-8.284096612391902,-11.035836846141505,-11.67489043433304,-10.281057150484239,-11.029613149346222,-9.217945555340444,True,True
2019-06-27,-11.029613149346222,-9.217945555340444,-10.901823259956755,-11.601633487475956,-11.060056846486155,-11.807296773650124,-9.772319574008023,True,True
2019-06-28,-11.807296773650124,-9.772319574008023,-10.98844874904008,-11.579605298423076,-10.375418561038556,-12.338597061331638,-9.495077241512472,True,True
2019-07-01,-12.338597061331638,-9.495077241512472,-11.423719517271456,-11.580974073790493,-10.711472151775924,-11.714761727756962,-9.480219478659032,True,True
2019-07-02,-11.714761727756962,-9.480219478659032,-11.437547524280673,-11.576176884262052,-10.958541478684515,-11.926820584673697,-8.892091848599316,True,True
2019-07-03,-11.926820584673697,-8.892091848599316,-11.667785370671762,-11.600598762750923,-10.001171926545965,-11.637368360851408,-9.106557859269977,True,True
2019-07-04,-11.637368360851408,-9.106557859269977,-11.857042933568025,-11.612905747203037,-11.365405052921737,-11.593394978666238,,True,True
2019-07-05,-11.593394978666238,-9.106557859269977,-11.808125997695068,-11.584708350756895,-11.133032434548221,-12.36059153185017,-8.595162312348727,True,True
2019-07-08,-12.36059153185017,-8.595162312348727,-11.810689017726894,-11.581278141823752,-11.284959188337881,-12.302246795639295,-9.993643915332603,True,True
2019-07-09,-12.302246795639295,-9.993643915332603,-11.913609452676532,-11.572666274097323,-11.56225092610195,-11.543593237539667,-9.900531290602107,True,True
2019-07-10,-11.543593237539667,-9.900531290602107,-11.825436988026212,-11.543783665390578,-12.282968340348354,-12.499242547473937,-8.678422252032666,True,True
2019-07-11,-12.499242547473937,-8.678422252032666,-11.975597631683453,-11.545463333257729,-11.371731954156264,-12.27753392084212,-9.396701765481904,True,True
2019-07-12,-12.27753392084212,-9.396701765481904,-12.132514370942335,-11.545862682384268,-11.962196897463784,-11.898553706385526,-10.074056212541475,True,True
2019-07-15,-11.898553706385526,-10.074056212541475,-12.043124965355686,-11.548591986187688,-11.579453586261344,-12.596701820990585,-10.070899911152814,True,True
2019-07-16,-12.596701820990585,-10.070899911152814,-12.083288669686459,-11.573533560013244,-12.278038301279215,-12.590434517607262,-9.703479873690862,True,True
2019-07-17,-12.590434517607262,-9.703479873690862,-12.335159004360081,-11.60751980275913,-12.51164906959475,-12.500708193138525,-9.797642247119793,True,True
2019-07-18,-12.500708193138525,-9.797642247119793,-12.335407623276769,-11.612677985660326,-11.183193897942605,-11.746095863558907,-9.013531405469896,True,True
2019-07-19,-11.746095863558907,-9.013531405469896,-12.196834892025482,-11.65311822546325,-10.945775638360555,-11.888990788979024,-9.074267791795881,True,True
2019-07-22,-11.888990788979024,-9.074267791795881,-12.194248592853985,-11.824143227111758,-11.661288251315034,-12.469216320538646,-10.25433273369831,True,True
2019-07-23,-12.469216320538646,-10.25433273369831,-12.176228136352009,-11.859430671126779,-11.589317061912924,-12.65029346102056,-9.805527494847714,True,True
2019-07-24,-12.65029346102056,-9.805527494847714,-12.183937367925864,-11.967535216520702,-12.347136307938555,-12.404758931879167,-10.476679191864381,True,True
2019-07-25,-12.404758931879167,-10.476679191864381,-12.169371554539024,-12.067844098635598,-12.469851955717356,-12.584140832318553,-9.408778434502352,True,True
2019-07-26,-12.584140832318553,-9.408778434502352,-12.359675901732386,-12.103518625875923,-12.203168641921408,-12.549690192416579,-9.894306487557895,True,True
2019-07-29,-12.549690192416579,-9.894306487557895,-12.52789183521173,-12.111068801650463,-12.255674689295041,-12.44520719660925,-10.241219305598426,True,True
2019-07-30,-12.44520719660925,-10.241219305598426,-12.522751445949483,-12.150348806920322,-12.566880736556042,-12.355782372463409,-10.657031694336672,True,True
2019-07-31,-12.355782372463409,-10.657031694336672,-12.464206861240429,-12.172399482986757,-12.356809950931275,-13.422996700763887,-8.72648319556147,True,True
2019-08-01,-13.422996700763887,-8.72648319556147,-12.609901983556814,-12.246108869065804,-11.58680064234477,-12.11520751464267,-8.861181165305599,True,True
2019-08-02,-12.11520751464267,-8.861181165305599,-12.494094007281726,-12.285936104531194,-10.367847368885597,-11.163314632639553,-9.112903249932574,True,True
2019-08-05,-11.163314632639553,-9.112903249932574,-12.04453924449998,-12.18406404845065,-10.304834217448096,-11.154805848325704,-8.88676600974517,True,True
2019-08-06,-11.154805848325704,-8.88676600974517,-11.742272832082921,-12.092832396630287,-10.156805201330439,-11.725610852587405,-9.183589239885315,True,True
2019-08-07,-11.725610852587405,-9.183589239885315,-11.651453764987702,-12.107348094402479,-10.039885233510153,-10.998346684648737,-8.522905029865557,True,True
2019-08-08,-10.998346684648737,-8.522905029865557,-11.35113712901997,-11.99600555920777,-10.037627659744272,-11.915870369276126,-9.108948430130106,True,True
2019-08-09,-11.915870369276126,-9.108948430130106,-11.330796397631094,-11.97969903546812,-11.220288278046656,-12.341078321679117,-9.40997372112956,True,True
2019-08-12,-12.341078321679117,-9.40997372112956,-11.509494308172503,-11.999280191324289,-12.012315461781162,-10.398052089864311,-9.020201822085312,True,True
2019-08-13,-10.398052089864311,-9.020201822085312,-11.22989460807906,-11.800065034767892,-10.951473365751683,-11.236033207315542,-8.125556625396628,True,True
2019-08-14,-11.236033207315542,-8.125556625396628,-11.15576242705127,-11.736899267004798,-10.233776502584874,-11.15575111468506,-8.742690444288396,True,True
2019-08-15,-11.15575111468506,-8.742690444288396,-11.190451354705576,-11.672882675283232,-10.4068071074872,-10.628804505616475,-8.782668443156437,True,True
2019-08-16,-10.628804505616475,-8.782668443156437,-10.964202821383932,-11.581608998057863,-11.081252106467213,-11.152686522163318,-9.465822653196767,True,True
2019-08-19,-11.152686522163318,-9.465822653196767,-10.855196291164702,-11.54237712180261,-11.047466512094871,-11.055892759159017,-9.50135830452286,True,True
2019-08-20,-11.055892759159017,-9.50135830452286,-11.02040021264435,-11.482657150259092,-11.918754656162026,-11.858657892716426,-10.243490613807845,True,True
2019-08-21,-11.858657892716426,-10.243490613807845,-11.098052117379238,-11.464056205316218,-11.964801714900732,-12.124076261525483,-10.078331475023198,True,True
2019-08-22,-12.124076261525483,-10.078331475023198,-11.222596548197687,-11.457751743202186,-12.526128516623706,-12.419526324093304,-10.145344535266238,True,True
2019-08-23,-12.419526324093304,-10.145344535266238,-11.581766555458,-11.454855331610586,-12.512213247299146,-12.52375913584025,-9.158614335220369,True,True
2019-08-26,-12.52375913584025,-9.158614335220369,-11.842091261984802,-11.4544159346118,-10.760451775376472,-9.921722617101212,-9.065165424323974,True,True
2019-08-27,-9.921722617101212,-9.065165424323974,-11.186808233593942,-11.261346138848115,-11.893911992871136,-12.153232593729626,-9.902053652575104,True,True
2019-08-28,-12.153232593729626,-9.902053652575104,-11.213218337896862,-11.257595504422223,-11.183843641193207,-11.293112422877599,-9.47131098944825,True,True
2019-08-29,-11.293112422877599,-9.47131098944825,-11.114090891974762,-11.21595452538991,-11.942066183302156,-10.808812965667554,-9.305659230698739,True,True
2019-08-30,-10.808812965667554,-9.305659230698739,-10.91754636065013,-11.16262025839029,-10.959444640550988,-11.819721813545303,-9.598281423818852,True,True
2019-09-02,-11.819721813545303,-9.598281423818852,-10.877356870903647,-11.186961840170088,-11.180058996951908,-11.803785827378576,,True,True
2019-09-03,-11.803785827378576,-9.598281423818852,-11.458731621077948,-11.211921912670157,-11.855476000392692,-11.905052699532446,-9.553294130792095,True,True
2019-09-04,-11.905052699532446,-9.553294130792095,-11.430989089801086,-11.216847838678186,-11.053952971342301,-12.0535028608532,-9.682758759098345,True,True
2019-09-05,-12.0535028608532,-9.682758759098345,-11.561380300016765,-11.258245699449045,-10.934208327625116,-11.248751635876387,-8.876096613049365,True,True
2019-09-06,-11.248751635876387,-8.876096613049365,-11.725177276626962,-11.233969818125072,-11.191018505199978,-10.780419056871347,-8.643220598822795,True,True
2019-09-09,-10.780419056871347,-8.643220598822795,-11.438134781101352,-11.173656890656224,-11.336920699657274,-11.857684379857316,-9.734850450748494,True,True
2019-09-10,-11.857684379857316,-9.734850450748494,-11.445441817113299,-11.260704155500488,-10.80282574634268,-11.549489355498622,-9.405911824234543,True,True
2019-09-11,-11.549489355498622,-9.405911824234543,-11.392915191025024,-11.274590358273498,-11.171889293279424,-11.83783880163234,-9.76931212480258,True,True
2019-09-12,-11.83783880163234,-9.76931212480258,-11.368354188208741,-11.302826899955724,-11.734949376960566,-12.000353476421232,-8.818953138771294,True,True
2019-09-13,-12.000353476421232,-8.818953138771294,-11.49517006831415,-11.378860505122084,-12.301624578920055,-11.449670854692044,-9.40835500376054,True,True
2019-09-16,-11.449670854692044,-9.40835500376054,-11.71759577356549,-11.395099406465024,-10.71802604193149,-11.379763375899339,-9.56514668194126,True,True
2019-09-17,-11.379763375899339,-9.56514668194126,-11.616371423742757,-11.414709390634904,-12.127170498628002,-11.973532559917965,-10.036632734909718,True,True
2019-09-18,-11.973532559917965,-10.036632734909718,-11.693146563009053,-11.418196301844652,-12.660141218272335,-13.226907405847786,-9.019935483947636,True,True
2019-09-19,-13.226907405847786,-9.019935483947636,-11.832308799559147,-11.434824220824279,-11.899575407511167,-12.011530150408772,-10.1677311023269,True,True
2019-09-20,-12.011530150408772,-10.1677311023269,-11.834189611306064,-11.42545845374493,-12.176287007360735,-12.255906286609015,-10.242645446390693,True,True
2019-09-23,-12.255906286609015,-10.242645446390693,-12.011640026929017,-11.420350678941592,-11.44733163509236,-11.476165280844103,-9.840433073134475,True,True
2019-09-24,-11.476165280844103,-9.840433073134475,-12.046827605540424,-11.614532100684952,-12.579274043684682,-11.996503068880099,-9.513311173346352,True,True
2019-09-25,-11.996503068880099,-9.513311173346352,-12.051726715721719,-11.609593871956285,-11.894369940819567,-12.17261568919246,-9.491453976348664,True,True
2019-09-26,-12.17261568919246,-9.491453976348664,-11.942447440695728,-11.650561981575263,-12.247557280437361,-11.774950455373599,-9.9101174173696,True,True
2019-09-27,-11.774950455373599,-9.9101174173696,-11.893830198579026,-11.725144651211941,-12.558356582257915,-11.70783205050015,-9.435751172483403,True,True
2019-09-30,-11.70783205050015,-9.435751172483403,-11.797031919492749,-11.71977381006134,-12.030296379906154,-11.316347643365976,-9.283462474385777,True,True
2019-10-01,-11.316347643365976,-9.283462474385777,-11.750366130596692,-11.691306647292873,-11.261993413588266,-11.17673438025592,-9.022917989612116,True,True
2019-10-02,-11.17673438025592,-9.022917989612116,-11.569231031659271,-11.648948105107685,-12.244436645852318,-11.349003721995071,-9.432971154264806,True,True
2019-10-03,-11.349003721995071,-9.432971154264806,-11.438307551692215,-11.61539196839051,-11.775931790215498,-11.396632226367274,-8.45597669963645,True,True
2019-10-04,-11.396632226367274,-8.45597669963645,-11.374695938881146,-11.625358804558177,-12.489742431630795,-12.890777923627411,-9.26680423766713,True,True
2019-10-07,-12.890777923627411,-9.26680423766713,-11.479412696391588,-11.733262357868806,-12.789917358005162,-11.294689885897984,-9.839069965651927,True,True
2019-10-08,-11.294689885897984,-9.839069965651927,-11.474271593568211,-11.700432931655328,-11.543079238765895,-11.697698465653886,-9.749398669401934,True,True
2019-10-09,-11.697698465653886,-9.749398669401934,-11.590078731916153,-11.708474822710722,-12.178523234967662,-11.134196252338587,-9.444052719134973,True,True
2019-10-10,-11.134196252338587,-9.444052719134973,-11.530876590110305,-11.66459216549423,-10.920905182736346,-11.776677769309607,-9.461499261481137,True,True
2019-10-11,-11.776677769309607,-9.461499261481137,-11.60594384940993,-11.655673355174732,-11.472434962299635,-11.127411007338033,-9.144277027221072,True,True
2019-10-14,-11.127411007338033,-9.144277027221072,-11.368974932278649,-11.632580732023387,-11.316687536395097,-11.614010781368014,-10.092637995579803,True,True
2019-10-15,-11.614010781368014,-10.092637995579803,-11.429667484698506,-11.646117169084537,-12.192323089529477,-11.807507289967527,-9.986165115864337,True,True
2019-10-16,-11.807507289967527,-9.986165115864337,-11.445704148187394,-11.639629472005925,-12.044418931954022,-11.564811900631774,-9.624749064703314,True,True
2019-10-17,-11.564811900631774,-9.624749064703314,-11.54613691971518,-11.59689541552368,-11.526780044939802,-11.286781921244282,-9.999625360784465,True,True
2019-10-18,-11.286781921244282,-9.999625360784465,-11.450465016434466,-11.562349151960696,-12.589509733598147,-11.823830014377647,-10.426161300078245,True,True
2019-10-21,-11.823830014377647,-10.426161300078245,-11.599644150084915,-11.548933764793423,-12.97954794830118,-12.11631860583351,-10.384046422661276,True,True
2019-10-22,-12.11631860583351,-10.384046422661276,-11.68068830448745,-11.574686293086778,-12.345043816237162,-12.585838676057925,-10.59713780606043,True,True
2019-10-23,-12.585838676057925,-10.59713780606043,-11.780820744719566,-11.589396697241083,-12.619291213261072,-12.309848587771473,-10.732747345842764,True,True
2019-10-24,-12.309848587771473,-10.732747345842764,-11.920527943556774,-11.592981445230036,-13.159563919114241,-11.875540510548342,-10.400351884242628,True,True
2019-10-25,-11.875540510548342,-10.400351884242628,-12.104124543170775,-11.596978174516263,-12.755009168667412,-12.440212845343925,-10.008220370290683,True,True
2019-10-28,-12.440212845343925,-10.008220370290683,-12.233996255169941,-11.620490085522437,-12.807347739778553,-12.467424435023442,-10.26463024639449,True,True
2019-10-29,-12.467424435023442,-10.26463024639449,-12.302932053580228,-11.667934735977406,-12.682335920632529,-10.95399517854832,-10.156639561222432,True,True
2019-10-30,-10.95399517854832,-10.156639561222432,-11.820538419497534,-11.647752605596223,-12.980455320263319,-12.526013732816521,-9.847621033899541,True,True
2019-10-31,-12.526013732816521,-9.847621033899541,-11.844662145897361,-11.695508282593329,-12.231913376550162,-11.942871822047678,-10.226597286848206,True,True
2019-11-01,-11.942871822047678,-10.226597286848206,-11.857369479499171,-11.724292899419755,-12.90158550779077,-12.263141064354455,-9.920596686637099,True,True
2019-11-04,-12.263141064354455,-9.920596686637099,-11.83596935470573,-11.710786518819386,-13.027151906542269,-11.892973090844787,-10.410249228743835,True,True
2019-11-05,-11.892973090844787,-10.410249228743835,-11.756645710505396,-11.745511851029562,-12.933913159454352,-12.320002135578815,-9.608293497083698,True,True
2019-11-06,-12.320002135578815,-9.608293497083698,-12.160757503655548,-11.770111102966375,-12.633922800888346,-12.24745990756064,-10.538275261859061,True,True
2019-11-07,-12.24745990756064,-10.538275261859061,-12.117136651575105,-11.835627338747708,-13.289354525747205,-11.945291426719773,-9.370640426352589,True,True
2019-11-08,-11.945291426719773,-9.370640426352589,-12.117712166147632,-11.843890718587481,-11.983644891732565,-11.547238983582073,-9.54142484708033,True,True
2019-11-11,-11.547238983582073,-9.54142484708033,-11.951443334937693,-11.879614639076685,-12.723668562285502,-12.124287746059801,-10.096643570951743,True,True
2019-11-12,-12.124287746059801,-10.096643570951743,-11.996220001569247,-11.906023188349142,-12.491044319463496,-11.482088404428236,-9.799486361362714,True,True
2019-11-13,-11.482088404428236,-9.799486361362714,-11.822472108979932,-11.885023728806173,-12.314137307614056,-11.699941881899603,-10.221263409145593,True,True
2019-11-14,-11.699941881899603,-10.221263409145593,-11.731430020032773,-11.893766969070818,-12.24144499469946,-12.139981543320983,-10.133020073243467,True,True
2019-11-15,-12.139981543320983,-10.133020073243467,-11.760415686344142,-11.947860838245806,-12.038506117230597,-12.047256244491624,-10.564357000093477,True,True
2019-11-18,-12.047256244491624,-10.564357000093477,-11.862885255593048,-11.95925885566024,-12.60309410620698,-12.17803379080154,-10.333589217542881,True,True
2019-11-19,-12.17803379080154,-10.333589217542881,-11.870975991161478,-11.961819654390167,-12.26755579924043,-12.454896877491445,-10.532283315049655,True,True
2019-11-20,-12.454896877491445,-10.532283315049655,-12.073736526656552,-11.958078793260373,-12.275810055529831,-12.423738657248053,-9.82845982274835,True,True
2019-11-21,-12.423738657248053,-9.82845982274835,-12.235914832128683,-11.961872042611704,-11.880695842359362,-12.290341400419768,-10.106602118534596,True,True
2019-11-22,-12.290341400419768,-10.106602118534596,-12.267128465420198,-11.98055257753762,-12.939833779264621,-11.595078006602876,-10.163975632929917,True,True
2019-11-25,-11.595078006602876,-10.163975632929917,-12.133939206922742,-11.93946755646557,-12.637139103853066,-12.551979128453251,-10.762425822503003,True,True
2019-11-26,-12.551979128453251,-10.762425822503003,-12.195501362519769,-11.941861463271573,-12.612657801060575,-12.332449917448377,-10.632223561615074,True,True
2019-11-27,-12.332449917448377,-10.632223561615074,-12.17560123605268,-12.047713193521064,-13.082049827583493,-12.844214055244606,-10.861094508249089,True,True
2019-11-28,-12.844214055244606,-10.861094508249089,-12.230656082527558,-12.056195663243312,-12.909480870180278,-13.430213248405238,,True,True
2019-11-29,-13.430213248405238,-10.861094508249089,-12.367790143522502,-12.100508455147722,-13.039390745259794,-13.28727698538464,,True,True
2019-12-02,-13.28727698538464,,-12.80378915959415,-12.12812107068963,-13.144906373571649,-12.185097131557898,-10.219243216670373,False,False
2019-12-03,-12.185097131557898,-10.219243216670373,-12.695805706371875,-12.14427480663494,-13.262174680970485,-11.561570619331238,-10.213974786644657,True,True
2019-12-04,-11.561570619331238,-10.213974786644657,-12.407526727497148,-12.097771633349039,-12.683386173739803,-11.00650523960727,-9.874173508533591,True,True
2019-12-05,-11.00650523960727,-9.874173508533591,-11.887166188192948,-11.997154345844761,-12.647076857548125,-12.47280979595096,-10.533418055172609,True,True
2019-12-06,-12.47280979595096,-10.533418055172609,-11.820813334700928,-12.018978457711473,-13.492331402019465,-13.020282470362819,-9.427119515433183,True,True
2019-12-09,-13.020282470362819,-9.427119515433183,-11.80678930743675,-12.082737534927197,-13.105604176654758,-12.989189128048535,-11.029433533817196,True,True
2019-12-10,-12.989189128048535,-11.029433533817196,-11.885503000626388,-12.110897639213675,-13.065743119984703,-12.887391873925564,-10.782616733552501,True,True
2019-12-11,-12.887391873925564,-10.782616733552501,-12.11249610147969,-12.184294491560214,-13.768374920385686,-12.206004983523071,-10.329683230958949,True,True
2019-12-12,-12.206004983523071,-10.329683230958949,-12.661192404741842,-12.217055334925059,-13.402945418489855,-12.953097931500007,-9.50850858357124,True,True
2019-12-13,-12.953097931500007,-9.50850858357124,-12.757803807938643,-12.24757206925112,-11.964515474992805,-11.737353581533808,-9.689116356576658,True,True
2019-12-16,-11.737353581533808,-9.689116356576658,-12.420574595788889,-12.225621431363995,-13.459639571405344,-12.636027400138678,-10.953552372414125,True,True
2019-12-17,-12.636027400138678,-10.953552372414125,-12.373716426547986,-12.245077337278193,-13.409517246829626,-12.994190822329992,-11.25478522604244,True,True
2019-12-18,-12.994190822329992,-11.25478522604244,-12.385911128684677,-12.262118976580881,-14.002507759783304,-13.002341861908743,-11.024645233311414,True,True
2019-12-19,-13.002341861908743,-11.024645233311414,-12.526838275344923,-12.280983656986656,-13.569551210179704,-12.987332932065469,-11.31327105740511,True,True
2019-12-20,-12.987332932065469,-11.31327105740511,-12.531243026921091,-12.30616011950188,-13.756195598520536,-13.745785462609271,-11.496611452500748,True,True
2019-12-23,-13.745785462609271,-11.496611452500748,-13.014173787018136,-12.400425575610713,-13.445126224538615,-13.090317900925493,-11.2989167068351,True,True
2019-12-24,-13.090317900925493,-11.2989167068351,-13.126870914588594,-12.4184745722074,-12.950008266347139,-12.747920991440784,,True,True
2019-12-25,-12.747920991440784,-11.2989167068351,-13.065048846797078,-12.437173888326214,,,,False,False
2019-12-26,-12.747920991440784,-11.2989167068351,-13.065048846797078,-12.437173888326214,-12.173650185298195,-13.218859351426532,-10.578465319029021,True,True
2019-12-27,-13.218859351426532,-10.578465319029021,-13.107388728247075,-12.447627508433506,-12.188506059888,-12.535624408039673,-10.804756403343264,True,True
2019-12-30,-12.535624408039673,-10.804756403343264,-12.986263757544855,-12.420916357856921,-13.154710411959472,-13.257136787370584,-11.42901443783105,True,True
2019-12-31,-13.257136787370584,-11.42901443783105,-12.928972087308189,-12.420273252526961,-12.131881001737417,-13.693403148345894,-10.438164318287441,True,True
2020-01-01,-13.693403148345894,-10.438164318287441,-13.009184588549196,-12.470786721748599,,,,False,False
2020-01-02,-13.693403148345894,-10.438164318287441,-13.009184588549196,-12.470786721748599,-12.464397287914762,-12.943009724785258,-10.755423826885352,True,True
2020-01-03,-12.943009724785258,-10.755423826885352,-13.056308983194075,-12.56833127359485,-11.013499778214811,-11.72571889890767,-9.706111341627725,True,True
2020-01-06,-11.72571889890767,-9.706111341627725,-12.594677565462348,-12.698730026466448,-10.761779639861496,-11.584507862658668,-9.35638296456405,True,True
2020-01-07,-11.584507862658668,-9.35638296456405,-12.304214060718056,-12.612840382497454,-11.021655820808942,-11.414729576849561,-9.064807523639463,True,True
2020-01-08,-11.414729576849561,-9.064807523639463,-11.960870870283308,-12.488479008716135,-9.083949147291277,-10.79989791989205,-8.098277862412893,True,True
2020-01-09,-10.79989791989205,-8.098277862412893,-11.488843990589594,-12.27313796624391,-11.226217819906214,-11.71461812686472,-9.186315704934707,True,True
2020-01-10,-11.71461812686472,-9.186315704934707,-11.38191014904697,-12.214537097811295,-12.002929951084347,-12.559580339780032,-9.721400811900537,True,True
2020-01-13,-12.559580339780032,-9.721400811900537,-11.465524187107226,-12.229669968660492,,-11.799434189997688,,False,False
2020-01-14,-11.799434189997688,-9.721400811900537,-11.500468502814853,-12.178381334227991,-11.276055579926044,-11.93275518407586,-10.107688445000408,True,True
2020-01-15,-11.93275518407586,-10.107688445000408,-11.59269313061864,-12.192271471651017,-11.907859392126456,-13.043295579707557,-10.346387745040932,True,True
2020-01-16,-13.043295579707557,-10.346387745040932,-12.095264575839032,-12.20306170572928,-12.33074544536868,-12.93546422281443,-10.595941992713701,True,True
2020-01-17,-12.93546422281443,-10.595941992713701,-12.326340970387243,-12.201691647466854,-12.240164943759964,-13.011670208550088,-10.54971919461903,True,True
2020-01-20,-13.011670208550088,-10.54971919461903,-12.385674859203846,-12.20190013396356,-12.604680089592385,-13.328832771045832,,True,True
2020-01-21,-13.328832771045832,-10.54971919461903,-12.716354386591243,-12.208516810914313,-11.160906379281968,-11.544737150958882,-9.799134285346746,True,True
2020-01-22,-11.544737150958882,-9.799134285346746,-12.527741064036084,-12.125686381271919,-11.965119004943297,-12.38144906641693,-10.500099380012799,True,True
2020-01-23,-12.38144906641693,-10.500099380012799,-12.421515263722963,-12.106217040119505,-11.490261463302101,-12.71299088971735,-10.008264918669429,True,True
2020-01-24,-12.71299088971735,-10.008264918669429,-12.392144575806574,-12.105281881372601,-12.46195292892237,-12.3887086948556,-9.999466003562794,True,True
2020-01-27,-12.3887086948556,-9.999466003562794,-12.303174065855229,-12.084263514762778,-11.69860323239926,-11.745026704868486,-9.909211549368623,True,True
2020-01-28,-11.745026704868486,-9.909211549368623,-12.058054261239189,-12.046625073916449,-12.116210421177446,-11.8945174384987,-10.061318983934825,True,True
2020-01-29,-11.8945174384987,-10.061318983934825,-12.161894955085172,-12.004224766173117,-11.97049196225586,-12.090176121206941,-10.190881595564488,True,True
2020-01-30,-12.090176121206941,-10.190881595564488,-12.109022370000037,-11.968231964923355,-12.044685292519736,-12.199614604232933,-9.678594391381747,True,True
2020-01-31,-12.199614604232933,-9.678594391381747,-12.038237379622403,-11.947637513063109,-11.722914205937162,-12.120353666582012,-9.740452859956996,True,True
2020-02-03,-12.120353666582012,-9.740452859956996,-11.995789419010682,-11.968202192174234,-11.049313493831926,-11.620488486173809,-9.790994048810896,True,True
2020-02-04,-11.620488486173809,-9.790994048810896,-11.962272595885285,-11.970799055735295,-11.986628213878806,-11.803596245799834,-9.70515254236773,True,True
2020-02-05,-11.803596245799834,-9.70515254236773,-11.942106248178924,-11.999291692483064,-11.570843282277078,-10.577265932923275,-9.766013286112335,True,True
2020-02-06,-10.577265932923275,-9.766013286112335,-11.465533373216612,-11.958754300416745,-11.82047961173181,-11.86341702780686,-10.22136137522335,True,True
2020-02-07,-11.86341702780686,-10.22136137522335,-11.427891991004422,-11.967617883375215,-11.907229200204858,-12.092958640285463,-10.173857969592172,True,True
2020-02-10,-12.092958640285463,-10.173857969592172,-11.42511656947426,-11.951303896640303,-11.720997556791565,-12.414928430451859,-10.647197357350755,True,True
2020-02-11,-12.414928430451859,-10.647197357350755,-11.519621132208366,-11.978418645629269,-12.402122954328183,-12.244028035849873,-10.259003328649273,True,True
2020-02-12,-12.244028035849873,-10.259003328649273,-11.574747758814404,-11.992516734555373,-12.655430888147142,-11.946764971015167,-10.611273650481083,True,True
2020-02-13,-11.946764971015167,-10.611273650481083,-12.092968309636356,-11.958253036487887,-12.056163244780905,-12.5165988015525,-10.304436103406974,True,True
2020-02-14,-12.5165988015525,-10.304436103406974,-12.221567801455041,-11.948510869507103,-12.715363508257164,-13.581986087275892,-10.913526674869274,True,True
2020-02-17,-13.581986087275892,-10.913526674869274,-12.4153205538946,-11.956044834092692,-12.911615591254218,-13.368715441384744,,True,True
2020-02-18,-13.368715441384744,-10.913526674869274,-12.546560150237953,-11.956540325318647,-12.98380810553928,-12.667915210982565,-10.182609932711443,True,True
2020-02-19,-12.667915210982565,-10.182609932711443,-12.644738015435541,-12.008811391467859,-12.38362725309829,-12.418371532742604,-10.308092550211928,True,True
2020-02-20,-12.418371532742604,-10.308092550211928,-12.808584859382405,-12.010060800255054,-11.808266388651363,-11.702920678480632,-9.823130230791717,True,True
2020-02-21,-11.702920678480632,-9.823130230791717,-12.518583563654982,-11.967748761491443,-11.848017822690887,-11.762234430735878,-9.513728299429019,True,True
2020-02-24,-11.762234430735878,-9.513728299429019,-12.213276984024585,-11.939562737002122,-10.625012987596268,-10.038560285272899,-8.44561904029692,True,True
2020-02-25,-10.038560285272899,-8.44561904029692,-11.221153819693251,-11.69748545195967,-10.085328422477382,-10.212468176138755,-8.1803705618548,True,True
2020-02-26,-10.212468176138755,-8.1803705618548,-10.814800641211162,-11.532230482781058,-10.627518133984974,-10.65881595487072,-8.580847478576723,True,True
2020-02-27,-10.65881595487072,-8.580847478576723,-10.637888446822133,-11.445012446339856,-10.623384324023041,-10.985373102749744,-8.565984991194531,True,True
2020-02-28,-10.985373102749744,-8.565984991194531,-10.568036670420318,-11.390841302803315,-9.953382936253771,-9.281193742054802,-7.470588204044621,True,True
2020-03-02,-9.281193742054802,-7.470588204044621,-10.059006002933607,-11.062862506791497,-9.373563313812825,-10.344795071208965,-8.39285649256928,True,True
2020-03-03,-10.344795071208965,-8.39285649256928,-10.114357006141077,-10.991570281628144,-10.548765141337814,-11.140353018855073,-8.064013549283292,True,True
2020-03-04,-11.140353018855073,-8.064013549283292,-10.230465932838005,-10.970895553836877,-10.205078344376588,-10.943003354369367,-8.824793903654227,True,True
2020-03-05,-10.943003354369367,-8.824793903654227,-10.263233996689225,-10.993860572122312,-11.892980909307376,-11.376355491707479,-9.361939796022403,True,True
2020-03-06,-11.376355491707479,-9.361939796022403,-10.295174776579547,-10.980795298607264,-10.564853747698036,-10.192238628292342,-7.443406503706172,True,True
2020-03-09,-10.192238628292342,-7.443406503706172,-10.695095036144156,-10.89134901837493,-8.388359407060278,-9.523750980968858,-7.579783294210977,True,True
2020-03-10,-9.523750980968858,-7.579783294210977,-10.386606016922562,-10.721269631790864,-10.077173454065637,-10.097102512293482,-8.31692534963719,True,True
2020-03-11,-10.097102512293482,-8.31692534963719,-10.227013448253482,-10.64206198851206,-11.08242744522269,-10.94691365198664,-8.616692700964109,True,True
2020-03-12,-10.94691365198664,-8.616692700964109,-10.227394973564039,-10.619030284475459,-9.818546114463592,-10.424506967319818,-7.229612403773014,True,True
2020-03-13,-10.424506967319818,-7.229612403773014,-10.1313336956214,-10.567159201149172,-8.326977332287042,-9.811538200318928,-6.72389455380513,True,True
2020-03-16,-9.811538200318928,-6.72389455380513,-10.047740349064773,-10.46822473992733,-8.569256684823552,-7.684995224176108,-6.212038973482296,True,True
2020-03-17,-7.684995224176108,-6.212038973482296,-9.023039178165188,-9.877216450512877,-8.4235568053803,-9.026299311834148,-6.7662568374755585,True,True
2020-03-18,-9.026299311834148,-6.7662568374755585,-8.899914419345553,-9.769240668847207,-9.79851782190073,-8.020665133040124,-6.92326706704358,True,True
2020-03-19,-8.020665133040124,-6.92326706704358,-8.524225768631132,-9.519427976018829,-8.560136507069894,-9.066782334766152,-7.067209882885215,True,True
2020-03-20,-9.066782334766152,-7.067209882885215,-8.441405306351188,-9.448977924731679,-9.61448576925546,-9.394733624115933,-7.724913202308767,True,True
2020-03-23,-9.394733624115933,-7.724913202308767,-8.415468049403845,-9.40224683343943,-9.63899413755058,-10.485446353835687,-7.583788073023021,True,True
2020-03-24,-10.485446353835687,-7.583788073023021,-8.909722887069584,-9.411829055708507,-9.060985023336697,-8.461904390887657,,True,True
2020-03-25,-8.461904390887657,-7.583788073023021,-8.783102120561223,-9.310334719495941,,,,False,False
2020-03-26,-8.461904390887657,-7.583788073023021,-8.783102120561223,-9.310334719495941,,,,False,False
2020-03-27,-8.461904390887657,-7.583788073023021,-8.783102120561223,-9.310334719495941,,,,False,False
2020-03-30,,,-8.783102120561223,-9.310334719495941,,,,False,False
2020-03-31,,,-8.783102120561223,-9.310334719495941,-10.284401445788093,,,False,False
2020-04-01,,,-8.783102120561223,-9.310334719495941,-11.782887554072246,-10.397756042406941,,False,False
2020-04-02,-10.397756042406941,,-9.275607919620025,-9.306469682306291,-10.891580423259084,-10.85828179141656,,False,False
2020-04-03,-10.85828179141656,,-9.50547526942377,-9.305206218633558,,-10.579419915680607,,False,False
2020-04-06,-10.579419915680607,,-9.673999991675252,-9.343149668765198,-11.269456913079436,-11.05558190160986,,False,False
2020-04-07,-11.05558190160986,,-9.713371832422137,-9.352535993290427,,,,False,False
2020-04-08,-11.05558190160986,,-9.713371832422137,-9.352535993290427,,-10.691304250503721,,False,False
2020-04-09,-10.691304250503721,,-10.69120860922569,-9.347805034133756,-12.038334417982288,-10.70575802816606,,False,False
2020-04-10,-10.70575802816606,,-10.764961431738055,-9.345092795103024,,,,False,False
2020-04-13,-10.70575802816606,,-10.764961431738055,-9.345092795103024,,,,False,False
2020-04-14,,,-10.764961431738055,-9.345092795103024,,,,False,False
2020-04-15,,,-10.764961431738055,-9.345092795103024,,,,False,False
2020-04-16,,,-10.764961431738055,-9.345092795103024,-11.289402415626883,,,False,False
2020-04-17,,,-10.764961431738055,-9.345092795103024,-9.985285971197044,-10.319219511790305,,False,False
2020-04-20,-10.319219511790305,,-10.642611640166065,-9.332850434328101,-10.83208400900896,-10.434383392856864,,False,False
2020-04-21,-10.434383392856864,,-10.60989991609866,-9.337413823648669,-10.810378826694205,-9.558539377628255,,False,False
2020-04-22,-9.558539377628255,,-10.242323010811376,-9.338833715290757,-10.427242833939161,-9.737917275201887,,False,False
2020-04-23,-9.737917275201887,,-10.057051965933658,-9.328761714511716,-10.422822183641337,-10.596959987499407,,False,False
2020-04-24,-10.596959987499407,,-10.045107555986254,-9.324616652494091,-11.142978670309816,-11.026046536241076,,False,False
2020-04-27,-11.026046536241076,,-10.125296029693866,-9.332169357611846,,-10.836015249150558,,False,False
2020-04-28,-10.836015249150558,,-10.175080128323664,-9.352213934113605,,,,False,False
2020-04-29,-10.836015249150558,,-10.175080128323664,-9.352213934113605,-11.831067089588108,-10.9080673942047,,False,False
2020-04-30,-10.9080673942047,,-10.495846736769336,-9.645672956196229,-11.27361643834894,-11.528511524356732,,False,False
2020-05-01,-11.528511524356732,,-10.93521921885636,-9.734810581533596,-10.566573942692495,,,False,False
2020-05-04,-11.528511524356732,,-10.93521921885636,-9.734810581533596,-11.099418704685382,-11.041234668125497,-9.08538690215617,False,False
2020-05-05,-11.041234668125497,-9.08538690215617,-11.041267365673306,-10.04141335611273,-11.697432207739931,-10.16878232340866,-9.151753996124004,True,True
2020-05-06,-10.16878232340866,-9.151753996124004,-10.797927139551884,-10.134064994790148,-11.246976580188374,-11.257212299718327,,True,True
2020-05-07,-11.257212299718327,-9.151753996124004,-10.866397229179658,-10.226689189047681,-11.428374480059544,-11.380484718525091,-9.158737418918577,True,True
2020-05-08,-11.380484718525091,-9.158737418918577,-10.941366502204433,-10.249782459232106,-10.729078041865519,-11.845441669089135,,True,True
2020-05-11,-11.845441669089135,-9.158737418918577,-10.972031080517135,-10.590442185480265,-11.555705497588391,-10.827410891593763,-9.477261908520216,True,True
2020-05-12,-10.827410891593763,-9.477261908520216,-10.928499692584142,-10.611843886945778,-11.500439260332847,-11.609272848170974,-9.600452591037945,True,True
2020-05-13,-11.609272848170974,-9.600452591037945,-11.32345418518389,-10.632697489837607,-11.818620696465887,-11.970126761537431,-9.26534904959974,True,True
2020-05-14,-11.970126761537431,-9.26534904959974,-11.438797564117369,-10.673113457399444,-11.779748584879476,-11.231507580838612,-9.305305627502724,True,True
2020-05-15,-11.231507580838612,-9.305305627502724,-11.405306170071105,-10.678631067713546,-11.460936563363427,-11.14916049695013,-9.309257979601142,True,True
2020-05-18,-11.14916049695013,-9.309257979601142,-11.283444042194011,-10.696934321077153,-10.84650613710005,-11.406842364032773,-8.783689278428248,True,True
2020-05-19,-11.406842364032773,-8.783689278428248,-11.432847274498812,-10.722227806171633,-11.556934892060204,-11.133107240509604,-9.625785287070537,True,True
2020-05-20,-11.133107240509604,-9.625785287070537,-11.33549431527308,-10.764783199700753,-11.550129219711815,-11.207666276546963,-9.512907453927035,True,True
2020-05-21,-11.207666276546963,-9.512907453927035,-11.221054234845944,-10.802970234899774,-11.367246525983536,-11.697150517191927,-9.359551804448836,True,True
2020-05-22,-11.697150517191927,-9.359551804448836,-11.297589212056314,-10.969143839729474,-11.671384525737537,-11.84726792705803,-9.659280466901862,True,True
2020-05-25,-11.84726792705803,-9.659280466901862,-11.42153806946749,-11.132243333675468,-12.035847420770173,-11.831659121795852,,True,True
2020-05-26,-11.831659121795852,-9.659280466901862,-11.494374238318384,-11.19470702796356,-11.769331372339147,-11.707611936034162,,True,True
2020-05-27,-11.707611936034162,,-11.628404618855871,-11.224391507948067,-11.426744564830669,-11.625434692760033,-9.337637966393345,False,False
2020-05-28,-11.625434692760033,-9.337637966393345,-11.738244341976115,-11.265472044343886,-11.353481722187174,-11.448328208999754,,True,True
2020-05-29,-11.448328208999754,-9.337637966393345,-11.681039103338714,-11.295762518672232,-11.148871719065307,-11.468746179575714,-9.48890745245133,True,True
2020-06-01,-11.468746179575714,-9.48890745245133,-11.605995157338418,-11.293325543815909,-11.181994152062346,,,True,False
2020-06-02,-11.468746179575714,-9.48890745245133,-11.605995157338418,-11.293325543815909,-11.705613375068957,-11.416848258073262,,True,True
2020-06-03,-11.416848258073262,,-11.527141054082795,-11.31367680281877,-10.846181699795357,-10.930313894388837,-8.948611485402328,False,False
2020-06-04,-10.930313894388837,-8.948611485402328,-11.347912662871543,-11.401137338060359,-11.353842729485304,-11.108394862632816,,True,True
2020-06-05,-11.108394862632816,-8.948611485402328,-11.250245729888322,-11.3919149900344,-11.03284933376193,,,True,False
2020-06-08,-11.108394862632816,,-11.250245729888322,-11.3919149900344,-11.067945768410572,-11.498018038575788,-9.549945776108947,False,False
2020-06-09,-11.498018038575788,-9.549945776108947,-11.25823043252357,-11.397538968909226,-11.224879459180222,-10.896365423513092,-9.50416536379662,True,True
2020-06-10,-10.896365423513092,-9.50416536379662,-11.14029829086278,-11.348192273758054,-11.281496763725208,-11.915706558564652,,True,True
2020-06-11,-11.915706558564652,-9.50416536379662,-11.201722731248354,-11.40563123239092,-11.311570418823996,-11.154700411642407,-8.873850476304463,True,True
2020-06-12,-11.154700411642407,-8.873850476304463,-11.25589719845385,-11.38242916922937,-10.850429124578326,-11.712407949840419,-9.415499553047475,True,True
2020-06-15,-11.712407949840419,-9.415499553047475,-11.366928382768036,-11.374295638938428,-11.211395113163949,,,True,False
2020-06-16,-11.712407949840419,-9.415499553047475,-11.366928382768036,-11.374295638938428,-11.185168171829629,-11.0400246928365,-8.947162215902955,True,True
2020-06-17,-11.0400246928365,-8.947162215902955,-11.269887194674633,-11.362197305859498,-11.995030180905518,-10.872036933252815,-9.795743422853217,True,True
2020-06-18,-10.872036933252815,-9.795743422853217,-11.262756892615442,-11.342632558771564,-11.015372288045917,-10.819521572296198,-9.470460710999133,True,True
2020-06-19,-10.819521572296198,-9.470460710999133,-11.07424939594288,-11.30584459364216,-12.589306562742845,-12.03219843425604,-10.127356928169721,True,True
2020-06-22,-12.03219843425604,-10.127356928169721,-11.188319084324943,-11.341724890352955,-11.024157160029995,-10.749441699119181,-9.358298064481323,True,True
2020-06-23,-10.749441699119181,-9.358298064481323,-11.012876045724825,-11.30903254979593,-10.283637812273753,-11.57455525566046,-9.332007940772659,True,True
2020-06-24,-11.57455525566046,-9.332007940772659,-11.096902618291944,-11.304618669599575,-11.294271894576628,-11.69691985267241,-9.182736305582642,True,True
2020-06-25,-11.69691985267241,-9.182736305582642,-11.248505426982872,-11.299915039605525,-11.31001324522945,-11.023616166244352,-9.644811489611898,True,True
2020-06-26,-11.023616166244352,-9.644811489611898,-11.306878926408727,-11.264033428535424,-12.262864344771748,-12.13307852077307,-9.748302551458126,True,True
2020-06-29,-12.13307852077307,-9.748302551458126,-11.316214415754352,-11.275214911484298,-11.140821312408669,-11.881257157050031,-9.976310925729988,True,True
2020-06-30,-11.881257157050031,-9.976310925729988,-11.589134963310917,-11.28319807480633,-12.379472397348804,-12.23633301782892,-9.846134929700387,True,True
2020-07-01,-12.23633301782892,-9.846134929700387,-11.692536496419688,-11.306582003197498,-12.074686649417007,-11.057221006185788,,True,True
2020-07-02,-11.057221006185788,-9.846134929700387,-11.528380380756,-11.285167754229143,-11.626342406938114,-12.048795807488768,-9.579966386499352,True,True
2020-07-03,-12.048795807488768,-9.579966386499352,-11.767226894218984,-11.30591388697714,-11.965684642494633,-12.300952899696602,,True,True
2020-07-06,-12.300952899696602,-9.579966386499352,-11.788897985439982,-11.361752000782017,-12.251721701012718,-12.27556244222798,,True,True
2020-07-07,-12.27556244222798,,-11.85015748489032,-11.407133852943964,-12.2917365850802,-11.738081755453685,-10.00731607011493,False,False
2020-07-08,-11.738081755453685,-10.00731607011493,-11.766010040111684,-11.416925680339409,-11.648551124281788,-11.478264393962597,-9.666390205895484,True,True
2020-07-09,-11.478264393962597,-9.666390205895484,-11.916393852775652,-11.454755575298813,-12.087194848386876,-11.33461711947038,,True,True
2020-07-10,-11.33461711947038,-9.666390205895484,-11.748640270682733,-11.43021080874897,-11.938941031924069,-11.86177701187949,-9.996216167290903,True,True
2020-07-13,-11.86177701187949,-9.996216167290903,-11.687091566443316,-11.464166417250468,-12.159617245907308,-11.979233082150303,-9.896716401580075,True,True
2020-07-14,-11.979233082150303,-9.896716401580075,-11.649509253279927,-11.47334393816079,-11.94436372264678,-10.87981103286291,-9.66668248564307,True,True
2020-07-15,-10.87981103286291,-9.66668248564307,-11.42734572970244,-11.460032703506569,-11.996215053986509,-11.768653132325408,-10.131484947110295,True,True
2020-07-16,-11.768653132325408,-10.131484947110295,-11.476434215387753,-11.51480134213442,-12.481762513551171,-12.095347862622733,-10.117502611640743,True,True
2020-07-17,-12.095347862622733,-10.117502611640743,-11.607417247391226,-11.589776928467513,-12.182801532697562,-12.576768015301203,-10.799574980541705,True,True
2020-07-20,-12.576768015301203,-10.799574980541705,-11.689947817477318,-11.60335785078069,-12.524783155584245,-12.374570922968788,-10.478922193729392,True,True
2020-07-21,-12.374570922968788,-10.478922193729392,-11.74008773829431,-11.702425733723558,-12.074042958773312,-12.039715423086548,-9.681353492594956,True,True
2020-07-22,-12.039715423086548,-9.681353492594956,-12.132455174713435,-11.723787466820678,-9.477971111339762,-10.29930096257273,-8.56922895272731,True,True
2020-07-23,-10.29930096257273,-8.56922895272731,-11.458002519337663,-11.578454482614006,-10.773795139385111,-10.718566884300387,-8.852659122672277,True,True
2020-07-24,-10.718566884300387,-8.852659122672277,-11.185526640509286,-11.547865351092213,-10.931946953900404,-10.853498003774394,-9.464298780111715,True,True
2020-07-27,-10.853498003774394,-9.464298780111715,-10.979321503839774,-11.478084903519632,-9.776853251742754,-10.74991306941688,-8.720721428213956,True,True
2020-07-28,-10.74991306941688,-8.720721428213956,-10.795320615264277,-11.410281709815457,-8.352230720860188,-8.633235772072313,,True,True
2020-07-29,-8.633235772072313,-8.720721428213956,-9.809420297492235,-10.83272216114993,-10.294526109500103,-11.60016936717414,,True,True
2020-07-30,-11.60016936717414,-8.720721428213956,-9.902822456732089,-10.849599787588229,,-10.40132353115209,,False,False
2020-07-31,-10.40132353115209,-8.720721428213956,-9.870329991273767,-10.788308344257816,-10.507905148032133,-11.24680837209296,-9.07926173191507,True,True
2020-08-03,-11.24680837209296,-9.07926173191507,-9.894962477470864,-10.767922322324043,-10.983605054980618,,,True,False
2020-08-04,-11.24680837209296,-9.07926173191507,-9.894962477470864,-10.767922322324043,-11.71396741059146,-12.068755749206,-8.869418366521506,True,True
2020-08-05,-12.068755749206,-8.869418366521506,-9.959300245091296,-10.765381910020404,-10.275846493825672,-10.392125730587114,-8.615686488656092,True,True
2020-08-06,-10.392125730587114,-8.615686488656092,-10.936147329278487,-10.713055366751437,-11.025352546669332,-10.838990100425715,,True,True
2020-08-07,-10.838990100425715,-8.615686488656092,-10.825096787372972,-10.692447391543913,,,,False,False
2020-08-10,-10.838990100425715,,-10.825096787372972,-10.692447391543913,-10.954350638820104,-11.192035692467977,-9.22678040834717,False,False
2020-08-11,-11.192035692467977,-9.22678040834717,-11.007785575057856,-10.688423954631707,-10.01050259663442,-9.663040538351698,,True,True
2020-08-12,-9.663040538351698,-9.22678040834717,-10.531574857602902,-10.571581971523901,-8.203345225421247,-8.415280590767264,,True,True
2020-08-13,-8.415280590767264,-9.22678040834717,-9.569520607296337,-10.221122012405786,,-10.625765210170409,,False,False
2020-08-14,-10.625765210170409,-9.22678040834717,-9.587995508824099,-10.213665607030032,-10.65406354732761,-10.612862600752523,,True,True
2020-08-17,-10.612862600752523,,-9.573575149339563,-10.190942419497707,-10.409082051747196,-10.774192285098886,,False,False
2020-08-18,-10.774192285098886,,-9.553222712173659,-10.170690355312187,-10.310861664949886,-10.438922634940225,,False,False
2020-08-19,-10.438922634940225,,-9.654939195697365,-10.13751858011576,-10.235842529683673,-10.311381253361466,-7.80230810787721,False,False
2020-08-20,-10.311381253361466,-7.80230810787721,-10.539605493081305,-10.101493374357867,-9.785518869964685,-9.78481748368172,,True,True
2020-08-21,-9.78481748368172,-7.80230810787721,-10.322928750563202,-10.041876414630266,-10.477886115662114,-10.165823284992912,-8.341019760759943,True,True
2020-08-24,-10.165823284992912,-8.341019760759943,-10.241937702315324,-10.036372249168874,-10.83644553604049,-10.560284782371385,-8.663450401089118,True,True
2020-08-25,-10.560284782371385,-8.663450401089118,-10.214308743565672,-10.032046984674635,-11.287520031190056,-10.583922333621539,-9.025685074935293,True,True
2020-08-26,-10.583922333621539,-9.025685074935293,-10.23610931933863,-10.025266236056225,-11.233003158940726,-11.085723126696324,,True,True
2020-08-27,-11.085723126696324,-9.025685074935293,-10.341450103475875,-10.03220012461422,-10.869016708455577,-10.89119889874367,-7.553584680446223,True,True
2020-08-28,-10.89119889874367,-7.553584680446223,-10.607420906878257,-10.232324194435357,-10.36587238818279,-10.112638430651327,-8.727569098555819,True,True
2020-08-31,-10.112638430651327,-8.727569098555819,-10.590573309948303,-10.189624563759853,-10.834221551054897,-10.999860003456954,-9.161533923093634,True,True
2020-09-01,-10.999860003456954,-9.161533923093634,-10.666726344262912,-10.208015388919199,-10.410003687369523,-10.695855012754668,-8.754335594578071,True,True
2020-09-02,-10.695855012754668,-8.754335594578071,-10.690002626700686,-10.195095720271421,-10.233538567166368,-10.797793773961656,-8.750269716015396,True,True
2020-09-03,-10.797793773961656,-8.750269716015396,-10.646058421362568,-10.17559841836792,-10.818959656743074,-10.634452171880383,-8.847509713770746,True,True
2020-09-04,-10.634452171880383,-8.847509713770746,-10.601261119087518,-10.184301322655692,-10.728534660844353,-11.31667755792948,-8.64568629732517,True,True
2020-09-07,-11.31667755792948,-8.64568629732517,-10.860311971179495,-10.194217181944433,-11.055291623308237,-11.661410584813822,,True,True
2020-09-08,-11.661410584813822,-8.64568629732517,-10.94825082901571,-10.201146692767802,-11.607174055419872,-10.221132310022638,-8.77764625941021,True,True
2020-09-09,-10.221132310022638,-8.77764625941021,-10.802938316991654,-10.238461683304376,-11.02379480701841,-11.10108039489239,-9.281587036468022,True,True
2020-09-10,-11.10108039489239,-9.281587036468022,-10.856964165890135,-10.578804129498897,-11.360730335109707,-11.76254697950648,-9.29428599595664,True,True
2020-09-11,-11.76254697950648,-9.29428599595664,-11.042066695125289,-10.611740306302776,-11.162909757155854,-11.637464580732681,-9.557213518088231,True,True
2020-09-14,-11.637464580732681,-9.557213518088231,-11.084666228489018,-10.644281144997814,-11.658882255028612,-11.797488621141794,-10.066983692052593,True,True
2020-09-15,-11.797488621141794,-10.066983692052593,-11.099062484239958,-10.672811835449936,-11.770436205774535,-11.57415472918563,-9.55451717713817,True,True
2020-09-16,-11.57415472918563,-9.55451717713817,-11.540389107753768,-10.716632093318472,-11.659201572290435,-11.58109969474753,-9.196546214242662,True,True
2020-09-17,-11.58109969474753,-9.196546214242662,-11.666298709467462,-10.772060390989555,-10.385513588268719,-11.499591934665201,-9.344754722982492,True,True
2020-09-18,-11.499591934665201,-9.344754722982492,-11.613105055608079,-10.888634920324447,-11.186002415945778,-12.479974086426301,-9.882051581559177,True,True
2020-09-21,-12.479974086426301,-9.882051581559177,-11.73091371656913,-10.986058403913706,-11.57912193671902,-10.549288383479162,-8.293616451594918,True,True
2020-09-22,-10.549288383479162,-8.293616451594918,-11.349184746536164,-10.98521246706297,-10.251062686544186,-10.297181954302031,-8.706901263384061,True,True
2020-09-23,-10.297181954302031,-8.706901263384061,-11.003492297560335,-10.960712936162382,-10.010973112508553,-10.07329701780025,-8.344001698760271,True,True
2020-09-24,-10.07329701780025,-8.344001698760271,-10.67077501919959,-10.886238442664885,-10.004862955312726,-10.302139914497653,-8.550032717365076,True,True
2020-09-25,-10.302139914497653,-8.550032717365076,-10.486922221748742,-10.847098417656591,-10.726296313094517,-10.35913751141515,-9.007184396978968,True,True
2020-09-28,-10.35913751141515,-9.007184396978968,-10.304595755720573,-10.870129864118065,-11.198192552847882,-10.607660674933355,-9.259355089924547,True,True
2020-09-29,-10.607660674933355,-9.259355089924547,-10.313514208801807,-10.849258984911181,-11.281174924292788,-11.059833791376766,-9.51793749593144,True,True
2020-09-30,-11.059833791376766,-9.51793749593144,-10.428332215396228,-10.86720288719449,-11.133560360345207,-11.192112548130527,-9.114091726466766,True,True
2020-10-01,-11.192112548130527,-9.114091726466766,-10.641606880635301,-10.884821284094212,-11.74415205143239,-11.656893940029967,-9.48939342415826,True,True
2020-10-02,-11.656893940029967,-9.48939342415826,-10.875280805158443,-10.926812975894896,-9.931208876495107,-10.742619010021059,-8.934763765341113,True,True
2020-10-05,-10.742619010021059,-8.934763765341113,-10.98815599814816,-10.900896701094933,-11.41857462347993,-11.506718147610934,-9.588431884401201,True,True
2020-10-06,-11.506718147610934,-9.588431884401201,-11.17874356313077,-10.896994331388495,-12.022404775794618,-11.831801290689548,-9.172799556795358,True,True
2020-10-07,-11.831801290689548,-9.172799556795358,-11.307899707184328,-10.97891315671675,-11.046395372655754,-11.221191743230614,-9.304434401162169,True,True
2020-10-08,-11.221191743230614,-9.304434401162169,-11.31435625248325,-10.983933881907056,-11.825785211338653,-12.101280645232896,-9.496336237877086,True,True
2020-10-09,-12.101280645232896,-9.496336237877086,-11.366644477360072,-10.990550502299186,-11.199013723399059,-11.52294562112511,-9.684524642258012,True,True
2020-10-12,-11.52294562112511,-9.684524642258012,-11.592573051939763,-10.987378656901354,-10.988836254625767,-11.523891773272329,-9.727149080884258,True,True
2020-10-13,-11.523891773272329,-9.727149080884258,-11.596290641542682,-10.980404303144182,-10.886716094627557,-11.650328289939067,-9.180449540207203,True,True
2020-10-14,-11.650328289939067,-9.180449540207203,-11.565329097483858,-10.982431593659973,-10.855329856346188,-11.492258890933151,-9.521655639933412,True,True
2020-10-15,-11.492258890933151,-9.521655639933412,-11.634671959115893,-10.979882036032059,-10.903998381836866,-10.68171762547424,-9.292753045187915,True,True
2020-10-16,-10.68171762547424,-9.292753045187915,-11.303035028292033,-10.942938420735144,-11.788572230943288,-11.935552174784762,-9.89748749366247,True,True
2020-10-19,-11.935552174784762,-9.89748749366247,-11.358830585161835,-10.935189064331254,-11.7041764431847,-12.05529977583569,-10.02796223920031,True,True
2020-10-20,-12.05529977583569,-10.02796223920031,-11.431293772771946,-10.994127025788924,-11.152091676956681,-11.819171242579301,-9.707074376776296,True,True
2020-10-21,-11.819171242579301,-9.707074376776296,-11.45657025153646,-11.07584668004866,-11.481825051244302,-11.766119402240351,-9.838752889826424,True,True
2020-10-22,-11.766119402240351,-9.838752889826424,-11.503905701461798,-11.19371746128524,-11.446465238124494,-12.033559969252128,-9.643795461350914,True,True
2020-10-23,-12.033559969252128,-9.643795461350914,-11.915388318009883,-11.29947781765697,-11.946703512152755,-12.280130869804287,-9.832716984279408,True,True
2020-10-26,-12.280130869804287,-9.832716984279408,-11.974217871575354,-11.415213450472471,-11.517323259224503,-11.519186182319785,-9.823764819130352,True,True
2020-10-27,-11.519186182319785,-9.823764819130352,-11.851273924160951,-11.484625894138736,-11.970186447110772,-11.835383212322824,-10.267215651993762,True,True
2020-10-28,-11.835383212322824,-10.267215651993762,-11.854600629642865,-11.526756965775082,-12.196990304911658,-11.47251654696776,-9.518091662147084,True,True
2020-10-29,-11.47251654696776,-9.518091662147084,-11.78268534395331,-11.543989852665996,-11.978726598527267,-11.393943447500936,-9.372989760968368,True,True
2020-10-30,-11.393943447500936,-9.372989760968368,-11.652182860881409,-11.530646678553572,-11.286790702856564,-11.16155691767675,-9.45004132251723,True,True
2020-11-02,-11.16155691767675,-9.45004132251723,-11.453388974191666,-11.569004911227827,-11.374604959369545,-11.567691304318712,-9.923016965653336,True,True
2020-11-03,-11.567691304318712,-9.923016965653336,-11.462295012090195,-11.572157526706842,-11.556815735708103,-11.580634155631257,-9.664049667275918,True,True
2020-11-04,-11.580634155631257,-9.664049667275918,-11.42311464338497,-11.56120606916229,-9.120915647293666,-10.693847326302052,-8.463102593772822,True,True
2020-11-05,-10.693847326302052,-8.463102593772822,-11.220702548650285,-11.513576244173457,-11.23375945329744,-11.27064182093721,-8.985609451623096,True,True
2020-11-06,-11.27064182093721,-8.985609451623096,-11.19887213907189,-11.478238842457232,-10.685736174953924,-11.06323052465371,-9.107326364551211,True,True
2020-11-09,-11.06323052465371,-9.107326364551211,-11.177648718472932,-11.450715824845336,-11.362965136854768,-9.789059133683393,-7.707910839514609,True,True
2020-11-10,-9.789059133683393,-7.707910839514609,-10.666963496949869,-11.254384784199948,-10.479071089852717,-10.049945312087642,-8.92158300558071,True,True
2020-11-11,-10.049945312087642,-8.92158300558071,-10.411957946992288,-11.129434404866082,-11.368324166187003,-11.112835572577852,-9.244545737636022,True,True
2020-11-12,-11.112835572577852,-9.244545737636022,-10.464980619769795,-11.11351042564427,-11.158547673560593,-11.308971514950622,-9.510012830926552,True,True
2020-11-13,-11.308971514950622,-9.510012830926552,-10.468346550929153,-11.150047895498412,-11.878238615814269,-11.730904794299782,-9.857739007334143,True,True
2020-11-16,-11.730904794299782,-9.857739007334143,-10.523583879637064,-11.144884794882651,-11.280151206720417,-9.115623031634632,-8.681333395332938,True,True
2020-11-17,-9.115623031634632,-8.681333395332938,-10.186665950324592,-10.837175480072155,-11.856190037340554,-11.518147486573147,-9.916717551968432,True,True
2020-11-18,-11.518147486573147,-9.916717551968432,-10.380838759302042,-10.830618922219568,-11.537121821955088,-11.096257907573909,-9.729172145878591,True,True
2020-11-19,-11.096257907573909,-9.729172145878591,-10.379232162010279,-10.812075595357777,-11.246951582785211,-10.669704194544158,-9.388007436799247,True,True
2020-11-20,-10.669704194544158,-9.388007436799247,-10.310965495960529,-10.7700601116068,-11.307296687822888,-11.441869895714428,-9.790129338306466,True,True
2020-11-23,-11.441869895714428,-9.790129338306466,-10.294892846289736,-10.755669702707518,-11.833438115327626,-11.29072827832824,-8.962341379924727,True,True
2020-11-24,-11.29072827832824,-8.962341379924727,-11.154134318781026,-10.749707004500692,-10.439412701122155,-10.323865005844068,-9.088784696244916,True,True
2020-11-25,-10.323865005844068,-9.088784696244916,-10.87664586529225,-10.691758642849827,-10.844262748268834,-11.030107048750267,-9.572853506755031,True,True
2020-11-26,-11.030107048750267,-9.572853506755031,-10.865724945000247,-10.679094762617726,-11.419251077601272,-11.905408148868785,,True,True
2020-11-27,-11.905408148868785,-9.572853506755031,-11.055188459279941,-10.6889377463998,-11.506750493089369,-12.112694253597754,,True,True
2020-11-30,-12.112694253597754,,-11.123892752865919,-10.70825103826376,-9.919751612219988,-10.623918391244924,-8.777312731225399,False,False
2020-12-01,-10.623918391244924,-8.777312731225399,-10.97506934643044,-10.67556161997956,-11.21052755546837,-10.943543132892344,-9.516418905781778,True,True
2020-12-02,-10.943543132892344,-9.516418905781778,-11.170067898812446,-10.657701594995784,-11.216160661732266,-10.614976683722016,-9.195750375597777,True,True
2020-12-03,-10.614976683722016,-9.195750375597777,-11.058191854374927,-10.653751853834944,-11.055097402536761,-11.457413900079093,-9.387020559177598,True,True
2020-12-04,-11.457413900079093,-9.387020559177598,-11.010881767745357,-10.658359128890364,-11.559779418784366,-11.196260316696936,-9.47346311917824,True,True
2020-12-07,-11.196260316696936,-9.47346311917824,-10.915840456129862,-10.662522281622406,-11.662086738247858,-10.344725753702306,-9.2188690368291,True,True
2020-12-08,-10.344725753702306,-9.2188690368291,-10.83311079230625,-10.714926443666933,-11.301742256725596,-11.458689070473419,-9.335028284593983,True,True
2020-12-09,-11.458689070473419,-9.335028284593983,-10.907941009180997,-10.791220821313358,-11.277522822275083,-10.866922019986953,-8.79970481972548,True,True
2020-12-10,-10.866922019986953,-8.79970481972548,-10.969502224375981,-10.781165755911747,-11.32025093891227,-10.813879574707826,-9.28384326848779,True,True
2020-12-11,-10.813879574707826,-9.28384326848779,-10.864335663085757,-10.762446187375884,-11.777897767802772,-10.779146060403518,-9.632319875262612,True,True
2020-12-14,-10.779146060403518,-9.632319875262612,-10.79268832116285,-10.732704344012612,-12.128659156814576,-10.372076303113918,-9.398670701542784,True,True
2020-12-15,-10.372076303113918,-9.398670701542784,-10.801169545177196,-10.93140735960658,-11.541991337520384,-11.54182526617476,-9.736132507703068,True,True
2020-12-16,-11.54182526617476,-9.736132507703068,-10.809470663932526,-10.932058242547022,-11.704154307252713,-11.209099674898104,-9.237196201404975,True,True
2020-12-17,-11.209099674898104,-9.237196201404975,-10.865744560692894,-10.936595996844597,-11.888505576434468,-10.924251515393642,-9.428779941814366,True,True
2020-12-18,-10.924251515393642,-9.428779941814366,-10.888002818130333,-10.951378631287469,-11.75901485949454,-11.62104218724653,-9.61218292871059,True,True
2020-12-21,-11.62104218724653,-9.61218292871059,-11.02372085319587,-10.956413522028631,-10.599339509861558,-9.029712569094722,-8.366063847536063,True,True
2020-12-22,-9.029712569094722,-8.366063847536063,-10.288834813260992,-10.688258730519221,-11.334929370413576,-11.567206747494243,-9.437761070744653,True,True
2020-12-23,-11.567206747494243,-9.437761070744653,-10.290267632338523,-10.740838190551973,-11.204811935043159,-11.963899768867508,-9.650899165172724,True,True
2020-12-24,-11.963899768867508,-9.650899165172724,-10.3334716698958,-10.76382452241344,-11.819138588199495,-11.060687973688998,,True,True
2020-12-25,-11.060687973688998,-9.650899165172724,-10.347700991501481,-10.742854315619834,,,,False,False
2020-12-28,-11.060687973688998,,-10.347700991501481,-10.742854315619834,-10.505291531465065,-11.156763597601632,-9.164763694667512,False,False
2020-12-29,-11.156763597601632,-9.164763694667512,-10.315160155515791,-10.722712859311098,-11.039424515815979,-11.128144983403493,-9.567929167949357,True,True
2020-12-30,-11.128144983403493,-9.567929167949357,-11.32178813868989,-10.744812811465158,-11.62697594801118,-12.111545069597607,-10.116600504151526,True,True
2020-12-31,-12.111545069597607,-10.116600504151526,-11.389729099799958,-10.773460890163367,-11.122288988614049,-11.853484369001455,-9.757500251825219,True,True
2021-01-01,-11.853484369001455,-9.757500251825219,-11.376665655325406,-10.815958551673896,,,,False,False
2021-01-04,-11.853484369001455,-9.757500251825219,-11.376665655325406,-10.815958551673896,-10.997487335756393,-10.88490526905517,-9.095336195115301,True,True
2021-01-05,-10.88490526905517,-9.095336195115301,-11.325289767628211,-10.795820156073031,-10.999351872383517,-11.406722684292554,-9.425458301626454,True,True
2021-01-06,-11.406722684292554,-9.425458301626454,-11.379062903837625,-10.8021986737164,-10.206245945614834,-11.057559660335405,-8.257338691569053,True,True
2021-01-07,-11.057559660335405,-8.257338691569053,-11.360438443152638,-10.843303997077145,-10.842819444063558,-10.352473484307275,-8.900159013931745,True,True
2021-01-08,-10.352473484307275,-8.900159013931745,-10.986371102858739,-10.790083675156245,-11.39359586647915,-9.534405477068058,-7.990522612713801,True,True
2021-01-11,-9.534405477068058,-7.990522612713801,-10.415240184011509,-10.668566347325498,-9.207627381046414,-10.397979793695015,-8.410075194360724,True,True
2021-01-12,-10.397979793695015,-8.410075194360724,-10.339724893829676,-10.646512253852459,-10.830525193718266,-11.0883398756368,-8.900591604242715,True,True
2021-01-13,-11.0883398756368,-8.900591604242715,-10.314255725458835,-10.658226867755548,-11.252266470968475,-10.736384348378511,-9.287110661486778,True,True
2021-01-14,-10.736384348378511,-9.287110661486778,-10.278867435328433,-10.678759941462568,-10.297145466720952,-11.513385999827745,-9.06841710602097,True,True
2021-01-15,-11.513385999827745,-9.06841710602097,-10.41538907779858,-10.678151635700855,-11.005082749517262,-11.632985692729529,-9.2033631829123,True,True
2021-01-18,-11.632985692729529,-9.2033631829123,-10.966110619367749,-10.688362146341364,-10.491060531076531,-11.18951154470301,,True,True
2021-01-19,-11.18951154470301,-9.2033631829123,-11.180584563529438,-10.69760645046357,-11.283854081523913,-11.312523695835214,-9.632090252346195,True,True
2021-01-20,-11.312523695835214,-9.632090252346195,-11.225631885633431,-10.69045540754199,-11.800646407957641,-11.819959772048536,-9.140820701317217,True,True
2021-01-21,-11.819959772048536,-9.140820701317217,-11.468762611788586,-10.974147165984755,-11.624969125008484,-11.208343381266294,-9.585381484032434,True,True
2021-01-22,-11.208343381266294,-9.585381484032434,-11.40276584373426,-10.962289117036557,-11.369244390826463,-10.816360022386935,-9.226566940173841,True,True
2021-01-25,-10.816360022386935,-9.226566940173841,-11.219918216576458,-10.923557622225175,-11.447874324420521,-11.409819334691191,-9.476249112628897,True,True
2021-01-26,-11.409819334691191,-9.476249112628897,-11.261539023142467,-10.936487641660245,-11.680515920048164,-11.560171668206275,-9.983118050262085,True,True
2021-01-27,-11.560171668206275,-9.983118050262085,-11.304125356708466,-10.94989365639307,-11.684470790534492,-10.694493418713591,-9.156453191881715,True,True
2021-01-28,-10.694493418713591,-9.156453191881715,-11.082142175698984,-10.927435435176026,-11.294520732281375,-11.24206916133151,-8.934729227474866,True,True
2021-01-29,-11.24206916133151,-8.934729227474866,-11.08800562594191,-10.90645518296382,-12.244907837827757,-10.506162934234077,-8.786719007326129,True,True
2021-02-01,-10.506162934234077,-8.786719007326129,-10.996847567819398,-10.85270737217165,-10.733775256537193,-10.048035848472914,-8.885459852295304,True,True
2021-02-02,-10.048035848472914,-8.885459852295304,-10.671731285022133,-10.791252648816789,-11.424281605264097,-10.706471068463555,-8.967494246172476,True,True
2021-02-03,-10.706471068463555,-8.967494246172476,-10.566549985890534,-10.764216810026669,-11.506549423692134,-11.626159386594809,-9.81598026109374,True,True
2021-02-04,-11.626159386594809,-9.81598026109374,-10.679340701513594,-10.780520269868344,-10.799963652937222,-10.53670938048489,-8.74620664841502,True,True
2021-02-05,-10.53670938048489,-8.74620664841502,-10.568935596951514,-10.793512042526588,-11.550761008593257,-10.437426512709624,-9.12500295243479,True,True
2021-02-08,-10.437426512709624,-9.12500295243479,-10.553896548040203,-10.904138817515848,-11.151722633823718,-11.097370314126847,-9.606724237989622,True,True
2021-02-09,-11.097370314126847,-9.606724237989622,-10.79665238607884,-10.946765355291046,-11.546479954648191,-11.28558958077618,-9.448175779506869,True,True
2021-02-10,-11.28558958077618,-9.448175779506869,-10.897820557876832,-10.954564831980726,-11.394982548098893,-11.448425077361888,-9.110876463448882,True,True
2021-02-11,-11.448425077361888,-9.110876463448882,-10.879216501593062,-10.98675468412178,-12.091193276475693,-11.862067408104739,-9.758809046282405,True,True
2021-02-12,-11.862067408104739,-9.758809046282405,-11.11095481674503,-10.995485661428532,-12.061742596328955,-11.327168568301143,-9.464570253149684,True,True
2021-02-15,-11.327168568301143,-9.464570253149684,-11.373770385867708,-10.986074952307938,-11.867600532950156,-11.999748978009546,,True,True
2021-02-16,-11.999748978009546,-9.464570253149684,-11.544235466354184,-11.008987381355935,-11.963429033130735,-11.523986312140286,-8.639610102278251,True,True
2021-02-17,-11.523986312140286,-8.639610102278251,-11.60074645966328,-11.01604733668116,-11.769727248332108,-10.628470610159258,-9.123525976700343,True,True
2021-02-18,-10.628470610159258,-9.123525976700343,-11.341553306523652,-10.966027853647178,-11.48182777690965,-10.911564059705562,-9.285634767082724,True,True
2021-02-19,-10.911564059705562,-9.285634767082724,-11.16877278589455,-10.952560658112859,-10.226583032679644,-11.4365927905076,-8.65234802295804,True,True
2021-02-22,-11.4365927905076,-8.65234802295804,-11.186624470613728,-10.979398512205846,-10.766558422776647,-11.300656474791207,-9.192183163317518,True,True
2021-02-23,-11.300656474791207,-9.192183163317518,-11.100674483371906,-10.97565548908486,-11.234479157430993,-10.945792160750283,-9.303373765666791,True,True
2021-02-24,-10.945792160750283,-9.303373765666791,-11.003067639345074,-10.952283834274441,-11.59092611885542,-11.120616758489154,-9.079665635180664,True,True
2021-02-25,-11.120616758489154,-9.079665635180664,-11.123047470490105,-10.97498942276952,-10.904151300019217,-10.384044476530654,-8.632806867714539,True,True
2021-02-26,-10.384044476530654,-8.632806867714539,-10.96461953526326,-10.924292417163967,-10.106491959594802,-10.608578486386225,-8.345286044720043,True,True
2021-03-01,-10.608578486386225,-8.345286044720043,-10.815528039115009,-10.93171385961259,-11.374780575887332,-11.044676269613774,-8.988303181019353,True,True
2021-03-02,-11.044676269613774,-8.988303181019353,-10.78023956131764,-11.01111422570332,-9.615412103601301,-10.408177645254773,-8.603685187222174,True,True
2021-03-03,-10.408177645254773,-8.603685187222174,-10.666322207593215,-10.987820812243154,-11.25622822383243,-11.135835329276826,-8.69200384344424,True,True
2021-03-04,-11.135835329276826,-8.69200384344424,-10.668241859782983,-10.971246459549247,-10.719260154709708,-10.515826725964626,-8.65184357535351,True,True
2021-03-05,-10.515826725964626,-8.65184357535351,-10.701602498744116,-10.969618432201283,-10.758182952039407,-10.904708842874323,-8.829935987096981,True,True
2021-03-08,-10.904708842874323,-8.829935987096981,-10.759506363005134,-11.001914261818266,-10.760182353991555,-10.710718880867304,-9.038884157205306,True,True
2021-03-09,-10.710718880867304,-9.038884157205306,-10.701593991850126,-10.98068776263999,-11.038598876768418,-10.796040389691896,-9.218781730655916,True,True
2021-03-10,-10.796040389691896,-9.218781730655916,-10.791764788901991,-10.957674682725887,-11.077523290187262,-10.978034032966935,-8.987877798832585,True,True
2021-03-11,-10.978034032966935,-8.987877798832585,-10.767819546814161,-10.939457642843934,-11.104346464917988,-11.31659923019471,-9.294676776688426,True,True
2021-03-12,-11.31659923019471,-9.294676776688426,-10.920721922545784,-10.92514364822698,-11.367203323544075,-10.975619938675756,-9.276567960819806,True,True
2021-03-15,-10.975619938675756,-9.276567960819806,-10.93473166165867,-10.91115137841009,-10.82880091763882,-11.440042146051821,-9.643612393672555,True,True
2021-03-16,-11.440042146051821,-9.643612393672555,-11.073480937218196,-10.898601957971398,-11.75204787021221,-11.639860119463162,-9.723157892440268,True,True
2021-03-17,-11.639860119463162,-9.723157892440268,-11.23651078302591,-10.901533336839963,-11.749472232135481,-11.62436978892475,-9.283066636634087,True,True
2021-03-18,-11.62436978892475,-9.283066636634087,-11.368089349874795,-10.943846499957976,-11.283704621074591,-10.935046515077383,-9.065342304128192,True,True
2021-03-19,-10.935046515077383,-9.065342304128192,-11.274762319901189,-10.945045736375661,-11.274077979722376,-11.009219172521966,-9.602219476225912,True,True
2021-03-22,-11.009219172521966,-9.602219476225912,-11.283714777108987,-10.928869137489142,-11.477398009374332,-11.53868361204614,-9.907270801558102,True,True
2021-03-23,-11.53868361204614,-9.907270801558102,-11.299912963040951,-10.936198389669734,-11.588966381528532,-11.469994212403202,-9.683415728206533,True,True
2021-03-24,-11.469994212403202,-9.683415728206533,-11.273896673550027,-10.956609135857542,-11.34252044692065,-12.03642501427128,-10.078208531780193,True,True
2021-03-25,-12.03642501427128,-10.078208531780193,-11.32263938540773,-10.982392564738658,-11.775428334869005,-12.17395992795305,-9.306834316834648,True,True
2021-03-26,-12.17395992795305,-9.306834316834648,-11.557495992594049,-11.061185072623044,-11.751833044112395,-11.347724681453613,-10.13252289649269,True,True
2021-03-29,-11.347724681453613,-10.13252289649269,-11.662161842723556,-11.103129995386304,-11.793584048782169,-11.949158228802235,-9.481427686553443,True,True
2021-03-30,-11.949158228802235,-9.481427686553443,-11.741402241101795,-11.135192550682056,-11.490572556452156,-11.108217152001044,-9.361640059744216,True,True
2021-03-31,-11.108217152001044,-9.361640059744216,-11.633123741373321,-11.188675240228793,-10.97641250502922,-11.519787929587194,-9.369017936839551,True,True
2021-04-01,-11.519787929587194,-9.369017936839551,-11.546597996284873,-11.205624908525518,-11.702792497414496,-11.477854795756581,-9.564971107341428,True,True
2021-04-02,-11.477854795756581,-9.564971107341428,-11.444553735791224,-11.269184392629695,,,,False,False
2021-04-05,-11.477854795756581,-9.564971107341428,-11.444553735791224,-11.269184392629695,-12.234490570739363,-11.52820057059265,-9.85213148700177,True,True
2021-04-06,-11.52820057059265,-9.85213148700177,-11.481615310997766,-11.303152232278693,-11.495760906867757,-11.797679526905323,-9.762782761766148,True,True
2021-04-07,-11.797679526905323,-9.762782761766148,-11.461327939241771,-11.364949148413277,-12.018377396330992,-11.681584418401133,-9.949788139476217,True,True
2021-04-08,-11.681584418401133,-9.949788139476217,-11.59398562088344,-11.41823084205304,-11.784064638132755,-11.766463010290447,-9.960469349556682,True,True
2021-04-09,-11.766463010290447,-9.960469349556682,-11.642218840964915,-11.46150782018323,-11.861028029997383,-11.85788720411543,-9.756440087995912,True,True
2021-04-12,-11.85788720411543,-9.756440087995912,-11.719670406277869,-11.485963563189207,-11.565675515571751,-11.854936256667077,-9.961722691111753,True,True
2021-04-13,-11.854936256667077,-9.961722691111753,-11.789566107601145,-11.535911407154895,-11.458316505340221,-11.748503315046388,-9.57945390442997,True,True
2021-04-14,-11.748503315046388,-9.57945390442997,-11.779616148528872,-11.550625589464145,-11.635811576241906,-12.009344717518257,-9.851538616874544,True,True
2021-04-15,-12.009344717518257,-9.851538616874544,-11.843248091928109,-11.564853238300158,-11.385920650163563,-12.423797105043414,-9.797513533144327,True,True
2021-04-16,-12.423797105043414,-9.797513533144327,-11.953111825440818,-11.591125897147087,-12.028705255076792,-11.137387939064329,-9.777812459030356,True,True
2021-04-19,-11.137387939064329,-9.777812459030356,-11.744325931982571,-11.608935356420762,-11.022764540728653,-11.363277179509614,-9.46839649799087,True,True
2021-04-20,-11.363277179509614,-9.46839649799087,-11.636632484839481,-11.636467883612834,-10.917028764799477,-10.577414973922815,-9.349213261005133,True,True
2021-04-21,-10.577414973922815,-9.349213261005133,-11.30159648333549,-11.551166086500057,-11.12705158531948,-11.48838377413123,-9.746654457574559,True,True
2021-04-22,-11.48838377413123,-9.746654457574559,-11.23639549298328,-11.552154688333774,-11.739757175965474,-11.779185888970858,-9.757145666842236,True,True
2021-04-23,-11.779185888970858,-9.757145666842236,-11.182644010097096,-11.543157816865861,-12.001715107232254,-11.845783503669761,-9.80643359136604,True,True
2021-04-26,-11.845783503669761,-9.80643359136604,-11.294931690836691,-11.532875321333734,-11.551090638158277,-11.592030540643274,-9.70627688475173,True,True
2021-04-27,-11.592030540643274,-9.70627688475173,-11.333873617684393,-11.54600307709738,-11.573256427872622,-11.88808799036722,-9.912813226962472,True,True
2021-04-28,-11.88808799036722,-9.912813226962472,-11.706734208165537,-11.543901313766343,-11.22075562132804,-11.631191234797194,-9.614460689657328,True,True
2021-04-29,-11.631191234797194,-9.614460689657328,-11.740405448508513,-11.575887927094389,-12.325748460889113,-11.54158682934496,-9.62601632793039,True,True
2021-04-30,-11.54158682934496,-9.62601632793039,-11.690092867713291,-11.577028941875708,-11.620633880547013,-11.882060663128442,-9.919146690958659,True,True
2021-05-03,-11.882060663128442,-9.919146690958659,-11.696209629613186,-11.595557469418528,-12.228289537082187,-11.551689878953692,-9.877821073974367,True,True
2021-05-04,-11.551689878953692,-9.877821073974367,-11.687114054770479,-11.596799899823862,,-11.758332065083328,-8.725623497754922,False,False
2021-05-05,-11.758332065083328,-8.725623497754922,-11.664702070939082,-11.595159831891996,-12.183246068307122,-12.013133577983352,-9.945699598102179,True,True
2021-05-06,-12.013133577983352,-9.945699598102179,-11.732613611657525,-11.60818555966301,-11.545005591443195,-11.854697830414556,-9.392931202279085,True,True
2021-05-07,-11.854697830414556,-9.392931202279085,-11.799911786926344,-11.611796628835084,-11.583569550608825,-11.95144651465292,-8.618289795063214,True,True
2021-05-10,-11.95144651465292,-8.618289795063214,-11.812338029127153,-11.615294330569839,-11.162756428520279,-12.061050521985067,-9.679042028930938,True,True
2021-05-11,-12.061050521985067,-9.679042028930938,-11.92169916419885,-11.62264980129198,-11.626981457991704,-11.802174464635824,-9.614995285958338,True,True
2021-05-12,-11.802174464635824,-9.614995285958338,-11.9318520869235,-11.624956292215986,-11.356773462973122,-12.224624574379476,-9.046472964485222,True,True
2021-05-13,-12.224624574379476,-9.046472964485222,-11.967633110451311,-11.631571786069618,-11.284518398241138,-11.382162571450019,-9.53580818677078,True,True
2021-05-14,-11.382162571450019,-9.53580818677078,-11.840775581740065,-11.590889109003937,-11.622101275300178,-11.99730580132979,-10.066300696475222,True,True
2021-05-17,-11.99730580132979,-10.066300696475222,-11.848833482781666,-11.63734046858444,-11.325024246417653,-12.284035820149766,-10.046510893451531,True,True
2021-05-18,-12.284035820149766,-10.046510893451531,-11.881698762965454,-11.677721114439661,-11.561101384819775,-12.447863818839418,-9.877648891848741,True,True
2021-05-19,-12.447863818839418,-9.877648891848741,-11.99041456970962,-11.81366334581081,-11.426742113416873,-10.939018477638514,-8.580671408822802,True,True
2021-05-20,-10.939018477638514,-8.580671408822802,-11.643928665535936,-11.764225491799317,-10.88727208584889,-11.270021888063717,-9.59806019116499,True,True
2021-05-21,-11.270021888063717,-9.59806019116499,-11.613558727629124,-11.732046759578575,-11.80665508764386,-12.139818888345662,-9.68652037455064,True,True
2021-05-24,-12.139818888345662,-9.68652037455064,-11.63182318110238,-11.743479993282424,-11.729316501730354,-11.417247305790928,-9.948549044268427,True,True
2021-05-25,-11.417247305790928,-9.948549044268427,-11.497564318574144,-11.732430351658943,-11.639309081279272,-11.603197261115167,-9.555949525342921,True,True
2021-05-26,-11.603197261115167,-9.555949525342921,-11.399869776814041,-11.71842374432199,-11.420120895895415,-11.59885523280097,-9.391195265342347,True,True
2021-05-27,-11.59885523280097,-9.391195265342347,-11.566127750673642,-11.716632344759438,-11.519161982793232,-11.756081997287648,-9.69017932431956,True,True
2021-05-28,-11.756081997287648,-9.69017932431956,-11.675410508832567,-11.728198074969995,-11.936354971458083,-12.256182324779445,-9.915629454280072,True,True
2021-05-31,-12.256182324779445,-9.915629454280072,-11.689314814815988,-11.741668250884189,-11.74910735847159,-12.562128846831051,,True,True
2021-06-01,-12.562128846831051,-9.915629454280072,-11.886522953540352,-11.780876683522091,-12.035400819943368,-11.476231622652627,-9.939229769902953,True,True
2021-06-02,-11.476231622652627,-9.939229769902953,-11.851209986592128,-11.764346911067545,-11.529057528332379,-12.02703152396306,-10.120965156046127,True,True
2021-06-03,-12.02703152396306,-10.120965156046127,-11.945143788609952,-11.76488515161783,-11.830518276531873,-11.442972476291954,-9.681987213891446,True,True
2021-06-04,-11.442972476291954,-9.681987213891446,-11.860032817519777,-11.74186897354504,-10.566852606171501,-11.869230233182297,-9.111430467864254,True,True
2021-06-07,-11.869230233182297,-9.111430467864254,-11.798384970272382,-11.7384005554822,-11.641740537661883,-11.686811022791172,-10.26109769499145,True,True
2021-06-08,-11.686811022791172,-10.26109769499145,-11.675792610983502,-11.722098354343903,-11.988187575365952,-11.91565490971608,-9.657261476930932,True,True
2021-06-09,-11.91565490971608,-9.657261476930932,-11.766621551627718,-11.72706179478344,-12.142211640156717,-11.927622784540635,-10.213001494906369,True,True
2021-06-10,-11.927622784540635,-10.213001494906369,-11.750638861841999,-11.716603628997637,-11.828259991929103,-11.848944807942067,-9.595674878205543,True,True
2021-06-11,-11.848944807942067,-9.595674878205543,-11.845801674529032,-11.743004955999384,-12.409769713449048,-11.771854338528183,-9.923560584086124,True,True
2021-06-14,-11.771854338528183,-9.923560584086124,-11.826017412337373,-11.73324749949342,-10.966359499488334,-11.635645467486333,-9.434762074182832,True,True
2021-06-15,-11.635645467486333,-9.434762074182832,-11.814022012915958,-11.707285996655566,-11.342900080506269,-11.91787672238124,-9.89935262853383,True,True
2021-06-16,-11.91787672238124,-9.89935262853383,-11.814423067552307,-11.690759944893829,-11.992013763918365,-12.189090887616766,-8.52449999941466,True,True
2021-06-17,-12.189090887616766,-8.52449999941466,-11.856382099952052,-11.769432337628214,-11.12078732850139,-10.550521410475968,-8.61422195313725,True,True
2021-06-18,-10.550521410475968,-8.61422195313725,-11.426757933232714,-11.686206181218983,-11.152835623163384,-10.976418735085675,-8.856529735458167,True,True
2021-06-21,-10.976418735085675,-8.856529735458167,-11.267928132373479,-11.618630235791834,-10.902844666588054,-10.652999490519854,-9.333777112597884,True,True
2021-06-22,-10.652999490519854,-9.333777112597884,-11.059742004531754,-11.550815024344216,-11.563765478403553,-11.302377390301057,-9.843351550280232,True,True
2021-06-23,-11.302377390301057,-9.843351550280232,-10.990103002951152,-11.534299420963855,-11.829627405440908,-11.890911496099305,-9.696475425117672,True,True
2021-06-24,-11.890911496099305,-9.696475425117672,-10.969371028360015,-11.546242444830092,-11.757958031534987,-11.513807674002734,-9.98622421563074,True,True
2021-06-25,-11.513807674002734,-9.98622421563074,-11.177636605951317,-11.535191126289286,-11.846939756128386,-12.27426206058221,-10.025940848351734,True,True
2021-06-28,-12.27426206058221,-10.025940848351734,-11.373382646568876,-11.535626852965116,-11.108933345152286,-11.36676061103011,-9.840540859625392,True,True
2021-06-29,-11.36676061103011,-9.840540859625392,-11.608744670397996,-11.49517114292373,-11.962946724979801,-11.067915907190324,-9.232124149300805,True,True
2021-06-30,-11.067915907190324,-9.232124149300805,-11.539414810392707,-11.469799546810682,-11.695543153064362,-11.624853315523726,-9.615430228960935,True,True
2021-07-01,-11.624853315523726,-9.615430228960935,-11.497414230356105,-11.455720288529943,-11.53439206399034,-11.778101950068221,-9.6213084909733,True,True
2021-07-02,-11.778101950068221,-9.6213084909733,-11.544186401453858,-11.470245660736563,-12.332614239864913,-11.383513261245293,-9.483309775051604,True,True
2021-07-05,-11.383513261245293,-9.483309775051604,-11.414487347735115,-11.449482527173803,-12.092967264194206,-11.74091628594419,,True,True
2021-07-06,-11.74091628594419,-9.483309775051604,-11.482207105117993,-11.451561719374343,-11.674550898695228,-11.415460824421638,-9.6661886062382,True,True
2021-07-07,-11.415460824421638,-9.6661886062382,-11.575260008933608,-11.4313642934232,-11.422839244759516,-12.013828268204149,-9.812332052176432,True,True
2021-07-08,-12.013828268204149,-9.812332052176432,-11.638552839544456,-11.433881647346787,-11.790648293034211,-10.268252446164107,-9.356780687014636,True,True
2021-07-09,-10.268252446164107,-9.356780687014636,-11.160236021048705,-11.313983422996886,-11.416550781211123,-11.130760460220069,-9.854731916019825,True,True
2021-07-12,-11.130760460220069,-9.854731916019825,-11.11525860018088,-11.285957200317174,-11.993899101073847,-11.905295987410017,-9.841422574138134,True,True
2021-07-13,-11.905295987410017,-9.841422574138134,-11.13160786051722,-11.294322469186442,-12.05507207563701,-11.985261754273871,-9.307001038678306,True,True
2021-07-14,-11.985261754273871,-9.307001038678306,-11.199249063874529,-11.296070529822162,-12.106984695079245,-12.124013610283207,-9.817200920916608,True,True
2021-07-15,-12.124013610283207,-9.817200920916608,-11.208532185517004,-11.294694984767427,-12.038758182183267,-11.509034864674662,-10.036625003502255,True,True
2021-07-16,-11.509034864674662,-10.036625003502255,-11.6611680633062,-11.361776860509735,-12.190788170228878,-11.564811940506763,-9.91248904927571,True,True
2021-07-19,-11.564811940506763,-9.91248904927571,-11.788654631463347,-11.395017826026885,-11.580664111090563,-11.611217470518701,-9.565123399274475,True,True
2021-07-20,-11.611217470518701,-9.565123399274475,-11.729584398961785,-11.461937613741558,-11.762674029114459,-11.614463629675505,-9.632440381471463,True,True
2021-07-21,-11.614463629675505,-9.632440381471463,-11.66237124190574,-11.477785447090797,-11.801756914421835,-11.626736951315168,-9.902255686608594,True,True
2021-07-22,-11.626736951315168,-9.902255686608594,-11.584294322693276,-11.467833531478226,-12.036491891427275,-11.33772422274393,-9.873112005144485,True,True
2021-07-23,-11.33772422274393,-9.873112005144485,-11.544791912847382,-11.458681231019423,-12.318900655073588,-11.38782167004132,-9.895020962876004,True,True
2021-07-26,-11.38782167004132,-9.895020962876004,-11.507538179813599,-11.427616371231093,-11.752433532689498,-11.762973242379779,-10.280810465078979,True,True
2021-07-27,-11.762973242379779,-10.280810465078979,-11.53325297755717,-11.445152370262777,-12.183725007231509,-11.830536214552316,-10.081552378686862,True,True
2021-07-28,-11.830536214552316,-10.081552378686862,-11.569743919897023,-11.484832287588583,-11.857316931142652,-11.986741233621554,-9.967209365555119,True,True
2021-07-29,-11.986741233621554,-9.967209365555119,-11.628555503104304,-11.498118460440905,-11.201786958891775,-11.614761498039469,-10.116206904319954,True,True
2021-07-30,-11.614761498039469,-10.116206904319954,-11.69547537784684,-11.49143551224367,-12.237794222752562,-12.602989201498087,-10.418120507684465,True,True
2021-08-02,-12.602989201498087,-10.418120507684465,-11.90785300403892,-11.531472076036628,-11.496509326334428,-11.962092740309052,-10.0134809951095,True,True
2021-08-03,-11.962092740309052,-10.0134809951095,-11.950488220298013,-11.539551094276883,-12.389699692333632,-12.369423317722042,-10.608304097868245,True,True
2021-08-04,-12.369423317722042,-10.608304097868245,-12.04913705556992,-11.574971715832628,-12.508633722198816,-12.558700232870777,-9.962972591889312,True,True
2021-08-05,-12.558700232870777,-9.962972591889312,-12.146446870046955,-11.588607203682832,-12.396135686690648,-11.821097087082626,-9.806355723457362,True,True
2021-08-06,-11.821097087082626,-9.806355723457362,-12.212006331328492,-11.748317836165958,-12.488875127323624,-12.104303681807165,-8.96759310482266,True,True
2021-08-09,-12.104303681807165,-8.96759310482266,-12.128157070471842,-11.807744664852947,-8.820050947849252,-10.848002018010588,-8.344335149337562,True,True
2021-08-10,-10.848002018010588,-8.344335149337562,-11.733881211041181,-11.725981807779055,-11.588260179449582,-11.058792911663962,-9.418825834423384,True,True
2021-08-11,-11.058792911663962,-9.418825834423384,-11.48163595270852,-11.66879157146539,-11.39791681140019,-11.974295780732467,-9.317495587642789,True,True
2021-08-12,-11.974295780732467,-9.317495587642789,-11.428966630650498,-11.66368241087622,-12.08043811101924,-11.928210367621508,-10.03022389202982,True,True
2021-08-13,-11.928210367621508,-10.03022389202982,-11.442786981227663,-11.683868704975328,-12.248227423610977,-12.029966918507506,-9.974593416062403,True,True
2021-08-16,-12.029966918507506,-9.974593416062403,-11.434853592186798,-11.705040803157253,-11.62259603570518,-12.120740196493538,-10.078535187883178,True,True
2021-08-17,-12.120740196493538,-10.078535187883178,-11.734520294094612,-11.727209067387665,-11.809265269806488,-12.221291157755445,-9.880192507172898,True,True
2021-08-18,-12.221291157755445,-9.880192507172898,-12.04946510822859,-11.752999615710145,-12.15312224484351,-12.261164750469556,-9.756701745365511,True,True
2021-08-19,-12.261164750469556,-9.756701745365511,-12.104736614455492,-11.780010226148455,-11.448479388351364,-10.88343470617438,-9.65276662325637,True,True
2021-08-20,-10.88343470617438,-9.65276662325637,-11.740297039265796,-11.736235768092165,-11.860280326875841,-11.930377765053745,-10.334044481498992,True,True
2021-08-23,-11.930377765053745,-10.334044481498992,-11.724742293216758,-11.766348534282454,-11.163608964454724,-12.613142751162584,-9.827727382776757,True,True
2021-08-24,-12.613142751162584,-9.827727382776757,-11.778500721980288,-11.79549899362709,-12.321484606380546,-12.317759732196484,-10.029754674476669,True,True
2021-08-25,-12.317759732196484,-10.029754674476669,-11.790383353844954,-11.814294093396633,-11.2615999690112,-12.046119339551229,-9.785131066742341,True,True
2021-08-26,-12.046119339551229,-9.785131066742341,-11.760857116028262,-11.816722944106369,-12.599166398455765,-12.123547039475728,-9.923608591303054,True,True
2021-08-27,-12.123547039475728,-9.923608591303054,-12.17907051292209,-11.841426623179768,-12.149856138188998,-11.954701844691932,-9.574319955755245,True,True
2021-08-30,-11.954701844691932,-9.574319955755245,-12.185252710141906,-11.820351832513346,-11.895964527213936,-12.816805804118632,-10.630643629972427,True,True
2021-08-31,-12.816805804118632,-10.630643629972427,-12.209569545086064,-11.845600915256451,-12.738573431546602,-12.076047466152753,-9.836205227258175,True,True
2021-09-01,-12.076047466152753,-9.836205227258175,-12.16165793754909,-11.835555218001035,-11.784372851693668,-11.981255825173218,-10.020555159035117,True,True
2021-09-02,-11.981255825173218,-10.020555159035117,-12.146725771967263,-11.816773079514757,-12.552923853867306,-12.75039344421738,-10.146526832405447,True,True
2021-09-03,-12.75039344421738,-10.146526832405447,-12.246910148142076,-11.847364123671477,-12.514557546135164,-13.025330092644987,-9.393917213482887,True,True
2021-09-06,-13.025330092644987,-9.393917213482887,-12.440555844631387,-11.870914805216882,-12.139888083723713,-12.674102081439504,,True,True
2021-09-07,-12.674102081439504,-9.393917213482887,-12.419716449764534,-11.994970387334343,-12.203851358973669,-11.65347663950529,-9.45580635151132,True,True
2021-09-08,-11.65347663950529,-9.45580635151132,-12.281425400079529,-12.05382730392726,-12.368604816689878,-11.929018270798712,-9.594317263181752,True,True
2021-09-09,-11.929018270798712,-9.594317263181752,-12.267049270999829,-12.051322823346286,-12.030942136530651,-12.77156382490535,-9.94833983898825,True,True
2021-09-10,-12.77156382490535,-9.94833983898825,-12.269636397369636,-12.084072106749336,-11.454173524392605,-11.893534075117648,-9.847735809662051,True,True
2021-09-13,-11.893534075117648,-9.847735809662051,-12.089498642553558,-12.076386479259238,-12.047805264297912,-12.51971541533542,-10.536667465344618,True,True
2021-09-14,-12.51971541533542,-10.536667465344618,-12.071061404782382,-12.092247578919226,-12.604157193657176,-12.144478509681644,-9.430343158249265,True,True
2021-09-15,-12.144478509681644,-9.430343158249265,-12.196415336034121,-12.088745019986678,-12.463484145155876,-12.286584104608707,-10.123047781406083,True,True
2021-09-16,-12.286584104608707,-10.123047781406083,-12.278229082784412,-12.08980177661312,-11.812327755108656,-11.622348301927534,-9.479909240729844,True,True
2021-09-17,-11.622348301927534,-9.479909240729844,-12.044540993463514,-12.181116883080959,-12.157400780279838,-11.63643649961844,-9.636903438988439,True,True
2021-09-20,-11.63643649961844,-9.636903438988439,-11.978573567974285,-12.159400282558503,-10.977790485568448,-11.763555634016868,-9.69806304939647,True,True
2021-09-21,-11.763555634016868,-9.69806304939647,-11.854976195454109,-12.11775979771057,-12.357563956358204,-11.787798717192157,-10.041520328834931,True,True
2021-09-22,-11.787798717192157,-10.041520328834931,-11.792781191084746,-12.08955223871322,-11.230772050697274,-12.12710727858855,-8.978382986568741,True,True
2021-09-23,-12.12710727858855,-8.978382986568741,-11.771896938998688,-12.09362293815146,-11.196775669563099,-10.645761364936586,-9.254634330945445,True,True
2021-09-24,-10.645761364936586,-9.254634330945445,-11.446571353555303,-11.94161074158985,-11.991400731980374,-12.024024672509203,-9.695575618104776,True,True
2021-09-27,-12.024024672509203,-9.695575618104776,-11.501184804907718,-11.944921391650501,-11.709059984976715,-11.568100608108104,-9.950502145893298,True,True
2021-09-28,-11.568100608108104,-9.950502145893298,-11.468514687525584,-11.894252981193898,-11.906402925199645,-10.640231402504064,-9.195092317863695,True,True
2021-09-29,-10.640231402504064,-9.195092317863695,-11.196548055459457,-11.768914769739535,-11.834465466931631,-11.462049093997136,-9.736511788707135,True,True
2021-09-30,-11.462049093997136,-9.736511788707135,-11.124694755538053,-11.741763253704086,-12.082992922468069,-11.415549537647841,-9.362889366739358,True,True
2021-10-01,-11.415549537647841,-9.362889366739358,-11.315063168597913,-11.691973910119954,-11.649550121636903,-11.50683683587383,-9.621927047245592,True,True
2021-10-04,-11.50683683587383,-9.621927047245592,-11.250523650521679,-11.646054898696729,-12.383729525134713,-11.701285187147757,-9.493164919320616,True,True
2021-10-05,-11.701285187147757,-9.493164919320616,-11.26884402871545,-11.617051474077815,-12.080443239761392,-11.725290644262088,-9.954234347717763,True,True
2021-10-06,-11.725290644262088,-9.954234347717763,-11.554255775922076,-11.620397932860733,-11.727662858452465,-11.356091010577448,-9.7195066829188,True,True
2021-10-07,-11.356091010577448,-9.7195066829188,-11.530037069005077,-11.592390413514913,-12.303487576641869,-11.651418575967774,-10.016058567565675,True,True
2021-10-08,-11.651418575967774,-10.016058567565675,-11.578303929554266,-11.561126881467441,-12.032947459572659,-12.060939532882767,-9.221615287620946,True,True
2021-10-11,-12.060939532882767,-9.221615287620946,-11.674138436383,-11.566669761032278,-11.724815234565895,-11.989395136999239,-10.204818725074173,True,True
2021-10-12,-11.989395136999239,-10.204818725074173,-11.724088811719646,-11.553275189072638,-11.804771247299549,-11.63948436481425,-9.602228955245856,True,True
2021-10-13,-11.63948436481425,-9.602228955245856,-11.70634956327822,-11.535251512760896,-12.20164938971414,-11.983707132008036,-9.023219778376554,True,True
2021-10-14,-11.983707132008036,-9.023219778376554,-11.848293617210834,-11.526942322252372,-12.07304353397697,-11.506804371504247,-10.135222246990494,True,True
2021-10-15,-11.506804371504247,-10.135222246990494,-11.81110389222293,-11.52139084700564,-12.380654265705898,-11.595477779279717,-9.766684468547632,True,True
2021-10-18,-11.595477779279717,-9.766684468547632,-11.722779943610327,-11.519529305042237,-12.084041040443696,-11.295655821585015,-9.833890246642484,True,True
2021-10-19,-11.295655821585015,-9.833890246642484,-11.580087491504749,-11.496425967258256,-11.75774773848111,-11.568506737039284,-9.658822509649607,True,True
2021-10-20,-11.568506737039284,-9.658822509649607,-11.566319632381829,-11.487306741749418,-11.892565167178143,-12.329253551852347,-9.720255198588065,True,True
2021-10-21,-12.329253551852347,-9.720255198588065,-11.605573951522407,-11.492144762488598,-11.446925655374606,-12.001347260131068,-9.979139210583394,True,True
2021-10-22,-12.001347260131068,-9.979139210583394,-11.695641481475223,-11.582629030018827,-12.460188228503966,-11.847402453702665,-9.224711664443822,True,True
2021-10-25,-11.847402453702665,-9.224711664443822,-11.746126307909131,-11.576436165602448,-11.522820952788258,-11.621377075882428,-10.145182135278215,True,True
2021-10-26,-11.621377075882428,-10.145182135278215,-11.837405520369202,-11.579055413933315,-12.077249699321921,-12.008352939194458,-9.69992952881181,True,True
2021-10-27,-12.008352939194458,-9.69992952881181,-11.935163188578027,-11.679207652766618,-11.882828953592364,-11.414584138996446,-9.718388044460244,True,True
2021-10-28,-11.414584138996446,-9.718388044460244,-11.751391219640873,-11.676192241591014,-11.623447389961864,-12.092704945453011,-9.53210362024644,True,True
2021-10-29,-12.092704945453011,-9.53210362024644,-11.7650843752122,-11.70863391596391,-11.734515906884837,-11.682951856182868,-9.379656809256195,True,True
2021-11-01,-11.682951856182868,-9.379656809256195,-11.732690625446219,-11.718562289805716,-11.7820673075378,-11.87042733779139,-9.888454394297515,True,True
2021-11-02,-11.87042733779139,-9.888454394297515,-11.783229940779146,-11.726509939081662,-12.071490636151756,-11.734052586261424,-10.160104665081754,True,True
2021-11-03,-11.734052586261424,-10.160104665081754,-11.73406106356634,-11.726946750032795,-11.566117856072342,-12.240361620542599,-9.450792291200255,True,True
2021-11-04,-12.240361620542599,-9.450792291200255,-11.90216885671593,-11.77040375309118,-11.911604474131497,-11.487719185962774,-9.838695526055327,True,True
2021-11-05,-11.487719185962774,-9.838695526055327,-11.773420095981376,-11.760436917776666,-11.880050063402702,-11.568538213113477,-9.396650744590575,True,True
2021-11-08,-11.568538213113477,-9.396650744590575,-11.747227469040139,-11.737154967077842,-11.27255768505402,-11.714755655538497,-9.902580003399667,True,True
2021-11-09,-11.714755655538497,-9.902580003399667,-11.717878818510279,-11.724950052479903,-12.079586990304618,-11.550832496855765,-9.966382316801628,True,True
2021-11-10,-11.550832496855765,-9.966382316801628,-11.679071136398756,-11.719914189505023,-12.265207760163596,-12.292893381490464,-8.72532082980772,True,True
2021-11-11,-12.292893381490464,-8.72532082980772,-11.684927127322585,-11.730181186896637,-10.577498347443152,-11.842207159066152,-9.656257791592338,True,True
2021-11-12,-11.842207159066152,-9.656257791592338,-11.76041228638753,-11.748155286374553,-11.506926000402768,-11.007669420743705,-9.722193589000785,True,True
2021-11-15,-11.007669420743705,-9.722193589000785,-11.592984985536013,-11.702608238547496,-11.307290931377246,-12.09503687053799,-10.097325659017448,True,True
2021-11-16,-12.09503687053799,-10.097325659017448,-11.650627653201852,-11.744827984234941,-11.691370520518044,-11.273706934856069,-9.51890986752334,True,True
2021-11-17,-11.273706934856069,-9.51890986752334,-11.582437524516585,-11.724585861182243,-11.795646782608259,-12.462487668379882,-10.211539654956933,True,True
2021-11-18,-12.462487668379882,-10.211539654956933,-11.597887871943993,-11.727998672150026,-11.68219048124639,-12.161428660352016,-9.775836500489309,True,True
2021-11-19,-12.161428660352016,-9.775836500489309,-11.641640700250607,-11.733641857394078,-12.706543021568287,-10.453959288850605,-9.026656575789271,True,True
2021-11-22,-10.453959288850605,-9.026656575789271,-11.39565808127948,-11.606875883680537,-12.186894352410482,-11.58223980922851,-8.959658391216832,True,True
2021-11-23,-11.58223980922851,-8.959658391216832,-11.331201402553722,-11.604910885237496,-11.868229560985354,-10.679294855446084,-9.240094886153422,True,True
2021-11-24,-10.679294855446084,-9.240094886153422,-11.17248681540695,-11.51619487423812,-11.559876862790244,-11.236248617503236,-9.830142555156153,True,True
2021-11-25,-11.236248617503236,-9.830142555156153,-11.047978373427018,-11.505447523729364,-12.082089625983379,-12.64216107335953,,True,True
2021-11-26,-12.64216107335953,-9.830142555156153,-11.073367858650064,-11.517265979218175,-11.461073680573325,-10.07934170026355,,True,True
2021-11-29,-10.07934170026355,,-10.917345324481188,-11.361774845477706,-11.218988966891242,-11.866398119692196,-9.945057041593909,False,False
2021-11-30,-11.866398119692196,-9.945057041593909,-10.943118677096445,-11.361653468958057,-11.847882629795059,-11.66232782760514,-8.932354773492133,True,True
2021-12-01,-11.66232782760514,-8.932354773492133,-11.120992886907544,-11.359094762855163,-10.386601664409746,-11.170506916938008,-9.137583533976253,True,True
2021-12-02,-11.170506916938008,-9.137583533976253,-11.108954918405553,-11.320196919963378,-11.712756225744222,-11.213790805281958,-9.571527878419127,True,True
2021-12-03,-11.213790805281958,-9.571527878419127,-10.98062683194543,-11.306959141763047,-11.608360598104557,-11.56802785571971,-9.479312276766791,True,True
2021-12-06,-11.56802785571971,-9.479312276766791,-11.460922026966662,-11.306939492393132,-12.116900608253573,-11.717095138687176,-10.127290291635925,True,True
2021-12-07,-11.717095138687176,-10.127290291635925,-11.43967953016961,-11.307017204123248,-12.374617653917541,-12.104766721136786,-10.050980592160641,True,True
2021-12-08,-12.104766721136786,-10.050980592160641,-11.498616194847187,-11.323822172618693,-12.421344401309693,-11.866441793703007,-10.219954564423205,True,True
2021-12-09,-11.866441793703007,-10.219954564423205,-11.648533164986548,-11.313783312024734,-12.67693559737169,-12.321064507623566,-9.993303192937633,True,True
2021-12-10,-12.321064507623566,-9.993303192937633,-11.880250909710115,-11.325062830567317,-12.598193265943117,-12.438979682789041,-9.974570790667668,True,True
2021-12-13,-12.438979682789041,-9.974570790667668,-12.053301286938055,-11.37874171446783,-12.317920949351912,-12.228162118981107,-10.421070939578833,True,True
2021-12-14,-12.228162118981107,-10.421070939578833,-12.172096911159182,-11.381791169847235,-12.42404045222871,-12.181690015667725,-10.263054098598127,True,True
2021-12-15,-12.181690015667725,-10.263054098598127,-12.188062860232927,-11.415594476688176,-12.31300709698035,-12.807618504563703,-9.570073911354193,True,True
2021-12-16,-12.807618504563703,-9.570073911354193,-12.372269022448268,-11.420730390447982,-11.736884259783638,-12.115713692625084,-10.060262248877894,True,True
2021-12-17,-12.115713692625084,-10.060262248877894,-12.325398386051386,-11.419615916505352,-11.853761191097254,-12.133583584287988,-9.95928822953682,True,True
2021-12-20,-12.133583584287988,-9.95928822953682,-12.263585855851238,-11.53260626261526,-12.711932272324344,-12.052074618429595,-9.929237639324745,True,True
2021-12-21,-12.052074618429595,-9.929237639324745,-12.224464144168286,-11.550604328687378,-12.403312593535421,-12.554488946468725,-10.34180039790331,True,True
2021-12-22,-12.554488946468725,-10.34180039790331,-12.291629306142204,-11.65727600100735,-13.173439332103431,-12.41357141892582,-10.644044449444271,True,True
2021-12-23,-12.41357141892582,-10.644044449444271,-12.23557232014685,-11.711421984053551,-12.214118742390504,-12.776168868119434,-10.482032600033456,True,True
2021-12-24,-12.776168868119434,-10.482032600033456,-12.35096897356949,-11.713897399656028,,,,False,False
2021-12-27,-12.776168868119434,-10.482032600033456,-12.35096897356949,-11.713897399656028,-12.17182302150391,-12.924382348789504,-10.763026307012431,True,True
2021-12-28,-12.924382348789504,-10.763026307012431,-12.49697200947654,-11.990252319077543,-13.109784905822009,-12.827964429789107,-10.429265323571245,True,True
2021-12-29,-12.827964429789107,-10.429265323571245,-12.681404465679853,-12.025835532628399,-12.849536389822843,-12.14845269272371,-10.199227073988432,True,True
2021-12-30,-12.14845269272371,-10.199227073988432,-12.573692690215454,-12.053914260277928,-11.967791996049074,-12.874040157223705,-10.296462021850019,True,True
2021-12-31,-12.874040157223705,-10.296462021850019,-12.664294287020185,-12.158095042741754,-12.388346137193249,-12.7467761964898,-10.398511948988356,True,True
2022-01-03,-12.7467761964898,-10.398511948988356,-12.658974123939405,-12.26434290166712,-12.195202314055022,-12.62668124962769,-9.94568414579599,True,True
2022-01-04,-12.62668124962769,-9.94568414579599,-12.60715481396603,-12.332102549321815,-12.384646921760515,-11.876873496413015,-10.169306454808428,True,True
2022-01-05,-11.876873496413015,-10.169306454808428,-12.380211272982487,-12.345853453904956,-12.708944319501036,-12.097024275356949,-9.739372396034945,True,True
2022-01-06,-12.097024275356949,-9.739372396034945,-12.366991432576171,-12.345359000039386,-11.815143790037375,-10.703968821720949,-9.497619351918017,True,True
2022-01-07,-10.703968821720949,-9.497619351918017,-11.7070948446432,-12.182049718814888,-12.688896200330953,-12.084213626032412,-9.317513162621532,True,True
2022-01-10,-12.084213626032412,-9.317513162621532,-11.642756229032196,-12.1704884655287,-12.042036751940264,-11.815792595567471,-10.116011735534618,True,True
2022-01-11,-11.815792595567471,-10.116011735534618,-11.553415440850905,-12.137962475649106,-12.322356226389966,-12.523483982289367,-10.345310358796928,True,True
2022-01-12,-12.523483982289367,-10.345310358796928,-11.624822349630914,-12.149713897631699,-12.547719585490862,-12.69521239364303,-10.530328373788556,True,True
2022-01-13,-12.69521239364303,-10.530328373788556,-11.682610970667909,-12.169354360264826,-12.648844023717446,-11.883172714715691,-10.210073906136035,True,True
2022-01-14,-11.883172714715691,-10.210073906136035,-12.14229041334785,-12.12998338235606,-12.302277389406918,-11.708963959650161,-10.092750921588365,True,True
2022-01-17,-11.708963959650161,-10.092750921588365,-12.050151933970106,-12.10484492374922,-12.267142131328495,-13.026337726840076,,True,True
2022-01-18,-13.026337726840076,-10.092750921588365,-12.245523059983189,-12.133951736474819,-12.133898154370158,-11.988980538041496,-9.299596237929983,True,True
2022-01-19,-11.988980538041496,-9.299596237929983,-12.14384640620192,-12.130423775060414,-12.317799607678188,-12.05170734011095,-9.970207752404175,True,True
2022-01-20,-12.05170734011095,-9.970207752404175,-12.044842138379181,-12.109273220514723,-11.992977307628955,-12.314785912840843,-10.101046394336722,True,True
2022-01-21,-12.314785912840843,-10.101046394336722,-12.13084657022304,-12.105451089685888,-12.354984301357545,-11.173911703659906,-9.841962031620536,True,True
2022-01-24,-11.173911703659906,-9.841962031620536,-11.935464998583479,-12.008911104856223,-12.178601297253914,-11.822833512200699,-9.819466112148264,True,True
2022-01-25,-11.822833512200699,-9.819466112148264,-11.789929111767405,-11.969489075968323,-12.462152539542902,-11.848976117121316,-9.543795036976,True,True
2022-01-26,-11.848976117121316,-9.543795036976,-11.765596620615112,-11.934881505641233,-12.681561155324594,-12.15395706359114,-9.305272200452757,True,True
2022-01-27,-12.15395706359114,-9.305272200452757,-11.780306600366794,-11.935103212094944,-11.096753327830774,-11.430173438541255,-9.196496932896764,True,True
2022-01-28,-11.430173438541255,-9.196496932896764,-11.626164685168284,-11.873734121799922,-12.441344460229843,-11.29183052350117,-9.542810428342209,True,True
2022-01-31,-11.29183052350117,-9.542810428342209,-11.661758631117461,-11.807395850966806,-12.480717695560076,-11.548720987392699,-10.084071151378861,True,True
2022-02-01,-11.548720987392699,-10.084071151378861,-11.6094611480192,-11.76555999703069,-12.441924607909836,-12.335548159577202,-10.219270303657144,True,True
2022-02-02,-12.335548159577202,-10.219270303657144,-11.67201999881774,-11.782153210956958,-13.020267129922836,-12.174168454458277,-10.26646876317373,True,True
2022-02-03,-12.174168454458277,-10.26646876317373,-11.674494452580369,-11.784866346290235,-12.645282221268332,-12.691677095124398,-9.92159171901378,True,True
2022-02-04,-12.691677095124398,-9.92159171901378,-11.876645355355608,-11.920887328833322,-13.074863963509484,-12.419240752460487,-9.2133359378192,True,True
2022-02-07,-12.419240752460487,-9.2133359378192,-12.154620266052037,-11.933050189090876,-11.518830513341369,-12.53852456029486,-10.29187231663072,True,True
2022-02-08,-12.53852456029486,-10.29187231663072,-12.41642750133764,-11.96240658153813,-12.650982577746765,-12.206832427358915,-10.655462202994332,True,True
2022-02-09,-12.206832427358915,-10.655462202994332,-12.387074827803545,-11.951834657469707,-12.875126334587906,-13.594545689189973,-10.728806024636814,True,True
2022-02-10,-13.594545689189973,-10.728806024636814,-12.594915169890793,-11.966037552811926,-13.408485390990581,-12.714844479657092,-9.609913507752227,True,True
2022-02-11,-12.714844479657092,-9.609913507752227,-12.599081630042551,-11.997191047778852,-12.181997134279,-12.511760203836428,-9.154367346825715,True,True
2022-02-14,-12.511760203836428,-9.154367346825715,-12.620464522340782,-12.034700936474604,-11.45597407783694,-11.454274405147823,-9.465951701742632,True,True
2022-02-15,-11.454274405147823,-9.465951701742632,-12.266383949946398,-11.966302776495821,-11.31878373394899,-10.093466945984304,-9.125547999804947,True,True
2022-02-16,-10.093466945984304,-9.125547999804947,-11.33244908772413,-11.722214318142425,-13.120436254732294,-12.32661301716771,-10.024917013645494,True,True
2022-02-17,-12.32661301716771,-10.024917013645494,-11.280634785421396,-11.730896167765815,-11.283383931593729,-10.42351826018156,-9.336924140798304,True,True
2022-02-18,-10.42351826018156,-9.336924140798304,-10.927438496931783,-11.585120008974075,-11.312559507800048,-11.502827184236049,-9.818556373994102,True,True
2022-02-21,-11.502827184236049,-9.818556373994102,-10.858397749768075,-11.606490023696566,-10.656155100724035,-11.608651879472019,,True,True
2022-02-22,-11.608651879472019,-9.818556373994102,-10.874289908179005,-11.596916898096893,-11.194540342540009,-10.315402343505216,-9.423634226404756,True,True
2022-02-23,-10.315402343505216,-9.423634226404756,-10.965209026911655,-11.464797457197205,-12.302345973607572,-11.611533235783206,-9.975551458940492,True,True
2022-02-24,-11.611533235783206,-9.975551458940492,-10.91305926327457,-11.446882672482943,-9.28245719614556,-9.62679779734021,-7.679252911076808,True,True
2022-02-25,-9.62679779734021,-7.679252911076808,-10.578350945566369,-11.21753708579236,-10.136888994781105,-9.802705742922395,-8.690470589744065,True,True
2022-02-28,-9.802705742922395,-8.690470589744065,-10.274512017463552,-11.069660632544112,-10.208324552756485,-10.781632528722891,-8.734202307430955,True,True
2022-03-01,-10.781632528722891,-8.734202307430955,-10.208941048400607,-11.03456236237669,-12.144589932637974,-10.788178222886435,-9.086481319820834,True,True
2022-03-02,-10.788178222886435,-9.086481319820834,-10.279081194033592,-10.985432842489745,-10.735488489239259,-9.675437243925007,-8.48009467361056,True,True
2022-03-03,-9.675437243925007,-8.48009467361056,-10.006775574223926,-10.82836280362551,-11.47319700148803,-10.863817065259944,-9.373083011512534,True,True
2022-03-04,-10.863817065259944,-9.373083011512534,-10.23942320364645,-10.788660988026725,-10.248560054379189,-11.301402853731663,-8.862419370631333,True,True
2022-03-07,-11.301402853731663,-8.862419370631333,-10.51434651626098,-10.768709580540154,-10.00682127152721,-10.029845301058842,-8.050531752699474,True,True
2022-03-08,-10.029845301058842,-8.050531752699474,-10.355991375641594,-10.676896783913445,-10.404684472626945,-9.43058700767954,-7.235009615515032,True,True
2022-03-09,-9.43058700767954,-7.235009615515032,-10.037712184225356,-10.525853629856298,-10.074850480716037,-9.284672321898062,-7.704530768819792,True,True
2022-03-10,-9.284672321898062,-7.704530768819792,-9.908993370533347,-10.368285249462428,-10.234263838783669,-9.50486985328852,-8.19344507946377,True,True
2022-03-11,-9.50486985328852,-8.19344507946377,-9.707995806452919,-10.260527959536502,-10.686194576997787,-9.964430047590136,-8.405006393834585,True,True
2022-03-14,-9.964430047590136,-8.405006393834585,-9.599935641940876,-10.20040546960196,-10.961778398593749,-10.049879433072013,-8.962514693678965,True,True
2022-03-15,-10.049879433072013,-8.962514693678965,-9.602519752271302,-10.157487412510587,-10.262191903557673,-10.628518179892131,-8.68506932402889,True,True
2022-03-16,-10.628518179892131,-8.68506932402889,-9.783840101543888,-10.179822792867052,-11.657939407728755,-10.632424354088384,-8.525063274322676,True,True
2022-03-17,-10.632424354088384,-8.525063274322676,-10.06337657828599,-10.154198281343174,-11.218792009717072,-10.976347136114436,-9.37969537886123,True,True
2022-03-18,-10.976347136114436,-9.37969537886123,-10.377191817075982,-10.170551902747828,-11.138437691879117,-10.923321986308643,-9.125533436426881,True,True
2022-03-21,-10.923321986308643,-9.125533436426881,-10.583428642462703,-10.16024600722343,-11.620841089182225,-11.524325273212362,-9.73819414496642,True,True
2022-03-22,-11.524325273212362,-9.73819414496642,-10.888513304052623,-10.159212970957334,-11.537641843630883,-11.041542675163463,-9.45446276262347,True,True
2022-03-23,-11.041542675163463,-9.45446276262347,-10.980369689000856,-10.181539333234223,-11.750311214957307,-11.136015741580794,-9.690309029068258,True,True
2022-03-24,-11.136015741580794,-9.690309029068258,-11.099219165556509,-10.174280576849899,-11.588352694469508,-10.943952062419141,-9.236919705498105,True,True
2022-03-25,-10.943952062419141,-9.236919705498105,-11.091800714917678,-10.239658400757893,-11.395145489086188,-11.322987845038346,-9.606477220028793,True,True
2022-03-28,-11.322987845038346,-9.606477220028793,-11.172991704245417,-10.302040105446308,-10.573619994811057,-11.088111883149434,-8.954562930931141,True,True
2022-03-29,-11.088111883149434,-8.954562930931141,-11.09884252605367,-10.310243891675784,-11.302508046846317,-10.662436955851748,-8.79268559307978,True,True
2022-03-30,-10.662436955851748,-8.79268559307978,-11.0056868759531,-10.30609842388996,-11.369157041288792,-11.172875775197257,-9.566975655894897,True,True
2022-03-31,-11.172875775197257,-9.566975655894897,-11.012060529201888,-10.381821853828225,-10.891258618177863,-11.100550244268604,-9.506760416943969,True,True
2022-04-01,-11.100550244268604,-9.506760416943969,-11.0435860553613,-10.388352049744176,-11.640578348271646,-11.219549184885468,-9.40871658818827,True,True
2022-04-04,-11.219549184885468,-9.40871658818827,-11.027237836728936,-10.386642036855921,-12.252810453915284,-12.0024391220167,-9.630272609115272,True,True
2022-04-05,-12.0024391220167,-9.630272609115272,-11.146883300234217,-10.4501151644858,-12.218427064607424,-11.812108545313189,-9.46330415641057,True,True
2022-04-06,-11.812108545313189,-9.46330415641057,-11.397685428006044,-10.584546212860683,-11.307727574860673,-10.832461799768557,-8.956968533783831,True,True
2022-04-07,-10.832461799768557,-8.956968533783831,-11.300965891600498,-10.740522366407484,-11.723094249305648,-12.036874919346646,-9.859374831796,True,True
2022-04-08,-12.036874919346646,-9.859374831796,-11.46180171201909,-10.91291904929907,-12.026438035407555,-11.865529368361935,-9.792492450280127,True,True
2022-04-11,-11.865529368361935,-9.792492450280127,-11.591065634997713,-11.029232259792868,-11.237305760243004,-11.202311469343622,-9.34991323680145,True,True
2022-04-12,-11.202311469343622,-9.34991323680145,-11.440509549924265,-11.12473383730818,-11.531485179918581,-11.575383465786057,-9.045742349523602,True,True
2022-04-13,-11.575383465786057,-9.045742349523602,-11.404332821116432,-11.17630504772395,-11.512181860507601,-11.571289224452272,-9.823557345625971,True,True
2022-04-14,-11.571289224452272,-9.823557345625971,-11.608983943817577,-11.23018000848378,-11.714745295740576,-11.07586162150385,-9.563486933945486,True,True
2022-04-15,-11.07586162150385,-9.563486933945486,-11.417973126432381,-11.23630341958781,,,,False,False
2022-04-18,-11.07586162150385,-9.563486933945486,-11.417973126432381,-11.23630341958781,-11.156810365938425,-12.03860221516742,-9.802657202756613,True,True
2022-04-19,-12.03860221516742,-9.802657202756613,-11.438498770954812,-11.283353041937566,-11.918001273052054,-11.683017005913765,-9.365981064771177,True,True
2022-04-20,-11.683017005913765,-9.365981064771177,-11.540161638036599,-11.289135634593377,-11.06398654868212,-11.402892120193616,-9.764833136225144,True,True
2022-04-21,-11.402892120193616,-9.764833136225144,-11.504457477851156,-11.308749901410435,-11.889747448281243,-11.32075150113261,-9.522270939806779,True,True
2022-04-22,-11.32075150113261,-9.522270939806779,-11.452565483607708,-11.31882447829,-11.454493306344212,-10.197165230049675,-8.996726433149766,True,True
2022-04-25,-10.197165230049675,-8.996726433149766,-11.108724740152416,-11.241162849943883,-11.098185756328752,-11.022494666067274,-8.968565457180473,True,True
2022-04-26,-11.022494666067274,-8.968565457180473,-10.97849415768097,-11.225142607531485,-11.249377641061606,-10.940081554788167,-9.455174930095854,True,True
2022-04-27,-10.940081554788167,-9.455174930095854,-10.875068721367185,-11.216035214446013,-11.966881308918271,-10.729912758198875,-9.095064588613358,True,True
2022-04-28,-10.729912758198875,-9.095064588613358,-10.767770259817848,-11.221726471306004,-10.952402732813008,-10.861706400315683,-9.213241774347267,True,True
2022-04-29,-10.861706400315683,-9.213241774347267,-10.702898941094077,-11.202743070526905,-11.06994191345236,-11.599015572486014,-9.302693084856449,True,True
2022-05-02,-11.599015572486014,-9.302693084856449,-10.990594380551721,-11.224721521894468,-10.734001672976824,-11.587373885281217,-9.10545762029249,True,True
2022-05-03,-11.587373885281217,-9.10545762029249,-11.077901342438427,-11.24031027000278,-11.381510383765079,-10.75440184506197,-9.36511482927212,True,True
2022-05-04,-10.75440184506197,-9.36511482927212,-11.032127767006578,-11.18397817842409,-11.754494800235157,-11.53028764959151,,True,True
2022-05-05,-11.53028764959151,-9.36511482927212,-11.193518931661643,-11.175330424141201,-11.230398616350845,-11.231691275583666,-9.013053425019374,True,True
2022-05-06,-11.231691275583666,-9.013053425019374,-11.283650345577737,-11.198792808098625,-10.967993211352438,-11.255725435314778,-9.184863536086375,True,True
2022-05-09,-11.255725435314778,-9.184863536086375,-11.22560861779373,-11.17350922768762,-11.159827943371676,-10.850491384158552,-9.40177016779749,True,True
2022-05-10,-10.850491384158552,-9.40177016779749,-11.084331967270208,-11.130414961046604,-11.349244031215193,-11.649391744275704,-9.26561650043491,True,True
2022-05-11,-11.649391744275704,-9.26561650043491,-11.264067613097303,-11.147332154251172,-11.534170827991293,-10.906136274895728,-9.022346156348846,True,True
2022-05-12,-10.906136274895728,-9.022346156348846,-11.139358060523158,-11.116754824762813,,,,False,False
2022-05-13,-10.906136274895728,-9.022346156348846,-11.139358060523158,-11.116754824762813,-11.504200070631246,-11.141341457258545,-9.157502145379413,True,True
2022-05-16,-11.141341457258545,-9.157502145379413,-11.122261582549749,-11.099850033272746,-11.361989914014588,-9.598880604142806,-8.944545586977917,True,True
2022-05-17,-9.598880604142806,-8.944545586977917,-10.566923404557652,-10.94021055555295,-11.544692864683823,-11.175938618795339,-9.388328993204523,True,True
2022-05-18,-11.175938618795339,-9.388328993204523,-10.609665096493242,-10.917637818112542,-11.337862870053922,-11.124049154182217,-9.476384840556523,True,True
2022-05-19,-11.124049154182217,-9.476384840556523,-10.56195791451957,-10.900370712794524,-12.171793709947716,-10.389426418791734,-9.25036439891864,True,True
2022-05-20,-10.389426418791734,-9.25036439891864,-10.470380738768263,-10.848639108100144,-11.447144009012943,-11.417035182809135,-9.762598930494665,True,True
2022-05-23,-11.417035182809135,-9.762598930494665,-10.495325314261578,-10.851505722126756,-11.237774923654758,-11.237354236191738,-9.655892619282284,True,True
2022-05-24,-11.237354236191738,-9.655892619282284,-10.997761946056754,-10.91572428272694,-11.813140981014877,-11.428380492699151,-9.748769314632483,True,True
2022-05-25,-11.428380492699151,-9.748769314632483,-11.035814388229381,-10.930829258653981,-11.727582558639421,-11.326775327230415,-9.768753988663189,True,True
2022-05-26,-11.326775327230415,-9.768753988663189,-11.069992054266331,-10.946844184813548,-11.905089652889094,-11.482994972322262,-9.835592892019474,True,True
2022-05-27,-11.482994972322262,-9.835592892019474,-11.37470749198489,-10.980259469378694,-11.317361932218876,-11.630189532978113,-9.783619699646097,True,True
2022-05-30,-11.630189532978113,-9.783619699646097,-11.412204307039012,-11.010913764611521,-11.260418541909226,-11.94876641684107,,True,True
2022-05-31,-11.94876641684107,-9.783619699646097,-11.541473368399297,-11.019143181228218,-11.532611014666514,-11.601819399385013,-9.653957212770525,True,True
2022-06-01,-11.601819399385013,-9.653957212770525,-11.577784140080494,-11.019549511099594,-11.604207098679742,-11.251899676781461,-9.692984743206079,True,True
2022-06-02,-11.251899676781461,-9.692984743206079,-11.55799447361893,-11.045429269414162,-12.098447143162975,-11.96170629357544,-9.940615857648229,True,True
2022-06-03,-11.96170629357544,-9.940615857648229,-11.643562615330241,-11.056276837859189,-11.53581474078648,-12.352761205522626,-9.685219140928348,True,True
2022-06-06,-12.352761205522626,-9.685219140928348,-11.753695509155987,-11.084965324789016,-12.093173997080774,-12.068833083526522,-10.310643177392288,True,True
2022-06-07,-12.068833083526522,-10.310643177392288,-11.77248856435594,-11.108702920021274,-11.662956334274357,-11.495315013797242,-9.91291066853757,True,True
2022-06-08,-11.495315013797242,-9.91291066853757,-11.746178323910602,-11.139948935771669,-11.671547343105408,-11.963089102620565,-10.142854158931446,True,True
2022-06-09,-11.963089102620565,-10.142854158931446,-11.928735147959527,-11.148070802431436,-12.30767880349427,-11.928820904219421,-10.006218390065998,True,True
2022-06-10,-11.928820904219421,-10.006218390065998,-11.922286431758778,-11.189708155726516,-12.3136575488198,-11.83716930936733,-8.704335795042635,True,True
2022-06-13,-11.83716930936733,-8.704335795042635,-11.8381945305727,-11.216369563395896,-11.3625466314587,-11.127989845157549,-9.231985819690642,True,True
2022-06-14,-11.127989845157549,-9.231985819690642,-11.616591170035209,-11.436269310889804,-11.275500551294272,-11.030878282574397,-9.57737040301214,True,True
2022-06-15,-11.030878282574397,-9.57737040301214,-11.491310192339487,-11.426193748160063,-11.658387689063996,-10.86720622209488,-8.668610562294726,True,True
2022-06-16,-10.86720622209488,-8.668610562294726,-11.26933832404722,-11.406580154711463,-11.607014294614132,-10.159133497822392,-8.91092046774022,True,True
2022-06-17,-10.159133497822392,-8.91092046774022,-10.861494561655235,-11.371399826557134,-11.566559359803067,-11.661536877259401,-9.82136329780795,True,True
2022-06-20,-11.661536877259401,-9.82136329780795,-10.847123911623397,-11.381815342778573,-11.054303911827326,-11.520948000671904,,True,True
2022-06-21,-11.520948000671904,-9.82136329780795,-10.897443800106887,-11.396183277095126,-11.931164227114373,-11.406924901480446,-9.872993082267618,True,True
2022-06-22,-11.406924901480446,-9.872993082267618,-10.95386126264754,-11.395133814746048,-11.607382544073682,-11.634679316101842,-9.662075502625628,True,True
2022-06-23,-11.634679316101842,-9.662075502625628,-11.078136813315929,-11.409423610598141,-11.91534292783165,-11.028707185126992,-9.55934152593348,True,True
2022-06-24,-11.028707185126992,-9.55934152593348,-11.422352275134752,-11.383061040026552,-11.786148244393598,-10.928048437054182,-9.53004393624927,True,True
2022-06-27,-10.928048437054182,-9.53004393624927,-11.264991829818893,-11.34407338678335,-12.087520979839779,-11.273413098246614,-9.928163993055358,True,True
2022-06-28,-11.273413098246614,-9.928163993055358,-11.222423228715567,-11.318065809910575,-12.337239872988267,-12.126336305788561,-10.287596528709958,True,True
2022-06-29,-12.126336305788561,-10.287596528709958,-11.31159039370226,-11.333551295598426,-12.435773202795415,-11.589560072369936,-9.879148796228456,True,True
2022-06-30,-11.589560072369936,-9.879148796228456,-11.304930558840924,-11.349220547071155,-12.243385183905671,-11.80148550447432,-9.047743921624477,True,True
2022-07-01,-11.80148550447432,-9.047743921624477,-11.457969501104287,-11.344522417013405,-11.111010516788086,-11.308676725753616,-9.325898022601628,True,True
2022-07-04,-11.308676725753616,-9.325898022601628,-11.571762212830196,-11.311492225548685,-11.807121983577568,-11.813671753385098,,True,True
2022-07-05,-11.813671753385098,-9.325898022601628,-11.691110094362497,-11.304700418402962,-11.845088408768246,-11.615426974404194,-8.94817236657855,True,True
2022-07-06,-11.615426974404194,-8.94817236657855,-11.608332214689014,-11.309388228301438,-11.459952248183905,-11.146899479520277,-9.140916319018258,True,True
2022-07-07,-11.146899479520277,-9.140916319018258,-11.50084273666659,-11.277099284426052,-11.369578391274752,-11.522842232282532,-9.754041617103407,True,True
2022-07-08,-11.522842232282532,-9.754041617103407,-11.454360275314281,-11.264134913235392,-11.720121034977156,-10.15713832973873,-9.162068372685273,True,True
2022-07-11,-10.15713832973873,-9.162068372685273,-11.04859024610091,-11.148066831139245,-11.654967403319226,-12.049979652514182,-10.226976756046824,True,True
2022-07-12,-12.049979652514182,-10.226976756046824,-11.068370051502292,-11.179273079255566,-10.396169489054149,-11.026227775043596,-9.38898008110137,True,True
2022-07-13,-11.026227775043596,-9.38898008110137,-10.979555001395479,-11.179002765009404,-11.829443366192166,-11.686242984110029,-8.650486515481328,True,True
2022-07-14,-11.686242984110029,-8.650486515481328,-11.052692076794061,-11.217937045690425,-11.311926472054864,-10.704031622111446,-9.10354123842349,True,True
2022-07-15,-10.704031622111446,-9.10354123842349,-10.905607534025659,-11.280403691756536,-10.853141209632753,-11.655643677857237,-9.063658607429122,True,True
2022-07-18,-11.655643677857237,-9.063658607429122,-11.303524894571567,-11.280201839509129,-11.482947271485608,-10.961929788514855,-9.6135992325384,True,True
2022-07-19,-10.961929788514855,-9.6135992325384,-11.132408171334806,-11.251191290264396,-11.705164150135507,-12.024068792231786,-10.250991974721535,True,True
2022-07-20,-12.024068792231786,-10.250991974721535,-11.283707474071425,-11.271093250451962,-12.073962992132346,-11.552352386947582,-10.110619417155904,True,True
2022-07-21,-11.552352386947582,-10.110619417155904,-11.264730276452815,-11.268114999257486,-10.871395139282733,-11.241875726152124,-8.829022012948672,True,True
2022-07-22,-11.241875726152124,-8.829022012948672,-11.422268296254444,-11.280385474755535,-12.231335963405467,-11.257520359249007,-9.249789715822837,True,True
2022-07-25,-11.257520359249007,-9.249789715822837,-11.347673087538068,-11.300550392746363,-11.630743699946581,-11.149665312440918,-9.892683322425588,True,True
2022-07-26,-11.149665312440918,-9.892683322425588,-11.399331757930035,-11.293805483368649,-11.48415095443781,-11.384643546978724,-9.776537018295421,True,True
2022-07-27,-11.384643546978724,-9.776537018295421,-11.307775084563373,-11.270175950019143,-11.707150560407431,-11.996692032831664,-9.301339787081169,True,True
2022-07-28,-11.996692032831664,-9.301339787081169,-11.36559825422379,-11.282400645284145,-11.673415640237712,-10.785258912818158,-9.256384143355476,True,True
2022-07-29,-10.785258912818158,-9.256384143355476,-11.24250617235919,-11.23128221051913,-11.47190012184589,-11.182976045067534,-9.546803128489481,True,True
2022-08-01,-11.182976045067534,-9.546803128489481,-11.227373299708892,-11.225102977547932,-11.734978709276712,-11.247293504888715,-9.538396206434824,True,True
2022-08-02,-11.247293504888715,-9.538396206434824,-11.247684198996206,-11.204176832029754,-10.952407129544104,-11.740325220517715,-9.005312937640351,True,True
2022-08-03,-11.740325220517715,-9.005312937640351,-11.301294935496555,-11.208075622992553,-11.32142026060826,-11.537576276721811,-9.75893767697879,True,True
2022-08-04,-11.537576276721811,-9.75893767697879,-11.244785649859285,-11.225415256209823,-11.352136151645421,-11.908263838117211,-9.790093275598682,True,True
2022-08-05,-11.908263838117211,-9.790093275598682,-11.485143451801791,-11.237363903434028,-11.94821004612951,-11.738257171252155,-9.317582592119084,True,True
2022-08-08,-11.738257171252155,-9.317582592119084,-11.60762934798162,-11.361757445726058,-12.140988363357183,-11.755002943005172,-10.192378959413409,True,True
2022-08-09,-11.755002943005172,-10.192378959413409,-11.728857164708833,-11.353174658965367,-12.078388842769513,-10.99339151905694,-9.756168345834826,True,True
2022-08-10,-10.99339151905694,-9.756168345834826,-11.53035786569358,-11.350862793455379,-12.362151132877482,-11.97830902131633,-9.186143252217722,True,True
2022-08-11,-11.97830902131633,-9.186143252217722,-11.60376152630282,-11.359959670655932,-11.590497667959635,-12.047799350896758,-9.950793468990586,True,True
2022-08-12,-12.047799350896758,-9.950793468990586,-11.623158265678303,-11.43383600941948,-12.16290765734603,-11.71911907881701,-9.853977050365396,True,True
2022-08-15,-11.71911907881701,-9.853977050365396,-11.619719857896726,-11.436302448993862,-11.841405034238996,-11.571661028495216,-9.577984685707005,True,True
2022-08-16,-11.571661028495216,-9.577984685707005,-11.585170853955034,-11.473672235899366,-12.089847393422083,-11.497962488746461,-10.060396903890089,True,True
2022-08-17,-11.497962488746461,-10.060396903890089,-11.739739626118855,-11.453904838707428,-12.379336968222185,-11.82146156260597,-9.546599018814225,True,True
2022-08-18,-11.82146156260597,-9.546599018814225,-11.71333644880943,-11.4646533564512,-12.332570917721055,-12.065175314244172,-10.178382138179735,True,True
2022-08-19,-12.065175314244172,-10.178382138179735,-11.71580528233222,-11.50033325196461,-11.598395996885852,-11.52084482299433,-9.97268672005204,True,True
2022-08-22,-11.52084482299433,-9.97268672005204,-11.673019538160384,-11.515199849809678,-11.8632890268251,-11.470461145333562,-9.862391818932776,True,True
2022-08-23,-11.470461145333562,-9.862391818932776,-11.649721407034734,-11.53517450401776,-12.059262963320641,-11.335634682136149,-9.538835643409175,True,True
2022-08-24,-11.335634682136149,-9.538835643409175,-11.609514863433288,-11.532259280711136,-12.52562635546759,-11.830747294639206,-10.154507302811291,True,True
2022-08-25,-11.830747294639206,-10.154507302811291,-11.61101147464406,-11.526602925087202,-11.931139945008109,-11.908130468696898,-10.279871394307888,True,True
2022-08-26,-11.908130468696898,-10.279871394307888,-11.589645969330075,-11.600030802020214,-12.300134415058444,-11.943734416761554,-9.270527795786032,True,True
2022-08-29,-11.943734416761554,-9.270527795786032,-11.666399652500766,-11.641287606070684,-11.189120911895138,-11.409127543185884,-9.73455918326183,True,True
2022-08-30,-11.409127543185884,-9.73455918326183,-11.651127877106198,-11.65242793969001,-11.674426582090033,-11.089624378781057,-9.69453072918341,True,True
2022-08-31,-11.089624378781057,-9.69453072918341,-11.577436744720032,-11.611298829643442,-11.629401941491603,-11.19434076640266,-9.784501978518,True,True
2022-09-01,-11.19434076640266,-9.784501978518,-11.448060368929168,-11.5894966934193,-11.501127288924916,-11.078641549500716,-9.270450767840119,True,True
2022-09-02,-11.078641549500716,-9.270450767840119,-11.296945021981912,-11.543583471214586,-12.084766472894632,-12.199828113476492,-9.883531562428411,True,True
2022-09-05,-12.199828113476492,-9.883531562428411,-11.320894614158794,-11.5589157749386,-11.556794235558824,-11.844797074349561,,True,True
2022-09-06,-11.844797074349561,-9.883531562428411,-11.38774890644936,-11.562451457505544,-10.729855750918805,-11.812722295519665,-9.41726240540573,True,True
2022-09-07,-11.812722295519665,-9.41726240540573,-11.537071149336109,-11.6131141965175,-10.788505840698031,-11.605672060840211,-9.559583152051559,True,True
2022-09-08,-11.605672060840211,-9.559583152051559,-11.636911295386339,-11.59756528581906,-11.727806612940304,-11.142134875893117,-9.660767753988713,True,True
2022-09-09,-11.142134875893117,-9.660767753988713,-11.658648754204744,-11.551666296732574,-11.639070128320938,-11.04643018866629,-9.683469204886169,True,True
2022-09-12,-11.04643018866629,-9.683469204886169,-11.433513960935217,-11.511889957186643,-11.717825875016265,-11.556068982303405,-9.691744211510843,True,True
2022-09-13,-11.556068982303405,-9.691744211510843,-11.390098601685416,-11.511150106002702,-11.486945878750001,-11.855512975985826,-8.772874027932144,True,True
2022-09-14,-11.855512975985826,-8.772874027932144,-11.39560379017875,-11.52649743770104,-11.093959573464304,-11.2207271684561,-9.756761845794568,True,True
2022-09-15,-11.2207271684561,-9.756761845794568,-11.322247322341266,-11.496302329498837,-11.666177992421217,-11.487828933608263,-9.068808634220119,True,True
2022-09-16,-11.487828933608263,-9.068808634220119,-11.39480754008975,-11.474426057468474,-11.731129342682893,-10.854139468217847,-9.304043735163424,True,True
2022-09-19,-10.854139468217847,-9.304043735163424,-11.336465635895859,-11.430178635961235,-11.36746469949903,-10.992499552271687,-9.67571745177137,True,True
2022-09-20,-10.992499552271687,-9.67571745177137,-11.22176403426688,-11.401173887749774,-11.53549495308183,-11.349812199065589,-9.80708052363437,True,True
2022-09-21,-11.349812199065589,-9.80708052363437,-11.154252664148416,-11.401925721419747,-11.589722257628368,-11.745599931836567,-8.358881353096344,True,True
2022-09-22,-11.745599931836567,-8.358881353096344,-11.233751778683802,-11.399035711353747,-10.604468336322904,-9.70572530357696,-8.662439394596067,True,True
2022-09-23,-9.70572530357696,-8.662439394596067,-10.664645197772934,-11.1824571945833,-11.766608996580496,-10.21534449358576,-9.015587559843222,True,True
2022-09-26,-10.21534449358576,-9.015587559843222,-10.526652054046885,-11.079753080335049,-9.039193283511372,-10.27056931273472,-8.363641488181933,True,True
2022-09-27,-10.27056931273472,-8.363641488181933,-10.40191430279006,-11.006191313322688,-11.410566205466035,-10.964907392306056,-9.335130805087005,True,True
2022-09-28,-10.964907392306056,-9.335130805087005,-10.366171343136891,-11.000100137754707,-11.358861952001268,-9.923830820009881,-8.764573808391267,True,True
2022-09-29,-9.923830820009881,-8.764573808391267,-10.134326038467215,-10.899790900384273,-10.938048756771547,-10.746333527634034,-8.783597974664172,True,True
2022-09-30,-10.746333527634034,-8.783597974664172,-10.3556828880705,-10.883443878642058,-11.540437197221765,-11.00459831961373,-9.412862978912585,True,True
2022-10-03,-11.00459831961373,-9.412862978912585,-10.489911857142792,-10.853021654043761,-11.42083314426877,-10.648993724539146,-8.735612055821733,True,True
2022-10-04,-10.648993724539146,-8.735612055821733,-10.57162773038243,-10.811140308881528,-11.04843002197065,-10.922007254474995,-9.02840530269724,True,True
2022-10-05,-10.922007254474995,-9.02840530269724,-10.565729021978164,-10.785094470290986,-11.395065878168614,-10.44671975729482,-9.06310296869727,True,True
2022-10-06,-10.44671975729482,-9.06310296869727,-10.73384093913157,-10.738092157503102,-11.352477585645296,-11.030462595717015,-9.45044726386248,True,True
2022-10-07,-11.030462595717015,-9.45044726386248,-10.78392652700461,-10.73415609624523,-11.623755751961912,-11.329874292093637,-9.040815356085822,True,True
2022-10-10,-11.329874292093637,-9.040815356085822,-10.829486260853194,-10.74322783769432,-11.314388839894807,-10.77692472143547,-9.373567454854843,True,True
2022-10-11,-10.77692472143547,-9.373567454854843,-10.858676121879775,-10.717400816170247,-10.721724739007888,-11.006446204121886,-9.234097381206151,True,True
2022-10-12,-11.006446204121886,-9.234097381206151,-10.87399347270272,-10.696199420021223,-10.519918152364909,-10.872035556167605,-9.269911913285616,True,True
2022-10-13,-10.872035556167605,-9.269911913285616,-10.986291865487399,-10.683928979710515,-12.239832646175834,-11.85584792435305,-8.174576240010445,True,True
2022-10-14,-11.85584792435305,-8.174576240010445,-11.100054919378124,-10.690843232114275,-10.969650527322056,-10.650277652181508,-9.01517509250609,True,True
2022-10-17,-10.650277652181508,-9.01517509250609,-10.95625145411662,-10.681286045053133,-11.694329484041532,-10.890960276249936,-9.570653183768512,True,True
2022-10-18,-10.890960276249936,-9.570653183768512,-10.982378160322353,-10.677379141988752,-11.201137995458456,-11.176079765293517,-9.78358649544333,True,True
2022-10-19,-11.176079765293517,-9.78358649544333,-11.013314917994027,-10.67254811975181,-11.956095329783347,-10.875008902827632,-9.544053418493524,True,True
2022-10-20,-10.875008902827632,-9.544053418493524,-11.013999042964551,-10.649087719897636,-10.736272185180242,-10.65491745514755,-9.354995402856554,True,True
2022-10-21,-10.65491745514755,-9.354995402856554,-10.831494077594696,-10.731079881769588,-11.460476185902543,-10.52538128629288,-8.68533524057493,True,True
2022-10-24,-10.52538128629288,-8.68533524057493,-10.800099891009493,-10.753657182755711,-11.144121968482558,-10.89298451069227,-9.393053411898046,True,True
2022-10-25,-10.89298451069227,-9.393053411898046,-10.800469269299171,-10.791937052739677,-11.544996437512847,-11.01863035970125,-9.496974218090708,True,True
2022-10-26,-11.01863035970125,-9.496974218090708,-10.777314209705164,-10.794139342695543,-11.498223439346846,-11.220195306774716,-9.589167537233017,True,True
2022-10-27,-11.220195306774716,-9.589167537233017,-10.831715949698072,-10.884861282107575,-11.085956341474933,-11.566748883173647,-9.465499826061505,True,True
2022-10-28,-11.566748883173647,-9.465499826061505,-10.985776849793895,-10.917535309353196,-11.472165245706258,-11.271513629699854,-9.447213582018126,True,True
2022-10-31,-11.271513629699854,-9.447213582018126,-11.168076083973355,-10.92832981867469,-11.674844267796603,-11.347157663263571,-9.944647714927202,True,True
2022-11-01,-11.347157663263571,-9.944647714927202,-11.269137752079512,-10.962115906562028,-11.897125020349087,-11.560587984530853,-9.669492833325624,True,True
2022-11-02,-11.560587984530853,-9.669492833325624,-11.382866044299872,-10.9869862786697,-11.498516152437302,-12.205606661008686,-8.76417390341736,True,True
2022-11-03,-12.205606661008686,-8.76417390341736,-11.542430037288378,-11.060677304374158,-11.857315034700655,-10.780489418007491,-9.406334851237832,True,True
2022-11-04,-10.780489418007491,-9.406334851237832,-11.332743773675421,-11.046148232934653,-11.204939618294246,-11.12127656895842,-9.35466782538278,True,True
2022-11-07,-11.12127656895842,-9.35466782538278,-11.298855351059728,-11.037453564126077,-11.055731410884517,-11.141854124829292,-9.75031226614663,True,True
2022-11-08,-11.141854124829292,-9.75031226614663,-11.256341726661123,-11.057490558938985,-11.844186839323918,-11.736808590020447,-8.73786292660332,True,True
2022-11-09,-11.736808590020447,-8.73786292660332,-11.28046734565465,-11.085139644428109,-11.475598745897976,-11.26046002124957,-9.253482457167419,True,True
2022-11-10,-11.26046002124957,-9.253482457167419,-11.162909645177375,-11.105256913247075,-11.668741329583133,-11.239781121935584,-8.478723498941092,True,True
2022-11-11,-11.239781121935584,-8.478723498941092,-11.277158226669325,-11.085354082358965,-10.557139892783317,-10.598852667862085,-9.162171547752727,True,True
2022-11-14,-10.598852667862085,-9.162171547752727,-11.12841964216205,-11.08128565688458,-11.142830650187063,-11.189428598781591,-9.546537088084621,True,True
2022-11-15,-11.189428598781591,-9.546537088084621,-11.137630036725545,-11.097015922896107,-11.73159976493965,-11.462431232894653,-8.680470826674334,True,True
2022-11-16,-11.462431232894653,-8.680470826674334,-11.103536218994225,-11.108586227937737,-11.349258617944697,-11.754282093639192,-9.779641980999743,True,True
2022-11-17,-11.754282093639192,-9.779641980999743,-11.172481801582782,-11.146226462536923,-11.816884559533047,-11.353538895021497,-9.668186218648437,True,True
2022-11-18,-11.353538895021497,-9.668186218648437,-11.192792188370296,-11.188178713114906,-11.913900758914329,-11.765907774286525,-9.980205089852829,True,True
2022-11-21,-11.765907774286525,-9.980205089852829,-11.479765990223733,-11.259623214832848,-11.482530086087046,-11.633412581919293,-9.881101403505369,True,True
2022-11-22,-11.633412581919293,-9.881101403505369,-11.580537810442237,-11.298091454626425,-12.16275987936706,-11.70479196925579,-10.39509024122873,True,True
2022-11-23,-11.70479196925579,-10.39509024122873,-11.630192173427947,-11.331471076610953,-11.718588505328174,-11.725276961003146,-9.334849692843548,True,True
2022-11-24,-11.725276961003146,-9.334849692843548,-11.625006557314341,-11.353881224736398,-11.938493898330087,-12.024394107481223,,True,True
2022-11-25,-12.024394107481223,-9.334849692843548,-11.76223798400808,-11.36883329683558,-11.861492807706895,-11.624099497105007,,True,True
2022-11-28,-11.624099497105007,,-11.732330193021774,-11.385343971775649,-11.753493979447507,-11.284183955478422,-9.985532708424234,False,False
2022-11-29,-11.284183955478422,-9.985532708424234,-11.644057031458109,-11.38197321402595,-11.66520302798534,-11.39795099064281,-9.894754077637286,True,True
2022-11-30,-11.39795099064281,-9.894754077637286,-11.57865090927454,-11.374614300528943,-11.85335168464464,-11.976668014117745,-9.119823881849346,True,True
2022-12-01,-11.976668014117745,-9.119823881849346,-11.617800620754037,-11.369026496033577,-11.27401118960345,-11.49968716745552,-9.556635392834348,True,True
2022-12-02,-11.49968716745552,-9.556635392834348,-11.529889209411161,-11.416319159448555,-12.271543255352844,-12.069976836255238,-9.280018141657191,True,True
2022-12-05,-12.069976836255238,-9.280018141657191,-11.597610212397795,-11.458342071365708,-11.468195158366854,-11.79572528642734,-9.603803840786123,True,True
2022-12-06,-11.79572528642734,-9.603803840786123,-11.71365630839323,-11.491829797789698,-11.283816703761921,-11.599234741886876,-9.904609908887986,True,True
2022-12-07,-11.599234741886876,-9.904609908887986,-11.764949902578808,-11.486074354367542,-11.631571729869696,-11.641783935801197,-9.778287733265241,True,True
2022-12-08,-11.641783935801197,-9.778287733265241,-11.702561311214373,-11.506138530421142,-11.92569932688724,-12.292538812757684,-10.056940243995577,True,True
2022-12-09,-12.292538812757684,-10.056940243995577,-11.846565302235353,-11.5495534677253,-11.478598618341534,-11.623862494395812,-9.800380477550624,True,True
2022-12-12,-11.623862494395812,-9.800380477550624,-11.760449341938585,-11.636154252957216,-11.85951782975542,-12.014885695709294,-9.984800204487813,True,True
2022-12-13,-12.014885695709294,-9.984800204487813,-11.799187176430763,-11.681070864305086,-12.517136928407274,-11.771752182539098,-8.886637075694992,True,True
2022-12-14,-11.771752182539098,-8.886637075694992,-11.838662133668905,-11.697763109900297,-12.22381768269879,-11.716208101893482,-9.227671934976621,True,True
2022-12-15,-11.716208101893482,-9.227671934976621,-11.856282171483532,-11.695931012614873,-11.190582607046412,-10.581714976349613,-9.31534841808836,True,True
2022-12-16,-10.581714976349613,-9.31534841808836,-11.394978645190049,-11.61717223874513,-11.922839367387553,-11.087496941647089,-9.776559136491379,True,True
2022-12-19,-11.087496941647089,-9.776559136491379,-11.287995944499983,-11.576194236371785,-12.008739860562772,-12.079752198857829,-10.288855626760638,True,True
2022-12-20,-12.079752198857829,-10.288855626760638,-11.294086806672201,-11.593340973186441,-10.868408344154746,-10.931748865631603,-9.456044092807273,True,True
2022-12-21,-10.931748865631603,-9.456044092807273,-11.142833806474044,-11.54248912815718,-12.26299650037088,-12.088563607546108,-10.338291793723235,True,True
2022-12-22,-12.088563607546108,-10.338291793723235,-11.178507490704764,-11.555256574774791,-12.408600180428408,-11.87029947463357,-9.684795828046196,True,True
2022-12-23,-11.87029947463357,-9.684795828046196,-11.48383925620804,-11.550059302906329,-11.870590123253542,-12.260340637887921,-10.14777866935993,True,True
2022-12-26,-12.260340637887921,-10.14777866935993,-11.713595984339923,-11.572158116246866,,,,False,False
2022-12-27,-12.260340637887921,-10.14777866935993,-11.713595984339923,-11.572158116246866,-12.209944264820104,-12.87806722194584,-9.545851710686266,True,True
2022-12-28,-12.87806722194584,-9.545851710686266,-11.792922096595989,-11.626761974969888,-12.047523008946522,-11.191291363226194,-9.855279778394587,True,True
2022-12-29,-11.191291363226194,-9.855279778394587,-11.907400103799977,-11.612435791363032,-12.408464203761355,-11.914151512936977,-10.162706949833568,True,True
2022-12-30,-11.914151512936977,-10.162706949833568,-11.876100605046089,-11.610197377047792,-12.56892379424046,-11.98812225944932,-10.016505923454613,True,True
2023-01-02,-11.98812225944932,-10.016505923454613,-11.898712966686679,-11.632011881392403,,,,False,False
2023-01-03,-11.98812225944932,-10.016505923454613,-11.898712966686679,-11.632011881392403,-10.817805621088977,-10.623085317733555,-9.134051698388648,True,True
2023-01-04,-10.623085317733555,-9.134051698388648,-11.443263915658312,-11.532288410427448,-12.141481142666485,-11.319806183773135,-9.523915228038767,True,True
2023-01-05,-11.319806183773135,-9.523915228038767,-11.278895900703986,-11.509141479274602,-11.457193512083201,-11.071000558984288,-9.38207425879418,True,True
2023-01-06,-11.071000558984288,-9.38207425879418,-11.25137257590195,-11.477837727530524,-11.757508753304517,-11.727155185564282,-9.048303501888878,True,True
2023-01-09,-11.727155185564282,-9.048303501888878,-11.230397788287997,-11.48131652903336,-11.728355856513756,-12.101824710032446,-9.938075139390097,True,True
2023-01-10,-12.101824710032446,-9.938075139390097,-11.240524422543452,-11.476659565625646,-11.632473141659464,-12.075673489204785,-10.071038823087711,True,True
2023-01-11,-12.075673489204785,-10.071038823087711,-11.574701160490832,-11.492472215951585,-11.65698165712675,-11.954685669657545,-9.883691538424808,True,True
2023-01-12,-11.954685669657545,-9.883691538424808,-11.704002448999546,-11.49063388377441,-11.955996509555211,-12.969955931413825,-9.31178289746358,True,True
2023-01-13,-12.969955931413825,-9.31178289746358,-12.090042975936456,-11.517344813169895,-11.633770990607033,-11.0661875130077,-9.802119228345521,True,True
2023-01-16,-11.0661875130077,-9.802119228345521,-11.851587997159108,-11.480508367943408,-10.996154995257358,-11.79674303731648,,True,True
2023-01-17,-11.79674303731648,-9.802119228345521,-11.797524074507136,-11.570857057067748,-11.043139131945209,-11.786264863757486,-9.800350722970045,True,True
2023-01-18,-11.786264863757486,-9.800350722970045,-11.747945810392801,-11.612476303566375,-11.267914776712509,-11.350012741855831,-9.552393716477344,True,True
2023-01-19,-11.350012741855831,-9.552393716477344,-11.62122273082512,-11.579359666484189,-11.340578807647052,-11.57213003576523,-9.786383642400857,True,True
2023-01-20,-11.57213003576523,-9.786383642400857,-11.474399028200136,-11.625598066602457,-11.244796967559397,-11.092013823809374,-9.790454851729208,True,True
2023-01-23,-11.092013823809374,-9.790454851729208,-11.482098326453364,-11.573213498653224,-11.789097011056894,-11.54353257335135,-9.596355026985695,True,True
2023-01-24,-11.54353257335135,-9.596355026985695,-11.44088602619213,-11.558958305285516,-12.088420837464309,-11.846677983703396,-9.750276728034875,True,True
2023-01-25,-11.846677983703396,-9.750276728034875,-11.449221328735598,-11.546334696168962,-11.328867592469424,-11.575591666454613,-9.628910889382585,True,True
2023-01-26,-11.575591666454613,-9.628910889382585,-11.49484822443592,-11.511588042718849,-11.888342816105158,-11.086140568976651,-9.222322668363423,True,True
2023-01-27,-11.086140568976651,-9.222322668363423,-11.385233077387877,-11.503980124765148,-11.464672487704792,-11.960195834902148,-9.666332398157298,True,True
2023-01-30,-11.960195834902148,-9.666332398157298,-11.554364620647009,-11.505474209669627,-11.372258030564945,-11.460444699547306,-9.982464013287867,True,True
2023-01-31,-11.460444699547306,-9.982464013287867,-11.537000090220168,-11.48425534362492,-11.70821409995297,-11.163955110485164,-9.471637961240194,True,True
2023-02-01,-11.163955110485164,-9.471637961240194,-11.402737342764668,-11.534937560824963,-12.2106510667298,-12.263361850939113,-9.24610430867211,True,True
2023-02-02,-12.263361850939113,-9.24610430867211,-11.49011873604646,-11.57354096925162,-11.278905133806518,-11.539649894009779,-9.17084353584932,True,True
2023-02-03,-11.539649894009779,-9.17084353584932,-11.605775575265298,-11.604951304318313,-12.194890548591072,-11.375786500960368,-8.508320382810425,True,True
2023-02-06,-11.375786500960368,-8.508320382810425,-11.500153977815602,-11.586493632612212,-10.857627599740024,-10.740665759560073,-9.517588683337998,True,True
2023-02-07,-10.740665759560073,-9.517588683337998,-11.301848523861459,-11.503412327344263,-11.772168916745892,-11.002789805357402,-9.295321357768072,True,True
2023-02-08,-11.002789805357402,-9.295321357768072,-11.262486357192307,-11.450559009133944,-11.957103722314194,-10.915827422120275,-9.27797050155629,True,True
2023-02-09,-10.915827422120275,-9.27797050155629,-11.072398906940046,-11.396878103609517,-12.325847029512296,-11.143019545442936,-9.380687374313336,True,True
2023-02-10,-11.143019545442936,-9.380687374313336,-11.013169601922023,-11.344210531320126,-11.193007340211555,-10.594917527830397,-9.3773263100675,True,True
2023-02-13,-10.594917527830397,-9.3773263100675,-10.860714535034594,-11.305230845239121,-11.828105153220179,-11.376594310672134,-9.93132846162732,True,True
2023-02-14,-11.376594310672134,-9.93132846162732,-10.972893060095942,-11.289385906233408,-12.492102724538041,-11.56156777308802,-8.818118213957021,True,True
2023-02-15,-11.56156777308802,-8.818118213957021,-11.059646287278323,-11.281750674301893,-11.341849169500927,-10.865278210686022,-9.419547156004684,True,True
2023-02-16,-10.865278210686022,-9.419547156004684,-11.0477437428559,-11.253037541542575,-11.578788688697468,-11.733627980113845,-9.497488671854065,True,True
2023-02-17,-11.733627980113845,-9.497488671854065,-11.132316815745769,-11.258471789083742,-11.460368098666223,-11.032859464001916,-9.577973374081898,True,True
2023-02-20,-11.032859464001916,-9.577973374081898,-11.261737459706579,-11.254879454620818,-11.816220577314278,-11.939220828199064,,True,True
2023-02-21,-11.939220828199064,-9.577973374081898,-11.34156023163651,-11.267197497288922,-11.650772018420003,-11.454770765659507,-9.728939938954426,True,True
2023-02-22,-11.454770765659507,-9.728939938954426,-11.323631929304439,-11.253848045944991,-11.914008555980969,-11.374181451559043,-9.80630179989042,True,True
2023-02-23,-11.374181451559043,-9.80630179989042,-11.458481093250759,-11.245793532312673,-12.131320343742503,-12.019444309108582,-9.792169289875138,True,True
2023-02-24,-12.019444309108582,-9.792169289875138,-11.496972769476633,-11.28203114999804,-12.062648278324874,-11.548869177138778,-9.81442002251065,True,True
2023-02-27,-11.548869177138778,-9.81442002251065,-11.63420837862408,-11.26920133261929,-12.062378440348427,-12.038217078469756,-10.338163344373193,True,True
2023-02-28,-12.038217078469756,-10.338163344373193,-11.648200997230845,-11.287490695225923,-12.293375924998895,-11.439733812944644,-9.831561426311245,True,True
2023-03-01,-11.439733812944644,-9.831561426311245,-11.644530983752157,-11.301220052850889,-11.992443810039509,-11.213224460360308,-9.703221899977633,True,True
2023-03-02,-11.213224460360308,-9.703221899977633,-11.599778504152157,-11.266340014851838,-11.875415087111078,-11.834628972559619,-9.993960589138418,True,True
2023-03-03,-11.834628972559619,-9.993960589138418,-11.573443799463147,-11.276105697910944,-11.96409588695067,-11.812269406075051,-10.230427995839555,True,True
2023-03-06,-11.812269406075051,-10.230427995839555,-11.622072615741113,-11.29224209953329,-12.09943288711697,-11.968763835694656,-10.59436597882007,True,True
2023-03-07,-11.968763835694656,-10.59436597882007,-11.612629615304243,-11.355586941941219,-12.16161257149105,-12.082252363249495,-9.778471684329519,True,True
2023-03-08,-12.082252363249495,-9.778471684329519,-11.73220268323976,-11.403702333064345,-11.999835400151715,-12.195959408844974,-10.166029911411107,True,True
2023-03-09,-12.195959408844974,-10.166029911411107,-11.968277822008536,-11.464303522206562,-12.453357629387472,-12.100424817485658,-10.131350945500404,True,True
2023-03-10,-12.100424817485658,-10.131350945500404,-12.023109833587766,-11.507709868542152,-11.595962257509443,-11.09293546303568,-9.217346373698957,True,True
2023-03-13,-11.09293546303568,-9.217346373698957,-11.791960677266575,-11.557805993358578,-10.533989737745829,-10.322656740563563,-8.650517969154514,True,True
2023-03-14,-10.322656740563563,-8.650517969154514,-11.260360646672359,-11.451635777044467,-11.299635506266478,-11.328705563936747,-9.237810411884151,True,True
2023-03-15,-11.328705563936747,-9.237810411884151,-11.166080266681226,-11.439958698020058,-12.048128391075329,-9.825713018835406,-8.479609763243856,True,True
2023-03-16,-9.825713018835406,-8.479609763243856,-10.639767645370675,-11.289491913505211,-10.80236881550215,-11.122111547191336,-8.974637028772447,True,True
2023-03-17,-11.122111547191336,-8.974637028772447,-10.565541634159096,-11.262809783484629,-11.567643629336262,-11.786684186523168,-9.11341760366099,True,True
2023-03-20,-11.786684186523168,-9.11341760366099,-10.6264064703758,-11.296693191777349,-10.671926383038485,-9.778640512514205,-8.483807321057297,True,True
2023-03-21,-9.778640512514205,-8.483807321057297,-10.447508115832164,-11.112815805657794,-11.323724793832907,-10.984167998631458,-9.029066928866527,True,True
2023-03-22,-10.984167998631458,-9.029066928866527,-10.413993763373988,-11.09169496382666,-11.250840736497521,-11.316815979779786,-8.164513429902996,True,True
2023-03-23,-11.316815979779786,-8.164513429902996,-10.741239098793837,-11.089471798764263,-10.890393736173184,-11.582231620128175,-9.076964077593395,True,True
2023-03-24,-11.582231620128175,-9.076964077593395,-10.792949908016894,-11.07871123044848,-11.550447692957162,-10.700425649799595,-9.22477994600367,True,True
2023-03-27,-10.700425649799595,-9.22477994600367,-10.657239982541203,-11.037815180630266,-11.196453653252957,-10.704207997066884,-9.383832538045692,True,True
2023-03-28,-10.704207997066884,-9.383832538045692,-11.000690644723928,-10.987680062018601,-11.935666545506326,-11.447948409821281,-9.792699262625229,True,True
2023-03-29,-11.447948409821281,-9.792699262625229,-11.079145458638482,-10.987940380966794,-11.94546012587729,-11.459736859680216,-9.766445809446969,True,True
2023-03-30,-11.459736859680216,-9.766445809446969,-11.100370185503929,-10.996699073372145,-11.440159663602095,-12.081651252485992,-9.80578267577356,True,True
2023-03-31,-12.081651252485992,-9.80578267577356,-11.150149264852532,-11.001444675366864,-12.363862766535089,-11.613639220843117,-9.460268980567642,True,True
2023-04-03,-11.613639220843117,-9.460268980567642,-11.358107315274523,-10.99657313864592,-11.07464727201092,-11.388980397447133,-9.283236052494493,True,True
2023-04-04,-11.388980397447133,-9.283236052494493,-11.569674652549146,-10.98182367413053,-11.705645765459016,-11.853549351303851,-9.12044452232601,True,True
2023-04-05,-11.853549351303851,-9.12044452232601,-11.647978715914984,-10.977557747074524,-12.499070000965357,-12.023243444581313,-9.348025292412009,True,True
2023-04-06,-12.023243444581313,-9.348025292412009,-11.757797616118108,-10.974774208418394,-11.687332000301154,-12.312249374848985,-9.907997305323226,True,True
2023-04-07,-12.312249374848985,-9.907997305323226,-11.788044275072897,-10.97787569774764,,,,False,False
2023-04-10,-12.312249374848985,-9.907997305323226,-11.788044275072897,-10.97787569774764,-11.304127847173806,-12.380840721453588,-9.691578776984128,True,True
2023-04-11,-12.380840721453588,-9.691578776984128,-11.924496133105187,-11.010680230252836,-11.525459336724207,-11.962530462782256,-10.305537463811019,True,True
2023-04-12,-11.962530462782256,-10.305537463811019,-12.085991861423233,-11.094265811160515,-11.041501739152794,-11.962272632055788,-8.871587080345925,True,True
2023-04-13,-11.962272632055788,-8.871587080345925,-12.112331695448834,-11.113001557306927,-11.841407373080106,-12.000052438006021,-9.62534677987708,True,True
2023-04-14,-12.000052438006021,-9.62534677987708,-12.107215180881136,-11.288014752777094,-11.39871751823033,-11.312168935638152,-8.928164054443963,True,True
2023-04-17,-11.312168935638152,-8.928164054443963,-11.860366986509204,-11.298283478108875,-10.844617861867643,-11.811958396008789,-9.578992627151425,True,True
2023-04-18,-11.811958396008789,-9.578992627151425,-11.77320620401116,-11.299049475888078,-11.640170005852445,-11.336670550123843,-9.633844340938593,True,True
2023-04-19,-11.336670550123843,-9.633844340938593,-11.638706906495022,-11.49817244790246,-11.821087835257089,-10.367573573639161,-9.463382245373353,True,True
2023-04-20,-10.367573573639161,-9.463382245373353,-11.188736855809088,-11.429321154581046,-11.730563991425193,-11.27246412333892,-9.322564604815346,True,True
2023-04-21,-11.27246412333892,-9.322564604815346,-11.09790782037372,-11.4267868533802,-11.597505057815416,-11.315871770937937,-8.721242199139905,True,True
2023-04-24,-11.315871770937937,-8.721242199139905,-11.09850463265048,-11.413808158828376,-11.688555895861125,-11.63032244745664,-9.929960101277771,True,True
2023-04-25,-11.63032244745664,-9.929960101277771,-11.079175281427705,-11.47757694287554,-11.249580043301949,-11.061009117414606,-9.490928474322672,True,True
2023-04-26,-11.061009117414606,-9.490928474322672,-11.031271817125269,-11.510632703415768,-11.449421108055947,-11.700662497610177,-9.42911472148633,True,True
2023-04-27,-11.700662497610177,-9.42911472148633,-11.368127452713132,-11.522591736480338,-11.253058981448953,-12.092234347187476,-9.382315555825452,True,True
2023-04-28,-12.092234347187476,-9.382315555825452,-11.499519699059627,-11.547865684030926,-11.463516963480158,-11.985848445705518,-9.79837475149352,True,True
2023-05-01,-11.985848445705518,-9.79837475149352,-11.624337863413063,-11.544922223772385,-11.723669750749801,-12.099457391876406,-9.412897435993516,True,True
2023-05-02,-12.099457391876406,-9.412897435993516,-11.701699057552716,-11.563048093360042,-12.443399341217628,-11.928684033446117,-9.55145892415045,True,True
2023-05-03,-11.928684033446117,-9.55145892415045,-11.950380193221978,-11.588180318909483,-12.420935080225224,-12.490829536101112,-8.778454903247079,True,True
2023-05-04,-12.490829536101112,-8.778454903247079,-12.10147673072498,-11.606417045976501,-10.706386618304728,-11.041643027270066,-9.188515319415286,True,True
2023-05-05,-11.041643027270066,-9.188515319415286,-11.782789454603705,-11.552880312775498,-11.84167090616472,-11.766073064143265,-9.08188508155844,True,True
2023-05-08,-11.766073064143265,-9.08188508155844,-11.743448209980302,-11.536021288610241,-11.907235305503015,-12.436015688382334,-10.243440161665852,True,True
2023-05-09,-12.436015688382334,-10.243440161665852,-11.784306924651633,-11.537175103625598,-12.215998273155575,-11.955393020390597,-10.374798856032188,True,True
2023-05-10,-11.955393020390597,-10.374798856032188,-11.788879816901446,-11.536941067386005,-12.573330292475212,-12.28930400345382,-9.37072664041037,True,True
2023-05-11,-12.28930400345382,-9.37072664041037,-11.766990077573913,-11.54609793157691,-12.2064068164408,-11.476293215903556,-9.375716399646493,True,True
2023-05-12,-11.476293215903556,-9.375716399646493,-11.924366645164497,-11.524474065137102,-11.581303041564471,-11.729719101545099,-9.97059893203977,True,True
2023-05-15,-11.729719101545099,-9.97059893203977,-11.915729524609667,-11.545803805542388,-11.436827947551107,-12.271086969173009,-10.220846263490788,True,True
2023-05-16,-12.271086969173009,-10.220846263490788,-11.894639018104913,-11.560010910580987,-11.896972598209938,-12.76341925001347,-9.593410749821267,True,True
2023-05-17,-12.76341925001347,-9.593410749821267,-12.004809265074007,-11.608680106106782,-12.203413949771676,-12.26002377968089,-10.195905470351342,True,True
2023-05-18,-12.26002377968089,-10.195905470351342,-12.000348037043668,-11.767564152209847,-12.49250368246679,-11.782269944046892,-9.856636115846078,True,True
2023-05-19,-11.782269944046892,-9.856636115846078,-12.093599416325137,-11.80087590548365,-11.556971306550942,-11.701272010100457,-9.322177121804874,True,True
2023-05-22,-11.701272010100457,-9.322177121804874,-12.085329636807682,-11.827191569243674,-11.37048114871506,-11.76471560109671,-9.802547141509953,True,True
2023-05-23,-11.76471560109671,-9.802547141509953,-11.981420438460692,-11.834876815114573,-11.483685977290728,-11.451604042889416,-9.813343435880121,True,True
2023-05-24,-11.451604042889416,-9.813343435880121,-11.759697135771075,-11.870558792083045,-12.021820878082806,-11.815791621432348,-9.738026850930952,True,True
2023-05-25,-11.815791621432348,-9.738026850930952,-11.694074722063567,-11.877024010912143,-11.859937633625966,-12.176765274699422,-9.314040096790878,True,True
2023-05-26,-12.176765274699422,-9.314040096790878,-11.755622808567686,-11.880297457352318,-11.529656279403952,-11.922078176245424,-9.731831100783525,True,True
2023-05-29,-11.922078176245424,-9.731831100783525,-11.798362124342084,-11.877339263387999,-11.979006716488836,-12.298605188061586,,True,True
2023-05-30,-12.298605188061586,-9.731831100783525,-11.887813359230833,-11.88459578762618,-11.476357883621956,-10.877476335282015,-9.8039885523103,True,True
2023-05-31,-10.877476335282015,-9.8039885523103,-11.672751341143979,-11.79929765026738,-11.783856545933757,-11.941345784522676,-9.501277712750973,True,True
2023-06-01,-11.941345784522676,-9.501277712750973,-11.693416591058542,-11.781125213992246,-11.874807007457557,-11.837831231561777,-9.899465583150436,True,True
2023-06-02,-11.837831231561777,-9.899465583150436,-11.644852349013973,-11.840343443040112,-11.744785067114114,-12.315775408081695,-9.83994182560165,True,True
2023-06-05,-12.315775408081695,-9.83994182560165,-11.695439970050904,-11.863380853560736,-11.925746324764699,-11.589932309034248,-9.37279713741646,True,True
2023-06-06,-11.589932309034248,-9.37279713741646,-11.588525141026297,-11.82654507894634,-11.885033495220835,-11.792279547166707,-10.038890184731143,True,True
2023-06-07,-11.792279547166707,-10.038890184731143,-11.86836153045949,-11.818787659326983,-12.426130005417734,-12.03371023290531,-9.92183501646691,True,True
2023-06-08,-12.03371023290531,-9.92183501646691,-11.884901031955426,-11.809732567948526,-12.393496653645844,-12.553938477549847,-9.914178917332988,True,True
2023-06-09,-12.553938477549847,-9.914178917332988,-11.998292332371843,-11.85685818876276,-12.462260517763237,-12.436490072578216,-10.465893788000495,True,True
2023-06-12,-12.436490072578216,-10.465893788000495,-12.014987079899361,-11.88605378455976,-12.191311054353815,-11.9893207382676,-10.10704073155459,True,True
2023-06-13,-11.9893207382676,-10.10704073155459,-12.121164738349014,-11.8750417341939,-12.465389895572732,-12.738621596809395,-9.519628944856377,True,True
2023-06-14,-12.738621596809395,-9.519628944856377,-12.307519396720728,-11.874525499843696,-12.184148270380353,-12.02191895133908,-9.575993027510389,True,True
2023-06-15,-12.02191895133908,-9.575993027510389,-12.304404875533212,-11.86542490049964,-11.40722376318864,-11.602062570107027,-9.61925949737596,True,True
2023-06-16,-11.602062570107027,-9.61925949737596,-12.082973034616291,-11.854752654787337,-11.753213120017103,-12.022969927734643,-9.960358776188444,True,True
2023-06-19,-12.022969927734643,-9.960358776188444,-12.013516784598426,-11.870918370645208,-12.304645112118369,-12.212236185784814,,True,True
2023-06-20,-12.212236185784814,-9.960358776188444,-12.055320772701318,-11.891183038257601,-11.916311679729663,-12.2052871068508,-10.065127122860467,True,True
2023-06-21,-12.2052871068508,-10.065127122860467,-11.986580567690421,-11.933131221437101,-12.222067198047233,-12.012071476534846,-9.658564047576018,True,True
2023-06-22,-12.012071476534846,-9.658564047576018,-11.984671887416491,-11.943202068244062,-12.41282010755169,-11.982707692788775,-9.796064660859397,True,True
2023-06-23,-11.982707692788775,-9.796064660859397,-12.082094880134825,-11.934759953674062,-12.150464633079583,-11.98584981505426,-10.024056150392903,True,True
2023-06-26,-11.98584981505426,-10.024056150392903,-12.074102691086502,-11.937893320101537,-12.083230247401715,-11.977561186504527,-10.54610692260362,True,True
2023-06-27,-11.977561186504527,-10.54610692260362,-12.029058031802446,-11.92478319689096,-12.032142157105701,-12.673605320526201,-10.04204703319125,True,True
2023-06-28,-12.673605320526201,-10.04204703319125,-12.093815410456818,-12.05131299524829,-12.692828961538202,-11.888133455557377,-10.258104476527828,True,True
2023-06-29,-11.888133455557377,-10.258104476527828,-12.065580869089501,-12.048267309842771,-11.680131535998953,-12.016877548196858,-9.369011667972732,True,True
2023-06-30,-12.016877548196858,-9.369011667972732,-12.072906677319327,-12.058435255730707,-12.376789604463616,-12.250605793732607,-10.13381225241995,True,True
2023-07-03,-12.250605793732607,-10.13381225241995,-12.124992797220019,-12.055835590848414,-12.572170053935194,-12.212776436500661,-10.416210920126293,True,True
2023-07-04,-12.212776436500661,-10.416210920126293,-12.174791418888745,-12.093469872375044,-12.698970459218685,-12.795082217274551,,True,True
2023-07-05,-12.795082217274551,-10.416210920126293,-12.188781315658746,-12.137196145496752,-13.102989835463902,-12.674641418452017,-10.19973638421314,True,True
2023-07-06,-12.674641418452017,-10.19973638421314,-12.347909705191686,-12.163786108557417,-12.283263616069585,-12.104137546046447,-9.39253083868761,True,True
2023-07-07,-12.104137546046447,-9.39253083868761,-12.371454932695183,-12.144743096997338,-12.605721956168935,-12.38832455658324,-9.779938832507451,True,True
2023-07-10,-12.38832455658324,-9.779938832507451,-12.40092139357832,-12.14290188738551,-12.219799624131179,-12.75139146571823,-10.434532857739667,True,True
2023-07-11,-12.75139146571823,-10.434532857739667,-12.506871317072656,-12.174486997803598,-12.298126829772874,-11.39199903152227,-10.276315700151663,True,True
2023-07-12,-11.39199903152227,-10.276315700151663,-12.1284930685124,-12.096690461666148,-11.984968883229628,-12.948680050261606,-9.741608760464812,True,True
2023-07-13,-12.948680050261606,-9.741608760464812,-12.156651213044169,-12.129785743438333,-11.637917631401482,-12.241390034445805,-9.970016614761404,True,True
2023-07-14,-12.241390034445805,-9.970016614761404,-12.184056275650711,-12.170642656568855,-12.447599815977673,-12.285079628333518,-10.165127051804165,True,True
2023-07-17,-12.285079628333518,-10.165127051804165,-12.166478023120172,-12.184096015222291,-12.316324065431552,-11.968193649558671,-10.34484715731784,True,True
2023-07-18,-11.968193649558671,-10.34484715731784,-12.042111374061566,-12.170749027141266,-11.868183888802815,-12.40606615933567,-9.629292154635623,True,True
2023-07-19,-12.40606615933567,-9.629292154635623,-12.322045783463633,-12.17957442556293,-12.358806919062236,-12.213799033837851,-10.243735898985756,True,True
2023-07-20,-12.213799033837851,-10.243735898985756,-12.21230651684351,-12.190432883207434,-12.017850537392151,-12.259367000966781,-10.070051596999459,True,True
2023-07-21,-12.259367000966781,-10.070051596999459,-12.215773649464372,-12.2054189502262,-12.866171901896601,-11.837650203510105,-10.391843133770493,True,True
2023-07-24,-11.837650203510105,-10.391843133770493,-12.115656503307473,-12.195519709908814,-12.401131669391654,-11.925132264250392,-10.289992538754662,True,True
2023-07-25,-11.925132264250392,-10.289992538754662,-12.105509466233983,-12.192178468070576,-12.367708701247679,-12.230941937208907,-10.199362962523148,True,True
2023-07-26,-12.230941937208907,-10.199362962523148,-12.077561785667921,-12.175120923157118,-12.761502633029503,-13.140378245695794,-10.009524634469164,True,True
2023-07-27,-13.140378245695794,-10.009524634469164,-12.188974841608035,-12.22386601110426,-12.000673164430056,-11.751046651416939,-9.529837595786185,True,True
2023-07-28,-11.751046651416939,-9.529837595786185,-12.072532190095915,-12.205312048560911,-11.546278069713546,-12.062902441215586,-10.133066521028185,True,True
2023-07-31,-12.062902441215586,-10.133066521028185,-12.124896212716036,-12.195493798426513,-12.057856675087304,-12.885123862602185,-10.37442005574202,True,True
2023-08-01,-12.885123862602185,-10.37442005574202,-12.288251845863867,-12.219843059998965,-12.498868874004632,-12.422132879455456,-10.132786912513344,True,True
2023-08-02,-12.422132879455456,-10.132786912513344,-12.325806232792996,-12.207208817115896,-11.964269220685907,-12.1160808072077,-10.191788192399336,True,True
2023-08-03,-12.1160808072077,-10.191788192399336,-12.179023678221006,-12.184039302405566,-12.150598585775924,-11.544980479054551,-9.889010285336488,True,True
2023-08-04,-11.544980479054551,-9.889010285336488,-12.111165673103315,-12.144265081473202,-12.163439913338834,-12.553431462632682,-10.203503303626416,True,True
2023-08-07,-12.553431462632682,-10.203503303626416,-12.196041450977715,-12.150244790625727,-12.360213790480138,-12.298853173398705,-10.416639290470266,True,True
2023-08-08,-12.298853173398705,-10.416639290470266,-12.119032203763172,-12.134680352457384,-12.681668982081225,-12.208245327367807,-10.353148336664809,True,True
2023-08-09,-12.208245327367807,-10.353148336664809,-12.084413239737689,-12.195093376725682,-12.324038521285559,-13.061357334840393,-10.405857880553048,True,True
2023-08-10,-13.061357334840393,-10.405857880553048,-12.210513756825488,-12.19760430975721,-12.691549538298274,-12.559221770227929,-10.167406399229305,True,True
2023-08-11,-12.559221770227929,-10.167406399229305,-12.495513729529032,-12.210720464511564,-12.733296458989466,-13.041520829557653,-10.744634729095894,True,True
2023-08-14,-13.041520829557653,-10.744634729095894,-12.571200986316777,-12.235660794063527,-12.57322765533825,-12.337363013330073,-10.460402507391544,True,True
2023-08-15,-12.337363013330073,-10.460402507391544,-12.581171295307621,-12.256034546720851,-12.016302710130416,-13.207755372857298,-10.08723594906507,True,True
2023-08-16,-13.207755372857298,-10.08723594906507,-12.783915005266532,-12.280050878195455,-12.588140694268033,-13.090272119589336,-10.570086915118422,True,True
2023-08-17,-13.090272119589336,-10.570086915118422,-12.788243473410912,-12.311734346215681,-12.355432316621869,-12.436868204433901,-10.425963655284798,True,True
2023-08-18,-12.436868204433901,-10.425963655284798,-12.756037466819057,-12.32034047216684,-12.557839504563397,-12.488302212900631,-10.60529437012928,True,True
2023-08-21,-12.488302212900631,-10.60529437012928,-12.650713911468692,-12.359863402088944,-11.913864330477061,-12.693614135187515,-10.587595334421406,True,True
2023-08-22,-12.693614135187515,-10.587595334421406,-12.736270602514454,-12.402161247625957,-12.25186343926055,-12.410175355840796,-10.513437769416708,True,True
2023-08-23,-12.410175355840796,-10.513437769416708,-12.594515454966075,-12.41194561219648,-12.532869851319475,-12.201409715715503,-10.07326771933687,True,True
2023-08-24,-12.201409715715503,-10.07326771933687,-12.433678855678998,-12.375050945918874,-12.67668964230918,-12.635129934229028,-10.626889367010163,True,True
2023-08-25,-12.635129934229028,-10.626889367010163,-12.470191847263107,-12.431377727936388,-13.243750638919868,-12.655342445688925,-9.960718397417041,True,True
2023-08-28,-12.655342445688925,-9.960718397417041,-12.500872421769698,-12.464220473789306,-12.9677949273392,-13.378717079433374,-10.861205045214284,True,True
2023-08-29,-13.378717079433374,-10.861205045214284,-12.586216189111974,-12.477089689278941,-13.102110508703563,-12.947617667513754,-10.111758285108724,True,True
2023-08-30,-12.947617667513754,-10.111758285108724,-12.6906410355726,-12.498917318909738,-13.170288656744269,-13.286027301778239,-10.802683114968955,True,True
2023-08-31,-13.286027301778239,-10.802683114968955,-12.933913933624678,-12.550804471350272,-13.36139050015788,-13.362626835181192,-11.080608528670943,True,True
2023-09-01,-13.362626835181192,-11.080608528670943,-13.084009523490451,-12.672413569800302,-12.41517415515015,-13.542996192727056,-10.03130096180313,True,True
2023-09-04,-13.542996192727056,-10.03130096180313,-13.283262289690608,-12.708436796583774,-12.672388460461969,-13.23605294147862,,True,True
2023-09-05,-13.23605294147862,-10.03130096180313,-13.255767363446164,-12.755328252204965,-12.970617288862993,-12.64693504806839,-10.700499721403894,True,True
2023-09-06,-12.64693504806839,-10.700499721403894,-13.164578589713578,-12.786494847771943,-13.258282790159964,-12.654497238493658,-10.315439258899028,True,True
2023-09-07,-12.654497238493658,-10.315439258899028,-13.019649117825212,-12.767602977746066,-12.76192527779352,-12.955936688438513,-10.469781156786771,True,True
2023-09-08,-12.955936688438513,-10.469781156786771,-12.950844987042245,-12.78797633079407,-12.745130693356232,-12.986730752184542,-10.684556905957704,True,True
2023-09-11,-12.986730752184542,-10.684556905957704,-12.87173544061804,-12.785793416542628,-12.449443332885517,-12.480047269389752,-10.752469342053706,True,True
2023-09-12,-12.480047269389752,-10.752469342053706,-12.725938580701472,-12.796258731213236,-12.585685556071427,-12.901789039913274,-10.7601217953383,True,True
2023-09-13,-12.901789039913274,-10.7601217953383,-12.775856977493898,-12.78446903101755,-12.491543216633232,-13.440195246450982,-10.451637817677591,True,True
2023-09-14,-13.440195246450982,-10.451637817677591,-12.90697232988782,-12.795401910945458,-12.773124893692819,-13.313385721624208,-10.202769144982362,True,True
2023-09-15,-13.313385721624208,-10.202769144982362,-12.965911684229868,-12.838075037020175,-12.736509403822108,-13.014593594564898,-10.599804772056283,True,True
2023-09-18,-13.014593594564898,-10.599804772056283,-12.97130864080307,-12.867532786487113,-12.507317121851017,-13.249302804382266,-11.000892319958865,True,True
2023-09-19,-13.249302804382266,-11.000892319958865,-13.164183747227643,-12.89322536865865,-13.528315889316808,-13.150044210552943,-11.256381224368006,True,True
2023-09-20,-13.150044210552943,-11.256381224368006,-13.223042345140279,-12.936524524954667,-13.420084866365064,-13.164640263680907,-10.204942736092827,True,True
2023-09-21,-13.164640263680907,-10.204942736092827,-13.173236645512205,-13.003182053127562,-12.370136391428584,-12.80978994419005,-10.45134259455202,True,True
2023-09-22,-12.80978994419005,-10.45134259455202,-13.065450155546925,-13.014827543167183,-12.72093665174588,-12.843702588002802,-11.22394904575978,True,True
2023-09-25,-12.843702588002802,-11.22394904575978,-13.026982749566608,-13.02720141285975,-13.12004382689796,-12.281094453154168,-10.67718429463661,True,True
2023-09-26,-12.281094453154168,-10.67718429463661,-12.794656791146704,-12.959301968834001,-13.278162767622963,-12.512533971568354,-10.465930125227013,True,True
2023-09-27,-12.512533971568354,-10.465930125227013,-12.676866695258106,-12.93210037227247,-12.081041932965817,-12.642602639615083,-10.301704203940826,True,True
2023-09-28,-12.642602639615083,-10.301704203940826,-12.59604903632176,-12.900900676397322,-12.571012847786568,-12.17837122854462,-9.870364871673544,True,True
2023-09-29,-12.17837122854462,-9.870364871673544,-12.463114910689113,-12.83186720331349,-12.426963208508482,-12.63699443906297,-9.917432183068973,True,True
2023-10-02,-12.63699443906297,-9.917432183068973,-12.432209734003715,-12.796303799019146,-12.109118814461228,-11.093774946916572,-9.558798091258895,True,True
2023-10-03,-11.093774946916572,-9.558798091258895,-12.006949864279271,-12.579435507614631,-11.470289592574991,-11.70458593253796,-9.328521055883163,True,True
2023-10-04,-11.70458593253796,-9.328521055883163,-11.867205245549838,-12.508800623354484,-11.76070725069196,-12.022075342906112,-9.960623621431907,True,True
2023-10-05,-12.022075342906112,-9.960623621431907,-11.790984163508131,-12.471381548063334,-12.286320745100682,-12.742019168510028,-9.999098609949993,True,True
2023-10-06,-12.742019168510028,-9.999098609949993,-11.851262405440002,-12.464062311813352,-12.603321889869324,-12.055541079155361,-9.405687342840498,True,True
2023-10-09,-12.055541079155361,-9.405687342840498,-11.781839104431176,-12.419487927341537,-11.185521103519916,-12.201666796025675,-9.991166665560106,True,True
2023-10-10,-12.201666796025675,-9.991166665560106,-12.091821239406064,-12.404494554997674,-11.898155853576936,-12.129014374042013,-10.176831774063889,True,True
2023-10-11,-12.129014374042013,-10.176831774063889,-12.199275723802161,-12.369658964561498,-12.633349052868722,-11.817145837722931,-10.311618094342988,True,True
2023-10-12,-11.817145837722931,-10.311618094342988,-12.146392592939389,-12.302243814745111,-12.196408017044705,-12.558538084900588,-10.326156244841695,True,True
2023-10-13,-12.558538084900588,-10.326156244841695,-12.12443330433793,-12.281945678731448,-12.401116503086815,-11.704964959918959,-9.119246822973777,True,True
2023-10-16,-11.704964959918959,-9.119246822973777,-12.038286458151907,-12.218969969356978,-11.49567059476378,-11.661757806817679,-9.825771607193888,True,True
2023-10-17,-11.661757806817679,-9.825771607193888,-11.92353928439417,-12.151829653753952,-11.654373250755835,-11.614927433036414,-9.716305689496037,True,True
2023-10-18,-11.614927433036414,-9.716305689496037,-11.819670666793792,-12.086877354747296,-10.811253465763404,-11.475664214883475,-9.379666263406671,True,True
2023-10-19,-11.475664214883475,-9.379666263406671,-11.741218198142892,-12.01444928627769,-11.568341048218912,-11.60728787931688,-9.387068385215768,True,True
2023-10-20,-11.60728787931688,-9.387068385215768,-11.609891821400677,-11.963227833365067,-11.376615796460268,-11.67283271773664,-9.000877353469498,True,True
2023-10-23,-11.67283271773664,-9.000877353469498,-11.603970876120663,-11.91814120466086,-11.064397203072891,-11.725658781043139,-9.602867529303676,True,True
2023-10-24,-11.725658781043139,-9.602867529303676,-11.6157249594231,-11.892637397154342,-11.36040201484061,-11.364756589680772,-9.469776990620693,True,True
2023-10-25,-11.364756589680772,-9.469776990620693,-11.560390241301054,-11.836382984759563,-11.535316831385604,-11.58963823189847,-9.194188463241293,True,True
2023-10-26,-11.58963823189847,-9.194188463241293,-11.584118182645566,-11.795562137771658,-11.798053868406798,-12.024909998214357,-9.827135173243812,True,True
2023-10-27,-12.024909998214357,-9.827135173243812,-11.653161768588173,-11.789922627634441,-11.910157879844055,-12.321606419532344,-9.451050595693248,True,True
2023-10-30,-12.321606419532344,-9.451050595693248,-11.751439907828734,-11.78200672137094,-12.25501556602093,-11.693304662703873,-10.01452264279246,True,True
2023-10-31,-11.693304662703873,-10.01452264279246,-11.744714177907188,-11.827916547323303,-12.41652958681076,-12.508234435963285,-10.12273920927482,True,True
2023-11-01,-12.508234435963285,-10.12273920927482,-11.966908069753012,-11.859655046964567,-11.690685287129664,-12.292475922405396,-9.692425795262688,True,True
2023-11-02,-12.292475922405396,-9.692425795262688,-12.12618064593565,-11.86977645440092,-12.659619507994673,-12.135701385870888,-10.398202714657039,True,True
2023-11-03,-12.135701385870888,-10.398202714657039,-12.149664578491642,-11.8525023322777,-12.928258696643512,-12.558887648797889,-9.282721000626271,True,True
2023-11-06,-12.558887648797889,-9.282721000626271,-12.185885109990332,-11.868775121970486,-11.457597500096233,-12.5384964007458,-10.388911365622704,True,True
2023-11-07,-12.5384964007458,-10.388911365622704,-12.392585450052463,-11.879077844290155,-12.600784465631346,-12.044935999861194,-10.39925207321946,True,True
2023-11-08,-12.044935999861194,-10.39925207321946,-12.292749521590137,-11.875667856105006,-12.628702048784538,-12.136273710111663,-10.133688477922657,True,True
2023-11-09,-12.136273710111663,-10.133688477922657,-12.259487131787608,-11.890257963378934,-12.082185972429475,-11.933050616018537,-10.02059241857838,True,True
2023-11-10,-11.933050616018537,-10.02059241857838,-12.209888361564795,-11.868226419050446,-12.40167522051142,-12.10989737954673,-10.190799947141123,True,True
2023-11-13,-12.10989737954673,-10.190799947141123,-12.132970410494401,-11.888022573428183,-12.02577911177116,-12.47373586332043,-10.4268025638268,True,True
2023-11-14,-12.47373586332043,-10.4268025638268,-12.124090033061616,-11.923504631481455,-12.53434651042271,-12.510584899526012,-9.354749222218897,True,True
2023-11-15,-12.510584899526012,-9.354749222218897,-12.208110284376067,-11.964615129762992,-12.500592093730594,-12.47507349356323,-10.30114898484999,True,True
2023-11-16,-12.47507349356323,-10.30114898484999,-12.271855198445579,-12.017508876970165,-12.325120832120804,-13.036055360789456,-9.942387839218004,True,True
2023-11-17,-13.036055360789456,-9.942387839218004,-12.479510027593266,-12.076517721561999,-12.444225036539782,-11.600594000663609,-10.383063317833725,True,True
2023-11-20,-11.600594000663609,-10.383063317833725,-12.303690591927474,-12.070924989022025,-11.380563050263593,-11.959979799514654,-9.988512098622978,True,True
2023-11-21,-11.959979799514654,-9.988512098622978,-12.196354088064274,-12.085786485481197,-11.294537483069222,-11.75212190585482,-9.9747330989264,True,True
2023-11-22,-11.75212190585482,-9.9747330989264,-12.042956483478285,-12.119367848402312,-12.221413058967757,-11.72946620926901,-10.147866693101388,True,True
2023-11-23,-11.72946620926901,-10.147866693101388,-11.908590160204607,-12.130511583998574,-12.2595859940354,-12.451320459767299,,True,True
2023-11-24,-12.451320459767299,-10.147866693101388,-11.858409301485613,-12.149990935087743,-12.235004601565214,-13.370895482393028,,True,True
2023-11-27,-13.370895482393028,,-12.10015947215264,-12.177739374227889,-10.505485172313593,-12.571248415024815,-9.905088443690394,False,False
2023-11-28,-12.571248415024815,-9.905088443690394,-12.211349936362941,-12.226329584348331,-11.842340748141096,-12.842425513899371,-10.057403315298561,True,True
2023-11-29,-12.842425513899371,-10.057403315298561,-12.447283009784217,-12.237102238603995,-11.531787913168886,-11.462949818641928,-9.913627365534092,True,True
2023-11-30,-11.462949818641928,-9.913627365534092,-12.329309054525126,-12.177766841447093,-12.282054529885782,-12.308794585579866,-10.071336128358578,True,True
2023-12-01,-12.308794585579866,-10.071336128358578,-12.302552609446089,-12.186089847124078,-12.465532145274649,-11.785977352768631,-9.68847707469684,True,True
2023-12-04,-11.785977352768631,-9.68847707469684,-12.066263900763895,-12.146715874799291,-9.342078516620003,-10.359290039067819,-8.180404289327042,True,True
2023-12-05,-10.359290039067819,-8.180404289327042,-11.382284572375115,-11.911714821188495,-11.162000705536746,-10.928217323052504,-9.181314116428965,True,True
2023-12-06,-10.928217323052504,-9.181314116428965,-11.144449417704969,-11.8256050167547,-12.142963822283955,-11.334476602789348,-9.834090952687943,True,True
2023-12-07,-11.334476602789348,-9.834090952687943,-11.124706033944735,-11.781530596202069,-12.02771260465976,-11.778095926336723,-9.96009895657933,True,True
2023-12-08,-11.778095926336723,-9.96009895657933,-11.082747894907431,-11.774354411814354,-12.034024421351466,-11.901114393103528,-9.372353449750591,True,True
2023-12-11,-11.901114393103528,-9.372353449750591,-11.093572773247509,-11.76608890025224,-11.664313153926434,-11.785536387049277,-9.976399865667702,True,True
2023-12-12,-11.785536387049277,-9.976399865667702,-11.47436318604554,-11.741984852094904,-12.131567817698617,-12.09931790656219,-10.061535846748532,True,True
2023-12-13,-12.09931790656219,-10.061535846748532,-11.746513178724374,-11.730259970174119,-12.64583785302813,-12.331128425023419,-8.993449348387962,True,True
2023-12-14,-12.331128425023419,-8.993449348387962,-11.957868833432492,-11.72659108926467,-10.951998839214864,-11.45209026150749,-9.26909857305124,True,True
2023-12-15,-11.45209026150749,-9.26909857305124,-11.869614287853127,-11.675617167521184,-11.912853859900354,-11.45177024298509,-9.473972617460527,True,True
2023-12-18,-11.45177024298509,-9.473972617460527,-11.76530959749503,-11.667005831561001,-11.887654319165557,-12.362078664848081,-10.207568524722957,True,True
2023-12-19,-12.362078664848081,-10.207568524722957,-11.855100555231948,-11.679432901801091,-12.260722496629775,-13.043200198389574,-10.33498154129357,True,True
2023-12-20,-13.043200198389574,-10.33498154129357,-11.955698522733684,-11.713723889556324,-13.124493700958377,-12.195303803275063,-10.288511512551867,True,True
2023-12-21,-12.195303803275063,-10.288511512551867,-11.93590676910064,-11.732222661826166,-12.662960358352377,-12.825049711964068,-9.874449821154267,True,True
2023-12-22,-12.825049711964068,-9.874449821154267,-12.213307499614123,-11.739847873394051,-11.511314113993418,-11.722031435957991,-9.693093627460323,True,True
2023-12-25,-11.722031435957991,-9.693093627460323,-12.32026158181887,-11.699557940093266,,,,False,False
2023-12-26,-11.722031435957991,-9.693093627460323,-12.32026158181887,-11.699557940093266,-12.132413268588207,-13.336230127885516,-10.587396165532903,True,True
2023-12-27,-13.336230127885516,-10.587396165532903,-12.447411912531324,-11.710801779490017,-12.750925964204454,-12.17522213761391,-10.124966315527463,True,True
2023-12-28,-12.17522213761391,-10.124966315527463,-12.305615836441413,-11.695618129621415,-11.80024413243205,-11.484919511619674,-10.014647387102903,True,True
2023-12-29,-11.484919511619674,-10.014647387102903,-12.097715075981625,-11.696990200475199,-12.252747516797319,-11.836152061362453,-10.156613188278543,True,True
