date,asia_residual,london_residual,log_daily_london_ratio
2016-02-01,-0.06589673398893539,-0.06744115723018243,1.792888566880647
2016-02-02,-0.008099340095540286,-0.07201044159538941,1.9452880757992244
2016-02-03,0.34927633701630295,-0.1559877151941055,2.712715382272938
2016-02-04,0.4456272027724854,0.18106481484336964,1.8435919886259224
2016-02-05,0.13085055595373737,0.17555948851981004,2.5788314568662525
2016-02-08,-0.28659762559103324,0.7701637310065309,2.059052109380376
2016-02-09,-0.2888753732427954,1.1734469311366336,1.4084461588430361
2016-02-10,-0.19771691540438277,-0.1365387256598282,2.1205972084364095
2016-02-11,1.6576185348982801,1.4135884989382486,1.6556512470062144
2016-02-12,-0.258311174549021,-0.10239757695220067,1.5324035533179767
2016-02-16,0.5408084564961215,0.828498841003836,1.208964179826939
2016-02-17,0.37184874941087326,-0.470425224280379,2.225447557960928
2016-02-18,-0.88000775807116,-0.8291327224735802,2.910358901437922
2016-02-19,-0.08272410599582394,0.3469757190988048,1.7309290218523774
2016-02-22,0.05477028160076577,0.13736311423013067,1.7786984866015825
2016-02-23,0.5551122119461884,-0.2944093931777633,2.0518293955418585
2016-02-24,0.14628531190142843,0.5397805733210362,1.9886228665520775
2016-02-25,0.7133763028796989,-0.06787524728912256,2.122076206118651
2016-02-26,-0.38795503315720087,-0.01405040075091005,1.9167768050905298
2016-02-29,-0.11197616335440899,0.33843338218521773,1.3548966592307128
2016-03-01,0.7450998044095383,-0.18103361483393168,2.0686086741646807
2016-03-02,0.017615075323382766,-0.6119593572322738,2.3373817751719805
2016-03-03,-0.6040427313733061,-0.1470044158246299,2.378686350408964
2016-03-04,-0.014072981790053818,0.667181545812025,2.2487600760854356
2016-03-07,0.07346710658219321,-0.5557791576167662,2.2725568285032605
2016-03-08,0.5128365069351628,-0.29204937743309783,2.0867495321558778
2016-03-09,0.8230537555441928,-0.689304975452747,2.7152769932009537
2016-03-10,0.1301840835648442,-0.24093276208178618,2.799972347713876
2016-03-11,1.0114657667956402,-0.11225501113834749,2.1128291337992753
2016-03-14,-0.2952777549061146,-0.18233035906163333,2.130410301596708
2016-03-15,0.7779329445147369,-0.7075217205078036,2.4670134301072792
2016-03-16,-0.25982940915829605,-1.5472381583652262,4.507895569525452
2016-03-17,-0.3582645420354989,0.8412902881799614,1.4069151804769309
2016-03-18,0.21076866968518046,-0.3557915642456592,1.9154429753978697
2016-03-21,0.4180066509498616,-0.24518393849743805,2.0531464223971696
2016-03-22,-0.20944078404841052,0.94821531887185,1.2277113754141755
2016-03-23,1.159556513263523,-0.4553694861148038,2.1282159913559884
2016-03-24,0.12389792131912933,-0.5010993168728134,2.0390692337661314
2016-03-28,0.6959785183193739,-0.5103469397268451,1.7894033911481237
2016-03-29,0.187522792869228,0.26293929773032404,2.6603207650962446
2016-03-30,-0.1834835107367652,0.3240158367174207,1.4638362840374946
2016-03-31,0.31011624576700964,-0.10501402784312144,1.8626738138353716
2016-04-01,0.23678558416225967,-0.4345225194378816,3.0096556878451697
2016-04-04,-0.15612071345406656,-0.7591701751594854,2.0661822867418085
2016-04-05,0.9222386942365639,0.35732881733141647,1.5856707713997125
2016-04-06,0.21371334329555267,-0.7845380186517935,2.580842360134989
2016-04-07,0.7539941388121343,1.3317636077317008,0.9161564113055629
2016-04-08,-0.35659476037849874,1.43332605535348,0.7340060652067741
2016-04-11,0.29066034506967714,-0.05563547106582792,1.525904120223604
2016-04-12,-0.49166335183120286,0.004486476792927655,1.9016030713607464
2016-04-13,-0.26497220224862833,0.21251517554681496,1.650279810091737
2016-04-14,0.9932342226920352,0.8122402586710206,1.0987556366150724
2016-04-15,-0.4681206470324582,-0.6908272209099177,1.905876914676245
2016-04-18,0.11799208468439246,0.2733439181992264,1.5323194779767881
2016-04-19,0.15562831995283807,-0.27577681758033207,2.0725735766868194
2016-04-20,0.7592647938321826,-0.875533197920718,2.5158771223817915
2016-04-21,0.5577218707527014,-0.4997968569791819,2.840988993483961
2016-04-22,0.5547519332935615,0.012443921493139633,1.9835895418029956
2016-04-25,-0.13528598456755384,-0.4185802854976181,1.876769716409882
2016-04-26,0.35252400591409877,-0.7503994295967501,2.5848577508030957
2016-04-27,-0.1547538713969057,-0.5741401085220171,2.7996173682226306
2016-04-28,1.8019295375123972,-0.23181291326617628,2.329746203483692
2016-04-29,0.9718538990367187,0.17080951289586718,1.924286401667663
2016-05-02,0.0033426304533094807,-0.11569477216842752,2.291822880398387
2016-05-03,0.4571588927133629,0.3597221921810608,1.6181984514303895
2016-05-04,0.300176313466967,0.592762957014984,1.5363186261630322
2016-05-05,-0.25860964193605224,-0.050587396831177106,1.9322836205110967
2016-05-06,0.1163642253273953,-0.32371224084571465,2.70168184826651
2016-05-09,-0.17142065556845013,-0.10989694385423046,2.0136986346628856
2016-05-10,0.05609073262504124,-0.11102541521728351,1.839894926440099
2016-05-11,0.1571481934420391,-0.30014730966589837,1.984433717276703
2016-05-12,0.2639978392598796,-0.23984539998613488,2.3564224707668213
2016-05-13,0.501694200340078,-0.739658857208867,2.666706893398027
2016-05-16,0.5018734190948106,-0.36921887386686264,2.4351358455047425
2016-05-17,0.15790517007070234,-0.0690737746159861,2.1123924901358038
2016-05-18,0.30003077039015696,-0.24533939447578948,3.0602787857416747
2016-05-19,0.6521263753932751,-0.9010029338948914,2.794147777874901
2016-05-20,-0.4628623167086228,0.02702676032452164,1.7097395828892346
2016-05-23,0.3256735136322448,-0.1150944853845203,1.8734866588017933
2016-05-24,0.8021498144922732,-0.30901943752932864,2.359697836242294
2016-05-25,0.49660384496152726,-0.26723827977344,2.1049487281446293
2016-05-26,0.685066283744336,-0.6042011677953233,2.53791350225989
2016-05-27,1.6789230706898803,-0.19627687974575384,2.278952686061068
2016-05-31,0.12402404197415115,-0.486584466431686,2.1470349928672565
2016-06-01,0.6034889829052958,-0.23287816462257563,2.2174894455743424
2016-06-02,0.1532059752723591,-0.24050897772062388,2.0327355692567792
2016-06-03,0.3332567288911314,-0.990725372246387,4.692576019120025
2016-06-06,-0.1672213574970676,-0.9376786434747678,2.6192128573353646
2016-06-07,-0.12377595576393355,-0.06892028042814605,1.981564971334775
2016-06-08,0.3445032261231575,0.12748349704928583,2.0108288242642
2016-06-09,0.8258420142325869,0.08973132655174507,2.1044244214236834
2016-06-10,0.005995128454307574,0.34185917503395374,1.8949692769488298
2016-06-13,1.2606608671278736,-0.3342709155335523,2.5322841519165777
2016-06-14,0.2542973874862117,-0.13699426241931892,2.1656025439750817
2016-06-15,-0.3057887406807019,0.419388080391413,2.169941024637067
2016-06-16,0.7251172319720909,0.0018444536407347914,2.898722447915228
2016-06-17,0.7263339028988125,-0.2900743716132094,2.175831574346219
2016-06-20,0.6167549821563552,0.6050673236819887,1.5001336073906835
2016-06-21,0.6875182721284028,-0.37636934284702156,2.440746366066513
2016-06-22,0.5606534693831287,-0.032176802463278836,1.8498408798731472
2016-06-23,0.13721595758161562,0.9432126482921309,1.8439882099513714
2016-06-24,4.024180398687872,0.9669144328136124,2.1190857962609213
2016-06-27,-0.8442617688277028,-1.0264082898114009,1.9990531343480384
2016-06-28,0.39836088533910224,-0.3725933671090857,1.8104514007918766
2016-06-29,-0.0224808344370682,-0.4934533053125289,2.047250498140645
2016-06-30,-0.8547668078425867,-0.3384275109234444,1.9230135180557735
2016-07-01,0.5893744482126722,-0.18618144312348864,1.8253739371668534
2016-07-05,1.2646999096879594,-0.5389053566092424,2.3267937940822403
2016-07-06,1.354695198969044,-0.33042568830889,2.2234871515220807
2016-07-07,-0.31332569048840636,-0.9688788410484498,2.8002874039735755
2016-07-08,-0.055081683473847266,-0.9690966447224546,4.116485830794671
2016-07-11,-0.2227292115474984,-0.45791004288966625,2.094912677579071
2016-07-12,0.1698825972959956,0.10044651877369656,1.9845667471743376
2016-07-13,0.8176294118670477,-0.16770393261498664,1.8541796448362113
2016-07-14,0.44830420288735556,0.6112067176503001,1.704228825253228
2016-07-15,0.67122578000517,-0.9775315408883883,2.7573305233994176
2016-07-18,0.5645075122867138,-0.4020871530894318,1.9915661089142578
2016-07-19,0.22354983112198965,0.132895885557457,1.4835163120869037
2016-07-20,0.3256049842428514,0.09909870107853078,1.6872879735267734
2016-07-21,0.13042950462886302,0.2908048969305284,1.5867230218928476
2016-07-22,0.21640847135331895,0.3433233408712429,1.3141198702834433
2016-07-25,0.5617798800183054,-0.7720518136988598,2.181098664485109
2016-07-26,1.2208705055357592,-0.06241908311095759,1.5697977872178246
2016-07-27,0.14121104602072918,-1.303231027565601,3.3412946817888347
2016-07-28,-0.3229391327342373,0.3306325105237072,1.4971739336092238
2016-07-29,1.45900469486527,-0.7114635537976436,2.7729170666054266
2016-08-01,0.14792494115763197,-1.1074963830216416,2.5388904426875225
2016-08-02,-0.01794670542249536,0.5736590555022695,1.3809957150664651
2016-08-03,0.2991976404973777,-0.4680858495360269,2.2260571824405613
2016-08-04,0.8999396608995078,-0.23445099162763863,2.3791462801476513
2016-08-05,-0.3891825815383317,-1.0199057251998689,3.6348990077003975
2016-08-08,-0.34052154382980465,0.0021358385566231067,1.5688193143866744
2016-08-09,-0.18466929924605638,-0.5865386311826227,2.380071287991191
2016-08-10,0.8580154455595328,-0.5791812431886917,2.759089166575226
2016-08-11,0.3724580109644528,0.16736418035861864,2.3253774722092277
2016-08-12,0.38284059624401084,-0.036311800869430005,3.038620634599395
2016-08-15,-0.7889643657324945,-0.10027894580087984,1.7478474244043998
2016-08-16,0.741761159947059,0.4297088175828783,2.1080862879577804
2016-08-17,0.0872411279183187,0.012106748369348743,1.8992627964398316
2016-08-18,0.38311285730525707,0.22248629074066603,1.605663300999467
2016-08-19,0.4495456663918315,0.39662017895158713,1.5826993185441083
2016-08-22,0.4861780804556965,-0.8095121956348194,2.2116907989713184
2016-08-23,0.04133746112806987,1.021267912417646,0.8633802219938183
2016-08-24,-0.44483027968878514,-0.45476806938872655,2.7520700923468358
2016-08-25,-0.09100412901311075,-0.5992882920695869,1.835375040507497
2016-08-26,-0.6112989082819467,-0.8586498752199133,4.625048361280829
2016-08-29,-0.09033140054697733,-0.037508602901211635,1.3564389645718418
2016-08-30,-0.5278424098917411,-0.06705486494617499,2.0744663319649046
2016-08-31,0.22848914092297654,-0.6061290373975218,2.9856218567393213
2016-09-01,-0.5331776032338804,0.38940947358161965,2.1198473426092583
2016-09-02,-0.2518699066455717,-0.8728081071209896,5.027372565034263
2016-09-06,-1.5657817755422125,-0.8132618981248171,2.709339827482493
2016-09-07,0.5975875858776161,-0.06991813701684638,2.007671878952511
2016-09-08,0.6084663425858357,-0.8429529685381382,3.0228390559285288
2016-09-09,-0.46626084718342714,0.19159009518521128,2.1113780173612557
2016-09-12,0.42726729109733735,0.17635782135369457,2.0706182117967433
2016-09-13,-0.31631515600474597,0.5313701647171979,1.7478890324496366
2016-09-14,-0.05829665430101686,-0.10511755533698977,1.9308219794949455
2016-09-15,-0.17474399819308808,-0.14308413080798058,3.1050687881077934
2016-09-16,-0.7950345919823447,-0.08131741973932019,2.25263878179922
2016-09-19,0.2720939955314318,-0.30910059171972576,1.748191854471342
2016-09-20,-0.5036490922958836,-0.8843704946794083,2.155211488475622
2016-09-21,2.3256448888295247,0.16290097654045152,2.826215255628812
2016-09-22,-0.8628765267454166,-0.7731423506091889,2.6475989185212967
2016-09-23,0.2757724953363731,-0.06371714869190118,1.8658933017262473
2016-09-26,0.2923131762766648,0.4746515418777822,1.357621828790288
2016-09-27,0.5946333430566892,0.30961407032836946,1.7233737690040307
2016-09-28,-0.9439446666180191,-0.24134787227560853,2.253986249232206
2016-09-29,0.11913262400061916,-0.5128642829369358,2.8455007312252736
2016-09-30,0.4971926005180713,-0.20044898348911847,2.814840046397734
2016-10-03,0.05754488391073528,-0.2896913726842573,1.8214942568758126
2016-10-04,-0.025420140585617847,-0.13251132111214683,3.6359145076003525
2016-10-05,-0.49792469254409394,-0.17415929875017003,3.134805926253117
2016-10-06,-0.7555595481827377,-0.016077754466168024,2.6740209763909064
2016-10-07,0.2009114055496721,0.3016039549401473,2.978336604796821
2016-10-10,0.41094106830713034,-0.9107023416513115,2.5676376730057697
2016-10-11,-0.09177276819269012,0.42298451437606027,1.6019316382939106
2016-10-12,-0.26004955289381965,0.6344615802689696,1.5840852817377815
2016-10-13,0.49736140576587967,-0.3994520011734323,2.151192383817877
2016-10-14,0.1814812406370003,-0.08404209932869403,2.6099830331445038
2016-10-17,-0.17719866656051012,0.23961244095639142,1.5377180138035502
2016-10-18,0.5720627014994144,-0.26778986780695496,2.0522199966660377
2016-10-19,-0.28533712343834733,0.99031805413101,1.0361244899275004
2016-10-20,0.012007733003532606,-0.6903988680269083,2.539214384062909
2016-10-21,-0.161571290403026,0.45401550560351717,1.0557213776802712
2016-10-24,0.2645537337519816,-0.4748924703599872,2.859007031324534
2016-10-25,-0.45605338699681713,0.01877055900617183,1.753691830968732
2016-10-26,0.08004700307354581,0.1093848403875651,1.6771852371947933
2016-10-27,-0.1827396660051153,-0.3315150065982195,2.4889315956272036
2016-10-28,-0.2525805417101164,-0.11007677720669765,3.081254201791438
2016-10-31,-0.28092900308731,-0.20410631925345082,1.8514685103993216
2016-11-01,0.18990536856969917,0.5568052648911203,1.7821283743612
2016-11-02,0.2371762103312602,-0.22101129253648213,2.500886961823129
2016-11-03,0.8609950697753725,1.2686690690691715,1.139263815928551
2016-11-04,-0.1846289720868959,-0.38989542025309126,2.0902952240699264
2016-11-07,1.0541240864781884,0.17047857719857515,1.5656220606596154
2016-11-08,-0.12354930688875812,-0.5986364926646416,3.0815900246154317
2016-11-09,3.9100960054550264,1.4927201731149065,1.90911879514778
2016-11-10,-0.6182956245555,-0.03408291744394379,1.8632612622639382
2016-11-11,1.072732493766289,-0.2472052313173602,2.500662950776637
2016-11-14,1.0033350786253021,-0.13840581596155058,1.9732700694755234
2016-11-15,-0.40645232246997015,-0.08270030321899849,1.4913431218072333
2016-11-16,-0.2727248621110792,-1.0843455516778733,2.112327998056939
2016-11-17,-0.1555764587738078,-0.3789353656707483,2.361892134093546
2016-11-18,0.9023192748592845,0.09209340829906307,1.650459988793795
2016-11-21,-0.04051022496082227,-0.7674596568971711,1.942246528698945
2016-11-22,0.1808707942721672,-0.5585137163910573,2.0573055747499183
2016-11-23,-0.5486133615096445,0.2554637084054619,2.849201901501532
2016-11-29,0.11944189436127892,-0.5326103694938641,2.3362458451151635
2016-11-30,0.1568067353800466,0.12920960988669958,1.9325591598552467
2016-12-01,1.186150010368213,-0.5371654227608299,2.4515214084764736
2016-12-02,-0.2144886163943194,-0.3768809341388117,2.0851735989604947
2016-12-05,0.7433804048053365,0.6955054592290651,1.4647069307718663
2016-12-06,-0.4346455152889131,-0.7674118007378726,2.1103887039565787
2016-12-07,-0.02912490681068606,-0.32438609679793123,1.9703996744308139
2016-12-08,0.00810398652308072,-0.6251039379506597,2.5546482900973704
2016-12-09,-0.013999949610885609,0.03470552781342637,1.915044148802652
2016-12-12,0.5261486532357655,0.2514273197362858,1.5475223700808947
2016-12-13,-0.07709890630422359,-0.4178910164374134,2.2329794860301675
2016-12-14,-0.269752404544549,-0.7230995096711342,3.256016462135106
2016-12-15,0.9384767646231738,0.5058710831997332,1.7536636360038766
2016-12-16,-0.25818787118795644,-0.3192501345510063,2.300752658257055
2016-12-19,-0.1779422992784965,-0.4834042123899202,2.0250512565809196
2016-12-20,0.6655488595042418,-0.6156841495447632,2.3812002897947995
2016-12-21,0.5849934427563306,-0.6072683825810731,1.9807871375185524
2016-12-22,0.2151216329009373,-0.9412873441947457,2.5450477684636983
2016-12-23,-0.5485510124632706,-0.9969954102211186,2.89629936508536
2016-12-27,0.5551603726901164,-0.3274920189895109,2.9895125956778283
2016-12-28,-0.09893671799849238,-0.5802482211127052,2.2397627544745635
2016-12-29,1.1651160487772345,-0.09799032732282878,2.7006080489652504
2016-12-30,1.062076762229673,-0.5069120198119396,2.506925331754383
2017-01-03,0.947785700744403,0.4120874559799848,2.207893844492059
2017-01-04,0.1424780373393024,0.5388112920171019,1.4925640458252847
2017-01-05,1.4155874263543926,-0.23620376866242335,2.170190890439139
2017-01-06,0.16000124632428167,-0.5718126936924303,2.5960274088322084
2017-01-09,-0.3015941307263091,-0.00454514028463496,1.7968923919718502
2017-01-10,0.5261645981455207,-0.1341296112070697,2.039293777123511
2017-01-11,0.3601734365542541,-0.17444513615663584,2.8625155223089855
2017-01-12,0.07057133343471242,0.3981453844388934,1.6398133942698987
2017-01-13,0.07415201245797795,-0.2342461138014659,2.3226636074197167
2017-01-17,0.044762847302090646,0.4110312841376132,1.638012002478419
2017-01-18,-0.07236341674356475,-0.27220507837585933,2.158015312773564
2017-01-19,0.568164488919042,-0.11743718042008414,2.2792377204734002
2017-01-20,0.3917519516943692,-0.032059326830182006,2.3033693774681847
2017-01-23,0.2772693738949478,-0.22821891418180687,1.9905964677148962
2017-01-24,-0.3137203234921944,-0.6719623509887952,2.2289743298653697
2017-01-25,0.5809940352030201,0.1979492636315133,2.232994307916817
2017-01-26,-0.08810571975380513,0.4939777533850432,1.7848910931508648
2017-01-27,0.029877530107649673,-0.09816822803195105,2.05574631125587
2017-01-30,-0.9163917819869147,0.09905563150607474,2.106648645521707
2017-01-31,0.015588405853652587,0.8168108478684254,1.7358905050679247
2017-02-01,-0.5190874940724828,-0.3265648140714685,2.520945504471369
2017-02-02,-0.02634593443650205,0.5978282185070353,1.569855682972257
2017-02-03,0.390254723747168,-1.1830259124653246,3.0498241612583303
2017-02-06,-0.3666009713792913,-0.1399012707355737,1.7972916172146451
2017-02-07,0.2644385116080205,0.0905529801172403,1.743184770040978
2017-02-08,0.07248708215167851,0.2995088202181851,1.634567786435369
2017-02-09,-0.5264974719901327,0.6725144113833882,1.9987710464123403
2017-02-10,0.09562439906349282,-0.4141081815129503,2.242446262325613
2017-02-13,-0.12135128054269687,-0.5296299908456518,2.128573264614582
2017-02-14,-0.2481821327945766,-0.00603137110848376,2.6897824361814653
2017-02-15,-0.8229832471800242,-0.4877256992615006,2.8127331635275006
2017-02-16,-0.4273529955175071,0.4768423133178768,1.4736424202147909
2017-02-17,-0.7878823076212469,0.7202097280544163,1.2344337110438062
2017-02-21,-0.28336647486787,0.47957608852387673,1.7887398934195975
2017-02-22,-0.5106246162859338,0.04348781143919642,2.291896602840799
2017-02-23,-0.7025105676317795,-0.4534672910184547,2.429656791041497
2017-02-24,-0.6655290205099464,0.23232611015858926,1.973356150023534
2017-02-27,0.09687630030798508,-0.08466381278680682,2.1098474057943033
2017-02-28,-0.04233035892468843,0.3151757401615594,2.2536618739596914
2017-03-01,0.89243431566516,0.2925053625112806,1.8325991838816424
2017-03-02,-0.5937808686385018,-0.1709412799859439,2.4271711663289075
2017-03-03,-0.05348636543882316,0.38065568135830824,2.050148619295035
2017-03-06,-0.2105994166075074,-0.13491464503414644,1.6916818900724664
2017-03-07,-0.30353625080487273,-0.5083110750441701,2.2166352787069528
2017-03-08,-0.28845560340637594,0.14513601344573498,2.0999913372842
2017-03-09,0.08415105612356519,-0.17720981882959133,2.237884529167083
2017-03-10,0.23080974683332164,-0.8928544850497843,3.3187777928492235
2017-03-13,-0.2763236154432796,-0.020719696583643064,1.8306474356455205
2017-03-14,-0.4024484700426814,0.15232522119126632,2.2536881237648796
2017-03-15,0.5096038580137106,-0.3027749992321251,3.4481154247283925
2017-03-16,0.2863625127115434,-0.14309847179281757,2.0560275777428956
2017-03-17,-0.526941457347712,0.5318014493603717,1.2380661356874185
2017-03-20,0.05971613129344396,-0.7749545665146275,2.080439914137388
2017-03-21,1.3204111668748362,-0.12358170770062951,2.398447669044492
2017-03-22,-0.3850685436755455,0.24055519444515458,1.770137470536925
2017-03-23,-0.3136569417127251,0.017975244067870513,2.37390893729825
2017-03-24,-0.06896739851286918,0.04235401005290104,2.0984830650925517
2017-03-27,0.5771064054177892,-0.7594872677181527,2.902663720354017
2017-03-28,-0.7918470695102484,-0.30452385513312413,2.505490914853784
2017-03-29,0.07779454879579581,0.194461699576414,1.7873575657071346
2017-03-30,-0.0013057306758113344,-0.25739518703813963,2.578952733683149
2017-03-31,0.5481758469379181,-0.5416588018332372,2.4420663344165945
2017-04-03,-0.40768041270335115,0.09746311188326903,1.8896549240439278
2017-04-04,-0.20593326444888718,0.33728073640991313,1.7253282710898024
2017-04-05,-0.44093206660821554,0.1971414040552116,2.6613618040276634
2017-04-06,0.4877983670726071,0.03760937274377771,1.777053845304943
2017-04-07,2.4804069830920654,-0.8021834663443325,3.3366821218485523
2017-04-10,-0.6042206202567857,-1.0678849881699446,2.683754062207873
2017-04-11,0.3558349488933871,-0.19803984819964807,2.7047401505140733
2017-04-12,0.721964995928682,-0.6584293789512873,3.1687653550132
2017-04-13,0.11119563398642326,-0.5647125913264343,2.467495065671736
2017-04-17,0.643185306540746,-0.5138036525950095,2.4774708814026276
2017-04-18,0.1811474174373164,-0.1468270900364558,3.049584670130086
2017-04-19,-0.33236516367318064,0.0564247323486676,2.384462567968452
2017-04-20,0.2901307419662466,0.45153698272889536,1.8962780369375185
2017-04-21,-0.5450264210183273,-0.3831282828098452,2.672256525843734
2017-04-24,1.029883936152491,-0.39905916847656114,2.503909643585912
2017-04-25,-0.3324196919110239,-0.21195999450045835,2.356199202217981
2017-04-26,-0.08575250889874789,0.12053612032566616,2.5301353921364083
2017-04-27,-0.38498232935770066,-0.8457275428357526,2.8493662549741217
2017-04-28,-0.34556330741752245,-0.2599061990035942,2.1749353616961553
2017-05-01,0.892551885109985,-1.0298634358927299,3.3373139925525788
2017-05-02,-0.511369198853918,-0.05803585475697051,1.6201099189567536
2017-05-03,-0.9513742433494037,0.4656763734307841,2.4316646453549833
2017-05-04,0.7116391094162009,-0.03658229193105203,2.6714669716663995
2017-05-05,1.1270306601409232,-0.34964436085326794,2.5207362918144582
2017-05-08,0.31945371793037974,0.4045892807513692,1.5926387230527865
2017-05-09,-0.1427957144368093,0.2992389493281376,2.08406059991721
2017-05-10,-0.11451868302236393,0.37817066426410656,1.4361999610889598
2017-05-11,-0.18919505535773198,-0.21498519168622213,2.0987547754238616
2017-05-12,-0.8314715029772759,-0.19324160001632965,2.0815226448602644
2017-05-15,0.12105620812840853,0.4200487322920246,1.653020937232279
2017-05-16,-0.051987545620508814,-0.5982487658402703,2.496424027815257
2017-05-17,1.0573133911554096,-0.08000194615938053,2.5184361240802033
2017-05-18,0.24302614100632033,0.9773929774671534,1.7712101761152574
2017-05-19,-0.018233889604438093,0.06251297488672311,1.6859132725389152
2017-05-22,0.3002563084218121,-0.5765666398456527,2.0527733673953303
2017-05-23,-0.5397242373312845,0.3189239155391313,2.045094541108263
2017-05-24,0.2212100148574749,-0.19414537678716673,2.53511906024748
2017-05-25,-0.23270702338494823,-0.25368169943154867,1.804168661406738
2017-05-26,0.011917028961282184,0.899334625342619,1.2783286045599418
2017-05-30,0.20610578401880317,0.333034390723342,1.5316975605299863
2017-05-31,-0.2580782484174136,-0.34427927323726343,2.4803420574252417
2017-06-01,0.20611574190798485,-0.27817677904401455,2.3294856087295255
2017-06-02,0.09980710852856631,-0.3236711871457835,2.789711034091548
2017-06-05,-0.27220995290754463,-0.5865720045334221,1.883282662948858
2017-06-06,0.2787186411007085,0.34272103090766565,1.887863826024816
2017-06-07,-0.6695253552349487,0.7815953233996858,1.5824679535729107
2017-06-08,0.16808691912951487,-0.2186786414644121,2.650608626291371
2017-06-09,0.35711395968531295,-0.16515923588354756,2.1897815538439325
2017-06-12,-0.027885461726581386,-0.005646348594834513,1.8277439828944573
2017-06-13,-0.15371936931321842,0.09383510492524647,1.6822389405390936
2017-06-14,0.07194396247865106,-0.5002759318933211,3.698826241577965
2017-06-15,-0.25806860360115064,0.3483908712263613,1.5089364657317539
2017-06-16,0.04413372843201598,-0.49516050957605556,1.856518435353145
2017-06-19,-0.06003470801145697,0.19153499530805437,1.7695567756564987
2017-06-20,-0.6616925839992986,-0.11919977894406056,1.9171065005650938
2017-06-21,-0.49567579786783394,-0.07578337300154128,2.0770566999989235
2017-06-22,0.32297881025107283,0.026378543893568498,1.9186368534601819
2017-06-23,-0.18700482820101308,1.1781116768951605,0.7224498482967316
2017-06-26,-0.18718981718160024,3.5552438395718715,0.19311857348085582
2017-06-27,-1.6819747306175485,-0.9020045440588077,2.069295235500066
2017-06-28,-0.1534484497030877,-0.5718005453153686,1.6676529096068275
2017-06-29,-0.6195658053422366,0.7047052573564699,1.2532628354449074
2017-06-30,-0.3191295210871395,-1.0253122726892727,1.9244724841490974
2017-07-03,-0.22870237371464655,-1.0386546689276213,2.557701607376318
2017-07-05,0.0033953998622515357,0.6385943714990309,1.6649041613915063
2017-07-06,-0.2023734083237865,-0.917349456154427,2.5778259473274954
2017-07-07,0.6280773423300752,-1.319830198969114,3.4446227517203276
2017-07-10,0.05162851181707536,-0.45789929498794385,2.74073069322548
2017-07-11,0.007238695836238007,-0.2355920047304664,2.0765770601844586
2017-07-12,0.04435913034021196,-0.5983742482573319,2.849979982214654
2017-07-13,-0.4317161469166116,-0.3792424356582888,2.0532818974767064
2017-07-14,0.6600424248573078,-0.6216799413645716,3.2769545571735996
2017-07-17,-0.35015914848853275,-0.972126529432873,2.415108955884426
2017-07-18,0.1894363344320795,-0.08215713585232112,1.9288818845409246
2017-07-19,-0.21894122742984792,0.061838581484375904,1.7878967650558266
2017-07-20,0.19528893917168275,-0.1638867231202578,2.586021320986534
2017-07-21,-0.5703532948047232,-0.4285392587564633,1.9947412602570722
2017-07-24,0.25498558123405285,0.5311969944725189,1.487359356546678
2017-07-25,-0.08421097683582482,0.7892810834622964,1.3538776679005213
2017-07-26,0.12528800916988245,-0.02175519858113187,2.409805135266028
2017-07-27,0.309000380764282,-0.6319907148500931,2.7142861133843805
2017-07-28,-0.26877103538994757,-0.02231589288819894,2.1831351374749897
2017-07-31,0.284796354625453,-0.7927282164518586,2.097689219359717
2017-08-01,0.2235990391061091,0.5355033497130205,1.8731514553224375
2017-08-02,-0.16287361973536776,0.00876067163109159,2.6085386762276492
2017-08-03,-0.2429287142107355,0.1623608253121532,1.8410206579215647
2017-08-04,-0.834569498874298,-0.9043850828126622,3.7645708574553947
2017-08-07,-0.8385800620114536,-0.5092930488106929,2.108476798125295
2017-08-08,-0.08714098958201569,0.5635933750947729,2.134805852079042
2017-08-09,0.45093622691750607,0.5344130505366661,1.8274542568568197
2017-08-10,0.10750246152537143,-0.40028557202116594,2.3351520499740115
2017-08-11,0.6689128467611902,-0.2964651659943229,2.777224025838011
2017-08-14,-0.04291689924286283,0.16094308104003904,1.7082170824103073
2017-08-15,1.052236313216293,-0.5640815154762048,2.434694432295606
2017-08-16,-0.4732646736421145,-0.4944017128469575,2.638232028701596
2017-08-17,0.7520506487316774,-0.07246556028757847,2.63774374996766
2017-08-18,-0.15965956851942445,1.1146539990289426,1.4739711693624287
2017-08-21,-0.39121494428479725,-0.6875878655936606,2.274204769899276
2017-08-22,0.29853427197445764,-0.5013966105666149,2.554619989135853
2017-08-23,0.23690931543164992,-1.0681413422480113,2.4861755295497954
2017-08-24,0.019491966953781824,-0.15707096278707158,2.013583638377316
2017-08-25,-0.322100163730251,-0.1757516103418936,3.769235048225708
2017-08-28,-0.9588343999689868,-0.6634036982401429,3.2748569202998947
2017-08-29,-0.09213360510158133,1.4837658428292755,1.3903187411603106
2017-08-30,-0.41964430294984073,-0.16358655854389173,1.9990349584673002
2017-08-31,0.502549049064458,-0.03391541879268725,2.071702209862213
2017-09-01,-0.5726665111216174,-0.7271429335814769,3.7028231983148583
2017-09-05,-0.1464277839593531,-0.14155401744665955,1.9891242544774652
2017-09-06,-0.1615404768510547,0.2674307052029626,1.8298388369108523
2017-09-07,-0.482990374640163,-0.03482120566587202,2.331710388488908
2017-09-08,0.7475851921803156,-0.191343252556922,2.1204010729380673
2017-09-11,-0.20708684759369825,-0.05674072715066028,1.9338249716226095
2017-09-12,0.2569223416096293,0.2949055272908268,1.5678500203885282
2017-09-13,-0.26445032228763626,-0.19865408630488726,2.2086050019576824
2017-09-14,0.2076906583084974,0.26487970527591004,2.2914774424304323
2017-09-15,-0.2352647725704702,0.7281705019159429,1.2302970771021737
2017-09-18,-0.13330437960660427,-0.23229011018342507,1.862727313749314
2017-09-19,0.285294984837638,-0.04698590078203782,1.7222035750681872
2017-09-20,-0.22569273537482418,-0.19992201226093012,3.3227250969063764
2017-09-21,0.32683558236601623,0.019314786517889395,1.7736127076441175
2017-09-22,0.34737655303912834,-0.17119598614567547,1.5392175393651684
2017-09-25,0.31762068661129955,0.2279121262910618,2.231196728052492
2017-09-26,-0.0033654443330717655,0.4853423266672426,1.853232058934939
2017-09-27,0.020941197190389414,0.11710377643884304,1.735587735129151
2017-09-28,0.1453458895280346,0.5164409876804353,1.1361572543874594
2017-09-29,-0.3223626662446058,-0.08561637309557849,2.0745557316457734
2017-10-02,0.08023322001943042,-0.10091846222368442,1.843589372454657
2017-10-03,0.557248965778737,-0.35157433002150745,1.7727799724851625
2017-10-04,-0.41436195109508805,-0.15292492935780647,2.200310786632569
2017-10-05,-0.9924794445234943,0.20436056311546555,1.8193977351649195
2017-10-06,-0.36772141189328306,-0.10937902959783866,2.7438914522563316
2017-10-09,0.9186988936955118,0.08501756004981229,1.5847743675824493
2017-10-10,0.5658949563119049,-0.13857994285126832,1.7327013136147293
2017-10-11,0.20462518243531178,-0.5393657316091868,2.422568687832335
2017-10-12,-0.1804374704815355,-0.5219739069496391,2.1274264362441766
2017-10-13,-0.26504478183661245,0.2711008490655889,2.71152085547517
2017-10-16,-0.5472711787450293,-0.37252021454210577,2.4965885454596997
2017-10-17,0.15260250923984528,0.08709092489754763,1.918619001747004
2017-10-18,0.4575417789046114,-0.02487612056874969,1.7899132651798233
2017-10-19,0.5405956790711302,1.0639156716368994,1.2665172417089448
2017-10-20,0.24684924961464325,0.4434458414272722,1.4250750959293654
2017-10-23,-0.0945155749694098,-0.6749224145967264,2.338662674590818
2017-10-24,-0.05349221272808572,0.26167673072024905,1.4302994932888637
2017-10-25,-0.013050640721441497,-0.030957317641390567,2.121660249196861
2017-10-26,-0.16362845493689052,-0.1735381004690765,2.0566094317339108
2017-10-27,0.0368090641816203,-0.08222766181863253,2.362622719392501
2017-10-30,-0.5122067127769028,-0.3561714040941492,2.167187507394763
2017-10-31,-0.5251691098231883,0.12276613869822914,1.7875191181320087
2017-11-01,0.3427986334389747,1.4008335672408367,1.3346291601757478
2017-11-02,-0.009257913344713075,-0.7856242899388121,2.670668777670196
2017-11-03,-0.6882243276015187,-0.4974910703051602,2.7744629743309357
2017-11-06,0.09732136008799272,-0.4764835712925681,2.043474406473919
2017-11-07,-0.23620586810951275,0.1715677086789452,1.971506636892137
2017-11-08,-0.6530330365781718,-0.10165518823730149,2.092870608970932
2017-11-09,-0.0387185212110324,0.05284028842195529,2.2584652200748945
2017-11-10,-0.5225761406024456,-0.07128952079334386,2.4712216920904293
2017-11-13,-0.8715330486032768,-0.40268906439348057,1.7260209815895067
2017-11-14,-0.09156344359567428,1.3878843757645878,1.6308505558152468
2017-11-15,-0.4859527878541879,0.11618729998362273,2.019663689469162
2017-11-16,-0.8246376311593671,0.33776873136740165,1.5325190502376422
2017-11-17,0.049647415093602786,-0.3285095631204104,2.269404109922176
2017-11-20,-0.027265512937141113,-0.3071478877973732,2.4967486837208455
2017-11-21,-1.0472106824986134,-0.02337120155695441,2.0220618476199874
2017-11-22,-0.07774626975907098,0.5678420280477575,1.5886289978342703
2017-11-28,0.12795351807110264,-0.6423173090151028,2.8351302815988717
2017-11-29,-0.524259012145563,-0.16999300680691679,2.4882322656385902
2017-11-30,-0.6424726474521711,0.08752680694101297,2.304530828639127
2017-12-01,-0.3967965984748339,0.0063396727159944185,3.155671373436558
2017-12-04,-0.8828397515059616,-0.0643778864902941,1.9236214144658828
2017-12-05,-0.33888669251538556,-0.6427792716124322,3.2414843003262668
2017-12-06,-0.07758187913229755,-0.8022789609312567,2.8028294446564335
2017-12-07,-0.026983269413635415,0.07527304915025365,2.302922600384532
2017-12-08,-0.7072454631272236,-0.0067627461442657825,2.6012514123046717
2017-12-11,-0.4312343507355663,-0.17739733028299223,2.021468319002503
2017-12-12,-0.8071854703987777,-0.024564766258458413,2.667734365497882
2017-12-13,-0.1447482098060973,-0.35211118900136035,3.5153277337977418
2017-12-14,0.44292373798714596,-0.3090622356473382,2.3084008746953284
2017-12-15,-0.5990735624570642,-0.2947746890620177,2.563030668150139
2017-12-18,-0.050116352883813366,-0.5068110802708886,2.4075415564878977
2017-12-19,-0.6016911856119154,-0.25234867082869633,2.44721097149384
2017-12-20,-0.0055540662250020195,-0.1179649018837711,2.0689557249838106
2017-12-21,0.2153451332707896,-0.43916354043124456,2.480519199503094
2017-12-22,-0.4299286418394917,-0.41566342642805515,2.333597830139345
2017-12-26,1.1823054825100887,-0.6057860224375481,2.372675865332173
2017-12-27,-0.25794356206504393,0.12942460366314354,2.0899715077097127
2017-12-28,0.05652709480986436,-0.22780929018816667,2.519845807693061
2017-12-29,-0.5175492867756755,-0.07663244423240304,2.7610907699840403
2018-01-02,0.6132766617286625,0.6579191028637873,1.4892528323237126
2018-01-03,1.5477414321999245,-0.5353309572154689,3.104982476784537
2018-01-04,0.4407173824171306,-0.019255124748320505,2.383669173880035
2018-01-05,0.12981628888151994,-0.4486053793059465,2.916765420668332
2018-01-08,0.06844095893933441,0.4247959050818267,1.4207185425122866
2018-01-09,-0.07640329698391882,0.5055771200400149,1.6426954814253545
2018-01-10,0.5991546210571141,2.1788933724604904,0.5957578228238987
2018-01-11,-0.4769588772200382,-0.9602746127201974,2.2046065406186397
2018-01-12,0.2814115024645471,0.2175955682130589,1.6924112376664784
2018-01-16,-0.36843496279672966,1.150051727496632,0.8240052962451845
2018-01-17,0.7090188514402453,-0.6108600575176065,2.320224266312996
2018-01-18,0.5517117098011028,-0.2426726376557752,1.9888437950834774
2018-01-19,0.37259547559889444,-0.37211653932044725,1.7585964405526369
2018-01-22,0.2508455388202759,-0.4896422846709118,1.8373876493359926
2018-01-23,0.09369281811527982,-0.7688476197066115,2.512995944330754
2018-01-24,0.14017287493997307,0.884488969648319,1.4826472862406632
2018-01-25,0.19472970914317186,0.08667221521357402,2.804155153895696
2018-01-26,-0.0481582179425604,0.28778543940051265,1.7113375355708609
2018-01-29,0.3548967135458522,-0.4077850612126454,2.1655899726633443
2018-01-30,0.6031322013979996,0.6953269045791178,1.3856303808260382
2018-01-31,0.265691404826541,-1.1934349494938428,3.180801720431173
2018-02-01,0.13119127186040244,-0.5512381107204823,2.3441567277542283
2018-02-02,0.18354657279808648,-0.24586324196466972,2.909236881862636
2018-02-05,-0.08396105248899269,-0.049919146678918086,2.0636377871486395
2018-02-06,1.1858145120918508,-0.5761338448744652,2.739114685321013
2018-02-07,-0.2187401412039605,-0.38554292214828684,2.529998961990886
2018-02-08,0.6856755986902603,-0.09707080584803687,2.2456257754008995
2018-02-09,0.16708242621041022,0.0927008545480906,2.112951222826849
2018-02-12,0.899271870432838,-0.6366787842359322,2.3611761025086384
2018-02-13,-0.008520547433769765,-0.30702108687587,1.9804903756916765
2018-02-14,0.33494432556908865,-0.45688885306095733,3.829874923948818
2018-02-15,-0.6452750428404346,0.11593471191110968,1.8081364104601523
2018-02-16,-0.03933036769372714,0.2668455953140441,1.755640505707369
2018-02-20,0.24149013484346013,-0.2056139958949529,2.5628832725535826
2018-02-21,0.16558792016290488,-0.18647365362086457,2.69734053814922
2018-02-22,0.24192032756906065,-0.6463662748170452,2.2980289836524523
2018-02-23,-0.1204528354713719,-0.10147671927849014,1.5389579829684639
2018-02-26,1.5433095640262846,-0.4783542383711136,2.2981525396682514
2018-02-27,0.39154868258123304,-0.5462778693886118,3.1453410944937374
2018-02-28,0.14549179912758745,-0.23080667482339048,1.9281054698010802
2018-03-01,0.008922698940619667,-0.39599012777030146,3.663090048595187
2018-03-02,-0.32129315523754937,0.6650307303733144,1.4149465655677975
2018-03-05,-0.005765297287462035,-0.7137434522747333,2.2256692061174537
2018-03-06,-0.406673532689744,0.3868322114213683,1.940726873676116
2018-03-07,0.7257369782224594,-0.0817533190545571,2.0631258313830614
2018-03-08,-0.15328270275300818,-0.36898929905085714,2.1776440468573472
2018-03-09,0.06890340897837752,-0.687585646961364,3.0250916569217754
2018-03-12,-0.5762119406654445,0.44784885027482774,1.5410488363201527
2018-03-13,-0.29222484762074213,-0.2864639831615971,3.111234193290425
2018-03-14,-0.05502533993565665,-0.054585108734499205,1.9760627654662102
2018-03-15,-0.4352119658870151,-0.13542690520937942,2.062454904806895
2018-03-16,0.345268342508453,0.2557930884973281,1.8120158339690544
2018-03-19,0.2644213202483247,-0.18616397677532706,2.078485804984652
2018-03-20,-0.42410077210796576,0.562759412256736,1.7243693387045411
2018-03-21,-0.12516884203966286,-0.1225674626068606,2.8829294359164592
2018-03-22,-0.120631992953697,0.09360096663071435,2.111095637646738
2018-03-23,0.7703971257662521,-0.4047320542720591,2.809786328097685
2018-03-26,-0.3839367606057827,-0.3933832046786893,2.010971851864614
2018-03-27,0.6223819276862756,0.41235493480311974,1.805728932027323
2018-03-28,0.13198454847355065,0.07700205162165727,2.069209265989281
2018-03-29,-0.21692598613949302,-0.3042604532259638,2.125151529386766
2018-04-02,-0.055015837133562985,-0.6958345257339956,2.7217892426131574
2018-04-03,0.35570096009558444,0.09718165871639148,1.9510102290933808
2018-04-04,0.19750714914868303,1.3484395602461159,1.3907214396749357
2018-04-05,-0.3126776717184359,0.0008839707847475256,1.9640139773487046
2018-04-06,0.3392383936370415,0.184382036135008,2.7525323009216844
2018-04-09,-1.1326616285982118,-0.09799356466539169,1.6872225637567126
2018-04-10,0.08655876380888158,0.4820681331366597,1.4508344395711692
2018-04-11,-0.6195192821724826,-0.1847100507545029,3.106790767433358
2018-04-12,-0.11314004724500351,0.6239209501441881,1.5128498446498941
2018-04-13,-0.43117105690552787,0.49820396935860317,1.3383662218604133
2018-04-16,0.5806375816739675,-0.27783859935419314,1.7643559800759654
2018-04-17,-0.054434742470229426,0.45914680508636324,1.398392847114236
2018-04-18,-0.26422189179217487,0.5597704454818534,1.4409565685366914
2018-04-19,-0.07381171952413682,0.49692819873412547,1.585801234018648
2018-04-20,-0.18434927658136815,-0.29964595194820837,1.9848119246951583
2018-04-23,-0.2135985794055251,0.13422686485726917,1.6083330886756517
2018-04-24,0.5436517034425408,-0.1615089809156053,1.9155233855645513
2018-04-25,-0.172250909090264,-0.39855128556505653,1.9650715904373506
2018-04-26,-0.4174209605304778,0.656535191156938,1.373373341388918
2018-04-27,-0.3734792326094954,0.2062088718696565,1.4689312247903032
2018-04-30,-0.3682264595246703,-0.37756899164546204,2.634774298299652
2018-05-01,-0.5677611665478213,-0.20607016511928325,2.166500361249769
2018-05-02,0.15481874501649215,-0.2542842097180415,2.6361484996749915
2018-05-03,-0.2479121145578236,0.5637698905548171,1.4424299539495085
2018-05-04,-0.674489177387771,0.16982404186660002,2.1632450816952478
2018-05-07,0.15143197871490208,-0.13801236753124893,1.7462522644181888
2018-05-08,0.29711235835283606,-0.05373665893869908,2.5771878390783467
2018-05-09,-0.012080850184444302,0.31155751075047783,1.5185856552385726
2018-05-10,0.13167647615723196,-0.09581284607328935,2.0340060427547932
2018-05-11,-0.09659124199331928,0.09691404345902907,1.2983113229184635
2018-05-14,-0.18336093943521406,-0.1813429486258872,1.6448271745909135
2018-05-15,-0.14270907644268818,-0.46706234247448036,3.133471053318388
2018-05-16,-0.3844333861135936,0.3307536186409575,1.619115391949764
2018-05-17,0.2365250555353637,0.5293439566532684,1.4407842798800594
2018-05-18,-0.3375619683372864,-0.2243870427981484,1.984449096396819
2018-05-21,0.11205374075623672,-0.11298617821560622,2.022552830851142
2018-05-22,-0.26094519540366395,0.4929622669447003,1.4388732996357056
2018-05-23,0.5794566856272341,0.45179802611811476,1.791634303596549
2018-05-24,-0.4601238964573145,-0.4031747383405985,2.0287429846144835
2018-05-25,-0.14016661492913365,0.23429747696896971,1.4548426886539438
2018-05-29,0.6496224046876873,1.2414164043198077,1.567647560475443
2018-05-30,-0.07879624333075833,-0.12195450982885805,1.5614708937673107
2018-05-31,-0.4279335746838551,-0.45656998010818234,2.5470866779995713
2018-06-01,-0.04349279673498566,-1.023284771314832,2.9065933026991235
2018-06-04,-0.11092047730830815,0.028703537251369617,1.4531992827491216
2018-06-05,-0.07336130280830624,-0.5952636284040668,2.4223948315023076
2018-06-06,-0.46301657805838264,0.271490788447079,1.5221065318949432
2018-06-07,0.07410462633467182,-0.41334032393265935,2.590814564687257
2018-06-08,-0.06992092934589558,0.8982269866697717,0.9716309302578647
2018-06-11,-0.09939794620950651,-0.4074161638000568,1.8596832288591383
2018-06-12,0.660027189222975,-0.13240208534605383,2.095578689521492
2018-06-13,-0.8206635463616396,-0.5581791339388157,2.969953592581584
2018-06-14,-0.27446597992960303,0.2443376508653515,2.0789793045855127
2018-06-15,0.19851197554619524,0.501615535391111,2.2801574904355473
2018-06-18,-0.6340400570244422,-0.4030135458454584,1.7844467564982143
2018-06-19,0.4064330288787112,-0.1190460722695327,2.3026770432989228
2018-06-20,0.361579082155091,-0.23975392772545692,1.9436764976072034
2018-06-21,0.30744383185577856,0.4589195387547694,1.449385272969316
2018-06-22,0.16310061262512973,-0.03346745755909733,1.5989238078819348
2018-06-25,0.7051991620730331,0.21649560002675802,1.6011707346995667
2018-06-26,0.2831894854300469,0.5382378411020622,1.26846786465439
2018-06-27,1.076714806782443,-0.3828325864064112,2.1963645984107867
2018-06-28,0.189761992078719,-0.1992518320122542,1.9922524861338786
2018-06-29,0.6125663828076324,-0.190730310446294,1.685667323749053
2018-07-02,0.16890425010635332,-0.7773576719837499,2.484259204743072
2018-07-03,0.8218023251239139,0.5378347725313571,1.5425730247270675
2018-07-05,-0.08986540551019709,-0.1656525076372183,1.856693886407399
2018-07-06,0.5120782529405088,-0.36942794266090856,1.6973337893247464
2018-07-09,0.3460351263952827,0.21222191819889677,1.520215555792019
2018-07-10,0.4620969272340382,0.527767838594264,1.590767080346616
2018-07-11,0.8878864998137002,-0.42883225768880634,2.1249418096419195
2018-07-12,0.23513239618172085,-0.10755857102804814,1.7875698306956593
2018-07-13,0.15985799864697411,0.24042494872086526,1.6668983262669563
2018-07-16,0.4947870541475691,-0.16312988593177305,1.6821743957001853
2018-07-17,0.16601531074990603,-0.40547898386499986,2.6374216668354133
2018-07-18,0.178485635284622,0.044210323150221637,1.7306029028418504
2018-07-19,0.25068725625466864,0.8441275424086702,2.0553509756230817
2018-07-20,1.3176807758582183,-0.39503750348407535,2.200083672704304
2018-07-23,0.44338440786973304,-0.6111909379629089,2.188090522299184
2018-07-24,0.4468275079685892,0.2990131712951108,1.4042787115189483
2018-07-25,0.4858534439563837,0.0005811973264993856,1.7484175765050765
2018-07-26,0.48972439662672723,0.0724972740705859,1.6383211154809114
2018-07-27,0.20639660579761673,0.5302555603983227,1.287518227638584
2018-07-30,0.10840060987058606,-0.757382225014621,2.0504962462971594
2018-07-31,0.6770302120354779,0.011143355593189987,2.3030976953708695
2018-08-01,-0.06254738473978841,-0.17397000487665362,1.8000658664823899
2018-08-02,0.356911007202838,-0.0968653834190231,1.843590001598498
2018-08-03,0.13862450387773115,0.2429566800750987,1.593006284586865
2018-08-06,0.3137084510108416,0.25003379479333604,1.437637242617802
2018-08-07,0.30173841784301597,0.3656740013400704,1.2889577685684799
2018-08-08,0.30428133878733593,0.16970998991766248,1.8268971470399915
2018-08-09,0.12344922356338947,0.004961568477361703,1.645897824436286
2018-08-10,0.44115848032348776,0.2028632854836204,1.8975492648488395
2018-08-13,0.2131847536188922,0.438583282798329,1.8076095252124809
2018-08-14,0.2290576518552627,-0.552031767948889,1.8092460822010885
2018-08-15,0.856567960822908,0.20607041446798466,2.1219857763753165
2018-08-16,2.34949061660241,-0.08232370926030011,2.1735055031655364
2018-08-17,0.5125193078327848,0.25872095064386863,1.3726264928477026
2018-08-20,-0.10385601128114666,-0.25861662128285196,1.8383155125831525
2018-08-21,0.04358122823462237,-0.20704105628086214,1.933694969637358
2018-08-22,-0.0032895126083967497,0.08480924630063033,1.7590041290342242
2018-08-23,0.23023265133776902,0.9157593183807301,1.1146327470008597
2018-08-24,0.30781841022440876,-0.2675724263359946,2.123144821332291
2018-08-27,0.27215701664908426,-0.36947455741978813,1.7294292288852873
2018-08-28,0.014415138901761238,-0.11510337431698328,2.11195541256979
2018-08-29,0.14088911377540866,0.5002965245217109,1.1783180475498334
2018-08-30,0.10132636985712337,0.26961815320656585,1.6994752203321504
2018-08-31,0.4506325417828702,0.25219066268931095,1.7157283881957834
2018-09-04,-0.1482546755759411,-0.08928792756355111,1.9422538522567265
2018-09-05,-0.17710620523671097,0.8444440540359118,0.8737823588895814
2018-09-06,-0.04538045327272359,0.6082884126154234,1.4093407488449277
2018-09-07,0.09940079687760003,-0.5021958904920424,2.4953745727743435
2018-09-10,0.13532638047895992,-0.35008767622519626,1.6873464178913995
2018-09-11,-0.19632059004648775,-0.15907756072275095,2.22720510439337
2018-09-12,-0.09182382672861025,0.13319249289613108,1.92529721986417
2018-09-13,-0.2507686582082403,-0.3395129449708289,2.3475400454545987
2018-09-14,-0.5309401727804004,-0.0011510418862147628,2.0604300168252188
2018-09-17,-0.18359898685567225,-0.19473415814503628,1.8021576226977256
2018-09-18,0.36258507720382877,0.44759560841360263,1.5571217400045505
2018-09-19,-0.4921026888944318,0.016795363163679546,2.1250894934700817
2018-09-20,-0.28283642440886997,-0.3920511731935907,2.2467773802834277
2018-09-21,0.3204690006292012,0.15404396559246689,2.4734319322715024
2018-09-24,-0.6636176943810823,-0.4361704555807819,2.0965165751590327
2018-09-25,-0.11834576658516441,0.06124767849009313,1.5866749875497916
2018-09-26,-0.423306698949856,-0.15768914290364147,3.2149246049904363
2018-09-27,-0.43762079346430977,-0.5872475396797486,2.743742126399672
2018-10-01,-0.18510444323442202,0.5251846889437645,1.7537319276788352
2018-10-02,0.013435340199921398,0.29538444289122695,2.1208895495756455
2018-10-03,0.027750350710573156,0.09303944868143685,2.035982126392133
2018-10-04,-0.12179910322864765,-0.03489384502892459,2.0964384254752595
2018-10-05,-0.37634745300506683,0.29022093189199866,2.1916863111216305
2018-10-08,0.766186446297866,-0.3464719133737841,2.328356767776482
2018-10-09,-0.3823778762589956,0.11436848660868013,1.59472110195739
2018-10-10,-0.23419622971610246,0.1566400700744229,2.04488660511419
2018-10-11,0.3840705616915749,1.053575190398205,1.9699182439594143
2018-10-12,-0.07254388492477973,-0.1127438572640315,2.0085464387058884
2018-10-15,-0.7121542566406496,0.9433138400758388,1.3116026096279096
2018-10-16,-0.4453263074785006,0.14540927917051402,1.547054748053851
2018-10-17,-0.04417761846529048,1.0061919524419494,1.122227003655654
2018-10-18,-0.34680968307275745,-0.2961745108297304,1.895648469005602
2018-10-19,0.2826568800901836,0.8583032844878485,0.9194128315799066
2018-10-22,-0.3510803100502123,-0.10187608734267709,1.4089639708233896
2018-10-23,-0.4694140826126954,1.2311378869627159,1.1218106889717863
2018-10-24,-0.48249499207813745,-0.08680962770063264,1.9272296890794127
2018-10-25,0.02633400077376754,0.2890740937272252,1.6333534513569372
2018-10-26,-0.7005648085944922,0.1604769035479706,2.3840045973956503
2018-10-29,-0.801211826672954,0.38740393824721836,1.3456054986589798
2018-10-30,-0.014740131656779043,0.07070469689197342,1.5335469441899026
2018-10-31,0.4237656591295455,0.027851841351657605,1.835837711769189
2018-11-01,-0.5442078485515984,0.3527980372796254,1.7464996279624234
2018-11-02,0.22123686618468816,0.1274022014767525,1.856448500551446
2018-11-05,-0.8703063434985352,-0.5715951715918389,2.215381407117265
2018-11-06,-0.38129414461986993,-0.13073761530670783,1.980254535091719
2018-11-07,1.9626790760148904,0.21501127085064983,1.7854203458211035
2018-11-08,-0.587309349480829,-0.17100561474357182,2.0142027391261426
2018-11-09,0.08899176828989971,0.02435219904647642,1.9635810547693104
2018-11-12,0.0013183833797704933,-0.206850791561121,1.9241522651315108
2018-11-13,-0.32891852852521414,0.6082602006134604,1.5145961240896497
2018-11-14,-0.21387082381079695,0.08661521290158877,2.4247125165069523
2018-11-15,-0.2229196409826222,0.848584518924837,1.2099941896823072
2018-11-16,-0.46540200656045233,0.007672793886681043,1.684327034645671
2018-11-19,-0.3666975582520667,-0.07455608756458001,1.6477462229614392
2018-11-20,-0.43393326968860674,0.34633812567213945,1.594147784155357
2018-11-21,-0.6699623860645381,0.3347873958923014,1.4438928416573091
2018-11-27,-0.2275858000696647,0.36030062854281725,1.9615114674994505
2018-11-28,-0.6671325840645479,-0.5284849209397314,3.4552882083928864
2018-11-29,-0.709511605751389,-0.34180855748679057,2.310323097825428
2018-11-30,-0.7081307739817428,-0.11809594414501948,2.031706781104475
2018-12-03,0.5313007634100857,0.462082119474357,1.795735004333043
2018-12-04,-0.05247285837375907,-0.049294867690458904,2.0150130603573686
2018-12-05,0.18674722541712582,-0.1693763153661855,1.7149688688144167
2018-12-06,0.1739976883841625,0.11104401777556636,2.4225691475274385
2018-12-07,-0.5636906347809609,-0.26488967991487583,2.741080605076826
2018-12-10,0.09585464750070158,-0.2730193716836286,1.9414877940149218
2018-12-11,-0.4355019396025433,-0.10876997667956015,2.1074461619272267
2018-12-12,-0.0593753870911207,-0.06055281913322755,1.905923170889677
2018-12-13,-0.6634194112454028,0.6221603506826384,1.6380139288667692
2018-12-14,-0.11453127764167939,-0.019441751273636818,2.035028517840084
2018-12-17,-0.039345416237009746,-0.6725991764947735,2.3917353227476923
2018-12-18,-0.10346212188252182,0.08853735025246476,1.8511419475684399
2018-12-19,-0.05400961216900017,0.4333004057309278,2.6803042733362776
2018-12-20,-0.06197449630398525,0.8718415025471441,1.6053353284264276
2018-12-21,-0.528248070940966,1.1476096400424047,0.9200715603691414
2018-12-27,-0.3494011253016907,0.5279013552871089,1.7747767329421489
2018-12-28,-0.4634991159604414,0.26976223118985915,1.4550648364166268
2018-12-31,-0.9015177908193475,0.11974232071183519,1.7286693810166032
2019-01-02,0.5978829436166841,0.13803951913817056,1.9472816646112125
2019-01-03,0.07600965182056327,-0.042125619333220815,2.2860997067983604
2019-01-04,0.011990915256323531,-0.013138444220238164,2.1546665884684497
2019-01-07,0.22587512392479112,-0.5542672067326332,2.1162025523785015
2019-01-08,0.3929409243575876,-0.3112050958573402,2.0508182799958927
2019-01-09,0.0759231819724708,-0.15215556853590076,2.160300063374704
2019-01-10,0.10373810832403982,-0.03974415236102327,1.7245870050050698
2019-01-11,0.3200989910138294,0.08242698648574351,1.687548908923489
2019-01-14,0.38031614018561516,-0.44356717660628425,2.3549703295935434
2019-01-15,-0.25241219844365365,0.3159648435552434,1.5929622869479267
2019-01-16,-0.006613423319844303,-0.007179998018418096,1.656641717344396
2019-01-17,-0.17854023290673873,-0.3621601134299947,2.3651242681244806
2019-01-18,-0.38748959988341763,0.9310208971202759,1.218003099601992
2019-01-22,-0.3288174154182247,0.27620944865727176,1.5637146394827646
2019-01-23,-0.12353971370790398,-0.9807645442240364,2.877214146773751
2019-01-24,-0.48448286433923077,0.06110413845123905,1.6776699704236666
2019-01-25,0.36940269163200273,-0.5810274821221216,3.107360097345982
2019-01-28,0.3839132733492527,-0.4431949702413373,2.0489182525664376
2019-01-29,-0.06718149992614778,0.09638502693292036,2.0080884441977993
2019-01-30,0.37172828101570093,0.01356295928742032,2.8534561068551696
2019-01-31,-0.4586789339038418,-0.2901183202856991,2.063678727576768
2019-02-01,0.24370494590306221,-0.48526464227318583,2.849511410792653
2019-02-04,0.02761227081710379,0.09661105958886726,1.8571482190536184
2019-02-05,-0.7096101738761287,0.45657374335199813,1.5155202019019782
2019-02-06,0.2134018846590959,-0.8044085269816864,2.5963475758075862
2019-02-07,0.4834817508975608,-0.2003999643262048,2.341213111887587
2019-02-08,-0.5112180800518629,0.3813302870273663,1.2519305171036983
2019-02-11,0.8628794694229591,0.27453663681056,1.6589421134999203
2019-02-12,0.1676649287053444,0.11556440840775725,1.7086437745207803
2019-02-13,-0.13103298141443667,-0.3949532041832697,2.88244769485126
2019-02-14,-0.42252489667184673,0.1905061743329338,2.475689314804077
2019-02-15,-0.6887062600822094,-0.0706868819666219,1.9609554281820074
2019-02-19,-0.23878948411724069,0.7945042534830699,1.4325528439057642
2019-02-20,0.6578396714433787,-0.05340241821951355,2.206319283676528
2019-02-21,0.20967691891310955,0.4845348044661211,1.4877747622494901
2019-02-22,-0.10924378809199234,0.1877959660795899,1.8978437468025966
2019-02-25,-0.24000661054581898,-0.2710517002426382,2.319628085859943
2019-02-26,-0.5728450069684707,-0.23586218677437745,2.229894648015396
2019-02-27,-0.3000508965498177,0.011676971918156944,2.1604271538030186
2019-02-28,-0.22790892986303882,0.4332108876902641,1.7668250142208652
2019-03-01,-0.2432493713624875,0.5267034149755244,2.148949661063261
2019-03-04,-0.3911877451975126,0.8824270119309653,1.531365951485455
2019-03-05,-0.40911360197940067,-0.18112749420654164,2.251710147557887
2019-03-06,0.049641565574303624,-0.12257225484871373,1.7542138225761175
2019-03-08,-0.5338794308346233,-0.2068165842508424,2.280735119222596
2019-03-11,-0.42345563345364173,-0.7132821733041946,2.249364039395859
2019-03-12,-0.3609620838765433,0.10836721604031649,1.6150816474212277
2019-03-13,0.3501518637388536,0.060449447977096366,1.47386092373136
2019-03-14,0.5152840517944903,0.4500941684001319,1.554887657697499
2019-03-18,-0.12443570397547668,-0.7264948830686083,2.4187924814089232
2019-03-19,-0.1803619697813761,0.3118924332402589,1.6277064612622105
2019-03-20,-0.5623103309228514,0.03823777273612525,3.61483528599339
2019-03-21,-0.8010032708028976,-0.0009356621583346578,2.061270231105679
2019-03-22,-0.04426549673121153,0.47123996522986716,1.7765989499552042
2019-03-25,-0.0971100836019079,-0.4007795836091958,2.0388305790040473
2019-03-26,-0.05473469057399386,0.3083992896325796,1.7592315347181202
2019-03-27,0.12560538438961052,-0.22057675184033268,2.5320113768630286
2019-03-28,-0.14974814755083757,-0.18161742680678575,2.6422423082170816
2019-03-29,0.24573387388266751,0.18327886337682106,1.7453622644822708
2019-04-01,-0.025746995297600196,0.010681889414912184,2.0604657096795016
2019-04-02,0.29003228303130374,-0.20038022606355557,1.9463714406381403
2019-04-03,-0.22394375851771245,-0.43798527771492884,2.1570744546973692
2019-04-04,-0.2842565605341956,-0.21069811682015707,2.6352729160803126
2019-04-05,-0.07590141872575232,-0.10758519876864905,2.6613496633351197
2019-04-08,-0.31941907112114226,-0.7979564227370474,2.479758615443995
2019-04-09,0.2956643639837932,0.5018482823108109,1.6508575732399446
2019-04-10,-0.12816496435353877,-0.24448327287071084,2.099017117383344
2019-04-11,-0.6157488280750498,0.19974138776719283,2.4435896919698603
2019-04-12,-0.3714905299762417,0.6010946890130889,1.4238700344601192
2019-04-15,0.2442620778296782,0.1258318135323336,1.8080233293775656
2019-04-16,-0.1509970798375249,0.12154573824953627,2.321229147856096
2019-04-17,-0.11484732972321113,-0.148157157352837,1.6458684209559937
2019-04-18,0.05666792992155619,0.4943224301267069,1.3793846466278392
2019-04-22,-0.3834919778241282,-0.6584082187731336,1.9954490582178899
2019-04-23,0.20275143755126243,-0.1596021747608304,2.6544811271855657
2019-04-24,-0.3922784112775726,0.15829750482829472,1.8975941565863543
2019-04-25,0.051274436074784956,0.019605169809126046,2.1236844056897475
2019-04-26,-0.09663653518732354,-0.10897185568364445,2.2374437287526003
2019-04-29,-1.0114750888183077,0.5631224907975011,1.3493497962133212
2019-04-30,-0.27386454486214046,-0.3304177184518579,2.548098975871456
2019-05-01,-0.6927261117053045,-0.07897232042169403,3.4468719036672137
2019-05-02,-0.35369715446869915,-0.5597224147841003,2.525930100064258
2019-05-03,-0.6512235727248981,0.5756497120079594,2.1235056543858146
2019-05-06,0.4040349615224454,0.12941372810666327,1.4820632451733058
2019-05-07,-0.42035522556860944,-0.061858113487251704,2.1585002159767583
2019-05-08,-0.33874271601536204,0.516100495841722,1.5620053670763365
2019-05-09,0.20076926445079343,-0.14448378328172243,2.1541367319191522
2019-05-10,0.0492390770249664,-0.40906982318556934,2.422450866336991
2019-05-13,0.026916358845126408,-0.82261462206007,3.366466470191769
2019-05-14,0.33533959249567186,-0.800443649198079,2.5428271696013915
2019-05-15,-0.18177575820494377,0.2522105239406212,2.1650331322327396
2019-05-16,-0.43536961438599914,1.200779072753133,1.2920934846602599
2019-05-17,-0.3220950327487518,-0.39937498770224983,2.1837954185802833
2019-05-20,-0.03943607819397025,0.2963128752134299,1.5205518739901471
2019-05-21,-0.3495611106097872,-0.19491483015144087,2.1242164220113864
2019-05-22,-0.32300090163098677,-0.6402219360873068,2.0127286445717143
2019-05-23,-0.5663704367411149,0.5348663094741156,2.278940919029548
2019-05-24,-0.40255485989539214,-0.1886526215909853,1.9448082559763602
2019-05-28,0.04238776507021887,0.29629217610649655,2.051868690489515
2019-05-29,0.4077391959512355,0.08291055417528956,2.1767079768679487
2019-05-30,-0.5447495717487629,0.26580833997223047,2.2720446972828796
2019-05-31,-0.015323243014039123,0.35080120182229707,2.0933013551720094
2019-06-03,0.5130895088549754,0.49771922984217626,1.7242399053925475
2019-06-04,0.07150354524154287,0.8973388248147466,1.5410545505396023
2019-06-05,-0.288940504686138,0.7600864631992924,1.977516786250309
2019-06-06,-0.5569890729228049,-0.417179493453861,2.2040661225861395
2019-06-07,-0.5125437418314926,-0.1900661931857545,2.6177742719485853
2019-06-10,0.7049094943301388,-0.9172323337280207,2.4743132389134637
2019-06-11,-0.25953527464041987,-0.050938431991931626,1.5828629231240363
2019-06-12,0.8275720841677772,-0.17371123268962055,2.180931916688447
2019-06-13,0.5232625290790911,-0.02818041363195892,1.7642591059907407
2019-06-14,0.6734443339666325,0.4460947714882096,2.415942332723077
2019-06-17,0.17163946013666417,0.20270776434773982,1.4808294458334696
2019-06-18,0.4918539259630052,0.5089229218596633,2.332801525609275
2019-06-19,-0.10122206589125818,-0.5077388814932596,3.053778594355327
2019-06-20,2.8025332876107005,-0.25518131921477866,2.760664266736466
2019-06-21,1.091708458258895,0.6127320646330671,1.4509344969117421
2019-06-24,0.10384286843580745,-0.4613065794648385,2.162514458434803
2019-06-25,1.9800374509431724,-0.08775455417694036,2.6579326553434512
2019-06-26,0.5549738460803302,-0.24943934082509248,1.8116675940057778
2019-06-27,0.2616122107673306,-0.6233205540065142,2.0349771996421016
2019-06-28,1.287717224329763,-1.2090232771521212,2.843519819819166
2019-07-01,0.8951681088277028,-0.381815662972847,2.234542249097929
2019-07-02,0.6265471558901337,-0.5416479685449423,3.0347287360743813
2019-07-03,1.3098854795042087,-0.6086174531597709,2.5308105015814313
2019-07-05,0.31431655548759213,-0.8932863803580126,3.765429219501444
2019-07-08,-0.10357923046933018,-0.851573989831036,2.308602880306692
2019-07-09,0.4152450594784906,0.3067337136904527,1.6430619469375607
2019-07-10,-0.39718432909275375,-0.4943529805893558,3.820820295441271
2019-07-11,-0.1136223110041317,-0.731964253823791,2.880832155360217
2019-07-12,-0.27895745584979675,0.020825594860560095,1.824497493844051
2019-07-15,0.4546899023061716,-0.7094585503551737,2.525801909837771
2019-07-16,-0.2171751271001994,-0.4265013407471258,2.8869546439164004
2019-07-17,-0.6016900981484894,-0.2593590603674986,2.7030659460187323
2019-07-18,0.7777863403290373,0.0729766061904645,2.7325644580890103
2019-07-19,0.5388950779050661,-0.3774203218904148,2.814722997183143
2019-07-22,-0.11538765755315475,-0.6852031742010932,2.214883586840335
2019-07-23,0.6294555457450692,-0.6251594261295398,2.8447659661728455
2019-07-24,-0.35691754409464554,-0.19831900816667694,1.9280797400147858
2019-07-25,-0.10043007818898489,-0.2065352400270132,3.175362397816201
2019-07-26,-0.38190548912250716,-0.4096270760552471,2.655383704858684
2019-07-29,-0.13108433243677411,-0.14279698613063832,2.203987891010824
2019-07-30,-0.2470631516177693,0.11712719589522788,1.6987506781267374
2019-07-31,0.1841225622054705,-0.9536762760348366,4.696513505202418
2019-08-01,-0.05589565586030746,-0.19017947656007297,3.254026349337071
2019-08-02,1.189180980152138,0.29679218983141525,2.0504113827069794
2019-08-05,1.267050590770435,0.15193903942464257,2.2680398385805347
2019-08-06,1.2171212327544425,-0.6092556434923547,2.54202161270209
2019-08-07,1.49771719966142,0.14239003219236754,2.4754416547831806
2019-08-08,1.0399364067675578,-1.041057002929594,2.8069219391460205
2019-08-09,0.19981139465188888,-0.9221150927882756,2.9311046005495562
2019-08-12,-0.3766124854378244,1.4156548150087775,1.3778502677789994
2019-08-13,0.33675333022450754,-0.04344648536464493,3.1104765819189133
2019-08-14,0.5533541597276881,-0.3686205292124562,2.413060670396664
2019-08-15,0.719622373822228,0.33928464826860855,1.8461360624600385
2019-08-16,-0.002512010378065399,-0.053223677521022555,1.686863868966551
2019-08-19,0.3977210024458419,0.16031366262521093,1.5545344546361566
2019-08-20,-0.4325357651733391,-0.31237656376818207,1.6151672789085811
2019-08-21,-0.03320384763175314,-0.35447285875505513,2.0457447865022846
2019-08-22,-0.6566691953181176,-0.45117143816712363,2.2741817888270663
2019-08-23,-0.5287402066310327,-0.4309305964207823,3.3651448006198805
2019-08-26,0.7266887659662182,1.4730904014199069,0.8565571927772382
2019-08-27,-0.6775912593556632,-0.7337266875140013,2.2511789411545227
2019-08-28,0.5577754397037062,0.17456494420185895,1.8218014334293482
2019-08-29,-0.4866083651410818,0.7482191404204998,1.5031537349688158
2019-08-30,0.3460562200237995,-0.7043398627418994,2.2214403897264514
2019-09-03,-0.25033275959089846,-0.22940326691461546,2.351758568740351
2019-09-04,0.5239258793936306,-0.6535647072226755,2.3707441017548554
2019-09-05,0.750675427751553,0.1863621921807351,2.372655022827022
2019-09-06,0.05335491229875663,0.5818461455627827,2.1371984580485517
2019-09-09,-0.2981486769379305,-0.6044916370954222,2.122833929108822
2019-09-10,0.884064650892642,-0.18901159764095712,2.1435775312640786
2019-09-11,0.3160428079225874,-0.45029363090311064,2.0685266768297605
2019-09-12,-0.03833919774589271,-0.3440633576210576,3.1814003376499382
2019-09-13,-1.094722914143563,0.2529563506950357,2.041315850931504
2019-09-16,0.8491844215319273,-0.04100904814868325,1.8146166939580795
2019-09-17,-0.4912553575975465,-0.1686962386445742,1.936899825008247
2019-09-18,-0.7316961579031207,-1.1008366312224542,4.20697192190015
2019-09-19,-0.4771319864566173,-0.24099392666715427,1.8437990480818716
2019-09-20,-0.1454333484460313,-0.2201786404195946,2.0132608402183223
2019-09-23,0.665017326118639,0.39587830280287833,1.6357322077096281
2019-09-24,-0.6754409710739018,0.16101842370464578,2.4831918955337464
2019-09-25,-0.15970062541955124,-0.28137753292832207,2.681161712843796
2019-09-26,-0.5361561997473898,0.21000823090110363,1.864833038003999
2019-09-27,-0.6223752701940426,0.43957167432973315,2.2720808780167463
2019-09-30,-0.3797105736379645,0.5299470330789483,2.032885168980199
2019-10-01,0.2810570914104961,0.35078167365688523,2.1538163906438044
2019-10-02,-0.8911758786031458,0.3869961756129861,1.9160325677302659
2019-10-03,-0.22036925564394097,0.23538206308206253,2.940655526730824
2019-10-04,-1.4880104149735476,-1.2358601768470596,3.623973685960282
2019-10-07,-1.2642934370969345,0.7352129524643684,1.4556199202460576
2019-10-08,0.2564256394706938,-0.043521218432343606,1.948299796251952
2019-10-09,-0.39540227804192224,0.7640057123138008,1.6901435332036137
2019-10-10,0.6605962893252664,-0.4027880353172179,2.3151785078284703
2019-10-11,0.14785233140540519,0.48250085024764716,1.9831339801169605
2019-10-14,0.061650733864610584,-0.21999857725623354,1.521372785788211
2019-10-15,-0.2602241453267787,0.10851558306069439,1.82134217410319
2019-10-16,-0.16467581965323988,0.29397103099537497,1.94006283592846
2019-10-17,0.15919910024563008,0.34073570422310767,1.2871565604598167
2019-10-18,-0.7251327039810334,0.185625934769967,1.3976687142994013
2019-10-21,-0.8373885088496063,0.17420769059185556,1.732272183172233
2019-10-22,-0.1997287051352852,-0.47327431902212175,1.9887008699974942
2019-10-23,-0.32223290334601234,-0.011610320541549122,1.577101241928709
2019-10-24,-0.7660620871082986,0.655029045193907,1.4751886263057141
2019-10-25,-0.5209568036733692,-0.07827099239111593,2.4319924750532422
2019-10-28,-0.7492012625374378,-0.10142761805642411,2.2027941886289533
2019-10-29,-0.4605569127646852,1.448595452294893,0.7973556173258878
2019-10-30,-0.9526137157206587,-0.2576985400133395,2.67839269891698
2019-10-31,-0.32612836055849886,0.10282504759152186,1.7162745351994726
2019-11-01,-0.7924711959844823,0.058882548836131615,2.3425443777173562
2019-11-04,-1.0866804747090604,0.41620584788744247,1.4827238621009524
2019-11-05,-0.7403196465872184,0.021175148510997523,2.711708638495116
2019-11-06,-0.7943149475570386,-0.029860672799610164,1.709184645701578
2019-11-07,-0.9327927338731619,0.6675584858555589,2.5746510003671847
2019-11-08,-0.2833988032897153,0.38601261152653416,2.0058141365017423
2019-11-11,-0.9653187398542218,0.025155263902861016,2.0276441751080583
2019-11-12,-0.39690044797014107,0.7458793888745018,1.682602043065522
2019-11-13,-0.4379983230005045,0.32769310391951906,1.4786784727540105
2019-11-14,-0.14156301714950062,-0.06554081106852752,2.006961470077517
2019-11-15,0.036377351817233415,-0.02263285190902412,1.4828992443981477
2019-11-18,-0.26872871685898364,0.14570896628989236,1.8444445732586594
2019-11-19,-0.0565514107145915,-0.2796038178534694,1.9226135624417893
2019-11-20,0.09153190058540914,-0.1353460187584822,2.5952788344997035
2019-11-21,0.12604583424481716,-0.22955910394476678,2.183739281885172
2019-11-22,-0.7727364800056811,0.8754402112339318,1.4311023736729584
2019-11-25,-0.48690086088232537,-0.2447185781675653,1.789553305950248
2019-11-26,-0.09340805361041007,0.15084163128753122,1.700226355833303
2019-11-27,-0.6294450806691265,-0.2372759252204847,1.9831195469955176
2019-12-03,-0.9281683473337963,1.1720449438457254,1.3475958326865811
2019-12-04,-0.4303081640111493,1.4190763096362697,1.1323317310736787
2019-12-05,-0.7124090764300841,-0.3125368514933868,1.9393917407783512
2019-12-06,-1.1644295708068362,-0.39515057787265667,3.5931629549296353
2019-12-09,-1.3739663304081975,-0.6863664072413559,1.9597555942313392
2019-12-10,-0.42327692417863677,-0.2498061712208123,2.1047751403730626
2019-12-11,-1.211209099707197,0.6805695887551807,1.876321752564122
2019-12-12,-1.003273162554327,-0.1517681868970843,3.4445893479287673
2019-12-13,0.0193342582891742,0.4900723075698881,2.04823722495715
2019-12-16,-1.4737389152159124,-0.035062525962895524,1.6824750277245535
2019-12-17,-0.7038300899295868,-0.12262232914198559,1.7394055962875523
2019-12-18,-1.1154979446921494,0.14778659804720715,1.9776966285973288
2019-12-19,-0.7803881904445791,0.015968254482371016,1.6740618746603584
2019-12-20,-0.8022269155866701,-0.6193796836512045,2.249174010108524
2019-12-23,-0.26307881772644454,0.1536540395281659,1.7914011940903922
2019-12-26,0.8890053619759919,-0.4627218430057642,2.640394032397511
2019-12-27,0.49422824350384825,0.11516436206976341,1.7308680046964096
2019-12-30,-0.39007916135517245,-0.31184376198264124,1.8281223495395338
2019-12-31,0.9868111218224187,-0.9409648922102934,3.2552388300584525
2020-01-02,0.1360365575196902,-0.23254577530221457,2.187585897899906
2020-01-03,1.7683082399076793,0.5591359965511103,2.0196075572799455
2020-01-06,1.334697348782941,0.2306582230858066,2.2281248980946184
2020-01-07,0.8078478654226573,0.3170752599821938,2.349922053210099
2020-01-08,2.494485888008873,0.11578469051841264,2.7016200574791576
2020-01-09,-0.32362665011103925,-0.4746638205045752,2.5283024219300128
2020-01-10,-0.5012157587055355,-0.8369311958455717,2.838179527879495
2020-01-14,0.5436053189827139,-0.3076395846863093,1.825066739075453
2020-01-15,0.15009805140919538,-1.0979445930445728,2.696907834666625
2020-01-16,-0.013350298324645437,-0.6062435258875843,2.3395222301007284
2020-01-17,0.2583118118101457,-0.6015849053962611,2.461951013931058
2020-01-21,1.3983147577154846,0.6303505609238415,1.7456028656121365
2020-01-22,0.08391086134135547,-0.24013173617715391,1.881349686404132
2020-01-23,0.9461596555944127,-0.5789065131622816,2.704725971047921
2020-01-24,-0.2971374524563913,-0.02664872616175554,2.3892426912928055
2020-01-27,0.4330597569030101,0.32089887439517534,1.8358151554998638
2020-01-28,-0.10363311755284202,0.18670370881786522,1.833198454563874
2020-01-29,0.14459871272891298,0.005761165993692111,1.8992945256424534
2020-01-30,0.13192344974722167,-0.0626101975296677,2.5210202128511856
2020-01-31,0.154395668454502,-0.2100519284970083,2.3799008066250167
2020-02-03,0.855178312600668,0.06680932803287551,1.8294944373629125
2020-02-04,-0.07238810354196049,0.16982207329745055,2.098443703432105
2020-02-05,0.3002251428808393,1.24782927663185,0.8112526468109404
2020-02-06,-0.044062037808813716,-0.14135073378305232,1.64205565258351
2020-02-07,0.14820349581765455,-0.19896860083266357,1.9191006706932914
2020-02-10,0.3107376744318561,-0.5835603903933847,1.7677310731011033
2020-02-11,-0.07666307396087071,-0.04755923440624091,1.9850247072005995
2020-02-12,-0.5375895259818946,0.26369713187963734,1.335491320534084
2020-02-13,0.34648239348540283,-0.3032198046897811,2.2121626981455247
2020-02-14,-0.44599479285473503,-1.1510480479516236,2.6684594124066177
2020-02-18,-0.29001823791683773,0.10802658840378218,2.485305278271122
2020-02-19,-0.08746144565026939,0.01223711867877494,2.1102789825306765
2020-02-20,0.5837143701674159,0.5982459939807104,1.8797904476889151
2020-02-21,0.19392536399212942,0.3332869694499923,2.2485061313068595
2020-02-24,1.18267420762963,1.504685753018587,1.5929412449759788
2020-02-25,0.85778944554237,0.548007689537802,2.0320976142839537
2020-02-26,0.06951669016366543,0.10195899770690961,2.0779684762939965
2020-02-27,0.2607284769755211,-0.18333086344559138,2.4193881115552127
2020-02-28,0.9091331156914504,1.2869566091204667,1.8106055380101802
2020-03-02,0.6913847986129409,-0.44952479846088095,1.9519385786396857
2020-03-03,0.056402820487985804,-0.6129235634626805,3.0763394695717814
2020-03-04,0.2560985581154313,-0.5269027521239781,2.11820945071514
2020-03-05,-1.0033414005897678,-0.24788637128142557,2.0144156956850754
2020-03-06,0.6388641569545421,0.6354695840096988,2.74883212458617
2020-03-09,1.7830351904968933,0.246493634834647,1.9439676867578806
2020-03-10,0.06949732722753629,0.11972718276168134,1.7801771626562921
2020-03-11,-0.5535805977487214,-0.2763765987110524,2.3302209510225307
2020-03-12,0.8948343257131275,-0.07184072322532589,3.1948945635468045
2020-03-13,1.5751096122708135,-0.28837931122990773,3.087643646513798
2020-03-16,1.0058179308398292,1.7523315090518483,1.4729562506938114
2020-03-17,0.5306902677967771,-0.19527292004994226,2.260042474358589
2020-03-18,-0.5421547671347233,1.3925388530858551,1.0973980659965443
2020-03-19,0.6502794001997025,-0.21085142912391067,1.9995724518809377
2020-03-20,-0.3244528656207098,-0.14376467597187062,1.6698204218071657
2020-03-23,0.013603360488298988,-1.0902223043273491,2.9016582808126667
2020-05-05,-0.6448613024137066,1.0708157359129327,1.017028327284656
2020-05-07,-0.34112947852372383,-0.2355340041915205,2.2217472996065144
2020-05-11,-0.3776915266933592,0.4578203250851452,1.350148983073547
2020-05-12,-0.1754076227568571,-0.3361399023761866,2.0088202571330296
2020-05-13,-0.32602454119887586,-0.4159867534113381,2.704777711937691
2020-05-14,-0.43670886767012324,0.2962038297855621,1.9262019533358874
2020-05-15,-0.1194700517155858,0.23767327880977693,1.8399025173489871
2020-05-18,0.4740494731862363,-0.25812783321538396,2.6231530856045246
2020-05-19,-0.49005749821895034,0.20067396377881583,1.5073219534390674
2020-05-20,-0.03389681641703527,0.2581669850818667,1.694758822619928
2020-05-21,0.071143382751615,-0.3392003759391599,2.337598712743091
2020-05-22,-0.26779238478894346,-0.3573690812704033,2.187987460156169
2020-05-29,0.35763639184888557,-0.023440746224998286,1.979838727124383
2020-06-09,0.3333452191974033,0.5103590682895377,1.3922000597164725
2020-06-11,0.2215562520794507,0.2759824789835211,2.280849935337944
2020-06-12,0.32028642690988857,-0.5843411932497534,2.2969083967929436
2020-06-16,0.3212700087395856,0.36490544635071026,2.0928624769335453
2020-06-17,-0.7864661560918065,0.6443252995921033,1.0762935103995979
2020-06-18,0.6574339666585858,0.5335890646182911,1.3490608612970654
2020-06-19,-1.1408452034955423,-0.28617760892604877,1.9048415060863189
2020-06-22,0.8471222846217157,0.7074295273464511,1.3911436346378583
2020-06-23,1.089163798206624,-0.6312486222876316,2.2425473148878012
2020-06-24,0.09982075363576867,-0.3634913687957663,2.514183547089768
2020-06-25,0.03277560720646951,0.3330810733060499,1.3788046766324538
2020-06-26,-0.6730271011981155,-0.38822827429492185,2.384775969314944
2020-06-29,0.53723834441054,-0.4287141271398049,1.904946231320043
2020-06-30,-0.5263813982762904,-0.2632972839477567,2.3901980881285336
2020-07-02,0.1225333002891493,-0.4062979777272943,2.4688294209894153
2020-07-08,0.2717938351692379,0.3179412202409136,1.8118741880671134
2020-07-10,-0.2198099859547216,-0.06146462483169049,1.865560844588586
2020-07-13,-0.25103279072080437,-0.028319743868318845,2.0825166805702278
2020-07-14,-0.09430999988253633,0.975962078327039,1.2131285472198403
2020-07-15,-0.3463110579937552,-0.05884347133070836,1.6371681852151134
2020-07-16,-0.5338879434379158,-0.06962862354065105,1.9778452509819893
2020-07-17,-0.19852675856730742,-0.5917027644637695,1.7771930347594989
2020-07-20,-0.13090428861222095,-0.09122089554601512,1.8956487292393955
2020-07-21,0.16021922734109714,0.04555472788709988,2.3583619304915917
2020-07-22,2.383336108890401,0.8669846780383254,1.7300720098454203
2020-07-23,0.27363005784781297,0.36044621265752036,1.86590776162811
2020-07-24,0.22620657195111746,0.2742933170507971,1.3891992236626791
2020-07-27,1.6751263679975001,0.06144479725649429,2.0291916412029245
2020-07-31,0.20473657004031806,-0.7548705616078283,2.167546640177891
2020-08-04,-0.7790746653792211,-1.06207080567794,3.1993373826844937
2020-08-05,0.5744842055874373,0.1552337274973333,1.7764392419310227
2020-08-21,-0.31026432131906706,0.14935665086621594,1.8248035242329692
2020-08-24,-0.37604621388782317,-0.023512876862665486,1.8968343812822663
2020-08-25,-0.6439016447335706,0.17707539478802733,1.5582372586862459
2020-08-27,0.013942605258750318,-0.13386600871955703,3.337614218297448
2020-08-28,-0.22712076638395431,0.2688962369222104,1.385069332095508
2020-08-31,-0.07017593554746918,-0.2728797721710336,1.83832608036332
2020-09-01,0.6348734769218383,0.044741793753636155,1.941519418176597
2020-09-02,0.5798240730555517,-0.2068871663762081,2.0475240579462604
2020-09-03,-0.016695447961440325,0.13879388451708405,1.7869424581096371
2020-09-04,0.11640390079439064,-0.5730665210762168,2.6709912606043105
2020-09-08,-0.779555440121118,0.920007621683088,1.443486050612428
2020-09-09,-0.18092169518431825,-0.23092561339302545,1.8194933584243689
2020-09-10,-0.15658899505235938,-0.5858683396970835,2.4682609835498397
2020-09-11,0.10521892604062663,-0.43602632270256975,2.08025106264445
2020-09-14,-0.23447337183259223,-0.36982798663272404,1.7305049290892
2020-09-15,-0.05136551298064477,0.008082559572680417,2.0196375520474596
2020-09-16,-0.1388628653021509,-0.019926915629113005,2.3845534805048683
2020-09-17,0.9680626808202875,-0.3884807389654778,2.1548372116827093
2020-09-18,0.25439853638789284,-1.0815683165274088,2.5979225048671246
2020-09-21,0.2213180876615177,1.1776374699865169,2.255671931884244
2020-09-22,0.543166439839537,0.4711304716999301,1.5902806909179699
2020-09-23,0.9364724588849591,0.5869151232011526,1.729295319039979
2020-09-24,0.6596587712084561,0.16974191915484912,1.7521071971325775
2020-09-25,0.017208477770881157,0.346630733083164,1.3519531144361832
2020-09-28,-0.23090591632837268,0.29952779018669845,1.3483055850088075
2020-09-29,-0.16862096090574633,-0.06224125086327273,1.5418962954453264
2020-09-30,0.15896218872939236,-0.1349507531762494,2.0780208216637615
2020-10-01,-0.6292678977917059,-0.4116082565630343,2.1675005158717067
2020-10-02,1.455502986511727,0.07403211506348026,1.8078552446799456
2020-10-05,-0.34485092661090594,-0.3263162483971193,1.9182862632097333
2020-10-06,-0.529442921900118,-0.23043383783293972,2.65900173389419
2020-10-07,0.2599016829460176,0.035379804409788246,1.9167573420684452
2020-10-08,-0.4591731942560702,-0.5878801523699543,2.6049444073558092
2020-10-09,0.30713773184650645,-0.11998431116643818,1.8384209788670987
2020-10-12,0.6514393805401899,-0.11583875520581546,1.7967426923880705
2020-10-13,0.7770461348070978,-0.2669519931704826,2.4698787497318637
2020-10-14,0.5013632666940855,-0.23234552764477204,1.9706032509997389
2020-10-15,0.6519507364151189,0.6751200446434663,1.3889645802863253
2020-10-16,-0.4497354249055206,-0.46996487981607976,2.0380646811222913
2020-10-19,0.011876275595739528,-0.4207978997505954,2.0273375366353807
2020-10-20,0.6620595805915337,-0.30763009039782857,2.1120968658030055
2020-10-21,0.16443429154285602,-0.2060814641631367,1.9273665124139274
2020-10-22,0.29785287147472633,-0.4349752015207777,2.389764507901214
2020-10-23,-0.2092520420837576,-0.4154746392406096,2.4474138855248793
2020-10-26,0.35933483312996944,0.2830076343116666,1.6954213631894337
2020-10-27,-0.13116570502552485,0.05073903451193015,1.5681675603290621
2020-10-28,-0.09662421540192193,0.598470104054189,1.9544248848206767
2020-10-29,-0.3159350366312413,0.41790094538883055,2.020953686532568
2020-10-30,0.2659828339374006,0.35081869186587583,1.7115155951595202
2020-11-02,0.18218391017666888,-0.0740472702264913,1.6446743386653768
2020-11-03,0.2754848250491215,0.09080994094652514,1.9165844883553387
2020-11-04,2.55830934100602,0.11099454956837004,2.23074473252923
2020-11-05,-0.29118947298460857,-0.11707594653628131,2.285032369314113
2020-11-06,0.5526350623041307,0.03280231600037173,1.9559041601024987
2020-11-09,-0.06995369158364498,1.5359100914627823,2.081148294168784
2020-11-10,-0.12391889125178282,0.4745416711557489,1.1283623065069328
2020-11-11,-0.3983828585659555,-0.1232675222995773,1.8682898349418302
2020-11-12,0.02531915577517415,-0.2594973541574596,1.79895868402407
2020-11-13,-0.5358698613635542,-0.37644854370527553,1.8731657869656395
2020-11-16,0.2761966813211569,2.1472059910234025,0.4342896363016937
2020-11-17,-1.128465831835738,-0.5559865447465057,1.601429934604715
2020-11-18,-0.02576903968849068,0.17884558892629063,1.3670857616953178
2020-11-19,0.14667028370121257,0.44941983794458623,1.2816967577449105
2020-11-20,-0.133381977126406,-0.41594488198274,1.6517405574079618
2020-11-23,-0.42186289178213127,0.020371810214986432,2.3283868984035134
2020-11-24,0.6738053397684589,0.5962950959925138,1.2350803095991516
2020-11-25,0.25342557981388264,-0.08171160964002158,1.457253541995236
2020-12-01,-0.2620979131545976,0.10292248377799748,1.427124227110566
2020-12-02,0.18706052622339128,0.6513211385399281,1.419226308124239
2020-12-03,0.1391801654435096,-0.35674405925436153,2.0703933409014947
2020-12-04,-0.2468990548537451,0.13639252280732425,1.7227971975186964
2020-12-07,-0.32536328347023474,1.000241361844959,1.1258567168732068
2020-12-08,-0.1362670727025406,-0.3421220507578983,2.1236607858794354
2020-12-09,0.005374344302844191,0.3473775777944315,2.0672172002614726
2020-12-10,-0.3394086632355893,0.29455503609896533,1.5300363062200368
2020-12-11,-0.5518904559097826,0.5436401430924559,1.146826185140906
2020-12-14,-0.727634815643142,1.1115961273422197,0.9734056015711339
2020-12-15,-0.2510374289049842,-0.2942382396212679,1.8056927584716913
2020-12-16,-0.19491732859950653,0.21803976754623453,1.9719034734931284
2020-12-17,-0.6536605413708627,0.46339265011852043,1.4954715735792767
2020-12-18,-0.41802375743181447,-0.24292488092022704,2.0088592585359404
2020-12-21,0.8879722883924477,2.075458623243759,0.6636487215586584
2020-12-22,-0.786249082378006,-0.8316565141170936,2.12944567674959
2020-12-23,0.010598870648540227,-0.9281360462937666,2.3130006036947837
2020-12-29,0.01616612362605393,-0.21642989645609415,1.5602158154541357
2020-12-30,-0.1485994299589524,-0.63835926565615,1.9949445654460813
2020-12-31,0.7030168300684125,-0.36666342443302397,2.0959841171762363
2021-01-04,0.6250536296476086,0.4768058793053232,1.7895690739398695
2021-01-05,0.21786095420065307,-0.24095174399550348,1.9812643826660992
2021-01-06,1.2189526707146556,-0.04566870241143231,2.800220968766352
2021-01-07,-0.07440531886523119,0.6155089195825728,1.45231447037553
2021-01-08,-0.3648640536813939,1.5998591219936074,1.5438828643542566
2021-01-11,1.1660749863429882,-0.38162020244085787,1.987904599334291
2021-01-12,-0.21987423524175712,-0.43526842050579545,2.187748271394085
2021-01-13,-0.3548381068458411,0.18160409874224367,1.4492736868917326
2021-01-14,0.8029420899442177,-0.8564299298454358,2.4449688938067755
2021-01-15,0.018731648949444644,-0.7115391567411137,2.4296225098172286
2021-01-19,-0.04119220778449909,-0.06830117924985327,1.6804334434890187
2021-01-20,-0.3084889439495782,-0.30093512865294264,2.6791390707313187
2021-01-21,-0.30615607227460334,0.2769102363538359,1.6229618972338606
2021-01-22,0.16760951045919056,0.6255637484052919,1.5897930822130935
2021-01-25,-0.16153069274945467,-0.08912688884789613,1.9335702220622935
2021-01-26,-0.2306537701254832,-0.07101479208149467,1.5770536179441894
2021-01-27,0.06152591596960951,0.9191095307582512,1.5380402268318765
2021-01-28,-0.0764551742838431,-0.030496517846534097,2.3073399338566443
2021-01-29,-1.138749393442335,0.9990655660559619,1.7194439269079478
2021-02-01,0.2465285713321532,0.8628800985793131,1.16257599617761
2021-02-02,-0.4722361377219851,0.3314354543923635,1.7389768222910789
2021-02-03,-0.5170122758281184,-0.5460620286040047,1.8101791255010689
2021-02-04,0.7088584882072753,0.5594999469515515,1.7905027320698697
2021-02-05,-0.6839626760183299,0.608262618033378,1.3124235602748335
2021-02-08,-0.06355733906422281,-0.10363335459447778,1.4906460761372244
2021-02-09,-0.12058790101164932,0.04030601831713629,1.837413801269312
2021-02-10,-0.031973632309296764,-0.16606800373110456,2.3375486139130057
2021-02-11,-0.9110468097379996,-0.41263389287502966,2.103258361822334
2021-02-12,-0.46432910762722696,0.32982899920877423,1.862598315151459
2021-02-16,-0.44027431016568347,0.17191260865927024,2.884376209862035
2021-02-17,-0.70561089657456,0.8310007552112503,1.5049446334589156
2021-02-18,-0.22774166626906614,0.42961190157964496,1.6259292926228373
2021-02-19,1.0891752040982223,-0.5132051329483441,2.784244767549559
2021-02-22,0.21671654485692968,-0.29459444864883827,2.1084733114736895
2021-02-23,0.02882105211558402,0.2923962784782706,1.6424183950834923
2021-02-24,-0.29672675152438327,0.2104941463733859,2.0409511233084903
2021-02-25,0.2963394004877337,0.7202905127787166,1.7512376088161155
2021-02-26,0.7890611355900945,0.05730636038867129,2.2632924416661826
2021-03-01,-0.661778976183736,-0.049888689470107966,2.0563730885944214
2021-03-02,1.470809366603787,0.15618568473621228,1.8044924580325983
2021-03-03,-0.4252631248868251,-0.1736182034055808,2.443831485832586
2021-03-04,0.17672035288504026,0.3205955470499749,1.8639831506111157
2021-03-05,0.10650201762423925,-0.08369680420212969,2.0747728557773417
2021-03-08,0.22907582180957894,0.18528744953960338,1.6718347236619984
2021-03-09,0.04796486773584304,0.2060580591683515,1.57725865903598
2021-03-10,0.12556471306597358,0.10040135223400778,1.99015623413435
2021-03-11,-0.03263842597050152,-0.27613826132763036,2.021922453506283
2021-03-12,-0.08865568590243592,0.2713433550152338,1.6990519778559499
2021-03-15,0.43203733981148,-0.3878277482622156,1.7964297523792663
2021-03-16,-0.25024006319797426,-0.14923501553436683,1.9167022270228937
2021-03-17,-0.1663397720909834,-0.06250621193410058,2.3413031522906618
2021-03-18,0.08561746830536385,0.4254702720357891,1.869704210949191
2021-03-19,-0.06086920340356764,0.24508995517961626,1.4069996962960545
2021-03-22,0.03602378542010461,-0.10449872040611932,1.6314128104880385
2021-03-23,0.11149367475923319,0.09311987936932983,1.786578484196669
2021-03-24,0.22945389399759938,-0.608215784973159,1.9582164824910873
2021-03-25,0.04342813627905292,-0.47984012308760987,2.867125611118402
2021-03-26,-0.30221651971871527,0.2641873172784102,1.2152017849609233
2021-03-29,0.1219284380155625,-0.16150899045330572,2.467730542248791
2021-03-30,0.09709993905251621,0.5023488916030833,1.7465770922568282
2021-03-31,0.5105227293171368,-0.1676623996509036,2.1507699927476427
2021-04-01,-0.21607906177462646,0.11189206068539978,1.9128836884151532
2021-04-05,-0.6504662926050595,0.25226940002124537,1.67606908359088
2021-04-06,0.26146193309454663,-0.1859868411365159,2.034896765139175
2021-04-07,-0.2994331901961825,0.09789264794733196,1.7317962789249162
2021-04-08,0.06958239881764469,0.011456448571036084,1.8059936607337654
2021-04-09,0.016206574695436925,-0.03010396356666437,2.101447116119518
2021-04-12,0.2187419196155624,-0.13680734261111485,1.8932135655553246
2021-04-13,0.4610680116885803,0.0008072627835307958,2.1690494106164184
2021-04-14,0.06826137363463267,-0.28514495549376057,2.157806100643713
2021-04-15,0.4904642105618539,-0.6949742889997746,2.626283571899087
2021-04-16,-0.1471282491613333,0.8459035056019414,1.359575480033973
2021-04-19,0.7782512016832741,0.16634332693935935,1.8948806815187442
2021-04-20,0.7002002534593701,0.8379368180447359,1.2282017129176825
2021-04-21,0.32720406945216,-0.1693298483555569,1.74172931655667
2021-04-22,-0.05440920070274972,-0.15307582558978897,2.022040222128622
2021-04-23,-0.3151415347380105,-0.13366024235097665,2.03934991230372
2021-04-26,0.18493737509569327,0.015473260777828592,1.885753655891543
2021-04-27,0.11023148682569192,-0.2931167934108558,1.975274763404748
2021-04-28,0.6572320114784405,0.008909300571663472,2.0167305451398665
2021-04-29,-0.6090780325340535,0.40304573394152216,1.9155705014145692
2021-04-30,0.0906512942295685,-0.18579438152298447,1.9629139721697832
2021-05-03,-0.3415971652241275,0.42392784467261785,1.6738688049793247
2021-05-05,-0.9703914715542932,-0.30855959081092904,2.067433979881173
2021-05-06,0.3685684824505899,-0.08094372209472414,2.4617666281354715
2021-05-07,0.031918171525870474,-0.2648186140175916,3.333156719589706
2021-05-10,0.026654559975551405,-0.6612379888687797,2.382008493054128
2021-05-11,0.1781255837035158,0.0020871581100550787,2.1871791786774857
2021-05-12,0.40863090780279027,-0.5314885000661543,3.178151609894254
2021-05-13,0.18255562930437505,0.20307795505068857,1.8463543846792394
2021-05-14,0.06633706692914074,-0.2821549212083962,1.9310051048545684
2021-05-17,0.6820900422805427,-0.5230445932096678,2.237524926698235
2021-05-18,0.4541746205363783,-0.5858450219497132,2.570214926990676
2021-05-19,0.5390684649754456,0.8977747777358819,2.3583470688157124
2021-05-20,0.24488264420207392,-0.0483146556445703,1.6719616968987268
2021-05-21,-0.11035326881981569,-0.40582955706419205,2.4532985137950227
2021-05-24,0.04273908876756357,0.35679245456058056,1.4686982615225013
2021-05-25,0.2332607924245473,0.12067587868801763,2.0472477357722454
2021-05-26,0.21737871711672027,-0.046974907196619814,2.207659967458623
2021-05-27,0.058574714971121065,-0.15815893525166938,2.065902672968088
2021-05-28,-0.16536487731968522,-0.42066857644837546,2.3405528704993728
2021-06-01,-0.07053176800404651,0.541223888051923,1.5370018527496736
2021-06-02,0.41312102383526156,-0.23489736085657245,1.9060663679169334
2021-06-03,0.24470528121439414,0.5380341505442922,1.7609852624005082
2021-06-04,1.2297721553388556,-0.44762904579151125,2.757799765318042
2021-06-07,-0.16487865345738897,-0.02408472728429981,1.4257133277997216
2021-06-08,0.09822838518446139,0.0485605349567447,2.258393432785148
2021-06-09,-0.36806081539110697,0.002356127637692076,1.714621289634266
2021-06-10,0.2510491487631907,0.08489477087762584,2.2532699297365237
2021-06-11,-0.6538689151691126,0.2548180251589834,1.848293754442059
2021-06-14,0.9649962298772601,-0.02854117647953661,2.200883393303501
2021-06-15,0.30688924591937233,-0.2982085259567199,2.018524093847411
2021-06-16,-0.07888086532251706,-0.2498860351892677,3.664590888202106
2021-06-17,0.052787064048711994,0.8568101390195658,1.936299457338718
2021-06-18,-0.06489975893740721,0.2512082845778572,2.1198889996275074
2021-06-21,0.28991203064449994,0.5091720838650361,1.3192223779219692
2021-06-22,-0.16335382468297113,0.09242968959091766,1.459025840020825
2021-06-23,-0.1454518816992212,-0.29618806919859714,2.1944360709816326
2021-06-24,-0.14348133120722786,0.050908855084194155,1.5275834583719945
2021-06-25,-0.041415197463375665,-0.5816638877555188,2.2483212122304757
2021-06-28,0.7754803112687392,0.18230216722839718,1.5262197514047173
2021-06-29,-0.16399447468652675,0.7443728089939697,1.8357917578895186
2021-06-30,-0.25982136128468586,-0.06025198011749314,2.0094230865627907
2021-07-01,0.11824009674332855,-0.1760947143820452,2.1567934590949207
2021-07-02,-0.6617820783748072,0.5047594169589197,1.9002034861936892
2021-07-06,-0.09619928505238698,0.20675152732488197,1.7492722181834388
2021-07-07,0.26459568986971543,-0.4287879146651889,2.201496216027717
2021-07-08,0.005499070261807814,1.5141049459946163,0.911471759149471
2021-07-09,-0.027009005063602078,0.20499310566451076,1.2760285442002441
2021-07-12,-0.3186897471332482,-0.25349220769508846,2.0638734132718835
2021-07-13,-0.3639241941097527,-0.27374119672077163,2.678260715595565
2021-07-14,-0.698065184913037,-0.4803114802381831,2.3068126893665983
2021-07-15,-0.3407220139902463,0.22442673725246184,1.472409861172407
2021-07-16,-0.28800107685158377,0.3694697382954651,1.6523228912310532
2021-07-19,0.2839092030616403,0.1392948043173917,2.0460940712442266
2021-07-20,-0.09233620929511901,0.11841556675287176,1.982023248204042
2021-07-21,-0.10466723738349828,0.11543681486294663,1.724481264706574
2021-07-22,-0.20546270309041995,0.5137332176760577,1.464612217599445
2021-07-23,-0.5201718819482912,0.5249053856834259,1.4928007071653173
2021-07-26,0.048041473668109146,-0.043973883303619093,1.4821627773008004
2021-07-27,-0.15172454965245977,0.13553831083203857,1.7489838358654541
2021-07-28,0.07814321546661637,-0.15069425548540952,2.0195318680664354
2021-07-29,0.6871649485907896,0.0076868773478072335,1.4985545937195148
2021-07-30,-0.2629207068581852,-0.6084575224767913,2.1848686938136215
2021-08-02,0.7177272283371559,-0.03938502566276117,1.9486117451995515
2021-08-03,-0.40704303587029994,-0.2516940152062805,1.7611192198537964
2021-08-04,-0.1605205074767411,-0.230415418449229,2.5957276409814654
2021-08-05,-0.3818652936488998,0.3776409830349657,2.014741363625264
2021-08-06,-0.5443386028164876,0.09409250699247348,3.1367105769845054
2021-08-09,2.656524246794714,-0.03196019182996249,2.503666868673026
2021-08-10,-0.5778999004776195,0.3631507268201755,1.6399670772405788
2021-08-11,0.15870982185295587,-0.4654266773728068,2.656800193089678
2021-08-12,-0.5687843312531107,-0.1870361372425037,1.8979864755916882
2021-08-13,-0.3352459442295586,-0.08547565132233817,2.0553735024451036
2021-08-16,0.2633788217347867,-0.3887770624261712,2.0422050086103596
2021-08-17,0.19827477242829558,-0.31517646805742067,2.3410986505825466
2021-08-18,-0.18861714494143336,-0.18505618373783075,2.5044630051040446
2021-08-19,0.46284373126270356,0.9560000032281256,1.2306680829180099
2021-08-20,-0.11773257101825288,-0.14960963849847456,1.5963332835547526
2021-08-23,0.9852335050174124,-0.8756742449314202,2.785415368385827
2021-08-24,-0.4232419166232098,-0.2504539855213263,2.2880050577198148
2021-08-25,0.7469005001902311,-0.29577729344339615,2.2609882728088877
2021-08-26,-0.7389382435560132,-0.002969827941968681,2.1999384481726736
2021-08-27,-0.12573457202878083,0.17071616205100323,2.3803818889366877
2021-08-30,-0.0722883040669067,-0.8541909086055145,2.1861621741462045
2021-08-31,-0.29722207733346334,0.42827962255575686,2.2398422388945782
2021-09-01,0.18568849660824369,-0.0017485624252159579,1.9607006661381003
2021-09-02,-0.4881141674125576,-0.49113378372236766,2.6038666118119327
2021-09-03,-0.3369006582666088,-0.6850864378817426,3.6314128791621005
2021-09-07,-0.39247297626854977,0.4934266158735728,2.1976702879939687
2021-09-08,-0.5662695280356398,0.20341938377027344,2.3347010076169603
2021-09-09,-0.14787991353168686,-0.7136470034992196,2.8232239859170996
2021-09-10,0.6518474599299684,0.09014319964319814,2.0457982654555966
2021-09-13,-0.055457750129587015,-0.45431222227637064,1.9830479499908034
2021-09-14,-0.2141560837610981,0.2697134046432826,2.714135351432379
2021-09-15,-0.6748529322857393,-0.12510264902001747,2.1635363232026243
2021-09-16,0.3815882550642535,0.494720561882448,2.14243906119769
2021-09-17,-0.37032098127319873,0.37634362015414063,1.999533060630002
2021-09-20,0.8811247513966198,-0.12804109980935965,2.0654925846203973
2021-09-21,-0.4914651940600883,0.2811990505929021,1.7462783883572257
2021-09-22,0.8110514006783043,-0.37941157919420937,3.148724292019809
2021-09-23,0.2578645022285077,0.8863416491344321,1.3911270339911415
2021-09-24,-0.5042052260339438,-0.3530292347397516,2.3284490544044267
2021-09-27,0.06853929405975243,0.18022085633271953,1.617598462214806
2021-09-28,-0.01160362261577278,1.1883422411325533,1.4451390846403687
2021-09-29,-0.4538501507642639,0.055509148157127125,1.7255373052900005
2021-09-30,-0.39860489261392257,0.3090585196248508,2.0526601709084833
2021-10-01,-0.14442774425853913,0.04581440922638688,1.8849097886282387
2021-10-04,-0.7512335842568052,0.12674214994835506,2.208120267827141
2021-10-05,-0.5154611645105258,-0.011931786578771728,1.7710562965443248
2021-10-06,0.15065766350889517,0.41667798744873324,1.6365843276586478
2021-10-07,-0.5736306008086482,0.23622254263037132,1.635360008402099
2021-10-08,-0.12579116982907615,-0.1781392591548531,2.839324245261821
2021-10-11,-0.2305818474172532,-0.3215983763739338,1.784576411925066
2021-10-12,0.24301736888367606,0.262814459020105,2.0372554095683935
2021-10-13,-0.5040124046838073,-0.09606216981507845,2.960487353631482
2021-10-14,-0.6629705258664216,0.27703893199064816,1.3715821245137523
2021-10-15,-0.37106703046590145,0.4808445002578566,1.8287933107320846
2021-10-18,-0.2949518923835011,0.5873795249134613,1.4617655749425307
2021-10-19,0.03036327007382452,0.16347018561359125,1.9096842273896772
2021-10-20,-0.19923705455290588,-0.5802083214281853,2.6089983532642815
2021-10-21,0.30757616741496147,-0.33899127731181194,2.0222080495476735
2021-10-22,-0.5391221006735125,0.2208567939423912,2.6226907892588436
2021-10-25,-0.016696407230286016,-0.008174267502567254,1.4761949406042127
2021-10-26,-0.045962048411506674,-0.010896627018136904,2.308423410382648
2021-10-27,-0.05668971832575801,0.4855916328679076,1.6961960945362016
2021-10-28,0.16224276208569363,-0.35482184773635445,2.560601325206571
2021-10-29,-0.02865170913129015,0.09337006473299145,2.3032950469266726
2021-11-01,-0.17601727722665886,-0.1368091633381844,1.9819729434938758
2021-11-02,-0.16655451706161586,0.22188359699334623,1.5739479211796699
2021-11-03,0.4772443795155969,-0.4163527465339342,2.789569329342344
2021-11-04,-0.21191679679496603,0.38300078066133275,1.6490236599074475
2021-11-05,-0.009264345154333086,0.296981726160406,2.171887468522902
2021-11-08,0.34563424437168105,-0.14487622168016148,1.81217565213883
2021-11-09,-0.18353468180741353,0.38455542037657403,1.5844501800541373
2021-11-10,-0.34591107418148287,-0.3027589454935768,3.567572551682744
2021-11-11,0.6714904073131671,-0.6211600957319848,2.185949367473814
2021-11-12,0.2666693044858736,0.7098215416857635,1.2854758317429198
2021-11-15,0.443503707138245,-0.5219042120714735,1.9977112115205422
2021-11-16,0.3121978681726731,0.574258922625872,1.7547970673327296
2021-11-17,-0.15044917851111486,-0.7575802673451771,2.250948013422949
2021-11-18,0.38131883372019754,-0.29272751748225295,2.385592159862707
2021-11-19,-0.8837161447265607,1.6628624209663865,1.4273027130613336
2021-11-22,-0.8890306498390852,0.04756940365477366,2.622581418011677
2021-11-23,-0.5928521753137139,0.8669831052501608,1.4391999692926625
2021-11-24,-0.1939967415346842,0.16781754402708668,1.4061060623470834
2021-11-30,-0.12703627458393243,-0.046151423278508436,2.7299730541130067
2021-12-01,0.799554105690794,-0.20010855045821888,2.032923382961755
2021-12-02,-0.4322605794948849,0.20413343862113184,1.6422629268628306
2021-12-03,-0.11201426690561037,-0.1324899056741106,2.088715578952918
2021-12-06,-0.5697936642811174,0.020281192886147572,1.5898048470512514
2021-12-07,-0.46714974694078887,-0.1503864703042829,2.053786128976144
2021-12-08,-0.5330083769344571,0.12479291657895861,1.6464872292798027
2021-12-09,-0.6726124525117902,-0.18133020962348848,2.327761314685933
2021-12-10,-0.6622565493408028,-0.28257576126555256,2.464408892121373
2021-12-13,-0.3482000511097652,-0.1074773894782847,1.8070911794022742
2021-12-14,-0.18730261920024696,0.08825969296364708,1.9186359170695972
2021-12-15,-0.15746957175365098,-0.6002519327969235,3.2375445932095097
2021-12-16,0.08466602554308841,-0.15586168453183827,2.05545144374719
2021-12-17,0.21452514510763662,-0.08230269404031457,2.174295354751168
2021-12-20,-0.6953336247533826,0.25699717942002814,2.12283697910485
2021-12-21,-0.4104864415401291,-0.3661958272375198,2.2126885485654153
2021-12-22,-0.9102748420695312,0.1662088301756189,1.7695269694815483
2021-12-23,0.21072293667924,-0.4680892319702387,2.2941362680859783
2021-12-27,0.19448707169254262,-0.6128343533416515,2.161356041777072
2021-12-28,-0.5155227653153811,-0.0724515041325883,2.3986991062178618
2021-12-29,-0.40253511551999527,0.5053514360855144,1.9492256187352783
2021-12-30,0.31751745439641116,-0.6169970488473676,2.5775781353736864
2021-12-31,0.0013807906047742177,-0.2602324341551025,2.3482642475014437
2022-01-03,0.26236390994144404,-0.17926094367560733,2.6809971038317
2022-01-04,-0.18259205066859033,0.5282878101629035,1.7075670416045874
2022-01-05,-0.4429200976739885,0.3618068464612996,2.3576518793220043
2022-01-06,0.2142202782273732,1.380071628496849,1.206349469802932
2022-01-07,-0.9799668341853596,-0.031831065987504875,2.7667004634108796
2022-01-10,-0.41375240705920074,0.03300176793077622,1.6997808600328526
2022-01-11,-0.27802204397536695,-0.4623987393880135,2.178173623492439
2022-01-12,-0.34279269933469575,-0.4584505988773763,2.1648840198544743
2022-01-13,-0.3226361723772136,0.45095530074197293,1.673098808579656
2022-01-14,-0.09049360018524014,0.5337878282968312,1.6162130380617956
2022-01-18,0.06120917246654264,0.25845446738211103,2.689384300111513
2022-01-19,-0.6100628836790984,0.01753952056449112,2.081499587706775
2022-01-20,0.06745112323772637,-0.24430559011118827,2.2137395185041218
2022-01-21,-0.1990668368635027,1.0787398151552992,1.3319496720393698
2022-01-24,-0.24669533744703068,0.19946618195414953,2.0033674000524346
2022-01-25,-0.5608147037507467,0.24747202372762697,2.3051810801453154
2022-01-26,-0.9427651220607696,-0.0503445853397714,2.8486848631383825
2022-01-27,0.5195849015770109,0.12170464780670262,2.2336765056444907
2022-01-28,-0.9420562114622206,0.5964548541853824,1.7490200951589614
2022-01-31,-0.7945162595267834,0.4189735922788323,1.4646498360138374
2022-02-01,-0.46417059986756964,-0.2783175324908999,2.1162778559200586
2022-02-02,-0.9334117137319171,0.15777017517237088,1.907699691284547
2022-02-03,-0.5352290836082125,-0.48039890566287297,2.770085376110618
2022-02-04,-1.0854384948413354,-0.03971860777051997,3.2059048146412863
2022-02-07,0.12533692791356763,-0.7477160545764551,2.2466522436641405
2022-02-08,-0.3481819006234815,0.25812076535482725,1.5513702243645824
2022-02-09,-0.3852038084622254,-1.0073969255077977,2.8657396645531588
2022-02-10,-0.8012632174019418,0.18909498699766378,3.1049309719048654
2022-02-11,-0.2141314675925368,-0.27536373743501236,3.357392857010712
2022-02-14,0.26275634692529376,0.45125682077050017,1.9883227034051902
2022-02-15,0.4689020678643793,1.6720226714039892,0.9679189461793563
2022-02-16,-1.7721700216728897,-0.3918434049000627,2.301696003522217
2022-02-17,0.6115704071547285,1.1799875684956251,1.0865941193832551
2022-02-18,0.06314087170290292,-0.2348455146106804,1.6842708102419461
2022-02-22,0.4697387432807542,1.0534830588475763,0.8917681171004599
2022-02-23,-0.8908354300885857,-0.007256737138125721,1.6359817768427138
2022-02-24,2.4554434811398527,1.1388619950941201,1.947544886263402
2022-02-25,0.17583173899232604,0.5664759493917327,1.1122351531783305
2022-02-28,0.5915931910679437,-0.2780947632336687,2.047430221291936
2022-03-01,-1.314102896993512,0.3862021174494899,1.701696903065601
2022-03-02,0.2979600973443141,1.120836444417171,1.1953425703144465
2022-03-03,-0.8800722556995448,-0.09393625768590855,1.4907340537474099
2022-03-04,0.9105367189922657,-0.6363988022904109,2.43898348310033
2022-03-07,0.9292652598566815,0.5487739443774043,1.979313548359368
2022-03-08,0.0042349937085010775,0.9998946498729041,2.195577392164508
2022-03-09,-0.21821673592410165,0.7373571188819302,1.5801415530782705
2022-03-10,-0.1672801036786651,0.6042968011489912,1.3114247738247506
2022-03-11,-0.3960435864190877,0.334393355379034,1.5594236537555517
2022-03-14,-0.5721627355793877,0.3672213082176395,1.0873647393930472
2022-03-15,0.4343458509025759,-0.3289965119739506,1.9434488558632417
2022-03-16,-1.0632609325586535,0.1520809807411546,2.107361079765708
2022-03-17,-0.6623950723746499,-0.29221711455918714,1.5966517572532055
2022-03-18,-0.034324862445362515,0.01418036306325451,1.797788549881762
2022-03-21,-0.6209089360368192,-0.42444395555650977,1.786131128245943
2022-03-22,-0.1226188345485624,0.26968538174744233,1.587079912539993
2022-03-23,-0.48405711558163983,0.19345099106226446,1.4457067125125356
2022-03-24,-0.16636702441239273,0.4172364916611116,1.7070323569210366
2022-03-25,-0.22244932239986562,-0.12132720488790052,1.716510625009553
2022-03-28,0.8388510791107895,-0.0346994870729215,2.133548952218293
2022-03-29,-0.2720673864117323,0.4680168992948886,1.869751362771968
2022-03-30,-0.4580013648848325,-0.10023134358272681,1.60590011930236
2022-03-31,0.4756183649200029,0.0053653349262966195,1.5937898273246347
2022-04-01,-0.30193948841614,0.12727864128822017,1.8108325966971979
2022-04-04,-0.9692769426975061,-0.4729008385940762,2.372166512901428
2022-04-05,-0.7600034668151383,-0.17124256163192011,2.348804388902618
2022-04-06,0.12103401102659858,0.5511017155574479,1.8754932659847263
2022-04-07,-0.5968417878188563,-0.675955330294337,2.177500087550646
2022-04-08,-0.3122731048320833,-0.10095953319331766,2.073036918081808
2022-04-11,0.47716596250649207,0.32975113589467925,1.8523982325421713
2022-04-12,-0.09537220296651364,-0.0997562682440584,2.5296411162624555
2022-04-13,-0.2359851924254133,-0.15055990948660916,1.7477318788263005
2022-04-14,0.04198405571059501,0.6325078557104352,1.5123746875583652
2022-04-18,0.40667487793148677,-0.6436245111351503,2.2359450124108076
2022-04-19,-0.18703793680188022,0.06763583575813112,2.3170359411425885
2022-04-20,0.43570231088880756,-0.009341119875260127,1.638058983968472
2022-04-21,-0.17896449706602938,0.40423040364765656,1.7984805613258317
2022-04-22,0.11054809789184225,1.317838470980688,1.2004387968999097
2022-04-25,0.06870136857428696,0.1097571379986125,2.0539292088868013
2022-04-26,-0.10557378599070824,0.23678063233126675,1.4849066246923126
2022-04-27,-0.5755452815041173,0.7475504044999849,1.634848169585517
2022-04-28,0.21319349570671028,0.16892213771701922,1.6484646259684155
2022-04-29,0.1493612916748792,-0.5199423847780064,2.296322487629565
2022-05-02,0.6122811550432172,-0.4820270036628795,2.481916264988726
2022-05-03,-0.12613492963618136,0.5502662297559312,1.3892870157898507
2022-05-05,0.18138721971512026,0.09878394193483228,2.218637850564292
2022-05-06,0.2613126994140775,-0.06898868662614102,2.0708618992284027
2022-05-09,0.1508401264414165,0.4161645843086042,1.4487212163610614
2022-05-10,0.038647275051661066,-0.34035260728547384,2.3837752438407946
2022-05-11,-0.1651451332121723,0.5269382851099519,1.883790118546882
2022-05-13,-0.31747506605363857,0.15878948317777639,1.983839311879132
2022-05-16,-0.09997898995391588,1.6862165597846726,0.6543350171648896
2022-05-17,-0.5698770345195032,-0.12140854407822946,1.7876096255908163
2022-05-18,-0.07219424979360192,0.03653880063362078,1.6476643136256932
2022-05-19,-0.8701073617058035,1.0458878102803204,1.1390620198730943
2022-05-20,-0.31451503721842183,-0.3325259781518703,1.6544362523144702
2022-05-23,0.21053208073064097,-0.062141351419847585,1.5814616169094542
2022-05-24,-0.32174683765111706,0.05562366842752983,1.6796111780666685
2022-05-25,-0.17023090558829204,0.16928774815984124,1.558021338567226
2022-05-26,-0.33016393405651595,0.08218510783577568,1.647402080302788
2022-05-27,0.36265888053873535,-0.1477614113871272,1.8465698333320155
2022-05-31,0.1678714631955622,0.014548596887753753,1.947862186614488
2022-06-01,0.022694031188775964,0.3557237378661842,1.558914933575382
2022-06-02,-0.4585419602997543,-0.20277008337317884,2.0210904359272117
2022-06-03,0.27756941303478694,-0.6700469071972012,2.6675420645942776
2022-06-06,-0.38690870526022675,-0.20129176798690476,1.758189906134234
2022-06-07,0.3916681185447168,0.3513761962024294,1.5824043452596719
2022-06-08,0.14688827963624404,-0.22529053265253043,1.820234943689119
2022-06-09,-0.31306427078894355,0.13986382279972961,1.9226025141534233
2022-06-10,-0.3912805009285499,0.206875097372161,3.1328335143246946
2022-06-13,-0.17992952887493233,0.3140957145193333,1.8960040254669064
2022-06-14,0.17184386004240124,0.41642417953569294,1.4535078795622578
2022-06-15,-0.046903034788440524,0.7348945571581059,2.198595659800155
2022-06-16,-0.5515691740986628,1.1694774138453912,1.2482130300821712
2022-06-17,-0.47789219755169793,-0.4502101199044379,1.8401735794514504
2022-06-21,-0.291617629848211,0.18606187467216703,1.5339318192128282
2022-06-22,0.06894650440050618,-0.12745520108763944,1.9726038134762138
2022-06-23,-0.3246688495673307,0.5848884938682052,1.469365659193512
2022-06-24,-0.20432764942421103,0.6882155918106257,1.3980045008049125
2022-06-27,-0.5606583768712059,0.3826533231607819,1.3452491051912556
2022-06-28,-0.5922140360826034,-0.3059709825956311,1.8387397770786027
2022-06-29,-0.4501427750573171,0.4033323508706637,1.71041127614148
2022-06-30,-0.49741083740377295,0.019768545456419453,2.753741582849843
2022-07-01,0.20628447283542647,0.02428067391638752,1.982778703151988
2022-07-05,-0.3329322747151618,0.07802455262687222,2.667254607825644
2022-07-06,-0.17842601217951562,0.3109143939548645,2.0059831605020193
2022-07-07,-0.017719510364974357,-0.11197703498967751,1.7688006151791242
2022-07-08,-0.028522568261669025,1.4964662106731914,0.9950699570534578
2022-07-11,-0.42197554873734117,-0.7297934243145977,1.823002896467358
2022-07-12,1.48449765326469,0.19327110945102252,1.6372476939422267
2022-07-13,-0.45781699000164583,-0.23772557514752282,3.0357564686287013
2022-07-14,-0.3155796903415112,0.48084018886251984,1.600490383687955
2022-07-15,0.3517309831451318,-0.611855537719051,2.591985070428114
2022-07-18,-0.19958908299855296,0.43918447771412944,1.348330555976455
2022-07-19,-0.16999310304623585,-0.5230375453596326,1.7730768175102511
2022-07-20,-0.1255605591423339,0.2944676716924615,1.441732969791678
2022-07-21,0.983166542000991,0.15228072701846682,2.412853713203452
2022-07-22,-1.065647107681428,0.3567799133034722,2.0077306434261697
2022-07-25,-0.24199803959703695,0.33361066963263825,1.2569819900153298
2022-07-26,0.2690382921196694,0.18915009082066522,1.6081065286833027
2022-07-27,-0.03406529494258551,-0.390265658469475,2.6953522457504953
2022-07-28,-0.236958467487026,0.7606756971912451,1.528874769462682
2022-07-29,-0.12139805517496918,0.18965566163678713,1.6361729165780527
2022-08-01,-0.21683735132193285,0.2846481452317711,1.7088972984538913
2022-08-02,0.5635929053100583,-0.4613616155243793,2.7350122828773635
2022-08-03,-0.07920614680517837,-0.20584728605182537,1.7786385997430205
2022-08-04,0.2962528672605171,-0.43777825923525987,2.1181705625185288
2022-08-05,-0.22492613886710758,0.021908970478956426,2.4206745791330704
2022-08-08,-0.6434066131794167,0.013149891891605172,1.562623983591763
2022-08-09,-0.07090297005825577,0.9652794783441657,1.2372231732221142
2022-08-10,-0.6551760948298102,-0.10698260537462292,2.7921657690986077
2022-08-11,-0.16123668707054642,-0.4775076956771375,2.0970058819061723
2022-08-12,-0.29182633288417886,0.2111302335395536,1.865142028451615
2022-08-15,-0.032605703883603655,0.21679082517157408,1.993676342788211
2022-08-16,-0.43973582232977965,0.30376229949119776,1.4375655848563724
2022-08-17,-0.435148796524977,0.2113953756945158,2.2748625437917447
2022-08-18,-0.6701709551868809,-0.14262308263755688,1.8867931760644368
2022-08-19,0.42735979745659985,0.3036687594306791,1.5481581029422902
2022-08-22,0.028386992401643295,0.3633931552557506,1.608069326400786
2022-08-23,-0.23192100037847177,0.5336365386709624,1.7967990387269737
2022-08-24,-0.8899994612233892,0.10864369235086965,1.6762399918279147
2022-08-25,0.05894088838012875,-0.016811295345053132,1.6282590743890104
2022-08-26,-0.23202390982114232,0.10001274220122167,2.673206620975522
2022-08-29,0.3386231781224293,0.09233148905063335,1.674568359924054
2022-08-30,0.09723789710068373,0.6370923198367134,1.395093649597646
2022-08-31,0.09193874782385023,0.46899134398167314,1.4098387878846612
2022-09-01,0.24459934882704146,0.5265709963465665,1.8081907816605973
2022-09-02,-0.6640777845203725,-0.559531629923769,2.3162965510480813
2022-09-06,1.071358517646035,-0.4307604091115806,2.3954598901139352
2022-09-07,0.7885580148515925,-0.2524289825306411,2.0460889087886525
2022-09-08,-0.05935975912585748,0.5661772748195827,1.4813671219044036
2022-09-09,0.07204324693506733,0.6323618614954726,1.3629609837801215
2022-09-12,-0.04589042187080098,0.08063363546223709,1.864324770792562
2022-09-13,0.19353166580166678,-0.2814299785755711,3.082638948053683
2022-09-14,0.08543735411536565,0.05546265676724613,1.463965322661533
2022-09-15,0.026970532157460224,0.12172759975407818,2.4190202993881442
2022-09-16,-0.403534574345263,0.6685740913915809,1.5500957330544232
2022-09-19,0.05793206866016339,0.40663258763358173,1.3167821005003173
2022-09-20,0.07380642424321279,0.1507736070009916,1.5427316754312184
2022-09-21,0.08845699599255893,-0.20269853366611837,3.386718578740224
2022-09-22,0.2920222707244488,1.2606842978875725,1.0432859089808932
2022-09-23,-0.892680987041572,0.9140465411323885,1.1997569337425382
2022-09-26,2.002368374378515,0.0056383918645640215,1.9069278245527865
2022-09-27,-0.765457479335184,-0.07988282959948481,1.6297765872190517
2022-09-28,-0.16358589668913262,1.1627524864457228,1.1592570116186138
2022-09-29,-0.14541620152938742,-0.03963320222794944,1.9627355529698622
2022-09-30,-0.6763313042878614,0.004403584920352835,1.5917353407011454
2022-10-03,-0.17821969955393116,0.49488059406056345,1.9133816687174132
2022-10-04,-0.18174064572298357,-0.03598439034508974,1.8936019517777538
2022-10-05,-0.3635094166105151,0.6211937549482841,1.3836167885975499
2022-10-06,-0.2872481719750933,0.05050567079009913,1.5800153318545345
2022-10-07,-0.3193485199331128,-0.03974630627642664,2.289058936007814
2022-10-10,-0.22059429739186023,0.35652049282094894,1.4033572665806275
2022-10-11,0.5458102207124296,-0.02169192560721381,1.7723488229157347
2022-10-12,0.6755288159280206,0.030969482478661128,1.6021236428819883
2022-10-13,-1.0076401403339044,-0.35479388393209027,3.6812716843426045
2022-10-14,-0.30018150865844856,0.29041110130183406,1.6351025596754187
2022-10-17,-0.6156427568129099,0.3595378608660294,1.3203070924814249
2022-10-18,0.19729144257204864,0.042654949113770296,1.3924932698501866
2022-10-19,-0.42677874720300896,0.6572922577069001,1.3309554843341083
2022-10-20,0.649067590618801,0.4104445425199728,1.2999220522909951
2022-10-21,-0.2096077396149201,0.6869961634605212,1.8400460457179513
2022-10-24,-0.27221606217276634,0.06712476606409976,1.4999310987942227
2022-10-25,-0.26445197461674536,0.23832203277924333,1.521656141610542
2022-10-26,-0.16092207278135498,0.041992195105264724,1.6310277695416993
2022-10-27,0.33115373588083624,-0.387023147891184,2.101249057112142
2022-10-28,-0.08079566248215778,0.07405932626185927,1.824300047681728
2022-10-31,-0.2638855731718511,0.10033215052603314,1.4025099483363697
2022-11-01,-0.18283129295231462,0.09659578941182087,1.8910951512052296
2022-11-02,0.09345910828698265,-0.6903691195181231,3.4414327575913255
2022-11-03,-0.7121101981275078,0.7536102764813116,1.3741545667696595
2022-11-04,0.22007656504745696,0.19918301752590292,1.76660874357564
2022-11-07,0.3410290352816027,0.12461314471233007,1.391541858682663
2022-11-08,-0.23201593785984145,-0.13947890323846682,2.9989456634171265
2022-11-09,-0.40400060038078994,0.04870070590472761,2.0069775640821508
2022-11-10,-0.3416855824402219,0.1835425770706721,2.7610576229944925
2022-11-11,0.35736511871192217,0.33081703908337695,1.4366811201093572
2022-11-14,0.10703825297774869,-0.0015623929748002393,1.6428915106969697
2022-11-15,-0.24918913945303303,0.029447518520471085,2.7819604062203194
2022-11-16,-0.3474148469397363,-0.5589949878213601,1.9746401126394488
2022-11-17,-0.17702581559551647,0.25552528339690356,1.6853526763730606
2022-11-18,-0.3359855313273062,-0.15615282273258405,1.785702684433696
2022-11-21,0.34526211606031726,0.005889043100190641,1.7523111784139243
2022-11-22,-0.36830551484933377,0.16500209877354063,1.3097017280270613
2022-11-23,0.37825629697918156,0.12316327386465428,2.3904272681595984
2022-11-29,0.20317832074431094,0.33949221129118073,1.5031969130055245
2022-11-30,-0.046508109760409456,-0.20953007093011525,2.8568441322683995
2022-12-01,0.12230452906836617,-0.04220481567598103,1.9430517746211713
2022-12-02,-0.6540239863745927,-0.23795067385558713,2.789958694598047
2022-12-05,0.028432068766559536,-0.23357135589239345,2.191921445641217
2022-12-06,0.41374876909943875,-0.008859372892455007,1.6946248329988904
2022-12-07,0.23784260848467517,0.12860432818551967,1.8634962025359556
2022-12-08,-0.1348589713073927,-0.4643009332554168,2.235598568762107
2022-12-09,0.5175648677288902,0.18975544904478778,1.8234820168451886
2022-12-12,-0.026995166055429766,-0.1744554260101349,2.030085491221481
2022-12-13,-0.558392331371738,0.3569855520507666,2.885115106844106
2022-12-14,-0.8724862649439085,0.09526640117773053,2.4885361669168606
2022-12-15,0.3524615603930585,0.9604678346897434,1.266366558261252
2022-12-16,-0.4597485881815167,0.5206653953850527,1.3109378051557101
2022-12-19,-0.30309114380237784,-0.3607681472073942,1.790896572097191
2022-12-20,1.1504572504916966,0.5657386975671813,1.4757047728243293
2022-12-21,-0.7726945247381063,-0.402779243353055,1.7502718138228737
2022-12-22,-0.3899103648903704,0.10820000842058772,2.1855036465873745
2022-12-23,-0.16249374674990194,-0.515612394993526,2.1125619685279915
2022-12-27,-0.18662688712979184,-0.8419099773809392,3.332215511259573
2022-12-28,-0.32103278136409724,0.7272653337313785,1.3360115848316063
2022-12-29,-0.53076597237165,0.13684204874886138,1.7514445631034086
2022-12-30,-0.5087320214997724,0.20306627556057574,1.9716163359947068
2023-01-03,1.1702980712524416,0.9738522520067175,1.489033619344907
2023-01-04,-0.7810553150758817,0.33025693720449817,1.795890955734368
2023-01-05,0.10211940751851897,0.41640169287346823,1.6889263001901078
2023-01-06,-0.29309869874827715,-0.19245252456023035,2.678851683675404
2023-01-09,-0.4373167124101954,-0.6186886541982705,2.1637495706423486
2023-01-10,0.16452489356120778,-0.4240588101772193,2.0046346661170737
2023-01-11,0.2806844158551364,-0.1729219302832831,2.0709941312327373
2023-01-12,-0.10072830245466372,-1.0968434012490509,3.658173033950245
2023-01-13,0.006811811473117457,0.7455355186811027,1.2640682846621782
2023-01-17,0.7924795929228261,-0.20276833498718286,1.9859141407874414
2023-01-18,0.5627579914692995,0.29710535782553543,1.7976190253784878
2023-01-19,0.31195060691928983,-0.011376735831235472,1.7857463933643736
2023-01-20,0.5215096643967887,0.4583812410666031,1.3015589720801657
2023-01-23,-0.03826484856283544,0.1608095046862371,1.9471775463656549
2023-01-24,-0.44466457406347143,-0.07477679496567471,2.096401255668521
2023-01-25,0.4078473717654831,-0.007437091618968913,1.9466807770720287
2023-01-26,-0.22193577882777363,0.6381501562953947,1.8638179006132276
2023-01-27,-0.05907777839950116,-0.5128099324152756,2.29386343674485
2023-01-30,0.33511538728434903,0.1358252897776556,1.4779806862594391
2023-01-31,0.1565489578303034,0.5760387583984138,1.6923171492449693
2023-02-01,-0.6564934211950706,-0.5078005990428763,3.017257542267002
2023-02-02,0.19910614297358584,-0.05564331842111794,2.368806358160459
2023-02-03,-0.7495359627942757,0.39664098917449914,2.8674661181499435
2023-02-06,0.1916006612266252,0.4174980457629534,1.2230770762220757
2023-02-07,-0.22691991800154512,0.5655427342055831,1.7074684475893296
2023-02-08,-0.5444051274130515,0.6640778774053037,1.6378569205639852
2023-02-09,-0.9695821263056881,0.4910945874663682,1.7623321711296
2023-02-10,0.2069823067695453,0.6750516933310501,1.2175912177628962
2023-02-13,-0.4786370937922349,0.028554032837795198,1.445265849044814
2023-02-14,-0.7954235934680223,0.24153866073487937,2.7434495591309993
2023-02-15,-0.2447489835125736,0.3662693690971242,1.4457310546813371
2023-02-16,-0.17025148767901002,-0.3418595407734692,2.23613930825978
2023-02-17,0.0300733450920014,0.40137951929682175,1.4548860899200182
2023-02-21,-0.0685240993783878,0.12847424482005007,1.7258308267050815
2023-02-22,-0.26495571387584566,0.2968385807996395,1.5678796516686226
2023-02-23,-0.41607878573583396,-0.22764297586713514,2.227275019233444
2023-02-24,-0.32680779917165165,0.2628447409034614,1.7344491546281287
2023-02-27,-0.30080980584976086,-0.2068796925672355,1.7000537340965636
2023-02-28,-0.22283663217238783,0.6027575536023492,1.6081723866333988
2023-03-01,-0.217425343642391,0.599730287325367,1.5100025603826754
2023-03-02,-0.1910970719710288,-0.11335791714570323,1.8406683834212014
2023-03-03,-0.10638375714584528,0.02005982198326425,1.581841410235496
2023-03-06,-0.09882693789103805,-0.02956633941986123,1.3743978568745856
2023-03-07,0.052692670289451425,-0.03742100739356427,2.303780678919976
2023-03-08,-0.20695615393699776,-0.32498086748425975,2.0299294974338675
2023-03-09,-0.3873032248327309,0.07717236068695041,1.9690738719852536
2023-03-10,0.4653028712611324,0.8108378066891743,1.8755890893367226
2023-03-13,0.9558071052736516,0.9384852952967461,1.672138771409049
2023-03-14,-0.26292188360924623,-0.1285467082530857,2.090895152052596
2023-03-15,-0.6797381592466105,1.7595372350004144,1.3461032555915509
2023-03-16,-0.016873281705457134,-0.3372468658629579,2.147474518418889
2023-03-17,-0.4929769731516927,-0.6120198695084663,2.673266582862178
2023-03-20,0.5129792220095202,1.1813752207911914,1.2948331914569078
2023-03-21,-0.5996642848666904,-0.10239555848254081,1.9551010697649307
2023-03-22,-0.20314943506833985,-0.3034064467808239,3.15230254987679
2023-03-23,-0.2526401601067377,-0.7541232053088321,2.5052675425347797
2023-03-24,-0.3895643721682656,0.5557602148128397,1.4756457037959247
2023-03-27,-0.0070995393335233975,0.38057033053191064,1.320375459021193
2023-03-28,-0.5979920425266854,0.00469226567141309,1.6552491471960522
2023-03-29,-0.346585272871097,0.13634177354063123,1.6932910502332472
2023-03-30,0.14976377520858405,-0.6498481286724288,2.2758685767124316
2023-03-31,-0.7264367873691966,0.17455878762303886,2.153370240275475
2023-04-03,0.39867200436740585,-0.05917982286677517,2.1057443449526403
2023-04-04,-0.2973595331076396,-0.30391767693506216,2.73310482897784
2023-04-05,-1.1554294554673503,-0.20135839755143006,2.675218152169304
2023-04-06,-0.19183776578574688,-0.6729114042035721,2.404252069525759
2023-04-10,0.5165972513436814,-0.7319076714788039,2.689261944469459
2023-04-11,0.20765962686942216,-0.238985044358926,1.656992998971237
2023-04-12,1.066602974495075,-0.23909143321469198,3.0906855517098624
2023-04-13,-0.5240143270800721,-0.2938412780654815,2.3747056581289403
2023-04-14,0.3633212918045214,0.419765112232837,2.3840048811941887
2023-04-17,0.46578248157462493,-0.5050551880328192,2.2329657688573636
2023-04-18,0.028045617644606634,0.3630312669991856,1.7028262091852504
2023-04-19,-0.13171574419006363,1.363565818160972,0.9041913282658083
2023-04-20,-0.2572203088740906,0.21348675777967227,1.9498995185235746
2023-04-21,-0.198439011501248,0.11464411686771289,2.5946295717980323
2023-04-24,-0.6250126790667614,-0.2905792645203739,1.7003623461788688
2023-04-25,0.5000901129633406,0.3948204491318286,1.5700806430919343
2023-04-26,0.037223177602874156,-0.3047927437111852,2.271547776123846
2023-04-27,0.28207306030749496,-0.6464651018699047,2.709918791362025
2023-04-28,0.08431603663580531,-0.42167870102156363,2.187473694211997
2023-05-01,0.07710366544893829,-0.3354146537780249,2.68655995588289
2023-05-02,-0.8368610581371807,0.02379843972809578,2.377225109295667
2023-05-03,-0.6894566432908511,-0.45263191332818237,3.712374632854033
2023-05-04,0.6404090432467009,0.3467753064094861,1.8531277078547799
2023-05-05,-0.37167262602160417,-0.08547687040888544,2.6841879825848256
2023-05-08,-0.4889265737644393,-0.7339998344880502,2.1925755267164817
2023-05-09,-0.12634460030246467,0.12671771672814178,1.5805941643584092
2023-05-10,-0.42144734993468586,-0.08441268222031009,2.9185773630434504
2023-05-11,-0.6084182728462504,0.41526522192458765,2.100576816257064
2023-05-12,0.027075434655032336,-0.039363999883718,1.7591201695053282
2023-05-15,0.5103872260977735,-0.49617241334450596,2.0502407056822207
2023-05-16,0.20078215318654322,-0.7650785121747506,3.1700085001922034
2023-05-17,-0.41460968111562085,-0.227804129210223,2.064118309329549
2023-05-18,-0.3587193762419801,0.45897993558117883,1.925633828200814
2023-05-19,0.39907999648589904,0.17049829326703655,2.379094888295583
2023-05-22,0.28811648007716467,-0.06582767499999878,1.9621684595867581
2023-05-23,0.42484543818523374,0.35610530880136154,1.638260607009295
2023-05-24,-0.15298908215741094,0.09754160464330827,2.077764770501396
2023-05-25,-0.03596734783714831,-0.33264003752885357,2.862725177908544
2023-05-26,0.07949868471120111,-0.2376017435008261,2.1902470754618992
2023-05-30,0.394761022097978,0.9176376527051574,1.073487782971716
2023-05-31,0.03861480923206569,-0.1678289444882949,2.4400680717717034
2023-06-01,-0.1934118089634427,-0.04122266703871094,1.9383656484113416
2023-06-02,0.15481213179090011,-0.4937915086505786,2.4758335824800444
2023-06-05,-0.03445670459843301,0.31911006316694285,2.2171351716177874
2023-06-06,-0.29771524630736895,-0.059796452533164374,1.7533893624355645
2023-06-07,-0.409605013674097,0.09983405873668869,2.111875216438401
2023-06-08,-0.4343145918765888,-0.43965637589298295,2.6397595602168593
2023-06-09,-0.46581142541031145,-0.23923107349938735,1.9705962845777218
2023-06-12,0.11690124192127668,0.23254103068771212,1.8822800067130085
2023-06-13,-0.3488784003902921,-0.4913144014652168,3.218992651953018
2023-06-14,-0.3402039122286769,0.10222853852792543,2.445925923828691
2023-06-15,0.44864390698089135,0.24166872546286808,1.9828030727310662
2023-06-16,0.07186144363314859,-0.14031399110288514,2.0626111515461982
2023-06-20,0.11347504362168734,-0.17491085559300604,2.1401599839903334
2023-06-21,-0.14149508239658773,0.12492270004979641,2.353507428958828
2023-06-22,-0.5623124853658719,0.12629693207186218,2.1866430319293784
2023-06-23,-0.2063608463653597,0.08983861858871198,1.9617936646613572
2023-06-26,-0.013198641043066261,0.12030170601617737,1.431454263900907
2023-06-27,0.3177592642597386,-0.50157151277267,2.6315582873349506
2023-06-28,-0.5759061482555246,0.46459470862436697,1.6300289790295484
2023-06-29,0.5319334216866314,0.0003178454483297702,2.647865880224126
2023-06-30,-0.6537906250835586,-0.17440688667508933,2.1167935413126564
2023-07-03,-0.4077996029310778,0.10802475062241865,1.7965655163743683
2023-07-05,-0.7440028045335807,-0.06920370059213812,2.474905034238878
2023-07-06,-0.013020580064299325,0.22969933898051562,2.711606707358836
2023-07-07,-0.7970904423549725,-0.13390497312195673,2.6083857240757897
2023-07-10,-0.18300584960015479,-0.5241502954076253,2.3168586079785634
2023-07-11,0.1371957626508746,1.0440650718880764,1.1156833313706063
2023-07-12,0.2442326721633585,-0.8278514299643681,3.2070712897967937
2023-07-13,0.3418680037232246,-0.25769874984916114,2.2713734196844015
2023-07-14,-0.3467889073125057,-0.009803573204958092,2.1199525765293536
2023-07-17,-0.10729382784527666,0.3018214724841755,1.623346492240831
2023-07-18,0.40706203425844695,-0.2990672001758707,2.776774004700046
2023-07-19,-0.4155769330165398,0.0111998029678578,1.9700631348520954
2023-07-20,0.24302705983239156,-0.06150177588178632,2.1893154039673224
2023-07-21,-0.6980815654897348,0.6093434217361214,1.4458070697396117
2023-07-24,-0.08507103336338731,0.3842821406869746,1.6351397254957298
2023-07-25,-0.10867182928619948,0.047775670791291386,2.0315789746857593
2023-07-26,-0.5533128886005065,-0.7455007520205107,3.1308536112266303
2023-07-27,0.15271589429240115,0.4347024459370477,2.2212090556307533
2023-07-28,0.2806564003912499,-0.2247379959495134,1.9298359201874007
2023-07-31,0.12141492857190214,-0.7278456115228887,2.5107038068601657
2023-08-01,-0.1298001872185313,0.01715746599017084,2.2893459669421112
2023-08-02,0.264404258110487,0.0855461570628798,1.9242926148083637
2023-08-03,0.07157027233848764,0.6713622150054243,1.6559701937180638
2023-08-04,-0.14274414540031224,-0.44467231366747056,2.349928159006266
2023-08-07,-0.12231960765611796,0.010848276068425058,1.882213882928438
2023-08-08,-0.34852848680808673,0.2148979249704802,1.8550969907029984
2023-08-09,-0.026584950823840305,-0.7765005435602578,2.6554994542873445
2023-08-10,-0.31895418476343057,-0.06616094992132485,2.391815370998623
2023-08-11,-0.4484705594778045,-0.5245373109770625,2.2968861004617587
2023-08-14,0.06313092345139501,0.29061343046527705,1.8769605059385288
2023-08-15,0.44937591863350906,-0.8491184311476757,3.120519423792228
2023-08-16,-0.26606898259447004,-0.5173795442057428,2.5201852044709145
2023-08-17,0.23800386396047954,0.1560606689254279,2.010904549149103
2023-08-18,-0.06570388437009059,0.10298673455260751,1.8830078427713506
2023-08-21,0.6645444803407003,-0.30140168806134254,2.1060188007661083
2023-08-22,0.34440081835194153,0.12834995053389772,1.8967375864240879
2023-08-23,-0.011024882140055625,0.36213450160321053,2.1281419963786323
2023-08-24,-0.4416254169412653,-0.1726682262584848,2.0082405672188646
2023-08-25,-0.6746304129404979,0.1428727457357056,2.6946240482718835
2023-08-28,-0.7584844450128592,-0.7929559680665444,2.5175120342190898
2023-08-29,-0.35519732715143665,-0.07563080884682552,2.8358593824050295
2023-08-30,-0.8278406675231866,-0.5316288590030523,2.4833441868092834
2023-08-31,-0.5711744298141279,-0.31496404780331416,2.282018306510249
2023-09-01,0.5782398049411595,-0.6916369636529832,3.5116952309239267
2023-09-05,-0.5193692456906507,0.2268236206107382,1.9464353266644956
2023-09-06,-0.4621115316838274,0.3989405798020716,2.33905797959463
2023-09-07,-0.2108827206919144,-0.1866582368312503,2.4861555316517414
2023-09-08,-0.11123406915429393,-0.19479654338295763,2.3021738462268377
2023-09-11,0.2891054472109826,0.23670053149104117,1.7275779273360463
2023-09-12,0.15139809583887184,-0.19064408958109805,2.1416672445749736
2023-09-13,0.2681622705203694,-0.7256424894623975,2.9885574287733903
2023-09-14,-0.14494266930120817,-0.5045771693992186,3.1106165766418457
2023-09-15,-0.23246107001774832,-0.2528966783152697,2.4147888225086156
2023-09-18,0.2157571974582084,-0.49229738493489633,2.2484104844234007
2023-09-19,-0.5349547417254814,0.09302406097407431,1.8936629861849372
2023-09-20,-0.2692545289624522,0.11106659216367629,2.95969752758808
2023-09-21,0.19537694748071252,-0.09890595923552961,2.3584473496380287
2023-09-22,-0.04621399523722717,-0.013535771598126054,1.6197535422430231
2023-09-25,-0.01997715199459863,0.8288430255696636,1.6039101585175572
2023-09-26,-0.5512363105907236,0.43910442382713627,2.046603846341341
2023-09-27,0.5071192256268291,-0.1534436384035828,2.340898435674257
2023-09-28,-0.09129062714170247,0.4189142209133994,2.3080063568710756
2023-09-29,-0.2345221095611492,-0.24150636607127499,2.7195622559939974
2023-10-02,0.10967952355704333,1.2156716954707363,1.5349768556576766
2023-10-03,0.3973104694355318,0.10484799364251604,2.3760648766547963
2023-10-04,-0.04364158339665595,-0.18176881374402423,2.0614517214742047
2023-10-05,-0.22965571581140012,-0.6112831401240576,2.7429205585600354
2023-10-06,-0.4969121925030034,0.23785102527021248,2.6498537363148635
2023-10-09,0.5537583272943469,-0.5524193633623568,2.2105001304655687
2023-10-10,0.22889441747603675,-0.03338869564209471,1.9521825999781246
2023-10-11,-0.3887581626158468,0.5815241741121192,1.5055277433799432
2023-10-12,0.0956888336471988,-0.3135902998625301,2.2323818400588937
2023-10-13,-0.08992973661882211,0.6371119973866265,2.5857181369451823
2023-10-16,0.09678237296398826,0.06627558758871896,1.8359861996237914
2023-10-17,0.29854783327158113,0.26648397455761136,1.8986217435403763
2023-10-18,1.0500863725246892,0.06718313843116239,2.0959979514768037
2023-10-19,0.0765275107404961,0.08029836979666602,2.220219494101112
2023-10-20,0.242740371383221,-0.08340725368250648,2.6719553642671414
2023-10-23,0.33392484170496534,-0.32061483446783895,2.1227912517394625
2023-10-24,0.37308236260003586,0.26264778418580087,1.894979599060079
2023-10-25,0.09641950705305688,0.029641277692184467,2.3954497686571763
2023-10-26,-0.31548170046626606,-0.3617962094435409,2.197774824970544
2023-10-27,-0.05183523201988253,-0.453956969886293,2.870555823839096
2023-10-30,-0.5808600479286876,0.25298490840993076,1.678782019911413
2023-10-31,-0.4387497336093769,-0.42154160734709406,2.385495226688464
2023-11-01,0.4150758836595067,-0.31801574827055673,2.6000501271427083
2023-11-02,-0.7663374991733494,0.10698102480311786,1.7374986712138494
2023-11-03,-0.6436985632502075,-0.08760028511000786,3.2761666481716176
2023-11-06,0.22553670055178762,-0.7452544049728625,2.1495850351230956
2023-11-07,-0.2604796190994488,0.40738890512699016,1.645683926641734
2023-11-08,-0.31463928102806055,0.27527509855596116,2.0025852321890056
2023-11-09,0.08184551608443022,0.24120115322992572,1.9124581974401575
2023-11-10,-0.3183941708759171,0.12068494957439921,1.9190974324056072
2023-11-13,0.14447764253983883,-0.3438722980438104,2.046933299493629
2023-11-14,-0.22041976507534458,-0.14689130653858232,3.155835677307115
2023-11-15,-0.760528804793974,-0.3093190827700784,2.17392450871324
2023-11-16,-0.03896882534858074,-0.7146566872087013,3.0936675215714526
2023-11-17,-0.2952884960529328,0.7792931697772428,1.2175306828298833
2023-11-20,0.943596951418757,0.040083348279865344,1.971467700891676
2023-11-21,0.7999591353459352,0.1280184574124704,1.7773888069284194
2023-11-22,-0.16473021330297002,0.4035396243415182,1.5815995161676213
2023-11-28,0.24365372579863595,-0.7503374262133785,2.78502219860081
2023-11-29,0.6931031586617746,0.6385134742983664,1.5493224531078358
2023-11-30,-0.20244126368647167,-0.09443105682991618,2.2374584572212886
2023-12-01,-0.28139265151043485,0.5541409947810124,2.0975002780717915
2023-12-04,2.564468046770332,0.7783150725903444,2.178885749740777
2023-12-05,-0.2967880952581666,0.21725788860730763,1.7469032066235393
2023-12-06,-0.7650092426253248,0.28691382568045115,1.5003856501014052
2023-12-07,-0.28643416457896503,-0.05373992656317764,1.8179969697573934
2023-12-08,-0.22089618301258043,-0.14082938011305682,2.528760943352937
2023-12-11,-0.17453450909676563,-0.257907015227736,1.8091365213815749
2023-12-12,-0.2376160985301339,-0.19571634959992248,2.037782059813658
2023-12-13,-0.6455202816743912,-0.15011190255199938,3.3376790766354567
2023-12-14,0.4998207290886331,0.02536268519000803,2.1829916884562497
2023-12-15,-0.35351749412735917,0.32583359367230075,1.9777976255245626
2023-12-18,-0.23576084592483817,-0.5818529449398212,2.154510140125124
2023-12-19,-0.15877867396227388,-0.9217606725478983,2.708218657096003
2023-12-20,-0.9104478031484908,0.3009829170851493,1.906792290723196
2023-12-21,-0.49677407604573315,-0.5340438758975871,2.9505998908098015
2023-12-22,0.4947810515283923,0.21511105076453138,2.028937808497668
2023-12-26,-0.23927425468309907,-1.257432944050158,2.748833962352613
2023-12-27,-0.2939026127952907,0.4019892170142068,2.050255822086447
2023-12-28,0.34107694527511295,0.5886842458856102,1.4702721245167716
2023-12-29,-0.2300187142210102,0.27271860854739566,1.67953887308391
