date,asia_valid,london_valid,new_york_valid,london_ret,london_range,london_range_pct,london_open,london_close,london_high,london_low,london_rv,london_minutes,london_spread,new_york_ret,new_york_range,new_york_range_pct,new_york_open,new_york_close,new_york_high,new_york_low,new_york_rv,new_york_minutes,new_york_spread,asia_ret,asia_range,asia_range_pct,asia_open,asia_close,asia_high,asia_low,asia_rv,asia_minutes,asia_spread,asia_base_range,asia_base_range_pct,asia_std,prev_abs_ret,london_base_range_pct,london_std,london_base_rv,C,logC,D,Y_range,Y_rv,Y_return,Y_break,Y_distance,gap,base_log,DxC,highvol,trend,CxVol,CxTrend
2016-01-01,False,False,False,,,,,,,,,,,,,,,,,,,,,,,,,,,,,,,,,,,,,,,,,,,,,,,,,,,,
2016-01-04,False,True,True,0.0010530096620597039,4.364000000000033,0.0040724131800983976,1071.6005,1072.7295,1074.566,1070.202,0.0036428405708572795,238.0,0.27800000000002,0.0008695048983336717,13.144999999999982,0.012255747474728622,1072.558,1073.491,1083.493,1070.348,0.007189076790114183,240.0,0.27100000000007185,,,,,,,,,,,,,,,,,,,,,,,,,,,,,,,,
2016-01-05,False,True,True,0.002842179457085306,4.704999999999927,0.00436916013691576,1076.866,1079.931,1080.908,1076.203,0.0035697171282061176,238.0,0.2599999999999909,0.00026767401170219664,7.010999999999967,0.006494511021956808,1079.527,1079.816,1081.907,1074.896,0.005587377398394019,240.0,0.2680000000000291,,,,,,,,,,,,,,,,,,,,,,,,,,,,,,,,
2016-01-06,False,True,True,0.00270581962094229,6.941000000000031,0.006414231257941579,1082.125,1085.057,1088.031,1081.09,0.0031922274253125393,237.0,0.2719999999999345,0.0020110543611692976,12.663999999999987,0.011632953850775021,1088.6315,1090.823,1092.91,1080.246,0.005736988886250697,240.0,0.27350000000001273,,,,,,,,,,,,,,,,,,,,,,,,,,,,,,,,
2016-01-07,False,True,True,0.0009703771519204731,7.099999999999909,0.006472320801036218,1096.9789999999998,1098.0439999999999,1099.519,1092.419,0.004392925919784462,240.0,0.26400000000001,0.0051067605656257885,8.789999999999964,0.007989213198834577,1100.2335,1105.8665,1107.5,1098.71,0.006881330115535271,240.0,0.2759999999999536,,,,,,,,,,,,,,,,,,,,,,,,,,,,,,,,
2016-01-08,False,True,True,-0.0014378546272469737,5.654999999999973,0.005136046188994668,1101.0415,1099.4595,1101.444,1095.789,0.0036399108239611117,239.0,0.27799999999979264,0.0031444275689467265,14.501999999999953,0.013186735246419229,1099.7415,1103.205,1105.609,1091.107,0.008320672984712275,240.0,0.2940000000000964,,,,,,,,,,,,,,,,,,,,,,,,,,,,,,,,
2016-01-11,False,True,True,-0.002944151557638219,7.249000000000024,0.0065531267472707195,1106.1895,1102.9375,1106.23,1098.981,0.003921785975430447,238.0,0.27899999999999636,-0.004762727999128704,9.485999999999876,0.008595750966070412,1103.5685,1098.325,1105.695,1096.209,0.00560416722595535,240.0,0.2869999999998072,,,,,,,,,,,,,,,,,,,,,,,,,,,,,,,,
2016-01-12,False,True,True,-0.003460201567508261,9.691000000000031,0.0088511012958356,1094.892,1091.1100000000001,1099.221,1089.53,0.004333923991223656,239.0,0.26700000000005275,-0.0008736319004814096,6.483999999999924,0.0059633023304150705,1087.317,1086.3674999999998,1089.839,1083.355,0.004399486439702933,240.0,0.27350000000001273,,,,,,,,,,,,,,,,,,,,,,,,,,,,,,,,
2016-01-13,False,True,True,0.0004886262863618234,3.7959999999998217,0.0035071429396342003,1082.3625,1082.8915,1083.532,1079.736,0.0029550461210925594,237.0,0.26500000000010004,0.008391709090846394,11.458999999999833,0.010583647668623334,1082.708,1091.8319999999999,1091.918,1080.459,0.005385492105331415,240.0,0.2720000000000482,,,,,,,,,,,,,,,,,,,,,,,,,,,,,,,,
2016-01-14,False,True,True,0.003031996024871461,4.984000000000151,0.004578550995173552,1088.554,1091.8595,1093.13,1088.146,0.003203908555844876,239.0,0.27500000000009095,-0.0032350716502572183,7.367999999999938,0.006786680127038342,1085.656,1082.1495,1088.839,1081.471,0.004851386809929735,240.0,0.26900000000000546,,,,,,,,,,,,,,,,,,,,,,,,,,,,,,,,
2016-01-15,False,True,True,-0.0022394709957356896,4.946999999999889,0.0045615280704099,1084.505,1082.079,1085.206,1080.259,0.0027526914031726067,237.0,0.2580000000000382,0.0052385768496263935,13.486000000000104,0.012436628388176722,1084.3775,1090.0729999999999,1097.327,1083.841,0.0075780166445143255,240.0,0.2800000000000864,,,,,,,,,,,,,,,,,,,,,,,,,,,,,,,,
2016-01-18,False,True,False,-0.0005182571083969227,4.740000000000009,0.004346729636167734,1090.475,1089.91,1092.174,1087.434,0.00244117905949371,240.0,0.25099999999997635,,,,,,,,,,,,,,,,,,,,,,,,,,,,,,,,,,,,,,,,,,
2016-01-19,False,True,True,-0.005756643630080681,12.488000000000056,0.011452698922778705,1090.3980000000001,1084.1390000000001,1094.554,1082.066,0.004542285448439994,236.0,0.2625000000000455,0.002169792953155783,5.292999999999893,0.004878923336932742,1084.8705,1087.2269999999999,1088.587,1083.294,0.0037509474910360687,240.0,0.2675000000000409,,,,,,,,,,,,,,,,,,,,,,,,,,,,,,,,
2016-01-20,False,True,True,0.0011177388400325646,4.02800000000002,0.0036818709900924215,1094.009,1095.2325,1096.951,1092.923,0.0033428359872439725,239.0,0.2680000000000291,0.0016841502085026738,7.263999999999896,0.006593416567955938,1101.705,1103.562,1104.11,1096.846,0.005008203796279348,240.0,0.27100000000007185,,,,,,,,,,,,,,,,,,,,,,,,,,,,,,,,
2016-01-21,True,True,True,-0.003202480082317059,6.820999999999913,0.00618436871567128,1102.942,1099.4155,1102.98,1096.159,0.0033523238561789423,240.0,0.2685000000000173,-0.0046621405838166785,8.105000000000018,0.007370225380673748,1099.6950000000002,1094.58,1100.492,1092.387,0.005318949767772512,240.0,0.2820000000000391,0.003470037390226123,6.460000000000036,0.0058745270141852875,1099.663,1103.4855,1103.547,1097.087,0.0031549321939153482,354.0,0.28300000000001546,,,,,,,,,,,,,,1.0,,,,,,,,
2016-01-22,False,True,True,0.0011084705268380505,4.630000000000109,0.00422117883028683,1096.85,1098.0665,1099.574,1094.944,0.0026914944657546284,239.0,0.2639999999998963,0.0009127064152266958,8.850999999999885,0.008061897446944258,1097.8805,1098.883,1102.856,1094.005,0.004532380033484258,240.0,0.2804999999999609,,,,,,,,,,,,,,,,,,,,,,,,,,,,,,,,
2016-01-25,False,False,True,,,,,,,,,,,0.003002573563471713,5.557999999999993,0.00503263561880003,1104.3915,1107.7125,1108.575,1103.017,0.003795455081748774,240.0,0.27899999999999636,,,,,,,,,,,,,,,,,,,,,,,,,,,,,,,,
2016-01-26,False,True,True,-0.0041369737334515135,5.421999999999798,0.004856658266194316,1116.4054999999998,1111.7965,1116.533,1111.111,0.0029232868420724736,237.0,0.2680000000000291,0.004934158961749587,9.634999999999991,0.00866117241800876,1112.436,1117.9385,1119.088,1109.453,0.004279714103813461,240.0,0.2735000000001264,,,,,,,,,,,,,,,,,,,,,,,,,,,,,,,,
2016-01-27,False,False,True,,,,,,,,,,,-0.0019212971978923034,5.984000000000151,0.005347302087717693,1119.069,1116.9209999999998,1120.766,1114.782,0.003125166032466082,240.0,0.27700000000004366,,,,,,,,,,,,,,,,,,,,,,,,,,,,,,,,
2016-01-28,False,False,True,,,,,,,,,,,-0.0032662766489086562,12.876999999999953,0.011496572098425686,1120.0729999999999,1116.4205000000002,1122.234,1109.357,0.0065623924731457286,240.0,0.29399999999986903,,,,,,,,,,,,,,,,,,,,,,,,,,,,,,,,
2016-01-29,False,True,True,-0.001038497054347536,3.0950000000000273,0.002780164447400795,1113.2435,1112.088,1114.501,1111.406,0.0027042275650092603,239.0,0.26299999999991996,0.0012803468092687392,7.696999999999889,0.006900728400258286,1115.3895,1116.8185,1118.423,1110.726,0.004803200744095136,240.0,0.28750000000002274,,,,,,,,,,,,,,,,,,,,,,,,,,,,,,,,
2016-02-01,False,False,True,,,,,,,,,,,0.002241001109182307,9.785000000000082,0.008706240243294331,1123.9065,1126.4279999999999,1128.751,1118.966,0.004204923941236517,240.0,0.2884999999999991,,,,,,,,,,,,,,,,,,,,,,,,,,,,,,,,
2016-02-02,False,False,True,,,,,,,,,,,-0.00022580186426943898,8.480999999999995,0.007538619759699268,1125.007,1124.753,1131.031,1122.55,0.0038232435582716646,240.0,0.2680000000000291,,,,,,,,,,,,,,,,,,,,,,,,,,,,,,,,
2016-02-03,False,True,True,0.003354559514772927,6.1909999999998035,0.0055048824599558295,1124.638,1128.417,1130.61,1124.419,0.0024875188356703174,239.0,0.2639999999998963,0.007162886059482594,15.486000000000104,0.013703782035001989,1130.053,1138.1765,1140.682,1125.196,0.006179768687918097,240.0,0.28099999999994907,,,,,,,,,,,,,,,,,,,,,,,,,,,,,,,,
2016-02-04,False,True,True,0.002856742565282881,5.848999999999933,0.005121817198675047,1141.9775,1145.2444999999998,1147.376,1141.527,0.0034153052103197226,240.0,0.28149999999993724,0.005477501974144147,9.483999999999924,0.00826253679220332,1147.8315,1154.136,1156.655,1147.171,0.0059159476502703675,240.0,0.2899999999999636,,,,,,,,,,,,,,,,,,,,,,,,,,,,,,,,
2016-02-05,False,True,True,0.004050200287482503,7.551999999999907,0.0065419718778369105,1154.392,1159.077,1160.626,1153.074,0.0032184283834447093,240.0,0.2624999999999318,-0.0033346444648517906,17.867999999999938,0.015418401466939867,1158.875,1155.0169999999998,1163.031,1145.163,0.008260081041699723,240.0,0.2860000000000582,,,,,,,,,,,,,,,,,,,,,,,,,,,,,,,,
2016-02-08,False,True,True,0.008486583668444143,12.317999999999984,0.010568006770799583,1165.5935,1175.5275000000001,1177.023,1164.705,0.004597541704713565,240.0,0.27899999999999636,0.009943932637004181,21.069000000000187,0.01782089279551791,1182.2640000000001,1194.0790000000002,1199.121,1178.052,0.008206425516761102,240.0,0.28499999999996817,,,,,,,,,,,,,,,0.004989237732434681,0.0028533574001013513,0.003280632185344341,,,,0.7505480688451995,0.33748560536881633,2.9742448906480132,,,,,,,,,
2016-02-09,True,True,True,0.004132049613381092,9.224999999999909,0.007774683355477409,1186.5435,1191.4565,1194.847,1185.622,0.0062761669244966855,240.0,0.26900000000000546,-0.0010456283261439203,11.133000000000038,0.009304195286977585,1196.557,1195.3065000000001,1198.843,1187.71,0.007521050841731685,240.0,0.2820000000000391,0.0002186626708937009,5.0150000000001,0.004210031459806456,1191.2024999999999,1191.4630000000002,1195.564,1190.549,0.0034136990738421417,355.0,0.3170000000000073,,,,0.003470037390226123,0.005128931693834857,0.0034312812503463816,0.003280632185344341,,,,0.4159753405718775,0.6487232885334472,1.2042293568806024,1.0,,,,,,,,
2016-02-10,True,True,True,-0.004500513840008211,8.700000000000045,0.007324052271845287,1187.867,1182.533,1190.181,1181.481,0.0036612971756731813,240.0,0.25499999999999545,0.007933896286327112,13.176999999999907,0.011133468548183626,1183.5484999999999,1192.976,1194.464,1181.287,0.007508717871434429,240.0,0.28899999999998727,0.001764247487480844,5.390999999999849,0.0045330728911560925,1189.2595000000001,1191.3595,1194.264,1188.873,0.003688055361238697,355.0,0.32999999999992724,,,,0.0002186626708937009,0.005320464324475249,0.003492871779358814,0.003280632185344341,,,,0.31960318526757187,0.10978136094588277,-1.2884852706601126,1.0,,,,,,,,
2016-02-11,False,True,True,0.024438295805089626,35.006000000000085,0.028998509317902214,1207.1655,1237.03,1242.0,1206.994,0.00991237311519115,240.0,0.2999999999999545,0.015067757678058914,33.69699999999989,0.027279321404920988,1235.258,1254.0115,1263.186,1229.489,0.013548942077331044,240.0,0.3524999999999636,,,,,,,,,,,,,,,0.005320464324475249,0.003609882086128773,0.0033475799217114574,,,,1.6956838472526845,1.0855461130512254,6.769832150195572,,,,,,,,,
2016-02-12,True,True,True,-0.0036553763463025896,7.733000000000175,0.006225821904298156,1242.085,1237.5529999999999,1243.151,1235.418,0.005512621385315788,240.0,0.31749999999999545,-0.0006838617977081187,10.052999999999884,0.008118738877921224,1238.2465,1237.4,1242.348,1232.295,0.007282304540678292,240.0,0.2980000000000018,-0.0011426643550871602,11.052999999999884,0.008911158498978021,1240.355,1238.9385000000002,1243.463,1232.41,0.0054918356602946545,360.0,0.3530000000000655,,,,0.001764247487480844,0.005320464324475249,0.006551395959029116,0.0033475799217114574,,,,0.1571448878725262,0.4988025871997774,-0.557953811548325,0.0,,,,,,,,
2016-02-15,True,True,True,-0.0020926599810689164,7.516999999999825,0.006201293304178779,1212.1665,1209.6325000000002,1214.484,1206.967,0.004475795041181608,240.0,0.2860000000000582,-0.001879795489518402,12.606999999999971,0.010425504818705186,1209.246,1206.975,1214.107,1201.5,0.005379305349107552,240.0,0.2960000000000491,-0.011381081226515996,20.386999999999944,0.016528925619834663,1233.4135,1219.4555,1234.84,1214.453,0.0075045883027949544,358.0,0.31749999999999545,,,,0.0011426643550871602,0.005844625587813555,0.006616676993178003,0.0033475799217114574,,,,0.059235331706090744,0.29044632543784094,-0.3162705362867967,1.0,,,,,,,,
2016-02-16,True,True,True,0.016089723489351795,22.292999999999893,0.018645353549124097,1195.633,1215.026,1216.945,1194.652,0.007655756806366214,240.0,0.28700000000003456,-0.0006343962947034667,11.376999999999953,0.009376527281103747,1213.3490000000002,1212.5795,1216.167,1204.79,0.006920120364378758,240.0,0.27949999999998454,-0.008797048103346692,17.99700000000007,0.01489779649694426,1208.031,1197.4505,1208.804,1190.807,0.005709120735492061,358.0,0.32350000000008095,,,,0.011381081226515996,0.005844625587813555,0.006592110582686757,0.0033475799217114574,,,,1.1600744395525586,0.8272202151997657,2.4407544878887757,1.0,,,,,,,,
2016-02-17,True,True,True,-0.007393342977050742,10.757000000000062,0.008884058371988303,1210.8204999999998,1201.9015,1211.078,1200.321,0.004375995650946705,240.0,0.2980000000000018,0.004764988771026074,10.799999999999955,0.00895101185801868,1206.5675,1212.3305,1212.905,1202.105,0.006245057450535487,240.0,0.30199999999990723,0.0029002245410127436,14.07899999999995,0.011705032191124787,1202.816,1206.3094999999998,1209.681,1195.602,0.0059256303832245965,359.0,0.31799999999998363,,,,0.008797048103346692,0.005844625587813555,0.007289290719250649,0.0033475799217114574,,,,0.4187359404333114,0.26789639793434133,-1.0142746752472496,1.0,,,,,,,,
2016-02-18,False,True,True,-0.002441776770195808,6.781999999999925,0.005619136548663633,1206.947,1204.0034999999998,1207.404,1200.622,0.0028588415036072496,238.0,0.2925000000000182,0.010775981461166019,15.103000000000065,0.012530032920062708,1205.344,1218.4029999999998,1219.751,1204.648,0.005297851475851089,240.0,0.2860000000000582,,,,,,,,,,,,,,,0.006192831009925029,0.00758798674068741,0.0033838145332493325,,,,-0.09721432123761235,-0.1685871591821106,-0.3217950760381274,,,,,,,,,
2016-02-19,True,True,True,0.0053658104784314025,11.432000000000016,0.009341861295586736,1223.739,1230.3229999999999,1231.211,1219.779,0.0050532271088569395,238.0,0.2839999999999918,0.0010894339390550977,11.083999999999833,0.009002880613144443,1231.1615000000002,1232.5035,1233.349,1222.265,0.007555334918522242,240.0,0.3029999999998836,-0.004193804818733483,7.3940000000000055,0.006005640135935078,1231.176,1226.0235,1232.246,1224.852,0.004074314764647108,355.0,0.2960000000000491,,,,0.0029002245410127436,0.006192831009925029,0.0076362281874240686,0.0033838145332493325,,,,0.41111318025772453,0.4010234373678269,0.7026781215454292,1.0,,,,,,,,
2016-02-22,True,True,True,-0.005596499704674405,9.738000000000056,0.008045968938990565,1210.2955000000002,1203.5410000000002,1211.611,1201.873,0.0047537793939785725,240.0,0.2865000000000464,0.0023762344821023603,8.685999999999922,0.007195165339283127,1207.1995000000002,1210.0715,1215.07,1206.384,0.007295545394488181,240.0,0.28449999999998,-0.007640353090026459,11.58400000000006,0.009450517355454206,1225.753,1216.4234999999999,1226.14,1214.556,0.004378913258418358,359.0,0.3170000000000073,,,,0.004193804818733483,0.006213557604238467,0.00763308868885187,0.003538301192996452,,,,0.25843759805075023,0.2952932405875993,-0.733189398525933,1.0,,,,,,,,
2016-02-23,True,True,True,-0.0003376536880078676,6.402000000000044,0.0052586228847842816,1217.429,1217.018,1221.96,1215.558,0.004113422504561144,240.0,0.2740000000001146,0.004390722610306462,10.747000000000071,0.008817982547007896,1218.7595000000001,1224.1225,1226.814,1216.067,0.006285651383275311,240.0,0.3020000000000209,0.005819254708897096,15.851000000000113,0.013109886588026186,1209.0875,1216.144,1222.871,1207.02,0.005521508531737823,360.0,0.32799999999997453,,,,0.007640353090026459,0.006383896891067533,0.007797419173903226,0.004018646413309943,,,,-0.193909525373214,0.023310275331296138,-0.04330326233299642,0.0,,,,,,,,
2016-02-24,True,True,True,0.011059180834042729,15.138999999999896,0.012372613527657679,1223.5895,1237.1965,1238.147,1223.008,0.00541723005003924,240.0,0.27300000000013824,0.007722295210217033,20.785000000000082,0.016828120003076652,1235.135,1244.71,1253.295,1232.51,0.008431186946286216,240.0,0.29150000000004184,-0.002414279836751557,7.865000000000009,0.006392115875691436,1230.422,1227.455,1231.763,1223.898,0.004291930295969934,357.0,0.30999999999994543,,,,0.005819254708897096,0.006213557604238467,0.007621999387339186,0.0038873598401171624,,,,0.6887518285669599,0.33185440107082725,1.4509553559415138,1.0,,,,,,,,
2016-02-25,True,True,True,-0.00635982010138635,9.397000000000162,0.0075750003224434774,1240.528,1232.6635,1240.766,1231.369,0.005005746041202738,240.0,0.27100000000007185,0.002690723722713565,16.333000000000084,0.013215245958277336,1235.921,1239.251,1241.729,1225.396,0.00886727814300508,240.0,0.29099999999994,0.0076436798811900025,12.855000000000018,0.010497099517892853,1224.624,1234.0205,1236.797,1223.942,0.006794207028489874,358.0,0.32949999999993906,,,,0.002414279836751557,0.006383896891067533,0.007892458402838724,0.004244709077753924,,,,0.1710746850937206,0.1649131763456707,-0.8058097714013771,1.0,,,,,,,,
2016-02-26,True,True,True,-0.0002596945569753946,9.0,0.0072802104466166435,1236.228,1235.907,1237.451,1228.451,0.004377585137682973,240.0,0.2705000000000837,-0.014220415926174887,25.75,0.02082802522010976,1236.315,1218.8584999999998,1237.056,1211.306,0.007916703947676126,240.0,0.2949999999998454,0.00447504019791854,7.370999999999867,0.005973877355187465,1233.8719999999998,1239.406,1240.206,1232.835,0.003906275655698577,358.0,0.30299999999999727,,,,0.0076436798811900025,0.006933012074841099,0.008039102436063228,0.0044258953460641565,,,,0.04886540768687729,-0.01097536216900518,-0.032303924354839766,1.0,,,,,,,,
2016-02-29,True,True,True,-0.0005997701535333981,6.403999999999996,0.005206476551140174,1230.0065,1229.269,1235.337,1228.933,0.004913349687289894,240.0,0.29700000000002547,0.0018384976742717675,9.907000000000153,0.008048896211729887,1230.8519999999999,1233.117,1235.91,1226.003,0.005032702189769663,240.0,0.27899999999999636,0.005533742126122958,8.355999999999995,0.006840469942577214,1221.5535,1228.3319999999999,1228.228,1219.872,0.0038866375493482722,358.0,0.3009999999999309,,,,0.00447504019791854,0.007302131359230965,0.008054412310129867,0.00442669008943229,,,,-0.3382629313469513,0.10430377991900035,-0.07446479400850634,1.0,,,,,,,,
2016-03-01,True,True,True,0.005077190637441103,9.544999999999845,0.0077009063188173965,1239.4645,1245.7735,1246.6,1237.055,0.004141663113144065,240.0,0.27300000000002456,-0.013227118795015683,20.799999999999955,0.01669542882369463,1245.85,1229.4795,1247.82,1227.02,0.007765871309726535,240.0,0.28899999999998727,0.00328428798433018,11.969000000000051,0.009649372798830089,1240.3915,1244.4720000000002,1248.479,1236.51,0.005497054021318102,357.0,0.2949999999998454,,,,0.005533742126122958,0.007302131359230965,0.007948365369363164,0.004536668372947587,,,,0.05317175311740477,-0.09109547878331072,0.6387716720989005,0.0,,,,,,,,
2016-03-02,True,True,True,0.002198929487973631,4.961000000000013,0.004040285580838909,1227.8835,1230.5865,1232.173,1227.212,0.003124676931163533,238.0,0.2664999999999509,0.007375421761867332,14.610000000000127,0.01186736814915367,1231.107,1240.2205,1241.72,1227.11,0.007486507422668443,240.0,0.29700000000002547,-0.004260896183173798,8.52800000000002,0.006920434880517426,1232.2925,1227.0529999999999,1232.872,1224.344,0.004210245701053894,359.0,0.2940000000000964,,,,0.00328428798433018,0.007449526297144382,0.007931686839791853,0.004536668372947587,,,,-0.611835068292761,-0.37286200828773547,0.277233523257877,0.0,,,,,,,,
2016-03-03,False,True,True,0.002222439011815941,4.917000000000144,0.003960139269327439,1241.623,1244.3855,1244.304,1239.387,0.00316639908557217,237.0,0.28700000000003456,0.008176513247298428,20.27500000000009,0.016287515007207952,1244.8184999999999,1255.0385,1260.173,1239.898,0.007342285512335249,240.0,0.286499999999819,,,,,,,,,,,,,,,0.007449526297144382,0.007929984493110054,0.004536668372947587,,,,-0.6318712524239262,-0.3595978970290205,0.28025767436832966,,,,,,,,,
2016-03-04,True,True,True,0.0063278072307065185,15.05800000000022,0.011936342150832639,1261.5255,1269.5335,1274.755,1259.697,0.005354952732119719,240.0,0.27700000000004366,0.001484561487318693,30.397000000000162,0.024014745244769296,1265.764,1267.6444999999999,1279.796,1249.399,0.01306854749349029,240.0,0.3289999999999509,0.0008372587346755259,7.038000000000011,0.005585120312601684,1260.134,1261.1895,1262.807,1255.769,0.0038102516117008906,358.0,0.3020000000000209,,,,0.004260896183173798,0.007449526297144382,0.00792986001212216,0.004536668372947587,,,,0.4714372624083745,0.16582897288821458,0.7979721232194986,1.0,,,,,,,,
2016-03-07,True,True,True,0.005872666793092705,10.313000000000102,0.008155612212620126,1264.528,1271.976,1273.153,1262.84,0.0036681897472635753,239.0,0.28899999999998727,-0.003928163597277036,8.277000000000044,0.006508802453481206,1271.6625,1266.6770000000001,1272.945,1264.668,0.0060182143683162985,240.0,0.29599999999982174,-0.0025796632940484304,11.94399999999996,0.009449344661365489,1264.003,1260.7465000000002,1268.632,1256.688,0.00524032054870846,356.0,0.30700000000001637,,,,0.0008372587346755259,0.0076379533206304365,0.007969636819921638,0.0046756605493460685,,,,0.06557662799197068,-0.2426721632384875,0.7368801020408917,1.0,,,,,,,,
2016-03-08,True,True,True,0.0020544948157439277,6.0750000000000455,0.004769568972285503,1273.7,1276.3195,1278.022,1271.947,0.0037244376577771324,240.0,0.27499999999997726,-0.006735365333812113,13.370999999999867,0.010489798512081875,1274.667,1266.1105,1275.464,1262.093,0.006062661672447517,240.0,0.2899999999999636,0.001760094546724692,7.724999999999909,0.006092994476079305,1267.8495,1270.083,1272.994,1265.269,0.005144490239218345,359.0,0.30600000000004,,,,0.0025796632940484304,0.0076379533206304365,0.007889186539515777,0.00461478721758009,,,,-0.47087373870662047,-0.21434988411187136,0.26041909459907747,1.0,,,,,,,,
2016-03-09,True,True,True,-0.00547253653474372,11.580000000000155,0.009199255638814149,1258.7975000000001,1251.9275,1260.352,1248.772,0.0030899153364521465,240.0,0.27099999999995816,-0.0020335470438421622,15.02299999999991,0.011958830672653308,1256.2265,1253.6745,1257.884,1242.861,0.00859904997900163,240.0,0.29300000000000637,-0.005994617254255249,13.490000000000009,0.010678872298419469,1263.2420000000002,1255.692,1264.897,1251.407,0.005710955637085415,358.0,0.2939999999999827,,,,0.001760094546724692,0.007449526297144382,0.00787992446459875,0.00442669008943229,,,,0.2109721258631697,-0.35950845532573045,-0.6944909890100557,1.0,,,,,,,,
2016-03-10,True,False,True,,,,,,,,,,,0.024168077208139273,34.43199999999979,0.02777231092857195,1239.796,1270.1245,1269.985,1235.553,0.010826821623419549,240.0,0.3309999999999036,-0.004850693279983702,7.895000000000209,0.006296932887217673,1253.7849999999999,1247.7179999999998,1255.034,1247.139,0.004321515892481968,355.0,0.2960000000000491,9.790499999999952,0.007915796689747723,0.005262447774524158,0.005994617254255249,,,,0.8063939533221233,-0.21518288005360794,-0.9217560891466161,,,,,,,-4.838894935029486,0.19834612996951906,,0.0,,-0.0
2016-03-11,True,True,True,-0.005097162795656752,10.17599999999993,0.008006927377027004,1270.8995,1264.438,1272.213,1262.037,0.004744408385033072,240.0,0.28700000000003456,-0.005050827802455902,15.240999999999985,0.01204102052803994,1265.7565,1259.3795,1269.498,1254.257,0.008423876031249573,240.0,0.29300000000012005,0.003046678320074084,14.35200000000009,0.011291118825415314,1271.0875,1274.966,1283.689,1269.337,0.007405506884464898,360.0,0.31199999999989814,9.790499999999952,0.007915796689747723,0.005258069972139036,0.004850693279983702,0.0076379533206304365,0.007927407182326608,0.00442669008943229,1.465910831928927,0.38247677755520665,0.5794290179129482,0.04717741179427025,0.0693145958715651,-0.6429798140078368,1.0,0.7456207548133384,0.41535161636279305,-4.838894935029486,0.22161814359332255,,0.0,,0.0
2016-03-14,True,True,True,-0.0012514865773830298,8.222999999999956,0.0065485751692491365,1255.693,1254.1225,1261.051,1252.828,0.003614058919968552,239.0,0.27099999999995816,-0.008222855561278445,17.339999999999918,0.013825303654376911,1254.222,1243.951,1259.177,1241.837,0.0066985062348474825,240.0,0.2939999999999827,0.002722120239099865,4.888999999999896,0.0039017935560948834,1253.0135,1256.429,1256.716,1251.827,0.003678773615610229,355.0,0.3009999999999309,11.318499999999972,0.009180251580171755,0.005328729190199247,0.003046678320074084,0.0076379533206304365,0.006140879995428223,0.00442669008943229,0.4319476962494949,-0.8394507715645537,0.5108385399105039,-0.15388218274823776,-0.20282065136007563,-0.20379596707878017,1.0,0.38300128108848763,0.06502628440165265,-4.690700669477787,-0.42882380647278256,,0.0,,-0.0
2016-03-15,True,True,True,0.0033235944122638568,5.801999999999907,0.004715141112909757,1230.504,1234.6005,1236.105,1230.303,0.0029724509875024407,237.0,0.2720000000001619,-0.00053225899828433,10.779999999999973,0.008730936510379102,1234.69,1234.033,1238.032,1227.252,0.006708990270542038,240.0,0.2980000000000018,-0.006480716840025226,11.280999999999949,0.009125612466034739,1236.191,1228.2055,1236.566,1225.285,0.0054261427508807344,357.0,0.3009999999999309,11.318499999999972,0.009180251580171755,0.005357307292180752,0.002722120239099865,0.0076379533206304365,0.006071225393344955,0.00437679039431484,0.9966868401289903,-0.0033186605382622067,-1.2096966790544466,-0.48235083317524996,-0.3869288082810855,0.5474338699246867,0.0,0.0,0.20307461236028468,-4.690700669477787,0.004014572632044833,,0.0,,-0.0
2016-03-16,False,True,True,0.0010272156199071648,4.314000000000078,0.003503504519675198,1231.3384999999998,1232.6039999999998,1233.442,1229.128,0.0015481044670620306,239.0,0.2639999999998963,-0.002545572292381454,7.872000000000071,0.006385852481291506,1232.725,1229.591,1234.155,1226.283,0.004983187512452203,240.0,0.2925000000000182,,,,,,,,,,,,,,,0.0076379533206304365,0.006048257731622626,0.004258829382045385,,,,-0.7793659184463188,-1.0119630714989833,0.16983661501997263,,,,,,,,,
2016-03-17,True,True,True,0.005179824290029104,8.301000000000158,0.006572537624234823,1262.9825,1269.5414999999998,1270.911,1262.61,0.005486066722961529,240.0,0.2924999999999045,-0.004002060429610525,9.384000000000015,0.007391103502622222,1269.6345000000001,1264.5635,1270.596,1261.212,0.006856066058164643,240.0,0.31500000000005457,-0.0005804078550966728,7.968000000000075,0.006329018406418675,1258.963,1258.2325,1262.344,1254.376,0.0034888267304324107,356.0,0.29500000000007276,11.432500000000005,0.009287478563700113,0.0055081377585616716,0.006480716840025226,0.007427605384530061,0.004937541848227658,0.004127542808852604,0.6969604198556809,-0.36102665626776703,-0.10537279213732548,-0.12230351458021371,0.28452928647165954,1.0490694457381486,1.0,0.7493549092499456,0.4154821780013119,-4.679088177021665,0.03804238680693707,,0.0,,-0.0
2016-03-18,True,True,True,-0.0064886696258183805,11.172000000000025,0.008872934056595552,1259.11,1250.9665,1261.359,1250.187,0.003340824375859346,238.0,0.27599999999983993,0.002416989562797227,6.7970000000000255,0.005433811546589738,1250.8715,1253.8985,1254.44,1247.643,0.0047222768407405875,240.0,0.30199999999990723,0.0028037918503091767,9.17100000000005,0.007283172543924614,1259.204,1262.7395,1266.89,1257.719,0.004229564194708274,354.0,0.2919999999999163,9.904499999999985,0.008023023673276081,0.004939875374222028,0.0005804078550966728,0.006926374035425733,0.004674968650174407,0.004127542808852604,0.9259427532939637,-0.07694286774378463,0.5675835194021955,0.24766907684863626,-0.21146467272284794,-1.3879600295450774,1.0,0.7604624160735186,0.3664495936190634,-4.8254399115386555,-0.04367150366691495,,0.0,,-0.0
2016-03-21,False,True,True,0.003449696072933819,8.673000000000002,0.006982150152857808,1242.1675,1246.46,1249.228,1240.555,0.003137659887555891,239.0,0.2699999999999818,-0.00017049740955453441,6.750999999999976,0.0054161406768531,1246.4595,1246.2469999999998,1248.237,1241.486,0.004342997561085753,240.0,0.28599999999983083,,,,,,,,,,,,,,,0.007427605384530061,0.004918250847209881,0.004127542808852604,,,,-0.06184660251917318,-0.274205005039541,0.7014071018542758,,,,,,,,,
2016-03-22,False,True,True,-0.006506845513835796,11.192000000000007,0.008894522581016891,1258.3025,1250.1415,1259.689,1248.497,0.005084098721819564,239.0,0.2929999999998927,0.0016786951760565164,7.2719999999999345,0.005816578608796242,1250.2195000000002,1252.3200000000002,1256.935,1249.663,0.00458900316311036,240.0,0.28099999999994907,,,,,,,,,,,,,,,0.0071311802997372255,0.0048450498786435986,0.003918930081169138,,,,0.22095888628069535,0.26029909320722716,-1.3429883441483634,,,,,,,,,
2016-03-23,False,True,True,-0.002258981686306844,8.163000000000011,0.006612549018972508,1234.471,1231.6855,1235.97,1227.807,0.0033026995198483576,239.0,0.26099999999996726,-0.006801602909487839,16.833000000000084,0.013666654758850552,1231.684,1223.335,1232.103,1215.27,0.00587591966991722,240.0,0.29349999999999454,,,,,,,,,,,,,,,0.0071311802997372255,0.004912277973348006,0.003918930081169138,,,,-0.07550755042700724,-0.17107850768985505,-0.4598643844186235,,,,,,,,,
2016-03-24,True,True,True,0.003940497500139144,5.74799999999982,0.00473298527611742,1214.4555,1219.2505,1219.619,1213.871,0.002936324434437603,239.0,0.28700000000003456,0.001005370187320478,5.670000000000073,0.004650073749185578,1219.3355000000001,1220.562,1223.749,1218.079,0.004858369995843272,240.0,0.28099999999994907,-0.002192394586692614,8.700000000000045,0.007118602462872842,1222.15,1219.4735,1223.279,1214.579,0.0038759683717922372,356.0,0.30399999999985994,8.849500000000035,0.00710180371222102,0.004580986795396393,0.0028037918503091767,0.0071311802997372255,0.004953712103440349,0.003696313702520354,0.9831063901915376,-0.01703793458813202,-0.47858565951245136,-0.4099206206402997,-0.23017741956069887,0.7954635670899146,1.0,0.08000452002936365,0.5670376857449584,-4.947406483223782,0.00815411116159117,,0.0,,-0.0
2016-03-25,False,False,False,,,,,,,,,,,,,,,,,,,,,,,,,,,,,,,,,,,,,,,,,,,,,,,,,,,,
2016-03-28,False,False,True,,,,,,,,,,,0.0016057373471229017,5.705999999999904,0.004685588858053924,1217.7765,1219.7334999999998,1223.118,1217.412,0.0032232862758549323,240.0,0.29750000000001364,,,,,,,,,,,,,,,,,,,,,,,,,,,,,,,,
2016-03-29,True,False,True,,,,,,,,,,,0.0060390941498740126,11.268000000000029,0.009238549380489205,1219.672,1227.06,1228.942,1217.674,0.0070621723761542,240.0,0.30900000000008276,-0.003400975809655035,6.182999999999993,0.005056609822401192,1222.756,1218.6045,1222.742,1216.559,0.002962765580858163,354.0,0.3029999999998836,8.614000000000033,0.007019518671695134,0.004558128886820007,0.002192394586692614,,,,0.7177850011608973,-0.33158519605549214,-0.746134191046918,,,,,,,-4.959060628580717,0.24740705202199834,,0.0,,-0.0
2016-03-30,False,True,True,-0.003850681984500858,11.375,0.009186233006478414,1238.266,1233.507,1243.654,1232.279,0.004066143404569571,238.0,0.2884999999999991,-0.007972752717899507,13.364000000000033,0.010813557566577363,1235.856,1226.042,1236.479,1223.115,0.005604323865055924,240.0,0.29750000000001364,,,,,,,,,,,,,,,0.006797349585915158,0.004392236664703752,0.0036411243336160635,,,,0.30117318154648026,0.11040246696907915,-0.8767018442892988,,,,,,,,,
2016-03-31,False,True,True,0.005265899671200844,8.711000000000013,0.0070970204490488865,1227.4165,1233.897,1235.932,1227.221,0.003315332788325303,240.0,0.3104999999999336,-0.0001432805086722993,8.155999999999949,0.006601763357218411,1235.4275,1235.2505,1240.355,1232.199,0.0053980366592523005,240.0,0.30700000000001637,,,,,,,,,,,,,,,0.006797349585915158,0.004224042028640165,0.0036411243336160635,,,,0.043142271477838716,-0.09373450958140736,1.2466494498626193,,,,,,,,,
2016-04-01,True,True,True,-0.001344758847674461,4.0060000000000855,0.003246974299785117,1233.7640000000001,1232.106,1234.574,1230.568,0.0026518807429759647,238.0,0.28750000000002274,-0.01224870944715626,24.042999999999893,0.019560242341013452,1229.1770000000001,1214.213,1232.917,1208.874,0.009529836573199545,240.0,0.3129999999998745,0.0007166239609574538,5.282999999999902,0.004289106740546715,1231.725,1232.6080000000002,1234.521,1229.238,0.0034721609151907033,358.0,0.30550000000005184,8.614000000000033,0.007019518671695134,0.0045245532487960234,0.003400975809655035,0.006797349585915158,0.004354261672859643,0.003477441647913949,0.61330392384489,-0.48889466844976237,0.15838557345924625,-0.7388091914013191,-0.2710277621787707,-0.3088373985551714,1.0,0.006152774553066027,0.13420013930809666,-4.959060628580717,-0.07743386242358367,,0.0,,-0.0
2016-04-04,False,True,True,0.0003998486956789267,4.44600000000014,0.0036548463706784808,1216.467,1216.9535,1219.103,1214.657,0.002414616440131492,239.0,0.27099999999995816,-0.00010742574308341884,5.951999999999998,0.004880638779840304,1219.5124999999998,1219.3815,1222.578,1216.626,0.003616748558674759,240.0,0.2799999999999727,,,,,,,,,,,,,,,0.006797349585915158,0.004369313067810105,0.0033280785820923244,,,,-0.6204787097538258,-0.3208546845591832,0.09151294253202379,,,,,,,,,
2016-04-05,True,True,True,0.005781709984450649,10.700000000000045,0.008728683555445737,1225.8435,1232.9515000000001,1234.818,1224.118,0.0038710041291672055,240.0,0.27299999999991087,-0.001512363952618173,10.52599999999984,0.008545318969901692,1231.7855,1229.924,1236.715,1226.189,0.004648115427699697,240.0,0.2839999999999918,0.00922149388523741,12.206000000000131,0.010043354444180334,1215.3310000000001,1226.5900000000001,1227.082,1214.876,0.004227171470687428,359.0,0.28899999999998727,8.442000000000007,0.00688045241154732,0.004165459727981757,0.0007166239609574538,0.006592543321603666,0.004245174940696288,0.0033090161540868302,1.44586590855249,0.3687083867620061,2.2137997934036915,0.2806753524286447,0.1568630274963686,1.3619485804988616,1.0,0.9163705283108113,0.08842691305380192,-4.979070871706471,0.8162465504399375,,0.0,,0.0
2016-04-06,False,False,True,,,,,,,,,,,0.005678988960632529,11.661999999999807,0.009559122170614024,1219.9865,1226.9344999999998,1228.024,1216.362,0.004748273741940284,240.0,0.2839999999998781,,,,,,,,,,,,,,,,,,,,,,,,,,,,,,,,
2016-04-07,True,True,True,0.00685238721558686,14.009000000000015,0.011400052406551158,1228.8539999999998,1237.3035,1239.621,1225.612,0.006316512261997092,240.0,0.29700000000002547,0.0013532315920981033,8.902000000000044,0.0072010884952459575,1236.202,1237.876,1243.213,1234.311,0.004639931641247636,240.0,0.28449999999998,0.002630050168272106,8.079999999999927,0.006593980544492988,1225.36,1228.587,1231.653,1223.573,0.004243999514136255,357.0,0.2980000000000018,8.442000000000007,0.00688045241154732,0.004461887073653502,0.00922149388523741,0.006797349585915158,0.004395800615152544,0.0033280785820923244,0.9571191660743805,-0.043827374827312846,0.5894479454224637,0.5170851830297096,0.6407720634628086,1.558848504631065,1.0,0.9438521677327728,0.0316275764036751,-4.979070871706471,-0.02583395604521976,,0.0,,-0.0
2016-04-08,True,True,True,-0.000488160498728932,8.892000000000053,0.007196789124852032,1235.551,1234.9479999999999,1238.289,1229.397,0.006978897193313516,239.0,0.3029999999998836,0.004240948787990617,9.633000000000038,0.007802517654482064,1234.6015,1239.8485,1241.689,1232.056,0.005186969845543081,240.0,0.29549999999994725,-0.001987791096168693,4.283999999999878,0.003458227214569016,1238.7849999999999,1236.325,1239.184,1234.9,0.002966299629631207,354.0,0.2999999999999545,8.442000000000007,0.00688045241154732,0.0044330705509997275,0.002630050168272106,0.007039585300953347,0.00460126064684079,0.003477441647913949,0.5074626865671493,-0.6783320947748339,-0.448400510052883,0.02208570935255969,0.6965940442850952,-0.10609277243707141,1.0,0.6518597488746922,0.09168443496803055,-4.979070871706471,0.3041644572822761,,0.0,,-0.0
2016-04-11,True,True,True,-5.2005959884125975e-06,8.119000000000142,0.006495927543885028,1249.8600000000001,1249.8535,1254.294,1246.175,0.004094274299056482,240.0,0.2760000000000673,0.00795621890791784,11.672000000000025,0.009358634466827663,1247.1905,1257.153,1258.676,1247.004,0.005228400192291927,240.0,0.2799999999999727,0.003604094417714679,8.610999999999876,0.006917532663671728,1244.808,1249.3025,1252.523,1243.912,0.004367043184851014,358.0,0.2920000000001437,8.217999999999961,0.006717225243535101,0.004155425206768502,0.001987791096168693,0.007039585300953347,0.004423984993506411,0.003477441647913949,1.0478218544657967,0.046713585252800505,0.8673226537308875,-0.08037381348175107,0.16329262047340184,-0.0011755455762273396,1.0,0.21550255536629276,0.06783889024094925,-5.003080119906193,0.04051575072674298,,0.0,,0.0
2016-04-12,False,True,True,-0.0005529686400824197,7.136999999999944,0.0056769010499522305,1257.1999999999998,1256.505,1262.642,1255.505,0.0034623741069018557,239.0,0.2799999999999727,-0.0032603717347490704,11.366999999999962,0.009013470249482075,1261.1125,1257.0075000000002,1262.347,1250.98,0.006054792391137646,240.0,0.2819999999999254,,,,,,,,,,,,,,,0.006797349585915158,0.00424110101942242,0.003477441647913949,,,,-0.18012727537841777,-0.004342352944397971,-0.13038327489726395,,,,,,,,,
2016-04-13,False,True,True,-0.00570954299813808,11.294000000000096,0.009047395889659337,1248.315,1241.208,1250.719,1239.425,0.003958234953470528,240.0,0.27699999999992997,0.0025988911450717726,9.163999999999987,0.007378469426534138,1241.992,1245.224,1250.477,1241.313,0.005810845210038754,240.0,0.2965000000000373,,,,,,,,,,,,,,,0.006797349585915158,0.004221952938209022,0.0034015992413806008,,,,0.2859441998796906,0.1515525209365917,-1.3523464334399007,,,,,,,,,
2016-04-14,True,True,True,0.003251592545539028,11.330999999999904,0.009172054334566611,1235.383,1239.4065,1244.058,1232.727,0.006755523724592445,240.0,0.2819999999999254,-0.011519530490836228,15.903999999999996,0.01282423444868048,1240.152,1225.9479999999999,1240.279,1224.375,0.005703783485171406,240.0,0.30100000000015825,-0.005156904455875104,15.064999999999827,0.012138919519326044,1241.0495,1234.6660000000002,1241.572,1226.507,0.005826433475156067,355.0,0.29300000000012005,8.442000000000007,0.006879001303124471,0.004113001253098777,0.003604094417714679,0.006797349585915158,0.004238702443616165,0.003538216513435204,1.7845297322909044,0.5791549252219452,-1.2538057098790911,0.29962851951264535,0.6467377093777693,0.7671197940389032,1.0,0.2944799810471573,0.08493248045485315,-4.979281797003117,-0.726147752147873,,0.0,,0.0
2016-04-15,True,True,True,0.0004283161754021666,3.7660000000000764,0.003061450116084788,1230.136,1230.663,1231.298,1227.532,0.0029002678819635376,239.0,0.29399999999986903,0.002509177305272093,8.36200000000008,0.006797633428553377,1230.134,1233.2245,1234.559,1226.197,0.0050009509624799,240.0,0.2919999999999163,0.0016267695922118808,6.446999999999889,0.005244226226499725,1229.3519999999999,1231.3535000000002,1231.649,1225.202,0.0032265097641415532,358.0,0.28899999999998727,8.569499999999948,0.006918983772094578,0.004076714451198335,0.005156904455875104,0.006797349585915158,0.0041108392559895965,0.003538216513435204,0.7523192718361548,-0.2845944815220179,0.3990393763619372,-0.7976440715687879,-0.19881968460966265,0.1041919055283174,0.0,0.0,0.14207363323416855,-4.973486373880184,-0.11356440442259488,,0.0,,-0.0
2016-04-18,True,True,True,0.00517463902293198,9.034000000000106,0.007337014564388194,1231.2910000000002,1237.679,1239.977,1230.943,0.003899755892421415,240.0,0.3280000000002019,-0.0031614087183792915,9.980999999999995,0.00806352581523934,1237.796,1233.8890000000001,1241.633,1231.652,0.004786707916709685,240.0,0.2920000000001437,-0.0009696348980717678,6.196999999999889,0.005009103603248512,1237.1475,1235.9485,1239.452,1233.255,0.0032953837574310452,353.0,0.3160000000000309,8.303999999999974,0.006755756604082359,0.004015483565145237,0.0016267695922118808,0.006797349585915158,0.0040902632803906025,0.0034015992413806008,0.746266859344883,-0.29267202244357715,-0.2414740048965178,0.07639925536422772,0.13666827334277876,1.26511147772322,1.0,0.2784200385356615,0.5608742774566251,-4.9973603073163515,0.07067268538061411,,0.0,,-0.0
2016-04-19,True,True,True,-0.0013531565088938371,5.995000000000118,0.004818239064224931,1244.2305000000001,1242.548,1246.275,1240.28,0.0031564979697148196,240.0,0.2940000000000964,0.009163164661745842,13.470000000000027,0.01083304682457825,1243.4175,1254.8635,1256.596,1243.126,0.00543431170778392,240.0,0.2960000000000491,0.00300059465516794,7.866999999999962,0.0063981404972120156,1229.576,1233.271,1235.343,1227.476,0.0035534126225295606,357.0,0.3089999999999691,8.024000000000001,0.006461499475455832,0.003916256661611942,0.0009696348980717678,0.007039585300953347,0.004175551377510322,0.003666689118034531,0.9804336989032852,-0.01976025531253394,0.7661894800155633,-0.3791407403829356,-0.14982593159422877,-0.3240665451231158,1.0,1.3624127617148574,1.3658399800598406,-5.041893871178969,-0.015140099742885152,,0.0,,-0.0
2016-04-20,True,True,True,-0.0007755220641348185,4.680000000000064,0.0037479713504429807,1248.6754999999998,1247.7075,1250.015,1245.335,0.002623779926938731,238.0,0.29549999999994725,0.0038136162049115566,9.153999999999996,0.007333366979981044,1248.2669999999998,1253.0365,1256.256,1247.102,0.004617581155429842,240.0,0.3020000000001346,-0.002389417536090276,12.180000000000064,0.009744674331463787,1249.9135,1246.9305,1257.978,1245.798,0.004975667526345243,359.0,0.3129999999998745,8.024000000000001,0.0064960605208525014,0.003977589381061878,0.00300059465516794,0.007039585300953347,0.004198911621105433,0.003666689118034531,1.5179461615154615,0.4173582116221217,-0.6007200108354032,-0.6303345419320255,-0.33467310895411173,-0.18469597222211823,1.0,0.05770189431704454,0.21747258225322666,-5.036559359532462,-0.25071542940788544,,0.0,,0.0
2016-04-21,True,True,True,0.0006303636477400668,5.739000000000033,0.004560551271236806,1258.4005000000002,1259.194,1261.045,1255.306,0.0029733974232925148,240.0,0.32999999999992724,-0.0062606063892431145,23.680999999999813,0.01879856222474114,1259.7240000000002,1251.862,1270.234,1246.553,0.009747915818876358,240.0,0.34799999999995634,0.00635389029516501,11.310000000000173,0.009081222745291514,1245.427,1253.3654999999999,1254.66,1243.35,0.004460171919724086,358.0,0.30299999999999727,8.024000000000001,0.0064960605208525014,0.003971703967386552,0.002389417536090276,0.007039585300953347,0.004062882521629235,0.0034015992413806008,1.4095214356929426,0.3432502394684099,1.5997894977419418,-0.43410575328590023,-0.13454047353655235,0.15515182739945135,1.0,0.7957377866400785,0.6274925224327403,-5.036559359532462,0.5491281281989687,,0.0,,0.0
2016-04-22,True,True,True,0.00042694042863464145,6.673999999999978,0.005357159340974666,1245.8094999999998,1246.3415,1250.796,1244.122,0.0039296383166214895,240.0,0.3790000000001328,-0.00619741097163885,12.196999999999889,0.009792862137986372,1245.499,1237.804,1247.936,1235.739,0.005627982600181615,240.0,0.40300000000002,-0.0019659087338601954,8.755999999999858,0.007009002597957621,1249.2505,1246.797,1252.561,1243.805,0.005040504231693522,355.0,0.30500000000006366,8.345499999999902,0.006755756604082359,0.004213087670739871,0.00635389029516501,0.006797349585915158,0.003739439025896739,0.0033888534476135793,1.049188185249531,0.048016708224276984,-0.466619469495862,-0.23809890852780913,0.14805574211077674,0.11417231987951955,0.0,0.0,0.11832724222637273,-4.9973603073163515,-0.022405530918549722,,0.0,,0.0
2016-04-25,True,True,True,-0.0008301039606257792,5.4529999999999745,0.004418631504526585,1234.0925,1233.0685,1236.084,1230.631,0.002780337606946046,240.0,0.3574999999999591,0.005445330866272888,10.552000000000135,0.008554693042015555,1233.475,1240.21,1242.303,1231.751,0.004529182609325873,240.0,0.3165000000000191,0.0017919764633231305,7.596000000000004,0.006161943267290111,1232.728,1234.9389999999999,1237.58,1229.984,0.003323310277470864,356.0,0.3494999999999209,8.345499999999902,0.006755756604082359,0.00399786730320894,0.0019659087338601954,0.006554238281428768,0.003679505816215521,0.003666689118034531,0.9101911209634046,-0.09410067848628342,0.44823310215543605,-0.3942818724686099,-0.27671674553520054,-0.2256020243173757,0.0,0.0,0.1014319094122447,-4.9973603073163515,-0.04217903903283812,,0.0,,-0.0
2016-04-26,True,True,True,-0.00018372619900073762,3.744000000000142,0.0030366786003378486,1232.926,1232.6995,1235.689,1231.945,0.0021604479103055733,238.0,0.3384999999999536,0.008250350047262132,13.527000000000044,0.010978607258119857,1232.1235000000001,1242.3310000000001,1244.855,1231.328,0.0054815056377960835,240.0,0.359000000000151,-0.0005954362453221671,5.780999999999949,0.0046691890464265265,1238.1165,1237.3795,1240.777,1234.996,0.00339856296558853,354.0,0.3910000000000764,8.345499999999902,0.006755756604082359,0.0038205210735008702,0.0017919764633231305,0.006086414296918629,0.003314182231532013,0.0033888534476135793,0.6927086453777506,-0.36714579333599306,-0.1558521033824711,-0.6952947704655528,-0.45017608206027077,-0.055436359911871354,1.0,0.36558624408366114,0.5336408843089244,-4.9973603073163515,0.05722044413944056,,0.0,,-0.0
2016-04-27,True,True,True,-0.002238143921500551,3.586999999999989,0.0028747964821210737,1247.7404999999999,1244.951,1247.777,1244.19,0.002030089880299516,239.0,0.3650000000000091,0.0025043526744801935,7.8279999999999745,0.006280160293309459,1246.465,1249.5905,1250.959,1243.131,0.005082041607787123,240.0,0.3320000000001073,0.0011523253839787304,4.363000000000056,0.0035104629981269403,1242.856,1244.289,1246.737,1242.374,0.0026369585994998708,355.0,0.36400000000003274,8.024000000000001,0.0064960605208525014,0.00378538951509036,0.0005954362453221671,0.005517030195463448,0.0032468471881776277,0.0033888534476135793,0.5437437686939252,-0.6092771565181492,0.30441395248362535,-0.6518578245263033,-0.5124115800580653,-0.6893283828232039,1.0,0.12961116650049395,0.43014705882351645,-5.036559359532462,-0.18547246737367423,,0.0,,-0.0
2016-04-28,True,True,True,0.0012173413489307608,5.1059999999999945,0.004069041416402552,1254.841,1256.3695,1258.645,1253.539,0.0034889100517237334,240.0,0.40399999999999636,0.0076729606959058515,12.231999999999971,0.009746718390994622,1254.9865,1264.653,1265.156,1252.924,0.005898867634493655,240.0,0.34149999999999636,0.006254249393716705,19.39799999999991,0.015572630127154733,1245.647,1253.462,1254.847,1235.449,0.007353817611486191,358.0,0.3730000000000473,8.024000000000001,0.0064960605208525014,0.0037516512858521227,0.0011523253839787304,0.005517030195463448,0.0032315147216192457,0.0033888534476135793,2.417497507477556,0.882732917311712,1.6670657577643602,-0.3044322599536167,0.02909773319905781,0.3767092072292266,1.0,0.4733300099700899,0.1718594217347838,-5.036559359532462,1.4715738197017934,,0.0,,0.0
2016-04-29,True,True,True,0.0032882524655663717,5.954999999999927,0.004673284078776366,1274.2645,1278.4615,1279.378,1273.423,0.0043314269977480615,240.0,0.3389999999999418,0.011136681666681683,23.045000000000073,0.018039929734689014,1277.444,1291.75,1296.717,1273.672,0.006976580931821934,240.0,0.33199999999999363,0.007342548237412069,16.0,0.012641450922529633,1265.6775,1275.005,1280.909,1264.909,0.005801389576060197,359.0,0.359000000000151,8.024000000000001,0.0064960605208525014,0.003607620260692075,0.006254249393716705,0.005087699202599799,0.0030630833499957874,0.0033888534476135793,1.9940179461615153,0.6901516715801468,2.0352885577828244,-0.08496365191304787,0.24540540026082955,1.073510606745616,0.0,0.0,0.09228564307080145,-5.036559359532462,1.4046578003017625,,1.0,,0.6901516715801468
2016-05-02,True,True,True,0.004079438471980245,11.680000000000064,0.009030671810850772,1293.37,1298.657,1302.073,1290.393,0.00330711233042839,240.0,0.3999999999998636,-0.004189003870053493,15.135999999999967,0.011640538390281787,1300.2835,1294.848,1303.671,1288.535,0.007607832796412547,240.0,0.31899999999996,-0.0008428196096395853,4.623000000000047,0.003569856603423948,1295.01,1293.9189999999999,1295.928,1291.305,0.0036328344085649424,355.0,0.3910000000000764,8.345499999999902,0.006755756604082359,0.0038521415221399575,0.007342548237412069,0.004745761571500648,0.002940715687062992,0.0034756420793127943,0.5539512312024566,-0.5906786264302247,-0.21879248329676598,0.6433748433468519,-0.04970383207964016,1.3872264122393076,1.0,0.736324965550303,0.06578395542507755,-4.9973603073163515,0.1292360435069916,,1.0,,-0.5906786264302247
2016-05-03,True,True,True,-0.003251144289504812,8.21400000000017,0.006320895083068651,1299.4995,1295.2815,1301.737,1293.523,0.004361734760786157,240.0,0.34999999999990905,-0.006213585274088915,17.382000000000062,0.013436037366128589,1293.685,1285.6715,1299.241,1281.859,0.006074838474374107,240.0,0.3170000000000073,-5.194676310803845e-05,7.874000000000024,0.006104749090083057,1289.8155000000002,1289.7485000000001,1296.99,1289.116,0.004359422165883762,355.0,0.3389999999999418,7.9734999999999445,0.0064960605208525014,0.0038680693229087497,0.0008428196096395853,0.005087699202599799,0.0029920337256746526,0.0034756420793127943,0.9875211638552804,-0.012557350684334117,-0.013429636020322148,0.21703511989408786,0.22709062616762143,-1.086600148122239,1.0,0.5953470872264506,1.2229259421834597,-5.036559359532462,0.00016864064907015045,,1.0,,-0.012557350684334117
2016-05-04,True,True,True,-0.0028685539073719834,9.475999999999885,0.0073990641854762415,1280.7024999999999,1277.034,1284.809,1275.333,0.005003907275508419,239.0,0.3369999999999891,-0.0005988834052966066,12.944999999999936,0.010117786826946326,1279.4299999999998,1278.664,1289.764,1276.819,0.006706704165457725,240.0,0.3170000000000073,-0.004773250871967342,9.103000000000065,0.007072502277411047,1287.0975,1280.9685,1287.765,1278.662,0.004159738204685054,359.0,0.32199999999988904,7.870499999999993,0.006280041882251063,0.003797962176914973,5.194676310803845e-05,0.005517030195463448,0.0031365206186161638,0.0036799570904454694,1.1565974207483736,0.1454824367104208,-1.2567926297371874,0.29351382334855763,0.3073179704509006,-0.9145656146324306,1.0,0.4229718569341152,0.033797090400873725,-5.07037862937601,-0.18284125421386369,,1.0,,0.1454824367104208
2016-05-05,True,True,True,-0.0005153978140469331,5.930000000000064,0.004636603285420512,1278.9535,1278.2945,1280.257,1274.327,0.0035952921771340426,240.0,0.2919999999999163,-0.0049744441539408425,12.43600000000015,0.009699556320954348,1282.1205,1275.7585,1286.383,1273.947,0.005963698466950697,240.0,0.3300000000000409,-0.0009397261916305107,6.058999999999969,0.004722926577550211,1282.891,1281.686,1283.336,1277.277,0.003287463109195237,355.0,0.3120000000001255,7.976999999999975,0.0064960605208525014,0.003898735738894811,0.004773250871967342,0.005517030195463448,0.0030052141367576156,0.003694332972072574,0.7595587313526373,-0.27501763096614246,-0.24103356948652752,-0.1738576598401255,-0.0271747552726219,-0.17150119445498346,1.0,0.36981321298734543,0.34254732355520295,-5.036559359532462,0.06628848126349787,,1.0,,-0.27501763096614246
2016-05-06,False,True,True,0.001066157719702594,4.785000000000082,0.0037394030709213405,1279.616,1280.981,1281.929,1277.144,0.0031099407664966,240.0,0.34600000000000364,0.009125483606428194,18.998000000000047,0.014843550091512345,1279.8825,1291.6154999999999,1294.079,1275.081,0.009923525284895107,240.0,0.3109999999999218,,,,,,,,,,,,,,,0.005087699202599799,0.0025896265203584575,0.003542101114428888,,,,-0.30789971332192545,-0.13011640635557595,0.411703275094285,,,,,,,,,
2016-05-09,True,True,True,-0.0031949765119581907,7.919000000000096,0.006186027654723024,1280.143,1276.0594999999998,1280.805,1272.886,0.003486362639439095,240.0,0.3409999999998945,-0.006509443675145474,12.187999999999874,0.009574941118982765,1272.906,1264.647,1274.753,1262.565,0.006630679117798827,240.0,0.33199999999987995,-0.003926579122753622,9.140999999999849,0.007109046204911664,1285.8265000000001,1280.7875,1287.541,1278.4,0.003566719845920564,356.0,0.3250000000000455,7.976999999999975,0.0064960605208525014,0.0039281006992321075,0.0009397261916305107,0.004745761571500648,0.0025979490296872115,0.0034756420793127943,1.1459195186160056,0.13620738774267574,-0.9996126432097876,0.2650412258142701,0.0030797360912243705,-1.2298072346488107,1.0,0.6912373072583854,0.08079478500688002,-5.036559359532462,-0.1361546268861565,,1.0,,0.13620738774267574
2016-05-10,True,True,True,-0.0017798007638991408,4.929999999999836,0.003892812628189283,1266.4364999999998,1264.1845,1267.82,1262.89,0.0033366320217293344,240.0,0.3500000000001364,-0.004421180736189428,10.101000000000113,0.007986337598880532,1264.7849999999999,1259.2055,1266.766,1256.665,0.005022992108321422,240.0,0.3100000000000591,0.0032298874449849593,7.514000000000124,0.005951428612162429,1262.554,1266.6385,1266.787,1259.273,0.003502321961009327,356.0,0.3170000000000073,7.976999999999975,0.0064960605208525014,0.0035949511326556125,0.003926579122753622,0.004745761571500648,0.002698388564394595,0.0034743683731704752,0.9419581296226835,-0.05979445377719578,0.8984510013628535,-0.19811998194455754,-0.04045077787241507,-0.6595791234011745,1.0,0.12949730475114768,0.025322803058822386,-5.036559359532462,-0.0537223868720664,,0.0,,-0.0
2016-05-11,True,True,True,0.0008543790782234272,5.4909999999999854,0.004313786952660281,1272.8955,1273.9835,1275.875,1270.384,0.0028734984267990917,240.0,0.3330000000000837,-0.002318231661818461,7.386999999999944,0.005780649886844145,1277.884,1274.925,1279.049,1271.662,0.0042439299818519734,240.0,0.36599999999998545,0.006081410405236652,8.269000000000005,0.0065366943014397135,1265.0125,1272.7289999999998,1273.105,1264.836,0.003414222618919684,355.0,0.3220000000001164,7.870499999999993,0.006280041882251063,0.0036160283414237663,0.0032298874449849593,0.004654943682098439,0.0027231659958334665,0.003411497330584215,1.0506321072358824,0.04939198992729207,1.6817927933723473,-0.07611365064492837,-0.17162104331780573,0.3137447660299281,1.0,0.3519471443999726,0.021154945683281794,-5.07037862937601,0.08306709271003937,,0.0,,0.0
2016-05-12,True,True,True,-0.0027431767818187213,6.893000000000029,0.005424534983646935,1270.708,1267.2269999999999,1272.844,1265.951,0.002766280022932349,240.0,0.3594999999999118,0.0017061762737931759,15.855000000000018,0.012511328651021536,1267.2515,1269.4155,1280.851,1264.996,0.006775316638453833,240.0,0.3410000000001219,-0.0037614083837779126,8.039999999999964,0.006293113502250699,1277.587,1272.7905,1278.547,1270.507,0.0033369018827778675,358.0,0.3769999999999527,8.071500000000015,0.0064674173993258645,0.003766432215140615,0.006081410405236652,0.004598577278328659,0.002394434079263008,0.0033218721760788624,0.9960973796692002,-0.0039102554245782645,-0.9986661564377802,0.16518521011647602,-0.18302506682820602,-1.145647234800072,1.0,0.5644551818125543,0.2580065663135697,-5.04097841563994,0.003905039755553556,,1.0,,-0.0039102554245782645
2016-05-13,True,True,True,-0.0009726445966873831,3.4809999999999945,0.002730237835010021,1274.9805000000001,1273.741,1276.232,1272.751,0.002266835307967709,237.0,0.33799999999996544,-0.003937238731792696,12.692000000000007,0.009950755832505548,1275.481,1270.469,1275.421,1262.729,0.006594962522142749,240.0,0.3109999999999218,0.006451863712551923,9.517000000000053,0.007512304091628523,1266.855,1275.055,1274.861,1265.344,0.004010816377875559,357.0,0.3530000000000655,7.956999999999994,0.006345626999731357,0.0038514984862770153,0.0037614083837779126,0.004598577278328659,0.002363568031267155,0.003231805150071605,1.1960537891165088,0.17902762869481495,1.6751567566597971,-0.5213582438824912,-0.354656129795746,-0.41151538006119054,1.0,0.17230111851198546,0.009362825185364292,-5.059989364773392,0.29989934183690065,,0.0,,0.0
2016-05-16,True,True,True,0.0005658655329276117,4.218000000000075,0.003290828745833859,1281.7440000000001,1282.4695,1283.077,1278.859,0.002659668215068079,239.0,0.3969999999999345,-0.005160353730184269,15.59699999999998,0.012166208331009462,1281.9935,1275.395,1288.579,1272.982,0.005714460890505138,240.0,0.36049999999988813,0.0031343608973847174,7.139999999999873,0.005604312023603944,1274.019,1278.0185000000001,1279.455,1272.315,0.0039187718990071,357.0,0.3309999999999036,7.956999999999994,0.006345626999731357,0.003817115962226612,0.006451863712551923,0.004598577278328659,0.002366958096888886,0.003231805150071605,0.8973231117255094,-0.10833926804392183,0.8211332661626481,-0.33460753685006284,-0.19483946727948764,0.2390686737003843,1.0,0.455196682166655,0.46820409702149224,-5.059989364773392,-0.08896097702257615,,1.0,,-0.10833926804392183
2016-05-17,True,True,True,-0.0012318708991645132,7.655999999999949,0.006001526250210143,1275.6755,1274.105,1275.614,1267.958,0.002905381026816724,240.0,0.39000000000010004,0.004982166946012112,13.829999999999927,0.010861749872670861,1273.2755,1279.635,1282.22,1268.39,0.005316667360785884,240.0,0.3530000000000655,0.001536608363468588,6.77599999999984,0.0053136471176835134,1275.2069999999999,1277.1680000000001,1280.956,1274.18,0.0031387838119423693,355.0,0.3509999999998854,7.956999999999994,0.006345626999731357,0.0038417607510945976,0.0031343608973847174,0.004489591387881695,0.002014414515041002,0.0031332193681057096,0.8515772275983217,-0.16066508704566732,0.399975027864704,0.29025211922839755,-0.07549648394698648,-0.6115280097350964,1.0,0.7819529973608125,0.18757069247204536,-5.059989364773392,-0.06426202266797588,,1.0,,-0.16066508704566732
2016-05-18,True,True,True,-0.0003414728199796709,3.5629999999998745,0.002799677679544064,1272.6465,1272.212,1273.629,1270.066,0.0026531257413023638,239.0,0.38599999999996726,-0.0015087004242704742,10.094000000000051,0.007915391413517684,1275.237,1273.3145,1276.117,1266.023,0.0066992755869323415,240.0,0.40399999999999636,-0.004125390121406939,7.669000000000096,0.005993820167419063,1279.4845,1274.217,1280.402,1272.733,0.003430835400608977,359.0,0.36400000000003274,7.956999999999994,0.006345626999731357,0.0038069929401696495,0.001536608363468588,0.004489591387881695,0.0020116662750808956,0.0030416690948945574,0.9638054543169665,-0.03686581561266221,-1.0836348231376285,-0.47225739658040455,-0.13666793919683778,-0.16974625672736854,1.0,0.33517657408570045,0.19737338192786721,-5.059989364773392,0.039949081581251634,,1.0,,-0.03686581561266221
2016-05-19,True,True,True,-0.00016395976839022556,3.7170000000000982,0.0029653941612769927,1253.459,1253.2535,1256.362,1252.645,0.0022899668476191936,240.0,0.37999999999999545,0.00011611933968685474,9.447999999999865,0.007540613201580006,1252.9485,1253.094,1253.147,1243.699,0.006312032193070907,240.0,0.4079999999999018,-0.005902465630120726,8.907999999999902,0.007066221233487052,1260.6455,1253.2265,1261.242,1252.334,0.004928840012344433,358.0,0.4049999999999727,7.956999999999994,0.006227528384770404,0.0039745669391476595,0.004125390121406939,0.004489591387881695,0.0020100015472959407,0.0030416690948945574,1.119517406057548,0.11289770499971316,-1.4850588052711227,-0.4147517310365412,-0.2838690686824562,-0.08157196128072686,0.0,0.0,0.02921955510871848,-5.078775752866362,-0.1676597309047257,,1.0,,0.11289770499971316
2016-05-20,True,True,True,0.0009727884812992305,4.5,0.003585491666520591,1255.058,1256.2795,1257.841,1253.341,0.0026729104592611973,240.0,0.42050000000006094,-0.0058195951273330914,11.467000000000098,0.009119996309690244,1257.347,1250.051,1260.208,1248.741,0.004076524577105513,240.0,0.3040000000000873,-0.0019568437726071347,5.440000000000055,0.004327495986724813,1257.078,1254.6205,1257.905,1252.465,0.0024014235278604595,353.0,0.40300000000002,7.956999999999994,0.006227528384770404,0.004203195820949385,0.005902465630120726,0.0043662092285934335,0.001996348867103698,0.003007660896656662,0.6836747517908833,-0.38027298352753575,-0.46556093410017196,-0.1969995691199829,-0.11799472753148738,0.48728380962319057,0.0,0.0,0.054983033806711115,-5.078775752866362,0.17704024542413885,,0.0,,-0.0
2016-05-23,False,True,True,-0.002015489024221648,5.504999999999882,0.004399322640168878,1251.329,1248.8094999999998,1252.899,1247.394,0.002477617619497582,240.0,0.43600000000014916,-0.0024854218679655864,7.544000000000096,0.006036989363647462,1249.6295,1246.5275,1249.901,1242.357,0.00364940171465777,240.0,0.48099999999999454,,,,,,,,,,,,,,,0.004191414184531417,0.0020125025167695653,0.002889439726807908,,,,0.048412392460325186,-0.15376515600362972,-1.0014839770023627,,,,,,,,,
2016-05-24,True,True,True,-0.0010356240680804406,4.009999999999991,0.003226352785183229,1242.8895,1241.603,1244.3,1240.29,0.00241556537270951,240.0,0.4759999999998854,-0.00831175843912517,11.607999999999947,0.00935296693627884,1241.1035000000002,1230.8305,1241.586,1229.978,0.0054603385861713765,240.0,0.4460000000000264,-0.003953845210741186,8.44900000000007,0.0067613230554394626,1249.6075,1244.6765,1252.055,1243.606,0.0036143267014161606,358.0,0.5,7.77150000000006,0.006133346178686584,0.004034981744015785,0.0019568437726071347,0.004191414184531417,0.0020426456722511263,0.002889439726807908,1.0871775075596737,0.08358489522989261,-0.9798917223368033,-0.2616858606275309,-0.17912924868567812,-0.5070013278118454,1.0,0.4266872547127331,0.2299427394968823,-5.094014808686427,-0.08190414694816073,,0.0,,0.0
2016-05-25,True,True,True,-0.0022373066153540543,5.33400000000006,0.004356890957245912,1224.2675,1221.5315,1225.731,1220.397,0.002512646282169641,240.0,0.34600000000000364,-0.0014343403431566826,8.09199999999987,0.006612521133999873,1223.739,1221.9850000000001,1225.761,1217.669,0.0046250307176502765,240.0,0.2900000000000773,-9.383923014281776e-06,6.611000000000104,0.005394506432445132,1225.5059999999999,1225.4945,1230.046,1223.435,0.0034567816991523696,355.0,0.3170000000000073,7.77150000000006,0.006133346178686584,0.004120091051652313,0.003953845210741186,0.004191414184531417,0.0020451809190696023,0.002889439726807908,0.8506723283793415,-0.16172826758936665,-0.0022776008822713925,0.03872052859879495,-0.13972612372400076,-1.0939406849012918,1.0,0.39091552467348484,0.15788457826675412,-5.094014808686427,0.0003683524449497653,,0.0,,-0.0
2016-05-26,True,True,True,-0.00018149994698422796,4.6879999999998745,0.0038152221504244715,1228.762,1228.539,1230.167,1225.479,0.0021568267091839305,239.0,0.2839999999998781,-0.005024142765000989,11.43100000000004,0.009305115982234758,1228.464,1222.3075,1232.073,1220.642,0.005407966737205035,240.0,0.30700000000001637,0.003914014094655451,9.657999999999902,0.007882543732283987,1225.239,1230.0439999999999,1234.154,1224.496,0.0036735845362491156,359.0,0.3140000000000782,7.77150000000006,0.00604928462875106,0.0041055902068891535,9.383923014281776e-06,0.004335338954953097,0.0020451438063368967,0.002889439726807908,1.2427459306439976,0.2173233915105167,0.9533377413283385,-0.1278009036556497,-0.2924245918050952,-0.0887467895518392,0.0,0.0,0.16496171910183563,-5.107815257112306,0.20718259120045018,,0.0,,0.0
2016-05-27,True,False,True,,,,,,,,,,,-0.0047336997051743105,11.605999999999995,0.009512233702943903,1220.113,1214.351,1221.94,1210.334,0.004558801825800094,240.0,0.30199999999990723,-0.0013161583754245706,11.67100000000005,0.009549474435252664,1222.1615,1220.554,1222.996,1211.325,0.006172327875761515,355.0,0.34799999999995634,7.956999999999994,0.006198931296166878,0.004181732053700484,0.003914014094655451,,,,1.466758828704293,0.3830550880348239,-0.31474000689735254,,,,,,,-5.083378373374768,-0.12056276105014646,,0.0,,0.0
2016-05-30,True,True,True,0.003322118363301905,7.957000000000107,0.006603829175197842,1204.9070000000002,1208.9165,1209.816,1201.859,0.002525717679294268,238.0,0.29700000000002547,-0.0019037491643295978,4.3250000000000455,0.0035749164027497064,1209.8184999999999,1207.5175,1210.18,1205.855,0.00308205965644083,238.0,0.2949999999999591,-0.0035302795563474276,7.802000000000135,0.006460216303807474,1207.6995,1203.4434999999999,1207.621,1199.819,0.0045125090402262915,358.0,0.3109999999999218,8.154499999999985,0.006414903901845206,0.004196088552846201,0.0013161583754245706,0.004335338954953097,0.002006319254098423,0.0028198892248657206,0.9567723342939665,-0.04418981103035148,-0.8413262760989265,0.42084986137803504,-0.11017235045068981,1.655827384657563,1.0,0.26917652829725186,0.1794714574775029,-5.049131261253522,0.037178049155680876,,0.0,,-0.0
2016-05-31,True,True,True,-0.001696808135448839,3.30600000000004,0.002725451562641726,1213.01,1210.9535,1212.885,1209.579,0.002278192445704371,238.0,0.2804999999999609,0.0025153679747227983,7.985999999999876,0.006590109389544185,1211.816,1214.868,1216.212,1208.226,0.004080458106452679,240.0,0.28949999999997544,0.0027386430245691863,4.55600000000004,0.0037650621078232807,1210.0729999999999,1213.3915,1214.374,1209.818,0.003201080094894091,357.0,0.29700000000002547,7.956999999999994,0.006376664903029086,0.004035004436671931,0.0035302795563474276,0.004335338954953097,0.0020097718432631,0.002719595241096773,0.5725776046248641,-0.5576069988104525,0.678721192888704,-0.46416567202857206,-0.1771007192417301,-0.844278986759946,1.0,0.030036445896698873,0.04794520547944706,-5.055110060774848,-0.3784596873957205,,0.0,,-0.0
2016-06-01,True,False,True,,,,,,,,,,,-0.008670332773895804,13.057000000000016,0.010714750240132034,1218.6005,1208.0805,1220.373,1207.316,0.004499022950335499,240.0,0.29750000000001364,-0.0011922113023661023,7.104999999999791,0.005838354413997088,1216.9524999999999,1215.5025,1219.899,1212.794,0.00335385111578071,357.0,0.2929999999998927,7.838000000000079,0.006198931296166878,0.0037013955800412257,0.0027386430245691863,,,,0.9064812452155804,-0.0981849382284153,-0.32209778084644053,,,,,,,-5.083378373374768,0.03162515071591741,,0.0,,-0.0
2016-06-02,True,True,True,7.109664523385978e-05,3.1520000000000437,0.0025908045344011444,1216.6105,1216.697,1217.563,1214.411,0.0022781812641876112,239.0,0.28100000000017644,-0.003809217829105303,7.856999999999971,0.006458132895174294,1216.6055000000001,1211.98,1217.605,1209.748,0.0037138380623659866,240.0,0.2964999999999236,0.001075084075183389,4.836999999999989,0.003985429329694776,1213.671,1214.9765,1215.994,1211.157,0.002711219213478467,357.0,0.29500000000007276,7.838000000000079,0.006198931296166878,0.003704418028998968,0.0011922113023661023,0.004103299790424782,0.0016947508652031859,0.002666289337164638,0.617121714723136,-0.4826890059366059,0.29021672682926264,-0.45982301842508405,-0.15731031094091105,0.04195108950443634,1.0,0.20017861699415304,0.208471548864506,-5.083378373374768,-0.14008442337939228,,0.0,,-0.0
2016-06-03,False,False,True,,,,,,,,,,,0.02258928834253218,31.486999999999853,0.025983864372595634,1211.7905,1239.4755,1243.146,1211.659,0.0153788670509457,240.0,0.3220000000001164,,,,,,,,,,,,,,,,,,,,,,,,,,,,,,,,
2016-06-06,True,True,True,-0.0006287283120143555,2.7480000000000473,0.0022129434644483927,1241.785,1241.0045,1242.261,1239.513,0.001888875037590042,238.0,0.27949999999998454,0.0022807776100228026,5.736999999999853,0.004615840127959305,1242.894,1245.732,1247.454,1241.717,0.00376542629607144,240.0,0.29399999999986903,-0.005296080328548671,8.118000000000166,0.006503364237264778,1248.277,1241.6835,1248.661,1240.543,0.0035348523615863184,357.0,0.31900000000018736,7.7355000000001155,0.006143466834834881,0.003718817853393904,0.001075084075183389,0.003854017389306877,0.0016100255825119412,0.0026563969781852213,1.0494473531122803,0.048263695239725186,-1.4241300696443926,-0.5547925682730399,-0.3409892514710822,-0.3905082744296657,1.0,0.1331523495572306,0.013121323767046184,-5.092366065086638,-0.06873377966304557,,0.0,,0.0
2016-06-07,True,False,True,,,,,,,,,,,0.0028820468955075493,7.9529999999999745,0.006425186926647175,1237.785,1241.3575,1242.536,1234.583,0.003515825334882096,240.0,0.29399999999986903,-0.002477955297329794,4.763999999999896,0.0038261771879845637,1245.107,1242.0255,1246.578,1241.814,0.002212830019678796,353.0,0.30500000000006366,7.7355000000001155,0.006143466834834881,0.003753143345041801,0.005296080328548671,,,,0.6158619352336404,-0.48473247168396927,-0.6602346538677689,,,,,,,-5.092366065086638,0.32003717566073353,,0.0,,-0.0
2016-06-08,True,True,True,0.0021528267050007445,3.6549999999999727,0.002922841385674697,1250.4955,1253.1905000000002,1253.914,1250.259,0.0024169644106838053,237.0,0.27599999999983993,0.004942385114901757,10.009999999999991,0.007975514135821963,1255.0915,1261.31,1264.314,1254.304,0.004183630442366804,240.0,0.28700000000003456,0.004019672985655429,6.884999999999991,0.005534054327775158,1244.115,1249.1260000000002,1249.84,1242.955,0.0025366346877330193,353.0,0.29099999999994,7.7355000000001155,0.006143466834834881,0.00378071691401296,0.002477955297329794,0.003777312610672906,0.0015274908735351106,0.002589421710298316,0.8900523560209279,-0.11647499099638439,1.0632039047294959,-0.2564565867963322,-0.06892219587381476,1.4093876057134165,1.0,0.5266627884428943,0.17704091526078064,-5.092366065086638,-0.12383666523068876,,0.0,,-0.0
2016-06-09,False,True,True,-0.0020945364707140994,5.270999999999958,0.004176764873336066,1261.9814999999999,1259.341,1261.975,1256.704,0.0026511132245317795,240.0,0.28549999999995634,0.00926692087787276,13.439000000000078,0.010680066485182157,1258.3255,1270.0405,1270.74,1257.301,0.0051700070501161976,240.0,0.2880000000000109,,,,,,,,,,,,,,,0.0036624473687209658,0.001646622395139067,0.0025191819807319545,,,,0.13140538920765021,0.051045398511035456,-1.2720199099060616,,,,,,,,,
2016-06-10,False,True,True,0.003048447955251175,5.557000000000016,0.004390237350910097,1265.763,1269.6275,1270.592,1265.035,0.0028657806427267486,239.0,0.2960000000000491,0.002177234276979827,10.542000000000144,0.008313099953553367,1268.1190000000001,1270.883,1278.083,1267.541,0.00469457586715951,240.0,0.2919999999999163,,,,,,,,,,,,,,,0.0037003569084725313,0.0016440204993993463,0.0025191819807319545,,,,0.17095401514471287,0.12890655069310825,1.8542639561763041,,,,,,,,,
2016-06-13,True,True,True,0.0023985146089335985,5.956000000000131,0.004644487342095526,1282.3805,1285.46,1285.564,1279.608,0.002570005167145463,239.0,0.27899999999999636,0.00020555744877481626,9.683999999999969,0.007540995989270955,1284.1805,1284.4445,1287.172,1277.488,0.006221129576332328,240.0,0.29099999999994,0.004030191820368394,11.271999999999935,0.008822557946955023,1277.634,1282.7935,1283.375,1272.103,0.004781712600525301,354.0,0.31550000000004275,7.59150000000011,0.005972624389790746,0.0038150992086483032,0.004019672985655429,0.0037003569084725313,0.0017201289719977837,0.0025191819807319545,1.4848185470591808,0.39529257425625347,1.0563792970920665,0.22725172174081754,0.0199736714623622,1.3943806819019666,1.0,0.28834881117039407,0.05440295066851148,-5.120568851891907,0.4175788917385345,,0.0,,0.0
2016-06-14,True,True,True,0.0011216713882744272,6.421000000000049,0.005016563017594338,1279.96,1281.3964999999998,1281.563,1275.142,0.0026687396618667,237.0,0.2819999999999254,-0.0020281488026487214,9.065000000000055,0.007059979844205407,1283.998,1281.3964999999998,1289.781,1280.716,0.005563127665648302,240.0,0.3170000000000073,-0.0022857554219652032,4.175000000000182,0.003254953278751612,1282.6605,1279.732,1283.525,1279.35,0.0032895590725604278,357.0,0.3079999999999927,7.7355000000001155,0.006143466834834881,0.00385548266665343,0.004030191820368394,0.0037003569084725313,0.0017843450403489073,0.0025191819807319545,0.5397194751470648,-0.6167057648741389,-0.5928584355300047,0.30431576462130844,0.05767208620851053,0.6286179875026289,1.0,0.5439855212978856,0.029474500678697186,-5.092366065086638,0.3656192149456169,,0.0,,-0.0
2016-06-15,True,True,True,-0.0038602175687477668,5.8819999999998345,0.004573568398057388,1286.0855,1281.1305,1286.446,1280.564,0.0030143244980319023,239.0,0.2829999999999018,0.004474406053033492,7.182999999999993,0.005616191959142452,1278.9805000000001,1284.716,1286.017,1278.834,0.003787940038013045,240.0,0.30100000000004457,0.0009138519219487614,3.8229999999998654,0.0029759495326286945,1284.632,1285.8065000000001,1286.011,1282.188,0.002157862807269405,353.0,0.2980000000000018,7.4044999999999845,0.005916087290708076,0.0036034987829108925,0.0022857554219652032,0.0037003569084725313,0.0017928333840688785,0.0025191819807319545,0.5163076507529034,-0.6610524687811784,0.25360128502958873,0.2118644545535107,0.17944151998440563,-2.1531379340934125,1.0,0.21932608548855792,0.037679789317275926,-5.130079979220789,-0.16764375555488892,,0.0,,-0.0
2016-06-16,True,True,True,-0.005662512390196062,9.590000000000146,0.007316583773358438,1310.721,1303.32,1311.152,1301.562,0.003159740384727412,239.0,0.30199999999990723,0.002459643427955523,11.467000000000098,0.008791857545379691,1304.275,1307.487,1315.526,1304.059,0.0056405759787352345,240.0,0.30950000000007094,0.007099556839324119,9.61200000000008,0.007430156758373869,1293.647,1302.864,1303.073,1293.461,0.004182458881939855,358.0,0.3160000000000309,7.122499999999832,0.005721333218800516,0.0035279135625480617,0.0009138519219487614,0.0037003569084725313,0.0018945336177736665,0.0025191819807319545,1.3495261495261925,0.29975353048432807,2.012395347406531,0.6817142446599819,0.2265556294867578,-2.9888687838911405,1.0,1.1342927342927542,1.103123903123925,-5.163553420539522,0.6032226101153435,,0.0,,0.0
2016-06-17,True,True,True,0.005825151070874434,7.9500000000000455,0.006209237236209964,1280.3505,1287.8305,1288.126,1280.176,0.003247466489682516,238.0,0.29300000000012005,0.0003977842885748475,11.385999999999967,0.008839166528546577,1288.1305,1288.643,1296.087,1284.701,0.005249796870251635,240.0,0.29100000000005366,0.0007063234561094384,9.982000000000198,0.0077847806835744,1282.2455,1283.1515,1286.188,1276.206,0.005299725216043628,359.0,0.31300000000010186,7.122499999999832,0.005721333218800516,0.0035946422368475484,0.007099556839324119,0.003995993511880269,0.0022582922696781273,0.0025478614232198656,1.4014742014742625,0.33752468365753474,0.19649339477212463,0.4407458229623962,0.2426208009654187,2.5794495907762585,1.0,0.2720954720954609,0.39326079326079283,-5.163553420539522,0.06632137091125645,,0.0,,0.0
2016-06-20,True,True,True,-0.002972229175162814,9.269000000000005,0.007216340741455854,1284.446,1280.634,1288.749,1279.48,0.004460430985788394,240.0,0.2944999999999709,0.003519038241351066,9.642000000000053,0.00752914792253462,1280.623,1285.1375,1288.323,1278.681,0.005514156592123413,240.0,0.3065000000000282,-0.004510292007629116,10.770999999999958,0.008353462118782616,1289.4054999999998,1283.603,1291.096,1280.325,0.004213484196247324,357.0,0.3250000000000455,7.386999999999944,0.005916087290708076,0.003517005362132488,0.0007063234561094384,0.00426682791529099,0.002646444478451376,0.0025478614232198656,1.4581020712061785,0.3771356388220362,-1.2824239781352968,0.5254773277240897,0.5599910452085908,-1.1231027891815353,1.0,0.11439014484906372,0.11411939894407115,-5.130079979220789,-0.4836477862347522,,0.0,,0.0
2016-06-21,True,True,True,-0.003942332085731988,6.408000000000129,0.004991631927904982,1283.7485000000001,1278.6975,1284.036,1277.628,0.002942078118527442,240.0,0.30199999999990723,-0.0009505573239597276,10.5150000000001,0.008270166642088267,1271.4375,1270.2295,1275.75,1265.235,0.005780227418457017,240.0,0.2960000000000491,-0.0037175587994341167,11.432999999999993,0.008875302121634251,1288.1815000000001,1283.4015,1294.193,1282.76,0.004519209423036394,356.0,0.3160000000000309,7.7355000000001155,0.006227018235613269,0.003609453043967161,0.004510292007629116,0.00426682791529099,0.0027129854166055537,0.0025478614232198656,1.477991080085298,0.39068378738283105,-1.029950730526234,0.1568922217682678,0.14386182495175337,-1.4531342710513255,1.0,0.6634348135220717,0.0448581216469785,-5.078857674621199,-0.4023850522197028,,0.0,,0.0
2016-06-22,False,True,True,0.0005449960781754315,5.796999999999798,0.00458332608582197,1264.802,1265.4915,1268.533,1262.736,0.0033936281739407837,239.0,0.2880000000000109,-0.0005273861237452067,5.6400000000001,0.00444827753466056,1267.9065,1267.238,1269.268,1263.628,0.004518134143101316,240.0,0.2939999999999827,,,,,,,,,,,,,,,0.004373564154078005,0.0028394795491849733,0.0025478614232198656,,,,0.04684668157925987,0.2866452571349368,0.19193520105889256,,,,,,,,,
2016-06-23,True,True,True,-0.004038443307269439,14.067999999999984,0.011118395340832784,1265.2905,1260.191,1270.944,1256.876,0.005043146080968141,240.0,0.33550000000002456,0.0006541953176340692,9.187000000000126,0.007269720313198673,1263.7350000000001,1264.562,1267.276,1258.089,0.0051030325655315525,240.0,0.3160000000000309,0.002058256809447888,5.988000000000056,0.004741558157728911,1262.876,1265.478,1266.904,1260.916,0.0032076358652103672,353.0,0.36399999999980537,7.96000000000015,0.006481790270536126,0.0035896032229251348,0.0037175587994341167,0.004394779995539487,0.0028467205174206897,0.0026105591958386215,0.7522613065326562,-0.28467153329891914,0.5733939607315801,0.9281835025412111,0.6584656600865788,-1.418630063104518,1.0,0.5075376884421969,0.023555276381909105,-5.038758530457924,-0.16322893798579916,,0.0,,-0.0
2016-06-24,True,True,True,-0.001887409626784947,21.204999999999927,0.01603560274355886,1322.37,1319.8764999999999,1327.685,1306.48,0.01203135487132575,240.0,0.6194999999999027,-0.0034751116642286334,22.973000000000184,0.017343892323366753,1324.5585,1319.9634999999998,1331.659,1308.686,0.0098420171630015,240.0,0.5509999999999309,0.04069310407779702,94.23800000000006,0.07435774932053617,1267.3595,1319.996,1358.098,1263.86,0.029269058160719393,360.0,0.7149999999999181,7.453499999999963,0.006149285358902281,0.003405288990471706,0.002058256809447888,0.004486445519113133,0.002943655702277447,0.0026105591958386215,12.643456094452342,2.53713977653887,11.949970822347193,1.2737506772959974,1.5279516983625534,-0.6411787986362318,0.0,0.0,0.3185080834507021,-5.0914194057201705,30.318746301855974,,0.0,,0.0
2016-06-27,True,True,True,0.0021990636603189833,7.550000000000182,0.005687322318258174,1327.5140000000001,1330.4365,1330.545,1322.995,0.003843703111886398,240.0,0.4134999999999991,-0.010027001262868714,15.894999999999982,0.011923967174019764,1333.0295,1319.73,1333.194,1317.299,0.00621120186986258,240.0,0.3769999999999527,-0.0035716733128337602,10.996000000000095,0.00825088203999989,1332.7060000000001,1327.9544999999998,1333.596,1322.6,0.005281788082003091,360.0,0.5235000000001264,7.96000000000015,0.006481790270536126,0.009725748675876016,0.04069310407779702,0.0045784472419396795,0.002940538240737581,0.00265992644319924,1.3814070351758652,0.3231025704466973,-0.36723890693299793,0.21687963254504436,0.3681377844860265,0.7478439252561422,0.0,0.0,0.05533919597986098,-5.038758530457924,-0.11865583479808708,,0.0,,0.0
2016-06-28,True,True,True,-0.007273091901730676,10.180999999999813,0.007731187645894606,1316.874,1307.3310000000001,1316.86,1306.679,0.0038554507162597844,240.0,0.34399999999982356,0.0036265742680519904,10.15300000000002,0.007748651541545128,1310.2925,1315.0529999999999,1319.549,1309.396,0.005118853320803943,240.0,0.32949999999993906,-0.005270614967705206,15.185999999999922,0.011463095941719766,1324.7730000000001,1317.809,1325.922,1310.736,0.0048948658965652795,360.0,0.3934999999999036,7.96000000000015,0.006481790270536126,0.009713911088367501,0.0035716733128337602,0.004613906713958747,0.0030028969621459355,0.0027672601522967244,1.9077889447235723,0.6459449509347264,-0.5425842299521164,0.5161875504163715,0.3316302014905302,-2.422025128871943,1.0,0.5096733668341633,0.11746231155777988,-5.038758530457924,-0.3504795437943761,0.0,0.0,0.0,0.0
2016-06-29,True,True,True,-0.002476553801565735,7.65099999999984,0.005792675078701823,1320.806,1317.539,1323.522,1315.871,0.003298712206435013,239.0,0.34400000000005093,0.005681735692971047,10.698000000000093,0.008115051987763014,1318.2910000000002,1325.8025,1327.785,1317.087,0.0059162769038918605,240.0,0.32150000000001455,0.004966171920747144,8.160000000000082,0.006208887992725925,1314.245,1320.788,1321.414,1313.254,0.0037884935646100696,359.0,0.3830000000000382,8.865000000000123,0.006966760497819324,0.009840664729640038,0.005270614967705206,0.004818059635000253,0.003353436810592854,0.0029039293806270954,0.9204737732656479,-0.08286677055015937,0.5046581767783487,0.18422292027615766,0.12746737313357984,-0.738512141854823,1.0,0.2377890580936174,0.002030456852795133,-4.966604940183676,-0.041819393341353185,1.0,0.0,-0.08286677055015937,-0.0
2016-06-30,True,True,True,0.001545226080219404,7.701999999999998,0.005855718353784375,1315.2955000000002,1317.3294999999998,1320.294,1312.592,0.0030424974029571532,239.0,0.30600000000004,0.0014381064216417983,7.660000000000082,0.005812718166641435,1317.8,1319.6965,1322.978,1315.318,0.004571724715058903,240.0,0.32150000000012824,0.00024880370181129844,6.0190000000000055,0.004573239067420899,1316.135,1316.4625,1317.817,1311.798,0.0024865956239941847,354.0,0.3330000000000837,8.139000000000124,0.006481790270536126,0.009855901793346625,0.004966171920747144,0.00500409747274966,0.0033747635013150886,0.0029782013082796724,0.739525740262921,-0.30174618977928497,0.02524413361943776,0.1571616087969762,0.021359161831499364,0.45787684962731623,1.0,0.30433714215506225,0.14338370807223227,-5.038758530457924,-0.007617321133944494,0.0,0.0,-0.0,-0.0
2016-07-01,True,True,True,0.0020007120731026433,7.183999999999969,0.005393628251079979,1331.942,1334.6095,1338.018,1330.834,0.0038877664240860956,239.0,0.33799999999996544,0.0022595416188382457,8.807999999999993,0.006608472394734675,1332.8345,1335.8495,1341.447,1332.639,0.005084024417342217,240.0,0.35350000000005366,0.008841111405992008,15.68100000000004,0.011861340094672905,1322.0259999999998,1333.766,1336.124,1320.443,0.004587624335370328,360.0,0.3875000000000455,7.96000000000015,0.0063345521482666995,0.00983641545197278,0.00024880370181129844,0.00500409747274966,0.0032828801431225357,0.0030284109504945277,1.9699748743718273,0.6780207885425866,0.8988143545948789,0.07496123199157742,0.24979676550952987,0.6094380500896542,1.0,0.23793969849245852,0.22914572864322044,-5.061736162535704,0.6094148174558158,0.0,0.0,0.0,0.0
2016-07-04,True,True,True,0.0005870052169962926,7.280999999999949,0.005391222769456513,1350.5285,1351.3215,1353.027,1345.746,0.004369824455787926,240.0,0.3829999999999245,-0.00020871318406674312,5.038000000000011,0.0037283237528931033,1351.2775000000001,1350.9955,1353.806,1348.768,0.002993820867321479,239.0,0.4049999999999727,0.004937582881010383,17.261999999999944,0.012853452252462847,1342.9855,1349.6329999999998,1357.435,1340.173,0.007988984185499452,360.0,0.46499999999991815,8.139000000000124,0.006356126114995352,0.009870201116389048,0.008841111405992008,0.005205095634337159,0.00333818456288886,0.0031011188938422827,2.120899373387355,0.7518402314525431,0.5002514966804209,0.03513414263968115,0.3429598581326195,0.17584564482207632,0.0,0.0,0.1100258016955486,-5.05833618862356,0.3761092010486887,0.0,1.0,0.0,0.7518402314525431
2016-07-05,True,True,True,0.0033197370914451094,6.639999999999873,0.00493786948035979,1344.7095,1349.181,1349.338,1342.698,0.0033120063374754015,239.0,0.3510000000001128,0.0013156673334034984,10.831000000000131,0.008028925183330681,1348.9975,1350.7735,1352.882,1342.051,0.005361561516380763,240.0,0.34199999999998454,-0.005152210737891039,14.386999999999944,0.010658722694292721,1349.7865000000002,1342.85,1352.196,1337.809,0.00656551110255471,359.0,0.41399999999998727,8.886000000000081,0.006966760497819324,0.009885780396728832,0.004937582881010383,0.005392425510268245,0.0033464107644418095,0.0032036034372049643,1.6190636957010818,0.48184801654116627,-0.52117390141459,-0.08806132671268858,0.033277899623800865,0.992029169497024,0.0,0.0,0.20926176007202438,-4.966604940183676,-0.2511266106696415,1.0,1.0,0.48184801654116627,0.48184801654116627
2016-07-06,True,True,True,0.004345349617634767,10.976000000000113,0.008023893306197218,1367.9144999999999,1373.8715,1375.056,1364.08,0.003975753335675856,238.0,0.34400000000005093,-0.0034917215809812897,10.338000000000193,0.007537015253014708,1371.6305000000002,1366.8495,1373.275,1362.937,0.006373507369990727,240.0,0.3445000000000391,0.0055341885481517495,10.09199999999987,0.0074052441338460975,1362.818,1370.3809999999999,1371.195,1361.103,0.007198715286093856,359.0,0.41600000000016735,9.79700000000014,0.007607468720974135,0.01000391031421838,0.005152210737891039,0.005392425510268245,0.0034634370413663606,0.0032730893480587644,1.0301112585485075,0.02966681441627913,0.5532025352412552,0.39742846813091903,0.1944799548916683,1.2546350823575194,1.0,0.3941002347657496,0.25176074308461377,-4.8786247878053945,0.016411756947617432,1.0,1.0,0.02966681441627913,0.02966681441627913
2016-07-07,True,True,True,-0.0012830335246226056,6.946999999999889,0.005084199972189412,1366.3899999999999,1364.638,1368.462,1361.515,0.002225881576218591,239.0,0.33199999999987995,-0.005523529419283063,15.26299999999992,0.011190366738737176,1363.9409999999998,1356.4279999999999,1365.868,1350.605,0.0057296222934432005,240.0,0.35599999999999454,0.0012086325987104329,5.611000000000104,0.004106346394578909,1366.4215,1368.074,1370.765,1365.154,0.00329568546453598,356.0,0.36400000000003274,10.037000000000035,0.007607468720974135,0.010023311056708962,0.0055341885481517495,0.005540475284669076,0.0035835484278763266,0.0033053592719552074,0.5590315831423817,-0.5815493080628132,0.12058217009053626,-0.08594260234931686,-0.39539212180267325,-0.35803437582757985,1.0,0.362558533426311,0.16777921689749833,-4.8786247878053945,-0.07012447758086382,1.0,1.0,-0.5815493080628132,-0.5815493080628132
2016-07-08,True,True,True,0.0007688355874125667,3.63799999999992,0.0026827414845264296,1356.0755,1357.1185,1357.591,1353.953,0.001977421889140181,236.0,0.3089999999999691,-0.0016996084432617821,35.55599999999981,0.026235043291584333,1355.2865000000002,1352.9850000000001,1370.369,1334.813,0.014681788769330417,240.0,0.4115000000000464,-0.0024163298199081982,7.555000000000064,0.005550482205029203,1361.143,1357.8580000000002,1362.001,1354.446,0.003189538458287016,355.0,0.3729999999998199,10.037000000000035,0.007607468720974135,0.009858185354849698,0.0012086325987104329,0.005540475284669076,0.003567475983327275,0.0033053592719552074,0.7527149546677332,-0.28406866910695533,-0.2451089863835329,-0.7252410748742115,-0.5137512529028079,0.21551247745065333,1.0,0.04911826242900632,0.1775929062469113,-4.8786247878053945,0.06962778354812503,1.0,1.0,-0.28406866910695533,-0.28406866910695533
2016-07-11,True,True,True,-0.0024864190083386927,6.097999999999956,0.004474323816162344,1362.8875,1359.503,1362.875,1356.777,0.0030273071504069034,240.0,0.34600000000000364,0.001679595849344396,9.231999999999971,0.006800638959514004,1357.5194999999999,1359.8015,1359.757,1350.525,0.005487032368372663,240.0,0.35000000000002274,-0.005139621913730012,8.628000000000156,0.006297109263385029,1370.1525000000001,1363.1285,1371.238,1362.61,0.003949485333560533,360.0,0.39650000000006,10.037000000000035,0.007607468720974135,0.009856420959711528,0.0024163298199081982,0.005540475284669076,0.0034896571742271554,0.0033053592719552074,0.8596194081897107,-0.15126553630473866,-0.5214491076160809,-0.21372505075970147,-0.08787167785099063,-0.7125109671809962,1.0,0.5811497459400056,0.024011158712761244,-4.8786247878053945,0.07887727891917386,1.0,1.0,-0.15126553630473866,-0.15126553630473866
2016-07-12,True,True,True,-0.002205567863338725,8.504999999999882,0.0062772808930049336,1354.886,1351.901,1357.578,1349.073,0.0033415103636479718,240.0,0.3089999999999691,-0.00819539230832741,18.152000000000044,0.01346189073115602,1348.399,1337.3935000000001,1349.588,1331.436,0.005819540728138474,240.0,0.3350000000000364,0.0011290576705131046,6.036000000000058,0.0044567586974539825,1354.3475,1355.8775,1357.732,1351.696,0.0034087438726051102,353.0,0.3500000000001364,10.037000000000035,0.007607468720974135,0.010014000422002085,0.005139621913730012,0.005540475284669076,0.0034514946992829838,0.0033053592719552074,0.6013749128225603,-0.5085367239260545,0.1127479152120281,0.12485661936101361,0.010877736480253048,-0.6390181806731187,1.0,0.2613330676496773,0.09878449735977722,-4.8786247878053945,-0.057336455431417334,1.0,1.0,-0.5085367239260545,-0.5085367239260545
2016-07-13,True,True,True,-0.003319337255093696,7.9220000000000255,0.005903349603189408,1341.95,1337.5030000000002,1344.089,1336.167,0.0033273857988270505,240.0,0.33600000000001273,0.0009109512316884655,8.717000000000098,0.006501129139556949,1340.844,1342.066,1345.248,1336.531,0.00452508715785427,240.0,0.34999999999990905,0.0038270580737523917,13.114000000000033,0.009831693905496859,1333.8495,1338.964,1340.471,1327.357,0.004832056189912571,360.0,0.3754999999999882,9.79700000000014,0.007417700446109983,0.010011050042929221,0.0011290576705131046,0.005739998698479998,0.003440189400172374,0.0033267583505616864,1.3385730325609724,0.2916041454789107,0.3822833825963574,0.028060935582666598,0.00018858872099466068,-0.9648704966439863,1.0,0.3692967234867701,0.30478717974890895,-4.903886182758965,0.11147541911279829,1.0,1.0,0.2916041454789107,0.2916041454789107
2016-07-14,True,True,True,-0.0026636246017540154,9.467999999999847,0.007103551062775305,1332.8545,1329.309,1333.657,1324.189,0.0044348556093891595,240.0,0.32150000000001455,0.003956430246119152,11.398999999999887,0.008604090320681358,1324.835,1330.087,1331.388,1319.989,0.005504618348084444,240.0,0.35350000000005366,-0.00881158644804955,13.881000000000085,0.010314345678819763,1345.7955000000002,1333.989,1347.116,1333.235,0.0038293307096179062,359.0,0.34999999999990905,10.037000000000035,0.007607468720974135,0.009956402698957147,0.0038270580737523917,0.005824196716243099,0.0034173099418883727,0.003334448081237511,1.3829829630367678,0.32424273376131174,-0.8850170804132393,0.19857372154935057,0.285187885370511,-0.7794506928107674,1.0,0.9012653183221869,0.11303178240511233,-4.8786247878053945,-0.2869603575786434,1.0,1.0,0.32424273376131174,0.32424273376131174
2016-07-15,True,True,True,0.000926170143040409,5.1720000000000255,0.0038788918758889787,1333.3705,1334.606,1335.387,1330.215,0.0024274117363151937,239.0,0.3309999999999036,-0.0046664082111034,13.968000000000075,0.010468214265639987,1334.3249999999998,1328.1129999999998,1336.181,1322.213,0.005920962544931879,240.0,0.3550000000000182,-0.0013116677161185365,9.442000000000007,0.007070350057958604,1335.4360000000001,1333.6855,1335.69,1326.248,0.005011043397768684,358.0,0.39400000000000546,10.431499999999915,0.008017831361787145,0.010276431795501664,0.00881158644804955,0.005824196716243099,0.0032556408650074448,0.0033675692687943778,0.9051430762594147,-0.09966225246368775,-0.12763843931632934,-0.4064715733050802,-0.32736563827775805,0.28448166780161455,0.0,0.0,0.03019699947275628,-4.826087297436593,0.012720734363215103,1.0,0.0,-0.09966225246368775,-0.0
2016-07-18,True,True,True,-0.0019488538619138812,5.364000000000033,0.004037685060565301,1328.484,1325.8975,1329.544,1324.18,0.002998871272824453,239.0,0.3489999999999327,0.0013306285592908588,10.29099999999994,0.007761321453405628,1325.9340000000002,1327.6995000000002,1335.502,1325.211,0.004707727693221319,240.0,0.33799999999996544,-0.002716380472913309,11.021999999999935,0.00826861676589202,1332.992,1329.3760000000002,1334.626,1323.604,0.004552869212891538,357.0,0.40599999999994907,10.431499999999915,0.008017831361787145,0.010234507004169646,0.0013116677161185365,0.005739998698479998,0.00290679476599085,0.0033675692687943778,1.0566073910751115,0.05506320087325422,-0.26541390531137715,-0.3517874606533106,-0.1159552234093781,-0.670447698858976,0.0,0.0,0.08551023342762665,-4.826087297436593,-0.014614539182715235,1.0,0.0,0.05506320087325422,0.0
2016-07-19,False,True,True,0.0014317486550882341,7.235999999999876,0.005440857183138212,1329.9375,1331.8429999999998,1334.974,1327.738,0.003495315432725907,240.0,0.31799999999998363,-0.0002412636221995663,6.198999999999842,0.004651361718219953,1332.728,1332.4065,1333.849,1327.65,0.004219432217060311,240.0,0.3509999999998854,,,,,,,,,,,,,,,0.005540475284669076,0.0028775453514706933,0.003334448081237511,,,,-0.01814366965107442,0.04711645139164592,0.49755902347689407,,,,,,,,,
2016-07-20,False,True,True,-0.00405228886262207,9.343999999999824,0.007033591723485771,1328.482,1323.1095,1328.947,1319.603,0.003404833828711788,240.0,0.3125,0.001380422555668867,7.567999999999984,0.005740940078937913,1318.251,1320.0720000000001,1320.984,1313.416,0.004195868033654714,240.0,0.3345000000000482,,,,,,,,,,,,,,,0.005564089750698193,0.0028254430754984443,0.0033675692687943778,,,,0.23436408453720364,0.011004937381456723,-1.434213592113228,,,,,,,,,
2016-07-21,True,True,True,0.0017628533280839155,6.745999999999867,0.0051205406853750855,1317.439,1319.7635,1323.405,1316.659,0.003737567454388711,240.0,0.31999999999993634,0.007852659241481388,16.53800000000001,0.012536998663139618,1319.1354999999999,1329.5349999999999,1331.027,1314.489,0.004586287354389386,240.0,0.35200000000008913,0.002897205307050515,8.536000000000058,0.006501221644742098,1312.984,1316.7935,1318.894,1310.358,0.0032936531978337838,357.0,0.36799999999993815,10.883500000000026,0.008259749402945955,0.010280727886933072,0.002716380472913309,0.005739998698479998,0.0029133968659769763,0.00337317209617988,0.7843065190425909,-0.24295536687329808,0.2818093561967434,-0.11419894749762999,0.10258141007718631,0.6050852009455847,1.0,0.4144806358248685,0.05930996462535785,-4.7963610305358735,-0.06846709552310773,1.0,0.0,-0.24295536687329808,-0.0
2016-07-22,True,True,True,-0.0005279484724259731,4.927999999999884,0.003715776290361288,1326.237,1325.5369999999998,1326.456,1321.528,0.003893961020665491,239.0,0.30599999999981264,-0.001259435308868318,6.691000000000031,0.005050421182935322,1324.84,1323.1725000000001,1326.306,1319.615,0.003882812480252571,240.0,0.30149999999991905,-0.004945202770960195,9.135999999999967,0.006855989328790666,1332.5575,1325.984,1333.423,1324.287,0.003448494968405909,358.0,0.33399999999994634,10.543999999999983,0.007828063086922993,0.010184216609518244,0.002897205307050515,0.005564089750698193,0.0028650710534252966,0.00337317209617988,0.8664643399089512,-0.14333432484649902,-0.4855751758400712,-0.4037457871315562,0.14357332032485967,-0.1842706385221377,1.0,0.2616654021244328,0.02399468892262489,-4.850040170343966,0.06959958999125665,1.0,0.0,-0.14333432484649902,-0.0
2016-07-25,False,True,True,-9.870060651746907e-06,4.916999999999916,0.003733142209409702,1317.121,1317.108,1318.973,1314.056,0.0022700853228512694,239.0,0.3009999999999309,0.0021662423384671654,9.68600000000015,0.007355967781377652,1316.754,1319.6095,1320.218,1310.532,0.0033283283685416843,240.0,0.29550000000006094,,,,,,,,,,,,,,,0.005417242717109095,0.0028473804257476156,0.00337317209617988,,,,-0.37233666781272917,-0.3960361585276536,-0.0034663652817502944,,,,,,,,,
2016-07-26,True,True,True,0.0017141782233594171,6.525000000000091,0.004947891686290845,1318.7435,1321.0059999999999,1324.49,1317.965,0.003329931175890941,236.0,0.30500000000006366,-0.00145932485595992,4.875,0.0036939569894591517,1319.723,1317.7984999999999,1322.424,1317.549,0.0026848970651055263,240.0,0.28300000000001546,0.0022485852423994985,8.942999999999984,0.006794371680165368,1316.2365,1319.1995000000002,1322.541,1313.598,0.004956529904877538,357.0,0.32600000000002183,9.766999999999939,0.007237797095902351,0.010223554430539092,0.004945202770960195,0.005392425510268245,0.002780560532069294,0.003334448081237511,0.915634278693564,-0.08813825310129152,0.21994163161910507,-0.08603372171683736,-0.0013555369116732407,0.616486569376616,1.0,0.1995495034299254,0.04668782635406305,-4.928438387405345,-0.019385271195155703,1.0,0.0,-0.08813825310129152,-0.0
2016-07-27,True,True,True,0.0015539712539879554,3.328999999999951,0.0025242281162160623,1318.819,1320.87,1321.278,1317.949,0.0015750633241598225,238.0,0.30100000000015825,0.005444734642630492,10.031000000000176,0.0076015113602091655,1319.606,1326.8105,1329.342,1319.311,0.003753452417249943,240.0,0.30999999999994543,-0.0007299147233902971,4.908000000000129,0.003720638285049659,1319.1285,1318.166,1320.409,1315.501,0.0030088057244059044,357.0,0.3250000000000455,9.766999999999939,0.007237797095902351,0.01022384677510515,0.0022485852423994985,0.005255881727415799,0.0023315812616203483,0.003328658487358996,0.5025084468107054,-0.6881428296166425,-0.07139335510853155,-0.7334124590903578,-0.7482738888897377,0.6664881381436444,1.0,0.08897307259137094,0.06685778642367401,-4.928438387405345,0.049128825400210685,1.0,0.0,-0.6881428296166425,-0.0
2016-07-28,False,True,True,0.00014849344473504767,4.385999999999967,0.0032730683784729466,1340.027,1340.226,1342.97,1338.584,0.0030935714373430826,236.0,0.3129999999998745,-0.006350842973944313,11.875999999999976,0.00884513162123381,1342.6595,1334.1595,1345.502,1333.626,0.003838833161183779,240.0,0.3304999999999154,,,,,,,,,,,,,,,0.005102370328782248,0.0022918037749664936,0.003328658487358996,,,,-0.443977315125324,-0.07324313772813977,0.06479326299967311,,,,,,,,,
2016-07-29,True,True,True,0.00048460899295113476,5.654999999999973,0.004236673862644091,1334.7735,1335.4205,1335.699,1330.044,0.0024513973106510484,237.0,0.3430000000000746,0.01080147583638256,15.995000000000118,0.011981793965580616,1334.942,1349.4395,1349.909,1333.914,0.006220167236034547,240.0,0.3350000000000364,-0.0013529863531722376,17.964999999999918,0.013445869988578621,1336.098,1334.2915,1343.744,1325.779,0.005440346399893173,359.0,0.40599999999994907,9.288999999999987,0.0069631696933746354,0.0045820157054520146,0.0007299147233902971,0.005016045829240128,0.002265710895135313,0.003328658487358996,1.9340079664118788,0.659594516160095,-0.29528191087655076,-0.16886344486815577,-0.3059111733170907,0.21388827409164793,0.0,0.0,0.051889331467323885,-4.967120492591325,-0.19476632913544678,1.0,0.0,0.659594516160095,0.0
2016-08-01,True,True,True,0.00046581525185558306,3.5579999999999927,0.0026397400323475676,1347.8600000000001,1348.4879999999998,1350.085,1346.527,0.0017183090707471726,239.0,0.3120000000001255,0.0032524290900527116,6.519999999999982,0.004835597114661488,1348.3339999999998,1352.7265,1352.805,1346.285,0.0036222219443191135,240.0,0.29700000000002547,-0.0011557186457381524,5.697000000000116,0.004222217446051383,1349.291,1347.7325,1351.653,1345.956,0.0034021453036458763,354.0,0.3694999999999027,9.288999999999987,0.0069631696933746354,0.004522853545192645,0.0013529863531722376,0.004942880583325317,0.002220264999381952,0.003319696068151226,0.6133060609322989,-0.4888911839071034,-0.2555286467249353,-0.6272678355745076,-0.658532524135877,0.20980164619324743,0.0,0.0,0.013725912369475159,-4.967120492591325,0.1249257026195336,1.0,0.0,-0.4888911839071034,-0.0
2016-08-02,False,True,True,0.0026922801647317578,9.256000000000085,0.006837462884639669,1353.7185,1357.368,1360.813,1351.557,0.0031412217692532067,239.0,0.3369999999999891,0.005670285749443451,8.419000000000096,0.006195242489399944,1358.946,1366.6734999999999,1367.24,1358.821,0.003848771397532459,240.0,0.3180000000000973,,,,,,,,,,,,,,,0.004706096648261067,0.0022185344870263675,0.0032027888874092423,,,,0.3735579121907725,-0.019410134832395214,1.2135399203734623,,,,,,,,,
2016-08-03,True,True,True,0.00021700323024089144,2.8990000000001146,0.0021255426585927682,1363.887,1364.183,1365.622,1362.723,0.0020987655615110766,237.0,0.30700000000001637,-0.006052812106869119,12.514999999999873,0.009165865919823664,1365.392,1357.1525000000001,1366.456,1353.941,0.004270075117096848,239.0,0.30700000000001637,-0.00016580250098977375,4.566000000000031,0.0033495197444505928,1363.1805,1362.9544999999998,1366.269,1361.703,0.002810600413100006,353.0,0.3510000000001128,9.039499999999975,0.006825180504478017,0.004366161052979541,0.0011557186457381524,0.004711107751226594,0.0021718923021545084,0.0031173966032981447,0.5051164334310574,-0.6829663150323189,-0.03797443543147071,-0.7958959331935349,-0.3956488874387513,0.09991436040618824,0.0,0.0,0.10315836052880367,-4.987136490718277,0.025935260232064276,1.0,0.0,-0.6829663150323189,-0.0
2016-08-04,True,True,True,0.002019584993915034,4.613000000000056,0.0034166548778618517,1350.1509999999998,1352.8805,1353.663,1349.05,0.0024028881819367857,236.0,0.33199999999987995,0.0031483095313665083,6.4789999999998145,0.004767804113086378,1358.9065,1363.1915,1364.975,1358.496,0.0033761874118889224,239.0,0.3109999999999218,-0.002532406150587243,9.382000000000062,0.006917060522067807,1356.3564999999999,1352.926,1359.117,1349.735,0.003662401032183887,355.0,0.3650000000000091,9.039499999999975,0.006825180504478017,0.004213592330790545,0.00016580250098977375,0.004355498839403218,0.0019060671353629676,0.003060439293874993,1.0378892637867236,0.03718909676634361,-0.6010088190264288,-0.24277718128137069,-0.24188704277254566,1.0595560651804898,1.0,0.0757785275734219,0.30698600586316704,-4.987136490718277,-0.022350975128199755,1.0,0.0,0.03718909676634361,0.0
2016-08-05,False,True,True,-0.0025552781028459195,3.867999999999938,0.0028353291690351987,1364.2155,1360.734,1364.279,1360.411,0.0013675975979914876,236.0,0.3129999999999882,-0.016392711147837025,26.567999999999984,0.0195126608657972,1361.5774999999999,1339.4395,1362.417,1335.849,0.008036426464195117,240.0,0.3305000000000291,,,,,,,,,,,,,,,0.004137179461604697,0.0019602203627728547,0.003060439293874993,,,,-0.3778562267399162,-0.8055028433366594,-1.3035667577860064,,,,,,,,,
2016-08-08,True,True,True,-0.0017559207729016689,4.8090000000001965,0.003605475914948702,1333.8045000000002,1331.4645,1334.65,1329.841,0.002449704497031845,239.0,0.3160000000000309,0.0018500665198720985,5.0,0.003749299349684028,1333.5825,1336.0520000000001,1338.093,1333.093,0.003312486521328145,240.0,0.30950000000007094,0.002390994228791259,5.665000000000191,0.004247827159549731,1333.623,1336.8155,1338.236,1332.571,0.002406750352267023,353.0,0.4049999999999727,9.259000000000015,0.0068865249254292365,0.0042454675324323935,0.002532406150587243,0.004137179461604697,0.002018154464993076,0.003060439293874993,0.6118371314397,-0.49128915698590825,0.5631874959649886,-0.13756048892060185,-0.22259106192453487,-0.87006262571071,1.0,0.2948482557511625,0.32519710551892594,-4.9781886861508315,-0.2766879101176439,1.0,0.0,-0.49128915698590825,-0.0
2016-08-09,False,False,True,,,,,,,,,,,0.005268947343446309,11.75,0.008816635001815851,1332.708,1339.7485000000001,1342.598,1330.848,0.0037892389966506157,240.0,0.3209999999999127,,,,,,,,,,,,,,,,,,,,,,,,,,,,,,,,
2016-08-10,True,True,True,-0.0007252256482926228,3.4509999999997945,0.0025503021417067843,1353.173,1352.192,1354.216,1350.765,0.0017554592657499735,238.0,0.31899999999996,-0.005630986855220358,14.770999999999958,0.01091623667341153,1353.122,1345.524,1357.215,1342.444,0.004832777411606742,240.0,0.3249999999999318,0.00700945561159929,12.724999999999909,0.00948335642999506,1341.8245000000002,1351.263,1353.413,1340.688,0.0031686052559731026,357.0,0.35200000000008913,9.039499999999975,0.006825180504478017,0.0037288498190796255,0.002390994228791259,0.00395828846822714,0.001983144046998085,0.003046221355083768,1.4077106034625746,0.34196469929664985,1.8797902709123857,-0.4395998877505956,-0.5511714100067451,-0.3656948921034797,1.0,0.08883234692183038,0.21129487250401982,-4.987136490718277,0.642821914733322,1.0,0.0,0.34196469929664985,0.0
2016-08-11,True,True,True,0.0025810841898953082,5.188000000000102,0.0038634089818302127,1342.8555000000001,1346.326,1347.336,1342.148,0.0026217053067733526,236.0,0.3080000000001064,0.00141612545733717,10.057999999999993,0.007476254825967827,1345.326,1347.2325,1353.323,1343.265,0.005529062700088956,240.0,0.3210000000000264,-0.00340156796988985,7.65300000000002,0.005678569798808873,1347.6985,1343.1219999999998,1347.638,1339.985,0.0028093316989433723,353.0,0.3589999999999236,9.039499999999975,0.006825180504478017,0.0039152845204707505,0.00700945561159929,0.0038060170426493403,0.0019345670487119725,0.002725134291737751,0.8466176226561248,-0.16650613531214276,-0.8687920257404093,0.014966702937191942,-0.0386927217825316,1.334192160263344,0.0,0.0,0.02948171912160233,-4.987136490718277,0.1446592025960432,1.0,0.0,-0.16650613531214276,-0.0
2016-08-12,True,True,True,0.00028134055601448807,6.188999999999851,0.004619261701812327,1339.8245000000002,1340.2015000000001,1341.322,1335.133,0.002571226001814359,239.0,0.306999999999789,0.008810665681655807,16.985000000000127,0.012673722712975158,1340.1745,1352.0345,1356.181,1339.196,0.008611041766059885,240.0,0.30500000000006366,0.0005022989799524387,6.692999999999984,0.004996629346854753,1339.5030000000002,1340.176,1341.238,1334.545,0.0032742620545833543,353.0,0.35400000000004184,8.78550000000007,0.0066477966624537334,0.0038245379828746127,0.00340156796988985,0.0037982755956199573,0.0018842202477112235,0.0025365513087122005,0.7618234591087508,-0.27204043109731485,0.13133585865838335,0.19568771440908583,0.01357742269172551,0.1493140498602722,1.0,0.00956120880995185,0.040009105913124704,-5.0134698081702656,-0.03572866360796262,1.0,0.0,-0.27204043109731485,-0.0
2016-08-15,False,True,True,-0.0008162630499649813,4.412000000000035,0.0032920742119485684,1340.1885000000002,1339.095,1342.157,1337.745,0.0024223588641585103,239.0,0.3079999999999927,0.001940101258952871,8.190000000000055,0.006111374768305063,1340.124,1342.7265000000002,1343.838,1335.648,0.0037162765822404543,240.0,0.30750000000000455,,,,,,,,,,,,,,,0.0037982755956199573,0.001769449711898418,0.0025113116562327036,,,,-0.14302934743190676,-0.036063386178355264,-0.46130898463863323,,,,,,,,,
2016-08-16,False,True,True,0.003769933614010131,6.196999999999889,0.004598501201754428,1347.6129999999998,1352.703,1353.254,1347.057,0.0031023562217329568,239.0,0.33399999999983265,-0.004894259026763055,17.18100000000004,0.012694132076308158,1353.46,1346.8519999999999,1358.045,1340.864,0.006558377750827304,240.0,0.30499999999995,,,,,,,,,,,,,,,0.003724459249885495,0.0017765190737103267,0.0025113116562327036,,,,0.210808751219081,0.2113567054551289,2.122090142345887,,,,,,,,,
2016-08-17,False,True,True,0.0005317812002138858,4.953999999999951,0.0036906788010582963,1342.3004999999998,1343.0145,1346.318,1341.364,0.0027898861690117,238.0,0.30949999999995725,0.0009316668639205829,4.839000000000169,0.0036011470981892457,1343.7385,1344.991,1346.851,1342.012,0.003356947266469769,240.0,0.2939999999999827,,,,,,,,,,,,,,,0.003724459249885495,0.0018785494082601349,0.0025113116562327036,,,,-0.009111275416878332,0.10519560650891076,0.2830807632078243,,,,,,,,,
2016-08-18,True,True,True,-0.0012280507849611827,7.587999999999965,0.0056134598753764305,1351.751,1350.092,1353.596,1346.008,0.003094226559563841,239.0,0.3109999999999218,0.00015473830562795157,5.593000000000075,0.004141235914207685,1350.563,1350.772,1352.923,1347.33,0.004252949223562993,240.0,0.30750000000000455,0.0006142613035933588,4.995999999999867,0.0036940941077127647,1352.429,1353.26,1356.08,1351.084,0.0031761686863771717,359.0,0.33600000000001273,8.582000000000107,0.006399165454063563,0.0035690916640672967,0.0005022989799524387,0.0037032275457097924,0.001864115149240138,0.0025113116562327036,0.5821486832905854,-0.5410293943060409,0.172105779679907,0.41596251395077594,0.20873278607233142,-0.6587848317534291,1.0,0.5914705196923745,0.17583313912840778,-5.051587694921611,-0.09311428573678901,0.0,0.0,-0.0,-0.0
2016-08-19,False,True,True,-0.0021407400423677867,5.335000000000036,0.003955150740543621,1348.874,1345.9895000000001,1349.316,1343.981,0.0033665478270795157,240.0,0.3109999999999218,3.3869910886319175e-05,10.327999999999975,0.00768822777342505,1343.3525,1343.3980000000001,1347.961,1337.633,0.0050883999960782324,240.0,0.32600000000002183,,,,,,,,,,,,,,,0.0037032275457097924,0.0015979350696662309,0.0025113116562327036,,,,0.06581396535025803,0.29308264681415885,-1.3396915074996973,,,,,,,,,
2016-08-22,True,True,True,0.0023118911947136297,4.338999999999942,0.00325434234196391,1333.2955,1336.3815,1337.089,1332.75,0.001960088667146494,238.0,0.3089999999999691,0.0019792292103852547,4.986999999999853,0.003731189738517335,1336.571,1339.219,1339.322,1334.335,0.00287573913389185,240.0,0.3109999999999218,-0.0030917585038879986,6.596000000000004,0.0049313989031450406,1337.5515,1333.4225000000001,1338.128,1331.532,0.003405659209417503,360.0,0.33950000000004366,8.582000000000107,0.006399165454063563,0.003555043687957748,0.0006142613035933588,0.0037032275457097924,0.001675948477914958,0.0025113116562327036,0.7685854113260221,-0.2632035818719924,-0.8696822810816451,-0.12921453929352197,-0.24781547829540126,1.3794524265983676,0.0,0.0,0.014798415287832498,-5.051587694921611,0.22890349147129388,0.0,0.0,-0.0,-0.0
2016-08-23,True,True,True,-9.633853817836884e-05,5.086000000000013,0.0037980946051150407,1339.0925,1338.9634999999998,1343.368,1338.282,0.004005839050190974,237.0,0.3100000000001728,-0.0024254784017206633,6.571999999999889,0.004898747174480515,1341.5675,1338.3175,1344.654,1338.082,0.0030327450865386477,240.0,0.30100000000015825,0.000994869759920246,4.945000000000164,0.00369664211084631,1337.7005,1339.0320000000002,1339.747,1334.802,0.002364804096731301,357.0,0.34199999999987085,8.582000000000107,0.006399165454063563,0.003575326386217061,0.0030917585038879986,0.003648077358003499,0.0017187392255545307,0.0024505509038414467,0.576206012584491,-0.5512900214946369,0.27825984328465353,0.04029924369255842,0.49144020125952564,-0.05605186449810986,1.0,0.4219296201351459,0.00704963877881836,-5.051587694921611,-0.15340187498549093,0.0,0.0,-0.0,-0.0
2016-08-24,False,True,True,-0.00014690180201671347,3.768000000000029,0.00281671926212124,1337.7265,1337.53,1340.065,1336.297,0.0019013132438616479,238.0,0.3160000000000309,-0.008325110356998285,14.567000000000007,0.0108932918051666,1337.245,1326.1585,1339.016,1324.449,0.006498363057960196,240.0,0.3210000000000264,,,,,,,,,,,,,,,0.003648077358003499,0.0017201366547564922,0.0025113116562327036,,,,-0.2586274521112262,-0.278260360458007,-0.08540123926230113,,,,,,,,,
2016-08-25,False,True,True,-0.0012744020724973213,4.278999999999996,0.0032275351972179357,1325.7795,1324.091,1326.936,1322.657,0.0019197739985990351,238.0,0.3125,-0.0007699904462380534,5.875999999999976,0.0044405718332019475,1323.253,1322.2345,1323.662,1317.786,0.0029067337589871217,240.0,0.30950000000007094,,,,,,,,,,,,,,,0.0035110653964052765,0.0016996596746005782,0.0024505509038414467,,,,-0.08420077406931491,-0.24410538794206715,-0.7497983811358042,,,,,,,,,
2016-08-26,False,False,True,,,,,,,,,,,-0.003241364330450942,24.028999999999996,0.018096497583267684,1327.826,1323.529,1341.969,1317.94,0.011691089375843084,240.0,0.3690000000000282,,,,,,,,,,,,,,,,,,,,,,,,,,,,,,,,
2016-08-29,False,True,True,0.0013576761675800598,3.7669999999998254,0.002858329808160941,1317.9025000000001,1319.693,1320.407,1316.64,0.002838432689745604,238.0,0.33299999999997,0.0031823835243399573,7.002999999999929,0.005307116295037114,1319.549,1323.755,1324.933,1317.93,0.0024901060003911083,240.0,0.32199999999988904,,,,,,,,,,,,,,,0.0035110653964052765,0.0017144112056734103,0.0024505509038414467,,,,-0.20568205207406084,0.1469391720385379,0.7919197932719839,,,,,,,,,
2016-08-30,False,False,True,,,,,,,,,,,-0.002239733442164829,6.611000000000104,0.005006874891366949,1320.3845000000001,1317.4305,1321.749,1315.138,0.0033746303779264917,240.0,0.3064999999999145,,,,,,,,,,,,,,,,,,,,,,,,,,,,,,,,
2016-08-31,False,False,True,,,,,,,,,,,-0.004079821441761815,10.641000000000076,0.008101148252687975,1313.5175,1308.1695,1314.539,1303.898,0.005734428473744099,240.0,0.30999999999994543,,,,,,,,,,,,,,,,,,,,,,,,,,,,,,,,
2016-09-01,False,True,True,-0.0009087238105143906,3.578999999999951,0.002736401712028661,1307.922,1306.734,1307.789,1304.21,0.0024089104353166376,237.0,0.3089999999999691,0.005196081852667423,12.862999999999829,0.009844446570362445,1306.625,1313.432,1315.1,1302.237,0.00562720594645958,240.0,0.32549999999991996,,,,,,,,,,,,,,,0.0035110653964052765,0.0017323075450187402,0.0024505509038414467,,,,-0.24927570960621998,-0.01713831424501087,-0.5245741803338737,,,,,,,,,
2016-09-02,False,True,True,8.773050719587799e-05,2.8740000000000236,0.002192595983292345,1310.775,1310.89,1312.773,1309.899,0.0014021877072906924,237.0,0.31199999999989814,0.0034339589745705276,28.536000000000058,0.02171198747315109,1314.297,1318.818,1329.894,1301.358,0.017172776868986633,240.0,0.33349999999995816,,,,,,,,,,,,,,,0.00335436454490521,0.0017523386414831157,0.0024360316805951774,,,,-0.4251761247723544,-0.5523366899115736,0.0500648134550215,,,,,,,,,
2016-09-05,False,True,True,0.0003117074829566756,3.375,0.002544562834680695,1326.3575,1326.771,1328.525,1325.15,0.002170786922372518,236.0,0.30600000000004,0.0006152695163031992,2.964999999999918,0.002234948488771489,1326.6525000000001,1327.469,1327.712,1324.747,0.001387765092943642,236.0,0.30149999999991905,,,,,,,,,,,,,,,0.00335436454490521,0.00175168899573418,0.0024360316805951774,,,,-0.27630348603544974,-0.11528061608004209,0.177946818022928,,,,,,,,,
2016-09-06,False,True,True,0.003246032947883501,6.155999999999949,0.004635795252376315,1327.9275,1332.245,1333.29,1327.134,0.0016575764684823087,238.0,0.3079999999999927,0.005705784546473076,11.16599999999994,0.008378297463325206,1332.729,1340.355,1342.166,1331.0,0.004607575794301978,240.0,0.3089999999999691,,,,,,,,,,,,,,,0.003273208276956239,0.0016522031798730402,0.002415634649737574,,,,0.3480371314135519,-0.37660547065773226,1.964669350250818,,,,,,,,,
2016-09-07,True,True,True,-0.0018775507098856517,3.9950000000001182,0.002957875630769842,1350.6315,1348.098,1350.998,1347.003,0.002203879234321193,239.0,0.30700000000001637,-0.0028915403450269802,8.825000000000045,0.006548698571381961,1347.596,1343.705,1351.416,1342.591,0.003591149976507774,240.0,0.3089999999999691,0.0011863151089022504,4.8559999999999945,0.0035992285673202462,1349.1779999999999,1350.7795,1352.535,1347.679,0.002723062894329643,356.0,0.3480000000001837,8.094500000000039,0.006089895721775485,0.0034382390774960287,0.000994869759920246,0.00335436454490521,0.001796850528370393,0.002415634649737574,0.5999135215269592,-0.5109697649422322,0.34503566568913807,-0.12579102872672904,-0.09174295157811785,-1.044912017021498,1.0,0.08351349681884675,0.018284020013606465,-5.101124320268098,-0.1763027929938655,0.0,0.0,-0.0,-0.0
2016-09-08,False,True,True,3.4133377660650176e-05,2.6829999999999927,0.0019909003314333277,1347.6315,1347.6775,1349.359,1346.676,0.0015337720635993396,238.0,0.31149999999990996,-0.005255657170323422,8.84199999999987,0.006564960027025979,1346.8474999999999,1339.7875,1348.128,1339.286,0.00536517272325689,240.0,0.32000000000005,,,,,,,,,,,,,,,0.003273208276956239,0.0018052893492182974,0.002415634649737574,,,,-0.49718366409487585,-0.4542319451680319,0.01890742759626326,,,,,,,,,
2016-09-09,False,True,True,-0.0019624701793375917,4.25,0.00318148897426924,1335.8525,1333.2335,1337.058,1332.808,0.002153928023061668,238.0,0.3024999999998954,-0.0004366960434454832,7.527000000000044,0.005641705598457801,1334.171,1333.5885,1337.9,1330.373,0.0046679630637554426,240.0,0.3160000000000309,,,,,,,,,,,,,,,0.003273208276956239,0.0016984794411031997,0.002415634649737574,,,,-0.028421310264117365,-0.11466888480390823,-1.1554276912901131,,,,,,,,,
2016-09-12,False,True,True,-0.0033685633283140814,6.540000000000191,0.004918559854699568,1329.6575,1325.1860000000001,1330.121,1323.581,0.0024776232248308757,240.0,0.3125,-0.00467757518302856,6.94399999999996,0.0052266506495114206,1328.5755,1322.3755,1328.633,1321.689,0.003920433328193426,240.0,0.3045000000000755,,,,,,,,,,,,,,,0.0032409387695909227,0.0017114305896140187,0.002306394834818915,,,,0.4171527436585853,0.07161409571532736,-1.9682734133400046,,,,,,,,,
2016-09-13,False,True,True,-0.0022919052329134497,5.414999999999964,0.00407443078358487,1329.02,1325.9775,1331.047,1325.632,0.002769725827101318,239.0,0.3009999999999309,-0.0003196995530864317,5.060999999999922,0.0038199311189657742,1324.893,1324.4695000000002,1327.183,1322.122,0.0035261020686991056,240.0,0.31300000000010186,,,,,,,,,,,,,,,0.003273208276956239,0.00187791585750191,0.002415634649737574,,,,0.21896042355352163,0.13678628841226906,-1.2204515041276915,,,,,,,,,
2016-09-14,False,True,True,0.00041302512362349655,3.9200000000000728,0.0029659210376487156,1321.6805,1322.2265,1324.174,1320.254,0.0021851189704880703,237.0,0.30999999999994543,0.001303525976251663,6.492999999999938,0.0049097466372620795,1322.4715,1324.1965,1325.884,1319.391,0.003920674395639599,240.0,0.3100000000000591,,,,,,,,,,,,,,,0.003273208276956239,0.0018459938390686347,0.002415634649737574,,,,-0.09858300751673221,-0.1002917717011559,0.22374133373699745,,,,,,,,,
2016-09-15,False,True,True,0.00022829334544544446,3.92899999999986,0.002975346426422545,1320.5185000000001,1320.8200000000002,1322.271,1318.342,0.001957361711437079,236.0,0.3129999999998745,-0.002117624691648737,19.319000000000187,0.014611049535307657,1322.2185,1319.4215,1327.967,1308.648,0.00771909891627005,240.0,0.32600000000002183,,,,,,,,,,,,,,,0.0032409387695909227,0.0018480684368029335,0.002306394834818915,,,,-0.0855025534629221,-0.16408812695128044,0.12353078538605453,,,,,,,,,
2016-09-16,False,False,True,,,,,,,,,,,-0.003744769228078455,8.529999999999973,0.006494173896161717,1313.4850000000001,1308.5755,1314.583,1306.053,0.0051776312293760575,240.0,0.32300000000009277,,,,,,,,,,,,,,,,,,,,,,,,,,,,,,,,
2016-09-19,False,True,True,-0.0015248735791129754,5.330999999999904,0.004050314771226661,1316.194,1314.1885,1318.379,1313.048,0.0020580632807732156,237.0,0.31799999999998363,-0.0002918633133885623,5.2690000000000055,0.004009396094700585,1314.163,1313.7795,1316.705,1311.436,0.002930825336754732,239.0,0.3109999999999218,,,,,,,,,,,,,,,0.003204512085743588,0.0018445637879696156,0.0021944991024046316,,,,0.23423475594259405,-0.06418843551146315,-0.8266851973666165,,,,,,,,,
2016-09-20,False,False,True,,,,,,,,,,,6.008804040634653e-05,4.530999999999949,0.0034464188733838103,1314.698,1314.777,1316.387,1311.856,0.002360954020985275,238.0,0.2965000000000373,,,,,,,,,,,,,,,,,,,,,,,,,,,,,,,,
2016-09-21,False,True,True,0.0011370080639302774,4.442999999999984,0.003368610359140253,1318.9415,1320.442,1322.55,1318.107,0.002517749336839748,239.0,0.33199999999987995,0.0024558834153732743,6.104000000000042,0.004609685247761174,1324.1685,1327.4245,1329.588,1323.484,0.0038363058035785387,240.0,0.32600000000002183,,,,,,,,,,,,,,,0.003204512085743588,0.001618425521767325,0.002177952946430294,,,,0.04994045953756816,0.14497996190117543,0.7025396279519007,,,,,,,,,
2016-09-22,False,True,True,-3.824509029119371e-05,2.3600000000001273,0.0017697389635029789,1333.53,1333.479,1334.4,1332.04,0.001469748167370918,238.0,0.29949999999996635,0.0062507930155972615,10.211999999999989,0.007652129344364921,1334.5304999999998,1342.8985,1342.825,1332.613,0.0043434630077664235,239.0,0.29899999999997817,,,,,,,,,,,,,,,0.003204512085743588,0.0016425371203183936,0.002177952946430294,,,,-0.593727785983397,-0.39329434884996145,-0.023284155845306062,,,,,,,,,
2016-09-23,False,True,True,0.002322570296504816,4.315000000000055,0.0032324542905493637,1334.899,1338.0030000000002,1338.592,1334.277,0.002009149332800959,237.0,0.30199999999990723,0.00019572468621420805,5.175999999999931,0.003867061541266038,1338.484,1338.746,1340.591,1335.415,0.0029899587396601795,240.0,0.30700000000001637,,,,,,,,,,,,,,,0.0030784177003458923,0.001631894730878253,0.002162357472717093,,,,0.04882595965071339,-0.07348763410448515,1.4232353671825726,,,,,,,,,
2016-09-26,False,False,True,,,,,,,,,,,0.001977243667959932,5.257000000000062,0.003932219516135834,1336.904,1339.55,1342.001,1336.744,0.0027956066100714772,237.0,0.2980000000000018,,,,,,,,,,,,,,,,,,,,,,,,,,,,,,,,
2016-09-27,False,False,True,,,,,,,,,,,-0.006850100592691471,12.309999999999945,0.00921352704443371,1336.079,1326.958,1336.399,1324.089,0.00410649857050124,238.0,0.30399999999985994,,,,,,,,,,,,,,,,,,,,,,,,,,,,,,,,
2016-09-28,False,False,True,,,,,,,,,,,-0.004058165480066749,9.035000000000082,0.0068089371539246215,1326.9325,1321.5585,1326.866,1317.831,0.0031257705641853607,236.0,0.2825000000000273,,,,,,,,,,,,,,,,,,,,,,,,,,,,,,,,
2016-09-29,False,False,True,,,,,,,,,,,-0.0024403296853308413,7.717999999999847,0.005842081379633365,1321.1045,1317.8845000000001,1322.032,1314.314,0.0034690275186802432,239.0,0.29300000000012005,,,,,,,,,,,,,,,,,,,,,,,,,,,,,,,,
2016-09-30,False,True,True,0.0019531274637344396,5.060999999999922,0.0038239371970637975,1323.505,1326.0925,1327.8,1322.739,0.0020429216501746247,239.0,0.2980000000000018,-0.004397293251877873,11.202999999999975,0.00845236406655056,1325.4279999999999,1319.6125000000002,1327.978,1316.775,0.00614935989814364,240.0,0.3024999999998954,,,,,,,,,,,,,,,0.0030784177003458923,0.0016751531419950411,0.0021059956519174417,,,,0.21686484036710654,-0.030407384372490506,1.1659396474093957,,,,,,,,,
2016-10-03,False,True,True,0.001774721736987991,3.3230000000000928,0.002525732371178599,1315.658,1317.995,1318.113,1314.79,0.002027312659153833,238.0,0.28899999999998727,-0.004316690558705114,6.540000000000191,0.004964368887526068,1317.388,1311.7134999999998,1317.438,1310.898,0.002625466497570694,237.0,0.2929999999998927,,,,,,,,,,,,,,,0.0030784177003458923,0.0016496709230600457,0.0021059956519174417,,,,-0.19788466266214508,-0.038077246278884945,1.0758034903688447,,,,,,,,,
2016-10-04,False,True,True,0.00040946584759924407,3.734000000000151,0.0028530942969060666,1308.7545,1309.2905,1310.122,1306.388,0.0017683688570058736,239.0,0.31500000000005457,-0.02368921213094785,34.79099999999994,0.026598501841734627,1308.0059999999999,1277.3845000000001,1308.066,1273.275,0.008729680842682129,240.0,0.3125,,,,,,,,,,,,,,,0.0029706337320356303,0.0017032629254256527,0.00205049246547392,,,,-0.04037118431512261,-0.14802241937731828,0.24040084562805641,,,,,,,,,
2016-10-05,False,False,True,,,,,,,,,,,-0.00516255482259748,11.788000000000011,0.009256481814484033,1273.4859999999999,1266.9285,1277.104,1265.316,0.007540302093027654,240.0,0.30399999999985994,,,,,,,,,,,,,,,,,,,,,,,,,,,,,,,,
2016-10-06,False,True,True,0.0018583404073248383,5.138999999999896,0.004060701120860891,1265.545,1267.899,1268.128,1262.989,0.0021793351970919436,239.0,0.2960000000000491,-0.005467595808173983,14.941000000000031,0.011819008820155859,1264.15,1257.257,1265.34,1250.399,0.005473538513624673,240.0,0.3005000000000564,,,,,,,,,,,,,,,0.0029706337320356303,0.0017057325426868043,0.00205049246547392,,,,0.312580340729097,0.060939883469348394,1.0894676397494605,,,,,,,,,
2016-10-07,True,True,True,0.0034613108979017642,5.846000000000004,0.0046651055134987645,1253.1335,1257.4785000000002,1258.727,1252.881,0.0027742472833568563,239.0,0.3350000000000364,-0.00783930661155195,24.41899999999987,0.019440246062134008,1256.1055000000001,1246.297,1265.37,1240.951,0.010179953000212438,240.0,0.40000000000009095,-0.0029289286823165196,7.997000000000071,0.006366782227306999,1256.0505,1252.377,1259.566,1251.569,0.002818056663289563,354.0,0.3669999999999618,8.094500000000039,0.006089895721775485,0.0034396291708222505,0.0011863151089022504,0.0029706337320356303,0.0017261237687869215,0.0021059956519174417,0.9879547841126731,-0.012118347349666532,-0.8515245501352557,0.4513351443142886,0.27559111206984305,2.0052507013064833,0.0,0.0,0.09345852121810566,-5.101124320268098,0.010319070275307563,0.0,0.0,-0.0,-0.0
2016-10-10,True,False,True,,,,,,,,,,,-1.9846704058591087e-05,5.2560000000000855,0.004172529655643323,1259.6675,1259.6425,1262.231,1256.975,0.0046729217744043835,240.0,0.31150000000013733,0.002776357347110167,7.740000000000009,0.006142981465101087,1259.9745,1263.4775,1264.169,1256.429,0.003952258022207295,353.0,0.35400000000004184,7.8250000000000455,0.006022676013057936,0.0033298311108666337,0.0029289286823165196,,,,0.9891373801916887,-0.010922048824585777,0.8337832324437567,,,,,,,-5.112223597989832,-0.009106621173871662,0.0,1.0,-0.0,-0.010922048824585777
2016-10-11,False,True,True,-0.0045433968229228626,8.276000000000067,0.00656273293895617,1261.06,1255.3435,1262.124,1253.848,0.0027067474085452456,238.0,0.29899999999997817,0.0013019001142564718,6.380000000000109,0.005080398500725118,1255.807,1257.4430000000002,1259.585,1253.205,0.0032840222209341552,240.0,0.2925000000000182,,,,,,,,,,,,,,,0.0030784177003458923,0.001861827375456026,0.0021059956519174417,,,,0.7569913914225752,0.2509593467108134,-2.4402889778167687,,,,,,,,,
2016-10-12,False,False,True,,,,,,,,,,,-0.0005530291654347831,9.438000000000102,0.007529648289314729,1253.4450000000002,1252.752,1258.852,1249.414,0.0036034264230875848,240.0,0.2969999999999118,,,,,,,,,,,,,,,,,,,,,,,,,,,,,,,,
2016-10-13,False,True,True,0.0001686953443489081,3.4760000000001128,0.0027596916703519023,1259.5610000000001,1259.7735,1260.103,1256.627,0.0020524741931258854,239.0,0.29700000000002547,-0.0010234274342339053,9.064000000000078,0.007201243533360435,1258.6715,1257.384,1262.163,1253.099,0.004102888148088155,240.0,0.2939999999999827,,,,,,,,,,,,,,,0.003206971632409302,0.002139004444903866,0.0021059956519174417,,,,-0.15020811530137335,-0.025742360213335595,0.07886628975962219,,,,,,,,,
2016-10-14,False,False,True,,,,,,,,,,,-0.000860397650905605,15.489000000000033,0.012351384078285265,1254.0295,1252.951,1259.489,1244.0,0.006294432732020907,240.0,0.30600000000004,,,,,,,,,,,,,,,,,,,,,,,,,,,,,,,,
2016-10-17,False,True,True,-0.0007313882452958776,4.499000000000024,0.003585081947291584,1254.9225000000001,1254.005,1254.971,1250.472,0.0027960143510173904,238.0,0.2880000000000109,0.0016124234195097004,5.677999999999884,0.004529275969949382,1253.6219999999998,1255.645,1257.146,1251.468,0.003558440486345485,239.0,0.29100000000016735,,,,,,,,,,,,,,,0.003206971632409302,0.002139093425650812,0.0021059956519174417,,,,0.11145425702075194,0.2834066079611147,-0.3419150545392169,,,,,,,,,
2016-10-18,False,False,True,,,,,,,,,,,0.0016002349474486654,7.753999999999905,0.006150646416756589,1260.6805,1262.6995,1263.963,1256.209,0.004012437500111331,240.0,0.29399999999986903,,,,,,,,,,,,,,,,,,,,,,,,,,,,,,,,
2016-10-19,False,True,True,0.005938910926962049,9.975999999999885,0.007905128943699241,1261.9655,1269.4825,1271.34,1261.364,0.0034843263793188743,238.0,0.29300000000000637,0.0004980416758467503,5.792999999999893,0.004559042671868073,1270.6615,1271.2945,1273.262,1267.469,0.0036324818879751707,240.0,0.3009999999999309,,,,,,,,,,,,,,,0.0033005323248448083,0.002145994751862385,0.0021059956519174417,,,,0.8734280161694916,0.5034863849925839,2.7674396322768318,,,,,,,,,
2016-10-20,False,False,True,,,,,,,,,,,-0.0031717537070645096,9.323000000000093,0.007334098760566489,1271.1855,1267.1599999999999,1274.085,1264.762,0.0042695536512525395,240.0,0.2944999999999709,,,,,,,,,,,,,,,,,,,,,,,,,,,,,,,,
2016-10-21,False,False,True,,,,,,,,,,,-0.0017455621934109686,4.16599999999994,0.0032898659336198393,1266.313,1264.1045,1267.963,1263.797,0.0022772565241304405,239.0,0.2839999999998781,,,,,,,,,,,,,,,,,,,,,,,,,,,,,,,,
2016-10-24,False,False,True,,,,,,,,,,,-0.0018614583920533287,13.75200000000018,0.010869088421599372,1265.2395000000001,1262.8865,1271.872,1258.12,0.005934359143938423,238.0,0.2919999999999163,,,,,,,,,,,,,,,,,,,,,,,,,,,,,,,,
2016-10-25,False,False,True,,,,,,,,,,,0.00317856094033947,7.257000000000062,0.0057186918955253714,1268.9965,1273.0365000000002,1274.111,1266.854,0.0035030621933863073,240.0,0.2915000000001555,,,,,,,,,,,,,,,,,,,,,,,,,,,,,,,,
2016-10-26,False,False,True,,,,,,,,,,,-0.0034823612398940545,7.642000000000053,0.006006312837570228,1272.328,1267.9050000000002,1274.19,1266.548,0.0031903512037761046,240.0,0.2940000000000964,,,,,,,,,,,,,,,,,,,,,,,,,,,,,,,,
2016-10-27,False,False,True,,,,,,,,,,,7.0905698179221966e-06,6.70699999999988,0.005284068930037005,1269.287,1269.296,1272.724,1266.017,0.004454041718285519,239.0,0.30500000000006366,,,,,,,,,,,,,,,,,,,,,,,,,,,,,,,,
2016-10-28,False,False,True,,,,,,,,,,,0.0010150177710256563,15.019999999999982,0.01186104727835555,1266.33,1267.616,1273.776,1258.756,0.005575275157822977,237.0,0.31799999999998363,,,,,,,,,,,,,,,,,,,,,,,,,,,,,,,,
2016-10-31,False,False,True,,,,,,,,,,,0.0012662754880818194,3.439999999999827,0.0027030987805801428,1272.6135,1274.226,1275.426,1271.986,0.0031752902041538877,240.0,0.2925000000000182,,,,,,,,,,,,,,,,,,,,,,,,,,,,,,,,
2016-11-01,False,False,True,,,,,,,,,,,0.00023894115381630052,4.453999999999951,0.0034613692847383854,1286.774,1287.0815,1289.402,1284.948,0.0038291481142931055,240.0,0.30599999999992633,,,,,,,,,,,,,,,,,,,,,,,,,,,,,,,,
2016-11-02,False,True,True,0.0009769800828032151,3.408999999999878,0.0026320320383693583,1295.1970000000001,1296.4630000000002,1297.318,1293.909,0.002151754731926917,239.0,0.30100000000015825,0.005986416411388629,9.288000000000011,0.007163596159208002,1296.5555,1304.3405,1304.761,1295.473,0.004300398936042154,240.0,0.3020000000001346,,,,,,,,,,,,,,,0.0033005323248448083,0.0024245667651228283,0.0021666316100768055,,,,-0.22632758000059838,-0.00689004448673424,0.40295037317882293,,,,,,,,,
2016-11-03,True,True,True,-0.01087335363578303,16.41899999999987,0.012612764172651657,1301.7765,1287.6985,1301.888,1285.469,0.004997783533389244,240.0,0.30600000000004,0.008783120050052025,13.775000000000091,0.010698156655185472,1287.605,1298.964,1300.698,1286.923,0.004771220733551985,240.0,0.30299999999999727,0.003562877928394003,10.253999999999905,0.00789620502410861,1298.5985,1303.2334999999998,1306.54,1296.286,0.0037437301837222057,357.0,0.3250000000000455,7.6965000000000146,0.00591077563195498,0.002826074930768452,0.002776357347110167,0.0033005323248448083,0.0023814454306153193,0.0021528413774942927,1.3322938998245808,0.2869021932935056,1.2607160162682607,1.3406255647424523,0.8422059802674919,-4.565863024194329,1.0,1.4054440330020121,0.18930682777884456,-5.130978215573905,0.36170219018761485,0.0,0.0,0.0,0.0
2016-11-04,False,True,True,0.0015313499814743963,4.182000000000016,0.003219799844245467,1298.8385,1300.829,1302.741,1298.559,0.0023272343607233896,239.0,0.2929999999998927,0.002783013793590085,12.230999999999995,0.009401862154449277,1300.9125,1304.538,1307.108,1294.877,0.004613381406129096,240.0,0.3009999999999309,,,,,,,,,,,,,,,0.0034768461532159187,0.003455081427969034,0.0021666316100768055,,,,-0.07680640760476201,0.07150688478655498,0.44321675578411895,,,,,,,,,
2016-11-07,True,True,True,-0.001397573264258377,5.481999999999971,0.004253414098027128,1288.8470000000002,1287.047,1288.979,1283.497,0.0033360317600405337,239.0,0.2999999999999545,-0.004975551473545366,9.13000000000011,0.00709805145659721,1286.2685000000001,1279.8845000000001,1288.382,1279.252,0.0034293440039613104,240.0,0.2964999999999236,0.0007166771141602206,7.684999999999945,0.005959586481470957,1289.5189999999998,1290.4434999999999,1295.743,1288.058,0.004266156391418657,356.0,0.37799999999992906,7.6965000000000146,0.00591077563195498,0.002932057703838069,0.003562877928394003,0.0034768461532159187,0.0034514434987571565,0.002182227083790007,0.9985058143311806,-0.001495303077441884,0.24442803878726158,0.20159637257578514,0.4244360514533948,-0.40492427726591335,1.0,0.5926070291690916,0.20743194958742905,-5.130978215573905,-0.0003654939986116764,0.0,0.0,-0.0,-0.0
2016-11-08,False,False,True,,,,,,,,,,,-0.0033266706798739175,17.92100000000005,0.0139960521152033,1280.4325,1276.1799999999998,1290.662,1272.741,0.006720736613996236,240.0,0.30999999999994543,,,,,,,,,,,,,,,,,,,,,,,,,,,,,,,,
2016-11-09,True,True,True,-0.004059143603063887,21.22199999999998,0.016222011164003052,1308.2224999999999,1302.923,1311.375,1290.153,0.011872417936496349,240.0,0.4179999999998927,-0.013379867707087257,27.16300000000001,0.020878883948594128,1300.9795,1283.6885,1306.771,1279.608,0.011752854420755271,240.0,0.33400000000006,0.039460277449074176,68.69100000000003,0.053936464413758684,1273.554,1324.8135,1337.17,1268.479,0.02162045628343693,360.0,0.5225000000000364,7.668999999999983,0.005819078140139915,0.002860702735605795,0.0007166771141602206,0.0034768461532159187,0.0033793852167763477,0.002182227083790007,8.95696961794239,2.19243195749695,13.79391048148101,1.5402434287924724,1.6938719359576155,-1.2011485352167022,0.0,0.0,2.163385056721888,-5.146613424949592,30.24221015845111,0.0,0.0,0.0,0.0
2016-11-10,True,True,True,-0.0027327731828765884,15.445999999999913,0.012028189853210226,1284.15,1280.6455,1292.157,1276.711,0.006056314346220834,240.0,0.33199999999987995,-0.014746315146912112,27.4050000000002,0.02139735962594261,1280.7655,1262.0175,1283.823,1256.418,0.009853749974776565,240.0,0.3489999999999327,0.008443154970803583,14.692000000000007,0.011511526413358767,1276.286,1287.1075,1288.657,1273.965,0.005413216206438208,360.0,0.34699999999998,7.668999999999983,0.005819078140139915,0.009235408406528686,0.039460277449074176,0.0034768461532159187,0.003465536518187247,0.002182227083790007,1.9157647672447569,0.6501168991747014,0.9142156577325758,1.241127444215759,1.0207554679698525,-0.7885570296359329,1.0,0.45638284000521684,0.3856434998044059,-5.146613424949592,0.5943470485820623,0.0,0.0,0.0,0.0
2016-11-11,True,True,True,0.0005235009542970082,6.0090000000000146,0.004774720441667612,1258.503,1259.162,1259.155,1253.146,0.005401464503302432,240.0,0.3390000000000555,-0.019825482547020656,38.871000000000095,0.03090074097863881,1257.931,1233.2375,1261.778,1222.907,0.012957554851227166,240.0,0.36549999999999727,0.0005676610930383419,14.42599999999993,0.011440507931271248,1260.958,1261.674,1265.378,1250.952,0.008537385348424204,359.0,0.3580000000001746,7.668999999999983,0.005819078140139915,0.009186166118804025,0.008443154970803583,0.0037045095721776906,0.003514472586547127,0.0022532847789076666,1.8810796714043505,0.6318459052987562,0.061795213116856575,0.2537845451675073,0.8742810677836875,0.1489557654542224,0.0,0.0,0.41348285304473287,-5.146613424949592,0.03904505237494981,0.0,1.0,0.0,0.6318459052987562
2016-11-14,True,True,True,0.0016612205312809736,12.001999999999953,0.00981290320734435,1223.0835,1225.117,1228.335,1216.333,0.00622024770136905,240.0,0.3489999999999327,-0.003627300581160494,14.691000000000031,0.012003191373324115,1223.9245,1219.493,1226.021,1211.33,0.007747585032917141,240.0,0.35450000000003,-0.011056372825293093,17.64500000000021,0.014347581442548047,1229.824,1216.3015,1230.178,1212.533,0.009377306788099107,359.0,0.3709999999998672,7.668999999999983,0.005819078140139915,0.009198458347500256,0.0005676610930383419,0.003937125984145229,0.0035170159813252035,0.002422491848781569,2.300821489112042,0.8332662283445254,-1.2019810720018902,0.9132471619721368,0.9430130293483152,0.4723380672996059,0.0,0.0,0.8843395488329562,-5.146613424949592,-1.0015702344085244,0.0,1.0,0.0,0.8332662283445254
2016-11-15,True,True,True,0.001873512779875468,9.310999999999922,0.0076014927042487215,1224.891,1227.188,1231.58,1222.269,0.0050100700549696045,240.0,0.3269999999999982,-0.001724223888652597,10.922000000000025,0.008911080923417105,1225.665,1223.5535,1229.585,1218.663,0.006311919272998998,240.0,0.32300000000009277,0.0003876774188470286,8.761999999999944,0.007160143448023335,1223.7185,1224.193,1231.322,1222.56,0.004409753424875491,359.0,0.34699999999998,7.712499999999977,0.006051283973286022,0.00967523119741049,0.011056372825293093,0.003942319158962344,0.0035256239442437013,0.002612248372692497,1.1360777957860577,0.1275818001601971,0.04006905994667991,0.6565754672928601,0.6512386020474247,0.5313989266876744,1.0,0.03773095623986267,0.09050243111832672,-5.1074848024669235,0.005112082798724275,0.0,0.0,0.0,0.0
2016-11-16,True,True,True,-0.0033742823314521367,5.711000000000013,0.0046530537753204934,1227.366,1223.2314999999999,1228.777,1223.066,0.00261910067065091,240.0,0.3244999999999436,0.001856427852231106,6.663999999999987,0.0054381754366494076,1225.411,1227.688,1230.097,1223.433,0.003950821873802534,240.0,0.3040000000000873,0.0029604370645223274,6.499000000000024,0.00529642326400337,1227.0545,1230.6925,1233.071,1226.572,0.003684425916090322,360.0,0.3480000000001837,7.712499999999977,0.006051283973286022,0.009650076022495792,0.0003876774188470286,0.00415705760944401,0.0035422941720088417,0.002740497345951051,0.8426580226904431,-0.17119407031928785,0.30677862616015655,0.11271621133200294,-0.04530841367867936,-0.9525697662592982,1.0,0.45458670988653077,0.43131280388980664,-5.1074848024669235,-0.05251868169931636,0.0,1.0,-0.0,-0.17119407031928785
2016-11-17,True,True,True,0.0015316292921882199,5.333000000000084,0.004341177653313931,1228.4685,1230.3515,1231.371,1226.038,0.002852191670067655,240.0,0.32999999999992724,-0.0019475464166113388,7.481999999999971,0.006089672503077573,1228.6375,1226.2469999999998,1229.964,1222.482,0.0050823116127977335,240.0,0.3079999999999927,7.091195631525345e-05,3.7049999999999272,0.0030199783181043237,1226.83,1226.917,1228.239,1224.534,0.002983000311323269,358.0,0.33400000000006,7.712499999999977,0.006051283973286022,0.009618267357484219,0.0029604370645223274,0.004453233936673811,0.0036220301001096775,0.002740497345951051,0.4803889789302999,-0.7331591304834727,0.0073726331032038794,-0.025484899588367586,0.039948288738142185,0.42286487131673506,1.0,0.4060940032415003,0.20116693679092867,-5.1074848024669235,-0.005405313275318623,0.0,1.0,-0.0,-0.7331591304834727
2016-11-18,True,True,True,0.004999335526335249,8.868999999999915,0.007351380922383139,1206.44,1212.4865,1212.558,1203.689,0.004500668730273301,240.0,0.32949999999993906,-0.0012414051027450689,10.298999999999978,0.008501196680249248,1211.4765,1209.9735,1216.054,1205.755,0.005841495289165777,240.0,0.3039999999999736,-0.006101421094852746,10.730000000000018,0.008832060792235044,1214.892,1207.502,1216.06,1205.33,0.005569808183668975,360.0,0.3550000000000182,7.712499999999977,0.006051283973286022,0.009615063275293902,7.091195631525345e-05,0.0044971157143172125,0.0035977003641760683,0.0027851308171871233,1.3912479740680779,0.3302011674111056,-0.6345690007605536,0.49145193726920766,0.4799311481266853,1.3895919671676655,1.0,0.21277147487842513,0.13769854132899853,-5.1074848024669235,-0.20953542485403354,0.0,1.0,0.0,0.3302011674111056
2016-11-21,True,True,True,0.0007110677851764951,3.7549999999998818,0.003089657669221399,1215.345,1216.2095,1216.945,1213.19,0.0026673442668950498,238.0,0.3064999999999145,-0.0032318485017505225,5.476000000000113,0.004504534147593507,1215.664,1211.7415,1216.123,1210.647,0.0036489237424036217,240.0,0.30199999999990723,0.004798577658296501,7.994999999999891,0.006627059040506202,1206.4175,1212.2205,1214.024,1206.029,0.0037090435281972134,357.0,0.3410000000001219,7.712499999999977,0.006051283973286022,0.009744293926473533,0.006101421094852746,0.004659079644409629,0.0037548119561871445,0.0028241030105425227,1.0366288492706535,0.0359739570544007,0.49245001172015235,-0.41075762931935633,-0.05710747496732829,0.18937507216701072,1.0,0.37873581847650667,0.4051215559157387,-5.1074848024669235,0.017715375573059883,0.0,1.0,0.0,0.0359739570544007
2016-11-22,True,True,True,0.0011202065704515808,4.067999999999984,0.0033452338024856395,1216.0585,1217.4215,1219.248,1215.18,0.0023786701790345414,240.0,0.3269999999999982,-0.0032363668434320695,10.788000000000011,0.008879757806828235,1214.8980000000001,1210.9724999999999,1216.743,1205.955,0.0037302092570300044,240.0,0.3144999999999527,0.0016292489465124299,5.6400000000001,0.004637646838259682,1216.134,1218.1170000000002,1221.045,1215.405,0.003156149944014102,354.0,0.3369999999999891,7.86749999999995,0.006254881846204043,0.00976094288139362,0.004798577658296501,0.004659079644409629,0.003735085274152037,0.0028241030105425227,0.7168732125834301,-0.3328562844464332,0.16691511940082307,-0.3312813401850919,-0.17164921256617585,0.2999145904924212,1.0,0.028598665395603493,0.26164601207500576,-5.074393024737428,-0.055558746461690726,0.0,1.0,-0.0,-0.3328562844464332
2016-11-23,False,True,True,-0.0018532384388994668,3.9050000000002,0.003217710012228287,1213.596,1211.3490000000002,1213.832,1209.927,0.0029156603996029194,240.0,0.3104999999999336,-0.017234025599962188,27.557999999999993,0.022790095512812292,1209.2095,1188.5484999999999,1209.189,1181.631,0.010101043663031294,240.0,0.33150000000000546,,,,,,,,,,,,,,,0.004659079644409629,0.003743592434369686,0.0028241030105425227,,,,-0.3701479972081213,0.031905550536035956,-0.4950427888156311,,,,,,,,,
2016-11-24,True,True,True,0.002260156643475471,10.780999999999949,0.009100655051323566,1184.6399999999999,1187.3204999999998,1190.835,1180.054,0.004529619629514251,240.0,0.3389999999999418,-0.001188746784245307,3.560000000000173,0.003001720508623136,1185.9865,1184.5774999999999,1187.641,1184.081,0.0025692423617383444,240.0,0.3534999999998263,-0.0026674677728301785,7.365000000000009,0.0061901628101069936,1189.791,1186.6215000000002,1189.807,1182.442,0.00448629722355941,356.0,0.34400000000005093,7.712499999999977,0.006051283973286022,0.009700405728295461,0.0016292489465124299,0.004659079644409629,0.0037350702122918864,0.002883926034835287,0.9549432739060008,-0.04610333931690842,-0.2749851756251129,0.6695284671620614,0.45148539660945347,0.6051175787907371,1.0,0.3096272285251121,0.2569205834684382,-5.1074848024669235,0.012677734858964234,0.0,0.0,-0.0,-0.0
2016-11-25,True,True,True,0.0028699020122112317,9.120000000000118,0.007698957264033813,1184.576,1187.9805000000001,1193.246,1184.126,0.0052856485774129686,240.0,0.3145000000000664,-0.005395316834416472,12.639999999999873,0.010645353501112644,1187.3725,1180.9834999999998,1190.812,1178.172,0.00494198837294986,240.0,0.32749999999998636,-0.006534663571190485,17.819999999999936,0.015023046719399026,1186.1774999999998,1178.4515000000001,1186.751,1168.931,0.008693468502520051,360.0,0.41399999999998727,7.712499999999977,0.00616657213760404,0.009679841742953927,0.0026674677728301785,0.004713887108494052,0.003681468959502489,0.0031258460798217263,2.310534846029172,0.8374790328111565,-0.6750795875301521,0.4905720433414423,0.5252903401250358,0.7795534999157152,1.0,0.8421393841167115,0.794100486223652,-5.088612164720641,-0.5653650000353062,0.0,0.0,0.0,0.0
2016-11-28,True,True,True,-0.002573524586174718,8.548999999999978,0.007163089102075049,1193.4795,1190.412,1197.227,1188.678,0.004479096092303739,240.0,0.3149999999998272,0.0025039842968651036,9.101000000000113,0.0076581024549937015,1188.4145,1191.394,1192.006,1182.905,0.00564241294235333,240.0,0.2980000000000018,0.004858085943782282,11.173999999999978,0.009413774743383212,1186.984,1192.7645,1197.549,1186.375,0.004647624888863933,359.0,0.35199999999986176,7.86749999999995,0.006278472518706996,0.009868603116720113,0.006534663571190485,0.004713887108494052,0.0036055817923683377,0.003410179069679704,1.4202732761360088,0.3508493010805366,0.4922769602063899,0.4184284706741808,0.27265645793958987,-0.7137612552908668,0.0,0.0,0.09088020336827743,-5.070628557592379,0.17271502742646302,0.0,0.0,0.0,0.0
2016-11-29,True,True,True,-0.004151358640108034,7.831000000000131,0.006569181721216319,1192.0815,1187.143,1192.755,1184.924,0.002955890532082057,240.0,0.3100000000000591,0.0028285928145718384,8.947999999999865,0.007550217001235615,1185.1315,1188.4885,1189.907,1180.959,0.006064008818983501,240.0,0.29500000000007276,-0.0028013312479967115,6.432000000000016,0.005383886509815227,1194.676,1191.334,1194.949,1188.517,0.003868897208779522,356.0,0.3269999999999982,7.995999999999981,0.006496920633906601,0.009887611355848378,0.004858085943782282,0.0059689047718713304,0.0036529488417292454,0.003981711235811307,0.8044022011005543,-0.21765588476148343,-0.28331728940172846,0.095825821703135,-0.2979117156854527,-1.1364403992427252,1.0,0.4493496748374291,0.09348424212105393,-5.0364269629646365,0.06166567529295846,1.0,0.0,-0.21765588476148343,-0.0
2016-11-30,True,True,True,-0.0026843200375318327,5.605000000000018,0.004714602524520365,1188.8595,1185.6725,1190.114,1184.509,0.0039979745819023384,240.0,0.2969999999999118,-0.007791010539312084,18.822000000000116,0.015912051717972466,1182.877,1173.6970000000001,1186.846,1168.024,0.007335843079437928,240.0,0.31549999999992906,0.0009807522394315784,7.194999999999936,0.006052270758153058,1188.81,1189.9765,1194.888,1187.693,0.0038372349240097877,359.0,0.3109999999999218,7.995999999999981,0.006496920633906601,0.00987994759058646,0.0028013312479967115,0.0068661354116456835,0.003763427663408848,0.003981711235811307,0.8998249124562223,-0.10555507629882893,0.09926694756620286,-0.3759368045741726,0.00407619271760088,-0.7132646825209393,1.0,0.39819909954977195,0.1396948474237074,-5.0364269629646365,-0.010478130224302393,1.0,0.0,-0.10555507629882893,-0.0
2016-12-01,True,True,True,-0.004249360819239131,7.088999999999942,0.006045209881091208,1172.6640000000002,1167.6915,1173.69,1166.601,0.0036478598956155633,240.0,0.31399999999996453,-0.00010745707132465965,11.634999999999991,0.009961719939964255,1167.971,1167.8455,1171.841,1160.206,0.007149501284088751,240.0,0.29500000000007276,0.0018900396477290055,14.785000000000082,0.012607915570882394,1172.676,1174.8944999999999,1175.825,1161.04,0.006940301766208018,360.0,0.36000000000001364,7.995999999999981,0.006496920633906601,0.009880024900384938,0.0009807522394315784,0.005671951081441966,0.003501838532141381,0.004238535337103039,1.849049524762396,0.6146717366662949,0.1912990773591438,0.06373303862436568,-0.15007710453602943,-1.2134656638896022,0.0,0.0,0.2789519759879528,-5.0364269629646365,0.11758613610300482,1.0,0.0,0.6146717366662949,0.0
2016-12-02,False,True,True,-0.002892689944822502,7.414999999999964,0.006312497126813482,1174.654,1171.261,1176.728,1169.313,0.003277159543613977,240.0,0.2939999999999827,0.0036099945300596004,11.42100000000005,0.00975191990122567,1171.154,1175.3895,1178.045,1166.624,0.006822782691018404,240.0,0.3120000000001255,,,,,,,,,,,,,,,0.006307195801153763,0.0035659378081987696,0.004238535337103039,,,,0.0008401671897757183,-0.25724071579640756,-0.8112003350623943,,,,,,,,,
2016-12-05,True,True,True,-0.00594148783843752,13.38000000000011,0.011407802066960822,1172.8815,1165.9335,1173.248,1159.868,0.005612748660050274,240.0,0.3120000000000118,-0.0005764143079507053,13.506000000000085,0.011564351213439244,1167.8995,1167.2265,1170.078,1156.572,0.005967946379735748,240.0,0.29150000000004184,-0.0022656473739411692,9.982999999999947,0.008458388212312871,1180.2485,1177.5775,1181.399,1171.416,0.005012405615517242,357.0,0.34999999999990905,8.379500000000007,0.006893601244264769,0.009878169611136104,0.0018900396477290055,0.006178853503952345,0.002749284864273544,0.003822917238758951,1.1913598663404665,0.175095399511491,-0.22935902734318342,0.6131647760504759,0.3840267505381259,-2.1611030256071575,1.0,1.378125186466972,0.5604152992422144,-4.97716165354309,-0.04015971052422169,1.0,0.0,0.175095399511491,0.0
2016-12-06,True,True,True,-0.002113187468056405,4.791999999999916,0.004084676920978649,1173.165,1170.6885,1174.302,1169.51,0.0026080780380793025,239.0,0.2940000000000964,-0.002103758553465344,5.795999999999822,0.004943412174047872,1172.4695000000002,1170.0055,1175.176,1169.38,0.004814836522531207,240.0,0.2980000000000018,0.0007538819402116542,6.036000000000058,0.005158240301700706,1170.1664999999998,1171.049,1175.286,1169.25,0.0032636734670004174,357.0,0.33400000000006,9.372499999999945,0.007528174236065973,0.009861671456134225,0.0022656473739411692,0.0064408394240149,0.0029526227454153915,0.004238535337103039,0.6440117364630668,-0.44003832872231213,0.07644565564417778,-0.4554162408934309,-0.4856042040103004,-0.7156984316190079,0.0,0.0,0.22576687116564392,-4.88910273189969,-0.03363901854774538,1.0,0.0,-0.44003832872231213,-0.0
2016-12-07,False,False,True,,,,,,,,,,,0.0039186188127231115,8.91599999999994,0.0075994681395110475,1173.2399999999998,1177.8465,1180.193,1171.277,0.0046850456537482705,240.0,0.2929999999998927,,,,,,,,,,,,,,,,,,,,,,,,,,,,,,,,
2016-12-08,True,True,True,0.0009097665333485246,3.438999999999851,0.00292533712830385,1175.591,1176.661,1177.118,1173.679,0.002284513598330084,240.0,0.2939999999999827,-0.001496084416401801,6.844000000000051,0.005834927977772072,1172.9364999999998,1171.183,1175.88,1169.036,0.005461855283692603,240.0,0.29899999999997817,0.0015429310028279542,4.494000000000142,0.003824350492276745,1175.1015,1176.916,1178.602,1174.108,0.002826128141755176,354.0,0.3350000000000364,9.372499999999945,0.007528174236065973,0.009864564990267085,0.0007538819402116542,0.0064408394240149,0.0029630582851017297,0.004238535337103039,0.479487863430266,-0.7350366958647552,0.1564114590304077,-0.7892491453840169,-0.6180646357683407,0.3070363272713314,1.0,0.04577220592156441,0.14137103227527908,-4.88910273189969,-0.1149681620410964,1.0,0.0,-0.7350366958647552,-0.0
2016-12-09,False,True,True,-0.003916423602066533,7.795000000000073,0.0066678670823356045,1169.0394999999999,1164.47,1172.009,1164.214,0.003170768910609169,240.0,0.2949999999998454,0.00015577604256194563,10.020999999999958,0.00862515643370736,1161.834,1162.0149999999999,1170.124,1160.103,0.005384072237041242,240.0,0.3040000000000873,,,,,,,,,,,,,,,0.006178853503952345,0.002896542517622658,0.003822917238758951,,,,0.07616729392759491,-0.18703968920643269,-1.3521029221007066,,,,,,,,,
2016-12-12,False,True,True,3.762820351080061e-05,6.8659999999999854,0.005939312783622501,1156.026,1156.0695,1156.933,1150.067,0.0039183666025337845,240.0,0.3140000000000782,0.005754269218464068,7.783999999999878,0.006736705090002932,1155.461,1162.129,1162.29,1154.506,0.0051035770147793095,240.0,0.30299999999999727,,,,,,,,,,,,,,,0.006178853503952345,0.002951715267201594,0.0034625097196147704,,,,-0.039539303410589775,0.12368120532030398,0.012747910995654551,,,,,,,,,
2016-12-13,True,True,True,-0.0027960797265013607,4.686000000000149,0.0040339537352166045,1161.6395,1158.396,1161.69,1157.004,0.002446219199377592,240.0,0.29899999999997817,-0.0021816599412501033,9.538999999999987,0.008231308483796246,1158.868,1156.3425,1164.026,1154.487,0.005116868556860078,240.0,0.2965000000000373,-0.0019428114043474785,4.329999999999927,0.003722793728855028,1163.105,1160.8474999999999,1164.995,1160.665,0.002958226483746718,355.0,0.31399999999985084,8.378499999999917,0.006893601244264769,0.00985787289407391,0.0015429310028279542,0.006178853503952345,0.002942542022951576,0.0034625097196147704,0.5167989496926622,-0.6601013588442503,-0.1970822128894972,-0.42638576634489256,-0.34745002992407825,-0.9502259287011633,1.0,0.43695172166856766,0.09452766008237173,-4.97716165354309,0.1300942365323889,1.0,0.0,-0.6601013588442503,-0.0
2016-12-14,False,True,True,-5.97855248239736e-05,2.48700000000008,0.002139311592410889,1162.5235,1162.454,1163.074,1160.587,0.0017472409370731937,236.0,0.28700000000003456,0.0018060107329714247,6.024000000000115,0.005186586680959153,1161.4575,1163.557,1164.931,1158.907,0.004023801322117294,240.0,0.2840000000001055,,,,,,,,,,,,,,,0.005992261332356854,0.0029158907523794708,0.0032239642271115728,,,,-1.029984767315593,-0.6125737923783732,-0.02050334868519559,,,,,,,,,
2016-12-15,True,True,True,-0.009241243750064448,11.768000000000029,0.010334129234573695,1138.751,1128.276,1138.732,1126.964,0.004485345336887736,240.0,0.3000000000001819,-0.0039817439383964025,10.595000000000027,0.009385354506409658,1128.8865,1124.4005,1133.088,1122.493,0.00607717835035403,240.0,0.30499999999995,-0.001359611183857286,9.719000000000051,0.008502950529958093,1143.015,1141.462,1144.357,1134.638,0.0050107692107487535,358.0,0.3300000000000409,8.378499999999917,0.006893601244264769,0.009892291816720727,0.0019428114043474785,0.005326957654071433,0.002846429037220961,0.0030633297213456126,1.1599928388136476,0.14841383166270683,-0.13744147554959557,0.6626716569497564,0.381313022142723,-3.246609569120649,1.0,0.9159157367070543,0.3235662708122026,-4.97716165354309,-0.020398216015691712,1.0,0.0,0.14841383166270683,0.0
2016-12-16,False,True,True,0.0002970321050080076,3.9860000000001037,0.0035137858353704973,1134.3890000000001,1134.726,1136.093,1132.107,0.002794526202103207,239.0,0.3009999999999309,0.004160615931325705,13.534000000000106,0.011937186443787533,1133.768,1138.495,1141.248,1127.714,0.006640249131546943,240.0,0.30399999999985994,,,,,,,,,,,,,,,0.005992261332356854,0.0033500197650475714,0.0032239642271115728,,,,-0.5337748170101656,-0.14294915277834122,0.08866577687304768,,,,,,,,,
2016-12-19,True,True,True,-0.0017866957384543654,3.6550000000002,0.003204588655317951,1140.5520000000001,1138.516,1140.553,1136.898,0.0023908245334275284,240.0,0.3140000000000782,0.0017917246081861347,5.574000000000069,0.004892817109235231,1139.221,1141.2640000000001,1142.285,1136.711,0.003977203295728382,240.0,0.3025000000000091,0.00336938557300243,4.30600000000004,0.003790569703435933,1135.9769999999999,1139.8110000000001,1139.755,1135.449,0.0028424138628177233,354.0,0.34149999999999636,8.378499999999917,0.006893601244264769,0.004373823760353054,0.001359611183857286,0.005992261332356854,0.003304185520397767,0.0032239642271115728,0.5139344751447255,-0.6656595019164514,0.7703523867478498,-0.6258851213469122,-0.29897342926085085,-0.5407371127996705,1.0,0.09524377871934232,0.0884406516679588,-4.97716165354309,-0.5127923860627233,1.0,0.0,-0.6656595019164514,-0.0
2016-12-20,True,True,True,-0.0016668665387051538,3.3859999999999673,0.0029829721273586093,1135.1095,1133.219,1135.12,1131.734,0.0021796375645109743,240.0,0.2999999999999545,0.0009161315649984643,6.5750000000000455,0.0058197248398690945,1129.7785,1130.8139999999999,1132.241,1125.666,0.004270006761470281,240.0,0.29950000000008004,-0.002971664541272468,7.133000000000038,0.00626381158159709,1138.7635,1135.3845000000001,1139.753,1132.62,0.0036166260285481824,360.0,0.3369999999999891,7.67999999999995,0.006408610925306597,0.003968885428123809,0.00336938557300243,0.005326957654071433,0.0029332084444733007,0.0030633297213456126,0.9287760416666777,-0.07388764386366785,-0.7487403189356483,-0.5798601169417337,-0.34034386042741865,-0.5682741510736593,1.0,0.11536458333332981,0.035807291666678745,-5.050112735853676,0.05532265803188626,0.0,0.0,-0.0,-0.0
2016-12-21,False,True,True,-0.001850994215197247,4.406999999999925,0.0038790036057041026,1136.1165,1134.0155,1136.139,1131.732,0.0022176468886680027,239.0,0.30199999999990723,-0.002951340359507048,7.255999999999858,0.006393588084099877,1134.8870000000002,1131.5425,1137.081,1129.825,0.0026977599679271075,240.0,0.28899999999998727,,,,,,,,,,,,,,,0.005326957654071433,0.002873539024300225,0.0030633297213456126,,,,-0.31720196059971184,-0.3230557949252838,-0.644151410349476,,,,,,,,,
2016-12-22,False,True,True,-0.0008137499415274054,3.173000000000002,0.0028054111810621946,1131.0285,1130.1085,1132.389,1129.216,0.0016286902857388097,239.0,0.31300000000010186,-0.00021496938980620505,7.352999999999838,0.006504115381043009,1130.515,1130.272,1134.079,1126.726,0.003966825248597451,240.0,0.30150000000003274,,,,,,,,,,,,,,,0.005326957654071433,0.002783394631383543,0.0030633297213456126,,,,-0.6412301617562927,-0.6317262824418292,-0.29235880976134326,,,,,,,,,
2016-12-23,False,False,True,,,,,,,,,,,0.0013618843725936812,6.213000000000193,0.00549280047952616,1131.1170000000002,1132.6585,1135.785,1129.572,0.003907617827910721,240.0,0.32949999999993906,,,,,,,,,,,,,,,,,,,,,,,,,,,,,,,,
2016-12-26,False,False,False,,,,,,,,,,,,,,,,,,,,,,,,,,,,,,,,,,,,,,,,,,,,,,,,,,,,
2016-12-27,False,False,True,,,,,,,,,,,-0.0049187433146263984,6.908999999999878,0.006048199130981616,1142.3235,1136.7185,1142.572,1135.663,0.002698282663890472,240.0,0.31100000000014916,,,,,,,,,,,,,,,,,,,,,,,,,,,,,,,,
2016-12-28,False,False,True,,,,,,,,,,,-0.0006758542132574356,3.7619999999999436,0.0033009149904709933,1139.684,1138.914,1140.126,1136.364,0.002930556814006857,240.0,0.3079999999999927,,,,,,,,,,,,,,,,,,,,,,,,,,,,,,,,
2016-12-29,True,True,True,-0.0030511678813925545,4.466000000000122,0.003885691415545482,1149.345,1145.8435,1149.826,1145.36,0.002285675421480958,237.0,0.31599999999980355,0.010870742926061107,14.766999999999825,0.012885515073748851,1146.0155,1158.5414999999998,1158.994,1144.227,0.006480337828896198,240.0,0.31399999999996453,0.004909073857644626,7.565000000000055,0.00662192237076205,1142.4175,1148.0394999999999,1149.799,1142.234,0.0035749522124164557,354.0,0.3490000000000464,7.279999999999973,0.006226987195852042,0.003995433833706864,0.002971664541272468,0.005326957654071433,0.002797328309066534,0.0030633297213456126,1.039148351648363,0.03840148503173562,1.2286710434871875,-0.3154793400777538,-0.29284089865724094,-1.0907435753977432,1.0,0.0037087912087972194,0.17932692307694648,-5.078862659324538,0.04718279268540022,0.0,0.0,0.0,0.0
2016-12-30,True,True,True,0.0007215209905792547,3.189999999999827,0.002754165675584172,1158.2455,1159.0815,1161.166,1157.976,0.002207495732074535,239.0,0.33999999999991815,-0.0015421569440714682,5.0150000000001,0.004330600550241097,1158.038,1156.2535,1160.498,1155.483,0.0034302513740754144,240.0,0.3385000000000673,0.0008717799290715913,5.282000000000153,0.004552123843278488,1160.3375,1161.3495,1163.227,1157.945,0.0045724974780875175,359.0,0.3830000000000382,7.279999999999973,0.006226987195852042,0.003367817724738537,0.004909073857644626,0.004399639722749506,0.0026160277970014236,0.002875208367092632,0.7255494505494743,-0.32082604833362144,0.2588560309151745,-0.46840809971725283,-0.2642664270145316,0.2758078455459402,0.0,0.0,0.42637362637363374,-5.078862659324538,-0.08304775748584119,0.0,0.0,-0.0,-0.0
2017-01-02,False,False,False,,,,,,,,,,,,,,,,,,,,,,,,,,,,,,,,,,,,,,,,,,,,,,,,,,,,
2017-01-03,False,True,True,-0.003929361781590428,8.495000000000118,0.007366375509121141,1153.213,1148.6905000000002,1154.499,1146.004,0.0034510642000619898,238.0,0.29200000000003,0.010079113131758521,16.9849999999999,0.01478490938204119,1148.8065,1160.444,1163.579,1146.594,0.007350856484294234,240.0,0.2880000000000109,,,,,,,,,,,,,,,0.004059315328097626,0.002430824629602816,0.0027013021200912547,,,,0.5959114744328154,0.24494872380664187,-1.616472753212339,,,,,,,,,
2017-01-04,True,True,True,0.003261151073072919,7.058999999999969,0.0060767012439202584,1161.65,1165.4445,1167.787,1160.728,0.003876133336141931,239.0,0.28899999999998727,-0.0003994137123217773,5.826000000000022,0.004997893953028737,1165.691,1165.2255,1167.852,1162.026,0.004372488652175139,240.0,0.2805000000000746,0.003802813952451215,5.5499999999999545,0.0047960532370550455,1157.2015000000001,1161.6105,1161.637,1156.087,0.003330536972799552,359.0,0.3170000000000073,7.163999999999987,0.006121216784130025,0.0033719180277932965,0.0008717799290715913,0.004059315328097626,0.0024549646911179125,0.0027013021200912547,0.7747068676716868,-0.2552705564401286,1.127789561046925,0.40344766918118263,0.3611041704287145,1.3283902146828415,1.0,0.8584589614740511,0.005513679508666834,-5.095994381283886,-0.28789146879581695,0.0,0.0,-0.0,-0.0
2017-01-05,True,True,True,-0.00483616250060523,8.84699999999998,0.0075131556655027775,1177.5345,1171.8535000000002,1179.275,1170.428,0.0031593320299690038,239.0,0.29899999999997817,0.008057180101286341,13.760000000000218,0.011730295277789094,1173.031,1182.5205,1184.976,1171.216,0.004896455684900748,240.0,0.29300000000000637,0.007966787850575875,11.793999999999869,0.010115330549344501,1165.953,1175.279,1177.561,1165.767,0.0057363400027590555,355.0,0.34699999999998,7.163999999999987,0.006121216784130025,0.0034145265901924706,0.003802813952451215,0.004059315328097626,0.002730125272472612,0.0027013021200912547,1.6462869905080806,0.49852244337983764,2.3332042203035828,0.6156412516659835,0.15662669887556283,-1.7714068102908802,1.0,0.23925181462872308,0.31483807928531377,-5.095994381283886,1.163154668809891,0.0,0.0,0.0,0.0
2017-01-06,True,True,True,0.002380239406928343,5.007000000000062,0.0042622088405719905,1174.743,1177.5425,1179.391,1174.384,0.002315901023974642,240.0,0.29099999999994,-0.002304326972386231,12.067999999999984,0.010261027862839939,1176.1005,1173.3935000000001,1182.671,1170.603,0.0064964364639824995,240.0,0.29750000000001364,-0.00384147156617121,6.3409999999998945,0.005369860693568104,1180.85,1176.3225,1181.397,1175.056,0.0033699018925305523,359.0,0.3429999999998472,7.279999999999973,0.006226987195852042,0.0038363324563235606,0.007966787850575875,0.004059315328097626,0.0027964452550463394,0.0027013021200912547,0.8710164835164723,-0.13809437749071288,-1.0013395892838168,0.0487732120864172,-0.15393510042223235,0.8511661019049346,1.0,0.09230769230769616,0.21696428571429377,-5.078862659324538,0.1382793672389548,0.0,0.0,-0.0,-0.0
2017-01-09,True,True,True,0.004840256653304023,6.921000000000049,0.005894439204280557,1174.1575,1179.8545,1180.838,1173.917,0.002701755590511604,240.0,0.2949999999999591,0.003892582640690148,6.760999999999967,0.005736140911724828,1178.667,1183.2640000000001,1183.931,1177.17,0.004394963737752113,240.0,0.29099999999994,-0.0002427776845566031,3.9839999999999236,0.003393364541384673,1174.056,1173.7710000000002,1176.493,1172.509,0.002370844391006067,353.0,0.3170000000000073,7.163999999999987,0.006121216784130025,0.0036597457651616427,0.00384147156617121,0.004059315328097626,0.0029299621947696504,0.0025271486187284473,0.5561139028475615,-0.5867821444761311,-0.06633730869168179,0.3729950777299185,0.06681014142266879,1.6519860433504867,1.0,0.606504745951987,0.053950307090988615,-5.095994381283886,0.03892554825288013,0.0,0.0,-0.0,-0.0
2017-01-10,True,True,True,-5.910849194665354e-06,3.407000000000153,0.0028768862413993414,1184.2665,1184.2595000000001,1186.045,1182.638,0.002685750659052206,240.0,0.28500000000008185,0.004951736376917454,9.625,0.0081415453118233,1182.208,1188.0765000000001,1190.548,1180.923,0.003799409815651806,240.0,0.28099999999994907,0.003066210375943417,7.2159999999998945,0.006101247221421242,1182.7089999999998,1186.341,1187.263,1180.047,0.0032798073411992486,358.0,0.3210000000000264,6.782500000000027,0.005718078633984143,0.003530252209834667,0.0002427776845566031,0.004059315328097626,0.003276828054472078,0.0025271486187284473,1.0639144858090477,0.061955017209354195,0.8685527814136026,-0.3443057779076805,0.060868624957978755,-0.0018038325772383674,0.0,0.0,0.3058606708440745,-5.1641224331681554,0.0538112025197122,0.0,0.0,0.0,0.0
2017-01-11,True,True,True,0.0004508166291430367,4.347999999999956,0.003657822022730113,1188.6855,1189.2215,1191.282,1186.934,0.0026525533444761804,239.0,0.2849999999998545,-0.004670349337210435,12.355999999999995,0.010394924692320824,1188.6570000000002,1183.1185,1189.388,1177.032,0.006788836659367436,240.0,0.29100000000005366,0.0023861185427419516,3.5329999999999018,0.0029782013029735245,1186.2865,1189.1205,1189.116,1185.583,0.003206136095121973,359.0,0.3160000000000309,7.163999999999987,0.00607675898978715,0.0035710302387001016,0.003066210375943417,0.003959822575381043,0.0031161261725686537,0.0025271486187284473,0.49316024567279565,-0.7069211158214832,0.6681877170579569,-0.07933132553732099,0.04843106332710848,0.14467213590758557,1.0,0.30234505862645783,0.06072026800669266,-5.1032837860218,-0.4723560065208204,0.0,0.0,-0.0,-0.0
2017-01-12,True,True,True,0.003914262224329914,7.485000000000127,0.006236598291830413,1200.1734999999999,1204.8805,1206.95,1199.465,0.003729254636973545,240.0,0.2965000000000373,-0.0017051372208691151,6.232999999999947,0.005174982575012504,1204.4485,1202.3964999999998,1205.918,1199.685,0.0051693992715539094,240.0,0.29599999999982174,0.004225198850147087,5.8409999999998945,0.004893470053362277,1193.6315,1198.6855,1198.666,1192.825,0.0033662393858401403,359.0,0.3240000000000691,6.782500000000027,0.005718078633984143,0.003515766653154418,0.0023861185427419516,0.003882347510624792,0.0031284749873941036,0.0025493862719268862,0.8611868779948206,-0.14944375049279954,1.2017859166950546,0.4739948890047151,0.38035573193050676,1.2511726128871308,1.0,1.2213785477331474,0.2193881312200255,-5.1641224331681554,-0.17959939468033612,0.0,0.0,-0.0,-0.0
2017-01-13,True,True,True,0.0005423043471296001,4.050999999999931,0.0033859332901767657,1196.4205,1197.0695,1198.356,1194.305,0.002563148562907223,240.0,0.2880000000000109,-0.002802623075220727,12.884000000000015,0.01075408380155695,1198.0565,1194.7035,1200.709,1187.825,0.006149229093157981,240.0,0.2940000000000964,-0.0017717494139691478,5.4659999999998945,0.004569448978457209,1196.2055,1194.088,1196.665,1191.199,0.002985355730897076,354.0,0.3300000000001546,6.386499999999955,0.005376873601691666,0.003151260989846925,0.004225198850147087,0.003959822575381043,0.0032953592437596374,0.002669152001764193,0.855867846238148,-0.15563929999483056,-0.5622350607193637,-0.15656963820981232,-0.040524409469752845,0.16456607823761615,1.0,0.2647772645424008,0.3652235183590383,-5.225648188648365,0.08750587128291282,0.0,1.0,-0.0,-0.15563929999483056
2017-01-16,True,True,False,6.0620001463576695e-05,3.5260000000000673,0.002928117862141842,1204.1865,1204.2595000000001,1204.65,1201.124,0.0028825875831140694,240.0,0.28300000000012915,,,,,,,,,,,0.0003488815474558504,4.177999999999884,0.003471146201055537,1203.6370000000002,1204.057,1204.35,1200.172,0.0033625552578517457,358.0,0.31399999999985084,6.188499999999976,0.005264050497634405,0.0031011417394812336,0.0017717494139691478,0.003882347510624792,0.003230926655807798,0.0026078509536917017,0.6751232124100993,-0.39286006786358996,0.11250100020072354,-0.28208015043810847,0.10016186435439159,0.018762419553724114,1.0,0.04847701381597851,0.02092591096388588,-5.246854491989479,-0.044197150573577995,0.0,1.0,-0.0,-0.39286006786358996
2017-01-17,True,True,True,0.0036825684396715173,8.225999999999885,0.006792447221462916,1211.051,1215.519,1218.791,1210.565,0.0034427369266326583,240.0,0.2940000000000964,0.001264858437263032,6.18100000000004,0.005103089676831873,1211.227,1212.76,1217.241,1211.06,0.005105895594955543,240.0,0.2899999999999636,0.007307184645581404,9.293999999999869,0.007724581356613908,1203.172,1211.996,1212.28,1202.986,0.0028776297177964417,360.0,0.3305000000000291,5.938499999999976,0.005025855177531491,0.002979343840322367,0.0003488815474558504,0.003768412814217108,0.0032311993766980826,0.0026078509536917017,1.5650416771911941,0.44791245443061856,2.4526154204446446,0.5891573835422903,0.27774028048287414,1.1396908733730577,1.0,1.0964048160309832,0.15913109371056117,-5.29315965493337,1.0985569927457444,0.0,1.0,0.0,0.44791245443061856
2017-01-18,True,True,True,0.001629947168998191,4.028999999999996,0.0033261194488828907,1211.3215,1213.2975000000001,1214.762,1210.733,0.002443691442111771,239.0,0.2820000000001528,0.001581572805120553,5.253000000000156,0.00433389380516384,1212.074,1213.9925,1216.526,1211.273,0.0032324900967592527,240.0,0.28700000000003456,-0.0023753831616455338,6.54300000000012,0.005384560310285078,1215.141,1212.2579999999998,1217.476,1210.933,0.0027103150848450863,358.0,0.3029999999998836,5.938499999999976,0.005025855177531491,0.003287499182525668,0.007307184645581404,0.003768412814217108,0.003330942247899157,0.002669152001764193,1.1017933821672385,0.09693919965546607,-0.722550190817268,-0.1248476148255245,-0.08825103747311226,0.4893351633539151,1.0,0.03367853835144334,0.15769975583056328,-5.29315965493337,-0.07004343720873026,0.0,1.0,0.0,0.09693919965546607
2017-01-19,True,True,True,0.0028396795675475956,7.568000000000211,0.006308438286418945,1199.663,1203.0745000000002,1205.707,1198.139,0.002751254601053135,240.0,0.2999999999999545,-0.0037842587747071894,10.24499999999989,0.008504717856296326,1204.6255,1200.0755,1205.8,1195.555,0.006119802847163234,240.0,0.2964999999999236,-0.0004344013508564914,7.430999999999813,0.006176718484272528,1203.066,1202.5435,1204.859,1197.428,0.003483459375769571,360.0,0.3160000000000309,5.938499999999976,0.005025855177531491,0.003390917113943035,0.0023753831616455338,0.003768412814217108,0.0033601140347221934,0.002669152001764193,1.251326092447561,0.22420386294315292,-0.12810733387445136,0.5152342391037168,0.030296206576861065,0.8451140461911061,1.0,0.14279700261011824,0.48505514860654964,-5.29315965493337,-0.028722159126000225,0.0,1.0,0.0,0.22420386294315292
2017-01-20,False,True,True,-0.0042021547053904445,8.593000000000075,0.007125440675710418,1205.9605000000001,1200.9035,1207.059,1198.466,0.0029454634749819177,240.0,0.29899999999997817,0.002558125936181754,5.656999999999925,0.0047121443713738905,1200.5149999999999,1203.5900000000001,1205.355,1199.698,0.004260980962008029,240.0,0.28449999999998,,,,,,,,,,,,,,,0.003768412814217108,0.0026794358201725813,0.002669152001764193,,,,0.6370176648383129,0.09850536199463453,-1.5682983237567472,,,,,,,,,
2017-01-23,True,True,True,-0.000892092882142185,4.65099999999984,0.0038311998550221915,1213.98,1212.8975,1215.043,1210.392,0.0027428153505852184,240.0,0.28899999999998727,0.0029723520161327086,9.928000000000111,0.008176348216241773,1214.234,1217.8485,1219.077,1209.149,0.004666647377367618,240.0,0.28150000000005093,0.000861744361950786,5.940000000000055,0.004886419537780952,1215.614,1216.662,1219.461,1213.521,0.0034893438362204915,360.0,0.3369999999999891,5.938499999999976,0.005025855177531491,0.003316635803173762,0.0004344013508564914,0.003882347510624792,0.0028651363421774803,0.002669152001764193,1.000252589037649,0.00025255714240886236,0.2598248385083957,-0.013261966985864114,0.027224073466189293,-0.31136140678883073,1.0,0.5269007325081954,0.45162919929275525,-5.29315965493337,6.562061874052457e-05,0.0,1.0,0.0,0.00025255714240886236
2017-01-24,True,True,True,0.0006896921379043396,2.6380000000001473,0.0021744748144629346,1213.1664999999998,1214.0035,1214.178,1211.54,0.0017672848577692719,238.0,0.28449999999998,-0.0006253353342831415,6.224999999999909,0.005130514942985274,1213.3285,1212.5700000000002,1217.667,1211.442,0.0029213617032387965,240.0,0.27899999999999636,-0.001156315567088423,3.5019999999999527,0.0028763872182287985,1217.4995,1216.0925,1218.558,1215.056,0.002260001798126285,358.0,0.30300000000011096,5.8904999999999745,0.004889944795571614,0.0033158219738317757,0.000861744361950786,0.003882347510624792,0.0028408634787228564,0.002693753124781905,0.594516594516589,-0.5200066498403861,-0.34872667357113285,-0.5796528284221376,-0.4214910447066324,0.24277553042232033,1.0,0.5968933027756713,0.49673202614381984,-5.320574264808239,0.1813401892337067,0.0,1.0,-0.0,-0.5200066498403861
2017-01-25,True,True,True,0.0005915206008147231,4.425999999999931,0.0036755714429856094,1204.1665,1204.879,1205.22,1200.794,0.002736644622031496,237.0,0.26499999999987267,-0.003813379953004132,13.656000000000176,0.011332465031055299,1205.0335,1200.4470000000001,1205.737,1192.081,0.0056476292604257464,240.0,0.27299999999991087,-0.0048447016576339,6.4809999999999945,0.005358866708422991,1209.3975,1203.5525,1209.719,1203.238,0.002936135204185058,356.0,0.30150000000003274,5.8904999999999745,0.004889944795571614,0.0033594560340490212,0.001156315567088423,0.003882347510624792,0.00281008095110132,0.002693753124781905,1.1002461590696924,0.09553393574154552,-1.442108963037915,-0.05473138392405302,0.015797144595783356,0.21049948777557306,1.0,0.41490535608182166,0.10423563364740436,-5.320574264808239,-0.137770345007171,0.0,1.0,0.0,0.09553393574154552
2017-01-26,True,True,True,-0.0033222733184628166,6.953999999999951,0.005812689953090531,1196.348,1192.38,1198.235,1191.281,0.003429025291053679,239.0,0.27899999999999636,-0.0011468531135108782,7.064000000000078,0.005946916363070086,1187.8425,1186.481,1191.395,1184.331,0.005552328002947658,240.0,0.27499999999997726,-0.0019600390115834376,5.091999999999871,0.004239261875573561,1201.1525,1198.8005,1202.568,1197.476,0.0027120082137283064,356.0,0.2880000000000109,6.1404999999999745,0.005126168380892634,0.003556967817327121,0.0048447016576339,0.0038584456352838367,0.0027657046697721127,0.0027192001062715503,0.8292484325380494,-0.18723549137316284,-0.5510420988448262,0.40977903326341825,0.2319382906072661,-1.2012393639761123,1.0,1.0088754987379187,0.39939744320496867,-5.273396803180879,0.10317463814451001,0.0,1.0,-0.0,-0.18723549137316284
2017-01-27,True,True,True,0.0018338742014189686,4.410000000000082,0.003729465739233457,1182.475,1184.6455,1186.093,1181.683,0.0027045920200694127,240.0,0.2779999999999063,0.004625272804212075,9.610999999999876,0.00812777460415038,1182.4885,1187.9705,1190.088,1180.477,0.00543141980779344,240.0,0.27349999999989905,-0.004072313973248498,5.388999999999896,0.004534384204288688,1188.4745,1183.6444999999999,1188.357,1182.968,0.0029141961257527493,357.0,0.28899999999998727,5.8904999999999745,0.004889944795571614,0.003580439935923707,0.0019600390115834376,0.004073950128058736,0.0028779488914100013,0.0027397299863083572,0.9148629148629012,-0.08898104475269228,-1.137378100492529,-0.08834808626508048,-0.012908293851446416,0.6372156944456695,1.0,0.21814786520670357,0.19854002206942975,-5.320574264808239,0.10120509166065786,0.0,1.0,-0.0,-0.08898104475269228
2017-01-30,False,True,True,-0.0005939868972805082,3.8379999999999654,0.003221264711498283,1191.4575,1190.75,1191.96,1188.122,0.0023176633980352994,239.0,0.27900000000022374,0.003169687659016478,9.11999999999989,0.007655582720375973,1191.2875,1195.0695,1199.415,1190.295,0.005175003658621266,240.0,0.27700000000004366,,,,,,,,,,,,,,,0.004046704347797091,0.002787268484076961,0.0027397299863083572,,,,-0.22812875857723114,-0.16729984826462257,-0.21310716950082917,,,,,,,,,
2017-01-31,True,True,True,0.0023675635059027867,8.177000000000135,0.006805653927878658,1201.501,1204.3490000000002,1204.303,1196.126,0.003831084671071853,240.0,0.2785000000000082,0.006747814335297201,12.22199999999998,0.010142877475085741,1204.9835,1213.142,1215.311,1203.089,0.006382893642984889,240.0,0.28100000000006276,0.0036770312302759067,7.025000000000091,0.00586951544956736,1196.862,1201.2710000000002,1203.038,1196.013,0.002525177051385984,357.0,0.27800000000002,5.8904999999999745,0.004889944795571614,0.0037031793840289124,0.004072313973248498,0.004046704347797091,0.0027975798498312433,0.0027397299863083572,1.1925982514218014,0.17613433151578978,0.9929389988868005,0.5198509181262323,0.3352885966319477,0.846289876603738,1.0,0.21475256769376208,0.03904592139882723,-5.320574264808239,0.17489064680488414,0.0,0.0,0.0,0.0
2017-02-01,True,True,True,0.003321912716796563,5.339000000000169,0.004420849284976001,1207.6865,1211.705,1212.361,1207.022,0.002422320989190899,238.0,0.2699999999999818,-0.0049051507522394466,13.229000000000042,0.010926966744570932,1210.6745,1204.7505,1210.979,1197.75,0.005593687626997914,240.0,0.2839999999998781,-0.0022250893060183088,3.7539999999999054,0.0030982915241422903,1211.6354999999999,1208.9425,1211.697,1207.943,0.002401230680034285,353.0,0.2919999999999163,5.8904999999999745,0.004889944795571614,0.003663536111948162,0.0036770312302759067,0.004046704347797091,0.002628379736084705,0.0027397299863083572,0.6372973431796828,-0.4505189455397408,-0.6073610954076473,0.08842901498749851,-0.12313320341957928,1.2638633113740865,1.0,0.15635345047110655,0.21322468381293455,-5.320574264808239,0.2736276802649152,0.0,1.0,-0.0,-0.4505189455397408
2017-02-02,True,True,True,0.006407260416300638,10.069999999999936,0.008293178263802077,1214.251,1222.056,1223.684,1213.614,0.0038151061905345616,240.0,0.27800000000002,-0.0015235056446855147,10.036000000000058,0.00822517439361267,1220.1565,1218.299,1225.242,1215.206,0.005405339076810712,240.0,0.27800000000002,0.0054472620031241125,7.613000000000056,0.006292851088064832,1209.7855,1216.3935000000001,1217.19,1209.577,0.002834334618859265,358.0,0.30100000000015825,5.6954999999999245,0.004841236387417999,0.0036031668456838295,0.0022250893060183088,0.004046704347797091,0.00263145429337025,0.0027206183210504546,1.3366693003248455,0.29018092296626663,1.5117984363253376,0.7175304723668355,0.3381093209621921,2.4348742945842705,1.0,1.1401984022473883,0.37617417259242963,-5.330585138930022,0.4386950655918451,0.0,0.0,0.0,0.0
2017-02-03,True,False,True,,,,,,,,,,,0.0070565807633799224,15.105000000000018,0.012462614220003727,1212.025,1220.608,1221.358,1206.253,0.005979601706964404,240.0,0.27049999999997,-0.0011460927546927688,5.898999999999887,0.004855859422910773,1214.821,1213.4295,1216.811,1210.912,0.0035594163033949295,359.0,0.28099999999994907,5.8904999999999745,0.004889944795571614,0.0037643519567585612,0.0054472620031241125,,,,1.0014430014429867,0.0014419613168865503,-0.3044595106562925,,,,,,,-5.320574264808239,-0.0004390188369245822,0.0,0.0,0.0,0.0
2017-02-06,True,True,True,0.0028815592109321195,5.11200000000008,0.004181341988296888,1222.574,1226.1019999999999,1226.784,1221.672,0.0023867645027855484,237.0,0.27300000000013824,6.144524508307286e-05,4.90300000000002,0.003990401225361649,1228.6985,1228.774,1230.116,1225.213,0.0036321840497245406,240.0,0.2580000000000382,0.002100906420160452,5.031999999999925,0.004121056864360495,1221.046,1223.614,1225.069,1220.037,0.0023110257920460017,354.0,0.2839999999999918,5.919499999999971,0.004889944795571614,0.003719536058165038,0.0011460927546927688,0.004046704347797091,0.0025722821092881245,0.0027206183210504546,0.8500717966044345,-0.16243446647142434,0.5648302334772617,0.03272943627636981,-0.13092049413784385,1.1202345188061769,1.0,0.28972041557566586,0.1756905144015489,-5.320574264808239,-0.09174789762180904,0.0,0.0,-0.0,-0.0
2017-02-07,True,True,True,-0.001258135105910845,3.852999999999838,0.0031305630869804474,1230.769,1229.2215,1231.686,1227.833,0.0026878200785118156,238.0,0.27099999999995816,0.001775255600826697,7.414999999999964,0.006022953830383355,1231.1235000000001,1233.311,1235.041,1227.626,0.003921305877392071,239.0,0.25699999999983447,0.00047856439701363156,4.095000000000027,0.0033195431108942433,1233.6035000000002,1234.194,1235.494,1231.399,0.002741613250803776,353.0,0.28300000000012915,5.869999999999891,0.004871139480345862,0.0033139808627651625,0.002100906420160452,0.00400627092165954,0.0025854963923959045,0.0027206183210504546,0.69761499148213,-0.36008791653494715,0.1444077129082516,-0.24664797556256685,-0.012128693046146789,-0.4866125938566744,1.0,0.6074957410561959,0.5834752981260678,-5.324427389719443,-0.05199947247270911,0.0,0.0,-0.0,-0.0
2017-02-08,False,True,True,0.004179583744548203,6.641000000000076,0.005390446142413847,1231.9945,1237.1545,1238.065,1231.424,0.002890207816012987,237.0,0.262000000000171,0.0021469184671890737,6.9529999999999745,0.005607339461379258,1239.982,1242.647,1244.71,1237.757,0.0035964239011869255,240.0,0.25650000000007367,,,,,,,,,,,,,,,0.003780332797127824,0.0025109739995757335,0.0027206183210504546,,,,0.35481610641866707,0.060469229804702214,1.6645268908616362,,,,,,,,,
2017-02-09,False,False,True,,,,,,,,,,,-0.005808387055208796,14.094000000000051,0.0113780484555999,1238.701,1231.527,1244.477,1230.383,0.006397966663630567,240.0,0.25900000000001455,,,,,,,,,,,,,,,,,,,,,,,,,,,,,,,,
2017-02-10,False,True,True,0.003933255780801362,6.176000000000158,0.005053908493651444,1222.0245,1226.8405,1227.708,1221.532,0.0023350018896488,238.0,0.26549999999997453,0.006678731641938932,10.91599999999994,0.008902158218818033,1226.2195000000002,1234.4365,1234.808,1223.892,0.004284874511983278,240.0,0.2540000000001328,,,,,,,,,,,,,,,0.00400627092165954,0.0025917253610180163,0.0027397299863083572,,,,0.23230103914592293,-0.15984667000918398,1.5176205935865055,,,,,,,,,
2017-02-13,False,True,True,-0.0011567376580053274,3.31899999999996,0.002694517318910584,1231.7604999999999,1230.3365,1232.251,1228.932,0.001960124854124068,238.0,0.25499999999999545,-0.0041697217889488745,10.302000000000135,0.008382291737437961,1229.0194999999999,1223.9054999999998,1229.316,1219.014,0.0037727402138881816,240.0,0.25500000000010914,,,,,,,,,,,,,,,0.0043010956366364445,0.002651069307245235,0.0027397299863083572,,,,-0.46765070358633687,-0.3348511981038457,-0.4363287126609717,,,,,,,,,
2017-02-14,False,True,True,0.001689787289417061,3.6760000000001583,0.00299610083069272,1226.928,1229.003,1229.958,1226.282,0.002221448941545728,239.0,0.2599999999999909,-0.0065804694917309765,12.987999999999829,0.01052985743182698,1233.445,1225.355,1234.445,1221.457,0.0064792392509540955,239.0,0.26299999999991996,,,,,,,,,,,,,,,0.00400627092165954,0.002643488841903749,0.0027206183210504546,,,,-0.2905491437352865,-0.20269951903380187,0.6392261857251249,,,,,,,,,
2017-02-15,False,True,True,0.0007247333190640505,2.6089999999999236,0.0021288852768284617,1225.524,1226.4125,1226.693,1224.084,0.001857343706203764,236.0,0.25950000000000273,0.0032812599084441297,16.34699999999998,0.013330071555256543,1226.325,1230.3555,1231.358,1215.011,0.006423932241622957,240.0,0.26699999999993906,,,,,,,,,,,,,,,0.00400627092165954,0.00264144469743384,0.0027206183210504546,,,,-0.6322623654113548,-0.381711826336525,0.27437005202801634,,,,,,,,,
2017-02-16,False,True,True,0.002894517268491381,5.510999999999967,0.004465350991091554,1234.1695,1237.7469999999998,1239.097,1233.586,0.0029037337367445095,240.0,0.26299999999991996,0.0017393172530853886,6.698000000000093,0.005411967655857754,1237.6275,1239.7820000000002,1242.333,1235.635,0.00321640680318016,240.0,0.26350000000002183,,,,,,,,,,,,,,,0.00400627092165954,0.0026300652640883116,0.002696206049290614,,,,0.10848695673758467,0.0741517864020221,1.1005495977662514,,,,,,,,,
2017-02-17,False,True,True,0.0045903330490032505,6.414999999999964,0.00518620203470508,1236.9360000000001,1242.627,1242.806,1236.391,0.0028953081206448583,239.0,0.25900000000001455,-0.002813173853852023,6.641000000000076,0.0053471005808058145,1241.9814999999999,1238.4924999999998,1243.66,1237.019,0.003408882142821739,240.0,0.26050000000009277,,,,,,,,,,,,,,,0.00400627092165954,0.002597681238155761,0.002696206049290614,,,,0.25814078014337527,0.07124591945512854,1.7670886564443082,,,,,,,,,
2017-02-20,False,False,False,,,,,,,,,,,,,,,,,,,,,,,,,,,,,,,,,,,,,,,,,,,,,,,,,,,,
2017-02-21,False,True,True,-0.002422561992207185,6.61200000000008,0.0053578678084684455,1234.073,1231.087,1234.563,1227.951,0.002491060860990456,237.0,0.262000000000171,0.005431339186304361,11.657999999999902,0.009477655804515343,1230.051,1236.75,1237.704,1226.046,0.0046118409658519495,240.0,0.25099999999997635,,,,,,,,,,,,,,,0.0043010956366364445,0.002703960860819797,0.0027206183210504546,,,,0.2196963095515081,-0.08815051005511781,-0.8959308647214308,,,,,,,,,
2017-02-22,False,True,True,0.0026669810263771927,4.286000000000058,0.00347162176008636,1234.5815,1237.8785,1238.207,1233.921,0.0022075664169584077,237.0,0.26099999999996726,-0.004576089128667036,10.128999999999905,0.008179944236829861,1238.2725,1232.619,1240.357,1230.228,0.004655435055404409,240.0,0.2619999999999436,,,,,,,,,,,,,,,0.0043010956366364445,0.0028080596570697587,0.002696206049290614,,,,-0.21424793866507594,-0.19995487790727381,0.9497593897845521,,,,,,,,,
2017-02-23,False,True,True,0.002091350498693339,3.4020000000000437,0.0027509537771841,1236.662,1239.251,1239.421,1236.019,0.0016639107488928824,237.0,0.2599999999999909,0.005088567343851322,9.088000000000193,0.007309279519620921,1243.351,1249.694,1251.054,1241.966,0.004225561716889092,240.0,0.26099999999996726,,,,,,,,,,,,,,,0.00400627092165954,0.0025300835403000792,0.0025894404697511357,,,,-0.3759131843138441,-0.44227111304955,0.8265934564537325,,,,,,,,,
2017-02-24,False,False,True,,,,,,,,,,,-0.0012182204791096256,8.072999999999865,0.006417698953238454,1257.9275,1256.396,1260.05,1251.977,0.0041146414831151785,240.0,0.25900000000001455,,,,,,,,,,,,,,,,,,,,,,,,,,,,,,,,
2017-02-27,False,False,True,,,,,,,,,,,0.005882134029701086,10.114000000000033,0.008054429916545015,1255.7065,1263.1145000000001,1263.853,1253.739,0.003671298847980903,238.0,0.26400000000001,,,,,,,,,,,,,,,,,,,,,,,,,,,,,,,,
2017-02-28,False,True,True,-0.0005146440273057913,4.648999999999887,0.0037084721318169896,1253.616,1252.971,1254.819,1250.17,0.0024696627902157614,238.0,0.25,0.0021575067361773344,5.56899999999996,0.0044425210449377155,1253.5675,1256.275,1258.194,1252.625,0.004280897153192308,240.0,0.25,,,,,,,,,,,,,,,0.003955403863765172,0.0024716092175535572,0.0024566909250906773,,,,-0.06446274324995566,0.005266327127557268,-0.20822224793901484,,,,,,,,,
2017-03-01,True,True,True,-0.0015480395331029454,4.16599999999994,0.003344132596543117,1245.7640000000001,1243.837,1247.278,1243.112,0.003183667927808332,240.0,0.25,0.002633608224874676,9.776000000000067,0.00786937925199849,1242.2835,1245.5595,1246.479,1236.703,0.004275023217851453,240.0,0.2960000000000491,-0.0012498925085633178,6.205999999999904,0.004980396610023873,1246.0855000000001,1244.529,1248.464,1242.258,0.003923395652864772,359.0,0.27099999999995816,5.6534999999998945,0.00471265420068399,0.003169713517147561,0.00047856439701363156,0.003955403863765172,0.0025094768107790247,0.002480361825603109,1.0977270717254832,0.09324174363302883,-0.39432349384309706,-0.16787536422566782,0.249629521557584,-0.616877401079623,0.0,0.0,0.21844874856286378,-5.357504005112793,-0.036767410121398274,0.0,0.0,0.0,0.0
2017-03-02,True,True,True,-0.0037329859756596463,5.628999999999905,0.004518269331875596,1245.8310000000001,1241.189,1246.33,1240.701,0.0021214181574352154,240.0,0.2880000000000109,-0.002907559052592946,8.648999999999887,0.006972360062057057,1240.4695000000002,1236.868,1242.418,1233.769,0.004673856331820064,240.0,0.3830000000000382,-0.0007832328424553525,2.5299999999999727,0.00202847237589435,1247.2440000000001,1246.2675,1248.013,1245.483,0.0019464557675415793,357.0,0.3079999999999927,5.869999999999891,0.004871139480345862,0.0031897951770094883,0.0012498925085633178,0.003955403863765172,0.002596375500990185,0.002480361825603109,0.4310051107325417,-0.8416353311005683,-0.24554330262347834,0.1330463186063393,-0.15631963972725635,-1.4377681403310076,1.0,0.8146507666098832,0.07436115843267536,-5.324427389719443,0.20665791880303824,0.0,0.0,-0.0,-0.0
2017-03-03,True,True,True,-0.00024806977201534863,3.981999999999971,0.003243649651625324,1227.6295,1227.325,1229.212,1225.23,0.002873777001648614,240.0,0.3810000000000855,-0.003724534253939941,8.654999999999973,0.007045300345101662,1228.4785000000002,1223.9115000000002,1231.754,1223.099,0.004002974529560933,240.0,0.25,-0.003934896093133279,6.461000000000013,0.005229474454409856,1235.4969999999998,1230.645,1235.441,1228.98,0.002397918563172346,360.0,0.39200000000005275,5.6534999999998945,0.00471265420068399,0.0031382763403647934,0.0007832328424553525,0.003955403863765172,0.0026373119177142508,0.00244599188970333,1.1428318740603403,0.13350928218288632,-1.25383990011405,-0.19838357919987645,0.16117647149323136,-0.09406159747321427,1.0,0.6633059166887892,0.5333863978066739,-5.357504005112793,-0.16739926503648872,0.0,0.0,0.0,0.0
2017-03-06,True,True,True,-0.0007865407334724584,4.941000000000031,0.004011120081537548,1231.8255,1230.857,1235.007,1230.066,0.0023537024640866615,239.0,0.25,-0.003854906108567299,8.454000000000178,0.006862884773918261,1231.8435,1227.104,1234.486,1226.032,0.0033616816959984586,240.0,0.25,-0.0027511948331031977,4.163000000000011,0.0033654504938028674,1236.9814999999999,1233.583,1236.825,1232.662,0.002408283814565912,356.0,0.26350000000002183,5.869999999999891,0.004871139480345862,0.0032278525377350876,0.003934896093133279,0.003944907060056939,0.002661005644453852,0.00244599188970333,0.70919931856901,-0.34361866562714544,-0.8523297768223482,0.016645129295123982,-0.03846111655642996,-0.2955802574533392,1.0,0.44224872231687423,0.29940374787056157,-5.324427389719443,0.29287642058597796,0.0,0.0,-0.0,-0.0
2017-03-07,False,True,True,-0.0011705957675989245,4.770999999999958,0.003893718064125936,1225.307,1223.8735000000001,1226.153,1221.382,0.0016577692091230903,239.0,0.25,-0.004093242370661094,8.161000000000058,0.006672673517310897,1223.048,1218.052,1223.165,1215.004,0.0033715690493551225,240.0,0.25,,,,,,,,,,,,,,,0.004096231034917218,0.002668608463776857,0.00244599188970333,,,,-0.0507027894652145,-0.38897787285435387,-0.4386539964510909,,,,,,,,,
2017-03-08,False,True,True,3.62460016170654e-05,3.2999999999999545,0.0027184993883376,1213.905,1213.949,1214.594,1211.294,0.002142796554118656,237.0,0.25,-0.0019397046319622323,7.089999999999918,0.005848947024544061,1212.184,1209.835,1213.59,1206.5,0.004258108476195298,240.0,0.25,,,,,,,,,,,,,,,0.003952419072831742,0.002711329807745422,0.0024045427459882234,,,,-0.3742477823561453,-0.11524798217065317,0.013368348444192182,,,,,,,,,
2017-03-09,False,True,True,-0.0006135073927467482,3.1720000000000255,0.0026325421044900324,1204.919,1204.18,1206.345,1203.173,0.002032926073608454,238.0,0.25,-0.0031742215071919387,7.635999999999967,0.006321820048349146,1207.88,1204.052,1208.987,1201.351,0.0038488463264228436,240.0,0.25,,,,,,,,,,,,,,,0.0038010950979714625,0.0026705821675062245,0.0023702334834361048,,,,-0.3673392498857377,-0.15351229573027406,-0.2297279597727705,,,,,,,,,
2017-03-10,False,True,True,0.0012140360078713146,2.4689999999998236,0.0020641948720348195,1196.108,1197.561,1197.668,1195.199,0.0014545261883235573,237.0,0.25,0.002272288413726266,11.490000000000009,0.00959555047059119,1197.43,1200.154,1206.339,1194.849,0.00632765728211868,240.0,0.25,,,,,,,,,,,,,,,0.003590046945951675,0.0023607215725239966,0.0023443521768677306,,,,-0.5534250213733711,-0.47732890270679773,0.5142648002209392,,,,,,,,,
2017-03-13,False,True,True,-0.003890281864940199,6.203000000000202,0.0051287351379956355,1209.46,1204.7640000000001,1210.217,1204.014,0.002099215333400771,240.0,0.25,0.0001527036854350461,4.163999999999987,0.003456014660673132,1204.856,1205.04,1206.517,1202.353,0.0030062136447034545,239.0,0.25,,,,,,,,,,,,,,,0.0034078771783147385,0.0023051322421139835,0.002278225415597264,,,,0.4087694978963537,-0.08183318927759708,-1.6876610347406844,,,,,,,,,
2017-03-14,False,True,True,0.002704861086207387,5.160999999999831,0.004295846571438181,1201.393,1204.647,1205.917,1200.756,0.0019818142216205537,237.0,0.25,0.001034541925881883,5.899999999999864,0.004897318178761961,1204.741,1205.988,1207.648,1201.748,0.0032863827708279167,240.0,0.25,,,,,,,,,,,,,,,0.003590046945951675,0.0024809373772955285,0.002214507679252068,,,,0.17948336300386808,-0.11101741335902109,1.0902577029799752,,,,,,,,,
2017-03-15,False,False,True,,,,,,,,,,,-0.00048393839406001677,5.538000000000011,0.004607742805082004,1201.89,1201.3085,1202.738,1197.2,0.0040608830481579025,239.0,0.25,,,,,,,,,,,,,,,,,,,,,,,,,,,,,,,,
2017-03-16,True,True,True,0.0006675706423924285,3.9890000000000327,0.003252537656134472,1226.4270000000001,1227.246,1227.305,1223.316,0.0024829709855729793,240.0,0.25,0.0009748030094180595,7.277000000000044,0.005929072744190326,1227.342,1228.539,1233.645,1226.368,0.004456791472654652,240.0,0.25,0.0046892838272345,6.989999999999782,0.005726872427157322,1220.5615,1226.2984999999999,1226.918,1219.928,0.0033660554894594926,359.0,0.2619999999999436,5.682499999999891,0.00471265420068399,0.0031135805812120593,0.0027511948331031977,0.003590046945951675,0.002382557610980655,0.002175181485538532,1.2300923889133155,0.20708927950114556,1.5060743426813925,-0.09872977034687384,0.132343718540882,0.28019076613960997,1.0,0.06810382754072651,0.022613286405677214,-5.357504005112793,0.31189185050105095,0.0,0.0,0.0,0.0
2017-03-17,False,True,True,0.004312909493695518,5.75,0.004690974890639099,1225.758,1231.056,1231.358,1225.608,0.002595019188491593,236.0,0.25,-0.001174183464793357,3.6030000000000655,0.002927033752281848,1230.939,1229.4945,1231.673,1228.07,0.00314789597822677,240.0,0.27350000000001273,,,,,,,,,,,,,,,0.0034078771783147385,0.0022290814667945856,0.002175181485538532,,,,0.3195508575742497,0.17648180831310528,1.9348370878061592,,,,,,,,,
2017-03-20,True,True,True,-0.0021255001810126352,2.630000000000109,0.002131346885620102,1233.9615,1231.3415,1233.796,1231.166,0.001411913903478485,238.0,0.28099999999994907,0.00189669348671792,3.9579999999998563,0.0032146467035859844,1231.2395000000001,1233.577,1233.963,1230.005,0.0022250423790761958,240.0,0.27800000000002,0.0021206455226540836,5.074000000000069,0.004120724058482827,1231.337,1233.951,1235.085,1230.011,0.0020007924107973097,356.0,0.31300000000010186,5.919499999999971,0.004871139480345862,0.0032962315065789157,0.0046892838272345,0.003590046945951675,0.0023888582127375543,0.002214507679252068,0.8571669904552909,-0.15412252469244514,0.6433545454624495,-0.5214111587365174,-0.45008394975042604,-0.8897556873318491,0.0,0.0,0.0017737984626852684,-5.324427389719443,-0.0991554268190332,0.0,0.0,-0.0,-0.0
2017-03-21,False,True,True,0.004016032138730083,5.538000000000011,0.0045075861013653485,1228.5955,1233.5394999999999,1233.773,1228.235,0.0020803241553013067,238.0,0.2740000000001146,0.007771132458141388,12.526000000000067,0.010155407900641475,1233.4315000000001,1243.054,1243.865,1231.339,0.004256002163622663,240.0,0.2880000000000109,,,,,,,,,,,,,,,0.003590046945951675,0.002435128251375553,0.002175181485538532,,,,0.22759649843186047,-0.044588377220812506,1.64920764910904,,,,,,,,,
2017-03-22,True,True,True,-0.0017376721737228514,4.488000000000056,0.003597368822883735,1247.5785,1245.4125,1249.04,1244.552,0.002346068001879126,240.0,0.2899999999999636,0.0019502818809759804,5.927000000000135,0.004758626365134558,1245.5275000000001,1247.959,1250.439,1244.512,0.003529510650901477,240.0,0.2829999999999018,-0.0007184343738290602,2.747000000000071,0.002204279849656456,1246.212,1245.317,1246.508,1243.761,0.0018857029881711991,354.0,0.3089999999999691,5.919499999999971,0.004871139480345862,0.003332570812775092,0.0021206455226540836,0.0038010950979714625,0.0025765362190095214,0.002175181485538532,0.46405946448181173,-0.7677425787563863,-0.21557962731804844,-0.05508651318718513,0.07562863343292685,-0.6744217919012416,1.0,0.4277388292930041,0.38204240222993163,-5.324427389719443,0.1655096590044992,0.0,0.0,-0.0,-0.0
2017-03-23,False,True,True,0.0011101680499660575,3.2560000000000855,0.0026113461224598505,1246.8665,1248.2514999999999,1248.633,1245.377,0.002006333118547505,239.0,0.28899999999998727,-0.001970065515388158,10.808999999999969,0.008660075800700455,1248.1415000000002,1245.685,1253.222,1242.413,0.0046512794781144225,240.0,0.2839999999999918,,,,,,,,,,,,,,,0.0036529204773503624,0.002549223141409258,0.002175181485538532,,,,-0.3356611343312646,-0.08080336584289162,0.4354926926296204,,,,,,,,,
2017-03-24,False,True,True,0.0014309874426167459,5.288000000000011,0.004250619346105563,1244.054,1245.8355,1245.912,1240.624,0.002279964011692693,237.0,0.28300000000012915,0.0016222301577449472,5.580000000000155,0.004479303091080492,1245.7295,1247.752,1248.948,1243.368,0.0033323006439848484,240.0,0.25,,,,,,,,,,,,,,,0.0035344952914850474,0.0023423951114490893,0.002132107355776936,,,,0.1844941863451098,0.06704879896861579,0.6109077992958609,,,,,,,,,
2017-03-27,False,True,True,-0.0012813804242217239,2.3710000000000946,0.0018840876835814152,1258.434,1256.8225,1258.815,1256.444,0.0015286577285857257,236.0,0.25,-0.003261952398583447,8.586999999999989,0.006822334864061771,1258.66,1254.561,1260.991,1252.404,0.005253692399288355,240.0,0.25,,,,,,,,,,,,,,,0.0035344952914850474,0.002290419889750369,0.002132107355776936,,,,-0.6291267982190173,-0.332720810755714,-0.559452190384786,,,,,,,,,
2017-03-28,False,False,True,,,,,,,,,,,-0.0005408960125884502,4.014000000000124,0.0031967150447891504,1255.664,1254.985,1258.333,1254.319,0.0035301624859554793,240.0,0.25,,,,,,,,,,,,,,,,,,,,,,,,,,,,,,,,
2017-03-29,False,True,True,0.0012517867170655755,5.176999999999907,0.004140841397855839,1250.229,1251.795,1253.35,1248.173,0.0022105946299360757,239.0,0.25,-0.0008092328838437016,3.9300000000000637,0.003136653956434082,1252.9275,1251.914,1254.294,1250.364,0.003557361539684849,240.0,0.25,,,,,,,,,,,,,,,0.003470750709713426,0.00223556635245455,0.002110316745417993,,,,0.17652808996768563,0.04642349012461534,0.5599416522310647,,,,,,,,,
2017-03-30,False,False,True,,,,,,,,,,,-0.0012549352690243332,6.893000000000029,0.005513292930779523,1250.251,1248.683,1251.182,1244.289,0.004522387953079629,240.0,0.27700000000004366,,,,,,,,,,,,,,,,,,,,,,,,,,,,,,,,
2017-03-31,False,True,True,-9.414551685213564e-05,2.2049999999999272,0.0017741973768430849,1242.8155000000002,1242.6985,1243.51,1241.305,0.0016515725171349365,236.0,0.2829999999999018,0.0033747625575276993,7.3689999999999145,0.005929691831445081,1242.729,1246.9299999999998,1247.446,1240.077,0.0036637021350242396,240.0,0.28099999999994907,,,,,,,,,,,,,,,0.0036529204773503624,0.002201792322667631,0.002132107355776936,,,,-0.7221788398393281,-0.2553829847824577,-0.042758581671350146,,,,,,,,,
2017-04-03,False,False,True,,,,,,,,,,,0.005029594566767875,8.115000000000009,0.006509899619995145,1246.563,1252.8485,1253.643,1245.528,0.0031626995488499934,240.0,0.2739999999998872,,,,,,,,,,,,,,,,,,,,,,,,,,,,,,,,
2017-04-04,False,False,True,,,,,,,,,,,-0.003876548545421637,7.324000000000069,0.00581150152012349,1260.2595000000001,1255.3835,1261.183,1253.859,0.0032953451197038205,240.0,0.2839999999998781,,,,,,,,,,,,,,,,,,,,,,,,,,,,,,,,
2017-04-05,False,False,True,,,,,,,,,,,-0.00338517238516058,9.64799999999991,0.007702557379980785,1252.571,1248.338,1253.251,1243.603,0.004943911698718647,240.0,0.27899999999999636,,,,,,,,,,,,,,,,,,,,,,,,,,,,,,,,
2017-04-06,False,True,True,-0.0018949035096040047,4.474999999999909,0.003569270772059118,1253.7575,1251.384,1255.31,1250.835,0.002273798363724177,239.0,0.28700000000003456,-0.0005830154201007372,4.727999999999838,0.003774922633247933,1252.476,1251.746,1254.196,1249.468,0.0034209872372961674,240.0,0.25,,,,,,,,,,,,,,,0.003470750709713426,0.0021990799788244473,0.002110316745417993,,,,0.027990395979922388,0.07461366855741543,-0.8616801243477079,,,,,,,,,
2017-04-07,True,True,True,0.0008810515743739711,3.2309999999999945,0.0025576399102649108,1263.274,1264.3875,1265.434,1262.203,0.002011981177685915,238.0,0.25,0.0024166271834646816,9.148000000000138,0.007242813993167415,1263.045,1266.101,1270.498,1261.35,0.005518577639488749,240.0,0.25,0.011053492983531055,18.871999999999844,0.015078076906021956,1251.6185,1265.53,1269.37,1250.498,0.007046218107236533,358.0,0.28100000000006276,5.643999999999892,0.004695121813599731,0.002853564910887729,0.0007184343738290602,0.0035833197974714263,0.0022130537018254476,0.002110316745417993,3.3437278525868543,1.2070863081148173,3.873573347274015,-0.33720476523032733,-0.04771815536664109,0.39811576811138005,0.0,0.0,0.3997165131112914,-5.361231221269833,4.675737350972946,0.0,0.0,0.0,0.0
2017-04-10,False,False,True,,,,,,,,,,,0.003198762344882917,8.082999999999856,0.006463744693679721,1250.5135,1254.52,1254.723,1246.64,0.0029899856869000257,240.0,0.25,,,,,,,,,,,,,,,,,,,,,,,,,,,,,,,,
2017-04-11,False,True,True,0.0003650481184293186,2.7840000000001055,0.002214552249194485,1257.139,1257.598,1258.653,1255.869,0.0017682820145479496,236.0,0.25,0.010747783638548329,16.185000000000173,0.01286720425106684,1257.849,1271.441,1273.727,1257.542,0.005017172227462158,240.0,0.25,,,,,,,,,,,,,,,0.003410904214096795,0.002041858640522297,0.002089769744351039,,,,-0.4319271833396791,-0.16704542775464643,0.17878226787332407,,,,,,,,,
2017-04-12,False,False,True,,,,,,,,,,,-0.0002582132832509443,6.44399999999996,0.00505687413923665,1274.305,1273.976,1278.032,1271.588,0.0036315174637372993,240.0,0.25,,,,,,,,,,,,,,,,,,,,,,,,,,,,,,,,
2017-04-13,False,True,True,0.0025423923758099006,4.690000000000055,0.0036521843410844686,1284.163,1287.432,1288.518,1283.828,0.0017270474362220992,239.0,0.25,-0.002239353413698599,6.197000000000116,0.004814778269243859,1287.079,1284.2,1287.913,1281.716,0.00384011635308138,240.0,0.25,,,,,,,,,,,,,,,0.003410904214096795,0.0020395501002118174,0.0020566251144548803,,,,0.06834801663745736,-0.17465307917624293,1.2465456845339864,,,,,,,,,
2017-04-14,False,False,False,,,,,,,,,,,,,,,,,,,,,,,,,,,,,,,,,,,,,,,,,,,,,,,,,,,,
2017-04-17,False,False,True,,,,,,,,,,,0.002343159677823132,7.124000000000024,0.005537522075467023,1286.496,1289.514,1292.729,1285.605,0.0029498906020660525,240.0,0.25,,,,,,,,,,,,,,,,,,,,,,,,,,,,,,,,
2017-04-18,False,True,True,0.0024919352007253975,4.482999999999947,0.003494306844258165,1282.944,1286.145,1287.292,1282.809,0.0017577008167643376,238.0,0.25,0.004983319682126778,12.882000000000062,0.010028883058645893,1284.49,1290.907,1291.607,1278.725,0.006262953770291976,240.0,0.25,,,,,,,,,,,,,,,0.003410904214096795,0.0020883523473795135,0.0020224536256471847,,,,0.02415760662351334,-0.14030483955047465,1.1932541957549951,,,,,,,,,
2017-04-19,False,True,True,-0.000888986382448109,4.623000000000047,0.003598736588906852,1284.6174999999998,1283.476,1285.358,1280.735,0.002058051074141609,238.0,0.25,-0.0025352040452131302,13.375999999999976,0.010433746179779293,1281.9940000000001,1278.748,1285.915,1272.539,0.004842268695135761,240.0,0.25,,,,,,,,,,,,,,,0.0033734222501963186,0.0021051627280223146,0.0020224536256471847,,,,0.06465510274202166,0.017448014006090893,-0.42228867660186215,,,,,,,,,
2017-04-20,False,True,True,-0.0018140832035673101,5.337999999999965,0.004168374857000039,1280.595,1278.274,1282.12,1276.782,0.002626613929128918,237.0,0.25,-0.0006725233798942251,7.250999999999976,0.005668404216398407,1279.196,1278.336,1283.429,1276.178,0.004405116966690359,240.0,0.25,,,,,,,,,,,,,,,0.0035317888081586417,0.002127542357060653,0.0020224536256471847,,,,0.1657217501927651,0.26138409679234165,-0.8526660809111184,,,,,,,,,
2017-04-21,False,True,True,0.002638905976293156,4.741999999999962,0.0037060685896228222,1279.523,1282.904,1283.149,1278.407,0.0015743523046514427,239.0,0.25,0.0008333346795877514,8.354000000000042,0.006508952731788951,1283.463,1284.533,1287.301,1278.947,0.00457090764651996,240.0,0.25,,,,,,,,,,,,,,,0.0035833197974714263,0.0021776474653065455,0.002035016125913762,,,,0.03368194696668264,-0.2566597905898129,1.2118150519472075,,,,,,,,,
2017-04-24,False,True,True,0.00022769140480720124,2.7359999999998763,0.0021521057363527913,1271.313,1271.6025,1273.071,1270.335,0.0019167269523711803,237.0,0.25,0.0042326462961313855,9.268000000000029,0.00729947128451952,1269.681,1275.0665,1275.842,1266.574,0.00400742496790123,240.0,0.25,,,,,,,,,,,,,,,0.0035980527058952936,0.002226273261566058,0.002035016125913762,,,,-0.5139460090002325,-0.05988472408755641,0.10227468870871366,,,,,,,,,
2017-04-25,False,True,True,-0.0014726784686747063,3.5519999999999072,0.0027907656456119746,1272.769,1270.896,1272.962,1269.41,0.0018263354812979792,239.0,0.25,-0.0017070871901553363,4.824000000000069,0.003800445118468532,1269.325,1267.16,1270.088,1265.264,0.0038397375688125255,240.0,0.25,,,,,,,,,,,,,,,0.0035833197974714263,0.001971353697295386,0.00200915714811671,,,,-0.24997370531242952,-0.09540381483755082,-0.7470391897177858,,,,,,,,,
2017-04-26,False,False,True,,,,,,,,,,,0.0005187021492993232,6.028999999999996,0.00476839398687248,1264.367,1265.023,1267.26,1261.231,0.004757622648288513,240.0,0.25,,,,,,,,,,,,,,,,,,,,,,,,,,,,,,,,
2017-04-27,True,False,True,,,,,,,,,,,0.0011507581176845927,7.048999999999978,0.005574425179415178,1264.525,1265.981,1267.131,1260.082,0.003839154832746516,240.0,0.25,-0.0002300035496964003,2.7260000000001128,0.002150660641766376,1267.5175,1267.226,1268.363,1265.637,0.001956692350615644,356.0,0.25,5.643999999999892,0.004695121813599731,0.003792990929286024,0.011053492983531055,,,,0.4829907866761455,-0.7277577007161662,-0.060639098269527146,,,,,,,-5.361231221269833,0.044130570730132726,0.0,0.0,-0.0,-0.0
2017-04-28,False,False,True,,,,,,,,,,,-0.00021934461809921735,5.428000000000111,0.004282273454874882,1267.551,1267.2730000000001,1268.487,1263.059,0.0034583991830863556,240.0,0.27800000000002,,,,,,,,,,,,,,,,,,,,,,,,,,,,,,,,
2017-05-01,False,False,True,,,,,,,,,,,-0.0032035652471058035,11.670000000000073,0.009232200523078975,1264.054,1260.011,1268.486,1256.816,0.004304533033285349,239.0,0.27800000000002,,,,,,,,,,,,,,,,,,,,,,,,,,,,,,,,
2017-05-02,False,True,True,-0.00014450386732212637,3.5620000000001255,0.0028357332643374903,1256.1125,1255.931,1256.997,1253.435,0.0016634066354623306,236.0,0.28500000000008185,0.0004162617800943332,4.162000000000035,0.00331644432863719,1254.9585,1255.481,1255.984,1251.822,0.0022318919939676675,240.0,0.27700000000004366,,,,,,,,,,,,,,,0.0035317888081586417,0.0019735500753724025,0.00200915714811671,,,,-0.21950393634545884,-0.1888476152921805,-0.07322026895864751,,,,,,,,,
2017-05-03,False,False,True,,,,,,,,,,,-0.004236090725376331,10.271999999999935,0.00819111321630371,1254.042,1248.741,1255.306,1245.034,0.003329974303901335,240.0,0.2880000000000109,,,,,,,,,,,,,,,,,,,,,,,,,,,,,,,,
2017-05-04,False,False,True,,,,,,,,,,,-0.005473795519359109,10.413000000000011,0.008434918765405907,1234.511,1227.772,1234.738,1224.325,0.0051448138313757484,240.0,0.25,,,,,,,,,,,,,,,,,,,,,,,,,,,,,,,,
2017-05-05,False,True,True,0.0015317164968319111,4.432000000000016,0.0035974420174247172,1231.9865,1233.875,1235.623,1231.191,0.002010178459059563,239.0,0.25,-0.0028347022886518053,7.903999999999996,0.006415415177765194,1232.0325,1228.545,1234.16,1226.256,0.00493856911310349,240.0,0.25,,,,,,,,,,,,,,,0.0035317888081586417,0.001978946526420681,0.0019615300354593425,,,,0.018418555071481713,0.024498704686109814,0.7740060059138261,,,,,,,,,
2017-05-08,False,True,True,0.003077115964810355,7.407000000000153,0.00602224009119149,1229.941,1233.7315,1236.487,1229.08,0.0025593792368868123,238.0,0.25,-0.003780796608289201,7.217999999999847,0.005857061885806645,1232.3584999999998,1227.708,1234.445,1227.227,0.0033050859920386293,240.0,0.25,,,,,,,,,,,,,,,0.0035317888081586417,0.0017843814982321995,0.0019615300354593425,,,,0.5336548111625762,0.26603994445055873,1.7244720189370253,,,,,,,,,
2017-05-09,False,True,True,-0.0020018786518015462,4.20900000000006,0.0034273123161759206,1228.076,1225.62,1228.14,1223.931,0.0023093787977356665,237.0,0.25,-0.005361170011962429,8.219000000000051,0.006715395978769618,1223.904,1217.36,1224.277,1216.058,0.003147975320282965,240.0,0.25,,,,,,,,,,,,,,,0.0035833197974714263,0.001783468116317736,0.0020082557888035342,,,,-0.04451331572084956,0.13971199106039034,-1.1224639417354738,,,,,,,,,
2017-05-10,False,True,True,0.0025049433380724935,4.914999999999964,0.004023247247574971,1221.65,1224.714,1225.666,1220.751,0.0025271882573040176,238.0,0.25,-0.0018859489350435703,5.406999999999925,0.004417916789227641,1223.88,1221.574,1225.345,1219.938,0.0028864193110854143,240.0,0.25,,,,,,,,,,,,,,,0.0035317888081586417,0.0016837685902901687,0.0020082557888035342,,,,0.13028486247205853,0.2298407453916957,1.4877004788649784,,,,,,,,,
2017-05-11,False,False,False,,,,,,,,,,,,,,,,,,,,,,,,,,,,,,,,,,,,,,,,,,,,,,,,,,,,
2017-05-12,False,True,True,0.0009761408045999948,3.1929999999999836,0.0026007834116772025,1227.707,1228.906,1229.9,1226.707,0.0014545321970920804,237.0,0.25,0.0009796571414217256,4.766000000000076,0.0038798452783480263,1228.3995,1229.6035000000002,1231.7,1226.934,0.003039099176453491,240.0,0.25,,,,,,,,,,,,,,,0.0035317888081586417,0.0016793389197122725,0.0020082557888035342,,,,-0.30599177528884525,-0.32258224367835936,0.581264921060271,,,,,,,,,
2017-05-15,False,True,True,-3.0446448454562127e-05,4.326000000000022,0.0035122488256983777,1231.6895,1231.652,1233.028,1228.702,0.0022745416365898418,239.0,0.25,0.0009482987385205636,4.813999999999851,0.0039053230916626146,1232.6765,1233.846,1237.264,1232.45,0.003159519818168751,240.0,0.25,,,,,,,,,,,,,,,0.0035317888081586417,0.001677138742860184,0.0019634527057153716,,,,-0.005547963709396998,0.14707404566057108,-0.018153804259890213,,,,,,,,,
2017-05-16,False,True,True,-0.0010892651777237054,2.1259999999999764,0.0017208304666315726,1235.45,1234.105,1235.349,1233.223,0.001443535621709937,238.0,0.25,0.0011771431733689104,5.388999999999896,0.004362446531899446,1235.316,1236.771,1239.098,1233.709,0.0027931255465234654,239.0,0.25,,,,,,,,,,,,,,,0.0035032778349782714,0.0016669977876436976,0.0019634527057153716,,,,-0.7108920507719243,-0.30760911088544585,-0.653429288147636,,,,,,,,,
2017-05-17,False,True,True,0.001638320505776003,6.701999999999998,0.0053894180200523,1243.548,1245.587,1248.753,1242.051,0.002124440533731142,238.0,0.25,0.0065239749489119725,12.929000000000087,0.010361091532859011,1247.8415,1256.009,1260.327,1247.398,0.004649582919579029,240.0,0.25,,,,,,,,,,,,,,,0.0035032778349782714,0.0016570605593780995,0.0019634527057153716,,,,0.43073835056540083,0.07880398144761931,0.9886907853210086,,,,,,,,,
2017-05-18,True,True,True,0.0064703053299760395,11.276000000000067,0.00897941566906447,1255.761,1263.9125,1265.018,1253.742,0.0036554050618212565,240.0,0.25,-0.003393129709896228,13.81899999999996,0.01096771274894419,1259.971,1255.703,1262.014,1248.195,0.005306769039341033,240.0,0.25,-0.0009147452199514928,5.349999999999909,0.004244381153360922,1260.49,1259.3375,1262.993,1257.643,0.0026281511692186304,360.0,0.2539999999999054,5.240499999999884,0.004386823039931124,0.003791303201575506,0.0002300035496964003,0.0035032778349782714,0.001669079196697916,0.0019634527057153716,1.0208949527716875,0.02067964727982551,-0.24127461490586224,0.9412357554272452,0.6215024030681253,3.876571790467945,1.0,0.7443946188341101,0.6824730464650707,-5.429149994987717,-0.0049894739338289616,0.0,0.0,0.0,0.0
2017-05-19,False,True,True,0.002127342901071158,6.581000000000131,0.005263829349867989,1250.2305000000001,1252.893,1254.508,1247.927,0.002662887459996151,240.0,0.25,-0.0008141977369678274,6.652000000000044,0.005307685372028724,1253.277,1252.257,1255.884,1249.232,0.003558227812329606,240.0,0.25,,,,,,,,,,,,,,,0.003540759798878748,0.0021328552428965687,0.002011079818372739,,,,0.39651743859232497,0.28073924443966214,0.9974155105726142,,,,,,,,,
2017-05-22,False,True,True,0.001509383138593487,3.3199999999999363,0.0026471025588790447,1254.2015000000001,1256.096,1256.665,1253.345,0.001796134133435742,239.0,0.25,0.00276804275364442,4.294000000000096,0.003416805287056679,1256.7295,1260.2130000000002,1260.759,1256.465,0.002813093509955937,240.0,0.25,,,,,,,,,,,,,,,0.0035548454215615474,0.0020534851122785674,0.002011079818372739,,,,-0.29484591250915376,-0.11303514925703105,0.7350348583334313,,,,,,,,,
2017-05-23,False,True,True,-0.0015482588950263736,4.198000000000093,0.0033262801087578647,1262.0705,1260.118,1262.222,1258.024,0.0021865023811811573,239.0,0.25,-0.0029654326474837667,8.322000000000116,0.006606374174649858,1259.6925,1255.9625,1263.257,1254.935,0.0036085530908670353,240.0,0.25,,,,,,,,,,,,,,,0.0035548454215615474,0.0020563489791814477,0.0019634527057153716,,,,-0.06645698519859992,0.10759867288725755,-0.7529164119033313,,,,,,,,,
2017-05-24,False,True,True,0.0019356904656475638,4.119000000000142,0.0032951406874677388,1250.0225,1252.4445,1253.209,1249.09,0.0022119941094880164,238.0,0.25,-0.0009489508336070748,4.576999999999998,0.0036542826643928186,1252.503,1251.315,1254.419,1249.842,0.0032902982945610293,240.0,0.25,,,,,,,,,,,,,,,0.0035548454215615474,0.0021321651587360166,0.002034114766600586,,,,-0.075862716028195,0.08383370055110224,0.907852029059078,,,,,,,,,
2017-05-25,False,True,True,-0.000900339915253168,3.7590000000000146,0.0029883875029911816,1257.869,1256.737,1259.329,1255.57,0.002070156499648955,239.0,0.25,-0.0007334612283119033,4.871999999999844,0.003872209150160443,1258.1965,1257.274,1258.599,1253.727,0.0029500083752774862,240.0,0.25,,,,,,,,,,,,,,,0.0035032778349782714,0.0021123509009666652,0.0020912458039363756,,,,-0.15896510923824025,-0.010135758716380621,-0.4262264924076533,,,,,,,,,
2017-05-26,False,True,True,0.004593670642812751,6.322000000000116,0.005012137904352454,1261.3380000000002,1267.1455,1267.209,1260.887,0.00312820178869368,239.0,0.25,0.0003262242026467956,3.8170000000000073,0.0030154985724375433,1265.7939999999999,1266.207,1268.086,1264.269,0.003430796682781661,240.0,0.25,,,,,,,,,,,,,,,0.003469780570937149,0.002114578157768874,0.0020972985166900484,,,,0.36777119557206517,0.3998082350980269,2.172381581610399,,,,,,,,,
2017-05-29,False,False,False,,,,,,,,,,,,,,,,,,,,,,,,,,,,,,,,,,,,,,,,,,,,,,,,,,,,
2017-05-30,False,True,True,-0.0037983239208978295,7.263999999999896,0.0057276812431843,1268.227,1263.419,1268.818,1261.554,0.0025016150080106165,239.0,0.25,0.000990935240527569,6.27800000000002,0.004971385629227139,1262.827,1264.079,1264.721,1258.443,0.0031912970616233055,240.0,0.25,,,,,,,,,,,,,,,0.003469780570937149,0.0022440632105449687,0.0021554714574561497,,,,0.5012194233063477,0.14892705311837562,-1.6926100401491855,,,,,,,,,
2017-05-31,False,True,True,0.001978324579738418,3.6549999999999727,0.00289633192043049,1261.941,1264.44,1265.264,1261.609,0.0017199787078307,238.0,0.25,0.002595598578860047,4.481999999999971,0.0035449129076115743,1264.347,1267.633,1268.443,1263.961,0.0034778262674750675,240.0,0.25,,,,,,,,,,,,,,,0.003469780570937149,0.002413058270733126,0.0021554714574561497,,,,-0.18064627455394425,-0.22569756180923453,0.8198411964321819,,,,,,,,,
2017-06-01,False,True,True,-0.0006394503155809393,3.0529999999998836,0.002409404648974984,1267.118,1266.308,1268.148,1265.095,0.0019240164396603365,237.0,0.25,-0.0022858435298007684,6.408999999999878,0.005059028578104232,1266.844,1263.9515000000001,1267.78,1261.371,0.004085708298819155,240.0,0.25,,,,,,,,,,,,,,,0.0033767962124668927,0.0023926152286967537,0.0021554714574561497,,,,-0.3375477104873016,-0.1135945766607609,-0.2672599872772877,,,,,,,,,
2017-06-02,False,False,True,,,,,,,,,,,0.011063605451599635,17.659000000000106,0.01398668417609338,1262.558,1276.604,1279.073,1261.414,0.006270753949064442,240.0,0.25,,,,,,,,,,,,,,,,,,,,,,,,,,,,,,,,
2017-06-05,False,True,True,0.0002264964984732246,2.727999999999838,0.0021308704387029793,1280.228,1280.518,1282.014,1279.286,0.0015385510341592618,237.0,0.25,-0.0019337733776662084,5.4099999999998545,0.004222870787178907,1281.119,1278.644,1283.417,1278.007,0.0021023522747262375,236.0,0.25,,,,,,,,,,,,,,,0.0033767962124668927,0.002412815193597905,0.0021554714574561497,,,,-0.46039684093969124,-0.3371683867857385,0.09387229451895195,,,,,,,,,
2017-06-06,False,False,True,,,,,,,,,,,0.0023949994288494317,6.0150000000001,0.004660157166996403,1290.729,1293.824,1296.01,1289.995,0.00297700281270763,240.0,0.27149999999994634,,,,,,,,,,,,,,,,,,,,,,,,,,,,,,,,
2017-06-07,False,True,True,-0.0018018671935333616,5.866999999999962,0.004540858243104998,1292.0465,1289.7205,1293.649,1287.782,0.0025366554708516763,236.0,0.25,0.0003296892999141056,6.436000000000149,0.004993482713674002,1288.88,1289.305,1294.209,1287.773,0.0031081230500934996,240.0,0.25,,,,,,,,,,,,,,,0.0033767962124668927,0.002356506969534788,0.0021554714574561497,,,,0.2961886406671862,0.16283699621267445,-0.7646347822553137,,,,,,,,,
2017-06-08,False,False,True,,,,,,,,,,,-0.004831200849913883,12.970000000000027,0.01010663788703477,1283.315,1277.13,1284.127,1271.157,0.0048838383354299995,240.0,0.25,,,,,,,,,,,,,,,,,,,,,,,,,,,,,,,,
2017-06-09,True,False,True,,,,,,,,,,,-0.00457790074367737,9.748000000000047,0.007654669796171289,1273.471,1267.6545,1273.961,1264.213,0.0037615597352449927,239.0,0.25,-0.004757239472801162,7.048999999999978,0.005506854858555295,1280.041,1273.966,1280.112,1273.063,0.0028223194391836185,354.0,0.2559999999998581,5.22099999999989,0.004241821514467241,0.0037974617253630208,0.0009147452199514928,,,,1.3501244972227786,0.3001968083633413,-1.2527419146920804,,,,,,,-5.462762499522302,-0.3760691244935437,0.0,0.0,0.0,0.0
2017-06-12,False,True,True,0.001648443375676056,4.837999999999965,0.003819931070693963,1266.515,1268.6045,1270.289,1265.451,0.0020793947783356915,237.0,0.25,-0.0023733050549119574,5.483999999999924,0.004322451406905064,1268.7245,1265.717,1268.703,1263.219,0.0033796347346535436,240.0,0.25,,,,,,,,,,,,,,,0.003469780570937149,0.0024241139619135864,0.002199248245334587,,,,0.0961410222166133,-0.056038715884467814,0.6800189271525754,,,,,,,,,
2017-06-13,False,True,True,-0.0028639985145326448,4.414999999999964,0.0034879734044990225,1265.778,1262.158,1265.647,1261.232,0.0019047509881464616,236.0,0.25,-0.0009737883169838619,6.8969999999999345,0.005455464442189189,1264.237,1263.0065,1265.244,1258.347,0.002811732874487003,239.0,0.25,,,,,,,,,,,,,,,0.003469780570937149,0.002426011894896684,0.002199248245334587,,,,0.005229525242614417,-0.14376431015216534,-1.180537704929354,,,,,,,,,
2017-06-14,False,False,True,,,,,,,,,,,0.007949084919888322,14.746000000000095,0.011644995834304088,1266.295,1276.401,1279.519,1264.773,0.0061878505598047225,240.0,0.25,,,,,,,,,,,,,,,,,,,,,,,,,,,,,,,,
2017-06-15,False,True,True,-0.0015853874744020985,6.266000000000076,0.004968051764150009,1261.259,1259.261,1263.0,1256.734,0.002921024635447055,238.0,0.25,-0.0015409753820127417,4.923999999999978,0.003920330664445871,1256.0165000000002,1254.0825,1256.221,1251.297,0.0034392145187324176,240.0,0.25,,,,,,,,,,,,,,,0.0034576428603374718,0.0025007427770773246,0.0021554714574561497,,,,0.3624406614189979,0.3039249838888746,-0.6339666314081999,,,,,,,,,
2017-06-16,False,False,True,,,,,,,,,,,-0.0003506646725340422,3.32100000000014,0.0026462573108735916,1254.98,1254.54,1257.054,1253.733,0.0025943923959947887,239.0,0.25,,,,,,,,,,,,,,,,,,,,,,,,,,,,,,,,
2017-06-19,False,False,True,,,,,,,,,,,-0.0021840386650583844,5.93100000000004,0.004741443058314745,1250.885,1248.156,1253.28,1247.349,0.003130802922840147,239.0,0.25,,,,,,,,,,,,,,,,,,,,,,,,,,,,,,,,
2017-06-20,False,False,True,,,,,,,,,,,-0.000894385800234697,6.90300000000002,0.005544640662625941,1244.986,1243.873,1248.098,1241.195,0.002851284663513583,240.0,0.25,,,,,,,,,,,,,,,,,,,,,,,,,,,,,,,,
2017-06-21,False,True,True,0.0016102707762990526,3.191000000000031,0.0025622886673931145,1245.371,1247.378,1247.8,1244.609,0.001585243824302945,237.0,0.25,-0.0005937486239616643,6.373999999999796,0.005119662266145166,1245.004,1244.265,1246.966,1240.592,0.002738351260212663,239.0,0.25,,,,,,,,,,,,,,,0.0035001111150987,0.002480050865135245,0.0021554714574561497,,,,-0.3118938453601328,-0.3072712455237287,0.6492894153649705,,,,,,,,,
2017-06-22,False,False,True,,,,,,,,,,,-0.00027423644710251237,4.519999999999982,0.003613349246992392,1250.917,1250.574,1254.051,1249.531,0.0030679812487579092,240.0,0.25,,,,,,,,,,,,,,,,,,,,,,,,,,,,,,,,
2017-06-23,False,False,True,,,,,,,,,,,-0.0014494892621569366,3.6230000000000473,0.0028809747125486582,1257.5605,1255.739,1258.817,1255.194,0.0019682513338197937,239.0,0.25,,,,,,,,,,,,,,,,,,,,,,,,,,,,,,,,
2017-06-26,False,False,True,,,,,,,,,,,0.001200750854902305,9.012000000000171,0.00725714883919454,1241.81,1243.302,1245.611,1236.599,0.003991858391344551,239.0,0.25,,,,,,,,,,,,,,,,,,,,,,,,,,,,,,,,
2017-06-27,False,True,True,0.00042881484508318704,3.8129999999998745,0.0030483161710653595,1250.8545,1251.391,1253.127,1249.314,0.002035781378626985,236.0,0.25,-0.0016147240668075995,5.311999999999898,0.004253346347462764,1248.899,1246.884,1251.644,1246.332,0.002953711482800361,240.0,0.25,,,,,,,,,,,,,,,0.003407126756628444,0.002451167391592002,0.002101917656033417,,,,-0.11127997964077992,-0.031970382545172246,0.17494310937478538,,,,,,,,,
2017-06-28,False,True,True,0.001558950101094739,5.067000000000007,0.00404987735273737,1251.149,1253.101,1254.481,1249.414,0.0022398243267715942,240.0,0.25,-0.0023047192995270483,6.996000000000095,0.005584344677631087,1252.788,1249.904,1254.747,1247.751,0.003217262203706898,240.0,0.25,,,,,,,,,,,,,,,0.003407126756628444,0.0024488945370932714,0.002101917656033417,,,,0.17281725463516223,0.0635473396596629,0.6365934006064399,,,,,,,,,
2017-06-29,False,True,True,-0.004241011035174895,7.847999999999956,0.006270148484594239,1251.645,1246.348,1251.696,1243.848,0.0037356717073196537,238.0,0.25,-0.0012900855853123826,7.685000000000173,0.006171233459729327,1245.294,1243.6885,1247.372,1239.687,0.0044772890547113515,240.0,0.25,,,,,,,,,,,,,,,0.003407126756628444,0.002456705599820653,0.002101917656033417,,,,0.6099306933678738,0.575077546149,-1.7263000643970128,,,,,,,,,
2017-06-30,True,True,True,7.640184317128244e-05,3.060999999999922,0.002461841853402523,1243.378,1243.473,1244.922,1241.861,0.0018806289530905267,236.0,0.25,-0.0006479006296438995,6.266000000000076,0.0050383990981378805,1243.649,1242.8435,1245.25,1238.984,0.0027615175922573163,240.0,0.25,-0.001622201672088002,4.552999999999884,0.00365251014808982,1246.54,1244.5194999999999,1248.214,1243.661,0.002557123838271902,357.0,0.25699999999983447,5.369499999999903,0.004389382678824805,0.00394654239001754,0.004757239472801162,0.003653952237596493,0.0026616168166045937,0.0021554714574561497,0.84793742434118,-0.16494843796349654,-0.4110437724402074,-0.3948995959171131,-0.1364032029808917,0.02870504976322916,1.0,0.33522674364465727,0.2125896265946497,-5.428566681640632,0.06780102819863514,0.0,0.0,-0.0,-0.0
2017-07-03,False,True,True,-0.0023709581219575776,3.2740000000001146,0.0026475403307162104,1236.6195,1233.691,1236.64,1233.366,0.0017185514564751515,238.0,0.25,-0.008674886637631244,12.567000000000007,0.010190181034440823,1233.246,1222.594,1233.306,1220.739,0.004056177313869421,240.0,0.25700000000006185,,,,,,,,,,,,,,,0.003407126756628444,0.0026467799043199667,0.0021329485797584244,,,,-0.2522383108631908,-0.21602357266608543,-0.8957896794092308,,,,,,,,,
2017-07-04,False,False,False,,,,,,,,,,,,,,,,,,,,,,,,,,,,,,,,,,,,,,,,,,,,,,,,,,,,
2017-07-05,False,True,True,-0.004610071118211195,10.304000000000087,0.008405222429642836,1225.9045,1220.266,1226.277,1215.973,0.00316690257580912,240.0,0.2504999999999882,0.0017027247089122903,6.59699999999998,0.00540112591001233,1221.412,1223.4935,1224.289,1217.692,0.003759802521560328,240.0,0.25,,,,,,,,,,,,,,,0.003310710398112802,0.002282090791842683,0.0020747756389923235,,,,0.9316904423300824,0.4229009827376926,-2.020108549006841,,,,,,,,,
2017-07-06,False,False,True,,,,,,,,,,,0.0010355750541829077,4.4809999999999945,0.0036629707256622076,1223.324,1224.5915,1227.353,1222.872,0.0031720427865816023,240.0,0.25,,,,,,,,,,,,,,,,,,,,,,,,,,,,,,,,
2017-07-07,False,False,True,,,,,,,,,,,-0.010604350940591095,21.312999999999874,0.017433034180623568,1222.564,1209.668,1228.475,1207.162,0.005360687018665184,240.0,0.25,,,,,,,,,,,,,,,,,,,,,,,,,,,,,,,,
2017-07-10,False,False,True,,,,,,,,,,,0.0006366186201647062,7.75,0.0063929599899692395,1212.271,1213.043,1215.082,1207.332,0.004322902188905747,240.0,0.25,,,,,,,,,,,,,,,,,,,,,,,,,,,,,,,,
2017-07-11,False,False,True,,,,,,,,,,,0.0031367858720841206,8.807000000000016,0.007275584124406141,1210.487,1214.29,1216.905,1208.098,0.0037335602782871003,237.0,0.25,,,,,,,,,,,,,,,,,,,,,,,,,,,,,,,,
2017-07-12,False,False,True,,,,,,,,,,,0.0028447981515101473,12.489999999999782,0.010257168315286615,1217.685,1221.154,1225.745,1213.255,0.005436052221252383,240.0,0.25,,,,,,,,,,,,,,,,,,,,,,,,,,,,,,,,
2017-07-13,False,False,True,,,,,,,,,,,-0.0017569752399621884,5.685000000000173,0.004659026464253894,1220.212,1218.07,1221.929,1216.244,0.002856469702030678,240.0,0.25,,,,,,,,,,,,,,,,,,,,,,,,,,,,,,,,
2017-07-14,False,False,True,,,,,,,,,,,0.004849525980561485,12.009000000000015,0.009823220476862602,1222.5115,1228.4545,1232.839,1220.83,0.0068594335462832876,240.0,0.25,,,,,,,,,,,,,,,,,,,,,,,,,,,,,,,,
2017-07-17,False,False,True,,,,,,,,,,,-0.000727215451284174,3.227000000000089,0.0026137840457117287,1234.6085,1233.711,1235.972,1232.745,0.0025945599356228238,240.0,0.25,,,,,,,,,,,,,,,,,,,,,,,,,,,,,,,,
2017-07-18,False,True,True,0.00030223077246382865,3.2329999999999472,0.0026129940078138845,1237.278,1237.652,1238.373,1235.14,0.0017710438896087893,239.0,0.25,0.004120332924078806,5.82100000000014,0.00470239441626017,1237.88,1242.991,1243.469,1237.648,0.0028334954991662466,240.0,0.25,,,,,,,,,,,,,,,0.003310710398112802,0.0024281602090020617,0.0020747756389923235,,,,-0.23666609483237297,-0.15828388116839967,0.12446904094027678,,,,,,,,,
2017-07-19,False,False,True,,,,,,,,,,,-0.0009339624061307344,4.79300000000012,0.0038588978269647996,1242.0645,1240.905,1244.026,1239.233,0.002932898187473332,239.0,0.25,,,,,,,,,,,,,,,,,,,,,,,,,,,,,,,,
2017-07-20,False,False,True,,,,,,,,,,,0.00687719056197021,10.808999999999969,0.008733885560969712,1237.5935,1246.134,1247.52,1236.711,0.004950220238846134,240.0,0.25,,,,,,,,,,,,,,,,,,,,,,,,,,,,,,,,
2017-07-21,False,False,True,,,,,,,,,,,0.002579356990941181,4.288000000000011,0.003432907395561727,1249.087,1252.313,1252.665,1248.377,0.0027291307581620078,238.0,0.25,,,,,,,,,,,,,,,,,,,,,,,,,,,,,,,,
2017-07-24,False,True,True,0.0031803245387409577,6.003999999999905,0.004793249214630353,1252.5949999999998,1256.585,1257.856,1251.852,0.002271437909166842,237.0,0.25,-0.00018788537455202424,4.25200000000018,0.0033848032523407286,1256.203,1255.967,1258.766,1254.514,0.002683854831426859,240.0,0.25,,,,,,,,,,,,,,,0.003310710398112802,0.0023918947288974557,0.0020747756389923235,,,,0.3700457262199054,0.09056004906656291,1.3296256312278965,,,,,,,,,
2017-07-25,False,True,True,-0.004543232339906183,8.47700000000009,0.006744295950240104,1256.914,1251.2165,1257.24,1248.763,0.002693000557090901,238.0,0.25,0.0009269769525154938,5.3530000000000655,0.004281507733788332,1250.2604999999999,1251.42,1255.049,1249.696,0.0030381607300973687,239.0,0.25,,,,,,,,,,,,,,,0.0033915570459833806,0.0025134395662678682,0.0020747756389923235,,,,0.6874079816806153,0.2608029986459084,-1.80757572247989,,,,,,,,,
2017-07-26,False,True,True,0.0018648613126918904,3.7490000000000236,0.0030104917524651654,1245.3115,1247.636,1247.935,1244.186,0.0020118751749346807,237.0,0.25,0.0008079409488435364,3.9849999999999,0.0031953826119866537,1247.112,1248.12,1249.454,1245.469,0.0022159355350046634,240.0,0.25,,,,,,,,,,,,,,,0.003653952237596493,0.002629887726077707,0.0020747756389923235,,,,-0.1937059482761591,-0.03078581202781514,0.7091030138663752,,,,,,,,,
2017-07-27,True,True,True,-0.0003920421047986726,2.4789999999998145,0.0019629937277637426,1262.867,1262.372,1263.273,1260.794,0.0016541296393412235,237.0,0.25,-0.003211923225386361,8.712999999999965,0.006905731963600036,1261.7055,1257.6595,1265.289,1256.576,0.0041544028957078896,240.0,0.25,0.0023219379982598073,5.186999999999898,0.004115319389485505,1260.4125,1263.3425,1264.907,1259.72,0.0026136355939960676,354.0,0.27099999999995816,5.22099999999989,0.004241821514467241,0.00380149960571152,0.001622201672088002,0.003653952237596493,0.0026846931292169806,0.0020575880784813386,0.9934878375790093,-0.006533459059150747,0.6107952753095747,-0.62133866654572,-0.21825948833190664,-0.14602864682453146,0.0,0.0,0.09107450679946771,-5.462762499522302,-0.003990605924757815,0.0,0.0,-0.0,-0.0
2017-07-28,False,True,True,4.050484926997009e-05,2.342999999999847,0.0018608781152631296,1259.083,1259.134,1260.512,1258.169,0.001996115322282006,236.0,0.25,0.00753802519124011,10.968000000000075,0.008707318815842805,1259.63,1269.161,1270.347,1259.379,0.004672709731108518,240.0,0.2619999999999436,,,,,,,,,,,,,,,0.0032681447877821908,0.002409117218450479,0.0020238282767808327,,,,-0.5631739994244513,-0.013787951423420937,0.016813150045070207,,,,,,,,,
2017-07-31,False,False,True,,,,,,,,,,,-0.00013166717867687646,3.505000000000109,0.002763251980987651,1268.433,1268.266,1269.842,1266.337,0.0017774189474749037,240.0,0.25,,,,,,,,,,,,,,,,,,,,,,,,,,,,,,,,
2017-08-01,False,False,True,,,,,,,,,,,0.004434922086541701,11.713999999999942,0.00925207399605633,1266.0945,1271.722,1273.99,1262.276,0.004170563066897917,240.0,0.25,,,,,,,,,,,,,,,,,,,,,,,,,,,,,,,,
2017-08-02,False,True,True,-6.707346062861857e-06,2.1720000000000255,0.001713918446047296,1267.2714999999998,1267.263,1267.744,1265.572,0.0019457527238823469,236.0,0.25,0.003322399609424009,9.010999999999967,0.0071112001995018515,1267.156,1271.373,1271.786,1262.775,0.0036703281380097456,240.0,0.25,,,,,,,,,,,,,,,0.0030294039617652624,0.002299587249712827,0.0020039952486083433,,,,-0.569583649907868,-0.029493905495670228,-0.0029167608507567923,,,,,,,,,
2017-08-03,False,True,True,0.00010656902999201429,3.9069999999999254,0.003095817002112814,1262.0255,1262.16,1263.667,1259.76,0.002129628543276368,236.0,0.25099999999997635,0.0008239996460567,4.475000000000136,0.0035300651109664224,1267.682,1268.727,1269.691,1265.216,0.0025173554027765536,240.0,0.25149999999996453,,,,,,,,,,,,,,,0.0030294039617652624,0.002228427288455067,0.0020039952486083433,,,,0.021685958253659363,0.06080475941925295,0.04782252961275523,,,,,,,,,
2017-08-04,False,False,True,,,,,,,,,,,-0.00876507556840154,15.469000000000051,0.012200132971906374,1267.937,1256.872,1269.519,1254.05,0.006572494741074533,240.0,0.2615000000000691,,,,,,,,,,,,,,,,,,,,,,,,,,,,,,,,
2017-08-07,False,False,True,,,,,,,,,,,0.0019792778522773717,4.257999999999811,0.0033879964035358422,1256.79,1259.28,1259.918,1255.66,0.0024172321171718417,240.0,0.2519999999999527,,,,,,,,,,,,,,,,,,,,,,,,,,,,,,,,
2017-08-08,False,False,True,,,,,,,,,,,-0.008401716726481413,12.825000000000045,0.010146152056998863,1264.026,1253.4505,1264.223,1251.398,0.004084190415962678,239.0,0.25299999999992906,,,,,,,,,,,,,,,,,,,,,,,,,,,,,,,,
2017-08-09,False,True,True,0.0005210093173275014,2.7769999999998163,0.0021927573469608685,1266.442,1267.1019999999999,1269.08,1266.303,0.002735295728008649,238.0,0.26149999999995543,0.002800318483264883,7.092999999999847,0.005588002771548413,1269.3265000000001,1272.886,1276.177,1269.084,0.004653435816573402,240.0,0.2559999999998581,,,,,,,,,,,,,,,0.003072066586589087,0.002234072183463554,0.0020238282767808327,,,,-0.3371906759594305,0.3012486529331902,0.23321060133328544,,,,,,,,,
2017-08-10,True,True,True,0.0017480561531705676,3.5830000000000837,0.0028023078565513108,1278.589,1280.826,1281.276,1277.693,0.001803735910950827,238.0,0.25900000000001455,0.0029354024472942925,7.456000000000131,0.005820877636267855,1280.9065,1284.672,1287.796,1280.34,0.004179406653085039,240.0,0.25750000000005,0.0022044718353851035,5.076999999999998,0.003978852598284005,1275.996,1278.812,1279.574,1274.497,0.0024075056722664178,353.0,0.27500000000009095,5.268499999999904,0.004182719008860709,0.003796386471408333,0.0023219379982598073,0.003072066586589087,0.0022405498335344816,0.0020575880784813386,0.963651893328289,-0.037025156092170074,0.5806763489406593,-0.09190717820342366,-0.1316744410504628,0.7801907045347873,1.0,0.3230521021163575,0.04232703805636527,-5.476793763327584,-0.021499632458559327,0.0,0.0,-0.0,-0.0
2017-08-11,False,True,True,0.001699546801594988,4.204999999999927,0.003271287778803321,1285.4265,1287.613,1288.955,1284.75,0.001883063855148418,238.0,0.25,9.862296719473139e-05,11.389000000000124,0.008844664273194528,1287.6689999999999,1287.796,1292.143,1280.754,0.00591499925357527,240.0,0.27299999999991087,,,,,,,,,,,,,,,0.0030294039617652624,0.002276797119597757,0.0020238282767808327,,,,0.07681783564955516,-0.07209074384748228,0.7464638754880575,,,,,,,,,
2017-08-14,False,True,True,-0.004916640402073814,7.500999999999976,0.005827993013556417,1287.0639999999999,1280.7514999999999,1287.472,1279.971,0.002368029752872785,237.0,0.265999999999849,0.002710287533038908,5.182999999999993,0.004045577730042956,1281.152,1284.629,1284.872,1279.689,0.0029549149301466337,240.0,0.25699999999994816,,,,,,,,,,,,,,,0.0030294039617652624,0.0022792164621290786,0.0020039952486083433,,,,0.6543068016779914,0.16691546923470266,-2.157162552906908,,,,,,,,,
2017-08-15,False,False,True,,,,,,,,,,,0.00026114146456343145,7.037000000000035,0.005527496092185182,1273.0900000000001,1273.4225000000001,1274.183,1267.146,0.0040298792966673245,240.0,0.2539999999999054,,,,,,,,,,,,,,,,,,,,,,,,,,,,,,,,
2017-08-16,False,False,True,,,,,,,,,,,0.0021586062682564587,7.495000000000118,0.005897042902462452,1270.976,1273.7224999999999,1274.314,1266.819,0.003277832798443675,240.0,0.2559999999998581,,,,,,,,,,,,,,,,,,,,,,,,,,,,,,,,
2017-08-17,False,True,True,-0.0018815675327920173,6.551999999999907,0.005087335702039832,1287.904,1285.4830000000002,1290.116,1283.564,0.0021045897842262395,240.0,0.25900000000001455,-0.00039513824907841497,9.579999999999927,0.0074501508694434365,1285.88,1285.372,1289.58,1280.0,0.0059860611854801685,240.0,0.27100000000007185,,,,,,,,,,,,,,,0.0030294039617652624,0.00243793912576868,0.0020238282767808327,,,,0.5183883679257061,0.03912966695316508,-0.7717861011803405,,,,,,,,,
2017-08-18,False,True,True,0.0048516040457073015,9.169000000000096,0.007113166767260113,1289.018,1295.2869999999998,1297.92,1288.751,0.003804060906224738,239.0,0.2740000000001146,-0.00476852660498748,12.554999999999836,0.009692686634398758,1295.3065000000001,1289.1444999999999,1300.802,1288.247,0.005271246960387384,240.0,0.2664999999999509,,,,,,,,,,,,,,,0.0030294039617652624,0.002445916444222237,0.0020238282767808327,,,,0.8535816530126171,0.6310782513169806,1.9835526504463383,,,,,,,,,
2017-08-21,False,True,True,0.0005096448057010924,2.6219999999998436,0.0020375445955721433,1286.8429999999998,1287.499,1289.166,1286.544,0.001701672368377685,240.0,0.265999999999849,0.0015603659433885257,6.540000000000191,0.005078448044914129,1287.795,1289.806,1293.736,1287.196,0.003373517485267651,239.0,0.2669999999998254,,,,,,,,,,,,,,,0.003072066586589087,0.002687905904828753,0.002070185581426612,,,,-0.41060503708176166,-0.1960267425161976,0.18960663942347414,,,,,,,,,
2017-08-22,False,True,True,0.0009586078560197369,3.9529999999999745,0.003076019228038211,1285.1025,1286.335,1286.897,1282.944,0.0017252972961964827,239.0,0.2560000000000855,0.0006089254984996664,9.167999999999893,0.0071274141899912175,1286.301,1287.0845,1290.995,1281.827,0.004573660692437401,240.0,0.2545000000000073,,,,,,,,,,,,,,,0.0030531543772889897,0.002689166052860794,0.00205823247958046,,,,0.007461024369473597,-0.1764482136161537,0.35647030981963673,,,,,,,,,
2017-08-23,False,False,True,,,,,,,,,,,-0.001532971001149211,4.81899999999996,0.00373569221741121,1289.9885,1288.0124999999998,1291.376,1286.557,0.0025066427803274905,240.0,0.2519999999999527,,,,,,,,,,,,,,,,,,,,,,,,,,,,,,,,
2017-08-24,False,True,True,-0.0007885581022365834,3.5459999999998217,0.0027538175630809998,1287.667,1286.652,1287.697,1284.151,0.0017071183890990708,236.0,0.2535000000000309,-5.863657537670675e-05,5.489000000000033,0.004262870545110034,1287.63,1287.5545000000002,1290.126,1284.637,0.003118443431032163,240.0,0.25649999999996,,,,,,,,,,,,,,,0.003043255490251688,0.0026703131697780307,0.0020039952486083433,,,,-0.09993967361128873,-0.1603360157917097,-0.29530547621204,,,,,,,,,
2017-08-25,False,True,True,0.0010122751844338688,2.6440000000000055,0.0020551118186029633,1286.548,1287.851,1288.467,1285.823,0.0016644037762273871,238.0,0.2504999999999882,0.002203496269019786,19.125,0.014852430906103125,1287.6680000000001,1290.5085,1294.046,1274.921,0.010297013121578383,240.0,0.26100000000008095,,,,,,,,,,,,,,,0.0029063998045082383,0.002512838463879583,0.0019709340230821765,,,,-0.34658487524899373,-0.16904058683477785,0.4028413282368387,,,,,,,,,
2017-08-28,False,False,True,,,,,,,,,,,0.006207207765907111,10.933999999999969,0.00842270030970792,1298.1585,1306.2415,1307.632,1296.698,0.004849978057031894,239.0,0.27099999999995816,,,,,,,,,,,,,,,,,,,,,,,,,,,,,,,,
2017-08-29,True,True,True,-0.0006372869890881008,7.220000000000027,0.0054661274228496445,1320.862,1320.0205,1325.952,1318.732,0.004135737602977292,240.0,0.2785000000000082,-0.0032131447198054755,8.840999999999894,0.006693845349533959,1320.7655,1316.5285,1324.202,1315.361,0.0047625287740170165,240.0,0.25649999999996,0.0003391795681004184,4.726000000000113,0.003586654397465294,1317.6625,1318.1095,1318.528,1313.802,0.002129556220883063,356.0,0.29549999999994725,5.131999999999948,0.004120890461421662,0.003666685684307169,0.0022044718353851035,0.0029063998045082383,0.0025265900601101577,0.0019709340230821765,0.9208885424785972,-0.08241626798863988,0.0925030387938767,0.6316552644725927,0.7411581391925113,-0.25223204949215844,1.0,1.4466095089633775,0.5363406079501329,-5.491686007560706,-0.007623755234999693,0.0,0.0,-0.0,-0.0
2017-08-30,False,True,True,0.0030177579489595466,7.166999999999916,0.005481006709587262,1307.6064999999999,1311.5585,1313.656,1306.489,0.0021811476458853027,237.0,0.2699999999999818,-0.0007232024972825097,7.744999999999891,0.0059125432180571055,1309.9270000000001,1308.98,1311.145,1303.4,0.004154017604122224,240.0,0.27899999999999636,,,,,,,,,,,,,,,0.003043255490251688,0.0024750812128683363,0.0020039952486083433,,,,0.5883609628359947,0.08470836907922592,1.2192561332007001,,,,,,,,,
2017-08-31,False,True,True,0.0022051494060029405,4.766000000000076,0.0036545114161308997,1304.1415000000002,1307.0205,1308.161,1303.395,0.002361125068130954,240.0,0.28300000000012915,0.008693563048995124,13.64799999999991,0.010446830089748674,1306.425,1317.832,1318.716,1305.068,0.004323854152777757,240.0,0.2619999999999436,,,,,,,,,,,,,,,0.003043255490251688,0.0023179803316702202,0.0020039952486083433,,,,0.1830345814081096,0.16399541695925213,0.951323605241301,,,,,,,,,
2017-09-01,False,True,True,0.00016986490472676246,2.5139999999998963,0.0019065921523331456,1318.583,1318.807,1320.019,1317.505,0.0015219212842164029,236.0,0.2829999999999018,0.002651234656276073,12.800000000000182,0.009696341638477341,1320.0855000000001,1323.5900000000001,1328.862,1316.062,0.008574781436082504,240.0,0.27899999999999636,,,,,,,,,,,,,,,0.0030859181150755125,0.00235543098138881,0.00205823247958046,,,,-0.48153178424896326,-0.30187405541766826,0.07211627344164703,,,,,,,,,
2017-09-04,True,True,False,-0.0019343100473416242,8.615000000000009,0.006441468251001183,1337.4279999999999,1334.8435,1339.703,1331.088,0.0025091009714001663,238.0,0.27049999999997,,,,,,,,,,,-0.0006364035777021233,5.496999999999844,0.004114350040099265,1336.0555,1335.2055,1337.108,1331.611,0.0028767187678143255,355.0,0.3079999999999927,5.075500000000034,0.0041180217239841655,0.0035988126039675668,0.0003391795681004184,0.003043255490251688,0.0022646970216206193,0.0020039952486083433,1.083046005319635,0.07977744663613948,-0.1768370981585733,0.7498286760354652,0.2247816979914513,-0.8541142717437011,1.0,0.5112796768791272,0.43788789281840995,-5.492382395017903,-0.014107612161635339,0.0,0.0,0.0,0.0
2017-09-05,True,True,True,-0.002477586912443977,6.682000000000016,0.0050021915468053514,1335.8145,1332.509,1335.881,1329.199,0.002497461112035134,240.0,0.2619999999999436,0.00417317023189993,8.980000000000018,0.006752989118889094,1329.7815,1335.3425000000002,1338.23,1329.25,0.0033831833616140583,240.0,0.2580000000000382,0.002147917865167542,6.031999999999925,0.004524739229271527,1333.1154999999999,1335.982,1338.532,1332.5,0.0027181223582210564,356.0,0.29149999999992815,5.131999999999948,0.0041180217239841655,0.003552238279036013,0.0006364035777021233,0.003043255490251688,0.0020360343302616517,0.0020039952486083433,1.1753702260327332,0.1615831839522628,0.6046660433349172,0.4969482983845947,0.22013184839675579,-1.2168689278071168,1.0,0.6432190179267272,0.032638347622763034,-5.492382395017903,0.09770386450987284,0.0,0.0,0.0,0.0
2017-09-06,False,True,True,0.0005050103331887702,5.657999999999902,0.00422791432233991,1338.2485000000001,1338.9245,1341.857,1336.199,0.002527004314377252,240.0,0.26699999999993906,0.00044191175323561696,5.467999999999847,0.004082613948084685,1339.3380000000002,1339.93,1340.925,1335.457,0.0027593350107259955,240.0,0.2619999999999436,,,,,,,,,,,,,,,0.0030859181150755125,0.002102874480227586,0.0020503525532541227,,,,0.31485958419071053,0.2090227801554646,0.2401523904242325,,,,,,,,,
2017-09-07,False,True,True,0.0026108006365034107,4.751999999999953,0.00355748402332574,1335.7755000000002,1339.2675,1340.394,1335.642,0.002065189981278319,238.0,0.2640000000001237,0.0060906779808739585,10.643000000000029,0.007949736571141126,1338.7865,1346.9655,1349.155,1338.512,0.0044803228174851795,240.0,0.2945000000000846,,,,,,,,,,,,,,,0.003183552390458068,0.0020993637559371943,0.002117109163751304,,,,0.11105588277472454,-0.02482933332833656,1.2436151806088038,,,,,,,,,
2017-09-08,True,True,True,-0.00010849625311080101,5.095000000000027,0.003760261380602681,1354.9589999999998,1354.812,1355.527,1350.432,0.0022756068185155634,240.0,0.265999999999849,-0.003892865543052839,10.81399999999985,0.007991557651690946,1353.178,1347.9205,1353.37,1342.556,0.004558290596232298,240.0,0.27749999999991815,0.004408376495613864,10.063000000000102,0.007459008069782532,1349.107,1355.0675,1357.527,1347.464,0.0032841923417441694,358.0,0.2899999999999636,5.131999999999948,0.0041180217239841655,0.0033881303648258124,0.002147917865167542,0.0034143859010645305,0.002164483142120699,0.002117109163751304,1.9608339828527286,0.6733698841978264,1.3011236348458814,0.09649081824374027,0.0721951941207398,-0.050125709458979414,0.0,0.0,0.0211418550273339,-5.492382395017903,0.8761374713232262,0.0,0.0,0.0,0.0
2017-09-11,False,True,True,0.0010727384611639347,4.804000000000087,0.0035969310780386444,1335.583,1337.0165000000002,1339.026,1334.222,0.0020947007288727626,238.0,0.27099999999995816,-0.002012510307232989,5.798999999999978,0.004340585106980175,1335.995,1333.309,1336.129,1330.33,0.0031082831486247933,240.0,0.25650000000007367,,,,,,,,,,,,,,,0.00360599771972832,0.002165519265346101,0.0021553880945808356,,,,-0.0025174888528664116,-0.02856010464415541,0.49537239327791704,,,,,,,,,
2017-09-12,True,True,True,-0.001973415757925715,6.08400000000006,0.004586777280072783,1326.4215,1323.8065,1328.588,1322.504,0.0025830918108527504,237.0,0.25699999999983447,0.0012992387128921428,4.435999999999922,0.0033461958708877726,1325.6845,1327.408,1329.288,1324.852,0.0030087352959358026,240.0,0.2604999999999791,-0.0012385750960797184,4.619999999999891,0.003480629767973001,1327.346,1325.703,1327.704,1323.084,0.0024015285204842473,353.0,0.28300000000012915,5.131999999999948,0.0041180217239841655,0.003478109584935304,0.004408376495613864,0.003625721247084772,0.00217037291445283,0.002142868715055771,0.9002338269680314,-0.10510074165975607,-0.35610582870773955,0.23512442661240768,0.18684160536163924,-0.9092519284517657,1.0,0.1722525331254917,0.14000389711612554,-5.492382395017903,0.03742698670654548,0.0,0.0,-0.0,-0.0
2017-09-13,False,True,True,0.0032931810018370796,4.807999999999993,0.0036143378255713596,1330.2575,1334.6455,1334.607,1329.799,0.0018593650661273978,237.0,0.26499999999987267,-0.007938070541555188,14.230999999999995,0.010673448792983764,1333.3085,1322.7665000000002,1333.831,1319.6,0.004093589175405526,240.0,0.26700000000005275,,,,,,,,,,,,,,,0.00370738639836679,0.0022342022317203515,0.002142868715055771,,,,-0.025418488810102863,-0.1419103852410346,1.4739851903653802,,,,,,,,,
2017-09-14,False,False,True,,,,,,,,,,,0.003804197516052846,12.278999999999996,0.009300616935621306,1320.2350000000001,1325.267,1327.663,1315.384,0.005869182329189087,240.0,0.2740000000000009,,,,,,,,,,,,,,,,,,,,,,,,,,,,,,,,
2017-09-15,False,True,True,-0.00413488990658049,7.640999999999849,0.005745164618026516,1329.9879999999998,1324.5,1329.918,1322.277,0.0033679345213837512,239.0,0.27599999999983993,0.0006534825199212017,7.887000000000171,0.005963795293690771,1322.48,1323.3445000000002,1327.411,1319.524,0.004209256640579053,240.0,0.28150000000005093,,,,,,,,,,,,,,,0.00370738639836679,0.002312887906328802,0.002142868715055771,,,,0.438031411502245,0.452154202405046,-1.7877606153182377,,,,,,,,,
2017-09-18,False,True,True,0.0003060052896272152,4.160000000000082,0.0031631721598269396,1315.1354999999999,1315.538,1316.429,1312.269,0.0021053129950839838,239.0,0.26900000000000546,-0.004217338283740271,6.757000000000062,0.005144558907559777,1313.4265,1307.899,1313.308,1306.551,0.0028797915697391825,240.0,0.25699999999994816,,,,,,,,,,,,,,,0.003994087851471296,0.002495684284946703,0.002228377232200433,,,,-0.2332398584865215,-0.05680947467388356,0.12261378230930765,,,,,,,,,
2017-09-19,True,True,True,0.0005225160777284096,3.0299999999999727,0.0023169530614367043,1307.752,1308.4355,1309.739,1306.709,0.0021843077026977792,240.0,0.27049999999997,0.0013399094175112988,3.9220000000000255,0.002998943258647788,1307.794,1309.5475000000001,1310.732,1306.81,0.002918322542656048,239.0,0.2639999999998963,-0.0013225917383007505,3.7670000000000528,0.0028779825548570464,1308.903,1307.173,1309.819,1306.052,0.002390419663951099,353.0,0.2919999999999163,5.131999999999948,0.0041148347147923845,0.0034881348907298128,0.0012385750960797184,0.00370738639836679,0.002202746622675698,0.0021432303204846435,0.7340218238503684,-0.3092165180434619,-0.3791687476925608,-0.4700741666170358,0.018984751028175473,0.23721115826463246,0.0,0.0,0.11282151208105158,-5.493156612174409,0.11724523991239358,0.0,0.0,-0.0,-0.0
2017-09-20,False,True,True,0.002262935199014774,4.515999999999849,0.003441300714130745,1312.2945,1315.2675,1316.021,1311.505,0.001844827524739506,237.0,0.27099999999995816,-0.0020143202466056773,4.1030000000000655,0.0031215265124340417,1314.421,1311.776,1314.853,1310.75,0.0028057241417172433,240.0,0.26050000000009277,,,,,,,,,,,,,,,0.00363442462085113,0.0021404924956380605,0.0021827276742915408,,,,-0.05460129534144541,-0.16818953081169435,1.0572030519267084,,,,,,,,,
2017-09-21,False,True,True,-0.0005184988685619256,5.317000000000007,0.004107516980105934,1294.4560000000001,1293.785,1298.483,1293.166,0.0028545774579675238,239.0,0.26700000000005275,0.0013905353868607312,6.787000000000035,0.005249654444802854,1292.847,1294.646,1294.788,1288.001,0.0038818641408182968,240.0,0.2699999999999818,,,,,,,,,,,,,,,0.003605634451805002,0.0019279794574540109,0.0021432303204846435,,,,0.13032095741690736,0.286609644998764,-0.2689338138730109,,,,,,,,,
2017-09-22,False,True,True,-0.0014579655986248288,3.0299999999999727,0.0023344351918801504,1297.9585000000002,1296.0675,1297.994,1294.964,0.0023723890509434646,240.0,0.26700000000005275,0.00046535803889178224,5.1469999999999345,0.0039730600744900015,1295.475,1296.078,1298.423,1293.276,0.002426813918859894,240.0,0.25900000000001455,,,,,,,,,,,,,,,0.00363442462085113,0.001936334353564343,0.0021827276742915408,,,,-0.44268083581682566,0.08332216438189949,-0.752951367072041,,,,,,,,,
2017-09-25,False,True,True,0.0019446819673521716,5.770999999999958,0.004466671594375723,1292.0135,1294.5285,1296.47,1290.699,0.002459706086122695,240.0,0.2624999999999318,0.008649916877344952,16.346000000000004,0.012634442885686352,1293.765,1305.0045,1306.989,1290.643,0.004970993552024446,240.0,0.25900000000001455,,,,,,,,,,,,,,,0.00363442462085113,0.001966152650933879,0.002229957260606671,,,,0.20619271167425013,0.0980594459792762,0.98907984912997,,,,,,,,,
2017-09-26,True,True,True,-0.004908248299735159,9.355000000000018,0.007143506205419915,1309.5810000000001,1303.169,1309.563,1300.208,0.0031176506560508807,239.0,0.27099999999995816,-0.0014262684754987821,4.524999999999864,0.00347481927100201,1302.226,1300.37,1302.897,1298.372,0.0033683250291422135,240.0,0.25499999999988177,0.0022732981721610836,5.733999999999924,0.00438210855539055,1308.5025,1311.4805000000001,1313.654,1307.92,0.0025023103242713097,358.0,0.30300000000011096,5.131999999999948,0.0041148347147923845,0.0035131389824948514,0.0013225917383007505,0.00370738639836679,0.0019924892534430175,0.0023183659433232587,1.1173031956352264,0.11091792070778493,0.6470846110809723,0.6558765674767082,0.2962171205793894,-2.463375042677754,1.0,1.5027279812938557,0.3701286048324256,-5.493156612174409,0.07177327958310713,0.0,0.0,0.0,0.0
2017-09-27,False,True,True,-0.001653953241126895,8.804000000000087,0.0068130971810462845,1292.217,1290.0815,1293.246,1284.442,0.0027608075669103764,239.0,0.28099999999994907,-0.003209703391287189,7.527000000000044,0.005836831593799359,1289.5695,1285.437,1289.903,1282.376,0.0035900405193236644,240.0,0.2699999999999818,,,,,,,,,,,,,,,0.003933889180354307,0.0022953839119787133,0.002366757059537209,,,,0.5492182658921805,0.1540025448172155,-0.7205562574938154,,,,,,,,,
2017-09-28,False,True,True,0.00332975276443872,6.899000000000115,0.005387556143153368,1280.5435,1284.8145,1285.63,1278.731,0.0032595111346592196,240.0,0.2749999999998636,-0.0007111034604847095,4.3539999999998145,0.003388115914962348,1285.08,1284.1664999999998,1286.234,1281.88,0.002176442519220548,240.0,0.2524999999999409,,,,,,,,,,,,,,,0.003933889180354307,0.0023210739238727477,0.002366757059537209,,,,0.3144633265200853,0.32005653661976324,1.434574198689448,,,,,,,,,
2017-09-29,False,False,True,,,,,,,,,,,-0.0026259456268555082,9.071999999999889,0.0070461506557416296,1287.5115,1284.135,1290.358,1281.286,0.00430593038822522,240.0,0.2705000000000837,,,,,,,,,,,,,,,,,,,,,,,,,,,,,,,,
2017-10-02,False,True,True,-0.00012202181930048,3.7280000000000655,0.0029252063651486657,1274.44,1274.2845000000002,1274.788,1271.06,0.0022866121500506745,238.0,0.26700000000005275,0.001705920379920306,6.344000000000051,0.004984627327606499,1272.713,1274.886,1277.19,1270.846,0.0036915047972922626,240.0,0.2699999999999818,,,,,,,,,,,,,,,0.003933889180354307,0.0023438051783114715,0.0024160475685330797,,,,-0.2962635194757186,-0.05506165714134071,-0.05206141723280396,,,,,,,,,
2017-10-03,False,True,True,-0.0008886268155781003,2.86200000000008,0.0022496639652882667,1272.19,1271.06,1272.084,1269.222,0.002051129244785413,237.0,0.26299999999991996,0.0025456422153241672,5.51299999999992,0.0043390469759092935,1270.5555,1273.794,1274.691,1269.178,0.0027219226273739548,240.0,0.26500000000010004,,,,,,,,,,,,,,,0.003933889180354307,0.002283079592770692,0.0024160475685330797,,,,-0.5588476935565062,-0.1637424762387406,-0.3892228805302769,,,,,,,,,
2017-10-04,False,True,True,0.003327288690240888,5.530999999999949,0.004336364188734901,1275.4924999999998,1279.7435,1280.299,1274.768,0.0019061364232522216,236.0,0.27300000000013824,-0.0059176981709788586,11.694999999999936,0.009128602851527265,1281.138,1273.579,1282.135,1270.44,0.004019250012481275,240.0,0.28300000000001546,,,,,,,,,,,,,,,0.003933889180354307,0.0022872075768651137,0.0024160475685330797,,,,0.09740770261870298,-0.23705459048729532,1.454738399739532,,,,,,,,,
2017-10-05,False,True,True,0.002887930602669453,4.806999999999789,0.003770128068277818,1275.0230000000001,1278.7105000000001,1278.966,1274.159,0.0020441551586949506,237.0,0.2820000000001528,-0.003112353439357912,6.595000000000027,0.00516483417514781,1276.9045,1272.9365,1278.878,1272.283,0.0029902358298887284,239.0,0.27299999999991087,,,,,,,,,,,,,,,0.003933889180354307,0.002379944752744222,0.0023295006004970696,,,,-0.0425195786100193,-0.13066933125162075,1.2134443874545793,,,,,,,,,
2017-10-06,False,False,True,,,,,,,,,,,0.004499410219653924,15.16099999999983,0.011949533104368134,1268.7525,1274.4740000000002,1275.599,1260.438,0.006081064217251994,240.0,0.28549999999995634,,,,,,,,,,,,,,,,,,,,,,,,,,,,,,,,
2017-10-09,False,False,False,,,,,,,,,,,,,,,,,,,,,,,,,,,,,,,,,,,,,,,,,,,,,,,,,,,,
2017-10-10,False,True,True,0.0023474170972955515,5.852999999999838,0.004545793451820521,1287.564,1290.59,1291.859,1286.006,0.002233948113331426,240.0,0.2760000000000673,-0.0005968180718097281,6.076999999999998,0.004702699544549313,1292.2365,1291.4654999999998,1294.192,1288.115,0.002597189163968727,240.0,0.27750000000003183,,,,,,,,,,,,,,,0.0037651947244402495,0.0023828469275662414,0.0022811094842831187,,,,0.18840270969758932,-0.020891466047155444,0.9851313024513594,,,,,,,,,
2017-10-11,True,True,True,0.0008714077042554141,3.5219999999999345,0.002732919929403398,1288.7314999999999,1289.855,1290.504,1286.982,0.001635216200066982,239.0,0.27800000000002,-0.0015764233973103573,4.532999999999902,0.0035130616064525497,1290.3274999999999,1288.295,1291.261,1286.728,0.0021525528809918267,240.0,0.2599999999999909,-0.0010619854461190559,5.071999999999889,0.0039324551212047395,1289.7795,1288.4105,1291.646,1286.574,0.002325766105891123,353.0,0.29899999999997817,5.131999999999948,0.0041148347147923845,0.003511414076384097,0.0022732981721610836,0.0037651947244402495,0.0024258121353864692,0.0022547774659234946,0.988308651597806,-0.011760229618476937,-0.3024381126855431,-0.3204289707301394,-0.321276255286245,0.3592230789613827,0.0,0.0,0.06254871395165938,-5.493156612174409,0.0035567416505607892,0.0,0.0,-0.0,-0.0
2017-10-12,True,False,True,,,,,,,,,,,-0.002037531149986014,6.405999999999949,0.004946561537433911,1295.041,1292.405,1295.797,1289.391,0.0026227677502606342,238.0,0.27100000000018554,0.0030014264811534554,4.685000000000173,0.003624918081493863,1292.443,1296.328,1296.42,1291.735,0.0018797371709102489,355.0,0.3020000000001346,5.131999999999948,0.0041148347147923845,0.0035178762905177198,0.0010619854461190559,,,,0.9128994544037842,-0.09112953106295744,0.8531927314339245,,,,,,,-5.493156612174409,-0.07775105352189733,0.0,0.0,-0.0,-0.0
2017-10-13,False,False,True,,,,,,,,,,,0.006013073274421315,12.423999999999978,0.009612762133268737,1292.4485,1300.2435,1302.73,1290.306,0.006938272173748793,239.0,0.2840000000001055,,,,,,,,,,,,,,,,,,,,,,,,,,,,,,,,
2017-10-16,False,True,True,0.0011785902704990064,2.8079999999999927,0.002153777240526596,1303.756,1305.2935,1305.833,1303.025,0.0017574420234065325,236.0,0.27099999999995816,-0.0018746015448192048,3.4249999999999545,0.0026224432135763345,1306.034,1303.588,1305.992,1302.567,0.0024983924750710423,240.0,0.2620000000000573,,,,,,,,,,,,,,,0.0037651947244402495,0.002373252682174864,0.0022547774659234946,,,,-0.5585764228212805,-0.2491919272962184,0.49661390013428264,,,,,,,,,
2017-10-17,False,True,True,-0.0005328247710410676,3.4579999999998563,0.0026812478580255663,1289.6979999999999,1289.011,1290.771,1287.313,0.0021828795166176592,239.0,0.2799999999999727,-0.004029112935324284,8.277000000000044,0.006418876475597136,1289.478,1284.2930000000001,1289.421,1281.144,0.0033590036040794503,240.0,0.2884999999999991,,,,,,,,,,,,,,,0.003692232946924589,0.0023784671079338814,0.0022091279080146027,,,,-0.3199491048779064,-0.011952941501922871,-0.2240202394490626,,,,,,,,,
2017-10-18,False,True,True,-0.0027281728594089854,4.749000000000024,0.0037014549391313884,1283.009,1279.5135,1283.944,1279.195,0.0020965616846977,239.0,0.28899999999998727,0.0014916325476175937,6.68100000000004,0.005222850616387868,1279.1865,1281.096,1283.53,1276.849,0.00303350552694531,240.0,0.2829999999999018,,,,,,,,,,,,,,,0.003692232946924589,0.0023811034702314504,0.0022091279080146027,,,,0.0024945594488589317,-0.05229911599260306,-1.1457598938965046,,,,,,,,,
2017-10-19,False,True,True,0.0035848342763514338,7.824000000000069,0.006106286376558283,1281.3025,1285.904,1287.809,1279.985,0.0036160862399007955,240.0,0.28899999999998727,0.000845620352890647,6.124000000000024,0.00475954911743552,1286.6765,1287.765,1290.051,1283.927,0.0038092781899868363,240.0,0.26299999999991996,,,,,,,,,,,,,,,0.003657896382351374,0.0024246810208325806,0.0021835936096577194,,,,0.5124305708020054,0.5044203273713284,1.4784766513825736,,,,,,,,,
2017-10-20,False,True,True,-0.0013401137263735138,6.160999999999831,0.00479843608835153,1283.96,1282.2404999999999,1285.243,1279.082,0.003135323042996282,237.0,0.26900000000000546,-0.0029751546389342395,6.125999999999976,0.004772806688473841,1283.5214999999998,1279.7085000000002,1284.412,1278.286,0.003308463151552842,240.0,0.2680000000000291,,,,,,,,,,,,,,,0.0037357915037046032,0.0024446383475063057,0.0022091279080146027,,,,0.2503303384481396,0.35013438690231224,-0.5481848584026833,,,,,,,,,
2017-10-23,True,True,True,0.0001611003747011279,2.758000000000038,0.002162290145938935,1275.4995,1275.705,1276.582,1273.824,0.001724181056806577,238.0,0.28700000000003456,0.002754789242548233,8.565000000000055,0.006716116837693102,1275.2905,1278.8085,1280.982,1272.417,0.0033380228659972097,240.0,0.2644999999999982,0.0010067982259361432,3.4750000000001364,0.002725095858677812,1275.1845,1276.469,1277.66,1274.185,0.002299778312917303,355.0,0.3009999999999309,5.075500000000034,0.004046601319191635,0.003384738824474771,0.0030014264811534554,0.0037357915037046032,0.0022511608533888274,0.0022091279080146027,0.6846616096936485,-0.3788305632255607,0.29745226386628926,-0.5467917986751182,-0.2478456378151864,0.07156324456273856,1.0,0.07112599743865115,0.19101566348145924,-5.509877930619225,-0.11268400865318445,0.0,1.0,-0.0,-0.3788305632255607
2017-10-24,False,True,True,-0.0019218854843717794,3.757999999999811,0.0029337303263246564,1280.963,1278.5035,1280.841,1277.083,0.0024924912559551025,237.0,0.2699999999999818,-0.0003885938358063048,4.861000000000104,0.0038076364220281313,1276.645,1276.149,1278.401,1273.54,0.0025395365161645484,238.0,0.27549999999985175,,,,,,,,,,,,,,,0.0037357915037046032,0.0022517823389506123,0.0022091279080146027,,,,-0.24168494927133685,0.12068488881346215,-0.8534952295910744,,,,,,,,,
2017-10-25,False,True,True,3.848581111080595e-05,2.7639999999998963,0.002170955691768195,1273.172,1273.221,1273.947,1271.183,0.002157633814330072,240.0,0.2740000000001146,0.0019446268036212473,8.429000000000087,0.006617143417889279,1273.8125,1276.292,1279.276,1270.847,0.0045534701318273195,240.0,0.2819999999999254,,,,,,,,,,,,,,,0.0037357915037046032,0.0023111042525651806,0.0022602801316910504,,,,-0.5427922298967116,-0.046476592761889216,0.016652563841760542,,,,,,,,,
2017-10-26,False,True,True,-0.001686414526319207,3.8070000000000164,0.0029732419935482256,1280.4205000000002,1278.263,1280.298,1276.491,0.0020811763446757846,239.0,0.2680000000000291,-0.0016198235385152906,8.330999999999904,0.006529697937787915,1275.863,1273.798,1279.962,1271.631,0.00358150000531438,240.0,0.28899999999998727,,,,,,,,,,,,,,,0.0037357915037046032,0.0022642703902314566,0.0022602801316910504,,,,-0.2283067736564445,-0.0825554735036477,-0.744793790350639,,,,,,,,,
2017-10-27,True,True,True,0.0011704386849033016,4.467000000000098,0.0035287760747876955,1265.878,1267.3605,1269.017,1264.55,0.0021060242154859847,240.0,0.25950000000000273,0.0036167174387587956,9.953000000000202,0.00785929237151972,1266.399,1270.9875,1272.976,1263.023,0.005550350682125645,240.0,0.27350000000001273,0.0002888019434508827,3.31899999999996,0.0026193226142875487,1267.1215,1267.4875000000002,1268.494,1265.175,0.00221024060527635,354.0,0.2664999999999509,5.075500000000034,0.004046601319191635,0.003269924331308288,0.0010067982259361432,0.003337348466339807,0.0022980402723448683,0.002208413814974543,0.6539257216037706,-0.42476150950452995,0.08832068090558345,0.0557744704485315,-0.04747261507975989,0.5093203539505478,1.0,0.12314057728302549,0.31711161461929704,-5.509877930619225,-0.03751522574192354,0.0,1.0,-0.0,-0.42476150950452995
2017-10-30,False,True,True,0.0006816970899853695,3.3460000000000036,0.0026347991930238484,1269.926,1270.792,1272.482,1269.136,0.0017109563976929253,239.0,0.2540000000001328,0.002850416831302832,5.614999999999782,0.0044184487349778895,1270.808,1274.4355,1275.245,1269.63,0.0031573323973134735,239.0,0.2599999999999909,,,,,,,,,,,,,,,0.003615115506959542,0.002278025417957963,0.002170256665473866,,,,-0.31631683572462466,-0.2377929285153703,0.2992491148744281,,,,,,,,,
2017-10-31,False,True,True,-0.002603379511178889,5.4849999999999,0.004294824638434022,1277.1185,1273.798,1277.56,1272.075,0.001918183237232642,236.0,0.26900000000000546,-0.003044189057081337,6.80600000000004,0.005343470696488384,1273.704,1269.8325,1274.396,1267.59,0.0031312437057555566,240.0,0.2699999999999818,,,,,,,,,,,,,,,0.0032510090341679606,0.002245941262922356,0.0021318290149080284,,,,0.27844530516044563,-0.10560179622807149,-1.1591485290187171,,,,,,,,,
2017-11-01,True,True,True,0.0007251684493032678,6.156999999999925,0.004826019905274506,1275.7925,1276.718,1280.83,1274.673,0.003984462923766974,236.0,0.265999999999849,-0.00011552791079064206,7.611000000000104,0.005960895865240445,1276.8215,1276.674,1279.824,1272.213,0.004142390609125468,240.0,0.2840000000001055,0.001921767452736199,5.357999999999947,0.004218882688998305,1270.0045,1272.4475,1273.171,1267.813,0.0021973300748447814,357.0,0.2999999999999545,5.072999999999979,0.003955653859744373,0.003165862866992863,0.0002888019434508827,0.0032510090341679606,0.002018164462167511,0.0021012929500918423,1.0561797752808928,0.0546584125378583,0.6070280152600593,0.39505667157813773,0.6398496829071378,0.3593207902018233,1.0,1.509757539917191,0.6593731519810844,-5.532609366586616,0.033179187680121666,0.0,1.0,0.0,0.0546584125378583
2017-11-02,True,True,True,-0.0018280018452599366,4.165000000000191,0.0032611674431352548,1277.15,1274.8175,1277.207,1273.042,0.0017366424318892102,239.0,0.26700000000005275,0.0031116099890877366,10.721000000000004,0.008409646502262435,1274.8455,1278.8184999999999,1284.106,1273.385,0.004509718722721198,240.0,0.2740000000000009,0.0024461670691849785,6.364000000000033,0.004990063391212292,1275.3345,1278.458,1281.386,1275.022,0.002653269830517817,357.0,0.2999999999999545,5.074499999999944,0.003955653859744373,0.003162247124024735,0.001921767452736199,0.0032510090341679606,0.0019660598045373443,0.0021012929500918423,1.2541137057838414,0.22642911256882084,0.7735534173153523,0.003119822456366523,-0.1905992335561483,-0.9297793693972113,1.0,0.3901862252438743,0.25775938516110103,-5.532609366586616,0.17515501380729395,0.0,1.0,0.0,0.22642911256882084
2017-11-03,False,False,True,,,,,,,,,,,-0.0045644809590317656,14.795000000000073,0.011607822707474687,1274.5715,1268.767,1280.117,1265.322,0.0056074873080008015,240.0,0.27899999999999636,,,,,,,,,,,,,,,,,,,,,,,,,,,,,,,,
2017-11-06,True,True,True,0.002657108991234826,3.5230000000001382,0.0027760825086709344,1269.0545,1272.431,1272.441,1268.918,0.0017756841234676248,239.0,0.2820000000001528,0.006025243566335494,9.392000000000053,0.007386766268464008,1271.463,1279.147,1279.877,1270.485,0.0027829978088033096,240.0,0.27899999999999636,-0.0001975824883794464,4.736000000000104,0.0037277220202428085,1270.481,1270.23,1270.625,1265.889,0.002399339914643442,356.0,0.2740000000001146,5.131999999999948,0.004046601319191635,0.003154943096316721,0.0024461670691849785,0.0031172047183417404,0.0019020870843783053,0.0020888690146867424,0.9228371005456257,-0.0803025491716535,-0.06262632394546723,-0.11589591228697185,-0.1624370078652879,1.396943921788575,1.0,0.35385814497272977,0.22905300077943652,-5.509877930619225,0.005029053458070783,0.0,1.0,-0.0,-0.0803025491716535
2017-11-07,True,True,True,-0.002028853932045453,4.438000000000102,0.003470264648731572,1278.865,1276.2730000000001,1279.467,1275.029,0.002134123536959861,238.0,0.2699999999999818,-0.0013483753769521045,8.292000000000144,0.00649226850838733,1277.2115,1275.4904999999999,1280.045,1271.753,0.0043383543256610025,240.0,0.2619999999999436,-0.0009382694834587291,2.8099999999999454,0.002195169299502685,1280.0835,1278.883,1280.729,1277.919,0.0017863240360360588,353.0,0.25500000000010914,5.074499999999944,0.003955653859744373,0.0021149294185009906,0.0001975824883794464,0.0031172047183417404,0.0019798517810608062,0.002066152794730599,0.5537491378460886,-0.5910435145610897,-0.44364103844361447,0.10729418206298079,0.03236771630939377,-1.0247504138710786,1.0,0.5695142378559724,0.0035471475022227418,-5.532609366586616,0.2622111585652454,0.0,1.0,-0.0,-0.5910435145610897
2017-11-08,False,True,True,0.0014584700382933276,4.867999999999938,0.003809657968156282,1277.805,1279.67,1282.311,1277.443,0.0018597318937565706,238.0,0.2699999999999818,0.0037473014454152288,7.691000000000031,0.006004275831326011,1280.9205000000002,1285.7295,1287.18,1279.489,0.0036505223196065762,240.0,0.25900000000001455,,,,,,,,,,,,,,,0.0033657160459334137,0.0020317713986062413,0.0020888690146867424,,,,0.12389868025814571,-0.11619044401485483,0.7178317596624364,,,,,,,,,
2017-11-09,True,True,True,0.0021087747081058802,5.205999999999904,0.004053057212647238,1284.4625,1287.174,1287.971,1282.765,0.001907815877809102,237.0,0.2849999999998545,-0.0009908347630755755,6.120000000000118,0.00475551634067689,1286.9265,1285.652,1287.959,1281.839,0.004333025239467799,240.0,0.26149999999995543,0.0014432910627271583,5.149000000000115,0.00401667360295007,1281.9065,1283.758,1284.979,1279.83,0.0019078850284196278,354.0,0.2805000000000746,5.074499999999944,0.003955653859744373,0.0021339741097116806,0.0009382694834587291,0.0033657160459334137,0.001922754882287883,0.0020888690146867424,1.0146812493842097,0.014574523157301903,0.6763395376536036,0.18583073095647182,-0.09066370993910573,1.096746510713135,1.0,0.5896147403685082,0.13883141196178156,-5.532609366586616,0.009857326253731308,0.0,1.0,0.0,0.014574523157301903
2017-11-10,True,True,True,2.3366970085134927e-06,2.7409999999999854,0.002134964661310939,1283.862,1283.865,1285.21,1282.469,0.0018273975914029606,239.0,0.2599999999999909,-0.00722248390983137,12.004999999999882,0.009342368829406152,1285.006,1275.7585,1285.866,1273.861,0.0051747798028675945,240.0,0.26400000000001,-0.0009800978704356893,3.0570000000000164,0.0023767392102104286,1286.216,1284.9560000000001,1287.05,1283.993,0.0015801702827136414,354.0,0.29099999999994,5.074499999999944,0.003955653859744373,0.002117732495350717,0.0014432910627271583,0.0033657160459334137,0.0018716748332842567,0.0020888690146867424,0.6024238841265248,-0.5067939549980219,-0.46280532247930384,-0.4551906382488302,-0.1337299046730795,0.0012484524378699126,1.0,0.3003251551876843,0.21558774263475478,-5.532609366586616,0.23454693977342134,0.0,1.0,-0.0,-0.5067939549980219
2017-11-13,False,True,True,0.0017808182341967867,3.5939999999998236,0.002815189175385991,1276.646,1278.9215,1279.455,1275.861,0.0013384668201893326,238.0,0.32749999999998636,0.00013105398523605635,3.734000000000151,0.002921717303115769,1278.0155,1278.183,1279.776,1276.042,0.002080487796098944,240.0,0.2639999999998963,,,,,,,,,,,,,,,0.0031172047183417404,0.0017964504616796977,0.0019996797909542134,,,,-0.10190721467608771,-0.40146226834932713,0.9912982696621121,,,,,,,,,
2017-11-14,True,True,True,-0.0025071723638112136,6.432000000000016,0.005039403639229795,1276.3415,1273.1455,1276.227,1269.795,0.0031645201443054665,239.0,0.2639999999998963,0.0028965800874243604,11.536000000000058,0.009050274289367975,1274.6575,1278.355,1282.361,1270.825,0.005666001178654869,240.0,0.27700000000004366,-0.00093432800846574,2.7229999999999563,0.0021306971010234127,1277.9855,1276.792,1278.066,1275.343,0.0014162174102532736,353.0,0.29899999999997817,4.903999999999996,0.003830088570723774,0.0017514442921188573,0.0009800978704356893,0.0031172047183417404,0.0018308885130562615,0.0019996797909542134,0.5552610114192411,-0.588316984942303,-0.5334614481716752,0.4803510728990692,0.4590143677091174,-1.3693746757010599,1.0,1.1313213703099523,0.09186378466556287,-5.564867350541627,0.3138444307713146,0.0,1.0,-0.0,-0.588316984942303
2017-11-15,True,True,True,0.0021292504220781798,3.83400000000006,0.0029885695399754775,1282.888,1285.6225,1286.179,1282.345,0.002276031171086151,240.0,0.29949999999996635,-0.00579128807094242,12.958000000000084,0.010083772037337568,1285.035,1277.6145000000001,1289.482,1276.524,0.004919938589562458,240.0,0.27949999999998454,1.2490593022148146e-05,3.1440000000000055,0.002454416857409626,1280.9560000000001,1280.972,1283.267,1280.123,0.001846650689422981,354.0,0.2869999999999209,4.903999999999996,0.003830088570723774,0.0017077859287965428,0.00093432800846574,0.0033657160459334137,0.0018950374709533375,0.0020888690146867424,0.6411092985318123,-0.44455532406694775,0.007313910257446684,-0.11884587451140814,0.08581043351789143,1.1235927809949935,1.0,0.5938009787928297,0.3907014681892213,-5.564867350541627,-0.0032514377446957836,0.0,1.0,-0.0,-0.44455532406694775
2017-11-16,False,False,True,,,,,,,,,,,0.0021137394823566285,5.563000000000102,0.004355659185915398,1277.189,1279.8915000000002,1281.755,1276.192,0.0027264274113018164,240.0,0.26400000000001,,,,,,,,,,,,,,,,,,,,,,,,,,,,,,,,
2017-11-17,True,True,True,0.0008424487022679117,3.0239999999998872,0.002358758235470909,1282.0304999999998,1283.1109999999999,1284.234,1281.21,0.001686151963640528,238.0,0.26949999999999363,0.006149061328220963,8.676999999999907,0.006767802823492635,1282.1,1290.008,1290.144,1281.467,0.0030489068393961204,240.0,0.27350000000001273,0.0019513389725829375,5.203999999999951,0.004067499863218164,1279.4099999999999,1281.909,1283.992,1278.788,0.002008951123307079,359.0,0.27899999999999636,4.731000000000108,0.003676320050868336,0.00167905543078527,1.2490593022148146e-05,0.0033657160459334137,0.001958450604454212,0.0020888690146867424,1.0999788628196643,0.09529096400121548,1.162164712853062,-0.3555054235631124,-0.21417379004512657,0.43016081199693484,1.0,0.05115197632634882,0.02568167406462459,-5.605843013298127,0.11074379581596407,0.0,1.0,0.0,0.09529096400121548
2017-11-20,False,True,True,-0.00023625453786386912,2.4049999999999727,0.001862705081505912,1291.133,1290.828,1292.473,1290.068,0.0016779013096269158,236.0,0.2685000000000173,-0.010211826408073284,16.916000000000167,0.013085445265615486,1292.734,1279.6,1293.488,1276.572,0.004385131182678328,240.0,0.29349999999999454,,,,,,,,,,,,,,,0.003124868491555366,0.001857507224079643,0.0019996797909542134,,,,-0.5173624235151028,-0.1754432711902692,-0.127189027747081,,,,,,,,,
2017-11-21,False,True,True,-0.0016682005701087622,3.6829999999999927,0.0028773662294236616,1279.99,1277.8564999999999,1281.343,1277.66,0.0017875335919388504,240.0,0.2665000000000646,0.003672403027016112,8.57899999999995,0.006712774772674062,1278.011,1282.713,1284.709,1276.13,0.0032586771138918363,240.0,0.2744999999998754,,,,,,,,,,,,,,,0.0029809057667618518,0.00167551779053392,0.001912999557520872,,,,-0.035351830850186415,-0.0678356710544161,-0.9956328602020834,,,,,,,,,
2017-11-22,False,False,True,,,,,,,,,,,0.004898495131800509,8.052000000000135,0.006268142934210293,1284.591,1290.899,1291.795,1283.743,0.003235750729302924,240.0,0.2740000000001146,,,,,,,,,,,,,,,,,,,,,,,,,,,,,,,,
2017-11-23,False,True,False,0.0018782826060118004,6.777000000000044,0.0052562224226710514,1289.329,1291.753,1293.573,1286.796,0.002109447408971524,237.0,0.27500000000009095,,,,,,,,,,,,,,,,,,,,,,,,,0.002953486159936441,0.0016906624713251158,0.0018837738857828364,,,,0.5764263763798728,0.11314887091628324,1.1109743298079071,,,,,,,,,
2017-11-24,False,True,True,-0.00295824356272192,6.891000000000076,0.00533695171069406,1291.1865,1287.3725,1291.68,1284.789,0.0019843994359052095,239.0,0.2899999999999636,-0.00024873744532872264,4.232999999999947,0.0032847883569655846,1288.6675,1288.347,1291.309,1287.076,0.0028668230488999033,239.0,0.29099999999994,,,,,,,,,,,,,,,0.0029809057667618518,0.0017439722324646442,0.001912999557520872,,,,0.5824274463744226,0.036643858023132296,-1.6962675825068751,,,,,,,,,
2017-11-27,False,True,True,0.002538558872345252,4.979000000000042,0.003856633017627533,1291.0225,1294.304,1295.48,1290.501,0.0019459896985174786,239.0,0.27100000000018554,0.00017174607327462746,7.212999999999965,0.005568138483224538,1295.406,1295.6285,1299.2,1291.987,0.0037472482329548406,240.0,0.26900000000000546,,,,,,,,,,,,,,,0.003124868491555366,0.0018194002136896004,0.001912999557520872,,,,0.21040232799672412,0.017098230922517013,1.3952723833077134,,,,,,,,,
2017-11-28,False,True,True,0.001129593198020929,2.7609999999999673,0.00213518232956819,1293.098,1294.5595,1295.018,1292.257,0.0014818884347001474,239.0,0.2669999999998254,0.0002434973955685814,6.9650000000001455,0.005376119992837098,1295.544,1295.8595,1297.409,1290.444,0.0038028649002777117,240.0,0.2599999999999909,,,,,,,,,,,,,,,0.0033657160459334137,0.0019061564766863636,0.001912999557520872,,,,-0.45508868941292174,-0.2553552153460482,0.5926025548461784,,,,,,,,,
2017-11-29,False,True,True,-0.0009257079546967984,2.9349999999999454,0.0022649672081365532,1295.8245000000002,1294.6255,1296.45,1293.515,0.001734527319196986,238.0,0.2669999999998254,-0.007085755140740207,12.815000000000055,0.00990021372564399,1294.4165,1285.277,1294.547,1281.732,0.0047143336664789886,240.0,0.32150000000001455,,,,,,,,,,,,,,,0.0033657160459334137,0.0018691239666434394,0.0018837738857828364,,,,-0.39608045152695615,-0.08254221301190534,-0.4952630062088277,,,,,,,,,
2017-11-30,True,True,True,-0.0009060672603455291,3.675999999999931,0.0028662890951968454,1282.4945,1281.333,1283.213,1279.537,0.001859274278308998,238.0,0.2865000000000464,-0.004234742078104965,7.033999999999878,0.005492782816038924,1280.5895,1275.178,1281.454,1274.42,0.0038384682144976057,240.0,0.2520000000000664,-0.00021105664301244163,2.3430000000000746,0.0018245517855766764,1284.151,1283.88,1285.222,1282.879,0.0015700131200101926,354.0,0.25,4.731000000000108,0.003676320050868336,0.0016681093470545642,0.0019513389725829375,0.003124868491555366,0.0018743622814300469,0.0018435647425797657,0.4952441344324711,-0.7027044371233435,-0.12652446518875474,-0.08637400466172503,0.008485181178811701,-0.4834002846313382,1.0,0.7064045656309014,0.2928556330585629,-5.605843013298127,0.08890930309279597,0.0,1.0,-0.0,-0.7027044371233435
2017-12-01,False,True,True,0.0009182433002158373,3.1639999999999873,0.002481140509088618,1275.22,1276.3915,1278.106,1274.942,0.0018405661062932631,239.0,0.2799999999999727,0.006186144397344362,17.79099999999994,0.013940124302249364,1276.2440000000001,1284.1635,1289.163,1271.372,0.007265951993384379,240.0,0.27500000000009095,,,,,,,,,,,,,,,0.003124868491555366,0.001884647482895439,0.0018595030860327844,,,,-0.23067386244030433,-0.010236103220148262,0.4872228406370794,,,,,,,,,
2017-12-04,False,True,True,-0.0001848877616829492,5.442000000000007,0.004272043276222302,1273.8635,1273.6280000000002,1275.432,1269.99,0.0019066127476275849,239.0,0.33400000000006,0.00041097221805728236,4.489000000000033,0.003524801204824033,1273.547,1274.0705,1277.14,1272.651,0.0036198107668151233,239.0,0.25700000000006185,,,,,,,,,,,,,,,0.0029329678846995695,0.0017825463762100567,0.0018499201923011304,,,,0.37607739151521846,0.030185738244409555,-0.10372115090550771,,,,,,,,,
2017-12-05,False,False,True,,,,,,,,,,,-0.007915767691750519,13.263000000000147,0.010411429257741276,1273.8885,1263.8445000000002,1274.027,1260.764,0.004948617304471397,240.0,0.2720000000001619,,,,,,,,,,,,,,,,,,,,,,,,,,,,,,,,
2017-12-06,False,True,True,-0.0004179784415527208,2.2760000000000673,0.0017945663118272383,1268.2730000000001,1267.743,1269.122,1266.846,0.0012583361521759226,236.0,0.27500000000009095,-0.0016708428442316627,6.013999999999896,0.0047493182825061745,1266.287,1264.173,1268.474,1262.46,0.00391864152499557,240.0,0.2599999999999909,,,,,,,,,,,,,,,0.0029329678846995695,0.001781542104751722,0.0018499201923011304,,,,-0.4912514565550265,-0.3853521646928458,-0.2346160893070618,,,,,,,,,
2017-12-07,False,True,True,-0.002389913084589797,4.171999999999798,0.0033140806325666393,1258.871,1255.866,1258.841,1254.669,0.0018592770919146416,237.0,0.2559999999998581,-0.002136373960412494,4.731999999999971,0.003768108440618626,1255.8024999999998,1253.1225,1256.397,1251.665,0.002782462224864092,240.0,0.25700000000006185,,,,,,,,,,,,,,,0.0028718276623102535,0.0017236036349274411,0.0018499201923011304,,,,0.1432316063713752,0.005045253053168639,-1.3865792785302438,,,,,,,,,
2017-12-08,False,True,True,-0.0021428661181220085,4.179999999999836,0.003345518865564836,1249.4325,1246.758,1249.359,1245.179,0.0016141701416480343,237.0,0.25900000000001455,0.0006143270637161338,9.603999999999814,0.00769968656888114,1247.3235,1248.09,1252.34,1242.736,0.005175168096927483,240.0,0.2660000000000764,,,,,,,,,,,,,,,0.0029329678846995695,0.0017267989339044088,0.0018592756851118198,,,,0.1316069580184044,-0.14136601484555134,-1.240947093519941,,,,,,,,,
2017-12-11,False,False,True,,,,,,,,,,,-0.003128995632992399,5.050999999999931,0.004038867805641726,1250.598,1246.691,1250.788,1245.737,0.0022900584111958215,239.0,0.2519999999999527,,,,,,,,,,,,,,,,,,,,,,,,,,,,,,,,
2017-12-12,False,False,True,,,,,,,,,,,-0.00406323493662603,7.226000000000113,0.00581318642420663,1243.036,1237.9955,1243.632,1236.406,0.0029977270492345834,239.0,0.25,,,,,,,,,,,,,,,,,,,,,,,,,,,,,,,,
2017-12-13,False,False,True,,,,,,,,,,,0.00311678953799871,8.41599999999994,0.006779824865265433,1241.33,1245.205,1248.527,1240.111,0.005547095749919901,238.0,0.25699999999983447,,,,,,,,,,,,,,,,,,,,,,,,,,,,,,,,
2017-12-14,False,True,True,0.0006327960482711789,3.4700000000000273,0.0027628895365710846,1255.9315000000001,1256.7265,1257.056,1253.586,0.0018333690831340943,237.0,0.25,-0.0032073925757920905,7.384999999999991,0.005875440658049346,1256.9270000000001,1252.902,1257.761,1250.376,0.0035916329377604825,240.0,0.25,,,,,,,,,,,,,,,0.0029329678846995695,0.001734119800150878,0.0018499201923011304,,,,-0.05973777467662289,-0.008987195591501684,0.3649090727273411,,,,,,,,,
2017-12-15,False,False,True,,,,,,,,,,,-0.002298260684720386,8.509000000000015,0.006763658273498538,1258.047,1255.159,1261.787,1253.278,0.004082980203010398,240.0,0.25,,,,,,,,,,,,,,,,,,,,,,,,,,,,,,,,
2017-12-18,False,False,True,,,,,,,,,,,0.0029228185596831035,7.342999999999847,0.0058295775441782,1259.611,1263.298,1263.956,1256.613,0.0029286974783952844,240.0,0.2639999999998963,,,,,,,,,,,,,,,,,,,,,,,,,,,,,,,,
2017-12-19,False,False,True,,,,,,,,,,,-0.0021610451939371353,4.1159999999999854,0.0032576564027273656,1263.485,1260.7575,1263.474,1259.358,0.003072751618018663,240.0,0.25900000000001455,,,,,,,,,,,,,,,,,,,,,,,,,,,,,,,,
2017-12-20,False,True,True,0.001274871835326336,3.203999999999951,0.0025355423045420166,1263.635,1265.247,1266.357,1263.153,0.0014337039690884166,238.0,0.2725000000000364,-0.0005839326249221053,4.119999999999891,0.0032545333398107164,1265.9265,1265.1875,1266.078,1261.958,0.002492573958049654,240.0,0.26900000000000546,,,,,,,,,,,,,,,0.0028718276623102535,0.0017077621563559623,0.0018369675947136786,,,,-0.12454110222105874,-0.2478548820578302,0.7465160359605746,,,,,,,,,
2017-12-21,False,False,True,,,,,,,,,,,0.0022425775885421832,4.769999999999982,0.0037721375841712427,1264.5349999999999,1267.374,1267.423,1262.653,0.0031518565179718275,238.0,0.26500000000010004,,,,,,,,,,,,,,,,,,,,,,,,,,,,,,,,
2017-12-22,False,False,True,,,,,,,,,,,0.004478491431829206,7.119999999999891,0.005613132206607327,1268.4540000000002,1274.1475,1274.745,1267.625,0.0022341609916005168,240.0,0.2659999999999627,,,,,,,,,,,,,,,,,,,,,,,,,,,,,,,,
2017-12-25,False,False,False,,,,,,,,,,,,,,,,,,,,,,,,,,,,,,,,,,,,,,,,,,,,,,,,,,,,
2017-12-26,True,False,True,,,,,,,,,,,0.0032072783508005184,4.814000000000078,0.003764056079275117,1278.9395,1283.048,1283.106,1278.292,0.0021238361774696354,239.0,0.2899999999999636,0.004159055964113381,5.861999999999853,0.004602704618957657,1273.599,1278.907,1278.992,1273.13,0.0024224220429462434,355.0,0.35400000000004184,4.710500000000138,0.003676320050868336,0.0016788167259994503,0.00021105664301244163,,,,1.2444538796305447,0.2186967827820608,2.477373437911973,,,,,,,-5.605843013298127,0.541793600621082,0.0,1.0,0.0,0.2186967827820608
2017-12-27,False,False,True,,,,,,,,,,,0.0025546514301145015,4.236000000000104,0.0032999353801606607,1283.6615,1286.945,1287.595,1283.359,0.002210897778832507,240.0,0.25099999999997635,,,,,,,,,,,,,,,,,,,,,,,,,,,,,,,,
2017-12-28,False,False,True,,,,,,,,,,,0.0018069485432466144,6.850000000000136,0.0053011498077850565,1292.1725000000001,1294.5095000000001,1295.065,1288.215,0.0033944306134311535,239.0,0.27100000000018554,,,,,,,,,,,,,,,,,,,,,,,,,,,,,,,,
2017-12-29,False,False,True,,,,,,,,,,,0.005163923773210215,7.457000000000107,0.005750219768356523,1296.8200000000002,1303.534,1303.904,1296.447,0.002758166229038061,239.0,0.2719999999999345,,,,,,,,,,,,,,,,,,,,,,,,,,,,,,,,
2018-01-01,False,False,False,,,,,,,,,,,,,,,,,,,,,,,,,,,,,,,,,,,,,,,,,,,,,,,,,,,,
2018-01-02,False,True,True,0.0005572827648038674,4.4249999999999545,0.003378991075263651,1309.5625,1310.2925,1312.869,1308.444,0.0023099559675638917,237.0,0.2560000000000855,-0.0007653711127393974,3.7810000000001764,0.002881236073898772,1312.284,1311.28,1314.457,1310.676,0.002268061629135411,240.0,0.25,,,,,,,,,,,,,,,0.002840739135291418,0.001662667598202895,0.0018303833372685274,,,,0.17351288927562328,0.23270304385741342,0.33517388887965943,,,,,,,,,
2018-01-03,False,False,True,,,,,,,,,,,0.0016678758514347403,3.4909999999999854,0.002654857834682425,1314.948,1317.143,1317.908,1314.417,0.0022971719151289893,238.0,0.25,,,,,,,,,,,,,,,,,,,,,,,,,,,,,,,,
2018-01-04,False,True,True,0.0017634662255873632,3.796000000000049,0.0028960551928917323,1310.7485000000001,1313.062,1314.286,1310.49,0.0020320853850118578,238.0,0.25,0.0046102364757776805,11.009999999999991,0.008383601948711537,1313.278,1319.3465,1320.024,1309.014,0.004010237379854305,240.0,0.25099999999997635,,,,,,,,,,,,,,,0.0028718276623102535,0.00166839224891121,0.0018369675947136786,,,,0.008400889434677082,0.1009463832690776,1.0569853862232927,,,,,,,,,
2018-01-05,False,False,True,,,,,,,,,,,0.0031052695321232946,9.38000000000011,0.007119633756324166,1317.4835,1321.581,1322.904,1313.524,0.005745258912890241,240.0,0.2620000000000573,,,,,,,,,,,,,,,,,,,,,,,,,,,,,,,,
2018-01-08,False,False,True,,,,,,,,,,,-0.0013451855870363423,4.990000000000009,0.003784464507752282,1318.5484999999999,1316.7759999999998,1320.843,1315.853,0.0026630207913353196,239.0,0.25,,,,,,,,,,,,,,,,,,,,,,,,,,,,,,,,
2018-01-09,False,False,True,,,,,,,,,,,-0.0026058661554996037,6.585000000000036,0.005009438817331241,1314.5185,1311.0974999999999,1315.281,1308.696,0.0034330029716967527,240.0,0.2580000000000382,,,,,,,,,,,,,,,,,,,,,,,,,,,,,,,,
2018-01-10,False,True,True,0.009496861414395921,16.498000000000047,0.012580457968932451,1311.399,1323.9125,1327.664,1311.166,0.0062385376626489545,238.0,0.2685000000000173,-0.004210393774465177,9.309999999999945,0.007038481441958759,1322.7285,1317.171,1323.552,1314.242,0.0040084071464863815,240.0,0.26099999999996726,,,,,,,,,,,,,,,0.0028867107111576968,0.0016674037320890999,0.0018499201923011304,,,,1.4720269634386411,1.2156033071198504,5.695598031616043,,,,,,,,,
2018-01-11,True,False,True,,,,,,,,,,,0.0016203556514988498,4.267000000000053,0.0032334870130067356,1319.6280000000002,1321.768,1323.477,1319.21,0.002980746126176854,240.0,0.25,4.325138082595206e-05,4.34699999999998,0.003298558218186673,1317.8485,1317.9054999999998,1320.804,1316.457,0.002299561289804207,354.0,0.2999999999999545,4.710500000000138,0.003676320050868336,0.001819142379720804,0.004159055964113381,,,,0.922831971128299,-0.08030810749996437,0.02377569854240334,,,,,,,-5.605843013298127,-0.0019093813544300733,0.0,1.0,-0.0,-0.08030810749996437
2018-01-12,False,True,True,0.0026589464757114257,6.639999999999873,0.005000395362585048,1327.895,1331.4305,1333.119,1326.479,0.002745156080318655,236.0,0.25950000000000273,-0.0009515809766480852,11.769000000000005,0.008834909038497056,1332.1019999999999,1330.835,1333.039,1321.27,0.004028279277292359,239.0,0.2580000000000382,,,,,,,,,,,,,,,0.0028867107111576968,0.002619073354735302,0.0018499201923011304,,,,0.5493992901283865,0.3946954343430888,1.0152241329568081,,,,,,,,,
2018-01-15,True,True,True,-0.0011371503897017335,3.4729999999999563,0.0025857049898968818,1343.154,1341.6275,1343.774,1340.301,0.0018381445458313945,238.0,0.2640000000001237,-0.000903898173402058,4.027000000000044,0.003000703790596064,1342.0185,1340.806,1342.481,1338.454,0.0016722741278062513,237.0,0.2619999999999436,0.0050823603700917005,8.336000000000013,0.006235231902605926,1336.919,1343.731,1344.719,1336.383,0.002615645961395664,356.0,0.2859999999999445,4.652500000000032,0.0035527739247334317,0.0018045065295369147,4.325138082595206e-05,0.0028867107111576968,0.0026383147793347596,0.0018499201923011304,1.79172487909725,0.583178775476737,2.816482116801191,-0.11011949755415659,-0.006385835023141704,-0.43101391790272325,0.0,0.0,0.1240193444384727,-5.640026593370038,1.6425125920282468,0.0,1.0,0.0,0.583178775476737
2018-01-16,False,True,True,-0.0032117496034145213,8.18899999999985,0.006113812931807992,1339.426,1335.131,1339.925,1331.736,0.004175407044837004,239.0,0.26700000000005275,-0.0006159003956178572,4.042000000000144,0.0030257786308315344,1335.8545,1335.032,1335.998,1331.956,0.002726796197326833,240.0,0.25499999999988177,,,,,,,,,,,,,,,0.0028867107111576968,0.0026654602804502244,0.0018499201923011304,,,,0.7504329346090974,0.8140693504567363,-1.2049512149819104,,,,,,,,,
2018-01-17,True,True,True,0.002202304400784555,4.824000000000069,0.0036150997861965754,1334.403,1337.345,1338.91,1334.086,0.002296977177333166,239.0,0.2580000000000382,-0.0018316470949426916,7.126999999999953,0.0053342334743171314,1336.087,1333.642,1337.099,1329.972,0.00266738960138231,240.0,0.2535000000000309,-0.004758586848777856,10.103000000000065,0.007535239157885051,1340.7669999999998,1334.402,1343.891,1333.788,0.003620513281051583,360.0,0.2819999999999254,4.652500000000032,0.0035527739247334317,0.0018800801355085372,0.0050823603700917005,0.003105067912729186,0.002788566953523358,0.0018592756851118198,2.171520687802256,0.7754276999113261,-2.5310553305169194,0.15208387140290128,0.21140699252293682,0.789762066857294,0.0,0.0,0.00021493820526090194,-5.640026593370038,-1.962650413291036,0.0,1.0,0.0,0.7754276999113261
2018-01-18,True,True,True,0.0010993154002434666,4.374000000000024,0.003294111267758395,1327.824,1329.2845000000002,1331.431,1327.057,0.0024082931004035467,236.0,0.25649999999996,0.0007924727915252459,6.3129999999998745,0.004750701072689094,1328.8564999999999,1329.91,1333.071,1326.758,0.0037330864244773236,240.0,0.25,-3.7634364088928013e-06,5.468999999999824,0.00411643899800939,1328.5755,1328.5704999999998,1329.562,1324.093,0.0032940057202955975,357.0,0.2799999999999727,4.710500000000138,0.003676320050868336,0.0022188704869192605,0.004758586848777856,0.003329799749065738,0.0027757520970667325,0.0018829449197711131,1.16102324593985,0.1493017248579887,-0.0016961045861302421,-0.010775756664737929,0.2460812415453228,0.39604235601773113,1.0,0.39677316633055665,0.15847574567449735,-5.605843013298127,-0.0002532313402487902,0.0,1.0,0.0,0.1493017248579887
2018-01-19,True,True,True,-0.0004397832321676391,4.5909999999998945,0.0034388431225383883,1335.042,1334.455,1338.013,1333.422,0.00217835491667163,240.0,0.25900000000001455,-0.00015550435808899695,4.083000000000084,0.0030596382163276497,1334.4715,1334.264,1336.058,1331.975,0.0023383490148604015,240.0,0.25099999999997635,0.002757872536393875,5.8960000000001855,0.004439770737347715,1327.9965000000002,1331.664,1332.544,1326.648,0.002931910629728489,359.0,0.2799999999999727,4.903999999999996,0.003830088570723774,0.0021759923993104483,3.7634364088928013e-06,0.003304095950162517,0.002761396184184953,0.0018829449197711131,1.2022838499184727,0.18422295625315746,1.2674090852834867,0.03997221739241857,0.14573296861722435,-0.15926118631088224,1.0,1.115212071778105,0.6888254486133629,-5.564867350541627,0.23348584847303408,0.0,1.0,0.0,0.18422295625315746
2018-01-22,False,True,True,0.0010623104183884126,4.605000000000018,0.0034590380043491623,1331.295,1332.71,1334.557,1329.952,0.0018195197224523208,237.0,0.25,-0.0002552278560528508,4.7560000000000855,0.003569731737211965,1332.313,1331.973,1335.51,1330.754,0.0023997395223668357,240.0,0.2515000000000782,,,,,,,,,,,,,,,0.003304095950162517,0.0026506013820901558,0.0018829449197711131,,,,0.045827621142926746,-0.03426442042925446,0.40078090412475303,,,,,,,,,
2018-01-23,False,True,True,1.645770370187508e-05,2.9880000000000564,0.002235273787375234,1336.749,1336.771,1338.511,1335.523,0.0014430939583271042,240.0,0.25900000000001455,0.0008155959135315738,7.848000000000184,0.005871992362220062,1336.5140000000001,1337.6045,1339.13,1331.282,0.0032651124550247164,240.0,0.26099999999996726,,,,,,,,,,,,,,,0.003304095950162517,0.0026148464330972188,0.0018592756851118198,,,,-0.39079917533594727,-0.2533976044184657,0.006293946555928851,,,,,,,,,
2018-01-24,True,True,True,0.004663325466810279,7.7970000000000255,0.005804708089516256,1343.22,1349.4985000000001,1350.875,1343.078,0.00310281418668036,239.0,0.26700000000005275,0.0005012186815537895,4.463999999999942,0.003300886447731485,1352.364,1353.042,1355.646,1351.182,0.0035373697631889103,240.0,0.2519999999999527,0.00018032343515830178,2.658000000000129,0.001980755817073049,1341.912,1342.154,1342.075,1339.417,0.002181592570746657,355.0,0.26500000000010004,4.903999999999996,0.003830088570723774,0.0021967124719114513,0.002757872536393875,0.003304095950162517,0.0026137514994285837,0.0018592756851118198,0.542006525285508,-0.6124772383428074,0.08208786423532016,0.563506431998608,0.5121225065666597,1.7841502789495374,1.0,1.7944535073409382,0.21737357259380743,-5.564867350541627,-0.05027694838830821,0.0,1.0,-0.0,-0.6124772383428074
2018-01-25,True,True,True,-0.0013512646266611247,4.913000000000011,0.003609510210843747,1361.1264999999999,1359.2885,1361.198,1356.285,0.0025196634404151537,239.0,0.27899999999999636,0.0021587033514375905,8.201999999999998,0.006039117311068658,1358.1455,1361.0805,1361.609,1353.407,0.004644522065603862,240.0,0.28599999999983083,0.006349269681187941,9.094000000000051,0.006705713276560199,1356.1570000000002,1364.795,1364.968,1355.874,0.0026001511475914015,360.0,0.3009999999999309,4.710500000000138,0.003676320050868336,0.002159993236506607,0.00018032343515830178,0.003329799749065738,0.0027489897726142806,0.0018829449197711131,1.9305806177687685,0.6578207958962097,2.939485908509936,0.08065992070501025,0.2912883392824734,-0.49154952852955736,0.0,0.0,0.7787920602908639,-5.605843013298127,1.9336549598616992,0.0,1.0,0.0,0.6578207958962097
2018-01-26,True,True,True,-0.0038966048005307655,7.4849999999999,0.005520974169806947,1355.739,1350.4665,1357.002,1349.517,0.003164304341496132,240.0,0.25099999999997635,0.001433759884463591,5.341999999999871,0.003954921886220755,1350.722,1352.66,1353.947,1348.605,0.003702521640202814,240.0,0.25,0.0041294259765344565,8.086999999999989,0.006004075228011189,1346.9185,1352.492,1353.779,1345.692,0.0029586719254501635,358.0,0.2799999999999727,4.942500000000109,0.0038721978115964393,0.0024488745402041373,0.006349269681187941,0.003362254970414243,0.0027650807306378363,0.0019693490663197214,1.6362164896307154,0.49238655805102677,1.6862546074696947,0.4959424537352753,0.4742301691614025,-1.409219180241408,1.0,0.6520991401112565,0.6569549822964086,-5.553933023167047,0.8302891021696882,0.0,1.0,0.0,0.49238655805102677
2018-01-29,True,True,True,-0.0007579528806326031,3.696999999999889,0.002743477099349854,1347.56,1346.539,1348.703,1345.006,0.0022180154201273164,240.0,0.2559999999999718,-0.002389537264384987,8.120999999999867,0.006045622451212822,1343.286,1340.08,1345.61,1337.489,0.0034734331352636967,240.0,0.28549999999995634,-0.0022715714499224864,6.154999999999973,0.004555007918535272,1351.2600000000002,1348.194,1352.377,1346.222,0.003105165098544256,359.0,0.29300000000012005,5.176500000000033,0.004042086733084117,0.002548140745858507,0.0041294259765344565,0.0034089170989010193,0.002953189505823775,0.002105220150841744,1.1890273350719471,0.1731356074123754,-0.8914623156568064,-0.21716854431280913,0.05219279478194456,-0.2566556867203741,1.0,0.23490775620590879,0.12247657683763365,-5.510994202268503,-0.15434386950648393,0.0,1.0,0.0,0.1731356074123754
2018-01-30,True,True,True,0.006709383457643595,10.974999999999909,0.008213335688197012,1336.2415,1345.237,1346.201,1335.226,0.0037828411749270237,240.0,0.27949999999998454,-0.004763510925195177,11.617999999999938,0.00864357992112301,1344.119,1337.7314999999999,1348.774,1337.156,0.004044168000554212,240.0,0.27500000000009095,-0.004620283220157349,7.2349999999999,0.00539348994209166,1341.432,1335.2485,1341.538,1334.303,0.0032794455240285516,359.0,0.3049999999998363,5.280999999999949,0.004091969430613776,0.0026550744970535796,0.0022715714499224864,0.003362254970414243,0.0029630784710281276,0.0021981851683994733,1.370005680742278,0.31481488635864696,-1.7401708408877505,0.8931472656890177,0.5428432644021254,2.2643286444302557,1.0,0.8829767089566476,0.18803256958912612,-5.498728901445154,-0.5478316855187083,0.0,1.0,0.0,0.31481488635864696
2018-01-31,True,True,True,-2.234339791427947e-06,2.8320000000001073,0.002109214407006962,1342.6799999999998,1342.6770000000001,1343.881,1341.049,0.0015790707228338545,239.0,0.26900000000000546,-0.0016386181180941925,4.958000000000084,0.003689825444018236,1343.695,1341.495,1345.169,1340.211,0.0031022501855649033,240.0,0.27099999999995816,0.0034326945614654553,6.866999999999962,0.005130433060997735,1338.4835,1343.086,1343.23,1336.363,0.0030532241748109125,356.0,0.2804999999999609,5.336499999999887,0.004091969430613776,0.0029258884705254326,0.004620283220157349,0.0034089170989010193,0.0032623595725764384,0.0022574962987302414,1.286798463412369,0.25215732226667237,1.1732144256506845,-0.4800791153498639,-0.35741984285842393,-0.0006848845878945784,1.0,0.12199006839690453,0.07607982760239577,-5.498728901445154,0.2958346080167086,0.0,1.0,0.0,0.25215732226667237
2018-02-01,True,True,True,-0.0007879939871575171,4.317000000000007,0.0032246847865018947,1338.7355,1337.681,1341.454,1337.137,0.0020399482423521546,240.0,0.2759999999999536,0.001701120379447641,6.491999999999962,0.004844651387706781,1340.0345,1342.316,1344.565,1338.073,0.0034056645831707444,240.0,0.25649999999996,-0.0008711817332895117,6.441000000000031,0.004787740529884935,1345.311,1344.1395,1347.047,1340.606,0.002853203755814924,356.0,0.29599999999982174,5.336499999999887,0.004091969430613776,0.0029652468176565223,0.0034326945614654553,0.0034089170989010193,0.0031805857025250625,0.0022574962987302414,1.2069708610512822,0.18811380019289703,-0.29379737568625713,-0.05555946970463959,-0.10133193062576017,-0.24775121969891578,1.0,0.650051531902956,1.0126487398107582,-5.498728901445154,-0.05526734082704208,0.0,1.0,0.0,0.18811380019289703
2018-02-02,True,True,True,-0.0026937873222623106,5.2690000000000055,0.003906963983486797,1348.6175,1344.9895000000001,1348.907,1343.638,0.002242373054869151,240.0,0.26499999999987267,-0.011326148107263219,19.685000000000173,0.014628661624231164,1345.6460000000002,1330.491,1346.987,1327.302,0.007079753784623773,240.0,0.29099999999994,-0.0009283259294450551,3.758000000000038,0.0027862804971857586,1348.7515,1347.5,1350.036,1346.278,0.002709517346307061,358.0,0.2680000000000291,5.665499999999838,0.004278104867678552,0.002980140514395921,0.0008711817332895117,0.0034089170989010193,0.003124964111143884,0.0022574962987302414,0.6633130350366508,-0.41050825084717196,-0.31150408007966973,0.13636592301712486,-0.006721662169546817,-0.8620218429568645,1.0,0.46597828964789967,0.19724649192482493,-5.454245155373525,0.12787499504526262,1.0,1.0,-0.41050825084717196,-0.41050825084717196
2018-02-05,True,True,True,0.003296640202091717,6.475999999999885,0.00486061386640959,1332.342,1336.7415,1338.552,1332.076,0.002685082034654296,240.0,0.2799999999999727,-0.00011154305985401738,6.362999999999829,0.0047631470306309575,1335.8815,1335.7325,1337.695,1331.332,0.00259657547217404,240.0,0.2600000000001046,-0.00011180709161251262,4.713999999999942,0.003537108500090373,1332.7269999999999,1332.578,1333.581,1328.867,0.002872749434158269,358.0,0.28500000000008185,5.665499999999838,0.004278104867678552,0.0029798540516030193,0.0009283259294450551,0.0034489405634437753,0.0032337232438558656,0.0022696751161011587,0.8320536581060942,-0.18385834732452852,-0.03752099588648167,0.3430976390729565,0.16807457984767848,1.019456506785296,1.0,0.8774159385756148,0.04165563498365247,-5.454245155373525,0.006898548293658952,1.0,1.0,-0.18385834732452852,-0.18385834732452852
2018-02-06,True,True,True,-0.0004039372958103126,5.668999999999869,0.004220199262786403,1343.3015,1342.759,1344.608,1338.939,0.0023708321608511586,240.0,0.2745000000001028,-0.004845159038868403,13.24499999999989,0.009914653138723096,1335.9015,1329.4445,1337.761,1324.516,0.004780841960807691,240.0,0.2944999999999709,0.002255377129349064,10.330999999999904,0.007707449651836723,1340.3915,1343.4180000000001,1346.109,1335.778,0.004710168003253605,359.0,0.31300000000010186,5.665499999999838,0.004278104867678552,0.002979675223995809,0.00011180709161251262,0.0035342741075964548,0.0032786214715781665,0.002303466572448529,1.823493072103115,0.6007539320288434,0.7569204560235777,0.17737441172615379,0.028825822586458664,-0.12320339487555333,0.0,0.0,0.020563057100007172,-5.454245155373525,0.4547229401892296,1.0,0.0,0.6007539320288434,0.0
2018-02-07,True,True,True,-0.0010600940330800764,3.941000000000031,0.0029635322356508426,1329.8319999999999,1328.423,1330.896,1326.955,0.002117274717143428,240.0,0.26700000000005275,-0.004398206038098931,7.9529999999999745,0.006005182896441723,1324.356,1318.5439999999999,1325.596,1317.643,0.00315918613439029,240.0,0.2760000000000673,0.003199613428012364,6.49799999999982,0.0049027393244887,1325.3815,1329.629,1330.705,1324.207,0.0025911293725474002,358.0,0.32999999999992724,5.879000000000019,0.0044973893279414935,0.002976038195571057,0.002255377129349064,0.0036123049985201613,0.0032918907933496533,0.0023339046690921622,1.1052900153086918,0.10010775782675971,1.0751251219739155,-0.19796419258600148,-0.09741293767195398,-0.3220319565951886,1.0,0.0324885184555248,0.034529681918689215,-5.404258199903945,0.10762836534403022,1.0,1.0,0.10010775782675971,0.10010775782675971
2018-02-08,True,True,True,-0.0010700123327077491,4.176000000000158,0.003182031882801375,1312.3690000000001,1310.9655,1313.315,1309.139,0.0025854412070158285,239.0,0.26900000000000546,0.0033363192440515233,7.582000000000107,0.005777725959607819,1312.281,1316.6665,1318.046,1310.464,0.003707406764603466,240.0,0.25099999999997635,-0.0056542370572766915,9.61200000000008,0.007286745015095494,1319.1075,1311.67,1319.172,1309.56,0.0035547676622970105,360.0,0.29149999999992815,6.025500000000079,0.004578856268746464,0.002994053809053211,0.003199613428012364,0.0036123049985201613,0.003314029467029851,0.0023339046690921622,1.5952203136669079,0.4670118543889081,-1.8884887907424388,-0.12682612273135346,0.10235348449622894,-0.3228735119445789,1.0,0.06986972035516448,0.11600697037591236,-5.38630603502314,-0.881946652157293,1.0,1.0,0.4670118543889081,0.4670118543889081
2018-02-09,True,True,True,-0.0022773389641799415,4.151000000000067,0.0031501177974067244,1317.7285000000002,1314.731,1317.595,1313.444,0.002682408890864393,238.0,0.25,0.0005808556964734804,7.807999999999993,0.005930246688540522,1316.64,1317.405,1318.814,1311.006,0.003943140064100786,240.0,0.2644999999999982,-0.0032437886499000197,6.112999999999829,0.004623342775903882,1322.2035,1317.9215,1322.041,1315.928,0.002882590443560271,358.0,0.27500000000009095,6.298000000000002,0.004695222574421296,0.0033395103581464235,0.0056542370572766915,0.0035342741075964548,0.002619604152112609,0.0023339046690921622,0.9706255954270923,-0.02981447163227285,-0.9713366038787993,-0.11506808573630053,0.1391725420861903,-0.8693446917708372,1.0,0.3944109241029137,0.030644649094912067,-5.361209760753071,0.02895988762173271,1.0,0.0,-0.02981447163227285,-0.0
2018-02-12,True,True,True,-0.000567670929603266,2.9379999999998745,0.002223125193426174,1321.563,1320.813,1322.848,1319.91,0.002118607277697535,236.0,0.25,0.00356074928620354,8.274999999999864,0.006273692191053725,1319.0,1323.705,1325.55,1317.275,0.003865714813322334,240.0,0.2520000000000664,0.005376602421781693,10.239000000000033,0.007777286586060613,1316.5259999999998,1323.6235000000001,1326.099,1315.86,0.004148970779173268,357.0,0.2719999999999345,6.298000000000002,0.004705541652894408,0.0034380949305697654,0.0032437886499000197,0.0034489405634437753,0.002612711708846642,0.0023339046690921622,1.625754207684984,0.4859718359138496,1.5638318692063211,-0.43915315009682476,-0.09678376027764067,-0.21727270088051898,0.0,0.0,0.3271673547157902,-5.359014389745327,0.759978244538783,1.0,0.0,0.4859718359138496,0.0
2018-02-13,True,True,True,0.0002704394620049855,4.378999999999905,0.0032992048833354786,1327.2894999999999,1327.6485,1330.812,1326.433,0.002155134918229747,239.0,0.25900000000001455,0.00021981198635955516,6.80600000000004,0.005123989092513405,1328.262,1328.554,1329.608,1322.802,0.0032220448763394982,240.0,0.25,0.002912808138152889,6.0470000000000255,0.004572169122622919,1322.567,1326.4250000000002,1327.525,1321.478,0.0024391779260253105,353.0,0.25,6.469499999999925,0.004845239927186818,0.0036048976337117785,0.005376602421781693,0.0034489405634437753,0.0026027738072707343,0.0023339046690921622,0.934693562099095,-0.06753654448277885,0.8080141058412579,-0.04438560582697124,-0.07968935993354828,0.10390432747153239,1.0,0.5080763582965987,0.1336270190895262,-5.329758514290316,-0.05457048060186089,1.0,0.0,-0.06753654448277885,-0.0
2018-02-14,True,True,True,-0.0012049397973898563,3.701999999999998,0.002779302231474883,1331.989,1330.385,1333.092,1329.39,0.0018036062881322877,238.0,0.25,0.011437469736097643,33.096000000000004,0.024857661422518284,1331.4205,1346.7359999999999,1349.373,1316.277,0.010885386886931893,240.0,0.32349999999985357,0.002190619986539724,6.135999999999967,0.004606770887099929,1331.9524999999999,1334.8735000000001,1336.969,1330.833,0.002520766826778361,358.0,0.2719999999999345,6.469499999999925,0.004845239927186818,0.0035528109424552033,0.002912808138152889,0.0033690240029369337,0.0024887261760470607,0.0022696751161011587,0.9484504212072089,-0.05292576170890921,0.6165878291924747,-0.19242318872092332,-0.22984854659761678,-0.48415924941317107,1.0,0.22304660329237194,0.44586134940878736,-5.329758514290316,-0.03263338052045453,1.0,0.0,-0.05292576170890921,-0.0
2018-02-15,True,True,True,-0.002573018446465721,6.841999999999871,0.005050836872437852,1354.627,1351.146,1357.07,1350.228,0.0027452673783997625,240.0,0.25699999999983447,0.0009649224814911552,5.703999999999951,0.004222832910852585,1350.752,1352.056,1354.373,1348.669,0.004026974151443781,240.0,0.25,0.0004179853389360311,4.69600000000014,0.003468673908089847,1353.8315,1354.3975,1355.237,1350.541,0.0023725696533341643,357.0,0.2580000000000382,6.469499999999925,0.004845239927186818,0.003565526967534643,0.002190619986539724,0.003296658075546937,0.002460952830126023,0.0022301942374982338,0.7258675322668203,-0.3203877432480338,0.11722961086592032,0.4266446959109222,0.2077897921319773,-1.045537490588131,1.0,0.2833294690470481,0.03547414792486575,-5.329758514290316,-0.0375589304671774,1.0,0.0,-0.3203877432480338,-0.0
2018-02-16,True,True,True,0.0002643659724107076,4.283999999999878,0.0031551352145568375,1357.7865000000002,1358.1455,1361.712,1357.428,0.002677223268384432,240.0,0.28899999999998727,-0.0023124913198011255,6.145999999999958,0.0045311685563737955,1356.383,1353.25,1357.057,1350.911,0.0033705262312470345,240.0,0.28300000000001546,0.0032305238223181857,7.697999999999865,0.005685639108156665,1353.9375,1358.3184999999999,1359.974,1352.276,0.002360756249009578,357.0,0.31799999999998363,6.298000000000002,0.004705541652894408,0.003418124350786684,0.0004179853389360311,0.0033690240029369337,0.0025134273009368596,0.0022301942374982338,1.2222927913623156,0.20072843218270378,0.945115943945889,-0.06559173674276576,0.1826914798240425,0.10518146767649389,1.0,0.27596062241982466,0.08447126071764019,-5.359014389745327,0.18971164165913446,1.0,0.0,0.20072843218270378,0.0
2018-02-19,True,True,True,6.63762551241916e-05,2.5559999999998126,0.0018956797636183844,1348.329,1348.4185,1348.841,1346.285,0.0016295454870385243,240.0,0.2899999999999636,0.00031868206132382523,2.97199999999998,0.002205527398965569,1347.5235,1347.953,1348.609,1345.637,0.001884574339338866,239.0,0.2680000000000291,-0.0010413304437203177,5.179999999999836,0.0038426829345188547,1348.0165000000002,1346.6135,1351.33,1346.15,0.0024700462462352475,360.0,0.30950000000007094,6.298000000000002,0.004705541652894408,0.0032282405563465936,0.0032305238223181857,0.0032619448349186864,0.002514136309402008,0.002306602607860155,0.8224833280406216,-0.19542706640747307,-0.3225690358400036,-0.5427461041045618,-0.34747457578967794,0.02640121574791596,0.0,0.0,0.27238805970149566,-5.359014389745327,0.06303872038809895,1.0,1.0,-0.19542706640747307,-0.19542706640747307
2018-02-20,True,True,True,0.0008242921746080164,3.6900000000000546,0.0027562428152817266,1338.779,1339.8829999999998,1340.151,1336.461,0.002078309451201999,240.0,0.29700000000002547,-0.005685314340349309,13.301999999999907,0.00993105672580474,1339.4344999999998,1331.841,1343.251,1329.949,0.005338559718114551,240.0,0.2900000000000773,-0.003494011884982057,6.421000000000049,0.004772193001427756,1345.503,1340.81,1346.556,1340.135,0.0025687557918838513,359.0,0.3000000000001819,6.298000000000002,0.004705541652894408,0.003252391057613349,0.0010413304437203177,0.003203358334651635,0.0024993433119521484,0.002306602607860155,1.0195300095268414,0.01934174613308572,-1.0742902139037402,-0.15033128555650802,-0.10422091002052633,0.32980350105011824,1.0,0.5833597967608728,0.32248332804063967,-5.359014389745327,-0.020778648590584498,1.0,1.0,0.01934174613308572,0.01934174613308572
2018-02-21,True,True,True,0.0018461457918637638,4.707999999999856,0.0035508907584446644,1325.8645000000001,1328.3145,1329.975,1325.267,0.0022289706685495194,239.0,0.28899999999998727,0.0002879857450022588,5.736000000000104,0.004319278734668277,1327.9995,1328.382,1332.91,1327.174,0.0027745391117200958,240.0,0.2764999999999418,-0.0020473024166150224,5.37700000000018,0.004043045615660414,1329.938,1327.2179999999998,1330.726,1325.349,0.0028194012214623324,358.0,0.3079999999999927,6.43100000000004,0.004779966765656346,0.003361475336959772,0.003494011884982057,0.003203358334651635,0.0025089901607484467,0.002306602607860155,0.8361063598196465,-0.17899944932515774,-0.6090487691831972,0.10299875081881427,-0.034235814117511504,0.7358122884439879,1.0,0.012750738609839751,0.2104649354687769,-5.3433216852945025,0.10901939429595739,1.0,0.0,-0.17899944932515774,-0.0
2018-02-22,True,True,True,0.0008838153877578368,3.1620000000000346,0.0023916677382024177,1322.0900000000001,1323.259,1324.147,1320.985,0.0019147813822885209,240.0,0.27299999999991087,0.004130440163330046,8.450999999999794,0.006382944976461273,1323.9969999999998,1329.477,1331.283,1322.832,0.0037770131177261796,240.0,0.29100000000005366,-0.002585457204616719,5.060999999999922,0.0038138328115467886,1327.0115,1323.585,1326.859,1321.798,0.0030510825991237876,359.0,0.27700000000004366,6.43100000000004,0.004779966765656346,0.0034116653056500126,0.0020473024166150224,0.003203358334651635,0.00229589420629976,0.0022356718617093352,0.7869693671279568,-0.23956595492080682,-0.7578285010358369,-0.29220881805926213,-0.15493833672660462,0.3849547532864164,1.0,0.1264189084123926,0.23246773441142615,-5.3433216852945025,0.1815499085168539,1.0,0.0,-0.23956595492080682,-0.0
2018-02-23,True,True,True,0.0025571136510563327,3.686000000000149,0.00277698462864434,1327.339,1330.7375,1330.719,1327.033,0.0020740151535398326,236.0,0.26699999999993906,-0.0012205996290851943,4.429000000000087,0.0033288587779203146,1330.4859999999999,1328.8629999999998,1331.034,1326.605,0.0023677290793497558,240.0,0.2664999999999509,-0.0020980263796331233,5.076000000000022,0.003815104235171579,1330.5010000000002,1327.7125,1331.138,1326.062,0.002045084867800193,358.0,0.28900000000010095,6.288000000000011,0.004697767888665818,0.0031768859976479976,0.002585457204616719,0.0031685835486791065,0.0022948107242161927,0.002223493044338418,0.8072519083969486,-0.21411950527476167,-0.6604034205780106,-0.1319189848897649,-0.06959298650217394,1.114302641203549,0.0,0.0,0.05939885496185568,-5.36066780038021,0.141405253695924,1.0,0.0,-0.21411950527476167,-0.0
2018-02-26,True,True,True,-0.0011021359058235216,3.3050000000000637,0.0024673348751999354,1339.502,1338.0265,1340.757,1337.452,0.0018537443768247527,239.0,0.27800000000002,-0.004356217637691511,7.731999999999971,0.005783689128953357,1336.8629999999998,1331.0520000000001,1338.036,1330.304,0.0031943335965333684,240.0,0.2799999999999727,0.009345848400319386,12.760999999999967,0.009614942680294279,1327.205,1339.667,1339.651,1326.89,0.003821158446635036,356.0,0.31150000000013733,6.14549999999997,0.004615056831501905,0.00305512583782498,0.0020980263796331233,0.003152626505981781,0.0021927202890525818,0.002186575169178532,2.0764787242697955,0.7306735380789431,3.059071506845992,-0.2450973466248787,-0.16512888898894285,-0.5026340620488928,1.0,0.1799690830689122,0.02684891383938889,-5.378431096584856,2.2351826011436446,1.0,0.0,0.7306735380789431,0.0
2018-02-27,True,True,True,-0.001034790076665057,2.884999999999991,0.002162975924990837,1333.8105,1332.431,1334.728,1331.843,0.001685306677790733,238.0,0.28549999999995634,-0.012482011984438324,17.664999999999964,0.013257363972240935,1332.467,1315.9385,1332.339,1314.674,0.0066061167554939924,240.0,0.3005000000000564,0.0007841357369241759,5.16800000000012,0.00387942844488826,1332.155,1333.1999999999998,1336.728,1331.56,0.0025436087447396573,359.0,0.3040000000000873,6.278500000000008,0.004697767888665818,0.003697028310368326,0.009345848400319386,0.003152626505981781,0.002201685546466993,0.002136871097963641,0.8231265429641018,-0.19464533196655887,0.2120989267853495,-0.3767509003024351,-0.2373951034946699,-0.46999903248016817,0.0,0.0,0.09723660109902499,-5.36066780038021,-0.04128406601388522,1.0,0.0,-0.19464533196655887,-0.0
2018-02-28,True,True,True,0.0009663750412040542,4.457000000000107,0.0033811026931238573,1318.209,1319.4834999999998,1321.315,1316.858,0.0020793180238138287,239.0,0.28900000000021464,-5.832619722785832e-05,6.954999999999927,0.0052681411907286235,1320.1999999999998,1320.123,1322.48,1315.525,0.003081011734000775,240.0,0.2899999999999636,0.00035591888157320706,3.477000000000089,0.00263912624200043,1317.4814999999999,1317.9505,1319.005,1315.528,0.002668684725357586,356.0,0.29700000000002547,6.124499999999898,0.004615056831501905,0.0035126650210528724,0.0007841357369241759,0.0030568250165287835,0.0015804983718148544,0.0021179409974204817,0.5677198138623801,-0.5661272674198364,0.10132445862045944,0.10082509584764288,-0.018404422320273253,0.6114369103046814,1.0,0.3771736468283099,0.04220752714509664,-5.378431096584856,-0.05736253888159499,1.0,0.0,-0.5661272674198364,-0.0
2018-03-01,True,True,True,-0.001986583123664075,3.5289999999999964,0.0026870104857367226,1313.3555000000001,1310.749,1313.346,1309.817,0.0015935121208569217,238.0,0.30199999999990723,0.00340788727730143,10.23700000000008,0.00783543819364721,1306.5,1310.96,1312.852,1302.615,0.006591594975573967,240.0,0.2829999999999018,-0.0028566387582525167,4.632000000000062,0.0035159843693545086,1317.412,1313.654,1317.986,1313.354,0.002009303828207146,355.0,0.28300000000012915,6.079999999999927,0.004589470004861424,0.0034466892789988416,0.00035591888157320706,0.003152626505981781,0.0016028001728974183,0.0021179409974204817,0.7618421052631772,-0.2720159557073562,-0.8288065813354325,-0.1598066848114525,-0.28450392782186235,-1.2394452890985679,1.0,0.5817434210526442,0.04909539473682235,-5.383990728927003,0.22544861431850433,1.0,0.0,-0.2720159557073562,-0.0
2018-03-02,True,True,True,0.0036194550246552164,8.388999999999896,0.006368392005690404,1317.287,1322.0635,1323.962,1315.573,0.003188222359985644,240.0,0.28900000000010095,-0.0024325404753826334,8.030999999999949,0.006077555235108873,1321.4195,1318.2089999999998,1325.427,1317.396,0.0037384668840439754,240.0,0.2819999999999254,0.0010391751728908321,3.981999999999971,0.0030231079478054345,1317.1875,1318.557,1319.086,1315.104,0.0023444337408032945,354.0,0.2829999999999018,5.712000000000103,0.004307607369141667,0.0035131719468319772,0.0028566387582525167,0.0030568250165287835,0.0016481036025453692,0.0021179409974204817,0.6971288515405986,-0.3607850193953041,0.2957939971676918,0.7339702043183721,0.4090191184451714,2.1961331915452686,1.0,0.8536414565826136,0.22233893557422252,-5.447372663780752,-0.1067180430051602,1.0,0.0,-0.3607850193953041,-0.0
2018-03-05,True,True,True,-0.002253071478519329,4.371000000000095,0.003294403696726507,1326.7955000000002,1323.8095,1327.661,1323.29,0.0015683507259093832,240.0,0.2805000000000746,-0.002329540265032984,4.149000000000115,0.003134928880409615,1323.475,1320.3955,1323.689,1319.54,0.00254600081084683,240.0,0.2740000000001146,0.0025116846105603086,4.810000000000173,0.0036352780685413714,1323.145,1326.4724999999999,1327.093,1322.283,0.0022439320949619087,356.0,0.2980000000000018,5.712000000000103,0.004307607369141667,0.003504489856296267,0.0010391751728908321,0.0030568250165287835,0.0017564258822081074,0.0021179409974204817,0.8420868347339087,-0.17187214091959552,0.7167047740337282,0.07484837840353296,-0.30041981495059356,-1.2827592108167176,1.0,0.09943977591035949,0.05654761904767408,-5.447372663780752,-0.12318158392047181,1.0,0.0,-0.17187214091959552,-0.0
2018-03-06,True,True,True,0.005460236097815993,7.522000000000162,0.005695509807566549,1320.6895,1327.9205000000002,1327.996,1320.474,0.0021518233231384897,240.0,0.27800000000002,0.006966562403534134,10.240999999999985,0.007709848897200247,1328.301,1337.587,1338.358,1328.117,0.0033158197703482273,240.0,0.29700000000002547,0.0016315919693554199,3.4529999999999745,0.0026140406459473665,1320.9434999999999,1323.1005,1324.163,1320.71,0.0015323641414006922,359.0,0.2799999999999727,5.712000000000103,0.004307607369141667,0.003533352053879033,0.0025116846105603086,0.0030568250165287835,0.0016545574016989162,0.002098296370478628,0.6045168067226737,-0.5033258066294534,0.4617688655066803,0.6223013103299292,0.025189776682659485,3.3001188669606556,1.0,0.6710434173669494,0.4220938375350166,-5.447372663780752,-0.2324201867075174,1.0,0.0,-0.5033258066294534,-0.0
2018-03-07,True,True,True,-0.0009547568770460792,3.4450000000001637,0.002585582208192403,1332.3885,1331.117,1333.727,1330.282,0.002262354338536908,240.0,0.2664999999999509,-0.005669619299356608,9.82400000000007,0.007375439052214092,1331.9885,1324.458,1332.409,1322.585,0.0036804488185025615,240.0,0.2899999999999636,-0.00464197560434609,8.389999999999873,0.006265568238124357,1339.0645,1332.8629999999998,1340.347,1331.957,0.00301721489888998,359.0,0.3020000000001346,5.278500000000008,0.003961237030274337,0.0035200482207842438,0.0016315919693554199,0.0030568250165287835,0.0020828729254110906,0.002098296370478628,1.589466704556192,0.46339855403148567,-1.3187250040886906,-0.1674260928043314,0.07528025042900954,-0.4583846020551837,1.0,0.31732499763193694,0.0898929620156875,-5.531198921114245,-0.6110952600598643,0.0,0.0,0.0,0.0
2018-03-08,True,True,True,-0.0025373080998505166,4.566000000000031,0.003437511410377227,1328.2865000000002,1324.9205,1328.449,1323.883,0.001797284136948105,238.0,0.28950000000008913,-0.0027788406523751715,7.803000000000111,0.005891224129632685,1324.5124999999998,1320.837,1326.709,1318.906,0.003405491520921454,240.0,0.2899999999999636,0.0019052667592323624,4.596000000000004,0.0034698943630071238,1324.536,1327.062,1328.099,1323.503,0.0020934223387385114,357.0,0.2980000000000018,5.278500000000008,0.003961237030274337,0.0036381204037596597,0.00464197560434609,0.0029647100144408038,0.002079965591634966,0.0020989626507556818,0.8707019039499851,-0.13845560646110397,0.5236953557841147,0.14796855758971597,-0.15516653416127005,-1.2198798432314713,1.0,0.06630671592310995,0.23197878185095389,-5.531198921114245,-0.07250855808595322,0.0,0.0,-0.0,-0.0
2018-03-09,True,True,True,0.0009749475643868261,3.0599999999999454,0.0023200888609197297,1318.915,1320.2015000000001,1320.912,1317.852,0.0014319672275400525,238.0,0.2824999999999136,0.004367818207351468,12.467000000000098,0.00945718475229041,1318.257,1324.0275,1325.085,1312.618,0.005508104657039126,240.0,0.3125,-0.0019278898122534977,4.558999999999969,0.003450887303436974,1321.1095,1318.565,1321.277,1316.718,0.002102456398902677,358.0,0.29700000000002547,5.173999999999978,0.0038610556897035577,0.003392495803623705,0.0019052667592323624,0.0029647100144408038,0.002147688000437508,0.0020788137375079138,0.8811364514882081,-0.12654278253253554,-0.568280677073857,-0.24517373771464618,-0.37274823003343854,0.45395214024952335,0.0,0.0,0.0676459219172614,-5.556814638156412,0.07191181813639914,0.0,0.0,-0.0,-0.0
2018-03-12,False,True,True,-0.004933476440326501,7.733999999999924,0.005848873105014969,1322.306,1315.7984999999999,1322.657,1314.923,0.002343664441085586,239.0,0.27800000000002,0.0019042758176329969,4.166000000000167,0.0031661767807370654,1315.7824999999998,1318.2905,1319.804,1315.638,0.002866756571081306,240.0,0.2760000000000673,,,,,,,,,,,,,,,0.0027781434300596115,0.002087396469317076,0.002076162302370916,,,,0.7444661373761998,0.12119456235290822,-2.3634592243708084,,,,,,,,,
2018-03-13,True,True,True,0.000873769894604146,2.7320000000001983,0.0020730751398682235,1317.849,1319.001,1319.534,1316.802,0.0015964973956571272,240.0,0.2699999999999818,0.005648506775665965,14.586999999999989,0.011058339240160859,1319.095,1326.567,1327.606,1313.019,0.006564081120401358,240.0,0.3020000000000209,-0.0036652744945268735,7.156999999999925,0.005401063081956567,1325.1095,1320.2615,1325.329,1318.172,0.0017006108873844216,353.0,0.29899999999997817,5.122000000000071,0.003828893584845217,0.003328536575691207,0.0019278898122534977,0.0029672187230158605,0.002377389496634421,0.002076162302370916,1.3973057399453,0.3345459109791027,-1.1011669576638914,-0.35859197744968013,-0.2627090406918877,0.3675333368138071,1.0,0.2674736431081803,0.47100741897698223,-5.565179398765264,-0.36839090299175353,0.0,0.0,0.0,0.0
2018-03-14,False,True,True,0.0011179962328846443,3.2239999999999327,0.002433492219844535,1324.8449999999998,1326.327,1326.446,1323.222,0.0020911447204341625,239.0,0.2740000000001146,-0.0011841475022819508,7.208999999999833,0.00543578661314062,1326.2109999999998,1324.6415000000002,1328.494,1321.285,0.0038701448965217863,240.0,0.28899999999998727,,,,,,,,,,,,,,,0.0027781434300596115,0.002385381404981896,0.0019943982679141766,,,,-0.13245552050926132,0.047369244410832366,0.46868657169444544,,,,,,,,,
2018-03-15,False,True,True,-0.0019960048768017094,3.300999999999931,0.0024913856247577243,1324.9655,1322.3235,1325.018,1321.717,0.0017180656284980778,238.0,0.2819999999999254,-0.0045102458713366135,7.820999999999913,0.005914166322599898,1322.4180000000001,1316.467,1323.433,1315.612,0.003172694203071328,240.0,0.2799999999999727,,,,,,,,,,,,,,,0.002766613721963033,0.0023807956370651743,0.002076162302370916,,,,-0.1047850578037809,-0.18932211922534212,-0.8383772406699301,,,,,,,,,
2018-03-16,False,True,True,0.001819049813368133,4.001999999999953,0.003036026067947927,1318.1705,1320.5705,1321.712,1317.71,0.0021722968360283735,239.0,0.2820000000001528,-0.005622355194718223,11.242999999999938,0.008513035514645623,1320.6805,1313.276,1320.75,1309.507,0.003669633478897699,240.0,0.2900000000000773,,,,,,,,,,,,,,,0.0027216266505092246,0.0023499443379142505,0.0019943982679141766,,,,0.10931971094441083,0.08544267281981682,0.7740820852729959,,,,,,,,,
2018-03-19,True,True,True,0.0009835342811516392,4.696999999999889,0.0035884573453360286,1308.9189999999999,1310.2069999999999,1313.001,1308.304,0.001841692802010017,239.0,0.28700000000003456,0.00622855379044524,9.250999999999976,0.007061287641181844,1310.101,1318.2865000000002,1319.056,1309.805,0.003456883437967857,240.0,0.28899999999998727,-0.0025218165630864773,4.611000000000104,0.0035112461154318195,1313.2089999999998,1309.9015,1313.179,1308.568,0.0022717771785397078,353.0,0.29700000000002547,5.122000000000071,0.003828893584845217,0.0032516979043383802,0.0036652744945268735,0.0027216266505092246,0.0023800451971695185,0.0019943982679141766,0.9002342834830223,-0.10510023455275633,-0.775538391718953,0.27649266649612847,-0.0796572349805189,0.41324185033179733,1.0,0.05154236626315749,0.19181960171809043,-5.565179398765264,0.08150926687432937,0.0,0.0,-0.0,-0.0
2018-03-20,False,True,True,-0.002637451838782355,4.789999999999964,0.0036417228922578137,1315.3115,1311.847,1316.376,1311.586,0.0023360092116458953,240.0,0.28500000000008185,-8.309931478348663e-05,6.830999999999904,0.005207594809329228,1311.738,1311.629,1313.244,1306.413,0.0037122080773033706,240.0,0.28700000000003456,,,,,,,,,,,,,,,0.002766613721963033,0.0023859490713329093,0.0019943982679141766,,,,0.27483280240448527,0.1581016235475771,-1.1054099479621096,,,,,,,,,
2018-03-21,False,True,True,-0.0008777056503323623,3.9750000000001364,0.0030193500459739808,1316.5085,1315.3535000000002,1317.814,1313.839,0.0017653246249157571,238.0,0.2799999999999727,0.007324564017922643,11.599999999999909,0.008818704167445837,1315.386,1325.056,1326.579,1314.979,0.004084307519174954,240.0,0.29349999999999454,,,,,,,,,,,,,,,0.0029065053482961335,0.002466781505555899,0.0019943982679141766,,,,0.03809014338623896,-0.12200778781376183,-0.3558100497978915,,,,,,,,,
2018-03-22,False,True,True,-0.0016145898081407132,6.147000000000162,0.0046146466045526085,1332.063,1329.914,1333.851,1327.704,0.002280132590180672,239.0,0.27500000000009095,-0.0009907005107474276,5.844000000000051,0.004393915584791556,1330.0210000000002,1328.704,1332.554,1326.71,0.004316733081670726,240.0,0.2899999999999636,,,,,,,,,,,,,,,0.0028981673373091603,0.0024393741802644776,0.0018842628795566368,,,,0.4651567050537147,0.19069689576974172,-0.6618868975507722,,,,,,,,,
2018-03-23,True,True,True,0.0013682347172080233,4.971000000000004,0.0037110959229830045,1339.4965,1341.3305,1343.047,1338.076,0.0020119277049523905,239.0,0.28500000000008185,0.0062481042634938274,9.832999999999856,0.007330789090521309,1341.329,1349.7359999999999,1350.194,1340.361,0.005998510652024679,240.0,0.28949999999997544,0.004299721255760704,7.498000000000047,0.005626246311480828,1332.6825,1338.4250000000002,1339.098,1331.6,0.003244486616477892,353.0,0.30600000000004,5.068499999999972,0.003814468523359184,0.003231139127172622,0.0025218165630864773,0.003027688056960954,0.0024528176208611866,0.0019638797651822925,1.4793331360363202,0.3915914024734149,1.3307137472359893,0.20352791925806457,0.02417133095870599,0.5578216274912583,1.0,0.779125974154107,0.21140376837324518,-5.5689539363072855,0.5210960625707944,0.0,0.0,0.0,0.0
2018-03-26,True,True,True,0.0021117339769633494,5.171000000000049,0.0038449927353357504,1344.866,1347.709,1349.207,1344.036,0.001798041427931522,240.0,0.26900000000000546,0.004594716864841338,8.707000000000107,0.006454446559191477,1348.9924999999998,1355.205,1355.862,1347.155,0.0028150952556044453,240.0,0.28149999999993724,-0.002151606627363556,4.591000000000122,0.003404902287981698,1348.35,1345.452,1349.364,1344.773,0.002076243884659732,356.0,0.28099999999994907,5.068499999999972,0.003814468523359184,0.0033447722946512303,0.004299721255760704,0.0031652148823372167,0.0023968163324117014,0.0019328360408885715,0.9057906678504779,-0.0989470505732002,-0.643274470673021,0.19455076697131432,-0.07229039866467618,0.8810579051914674,1.0,0.145407911610902,0.11561605997830048,-5.5689539363072855,0.063650111582132,0.0,0.0,-0.0,-0.0
2018-03-27,True,True,True,-0.005007701375667331,8.269999999999982,0.006101945280971694,1355.3055,1348.5355,1356.235,1347.965,0.002583238920975734,240.0,0.35199999999997544,-0.002069250694737465,6.711000000000013,0.004986478699726091,1345.8395,1343.0575,1345.905,1339.194,0.0034037044791204677,240.0,0.3084999999999809,0.00013599680132830725,4.356000000000222,0.00321979538481228,1352.881,1353.065,1355.053,1350.697,0.0025788726536535873,359.0,0.306999999999789,5.068499999999972,0.003814468523359184,0.0033743472971262916,0.002151606627363556,0.003337753194925182,0.002443066013345061,0.0019268102534812036,0.8594258656407707,-0.15149071076954668,0.04030314290533364,0.6033097343650285,0.2931780900426712,-2.0497609758856887,1.0,0.5390154878169056,0.44204399723782106,-5.5689539363072855,-0.006105551764975606,0.0,0.0,-0.0,-0.0
2018-03-28,True,True,True,-0.0031186024766543287,6.15300000000002,0.004587303019210324,1341.3110000000001,1337.1345000000001,1342.568,1336.415,0.0023070798914609724,239.0,0.30199999999990723,-0.005973586428542483,8.47400000000016,0.006337973127562487,1337.0205,1329.0575,1336.998,1328.524,0.0035704377522458603,240.0,0.30299999999999727,-0.002675648355082574,5.238999999999805,0.0038934738422320442,1345.585,1341.9895,1346.995,1341.756,0.002373396068418035,358.0,0.3089999999999691,4.935500000000047,0.0037245554400440802,0.003278528359065212,0.00013599680132830725,0.003409307051750542,0.0026755415009318815,0.0020456228643831098,1.0614932630938618,0.0596766555502303,-0.8161126157973714,0.2967832138520379,0.1202802863337122,-1.1655967495058965,1.0,1.082159862222687,0.13747340694960017,-5.5928077792274,-0.04870287146313717,0.0,0.0,0.0,0.0
2018-03-29,True,True,True,0.001378598341505067,2.8989999999998872,0.0021908039887897092,1323.2585,1325.084,1325.674,1322.775,0.0018281422604538831,239.0,0.29099999999994,-0.0019437108099297795,4.847999999999956,0.0036580369289693107,1325.301,1322.7275,1325.619,1320.771,0.003192099166753576,240.0,0.29950000000008004,0.0013555953332492654,3.72400000000016,0.0028072577110071118,1326.5614999999998,1328.3609999999999,1328.305,1324.581,0.0021127410200833916,356.0,0.28899999999998727,4.935500000000047,0.0037245554400440802,0.003316781688360541,0.002675648355082574,0.0035129843778566277,0.0027311196872041475,0.0020515362126932767,0.754533481916751,-0.2816556254609516,0.408708037072927,-0.47219733169567873,-0.11528859154746786,0.5047740485208617,1.0,0.3659203728091977,1.0338364907304052,-5.5928077792274,-0.11511491781269305,0.0,0.0,-0.0,-0.0
2018-03-30,False,False,False,,,,,,,,,,,,,,,,,,,,,,,,,,,,,,,,,,,,,,,,,,,,,,,,,,,,
2018-04-02,False,True,True,0.0013722353249453801,2.206000000000131,0.001658034515077615,1330.491,1332.318,1332.439,1330.233,0.0013849340499451077,240.0,0.3104999999999336,0.0037402008449040403,6.694999999999936,0.005020016330986612,1333.661,1338.6585,1339.056,1332.361,0.0034955972666347564,240.0,0.3079999999999927,,,,,,,,,,,,,,,0.0035129843778566277,0.0027370336787178253,0.0020515362126932767,,,,-0.7508330525285815,-0.3929363634193739,0.5013585823277883,,,,,,,,,
2018-04-03,True,True,True,-0.0035731355537400324,5.038999999999987,0.0037568773259145038,1341.2735,1336.4895000000001,1341.152,1336.113,0.002135338500759309,240.0,0.2799999999999727,-0.004260116619986728,12.495000000000118,0.009340062364258037,1337.7855,1332.0985,1341.159,1328.664,0.0034049433398401093,240.0,0.28099999999994907,-0.0015250747916950931,5.378000000000156,0.004008609043222359,1341.6125,1339.568,1342.496,1337.118,0.002341869167697542,358.0,0.28700000000003456,4.721000000000117,0.0035756312189479398,0.0032579564903552124,0.0013555953332492654,0.003365957553551867,0.0026103772554051255,0.0019268102534812036,1.139165431052748,0.1302959162825275,-0.46810778357841587,0.10987562858381034,0.10275926521058393,-1.3688196012056841,1.0,0.21287862740941682,0.36125820800677544,-5.633613553681203,-0.060992532580332784,0.0,0.0,0.0,0.0
2018-04-04,True,True,True,0.00645702332030943,10.906999999999925,0.008173833540670517,1334.38,1343.024,1344.981,1334.074,0.004110532950136727,240.0,0.28700000000003456,-0.009068516747276994,14.114000000000033,0.010479885028666749,1346.7705,1334.6125000000002,1348.134,1334.02,0.005874029265567734,240.0,0.29549999999994725,0.0010866769206666757,4.489000000000033,0.0033671915229884766,1333.1585,1334.608,1335.897,1331.408,0.002286773519950267,356.0,0.28900000000010095,4.721000000000117,0.0035756312189479398,0.0032443545759564775,0.0015250747916950931,0.0035129843778566277,0.0026749620641470916,0.0020515362126932767,0.950857869095514,-0.05039068176437214,0.33494394500524327,0.8444720941246487,0.6949638071108466,2.413874726245228,1.0,1.9241686083456544,0.04829485278539133,-5.633613553681203,-0.01687805374166258,0.0,0.0,-0.0,-0.0
2018-04-05,True,True,True,0.0025989137141573674,5.6159999999999854,0.004233627486012283,1326.522,1329.9740000000002,1329.915,1324.299,0.00249539041812536,240.0,0.2929999999998927,-0.0028005761120867174,7.173000000000002,0.005397666880501466,1328.9075,1325.1909999999998,1329.757,1322.584,0.0048613107507967665,240.0,0.29899999999997817,-0.0033453445526139586,6.016000000000076,0.004511500351336146,1333.4810000000002,1329.0275000000001,1333.778,1327.762,0.0023237172640267457,355.0,0.34400000000005093,4.621500000000083,0.003513615242393164,0.003203772839883782,0.0010866769206666757,0.0035129843778566277,0.002798102794877086,0.0020515362126932767,1.3017418587038772,0.26370325892483815,-1.0441890607747684,0.18659326094574558,0.1958563126155163,0.9288128080625185,1.0,0.749323812614931,0.5421399978362363,-5.651109787985718,-0.2753560582599723,0.0,0.0,0.0,0.0
2018-04-06,True,True,True,-0.00069586521826369,7.992999999999938,0.006033766597481745,1324.7115,1323.79,1326.289,1318.296,0.0027440752709783785,240.0,0.27899999999999636,0.0070065193558858365,15.935999999999922,0.012046225576459004,1322.904,1332.2055,1335.346,1319.41,0.009577886164696878,240.0,0.30549999999993815,-0.0019393987402250995,6.805000000000064,0.005112376496290476,1331.0835,1328.5045,1333.303,1326.498,0.0027268322037587705,358.0,0.28700000000003456,4.621500000000083,0.003513615242393164,0.003258827903031218,0.0033453445526139586,0.003615090118796921,0.002875436149863032,0.0020515362126932767,1.472465649680827,0.3869383083807256,-0.5951215584048352,0.5122546743348553,0.2908552560452024,-0.2420033629669839,1.0,1.77474845829273,0.8207292004760472,-5.651109787985718,-0.23027532909006812,0.0,0.0,0.0,0.0
2018-04-09,True,True,True,-0.002207234614947345,5.058999999999969,0.003799722550403195,1331.413,1328.4775,1331.8,1326.741,0.0023265970200053608,240.0,0.2880000000000109,0.0028001214645592223,5.421000000000049,0.004076902366423388,1329.6860000000001,1333.4144999999999,1334.518,1329.097,0.003115546079769673,240.0,0.2980000000000018,0.0004088663281646232,3.8209999999999127,0.0028671516787768963,1332.6815000000001,1333.2265,1333.482,1329.661,0.001762038181604602,356.0,0.3049999999998363,4.621500000000083,0.003513615242393164,0.002415494138734236,0.0019393987402250995,0.003676409407620409,0.00282783330881884,0.0021132416105967356,0.8267878394460336,-0.19020715925797307,0.16926819304098034,0.032991479594540817,0.09618361664972108,-0.7805391527371487,1.0,0.6318294925889907,0.3924050632911271,-5.651109787985718,-0.032196022151055076,0.0,1.0,-0.0,-0.19020715925797307
2018-04-10,True,True,True,0.0019212093039651273,4.947000000000116,0.0037103580641787066,1333.2945,1335.8585,1337.749,1332.802,0.0029304917498280112,240.0,0.2860000000000582,0.0016337829963159395,5.578999999999951,0.0041740220806441046,1336.6005,1338.786,1340.927,1335.348,0.0031724265657758098,240.0,0.29349999999999454,-0.0031006034221537624,7.241999999999962,0.005418026722048917,1336.649,1332.511,1338.087,1330.845,0.002260524456788742,360.0,0.30700000000001637,4.603500000000054,0.0034905702392194716,0.0024055541771876112,0.0004088663281646232,0.003733986624448754,0.002849466871547169,0.0021538176683938413,1.5731508634734175,0.45308052759766904,-1.2889351865601086,-0.006348077797879276,0.3079283144148116,0.6742346518041715,0.0,0.0,0.17019658955142708,-5.657690163788377,-0.583991434365854,0.0,1.0,0.0,0.45308052759766904
2018-04-11,False,True,True,0.0015432732486462633,5.009999999999991,0.0037254541094324193,1344.8025,1346.8795,1347.407,1342.397,0.001954755910262915,239.0,0.2829999999999018,0.00927841707904634,16.90099999999984,0.012530364875239307,1348.8035,1361.3764999999999,1365.186,1348.285,0.006064951107252551,240.0,0.3224999999998772,,,,,,,,,,,,,,,0.0037107269935808557,0.0026732902582100896,0.0021538176683938413,,,,0.0039609404080079924,-0.09697659568069389,0.5772935594653934,,,,,,,,,
2018-04-12,True,True,True,-0.003563476671380977,8.557000000000016,0.006336713728571392,1350.3845000000001,1345.5810000000001,1352.208,1343.651,0.0036125676229872544,240.0,0.2960000000000491,-0.005114399133124036,11.361000000000104,0.008446601508656337,1345.038,1338.1765,1346.885,1335.524,0.005044159348435356,240.0,0.30999999999994543,-0.0017764263744195292,4.677000000000135,0.0034565775300289783,1353.0725,1350.6709999999998,1353.124,1348.447,0.002736815997182329,360.0,0.30300000000011096,4.621500000000083,0.003513615242393164,0.0024549540347051464,0.0031006034221537624,0.003718275016207712,0.0026887739051554157,0.0021538176683938413,1.012009087958466,0.011937551021064733,-0.7236088127543651,0.533100439302818,0.5171768451917339,-1.3253165930197475,1.0,1.0377583035810312,0.06199285946114902,-5.651109787985718,-0.00863811712154731,0.0,1.0,0.0,0.011937551021064733
2018-04-13,True,True,True,0.0014258131342461057,5.3559999999999945,0.004005294526745582,1337.23,1339.138,1341.877,1336.521,0.003186784253259983,240.0,0.2840000000001055,0.00658678965039822,11.070000000000164,0.008283110274236918,1336.4545,1345.2865000000002,1346.611,1335.541,0.003548805041260111,240.0,0.29899999999997817,0.000613898677427415,4.662000000000035,0.003484935242398128,1337.758,1338.5794999999998,1341.017,1336.355,0.0021439870230443815,357.0,0.29500000000007276,4.644000000000119,0.0034905702392194716,0.0024189163756510976,0.0017764263744195292,0.0037411657176734617,0.002792423397473022,0.0022262147131045227,1.0038759689922296,0.0038684767779019733,0.2537907815280189,0.0682198654991493,0.3587096321510461,0.5106006257992188,1.0,0.1851851851851589,0.29059000861321543,-5.657690163788377,0.0009817837447867344,0.0,1.0,0.0,0.0038684767779019733
2018-04-16,True,True,True,-0.0002884486747916869,4.861000000000104,0.0036179272350805,1343.587,1343.1995000000002,1345.873,1341.012,0.00237504422552588,240.0,0.2929999999998927,0.002831127023556462,8.174999999999955,0.006084866583252479,1343.4969999999998,1347.306,1350.462,1342.287,0.0031298770723682517,240.0,0.2960000000000491,0.000237318260150119,5.657000000000153,0.004208992825293058,1344.027,1344.346,1348.689,1343.032,0.0031514475913764885,357.0,0.30500000000006366,4.669500000000085,0.0034980906789149734,0.0024042331450329327,0.000613898677427415,0.0037782999381588494,0.002780547735410546,0.002293606240820822,1.2114787450476605,0.19184171679339213,0.0987085053046585,-0.04337288180018048,0.0348907020322071,-0.1037380768969599,1.0,0.43259449619872475,0.1625441696113076,-5.655537979647117,0.01893640911975534,0.0,1.0,0.0,0.19184171679339213
2018-04-17,True,True,True,-0.004201040496563002,8.234000000000151,0.00610628148296478,1348.4475000000002,1342.7945,1348.786,1340.552,0.0029528315330612912,240.0,0.2829999999999018,0.0017607777724132157,7.287000000000035,0.0054289115803370395,1342.258,1344.6235000000001,1344.806,1337.519,0.003724247541783074,240.0,0.3040000000000873,-0.0014441748844145627,5.744999999999891,0.004261524847026384,1348.109,1346.1635,1349.375,1343.63,0.0021989161216465886,359.0,0.29500000000007276,4.669500000000085,0.0034980906789149734,0.002292215623919614,0.000237318260150119,0.0037782999381588494,0.0027470848097076277,0.0023168384557331664,1.2303244458721034,0.20727791173304644,-0.6300344825087051,0.48004383600180117,0.24256103000067797,-1.5292722240381502,1.0,0.6591712174751357,0.4891315986722484,-5.655537979647117,-0.13059223185421495,0.0,1.0,0.0,0.20727791173304644
2018-04-18,True,True,True,0.002588323049267334,6.987999999999829,0.005193012025003319,1345.6545,1349.1419999999998,1349.629,1342.641,0.003088114259008713,240.0,0.31149999999990996,0.0007000757189549109,7.670999999999822,0.0056818202860463,1350.0955,1351.041,1355.647,1347.976,0.004244243509614837,240.0,0.31799999999998363,-0.0023102340138012162,4.727000000000089,0.003510740735101792,1346.4395,1343.3325,1346.863,1342.136,0.0020250889927679017,354.0,0.31199999999989814,4.95799999999997,0.003702359978831932,0.00221679201706508,0.0014441748844145627,0.0038223576428694727,0.0028788144424338117,0.002331303115825628,0.9534086325131339,-0.04771168180187451,-1.0421519005918511,0.30644646424130334,0.2811332440335376,0.8990933945291417,1.0,0.5578862444533815,0.4683340056474648,-5.59878483054367,0.04972281987025716,0.0,1.0,-0.0,-0.04771168180187451
2018-04-19,True,True,True,-0.004409749296516159,11.498000000000047,0.008493522562535237,1353.7375000000002,1347.781,1354.665,1343.167,0.00325263898003271,240.0,0.29099999999994,-0.005922784474679429,10.466000000000122,0.0077483424832527955,1350.7404999999999,1342.7640000000001,1350.64,1340.174,0.004900050486747909,240.0,0.31749999999999545,0.0008507295824103922,5.139999999999873,0.003805663849562162,1350.6185,1351.768,1352.994,1347.854,0.0023749330057138045,359.0,0.3129999999998745,4.702000000000112,0.0035109934252668057,0.0020737293422016093,0.0023102340138012162,0.003925143631040666,0.0029002503541781834,0.0023508206227656203,1.093151850276425,0.08906512934914743,0.410241377742768,0.7719008770604688,0.32470219233281633,-1.5204719448317103,1.0,0.9968098681412195,0.4188643130582956,-5.651856254407448,0.03653820137303208,0.0,1.0,0.0,0.08906512934914743
2018-04-20,True,True,True,-0.0019976029454578373,5.018000000000029,0.003735160867602414,1343.4495,1340.7685000000001,1344.16,1339.142,0.0022449374857682193,240.0,0.28700000000003456,-0.0018575729602406542,9.448999999999842,0.007048197242110195,1340.6264999999999,1338.1385,1344.245,1334.796,0.004226654290148786,240.0,0.29750000000001364,-0.001077478863475017,4.6159999999999854,0.00343298611782519,1344.6019999999999,1343.154,1345.694,1341.078,0.00240369659598516,358.0,0.3040000000000873,4.933499999999981,0.0036584549824969907,0.0020106397781578613,0.0008507295824103922,0.004119461006378932,0.003052417990600321,0.00243521732182562,0.9356440660788493,-0.0665201461092852,-0.5358885640182639,-0.09793144314300894,-0.08135832693824432,-0.6544329615436998,1.0,0.39241917502785634,0.05989662511400596,-5.610714356623101,0.035647385576789946,0.0,1.0,-0.0,-0.0665201461092852
2018-04-23,True,True,True,-0.004528462656957071,7.902000000000044,0.005920897350881761,1334.595,1328.565,1334.892,1326.99,0.0024906147606621348,240.0,0.29099999999994,-0.004605781198617075,6.673999999999978,0.005022650467853779,1328.7804999999998,1322.6745,1328.711,1322.037,0.0034606221966262955,240.0,0.3140000000000782,0.0010684078105120164,2.8910000000000764,0.0021687141048184885,1333.048,1334.473,1335.017,1332.126,0.002111617497686558,360.0,0.30299999999999727,4.933499999999981,0.0036584549824969907,0.001998264527220573,0.001077478863475017,0.003925143631040666,0.0030623134180540177,0.00243521732182562,0.5859937164285168,-0.5344462122808449,0.5346678560110791,0.41108507248919196,0.022493570074246544,-1.478771777656493,1.0,1.0410459106111254,0.024728894294126162,-5.610714356623101,-0.28575121047344143,0.0,1.0,-0.0,-0.5344462122808449
2018-04-24,False,True,True,0.0008136474428474525,3.8330000000000837,0.002892888046440237,1324.9735,1326.0520000000001,1327.921,1324.088,0.0023309925270790983,239.0,0.2860000000000582,0.0019692420642485717,7.4220000000000255,0.005594690245474403,1326.615,1329.23,1330.702,1323.28,0.0035666577847455363,239.0,0.3040000000000873,,,,,,,,,,,,,,,0.004119461006378932,0.0031735785632066946,0.0024930025893937476,,,,-0.3534670039485781,-0.06719368904443612,0.2563816923521549,,,,,,,,,
2018-04-25,True,True,True,-0.0001607695809299121,2.8989999999998872,0.0021879509488415614,1324.984,1324.7710000000002,1325.722,1322.823,0.0019312365794387928,238.0,0.28449999999998,0.00045191411373199554,4.3279999999999745,0.0032769284701332163,1320.7489999999998,1321.346,1322.884,1318.556,0.002845625504425828,240.0,0.2899999999999636,-0.003729709757340222,6.435999999999922,0.0048325338553310265,1331.8065000000001,1326.8485,1331.666,1325.23,0.002151818389919644,355.0,0.29700000000002547,4.702000000000112,0.0035109934252668057,0.0019362647753645122,0.0010684078105120164,0.004119461006378932,0.003127937399625598,0.0024930025893937476,1.368779242875323,0.31391927901222305,-1.9262395333500215,-0.6327568650629337,-0.25532733072477826,-0.05139795347220043,1.0,0.511909825606097,0.3965333900468078,-5.651856254407448,-0.6046837255140798,0.0,1.0,0.0,0.31391927901222305
2018-04-26,False,True,True,-0.00030678973464833085,5.336000000000013,0.0040265164520474125,1325.2150000000001,1324.8085,1326.55,1321.214,0.002782514123271232,239.0,0.2929999999998927,-0.004998847272468698,10.566000000000031,0.007986361356774429,1323.0055,1316.4085,1325.689,1315.123,0.003583166532790018,240.0,0.3049999999998363,,,,,,,,,,,,,,,0.003902508538574388,0.0029576805380435696,0.0024328294930940075,,,,0.031282036807042925,0.13429989948930673,-0.10372646088791741,,,,,,,,,
2018-04-27,False,True,True,0.002562896852574451,5.56899999999996,0.004230632927451338,1316.3515,1319.7295,1320.667,1315.098,0.0023313630560873972,240.0,0.2929999999998927,0.002564112709247413,7.483999999999924,0.005676349479276033,1318.453,1321.838,1323.799,1316.315,0.0030113390565918285,240.0,0.3044999999999618,,,,,,,,,,,,,,,0.003902508538574388,0.0028893055441587085,0.0024930025893937476,,,,0.08073204872352881,-0.06703474406374146,0.8870286694862868,,,,,,,,,
2018-04-30,True,True,True,-0.0015792564462334753,3.5809999999999036,0.002715451266521734,1318.7495,1316.6685,1318.676,1315.095,0.0015587525189855172,239.0,0.28500000000008185,0.0012015828560812305,6.580999999999904,0.005009414059927925,1313.7265000000002,1315.306,1316.599,1310.018,0.003760820750202747,240.0,0.3004999999999427,-0.0012145647177028735,4.0219999999999345,0.0030389131238809947,1323.4995,1321.893,1324.873,1320.851,0.0016845008879369226,358.0,0.30700000000001637,4.933499999999981,0.003658202292331977,0.002013681593050596,0.003729709757340222,0.0040159054893964975,0.0029370795364728657,0.0024930025893937476,0.8152427282861965,-0.20426938396463634,-0.6031562894026793,-0.3913046966746816,-0.4696020091666402,-0.5376961796989679,1.0,1.1667173406304059,0.6371744197831445,-5.610783429194255,0.12320636367068122,0.0,1.0,-0.0,-0.20426938396463634
2018-05-01,True,True,True,-0.001968920860061985,4.046999999999798,0.00308661631116921,1311.1444999999999,1308.5655,1311.61,1307.563,0.0018203776486353663,240.0,0.2880000000000109,-0.0019731276372084326,8.729000000000042,0.006670459508232268,1308.6055000000001,1306.026,1310.298,1301.569,0.004003769251495013,240.0,0.30149999999991905,-0.0024267172951855415,4.137000000000171,0.0031452816783352064,1315.3035,1312.1154999999999,1315.247,1311.11,0.0016715787157782682,356.0,0.3505000000000109,4.702000000000112,0.0034978379887499597,0.001625923707357426,0.0012145647177028735,0.0040159054893964975,0.002926337071314351,0.0024930025893937476,0.8798383666525037,-0.1280170626385858,-1.4925160905179407,-0.26318740261486234,-0.31444386439273114,-0.672827774818727,1.0,0.7543598468736099,0.2065078689919142,-5.65561021885284,0.1910675258489324,0.0,1.0,-0.0,-0.1280170626385858
2018-05-02,True,True,True,0.0001576402366800335,3.0449999999998454,0.0023247087529291487,1309.8415,1310.048,1311.609,1308.564,0.0018784610643547623,240.0,0.28750000000002274,-0.0018835866785984641,6.697999999999865,0.005115417661097749,1309.375,1306.911,1310.648,1303.95,0.0028907425515636584,240.0,0.28900000000010095,0.002360508442572321,6.596000000000004,0.005052116224715008,1305.5915,1308.6770000000001,1311.884,1305.288,0.0022972368084832775,356.0,0.30900000000008276,4.702000000000112,0.0034978379887499597,0.001637067549064055,0.0024267172951855415,0.0040159054893964975,0.0028553322365466125,0.0024930025893937476,1.4028073160356969,0.33847545457945144,1.4419126711795565,-0.5466680849603737,-0.28303498437664915,0.05520906977560405,0.0,0.0,0.24766056997019015,-5.65561021885284,0.4880520468413715,0.0,1.0,0.0,0.33847545457945144
2018-05-03,True,True,True,0.00211498245542876,6.880999999999858,0.005256574059750356,1309.0275,1311.799,1313.225,1306.344,0.0029131245128806798,240.0,0.28950000000008913,-0.0029385814744971503,5.7690000000000055,0.004377499999051507,1317.8755,1314.0085,1318.069,1312.3,0.0028598383440425787,240.0,0.30600000000004,0.0025686608611661917,5.116999999999962,0.003918050943850557,1306.0065,1309.3654999999999,1310.443,1305.326,0.0019983897818140416,353.0,0.2999999999999545,4.933499999999981,0.003658202292331977,0.0017896579193107248,0.002360508442572321,0.003902508538574388,0.0023783638173538522,0.0024328294930940075,1.0371946893685986,0.03651965450786678,1.4352803591400836,0.29785993372931524,0.1801712405152238,0.8892594312092553,1.0,0.5638998682476813,0.06851119894597481,-5.610783429194255,0.05241594283772281,0.0,1.0,0.0,0.03651965450786678
2018-05-04,False,True,True,-0.00029247353694774296,2.8610000000001037,0.0021816021774845873,1311.4215,1311.038,1311.317,1308.456,0.0021798624023177584,239.0,0.28099999999994907,-5.070498032661701e-05,7.623000000000047,0.005812244599198765,1311.5415,1311.475,1315.368,1307.745,0.0051963226017052505,240.0,0.3029999999998836,,,,,,,,,,,,,,,0.003902508538574388,0.002346192057910516,0.0024328294930940075,,,,-0.5815600107182322,-0.10979322380814811,-0.12465882149827731,,,,,,,,,
2018-05-07,True,True,True,-0.0005878615146284604,3.09699999999998,0.0023576063254189318,1313.6205,1312.8485,1314.856,1311.759,0.0021249204125820377,240.0,0.31999999999993634,0.002221196743963286,5.561999999999898,0.0042421633049822514,1311.1235000000001,1314.0390000000002,1315.587,1310.025,0.002861428510856358,240.0,0.30199999999990723,0.00022284249767080667,5.4500000000000455,0.004145484445495852,1314.6835,1314.9765000000002,1318.894,1313.444,0.0024642863606377,359.0,0.30300000000011096,4.9220000000000255,0.003658202292331977,0.0019010262547955322,0.0025686608611661917,0.0037674417090028042,0.0023474110058275934,0.0023532036408066385,1.1072734660707064,0.10190065670629171,0.11722220937699508,-0.46874934390738837,-0.10204330240716722,-0.2504297343622645,1.0,0.3423405119869843,0.2754977651361672,-5.610783429194255,0.011945020116078226,0.0,1.0,0.0,0.10190065670629171
2018-05-08,True,True,True,-0.0023723609664408913,7.69399999999996,0.005859331865581078,1313.1190000000001,1310.0075000000002,1314.793,1307.099,0.0021058824562182814,240.0,0.2865000000000464,-0.0003352496754705957,6.08400000000006,0.004640084564854837,1311.183,1310.7435,1312.001,1305.917,0.004190834421501975,240.0,0.29700000000002547,-0.0024253771269561906,6.449000000000069,0.004901115119586806,1315.8229999999999,1312.6354999999999,1317.016,1310.567,0.0023681108569656266,357.0,0.3109999999999218,5.128499999999917,0.0038618573967063594,0.0018538862855659159,0.00022284249767080667,0.0037303074885174166,0.0023174761180401213,0.0023532036408066385,1.257482694745086,0.22911186126293853,-1.308266394675778,0.4515449141182881,-0.11104305278696136,-1.0236830265362933,1.0,0.6762211172857815,0.09427707906800903,-5.556607020384022,-0.29973934871192165,0.0,1.0,0.0,0.22911186126293853
2018-05-09,True,True,True,0.0006128919175111291,5.326999999999998,0.004072164534711055,1308.1495,1308.9515000000001,1309.229,1303.902,0.002823928320961052,240.0,0.30199999999990723,0.0016027717241736505,6.582000000000107,0.005019207122363272,1311.3625000000002,1313.466,1317.342,1310.76,0.0032454991382375943,240.0,0.3040000000000873,-0.0040869671248908316,6.56899999999996,0.004989756907915445,1316.497,1311.1275,1316.473,1309.904,0.002522474808001446,356.0,0.2960000000000491,5.128499999999917,0.0038618573967063594,0.0018850403535027108,0.0024253771269561906,0.0038702276971739977,0.00227619150410483,0.002331177791583248,1.280881349322427,0.2475483951450174,-2.168105906749733,0.0508613430051703,0.19175530740242575,0.269262017895179,1.0,1.170322706444389,0.5806766110948842,-5.556607020384022,-0.5367111377203291,0.0,1.0,0.0,0.2475483951450174
2018-05-10,True,True,True,0.002790996688452175,6.411000000000058,0.004883639351118173,1312.7505,1316.4195,1316.921,1310.51,0.0022550316594289756,240.0,0.2980000000000018,0.001286609336677333,6.815000000000055,0.005171756970678495,1317.734,1319.4305,1322.845,1316.03,0.00431365887771757,240.0,0.29899999999997817,0.0007094322992503291,4.723999999999933,0.003599084534297914,1312.556,1313.4875,1315.666,1310.942,0.0025345323557112182,354.0,0.2980000000000018,5.294999999999959,0.004031767694673205,0.0019701092885280507,0.0040869671248908316,0.0040159054893964975,0.002235953676789449,0.0023532036408066385,0.8921624173748761,-0.11410708071826046,0.3600979414600776,0.19562786199383567,-0.04261363866543049,1.2482354699135354,1.0,0.237016052880098,0.13918791312556342,-5.513550365281333,-0.04108972487266451,1.0,1.0,-0.11410708071826046,-0.11410708071826046
2018-05-11,True,True,True,0.003747149441613873,6.695000000000164,0.005074033906218032,1319.463,1324.4165,1325.555,1318.86,0.0022986510774921074,239.0,0.28099999999994907,-0.002740329934871127,5.692999999999984,0.004294195783043911,1325.743,1322.115,1325.903,1320.21,0.0023326770686734784,240.0,0.2880000000000109,-0.001602635164061204,3.8330000000000837,0.0029014326628044613,1321.0715,1318.9560000000001,1322.126,1318.293,0.002192026187462777,354.0,0.29500000000007276,5.128499999999917,0.0038618573967063594,0.00192717455859133,0.0007094322992503291,0.0040159054893964975,0.0022736211957584416,0.002331177791583248,0.7473920249585932,-0.29116543236687265,-0.8315983401278666,0.2338732949039631,-0.014051166973688694,1.648097514486747,1.0,0.6686165545481413,0.09885931558932293,-5.556607020384022,0.24213269025890388,0.0,1.0,-0.0,-0.29116543236687265
2018-05-14,False,True,True,8.713888745273516e-06,3.2940000000000964,0.0024959717032279768,1319.7265,1319.7379999999998,1321.777,1318.483,0.0017756818845439126,239.0,0.28099999999994907,0.0004707022076886257,3.421000000000049,0.00259364137089227,1318.995,1319.616,1321.23,1317.809,0.0019660447149851433,240.0,0.2849999999998545,,,,,,,,,,,,,,,0.0040493404933792335,0.0024299784930002268,0.002314821802285603,,,,-0.48387591312230666,-0.2651481998577205,0.003585994184876394,,,,,,,,,
2018-05-15,False,True,True,-0.0018032418970971122,3.5009999999999764,0.002669259937961227,1311.5995,1309.2365,1312.118,1308.617,0.0014605329994150525,239.0,0.28500000000008185,-0.010181536446353032,15.282000000000153,0.011692649056026438,1306.975,1293.7355,1307.036,1291.754,0.005162271892452124,240.0,0.31300000000010186,,,,,,,,,,,,,,,0.0040493404933792335,0.002431380975571837,0.0022768413684605415,,,,-0.4167527695194365,-0.4439876805595638,-0.7416533711558746,,,,,,,,,
2018-05-16,True,True,True,-0.0025320208819452094,7.468000000000075,0.005768238539989986,1294.676,1291.402,1296.876,1289.408,0.002458813597926319,240.0,0.29349999999999454,0.0008418822750162908,5.544999999999845,0.004302351745381351,1288.83,1289.9155,1291.752,1286.207,0.003387696648635239,240.0,0.29099999999994,0.0015604419239303637,3.894999999999982,0.003012712175766023,1292.855,1294.874,1295.032,1291.137,0.0019223889711990916,356.0,0.2860000000000582,4.9220000000000255,0.003702374191930038,0.0019183722775626749,0.001602635164061204,0.003880838659824913,0.0022863037510805354,0.0022499845725985975,0.7913449817147423,-0.23402127264616238,0.8134197632968988,0.3963154751640126,0.0887555967754857,-1.1074735282871075,1.0,0.3746444534742059,0.04022754977653225,-5.598780991621764,-0.1903575282022804,0.0,1.0,-0.0,-0.23402127264616238
2018-05-17,True,True,True,-0.001358809733619984,6.820000000000164,0.00528885730050377,1289.5035,1287.7525,1290.497,1283.677,0.0027993890201736217,239.0,0.29599999999982174,0.00020410158897582323,4.347999999999956,0.0033746170279232144,1288.4425,1288.7055,1291.415,1287.067,0.003228908879627856,240.0,0.2860000000000582,0.0009401176729239559,4.942999999999984,0.003826491116161822,1291.784,1292.999,1294.386,1289.443,0.002283155699820723,358.0,0.3089999999999691,4.9220000000000255,0.003702374191930038,0.001973304385089938,0.0015604419239303637,0.003880838659824913,0.002240262251808498,0.0022499845725985975,1.0042665583096217,0.004257482355949675,0.4764179718179199,0.30955093157182567,0.2184778267197035,-0.6065404764656713,1.0,1.1714750101584817,0.7101787891101127,-5.598780991621764,0.0020283411090721236,0.0,1.0,0.0,0.004257482355949675
2018-05-18,False,True,True,-0.0025218962341039546,4.970000000000027,0.0038517024796206794,1290.3384999999998,1287.0885,1291.115,1286.145,0.0018068629690877105,239.0,0.29099999999994,0.002155627633011485,7.003000000000156,0.005434067795097821,1288.7215,1291.5025,1292.871,1285.868,0.003049770814178068,240.0,0.28549999999995634,,,,,,,,,,,,,,,0.003880838659824913,0.002055295243605411,0.0022499845725985975,,,,-0.007536026661809013,-0.21933118421240883,-1.2270238263579247,,,,,,,,,
2018-05-21,True,True,True,0.0007114720391181182,3.605000000000018,0.002808723951130555,1283.501,1284.4145,1285.432,1281.827,0.0019443786933452303,236.0,0.30950000000007094,0.003457273761526311,6.245000000000118,0.004859687703784034,1285.062,1289.5125,1290.238,1283.993,0.003191975928456065,240.0,0.2899999999999636,-0.003172773615419637,5.310999999999922,0.0041134223348531194,1291.1390000000001,1287.049,1291.185,1285.874,0.0020710112187588958,356.0,0.3269999999999982,4.835000000000036,0.003702374191930038,0.0019262799411248986,0.0009401176729239559,0.003939109465834046,0.0020808161541752738,0.0022174470308733672,1.0984488107548878,0.0938990125349823,-1.6470989224789505,-0.3382244035740348,-0.13141405987923593,0.34191970188741083,1.0,0.8370217166494301,0.7338159255429111,-5.598780991621764,-0.1546609623682068,0.0,1.0,0.0,0.0938990125349823
2018-05-22,False,True,True,0.003836286686348468,7.632000000000062,0.005921431633339911,1288.8775,1293.8315,1295.392,1287.76,0.0024294703079868465,240.0,0.28100000000006276,-0.0019554533165850366,5.212999999999965,0.0040244291262750255,1295.339,1292.8085,1296.058,1290.845,0.0029475056782327824,240.0,0.27899999999999636,,,,,,,,,,,,,,,0.0034691593953949445,0.0018448693339304127,0.002152391407449898,,,,0.534665934169853,0.12109374679248049,2.079435446073261,,,,,,,,,
2018-05-23,True,True,True,0.005119168987829319,8.34199999999987,0.006464381582944223,1290.4560000000001,1297.079,1297.879,1289.537,0.0028173936150148117,240.0,0.28100000000017644,-0.003808621783739953,9.750999999999976,0.007520235070008118,1296.635,1291.7060000000001,1296.642,1286.891,0.004165261645180794,240.0,0.29500000000007276,-0.002312457376868916,5.339000000000169,0.0041271572590698856,1293.6264999999999,1290.6385,1295.534,1290.195,0.002684499666716192,359.0,0.28899999999998727,5.029999999999973,0.003816077482861992,0.001997145075467074,0.003172773615419637,0.003939109465834046,0.0020372739758801597,0.002152391407449898,1.0614314115308545,0.05961838540643846,-1.1578815206141695,0.49535267762875645,0.26923270102638724,2.512754321920641,1.0,0.46620278330016157,0.03628230616300037,-5.568532220869009,-0.06903102675096857,0.0,1.0,0.0,0.05961838540643846
2018-05-24,True,True,True,-4.629601051789793e-06,2.599999999999909,0.002006155811949057,1296.011,1296.005,1297.953,1295.353,0.001795689778066913,240.0,0.2725000000000364,0.006642792611009726,10.646999999999935,0.008215008381283742,1296.0425,1304.6805,1306.559,1295.912,0.003366910506601794,240.0,0.3040000000000873,-0.0005630506836426208,2.563999999999851,0.0019797744879339932,1295.097,1294.368,1296.108,1293.544,0.0019117070131467317,359.0,0.29500000000007276,5.128499999999917,0.0038722710300061894,0.0020093088493829516,0.002312457376868916,0.0040493404933792335,0.0023292920428059794,0.0022174470308733672,0.49995125280294284,-0.693244679706947,-0.28022107393571216,-0.7023336672384421,-0.21096732245055885,-0.001987557149000839,1.0,0.3597543141269488,0.3203665789217228,-5.553914114598558,0.1942617686476995,1.0,1.0,-0.693244679706947,-0.693244679706947
2018-05-25,True,True,True,0.0018571545047214389,4.002999999999929,0.003071026404075826,1303.473,1305.896,1306.663,1302.66,0.0021587541689830933,240.0,0.2625000000000455,-0.00018131528765625744,5.576999999999998,0.004275279882496878,1304.476,1304.2395000000001,1307.748,1302.171,0.002709556646883321,240.0,0.2859999999999445,-0.0017232084166982004,3.298000000000002,0.002528160085120346,1304.5059999999999,1302.26,1304.754,1301.456,0.0018008356375692025,357.0,0.2800000000002001,5.029999999999973,0.003816077482861992,0.0019962393752317076,0.0005630506836426208,0.003961933507165867,0.0023260112369124317,0.002152391407449898,0.655666003976147,-0.4221037599742347,-0.8632273454170215,-0.25472032619460355,0.002951775132744041,0.7984288619287336,1.0,0.3795228628230847,0.24115308151092882,-5.568532220869009,0.36437150821310227,0.0,1.0,-0.0,-0.4221037599742347
2018-05-28,True,True,True,0.0010314882221177158,3.15300000000002,0.002431049896663047,1296.9705,1298.309,1299.064,1295.911,0.0019002357033298112,240.0,0.3049999999998363,-0.0004303547182371346,3.5449999999998454,0.0027285854151143196,1299.208,1298.649,1300.293,1296.748,0.0016951382395595416,240.0,0.3160000000000309,-0.0012005416011022121,2.8689999999999145,0.00220871808512065,1298.9434999999999,1297.385,1299.771,1296.902,0.0019888616315183066,356.0,0.2920000000001437,4.835000000000036,0.003702374191930038,0.00200191420188708,0.0017232084166982004,0.0034691593953949445,0.0022955400744911684,0.0021418372907825653,0.5933815925542695,-0.5219175919060672,-0.5996968301491323,-0.3555890951630044,-0.11968607492527299,0.44934446302199993,1.0,0.20496380558427674,0.0857290589452091,-5.598780991621764,0.31299232546513694,0.0,1.0,-0.0,-0.5219175919060672
2018-05-29,True,True,True,0.005165678909200461,10.766999999999825,0.008301736949745713,1296.9575,1303.6745,1306.514,1295.747,0.0039644982884128235,240.0,0.3044999999999618,0.00028214565236630055,12.470000000000027,0.009575109322870097,1302.335,1302.7025,1304.094,1291.624,0.005809909174220429,240.0,0.3025000000000091,0.00011208497516483124,4.101000000000113,0.0031593556332020563,1298.0495,1298.195,1301.315,1297.214,0.002617559315704188,353.0,0.28700000000003456,4.833499999999958,0.003702374191930038,0.0019735621197662025,0.0012005416011022121,0.0034691593953949445,0.002257154997726533,0.0021418372907825653,0.8484535016034237,-0.16433999651256467,0.05679323394092574,0.8725524485161431,0.6157153042141696,2.288579612123878,1.0,1.0756180821350754,0.25602565428777596,-5.598780991621764,-0.009333399867789005,0.0,1.0,-0.0,-0.16433999651256467
2018-05-30,True,True,True,-0.0002997559207863725,4.038000000000011,0.0031111388478616206,1297.917,1297.528,1299.747,1295.709,0.002559944166150529,238.0,0.2845000000000937,0.0034585878514095405,5.416999999999916,0.004174753951932079,1297.5615,1302.057,1302.665,1297.248,0.0031384184698806765,240.0,0.29099999999994,-0.0021455763135668853,5.218999999999824,0.004007795965633725,1302.212,1299.4209999999998,1302.697,1297.478,0.0027503529246129125,355.0,0.2919999999999163,4.669999999999959,0.0035160353260615517,0.0019485323782325113,0.00011208497516483124,0.003961933507165867,0.002416670745179257,0.002169308285650426,1.117558886509608,0.1111467409804452,-1.101124280784654,-0.2417433173085461,0.16557709379240934,-0.12403672340732459,1.0,0.3788008565310537,0.32205567451818384,-5.650421251979432,-0.12238637522365095,0.0,1.0,0.0,0.1111467409804452
2018-05-31,True,False,True,,,,,,,,,,,-0.002790438338777762,9.021999999999935,0.006915208975821629,1304.6605,1301.025,1306.222,1297.2,0.004609621536720294,240.0,0.2899999999999636,0.0006369466070399483,3.6310000000000855,0.0027873371526480357,1302.6770000000001,1303.507,1304.719,1301.088,0.0018104994667902444,354.0,0.29099999999994,4.833499999999958,0.003712787825229868,0.001971054738775999,0.0021455763135668853,,,,0.7512154753284611,-0.2860627504902922,0.32315013607155546,,,,,,,-5.595972249177066,-0.09244121674594133,0.0,1.0,-0.0,-0.2860627504902922
2018-06-01,True,True,True,-0.0008817208681214204,5.224999999999909,0.00402180008074382,1299.1695,1298.0245,1300.077,1294.852,0.0013206485629943697,237.0,0.2699999999999818,0.0011996801006051057,10.713000000000193,0.0082726826951665,1294.9850000000001,1296.5394999999999,1299.025,1288.312,0.004348219830961304,240.0,0.30549999999993815,-0.00011313810480334611,3.0109999999999673,0.0023172759424659613,1299.3705,1299.2235,1300.574,1297.563,0.0021430706484223743,356.0,0.2819999999999254,4.833499999999958,0.003712787825229868,0.0019511785527032896,0.0006369466070399483,0.003961933507165867,0.002425060033747544,0.0022174470308733672,0.6229440364125362,-0.47329859342292846,-0.05798449590715172,0.014997418194486377,-0.5182335965154643,-0.36358723324422665,1.0,0.5608772111306581,0.01117202855075779,-5.595972249177066,0.02744398035319246,0.0,1.0,-0.0,-0.47329859342292846
2018-06-04,False,True,True,0.0028756438107411133,5.436000000000149,0.004209329751737935,1291.417,1295.136,1295.39,1289.954,0.002135691067184858,240.0,0.28099999999994907,-0.0020413309892652488,5.281999999999925,0.004073099881940194,1296.801,1294.1565,1298.013,1292.731,0.0024153706318162976,240.0,0.2860000000000582,,,,,,,,,,,,,,,0.003936751280182249,0.0024295823560100496,0.002169308285650426,,,,0.06694759615136664,-0.015618075193722446,1.18359593928876,,,,,,,,,
2018-06-05,False,True,True,-0.0018630404053707609,3.8479999999999563,0.002975615112536678,1293.178,1290.771,1294.003,1290.155,0.0014211057404958012,238.0,0.2799999999999727,0.004492297477286601,7.074000000000069,0.005477684861216938,1291.4215,1297.236,1297.517,1290.443,0.0029167964673815173,240.0,0.2839999999998781,,,,,,,,,,,,,,,0.0040469823077274375,0.00247048964964028,0.0021472226180839753,,,,-0.3075207160414009,-0.4127399424161587,-0.7541178752325605,,,,,,,,,
2018-06-06,False,True,True,-0.0023268825870080686,4.759999999999991,0.0036675235779003897,1297.8785,1294.862,1298.762,1294.002,0.001964224283570251,240.0,0.27099999999995816,0.0030288771654408487,6.680000000000064,0.0051541579317321475,1296.041,1299.9724999999999,1301.776,1295.096,0.0022352009539739963,240.0,0.28949999999997544,,,,,,,,,,,,,,,0.0040469823077274375,0.0025232617997998576,0.0021472226180839753,,,,-0.09845483429381825,-0.08907780074773639,-0.9221724781759207,,,,,,,,,
2018-06-07,False,True,True,0.0005354812293471956,2.7950000000000728,0.0021540587437637866,1297.5504999999998,1298.2455,1299.526,1296.731,0.0014032577405018777,239.0,0.27800000000002,-0.0013467683737222963,8.452999999999975,0.006502755382005126,1299.9105,1298.161,1303.095,1294.642,0.0035910014566995435,240.0,0.28700000000003456,,,,,,,,,,,,,,,0.003936751280182249,0.0025203604901941567,0.0021472226180839753,,,,-0.6030019847012623,-0.4253787105476048,0.21246215826290177,,,,,,,,,
2018-06-08,False,True,True,0.0034386426398737473,6.115000000000009,0.0047216978036190745,1295.085,1299.546,1300.496,1294.381,0.0027878308995311915,240.0,0.28099999999994907,0.0007012289507112167,2.6110000000001037,0.0020115880104424637,1297.9795,1298.89,1299.529,1296.918,0.0021981267457392493,240.0,0.2849999999998545,,,,,,,,,,,,,,,0.0037596130287605345,0.002520574042186435,0.0020499576753775545,,,,0.227852404853459,0.30744469131306384,1.3642299660005015,,,,,,,,,
2018-06-11,True,True,True,-0.0012769347283965347,4.207000000000107,0.00324290907521214,1297.292,1295.6365,1297.987,1293.78,0.0015567529135510605,238.0,0.2760000000000673,0.003247363363073237,5.479000000000042,0.0042240398674119,1297.0995,1301.3184999999999,1302.122,1296.643,0.0021563514420147954,240.0,0.28349999999988995,-0.00040683694463495917,4.147999999999911,0.0031924624637451253,1299.3105,1298.7820000000002,1301.222,1297.074,0.0017611460878531836,355.0,0.28700000000003456,4.430500000000052,0.003379220083749985,0.0018368916368037287,0.00011313810480334611,0.0037596130287605345,0.0025527472385269735,0.0020499576753775545,0.9362374449836051,-0.06588615413797237,-0.22148118946356202,-0.1478452445361448,-0.2752169604511989,-0.5002198059896332,1.0,0.743482676898783,0.3363051574314906,-5.690110340565474,0.01459254378765771,0.0,1.0,-0.0,-0.06588615413797237
2018-06-12,False,True,True,-0.0002708742221945144,1.9279999999998836,0.0014855612385634774,1297.826,1297.4745,1298.696,1296.768,0.0018296347934059869,236.0,0.2739999999998872,0.00011132372198662424,8.110000000000127,0.006248343534081692,1297.944,1298.0884999999998,1299.719,1291.609,0.0032735880628395803,240.0,0.2949999999999591,,,,,,,,,,,,,,,0.0034552163265562648,0.002487274368967318,0.0019543014884577407,,,,-0.84409242858577,-0.06591645419328844,-0.10890403791961949,,,,,,,,,
2018-06-13,False,True,True,0.00026682199906813295,4.957999999999856,0.0038294644774301474,1294.6979999999999,1295.0435,1295.243,1290.285,0.0012547948915625604,237.0,0.26499999999987267,0.003012592033020184,5.144999999999982,0.003976218426932239,1293.943,1297.847,1298.946,1293.801,0.0021988098926673753,240.0,0.2819999999999254,,,,,,,,,,,,,,,0.0034552163265562648,0.00249087844100349,0.0019543014884577407,,,,0.10283990242482291,-0.4430607084765334,0.1071196388695064,,,,,,,,,
2018-06-14,False,True,True,0.001542530730755904,3.992999999999938,0.0030651805696875196,1302.6965,1304.7075,1305.654,1301.661,0.0021013352640755793,238.0,0.2880000000000109,0.0009751622032528305,7.711000000000013,0.005916746595050844,1303.25,1304.5214999999998,1309.266,1301.555,0.004024185524552006,240.0,0.2919999999999163,,,,,,,,,,,,,,,0.0037484940276652683,0.0024337318803251736,0.0019543014884577407,,,,-0.20124768560894885,0.07254014801896996,0.6338129287067583,,,,,,,,,
2018-06-15,True,True,True,-2.2314970421861033e-05,3.81899999999996,0.002938617972353569,1299.5904999999998,1299.5615,1301.128,1297.309,0.0026554368698112514,240.0,0.2919999999999163,-0.015767026977899657,22.939000000000078,0.017669183646588656,1298.249,1277.94,1299.403,1276.464,0.006215075909099992,240.0,0.3125,-0.0015053953851913234,2.9809999999999945,0.0022890288635712647,1302.299,1300.3400000000001,1303.027,1300.046,0.0022685684979269166,356.0,0.2899999999999636,4.435999999999922,0.00339577349902152,0.0018337160326199224,0.00040683694463495917,0.0034552163265562648,0.002328201088007239,0.0019543014884577407,0.6720018034265209,-0.3974942547921705,-0.8209533855907282,-0.16194567446748054,0.3065763525401813,-0.0095846404920981,1.0,0.6169972948602633,0.16895852119034402,-5.685223709158541,0.3263242542244959,0.0,1.0,-0.0,-0.3974942547921705
2018-06-18,False,True,True,0.0013702233287358854,3.5779999999999745,0.0027970464502799003,1279.2064999999998,1280.9605000000001,1282.222,1278.644,0.0017152586648234412,240.0,0.27899999999999636,-0.0008644761279658428,4.112999999999829,0.003214883668578423,1279.362,1278.2565,1281.793,1277.68,0.0021535971291873103,240.0,0.28150000000005093,,,,,,,,,,,,,,,0.0031770239615368802,0.002282346530899981,0.0019543014884577407,,,,-0.1273808761876911,-0.13046894047087185,0.6003572683573056,,,,,,,,,
2018-06-19,False,True,True,-0.0008087166810966649,4.429000000000087,0.0034592833214744153,1280.3229999999999,1279.288,1282.664,1278.235,0.0017683922675518304,240.0,0.27899999999999636,0.0023452153621805957,6.513000000000147,0.005117909145915139,1272.5900000000001,1275.578,1276.805,1270.292,0.0035508057167871593,240.0,0.2839999999999918,,,,,,,,,,,,,,,0.0030910826259687232,0.0021416994289679197,0.0019543014884577407,,,,0.11254004115532817,-0.09996202429276634,-0.37760512523757067,,,,,,,,,
2018-06-20,True,True,True,-0.0005308856176156307,4.8539999999998145,0.0038109983496664116,1273.682,1273.0059999999999,1274.552,1269.698,0.0018476251092942762,240.0,0.2839999999998781,-3.60955590733069e-05,3.586999999999989,0.0028146181237239183,1274.4180000000001,1274.3719999999998,1276.419,1272.832,0.002823489346427446,239.0,0.2849999999998545,-0.0005797078873969203,3.387000000000171,0.00265615914055581,1275.1495,1274.4105,1276.324,1272.937,0.0024091076931895333,353.0,0.28899999999998727,4.435999999999922,0.00339577349902152,0.0017980486207139644,0.0015053953851913234,0.0031770239615368802,0.002180603506835615,0.0019322299934500312,0.7635256988278247,-0.2698084956524179,-0.3224094614119675,0.18194629139816643,-0.04477368322989297,-0.24345811421078833,1.0,0.7301623083859022,0.16422452660053038,-5.685223709158541,0.08698881176766923,0.0,1.0,-0.0,-0.2698084956524179
2018-06-21,True,True,True,0.0003396507884205253,3.0030000000001564,0.0023779593339656262,1262.8475,1263.2765,1264.986,1261.983,0.00252227496205797,238.0,0.2845000000000937,0.002760370067799444,8.286000000000058,0.006554306375459129,1264.2069999999999,1267.7015000000001,1268.919,1260.633,0.002938748111443005,240.0,0.2820000000000391,-0.0035720728461125823,6.1599999999998545,0.004852472240077525,1269.4560000000001,1264.9295000000002,1270.033,1263.873,0.0022605024855196255,353.0,0.27899999999999636,4.124500000000012,0.003175909048473591,0.0016573116709420706,0.0005797078873969203,0.0031770239615368802,0.002094837017200412,0.0018739304063120437,1.493514365377582,0.4011319772267526,-2.1553416347343397,-0.28970220026593574,0.2971232103125838,0.1621370949776524,1.0,0.4582373621045205,0.5047884592072012,-5.752161373137779,-0.8645764515401269,0.0,1.0,0.0,0.4011319772267526
2018-06-22,False,True,True,-0.0007602887888577434,3.4730000000001837,0.002733795394345998,1270.395,1269.4295,1271.093,1267.62,0.0020233001406539256,240.0,0.2740000000001146,-0.0009360172286538946,4.119999999999891,0.003244601616866802,1269.8015,1268.6135,1270.846,1266.726,0.0027017904270416546,240.0,0.2799999999999727,,,,,,,,,,,,,,,0.0030910826259687232,0.0018249070229657755,0.0018739304063120437,,,,-0.12283049591029303,0.0766918646331201,-0.41661782177929724,,,,,,,,,
2018-06-25,True,True,True,0.0010310569285468193,5.194999999999936,0.0041034479626321126,1266.0085,1267.3145,1270.541,1265.346,0.002265137530207999,237.0,0.2829999999999018,-0.0023897041200277545,5.093000000000075,0.0040119578874399445,1269.455,1266.425,1270.332,1265.239,0.00272264316848759,240.0,0.2899999999999636,-0.0043429344875943,7.576999999999998,0.00596188156887893,1270.9075,1265.4,1272.569,1264.992,0.0025195358994245624,353.0,0.29100000000016735,4.124500000000012,0.003175909048473591,0.0015761145187705794,0.0035720728461125823,0.0030910826259687232,0.0018437796970490752,0.0019322299934500312,1.8370711601406173,0.6081725426305838,-2.7554688671873473,0.2833061928541458,0.15896070389634057,0.559208310080104,0.0,0.0,0.1475330343071451,-5.752161373137779,-1.6758005070967434,0.0,1.0,0.0,0.6081725426305838
2018-06-26,False,True,True,-0.004581989469542534,8.011999999999944,0.006341226360886334,1263.478,1257.702,1263.947,1255.935,0.0027163247628716027,238.0,0.2799999999999727,0.0036035602664799262,7.486000000000104,0.005957873868324385,1256.4885,1261.0245,1262.086,1254.6,0.0028325027374797103,240.0,0.28300000000012915,,,,,,,,,,,,,,,0.0031770239615368802,0.0018201491860112393,0.0019322299934500312,,,,0.6911272846112717,0.3406050035727515,-2.517370281929319,,,,,,,,,
2018-06-27,True,True,True,0.0008447972820114117,3.913000000000011,0.0031125538611815385,1257.167,1258.2295,1259.177,1255.264,0.0021077053531013733,238.0,0.2795000000000982,-0.003785526609187277,8.259999999999991,0.006559340190729087,1259.2730000000001,1254.5149999999999,1259.222,1250.962,0.0033658519573156005,240.0,0.28900000000010095,-0.0015261890672604288,6.247000000000071,0.004964477009393384,1258.3400000000001,1256.421,1259.496,1253.249,0.0034050394062384863,357.0,0.2999999999999545,4.124500000000012,0.003175909048473591,0.0017056490435697904,0.0043429344875943,0.0033510961983432776,0.002128797565950469,0.0019937622121120884,1.514607831252286,0.4151565481927921,-0.8947849342243549,-0.07384394925875101,0.05557643261144776,0.39684246897108094,0.0,0.0,0.1808704085343351,-5.752161373137779,-0.3714758246674977,0.0,1.0,0.0,0.4151565481927921
2018-06-28,False,True,True,0.0018126055708569957,5.101999999999862,0.004079462361722346,1250.6550000000002,1252.924,1253.204,1248.102,0.0020036052336085274,240.0,0.2899999999999636,-0.0014927970135228392,5.16800000000012,0.004126884118643223,1252.2765,1250.4085,1254.229,1249.061,0.00312534156426594,240.0,0.2845000000000937,,,,,,,,,,,,,,,0.0031777314681968394,0.0017840092295756634,0.0019937622121120884,,,,0.24979763820709164,0.004924761870848059,1.016029256355436,,,,,,,,,
2018-06-29,True,True,True,-0.00046611046062608696,3.0340000000001055,0.0024251279706619506,1251.0680000000002,1250.4850000000001,1251.911,1248.877,0.0020413564046693478,240.0,0.2880000000000109,0.0008826171728010472,4.485000000000127,0.003583968751947911,1251.406,1252.511,1252.813,1248.328,0.001953979238622057,240.0,0.2799999999999727,0.0023544747576280554,6.258000000000038,0.005011606056371389,1248.7015,1251.645,1251.935,1245.677,0.002755339467532686,358.0,0.2999999999999545,4.124500000000012,0.003175909048473591,0.0016858738264144183,0.0015261890672604288,0.0033510961983432776,0.0018315203957764324,0.001983914758589389,1.5172748211904523,0.41691584492804434,1.3965901366626252,-0.32340322129305743,0.028542447635897014,-0.2544937319294715,0.0,0.0,0.13989574493872448,-5.752161373137779,0.5822605568448713,0.0,1.0,0.0,0.41691584492804434
2018-07-02,True,True,True,-0.00014329101870018133,2.0090000000000146,0.0016081063287268819,1249.2955000000002,1249.1165,1249.484,1247.475,0.0013322048891822786,239.0,0.27899999999999636,-0.004468214575867035,7.386000000000195,0.0059117795368867476,1249.37,1243.8,1250.755,1243.369,0.0027193407040196657,240.0,0.27899999999999636,-0.0031065176096205377,4.7430000000001655,0.0037842702653538333,1253.346,1249.4585,1253.602,1248.859,0.002037443996641465,353.0,0.2949999999998454,4.124500000000012,0.003175909048473591,0.001729047589411184,0.0023544747576280554,0.0031777314681968394,0.0018228890484270348,0.0020134526871312267,1.1499575706146568,0.13972504657682733,-1.7966640297497203,-0.6811102740375757,-0.41301562221279775,-0.07860654976441199,1.0,0.3355558249484812,0.03951994181107603,-5.752161373137779,-0.25103896523968994,0.0,1.0,0.0,0.13972504657682733
2018-07-03,True,True,True,0.0035280817329466554,5.729000000000042,0.004611793117327464,1242.25,1246.6405,1247.664,1241.935,0.0027510918048652164,239.0,0.2799999999999727,0.006907831778564373,9.701000000000022,0.007773523703598067,1247.954,1256.6045,1256.808,1247.107,0.003269288186845092,240.0,0.2880000000000109,-0.001863010484434022,4.782999999999902,0.003850555303530026,1242.1585,1239.8465,1242.54,1237.757,0.0027551388848049193,358.0,0.2949999999998454,4.124500000000012,0.003175909048473591,0.0017498873599906173,0.0031065176096205377,0.003088867215434529,0.0016979565598353363,0.001983914758589389,1.1596557158443177,0.14812316437948717,-1.0646459463790923,0.40081231717634336,0.3269258093188878,2.0778398083922713,1.0,1.242332403927751,0.5827373014910626,-5.752161373137779,-0.15769872652146497,0.0,1.0,0.0,0.14812316437948717
2018-07-04,True,True,True,-0.002857480107648037,4.757000000000062,0.003773073091492907,1260.776,1257.1785,1260.641,1255.884,0.001974152702291162,240.0,0.28300000000001546,0.001290717666380362,2.578999999999951,0.002055482895018902,1254.693,1256.3135,1256.973,1254.394,0.0017655229628140052,238.0,0.29099999999994,0.002358475235669113,6.082000000000107,0.004846018209618659,1255.051,1258.0145,1260.411,1254.329,0.003278413178632315,357.0,0.29500000000007276,4.445500000000038,0.0034883663645494793,0.0017546803502955185,0.001863010484434022,0.0031777314681968394,0.0018253937513377698,0.0020134526871312267,1.3681250702958172,0.3134412406761254,1.344105343900332,0.17172224560450217,-0.019711708406041223,-1.5654047821484465,1.0,0.05173771229333398,0.6211899673827568,-5.658321742743275,0.42129804659153025,0.0,1.0,0.0,0.3134412406761254
2018-07-05,True,True,True,-0.002696259474014189,4.842000000000098,0.0038567383399776963,1255.465,1252.0845,1255.998,1251.156,0.0018329132741179322,236.0,0.2760000000000673,0.0027217933559066996,6.3689999999999145,0.005079360522147667,1253.898,1257.3155,1259.712,1253.343,0.0027486506063378042,240.0,0.2899999999999636,-0.001679843078952146,4.869999999999891,0.003873918663617294,1257.125,1255.0149999999999,1258.109,1253.239,0.0020071307970830118,357.0,0.29500000000007276,4.763000000000034,0.0038053806907578274,0.0018265967759271825,0.002358475235669113,0.0031777314681968394,0.0018670659972679095,0.0020134526871312267,1.0224648330883594,0.022216215275745525,-0.9196573108476312,0.19365426919031942,-0.09394434910003704,-1.444115782709151,1.0,0.4373294142347405,0.09447826999790936,-5.571339242539706,-0.020431304797704195,1.0,1.0,0.022216215275745525,0.022216215275745525
2018-07-06,True,True,True,-0.0016354653042831002,3.257000000000062,0.0025918466250687846,1256.633,1254.5795,1256.78,1253.523,0.0016614848389435951,239.0,0.2740000000001146,-6.099754915322461e-05,4.882999999999811,0.003893358805345464,1254.187,1254.1105,1258.331,1253.448,0.0021088647769772245,239.0,0.28099999999994907,-0.001467133319240036,5.151000000000067,0.004096372511439836,1257.454,1255.6105,1257.809,1252.658,0.00239247793339642,358.0,0.2940000000000964,4.763000000000034,0.00381741278444193,0.0017665604899298776,0.001679843078952146,0.0033510961983432776,0.001968973237199631,0.0020134526871312267,1.0814612639093073,0.07831314876473079,-0.8305027354587063,-0.2569169113850275,-0.1921393193594383,-0.8306183514252017,0.0,0.0,0.21467562460634668,-5.568182367382124,-0.06503928427149354,1.0,1.0,0.07831314876473079,0.07831314876473079
2018-07-09,True,True,True,0.0036121932057195634,5.932999999999993,0.004706246306512827,1260.665,1265.2269999999999,1265.25,1259.317,0.0020300695246024936,238.0,0.2760000000000673,-0.0038500959391441335,5.991999999999962,0.0047367663822393095,1264.998,1260.1370000000002,1265.749,1259.757,0.0023193237024634436,240.0,0.2819999999999254,0.002756372872875904,4.721000000000004,0.0037574356794822235,1256.442,1259.9099999999999,1260.021,1255.3,0.002009935312458272,354.0,0.29150000000004184,4.763000000000034,0.00381741278444193,0.00170738275828242,0.001467133319240036,0.0031777314681968394,0.0018223937446398926,0.0019888789679498448,0.9911820281335231,-0.008857080254579918,1.6143848586410343,0.39272306032269677,0.02049889372347737,1.9821145766900872,1.0,1.0978374973756047,0.15851354188538816,-5.568182367382124,-0.014298736254762297,1.0,1.0,-0.008857080254579918,-0.008857080254579918
2018-07-10,True,True,True,-0.005699232287628603,7.565000000000055,0.006016662935248741,1257.3415,1250.196,1257.402,1249.837,0.002560112066377803,240.0,0.29300000000012005,0.005797462542899774,7.967000000000098,0.006380074499602276,1248.7314999999999,1255.9920000000002,1256.411,1248.444,0.003176653272559106,240.0,0.28750000000002274,-0.0007925373133906616,3.382000000000062,0.002687361415545029,1258.4834999999998,1257.4865,1260.289,1256.907,0.0021424753422873526,356.0,0.31150000000002365,4.732000000000085,0.0037708529724180284,0.0018894740083785116,0.002756372872875904,0.0032859185913279767,0.0019989728097864795,0.0020134526871312267,0.7147083685545227,-0.33588069563975137,-0.41944864543058347,0.604886531020197,0.24020003025294287,-2.85108044477972,1.0,1.4940828402366462,0.030642434488583944,-5.580454050482707,0.1408847028123758,1.0,1.0,-0.33588069563975137,-0.33588069563975137
2018-07-11,True,True,True,-0.001231086586262007,4.143000000000029,0.0033088305763738705,1252.104,1250.5635,1253.423,1249.28,0.0019054821973589235,237.0,0.28099999999994907,-0.001386715759823474,6.878999999999905,0.005508585192884488,1248.778,1247.0475000000001,1252.548,1245.669,0.0030326563516781995,240.0,0.28449999999998,-0.004002649841491535,7.148000000000138,0.005690833602031869,1256.0549999999998,1251.0375,1256.026,1248.878,0.003210841748228708,359.0,0.30500000000006366,4.732000000000085,0.0037708529724180284,0.0018881517076824446,0.0007925373133906616,0.003616178206483661,0.0023689369451388347,0.0020266848326282094,1.510566356720205,0.41248465118104266,-2.11987724567136,-0.08882289730748062,-0.0616662722157701,-0.5196789170721712,0.0,0.0,0.22538038884195133,-5.580454050482707,-0.8744168262273804,1.0,1.0,0.41248465118104266,0.41248465118104266
2018-07-12,True,False,True,,,,,,,,,,,0.0022748335837738144,5.251999999999953,0.004219800845004637,1244.6084999999998,1247.443,1248.522,1243.27,0.0029962916257343076,240.0,0.2799999999999727,0.00048590944054784324,3.69399999999996,0.0029724927739617677,1242.728,1243.332,1244.878,1241.184,0.002258282618674724,357.0,0.29399999999986903,4.763000000000034,0.00381741278444193,0.002006179233954977,0.004002649841491535,,,,0.7755616208271958,-0.25416784004169307,0.24220639528299895,,,,,,,-5.568182367382124,-0.06156107633336436,1.0,1.0,-0.25416784004169307,-0.25416784004169307
2018-07-13,False,True,True,-0.003177877585219357,5.9500000000000455,0.004779331439807771,1244.944,1240.9940000000001,1244.953,1239.003,0.002191223877165254,240.0,0.27149999999994634,0.0034382079402076695,7.629000000000133,0.00616283155815683,1237.9050000000002,1242.1685000000002,1243.718,1236.089,0.003202764602043786,240.0,0.27299999999991087,,,,,,,,,,,,,,,0.003384056948924143,0.0023739894236157136,0.0020266848326282094,,,,0.3452254000915151,0.07805886501401124,-1.3386233121372875,,,,,,,,,
2018-07-16,False,True,True,0.00042762902066313186,3.173999999999978,0.0025518510567991703,1243.8029999999999,1244.335,1244.915,1241.741,0.0020318973380479585,237.0,0.2599999999999909,-0.0033167205732997367,5.77800000000002,0.004645445124172008,1243.799,1239.6805,1244.127,1238.349,0.0023907597518340843,240.0,0.25700000000006185,,,,,,,,,,,,,,,0.003616178206483661,0.0024084898820221448,0.0020266848326282094,,,,-0.3485987236259444,0.0025686350880706654,0.1775506818007052,,,,,,,,,
2018-07-17,True,True,True,-0.0008699974191286034,3.449999999999818,0.002775380046063118,1243.0729999999999,1241.9920000000002,1244.946,1241.496,0.0014876353945761254,238.0,0.2640000000001237,-0.010174143252136015,15.234000000000151,0.012283992950855681,1240.1505000000002,1227.597,1241.169,1225.935,0.00452513586611823,240.0,0.27300000000002456,0.00032757313927272834,4.4529999999999745,0.0035889843246898223,1240.741,1241.1475,1241.795,1237.342,0.001957479270485977,354.0,0.28100000000006276,4.763000000000034,0.00381741278444193,0.0020327620469310892,0.00048590944054784324,0.003616178206483661,0.0024162942786307173,0.0020266848326282094,0.9349149695569899,-0.06729969547917079,0.16114681979982534,-0.2646300327246963,-0.30921349487844246,-0.36005441341425504,1.0,0.6615578416963716,0.4042620197354221,-5.568182367382124,-0.010845131899965057,1.0,1.0,-0.06729969547917079,-0.06729969547917079
2018-07-18,True,True,True,-0.001066819306785023,3.981999999999971,0.0032522476608645417,1224.384,1223.0785,1224.882,1220.9,0.002087154070278092,239.0,0.2660000000000764,0.002701536732382292,5.400000000000091,0.004415967812501352,1222.835,1226.143,1227.461,1222.061,0.00278354526399806,240.0,0.2579999999999245,-0.00198763037127259,4.941000000000031,0.004025903974734849,1227.3020000000001,1224.865,1229.128,1224.187,0.002352341041124666,353.0,0.27700000000004366,4.763000000000034,0.00381741278444193,0.0020390814662326583,0.00032757313927272834,0.003616178206483661,0.0023726051915714005,0.0020266848326282094,1.0373714045769464,0.036690018044888785,-0.9747675137986872,-0.10607137881885538,0.029400078436149887,-0.4496404671855488,1.0,0.6901112744068411,0.10098677304219844,-5.568182367382124,-0.03576423767084521,1.0,1.0,0.036690018044888785,0.036690018044888785
2018-07-19,True,True,True,-0.006625517075764372,8.715000000000146,0.007120385996002409,1223.9505,1215.868,1223.976,1215.261,0.0030138315094527467,240.0,0.26900000000000546,0.00014226230808833256,7.532999999999902,0.00619501849130362,1215.9769999999999,1216.15,1218.597,1211.064,0.003454510429898479,239.0,0.2740000000001146,-0.003381804415714175,5.916999999999916,0.004820545282941173,1227.4545,1223.3105,1228.481,1222.564,0.002129169705494107,356.0,0.2765000000000555,4.763000000000034,0.00381741278444193,0.002034341304448674,0.00198763037127259,0.003540951833933389,0.0023739685113502193,0.002030983431325226,1.2422842746168117,0.2169518418758124,-1.6623584293937719,0.6985663662298729,0.39469207133003237,-2.7909035204498314,1.0,1.5332773462103841,0.13436909510809744,-5.568182367382124,-0.36065172311476146,1.0,1.0,0.2169518418758124,0.2169518418758124
2018-07-20,True,True,True,0.0006997527866635651,4.640999999999849,0.0037929821249280075,1223.5755,1224.432,1226.714,1222.073,0.0025300025161416983,240.0,0.26749999999992724,0.0036065387057594035,8.403999999999996,0.006861937395027625,1224.7269999999999,1229.152,1232.095,1223.691,0.0040939063690527576,240.0,0.2749999999998636,-0.0009829167904366178,8.683999999999969,0.00709771702634751,1223.4920000000002,1222.29,1224.104,1215.42,0.005105031188946901,359.0,0.2920000000001437,4.826499999999896,0.00386223698357366,0.002072521859141614,0.003381804415714175,0.003540951833933389,0.002716723311591093,0.0020366268713586533,1.799233398943366,0.5873606847095306,-0.4742612417336418,0.06875697940192009,0.2169253523679507,0.2575723422690931,1.0,0.5407645291619094,0.2663420698228497,-5.5565087339444945,-0.2785624076758641,1.0,1.0,0.5873606847095306,0.5873606847095306
2018-07-23,True,True,True,0.0007872340875332306,3.5570000000000164,0.0028924048960275307,1229.7725,1230.741,1231.48,1227.923,0.0018996822902997757,238.0,0.2660000000000764,-0.005186901684985082,8.163000000000011,0.006628639082660673,1231.4745,1225.1035,1231.85,1223.687,0.0032594192304124434,240.0,0.2764999999999418,-0.0023615829473598977,5.406999999999925,0.0043850827707688665,1233.0439999999999,1230.1354999999999,1235.096,1229.689,0.0030749884983121037,355.0,0.2799999999999727,4.905499999999961,0.003949911319176071,0.0020597610715495486,0.0009829167904366178,0.0037830276082104573,0.002727316916729906,0.0020366268713586533,1.1022321883599977,0.09733738577855357,-1.1465324692165824,-0.2684363435529248,-0.06960828833478862,0.28864782185897786,1.0,0.36000407705638376,0.07399857303023788,-5.534062151162631,-0.11160047326377207,1.0,1.0,0.09733738577855357,0.09733738577855357
2018-07-24,True,True,True,0.006217342655098791,8.104000000000042,0.006645493586163894,1219.473,1227.0785,1227.334,1219.23,0.002618466141328056,240.0,0.26100000000008095,-0.002841897463950858,5.3969999999999345,0.004395450460373906,1227.8605,1224.376,1229.483,1224.086,0.0028457064106149395,240.0,0.26799999999980173,-0.0029825763213626273,6.920000000000073,0.005652407950291542,1224.257,1220.6109999999999,1224.856,1217.936,0.0026242656583501953,360.0,0.2760000000000673,5.046000000000049,0.0040611382430873425,0.0020692107026953647,0.0023615829473598977,0.0037830276082104573,0.0027560603430613713,0.0020366268713586533,1.3713832738803022,0.3158199194107129,-1.4414077394233018,0.5634143251474453,0.2512937592001879,2.2558804529630523,1.0,0.4910820451843126,0.22552516845023957,-5.5062919892205064,-0.45522527610264507,1.0,1.0,0.3158199194107129,0.3158199194107129
2018-07-25,True,True,True,0.0025166324111195945,6.455000000000155,0.005258752197087242,1227.4775,1230.5705,1231.843,1225.388,0.0023105235484320256,240.0,0.2619999999999436,-0.0031610534794134053,6.9220000000000255,0.005616728470695174,1232.3899999999999,1228.5005,1234.126,1227.204,0.0025710544237712114,240.0,0.2804999999999609,0.0010282861140134176,4.294000000000096,0.003504745363190948,1225.196,1226.4565,1227.442,1223.148,0.002633122423796116,358.0,0.2799999999999727,5.278999999999996,0.004240727641104352,0.002105104694565781,0.0029825763213626273,0.0037830276082104573,0.0031628088154816245,0.0020366268713586533,0.8134116309907368,-0.20651798638486674,0.48847267153405005,0.32936913012738195,0.12617919830322738,0.795695395434886,1.0,0.8336806213298106,0.19340784239438508,-5.46302041099417,-0.10087839252924843,1.0,1.0,-0.20651798638486674,-0.20651798638486674
2018-07-26,True,True,True,-0.0010536127072989822,3.675999999999931,0.0029892205908182553,1229.752,1228.4569999999999,1230.331,1226.655,0.0025148008162033924,238.0,0.2679999999999154,-0.0014186659180821003,5.085000000000036,0.004140609732265029,1228.08,1226.339,1230.54,1225.455,0.003313565251203881,240.0,0.2719999999999345,-0.0025886923256595524,6.042000000000144,0.004899828035661328,1233.1045,1229.9165,1235.162,1229.12,0.0027138260401447342,358.0,0.2819999999999254,5.278999999999996,0.004240727641104352,0.0021646240470881784,0.0010282861140134176,0.0037830276082104573,0.003096666896192246,0.0020366268713586533,1.1445349498011268,0.1349983971230256,-1.1959085131396487,-0.23551196213699105,0.21089865719328427,-0.340240892100644,1.0,0.4669444970638227,0.031161204773648275,-5.46302041099417,-0.1614457323796334,1.0,1.0,0.1349983971230256,0.1349983971230256
2018-07-27,True,True,True,-0.003931211609238272,7.932999999999993,0.006482366337454842,1223.7815,1218.98,1225.343,1217.41,0.002887043983953593,240.0,0.26699999999993906,0.005721451656976998,8.623000000000047,0.007070232092687887,1219.6205,1226.6185,1227.342,1218.719,0.003215315279460589,240.0,0.2799999999999727,0.0001984934111606214,2.7560000000000855,0.002251449125296563,1224.1005,1224.3435,1224.691,1221.935,0.0023041335842492747,356.0,0.28499999999996817,5.278999999999996,0.004240727641104352,0.002119487731929033,0.0025886923256595524,0.0037830276082104573,0.0030887776790799936,0.0020366268713586533,0.5220685735935001,-0.6499563326900354,0.09365159711491435,0.5385609756453761,0.3489381908475165,-1.272740228558373,1.0,0.8571699185451538,0.10645955673421074,-5.46302041099417,-0.06086944861137442,1.0,1.0,-0.6499563326900354,-0.6499563326900354
2018-07-30,True,True,True,0.0011565595285254614,3.6779999999998836,0.0030143674192612863,1220.1565,1221.5685,1222.764,1219.086,0.0015299448602231886,238.0,0.26900000000000546,0.0012818195003150487,4.213999999999942,0.0034481982673089623,1222.0875,1223.655,1225.059,1220.845,0.002246075980024085,239.0,0.26500000000010004,-0.0011375355171996358,4.891000000000076,0.004000376236571075,1222.635,1221.245,1223.969,1219.078,0.0022466620015812577,356.0,0.28300000000012915,5.046000000000049,0.0040611382430873425,0.002003780068683526,0.0001984934111606214,0.0037830276082104573,0.0031392245124219178,0.0020642552374737196,0.9692826000792765,-0.031199068661639923,-0.5676947959398515,-0.22713464661618943,-0.2995378058554698,0.3684220494421323,0.0,0.0,0.21571541815295864,-5.5062919892205064,0.017711548917383094,1.0,1.0,-0.031199068661639923,-0.031199068661639923
2018-07-31,True,True,True,-0.002883369416826549,5.220000000000027,0.004270960536570122,1222.2075,1218.6885,1222.594,1217.374,0.0021358372020149428,239.0,0.2680000000000291,0.0031214612334686588,11.064000000000078,0.009066790135850312,1220.2775,1224.0925,1224.836,1213.772,0.004875322292779044,240.0,0.27099999999995816,-0.00030839038868054,3.8899999999998727,0.0031815746749926373,1222.665,1222.288,1223.318,1219.428,0.002468142711329785,355.0,0.2899999999999636,4.916000000000054,0.004013140105652962,0.0019998878596248428,0.0011375355171996358,0.0037830276082104573,0.0031659869359851925,0.002059525704163025,0.7912937347436595,-0.23408603407347714,-0.15420384057853656,0.12131410836788924,0.03638298631373009,-0.9107332010924112,1.0,0.4178193653376861,0.016375101708712005,-5.518181275360635,0.03609696547992835,1.0,1.0,-0.23408603407347714,-0.23408603407347714
2018-08-01,True,True,True,0.001933173035343956,4.494999999999891,0.003680142784627639,1221.42,1223.7835,1224.724,1220.229,0.0021037821665570266,237.0,0.2640000000001237,-0.0026913429475059073,7.143000000000029,0.00584337736249598,1222.4095,1219.124,1223.565,1216.422,0.00256790487481392,240.0,0.2685000000000173,-0.0026714933844662198,5.333000000000084,0.004357084879003748,1223.9834999999998,1220.7179999999998,1224.727,1219.394,0.00228389369477182,355.0,0.2740000000001146,4.880499999999984,0.003937147450094184,0.0018521067068536286,0.00030839038868054,0.003824860232452852,0.0032041433605086013,0.002111495636146517,1.0927159102551176,0.08866625798560146,-1.4424079209801959,-0.03857037447698902,-0.0036597721716065852,0.6033353748057948,0.0,0.0,0.14383772154497038,-5.537298815323033,-0.1278929128421051,1.0,1.0,0.08866625798560146,0.08866625798560146
2018-08-02,False,True,True,-0.0016198332863245786,5.04300000000012,0.004139050086774057,1218.3955,1216.4234999999999,1218.709,1213.666,0.002024242062187248,239.0,0.26799999999980173,-0.0003455030181463426,5.348999999999933,0.004404711369532501,1214.3815,1213.962,1218.301,1212.952,0.0023171778893069767,240.0,0.27099999999995816,,,,,,,,,,,,,,,0.0037830276082104573,0.0031108392425679525,0.0020954681184175592,,,,0.08994167027936477,-0.034581633742726985,-0.5207062017732006,,,,,,,,,
2018-08-03,False,True,True,0.002466411116604066,4.588999999999942,0.003805349214799435,1205.934,1208.912,1208.828,1204.239,0.0022600792617657713,238.0,0.2699999999999818,0.0048037864036262565,9.868000000000166,0.008142885022183062,1211.8555000000001,1217.691,1219.967,1210.099,0.003191723154570255,240.0,0.27149999999994634,,,,,,,,,,,,,,,0.003824860232452852,0.0030803120066241335,0.0020954681184175592,,,,-0.0051141611022837334,0.07562291028773839,0.8007017183000005,,,,,,,,,
2018-08-06,False,True,True,-0.002919081277628387,4.413999999999987,0.0036370422952422946,1213.6235000000001,1210.086,1213.458,1209.044,0.0024076913861416156,239.0,0.27099999999995816,0.001676367338391433,4.400000000000091,0.0036401391525922267,1208.745,1210.773,1211.595,1207.195,0.0025497771848166477,240.0,0.265999999999849,,,,,,,,,,,,,,,0.003799165669863721,0.0031252367614669646,0.002119809684285985,,,,-0.043610686969449954,0.12734204424081544,-0.9340352429037058,,,,,,,,,
2018-08-07,False,True,True,0.0016259074665032345,6.007999999999811,0.00495258240324705,1213.1045,1215.0785,1216.119,1210.111,0.002513194702883329,238.0,0.27099999999995816,-0.002165901058768208,4.885999999999967,0.004020973913458509,1215.1284999999998,1212.4995,1215.455,1210.569,0.0024415857782855983,240.0,0.2699999999999818,,,,,,,,,,,,,,,0.003799165669863721,0.0031627621249183226,0.0021635305395900986,,,,0.26512765610615807,0.14981333741708766,0.5140783284627272,,,,,,,,,
2018-08-08,True,True,True,-0.0030368306326230307,6.125,0.0050461548094386565,1213.7955000000002,1210.115,1215.826,1209.701,0.002309937955175192,239.0,0.2640000000001237,0.00025044168373179407,6.989000000000033,0.005777412952349804,1209.7109999999998,1210.0140000000001,1212.909,1205.92,0.003742466619149674,240.0,0.26699999999993906,0.0008952965381380803,4.003999999999905,0.0033023688145534386,1212.463,1213.549,1214.744,1210.74,0.0023324189723849145,353.0,0.2880000000000109,4.916000000000054,0.004013140105652962,0.0018294004801683436,0.0026714933844662198,0.003799165669863721,0.0030540731283251383,0.0022256515694655124,0.8144833197721444,-0.20520133025084875,0.4893934093948057,0.2838450473201316,0.037170951983370434,-0.9943542623317722,1.0,0.22009764035803409,0.050142392188810773,-5.518181275360635,-0.10042417862381235,1.0,1.0,-0.20520133025084875,-0.20520133025084875
2018-08-09,True,True,True,0.0005208225160813131,5.445999999999913,0.004485593962321268,1214.109,1214.7415,1215.874,1210.428,0.002198490079565137,240.0,0.27800000000002,-0.0004883622872204553,4.517000000000053,0.0037190453489703277,1214.5590000000002,1213.966,1217.266,1212.749,0.0027491660146235896,240.0,0.2744999999999891,0.0015001510994074603,3.410000000000082,0.0028105156142275408,1213.3004999999998,1215.122,1215.547,1212.137,0.0022606562651805184,355.0,0.2899999999999636,4.916000000000054,0.004013140105652962,0.0018686433075646503,0.0008952965381380803,0.003799165669863721,0.0028757923010016154,0.0022256515694655124,0.6936533767290571,-0.3657829004083498,0.8028022754982408,0.16608943774957882,-0.012278915694737222,0.18110574810980432,1.0,0.34764035801460824,0.206061838893437,-5.518181275360635,-0.2936513447861696,1.0,1.0,-0.3657829004083498,-0.3657829004083498
2018-08-10,True,True,True,0.0013493013708830732,4.714999999999918,0.0039008884759563116,1208.699,1210.3310000000001,1211.356,1206.641,0.002438933793419126,240.0,0.2699999999999818,-0.0009989172700246532,7.257999999999811,0.005981445815501332,1213.4189999999999,1212.2075,1217.013,1209.755,0.003843517436127887,240.0,0.2800000000002001,-0.0035624986545678807,5.688000000000102,0.0046920530825626475,1212.2625,1207.9515000000001,1213.343,1207.655,0.0024691575758041024,356.0,0.28099999999994907,4.880499999999984,0.003937147450094184,0.0017980353246760989,0.0015001510994074603,0.003972199650786746,0.002879967043336177,0.0022292846706654544,1.1654543591845345,0.15311101886807826,-1.9813285121134288,-0.018115667930607246,0.08988021536952087,0.4685127817712913,1.0,0.20776559778709142,0.15316053683023215,-5.537298815323033,-0.3033632272020606,1.0,1.0,0.15311101886807826,0.15311101886807826
2018-08-13,True,True,True,-0.0056552702985662165,7.639000000000124,0.0063234765793792275,1208.038,1201.2255,1208.601,1200.962,0.0029177472057562753,240.0,0.2644999999999982,-0.0021897143982111816,8.890999999999849,0.007415615162017846,1198.9565,1196.334,1202.944,1194.053,0.0033779030273060214,240.0,0.26700000000005275,-0.0030395028360025757,5.502999999999929,0.004538929173981641,1212.4005,1208.721,1212.615,1207.112,0.0025332359384698487,360.0,0.2839999999998781,4.916000000000054,0.004013140105652962,0.001885012905939018,0.0035624986545678807,0.0038531188453778736,0.002831083565114179,0.0022850086084704817,1.1194060211553842,0.11279820637380954,-1.612457308077925,0.4953862385250711,0.24444202191693945,-1.997563889760399,1.0,1.2510170870626574,0.13893409275833712,-5.518181275360635,-0.18188229220553118,1.0,1.0,0.11279820637380954,0.11279820637380954
2018-08-14,True,True,True,-0.00019244913335945645,1.91599999999994,0.0016030306985398198,1195.2359999999999,1195.006,1195.682,1193.766,0.0019356131058595114,239.0,0.26799999999980173,0.0012195992806029866,4.06899999999996,0.0034045778980224418,1195.1554999999998,1196.614,1198.694,1194.625,0.0024380749313324644,240.0,0.2740000000000009,0.0016810182534240197,4.038000000000011,0.003384982681094068,1192.916,1194.923,1196.21,1192.172,0.002810575403405583,355.0,0.2829999999999018,4.916000000000054,0.004013140105652962,0.001935365377602761,0.0030395028360025757,0.004019969281365185,0.0030746483313241336,0.002310230751803609,0.8213995117982031,-0.1967456718131509,0.8685792733908528,-0.9193782370263804,-0.17692328523185397,-0.06259224230583013,0.0,0.0,0.06366965012202422,-5.518181275360635,-0.1708892126662618,1.0,1.0,-0.1967456718131509,-0.1967456718131509
2018-08-15,True,True,True,-0.003144489753968496,5.876999999999953,0.00494403573636853,1188.705,1184.973,1189.52,1183.643,0.0025850636871397005,238.0,0.27099999999995816,-0.008696406011838746,12.067000000000007,0.010166833979485194,1186.8985,1176.6215,1187.544,1175.477,0.00447395374364874,240.0,0.27700000000004366,-0.00483226586953065,7.626999999999953,0.006388668427103427,1193.8325,1188.0775,1194.018,1186.391,0.0030001461102668187,356.0,0.2759999999999536,4.916000000000054,0.004013140105652962,0.0018339836250323178,0.0016810182534240197,0.004019969281365185,0.0030743149610256283,0.002310230751803609,1.551464605370193,0.43919939147829595,-2.6348467912004927,0.20690768720885977,0.11240273274782737,-1.0228261560160565,1.0,0.5589910496338522,0.1276444263628601,-5.518181275360635,-1.157223107333797,1.0,1.0,0.43919939147829595,0.43919939147829595
2018-08-16,True,True,True,0.0029322444464193386,8.168999999999869,0.006951219356537707,1175.1895,1178.6405,1182.003,1173.834,0.0034828762966488264,239.0,0.26900000000000546,-0.0011723924353103238,7.026000000000067,0.005950417422713866,1180.7575,1179.374,1181.652,1174.626,0.0033570941245148946,240.0,0.26499999999987267,0.003334449889655529,18.692999999999984,0.015925240906221418,1173.797,1177.7175,1178.641,1159.948,0.00821288164967774,360.0,0.3250000000000455,5.137000000000057,0.004191494426869299,0.0020032317020103134,0.00483226586953065,0.0042050053116720896,0.0031295965567019854,0.0023591074672868204,3.638894296281833,1.2916798707450519,1.6645353037840263,0.5026415345673628,0.3895751187533365,0.9369400794297207,1.0,0.6544675880863958,0.49211602102394236,-5.474697943514038,2.1500467460423267,1.0,1.0,1.2916798707450519,1.2916798707450519
2018-08-17,True,True,True,0.0024055450907225703,6.316000000000031,0.005376112983491631,1174.8265000000001,1177.656,1179.828,1173.512,0.0036661048459521936,240.0,0.26949999999999363,0.0011750820289098897,5.177000000000135,0.004399693032813819,1176.673,1178.0565000000001,1180.457,1175.28,0.0028828185477963934,240.0,0.2699999999999818,7.52937573535825e-05,7.6159999999999854,0.006479760956717636,1175.3519999999999,1175.4405,1179.299,1171.683,0.004050414955392363,357.0,0.29399999999986903,5.137000000000057,0.004191494426869299,0.0021642065506064126,0.003334449889655529,0.0042050053116720896,0.0028790838491021473,0.0023591074672868204,1.4825773797936346,0.39378204600392036,0.034790467357417955,0.24569006267033583,0.4408463928817354,0.8355244990425508,1.0,0.10297839205761933,0.11952501459992185,-5.474697943514038,0.013699861417436647,1.0,1.0,0.39378204600392036,0.39378204600392036
2018-08-20,True,True,True,0.001005983326033493,4.087999999999965,0.0034460042409117458,1186.3015,1187.4955,1189.744,1185.656,0.0023200570968519817,237.0,0.26900000000000546,0.0003408874272309738,4.095000000000027,0.0034515994307179093,1186.4065,1186.8110000000001,1188.592,1184.497,0.0035666608103817133,240.0,0.26499999999998636,0.0020993832150421527,3.905999999999949,0.003300021924108746,1183.6285,1186.116,1186.605,1182.699,0.0025134293662054047,358.0,0.30949999999995725,5.3700000000000045,0.004371083824886307,0.00215108383305962,7.52937573535825e-05,0.004378277249445695,0.0029292120524032138,0.0023591074672868204,0.7273743016759675,-0.3183140760663001,0.9759653170076918,-0.2394399561909555,-0.016691559589894014,0.3434313760958869,1.0,0.5845437616387139,0.03454376163874248,-5.432744285777111,-0.3106634981560571,1.0,1.0,-0.3183140760663001,-0.3183140760663001
2018-08-21,True,True,True,-0.0007861362480030979,2.7239999999999327,0.0022796524283235373,1194.9189999999999,1193.98,1195.791,1193.067,0.002160430515162895,240.0,0.2660000000000764,-0.0026007817000573675,5.126999999999953,0.004298542000285021,1192.73,1189.632,1192.646,1187.519,0.002717742362152008,240.0,0.26700000000005275,0.003585671895540745,4.886999999999944,0.004102508137648462,1191.2224999999999,1195.5014999999999,1195.85,1190.963,0.0023933559034195464,354.0,0.2919999999999163,5.3700000000000045,0.004371083824886307,0.002244806004237313,0.0020993832150421527,0.004378277249445695,0.0029328155851007114,0.0023638742414967984,0.9100558659217765,-0.09424929023276792,1.5973192733681234,-0.652632337344711,-0.08999438638106802,-0.2680483055248434,0.0,0.0,0.10847299813779913,-5.432744285777111,-0.15054620779006622,1.0,1.0,-0.09424929023276792,-0.09424929023276792
2018-08-22,True,False,True,,,,,,,,,,,-0.002783247799613133,7.294000000000096,0.006081531205158792,1199.3690000000001,1196.0355,1201.573,1194.279,0.0029645213029565885,240.0,0.25900000000001455,-0.0006347857790316488,3.2789999999999964,0.002741504700648,1196.0585,1195.2995,1197.791,1194.512,0.00225321725571458,353.0,0.28099999999994907,5.3700000000000045,0.004371083824886307,0.0024462662005345064,0.003585671895540745,,,,0.6106145251396636,-0.49328941065826404,-0.2594917016361297,,,,,,,-5.432744285777111,0.1280045085707965,1.0,1.0,-0.49328941065826404,-0.49328941065826404
2018-08-23,False,True,True,0.00040405585256749843,5.058999999999969,0.004250585411224577,1190.189,1190.67,1191.141,1186.082,0.0038874895710581587,236.0,0.2740000000000009,-0.0005725775858206511,4.548000000000002,0.003822815686993098,1189.699,1189.018,1192.879,1188.331,0.0033736747757505455,239.0,0.2520000000001801,,,,,,,,,,,,,,,0.0042050053116720896,0.002541471790753023,0.0023152903226420036,,,,0.010781160663905767,0.5182285057920498,0.1589849842274972,,,,,,,,,
2018-08-24,True,True,True,0.0019437535500288399,4.704000000000178,0.0039543351626898544,1189.5805,1191.895,1192.343,1187.639,0.002451924604843592,240.0,0.25299999999992906,0.01366843962753962,16.88799999999992,0.014166608645758381,1192.099,1208.505,1208.531,1191.643,0.005092137156750861,240.0,0.2619999999999436,0.0031413157397267143,6.529999999999973,0.005512488360883089,1184.583,1188.31,1189.521,1182.991,0.0030156212553658582,358.0,0.2660000000000764,5.11200000000008,0.004229796508326104,0.002361804265348377,0.0006347857790316488,0.004194817748999317,0.0024579081918360644,0.0023638742414967984,1.2773865414710233,0.24481622621308624,1.3300491432821406,-0.05903740752853089,0.03657136837631223,0.7908161730714809,1.0,0.5520344287950063,0.24853286384977774,-5.465601393859817,0.3256176119362821,1.0,1.0,0.24481622621308624,0.24481622621308624
2018-08-27,True,True,True,-0.0014546157547830369,2.5579999999999927,0.0021222615110701015,1205.318,1203.566,1205.54,1202.982,0.0022071661823412723,239.0,0.26500000000010004,0.002692462487756547,7.186000000000149,0.005957597096977302,1206.191,1209.443,1212.332,1205.146,0.0028425306477614766,240.0,0.2560000000000855,-0.000750826493105132,4.546000000000049,0.0037639009115413313,1207.7895,1206.8829999999998,1207.844,1203.298,0.0029100620079293175,355.0,0.26499999999987267,5.11200000000008,0.004229796508326104,0.002496842241813224,0.0031413157397267143,0.004194817748999317,0.0025113218516679605,0.0023638742414967984,0.8892801251956138,-0.11734299164488707,-0.30071042556532396,-0.6813676235453159,-0.06859247850878197,-0.5792231504762783,1.0,0.06181533646322887,0.3061424100156109,-5.465601393859817,0.03528626095464225,1.0,0.0,-0.11734299164488707,-0.0
2018-08-28,True,True,True,0.0007622907369666473,3.826999999999998,0.0031584403065511007,1211.674,1212.598,1214.269,1210.442,0.002041119945378485,237.0,0.2519999999999527,-0.0032159918701499843,7.333000000000084,0.0060464786456152384,1212.772,1208.878,1214.207,1206.874,0.0033140016108921286,240.0,0.25,-0.0011962425535757717,4.486999999999853,0.003704648603305247,1211.181,1209.733,1212.436,1207.949,0.0021237542763327417,353.0,0.2640000000001237,4.88900000000001,0.004051442187109768,0.002453429543605131,0.000750826493105132,0.004046692624731956,0.002381662499433042,0.002314997526013587,0.9177745960318764,-0.08580345660269706,-0.48757974594941206,-0.24782157974617045,-0.12590996881370806,0.32006664972392673,1.0,0.3749232971978073,0.3970137042340002,-5.508682365668015,0.041836027571924436,1.0,0.0,-0.08580345660269706,-0.0
2018-08-29,False,True,True,0.00041028029120557437,4.300999999999931,0.0035764489877883774,1202.5895,1203.083,1205.829,1201.528,0.0031224710434151646,240.0,0.25099999999997635,0.0016479746236807856,4.6749999999999545,0.0038883676674118643,1202.304,1204.287,1206.705,1202.03,0.003055582139429442,240.0,0.25500000000010914,,,,,,,,,,,,,,,0.004046692624731956,0.002371475489149359,0.002314997526013587,,,,-0.12352950632205367,0.2992160705876382,0.17300633849382127,,,,,,,,,
2018-08-30,False,True,True,0.0010098835255059006,4.260999999999967,0.0035419886924026524,1202.9965,1204.212,1205.384,1201.123,0.0027909820348504294,240.0,0.25,-0.00411346675372265,12.05600000000004,0.010012158095098925,1204.136,1199.193,1206.751,1194.695,0.004482559783670322,240.0,0.2519999999999527,,,,,,,,,,,,,,,0.003927611819323083,0.002289523328439016,0.0023638742414967984,,,,-0.10334321468491271,0.16609161692641727,0.4410889869352995,,,,,,,,,
2018-08-31,False,True,True,0.002153637417019192,4.968000000000075,0.004125886031533857,1204.105,1206.701,1208.833,1203.865,0.0029704557555934583,238.0,0.25649999999996,-0.003189159901256707,5.774999999999864,0.004796051541567121,1204.1154999999999,1200.2815,1204.937,1199.162,0.003353784268303603,240.0,0.25,,,,,,,,,,,,,,,0.003927611819323083,0.0022564487775154456,0.0024233125897803708,,,,0.049249230637193706,0.2035799511885492,0.9544366521763201,,,,,,,,,
2018-09-03,True,True,True,0.001773761586202012,4.927999999999884,0.004108407604388929,1199.4915,1201.621,1203.849,1198.921,0.002820201141938066,240.0,0.25,0.0009066593433405485,3.586999999999989,0.0029891243207387803,1200.017,1201.1055000000001,1202.225,1198.638,0.0020097031607882398,240.0,0.27700000000004366,0.0015236750633369047,6.141000000000076,0.005121148818533269,1199.145,1200.9735,1201.298,1195.157,0.003651772526460395,353.0,0.2680000000000291,4.716499999999996,0.003882138574056203,0.002380074806923893,0.0011962425535757717,0.003927611819323083,0.0022801917617087885,0.002445429199131359,1.3020248065302833,0.26392059623950453,0.6401794846550076,0.0450039476370888,0.1425875602465347,0.7779001819008174,1.0,0.5408671684511678,0.31421605003709785,-5.5513690983097765,0.16895655129044834,1.0,0.0,0.26392059623950453,0.0
2018-09-04,True,True,True,-0.0007213256637750553,3.005999999999858,0.0025145279655493426,1195.453,1194.591,1196.561,1193.555,0.0024183052202281065,240.0,0.25,-0.0020544275261946687,7.282000000000153,0.006097504812607778,1194.259,1191.808,1195.573,1188.291,0.0037660327035713473,240.0,0.25,-0.0008288476078065858,3.213999999999942,0.0026761934936190123,1200.9595,1199.9645,1201.982,1198.768,0.0023646272545683167,353.0,0.2699999999999818,4.88900000000001,0.004051442187109768,0.0023956098504453703,0.0015236750633369047,0.004031371383539392,0.002247220929187665,0.0024825596538634604,0.6573941501329382,-0.4194715162812079,-0.3459860576431066,-0.47202151347222615,-0.02622317379349332,-0.32098564694117687,1.0,1.0662712211086018,0.9227858457762446,-5.508682365668015,0.1451312962117113,1.0,0.0,-0.4194715162812079,-0.0
2018-09-05,True,True,True,0.0018065868452818424,4.0779999999999745,0.0034193925169973697,1192.6095,1194.766,1195.858,1191.78,0.003719362753124229,239.0,0.25,0.0025650414004199464,4.94399999999996,0.004141501294219121,1193.77,1196.836,1198.329,1193.385,0.002957432797464302,240.0,0.25099999999997635,0.0012914258215978066,3.775000000000091,0.003166687288581757,1192.0974999999999,1193.638,1194.587,1190.812,0.0021860399247202555,353.0,0.26500000000010004,4.716499999999996,0.003882138574056203,0.0023321973815242634,0.0008288476078065858,0.004031371383539392,0.002145548181973727,0.0024825596538634604,0.8003816389271905,-0.22266661640675792,0.5537377890175678,-0.16464370306597667,0.4042622042852988,0.8420164415137635,1.0,0.26947948690765594,0.21806424255271817,-5.5513690983097765,-0.12329891985710101,1.0,0.0,-0.22266661640675792,-0.0
2018-09-06,False,True,True,0.006705661665249086,9.252999999999929,0.007726944011597454,1197.498,1205.555,1205.907,1196.654,0.003351652177409303,240.0,0.25,-0.004760987687242696,10.429999999999836,0.008656894805862979,1204.8200000000002,1199.0974999999999,1206.974,1196.544,0.004702120065936655,240.0,0.25099999999997635,,,,,,,,,,,,,,,0.003927611819323083,0.002152391238030301,0.0025184941459916463,,,,0.6766818815039304,0.28579224974835066,3.1154473902177653,,,,,,,,,
2018-09-07,True,True,True,0.00080660370541289,3.9990000000000236,0.0033301439231743736,1200.8490000000002,1201.818,1202.184,1198.185,0.002128031986087741,239.0,0.25,-0.0035955484668479558,8.707999999999856,0.0072481018263417536,1201.418,1197.106,1202.024,1193.316,0.005592674979981032,238.0,0.25499999999988177,-0.000423789500359644,4.3659999999999854,0.0036343280010155353,1201.3225,1200.8135,1203.512,1199.146,0.0027141631593688743,357.0,0.2680000000000291,4.716499999999996,0.003882138574056203,0.00235096607984894,0.0012914258215978066,0.003927611819323083,0.0024668698221873586,0.002688022860995065,0.9256864200148391,-0.07721974098002125,-0.18026185234747172,-0.16501603837668197,-0.23360832503650894,0.3269745724554202,1.0,0.20375278278384681,0.007526767730347449,-5.5513690983097765,0.013919773546850603,1.0,0.0,-0.07721974098002125,-0.0
2018-09-10,False,True,True,0.000983491002926099,3.8740000000000236,0.003246949175271577,1193.12,1194.294,1196.001,1192.127,0.0023142407958681712,237.0,0.25499999999988177,0.003303444668091695,7.582999999999856,0.006357092018131383,1192.841,1196.788,1198.463,1190.88,0.0025574581037170288,240.0,0.25,,,,,,,,,,,,,,,0.0037386687318723445,0.0024668398998420253,0.002688022860995065,,,,-0.1410137538434717,-0.14972424365731204,0.39868456926980994,,,,,,,,,
2018-09-11,False,True,True,-0.0014016404413993472,4.2159999999998945,0.003525478607134825,1195.866,1194.191,1197.149,1192.933,0.00217917978408055,237.0,0.25,0.0011552778669266625,8.4050000000002,0.00703782801156046,1194.2604999999999,1195.641,1196.025,1187.62,0.004799803166369619,240.0,0.2535000000000309,,,,,,,,,,,,,,,0.003559218840095515,0.0024629361598223435,0.002688022860995065,,,,-0.009524891725523845,-0.20985736729104626,-0.5690932896532934,,,,,,,,,
2018-09-12,False,True,True,0.0017713580463523987,5.079000000000178,0.004255529507183189,1193.5059999999999,1195.622,1197.602,1192.523,0.002591166294532383,239.0,0.25099999999997635,0.007031488597357416,11.458999999999833,0.009597361416580122,1193.974,1202.399,1204.292,1192.833,0.004663285533922436,240.0,0.25,,,,,,,,,,,,,,,0.0035337336497687387,0.002035727907972612,0.0025184941459916463,,,,0.18586419466755874,0.028446919324934268,0.870134972073208,,,,,,,,,
2018-09-13,False,True,True,0.000642359656341038,3.9370000000001255,0.0032684527068509448,1204.5455000000002,1205.3195,1207.229,1203.292,0.002053713504422405,238.0,0.25099999999997635,-0.0026675571569417106,11.442000000000007,0.009486932873441238,1206.08,1202.867,1212.613,1201.171,0.004792589086236535,240.0,0.2599999999999909,,,,,,,,,,,,,,,0.003559218840095515,0.0020291271433767995,0.0025881149908360416,,,,-0.08522439925494077,-0.231280187971271,0.3165694463443264,,,,,,,,,
2018-09-14,False,True,True,0.0005491664723721875,4.032999999999902,0.003343994925551879,1206.0425,1206.705,1208.521,1204.488,0.0020949724927881814,238.0,0.25099999999997635,-0.006190067598995274,11.154999999999973,0.009260366131051384,1204.596,1197.1625,1206.875,1195.72,0.003941665074853088,240.0,0.25,,,,,,,,,,,,,,,0.0035337336497687387,0.0017874359253346242,0.0025215454496879874,,,,-0.05518882539384082,-0.18533156387972372,0.30723701173756957,,,,,,,,,
2018-09-17,False,True,True,0.0017575816664203484,3.826000000000022,0.003199629358146508,1195.7635,1197.867,1198.618,1194.792,0.0018623983890581246,239.0,0.25,0.0044629746520521915,7.414999999999964,0.006191322296107995,1197.644,1203.001,1204.773,1197.358,0.002859057016825817,240.0,0.25099999999997635,,,,,,,,,,,,,,,0.0034857414240232853,0.001741761296021751,0.0024351149125358493,,,,-0.08564579127582186,-0.26812883385462394,1.009082972755642,,,,,,,,,
2018-09-18,False,True,True,0.0006767794890758593,4.542000000000144,0.0037869123907574524,1199.394,1200.206,1200.258,1195.716,0.0025726236262115488,239.0,0.25,-0.002432607957179027,5.9849999999999,0.004978248754397994,1202.23,1199.309,1203.494,1197.509,0.00377385063593315,240.0,0.25,,,,,,,,,,,,,,,0.0034326983789545575,0.0017208968678748685,0.002369181158540044,,,,0.09820436314915622,0.08238185168623793,0.39327138174852555,,,,,,,,,
2018-09-19,False,True,True,0.00034504935587390716,2.5629999999998745,0.0021313592550303777,1202.519,1202.934,1204.549,1201.986,0.0020359157560886566,239.0,0.25,0.0006195518025663274,5.211000000000013,0.004331971504256541,1202.9165,1203.6619999999998,1206.167,1200.956,0.004845261711796975,240.0,0.25,,,,,,,,,,,,,,,0.003472435562066097,0.0017224720922727923,0.0024351149125358493,,,,-0.48809631474062165,-0.1790482267620082,0.20032217498433688,,,,,,,,,
2018-09-20,False,True,True,0.00039396780944846784,2.69399999999996,0.002239574630457683,1202.907,1203.381,1203.896,1201.202,0.0017043936561840073,239.0,0.25,-0.0016918019729626685,5.4939999999999145,0.004556870473403531,1205.652,1203.614,1208.407,1202.913,0.003623280921886898,240.0,0.25,,,,,,,,,,,,,,,0.003472435562066097,0.001679118595154112,0.0024351149125358493,,,,-0.43857028811665033,-0.3567845268138562,0.23462774492846877,,,,,,,,,
2018-09-21,False,True,True,-0.0037027800702148467,6.344000000000051,0.00524424075892699,1209.708,1205.237,1211.017,1204.673,0.0022847798602597174,239.0,0.25,-0.007034040329605507,13.455999999999904,0.011169817585655802,1204.675,1196.231,1205.12,1191.664,0.006654168327978092,240.0,0.2820000000000391,,,,,,,,,,,,,,,0.003381693721274624,0.0016793231599676098,0.002366273008048139,,,,0.43875379120628233,-0.0350464684544344,-2.2049240780352632,,,,,,,,,
2018-09-24,False,False,True,,,,,,,,,,,0.001349068223450548,6.426000000000158,0.005354915213842579,1200.019,1201.639,1204.084,1197.658,0.0034311792427197826,240.0,0.2520000000000664,,,,,,,,,,,,,,,,,,,,,,,,,,,,,,,,
2018-09-25,False,True,True,-0.00010289769499488623,2.6340000000000146,0.0021944824678846696,1200.283,1200.1595,1200.817,1198.183,0.0019694252319764328,239.0,0.26500000000010004,-1.4983306100129476e-05,3.2269999999998618,0.0026861536976024074,1201.346,1201.328,1203.301,1200.074,0.0028266320728809018,239.0,0.25099999999997635,,,,,,,,,,,,,,,0.003381693721274624,0.001969907174054131,0.0022995103280639443,,,,-0.43243044395647123,-0.15495445966524773,-0.05223479377615522,,,,,,,,,
2018-09-26,False,True,True,-0.0009547626701825527,4.129000000000133,0.003441339497017797,1199.8235,1198.6785,1201.486,1197.357,0.00173080392648241,238.0,0.25,-0.0023834665164831326,4.3559999999999945,0.0036373261811498614,1197.583,1194.732,1197.981,1193.625,0.0035020718718450604,239.0,0.2519999999999527,,,,,,,,,,,,,,,0.003381693721274624,0.0019121448246435992,0.0022995103280639443,,,,0.01748409930659086,-0.2841102014667691,-0.49931504030324114,,,,,,,,,
2018-09-27,True,True,True,0.00044883538847928826,3.0850000000000364,0.0025814873467372938,1195.0475000000001,1195.584,1197.396,1194.311,0.0015709218089500923,240.0,0.2515000000000782,-0.0077758004888652515,12.009000000000015,0.010062470437460657,1193.4445,1184.2005,1193.752,1181.743,0.004744347764139693,240.0,0.25900000000001455,-9.486621259212421e-05,3.479000000000042,0.0029076995533141975,1196.4785000000002,1196.365,1198.57,1195.091,0.0020001512860124246,354.0,0.26099999999996726,4.516499999999951,0.003734274757423289,0.002338039324982553,0.000423789500359644,0.0034303660070075835,0.0019534913523776044,0.0022995103280639443,0.7702867264474881,-0.2609924614379332,-0.040575114190105475,-0.2843012392575026,-0.38103361290679794,0.2297606221460916,1.0,0.1727000996346687,0.29170818111367125,-5.590201653971041,0.01058979892560084,0.0,0.0,-0.0,-0.0
2018-09-28,False,True,True,0.0008153161471922357,4.2849999999998545,0.003625574983617101,1181.8815,1182.8455,1184.81,1180.525,0.001686415158178443,238.0,0.25,0.007675262626591543,11.215000000000146,0.0094757378021528,1183.549,1192.668,1193.534,1182.319,0.0038741418663698754,240.0,0.25099999999997635,,,,,,,,,,,,,,,0.003381693721274624,0.0019531625101823946,0.0022319798221701334,,,,0.06963620694407084,-0.28028393642391325,0.4174338504562521,,,,,,,,,
2018-10-01,False,True,True,-0.00116301197371867,3.492999999999938,0.0029409919806818487,1187.6945,1186.314,1187.95,1184.457,0.0023435015908306596,238.0,0.2504999999999882,0.0008389927948530766,7.0150000000001,0.005908684502779861,1187.2355,1188.232,1192.056,1185.041,0.0038119495519972385,240.0,0.2545000000000073,,,,,,,,,,,,,,,0.003381693721274624,0.0019522689119061522,0.002153605885084145,,,,-0.13962975211822237,0.08450262406987695,-0.5957232462320627,,,,,,,,,
2018-10-02,False,True,True,-0.002479082578460441,5.979999999999791,0.005013222584148401,1192.8455,1189.892,1194.706,1188.726,0.0023100804966583854,238.0,0.25099999999997635,0.011587692564447997,17.72499999999991,0.014883751393908374,1190.8960000000002,1204.7759999999998,1208.212,1190.487,0.004990235057024085,240.0,0.25900000000001455,,,,,,,,,,,,,,,0.003337069424363126,0.0019664440066781553,0.002153605885084145,,,,0.40698593470483113,0.07013877782748106,-1.2606931954539953,,,,,,,,,
2018-10-03,True,True,True,-0.0004093105957843883,2.9099999999998545,0.0024179697529431964,1203.489,1202.9965000000002,1205.069,1202.159,0.0022574245670101013,239.0,0.25099999999997635,-0.002168895340438843,7.250999999999976,0.006029406139666671,1202.606,1200.0005,1205.199,1197.948,0.004310319259075822,240.0,0.25,0.0004693792338600937,3.0109999999999673,0.0024975841203087076,1205.565,1206.131,1208.277,1205.266,0.002247788409763296,356.0,0.2680000000000291,4.516499999999951,0.003734274757423289,0.0023368329396072324,9.486621259212421e-05,0.003337069424363126,0.002057431564814954,0.002153605885084145,0.6666666666666666,-0.40546510810816444,0.20086127078428873,-0.32216476098445845,0.047080998221409286,-0.19894250811749445,1.0,0.6879220635447812,0.5849662349164356,-5.590201653971041,-0.08144223687329492,0.0,0.0,-0.0,-0.0
2018-10-04,True,True,True,0.0006154484424493033,3.188000000000102,0.002661225123534606,1197.9445,1198.682,1201.006,1197.818,0.0019925835244817515,237.0,0.25,-0.0009062211574976791,6.546000000000049,0.005444845363397305,1202.238,1201.149,1206.709,1200.163,0.003762780122578633,240.0,0.2539999999999054,0.0001736085032464709,3.060999999999922,0.002555104616550602,1197.994,1198.202,1198.886,1195.825,0.0020517182305747027,356.0,0.2639999999998963,4.426499999999919,0.003669488302160391,0.002247829380579561,0.0004693792338600937,0.003337069424363126,0.002049979252882267,0.002153605885084145,0.691516999887039,-0.3688675441056985,0.07723384379009636,-0.2263064144569979,-0.07771154289493028,0.300221790822509,1.0,0.4789336947927611,0.058172370947688026,-5.607703053840788,-0.028489058280695995,0.0,0.0,-0.0,-0.0
2018-10-05,False,True,True,0.003026096488025754,5.923999999999978,0.004942531804407879,1198.576,1202.2085,1202.554,1196.63,0.0022671248236061244,238.0,0.25,-0.0011739849312754345,6.338999999999942,0.005271101243560751,1202.595,1201.184,1205.791,1199.452,0.0053002839459515075,240.0,0.2740000000000009,,,,,,,,,,,,,,,0.003299298315012659,0.0020233120305363866,0.002111502239437961,,,,0.40416789687591875,0.07111277516802297,1.49561532890383,,,,,,,,,
2018-10-08,True,True,True,-0.0020197215100551855,4.1030000000000655,0.003428682689748561,1196.6695,1194.255,1196.91,1192.807,0.0021300642047555507,237.0,0.25,-0.007262306489951641,12.707000000000107,0.010638418109841107,1194.4445,1185.8015,1194.325,1181.618,0.0048663574013064976,240.0,0.26949999999999363,-0.006016809682149306,9.146999999999935,0.007597690375220527,1203.9185,1196.6965,1204.061,1194.914,0.003376237444421081,354.0,0.2639999999998963,4.426499999999919,0.003669488302160391,0.002242062793601433,0.0001736085032464709,0.003299298315012659,0.0015150799961227575,0.002111502239437961,2.066418163334486,0.7258167526052719,-2.6836044464590953,0.038466317894028365,0.00875246636243432,-1.3330791213822746,1.0,0.47599683723031955,0.006099627245011668,-5.607703053840788,-1.9478050646060088,0.0,0.0,0.0,0.0
2018-10-09,True,True,True,-0.0025846742952252005,4.933999999999969,0.004145936285009145,1190.0810000000001,1187.009,1190.987,1186.053,0.0022568179500906628,239.0,0.2520000000001801,0.0019817607958553685,7.314000000000078,0.006162229928520222,1186.908,1189.2625,1190.411,1183.097,0.002987203406199061,240.0,0.25,0.00011966385806780547,2.890999999999849,0.002427852022796992,1190.7645,1190.9070000000002,1191.898,1189.007,0.0018572703576187257,353.0,0.25700000000006185,4.516499999999951,0.003734274757423289,0.002608449254176811,0.006016809682149306,0.0033062238162014116,0.0015791942083212226,0.0021125183487718663,0.6400974205689982,-0.4461348945735935,0.04587547864931329,0.22632194896558058,0.06607506843336225,-1.6367045177887671,1.0,0.654046274770283,0.18288497730544245,-5.590201653971041,-0.020466651830724523,0.0,0.0,-0.0,-0.0
2018-10-10,False,True,True,-0.0012649308685307244,4.68100000000004,0.00393182595139524,1190.541,1189.036,1190.88,1186.199,0.002042621209178301,240.0,0.25,0.002499656699280247,4.873000000000047,0.004107110197483518,1186.479,1189.4485,1190.124,1185.251,0.0038108239430590645,240.0,0.25,,,,,,,,,,,,,,,0.00338633880765022,0.0016604659737398284,0.0021125183487718663,,,,0.149354596623711,-0.03364687649042731,-0.761792706707353,,,,,,,,,
2018-10-11,True,True,True,0.008105004308803896,12.163999999999987,0.01018728900360708,1194.037,1203.754,1205.619,1193.455,0.003693284002096901,240.0,0.2640000000001237,0.012835903028419714,18.299999999999955,0.015199373420365626,1203.997,1219.551,1220.702,1202.402,0.00723628569883839,240.0,0.27800000000002,-0.0007180227788479901,3.8609999999998763,0.0032337116745281987,1193.984,1193.127,1195.021,1191.16,0.0024913164413675444,359.0,0.37400000000002365,4.426499999999919,0.003669488302160391,0.002485705811806948,0.00011966385806780547,0.00338633880765022,0.0016554843134433722,0.002074342998605293,0.8722466960352303,-0.13668298678688118,-0.28886072335568697,1.10139142701887,0.5768715593613346,4.895850865506336,1.0,2.3942166497232917,0.20558002936859787,-5.607703053840788,0.0394823464336743,0.0,0.0,-0.0,-0.0
2018-10-12,True,True,True,0.002437073428535196,5.544000000000096,0.004555518533294026,1216.9855,1219.955,1221.691,1216.147,0.0026473346644778034,238.0,0.25,-0.0016776177181327943,7.317000000000007,0.005988690484472543,1221.803,1219.755,1223.496,1216.179,0.004458761380251567,240.0,0.2599999999999909,-0.00196728213295847,4.710000000000036,0.0038561926688128463,1221.412,1219.0115,1222.16,1217.45,0.0028735592772929234,360.0,0.2740000000001146,4.201999999999998,0.0035096553410548016,0.0023894333806206433,0.0007180227788479901,0.00338633880765022,0.002459402138154758,0.002074342998605293,1.1208948119942976,0.11412730560552592,-0.8233257930160323,0.2965900224659122,0.24390887049795756,0.9909210822934738,1.0,0.3100904331271089,0.4821513564969225,-5.652237439757334,-0.0939639543924527,0.0,0.0,0.0,0.0
2018-10-15,False,True,True,0.0055900371011349415,8.846000000000004,0.007221719693432042,1224.916,1231.7825,1233.209,1224.363,0.0034876098054136715,238.0,0.25,-0.0006206282788552049,8.036000000000058,0.00653878231859888,1228.975,1228.2125,1231.895,1223.859,0.0044162199196274505,240.0,0.25450000000012096,,,,,,,,,,,,,,,0.0034350110933831788,0.0025110974342573886,0.0021125183487718663,,,,0.743072954045293,0.5013358660544656,2.2261330941895903,,,,,,,,,
2018-10-16,True,True,True,0.002672687909458916,4.163999999999987,0.003395477752037154,1226.337,1229.619,1230.173,1226.009,0.0025468594158129664,240.0,0.25,-0.0014947877409051673,5.273999999999887,0.004287140894032174,1230.1905000000002,1228.353,1232.396,1227.122,0.0034019053746577143,240.0,0.25,-0.0010386192314833613,3.617999999999938,0.002949174426793908,1226.784,1225.5104999999999,1228.562,1224.944,0.0020357740692228377,353.0,0.26900000000000546,4.426499999999919,0.003669488302160391,0.002401604774930304,0.00196728213295847,0.003533457240317449,0.0027835994069634494,0.002193441077423107,0.817350050830228,-0.20168781709586212,-0.4324688401377378,-0.03983230648967327,0.1493894195759827,0.9601553667431179,1.0,0.3639444256184645,0.1867163673331388,-5.607703053840788,0.0872236963293597,0.0,0.0,-0.0,-0.0
2018-10-17,True,True,True,0.0016877282750141914,6.463999999999942,0.005283661682172662,1223.394,1225.4605000000001,1228.115,1221.651,0.003826213667947543,240.0,0.25,0.0005557588769359096,4.610000000000127,0.003760470279029446,1225.9105,1226.592,1229.48,1224.87,0.003839729955366839,240.0,0.25,-0.0017874573496835622,5.211999999999989,0.004255042964749344,1224.8995,1222.712,1225.766,1220.554,0.0021162627554992676,355.0,0.26299999999991996,4.135999999999967,0.0034671749625621406,0.0021425594155619005,0.0010386192314833613,0.003533457240317449,0.002813129798929986,0.002257121258550382,1.2601547388781504,0.23123452205647646,-0.8342626751448988,0.4023425779199534,0.5277854938245343,0.5999468192531119,1.0,0.5679400386847078,0.16489361702128186,-5.664415148435139,-0.19291033095668816,0.0,0.0,0.0,0.0
2018-10-18,False,True,True,0.0022131402572540403,4.7000000000000455,0.003850352368683565,1220.6675,1223.372,1224.596,1219.896,0.002122308533452964,239.0,0.25,0.003965347670737707,9.180000000000064,0.007496487552605102,1224.5735,1229.439,1230.093,1220.913,0.0031614406642943094,240.0,0.2599999999999909,,,,,,,,,,,,,,,0.003533457240317449,0.0028251095267506233,0.002257121258550382,,,,0.08588788859557438,-0.06158579483236584,0.7833821083034412,,,,,,,,,
2018-10-19,True,True,True,-0.00017676587731481772,6.129000000000133,0.004992176561287241,1227.721,1227.504,1229.053,1222.924,0.0037906024767772064,237.0,0.2519999999999527,-0.0012865535766555906,4.901000000000067,0.003989455334746778,1228.4885,1226.909,1230.785,1225.884,0.0029081810145602815,240.0,0.25100000000009004,0.0022515481005602397,4.130999999999858,0.003369503909676625,1225.9965,1228.76,1229.136,1225.005,0.002556463998733081,353.0,0.2559999999998581,4.135999999999967,0.0034671749625621406,0.0020401680636262342,0.0017874573496835622,0.003737963676150333,0.00284797228903412,0.002257121258550382,0.9987911025144803,-0.0012096287915269904,1.1036091294156887,0.28933100775888126,0.5184347493744709,-0.06206727431844756,1.0,0.5031431334623181,0.25120889748549213,-5.664415148435139,-0.0013349573775332535,0.0,0.0,-0.0,-0.0
2018-10-22,False,True,True,-0.002298719734738844,5.625,0.004587266319556719,1226.2205,1223.405,1227.796,1222.171,0.0024051677790663446,236.0,0.2515000000000782,-0.0009762001879089266,4.537000000000035,0.0037106950130941932,1222.682,1221.489,1224.474,1219.937,0.002726838231342862,240.0,0.25,,,,,,,,,,,,,,,0.0038910891600394027,0.00285369733024873,0.002262274695308113,,,,0.16459516539913285,0.06124885428092599,-0.8055233154451198,,,,,,,,,
2018-10-23,False,True,True,0.0039943510509711,7.308999999999969,0.0059445430818742834,1229.531,1234.452,1236.609,1229.3,0.0037594204421254867,239.0,0.25,-0.0026584374847858578,8.480000000000018,0.006856589340024991,1236.7665,1233.4830000000002,1239.727,1231.247,0.0035931504255792197,240.0,0.25699999999983447,,,,,,,,,,,,,,,0.0038910891600394027,0.0027569289267320805,0.002262274695308113,,,,0.4237845614726729,0.5078939983397288,1.448840777954256,,,,,,,,,
2018-10-24,True,False,True,,,,,,,,,,,0.0005585486998553848,7.6159999999999854,0.006202762574928318,1227.84,1228.5259999999998,1233.051,1225.435,0.0036917717545445826,239.0,0.25500000000010914,0.001844433834448203,2.8199999999999363,0.002290914452623715,1230.9495000000002,1233.222,1233.615,1230.795,0.002001898226460286,354.0,0.26149999999995543,4.018499999999904,0.0033347629168926857,0.002109608864978747,0.0022515481005602397,,,,0.7017543859649132,-0.35417181372061246,0.8743013290602496,,,,,,,-5.703353691529021,-0.3096528874516106,0.0,0.0,-0.0,-0.0
2018-10-25,True,True,True,-0.001781826614369316,5.4909999999999854,0.004444327533422489,1235.5075,1233.308,1235.393,1229.902,0.0029282393896673873,240.0,0.25,-0.0018416218946801985,7.30600000000004,0.005929646120407722,1232.114,1229.847,1235.42,1228.114,0.004485431045273401,240.0,0.26500000000010004,0.001810320450364395,2.9859999999998763,0.0024170260299779837,1235.4025000000001,1237.641,1237.888,1234.902,0.0024853970930543852,355.0,0.2699999999999818,3.995999999999867,0.003301607792102412,0.0020967314688934337,0.001844433834448203,0.004038881118202192,0.002844354419946876,0.002288602660132255,0.7472472472472411,-0.29135916166931664,0.8634011923900802,0.09566086877678166,0.24645991228197486,-0.6264432455652257,1.0,1.2512512512512928,0.5339089089089617,-5.713345719429822,-0.25155984759906214,0.0,0.0,-0.0,-0.0
2018-10-26,True,True,True,0.0041727898533953705,7.296000000000049,0.0059245136088822625,1231.4935,1236.643,1238.512,1231.216,0.0025509756935193605,240.0,0.25,0.003866754647428757,11.592999999999847,0.009384468554785244,1235.339,1240.125,1243.418,1231.825,0.0053438802688068445,240.0,0.26099999999996726,0.00044803922716013197,3.0,0.0024355413680760604,1231.759,1232.3110000000001,1232.961,1229.961,0.0018064117921486938,355.0,0.2559999999998581,3.8179999999999836,0.003200199481554978,0.001968226208795898,0.001810320450364395,0.004295131909215817,0.0028787388088906125,0.0023267910437445227,0.7857517024620254,-0.24111443663544183,0.22763604364064888,0.32161632508525867,0.09198582702347159,1.4495201303113185,1.0,1.4539025667888827,0.2141173389209305,-5.744542133133457,-0.054886336420335906,0.0,0.0,-0.0,-0.0
2018-10-29,True,True,True,-0.0014522500226812922,4.087999999999965,0.003321662553861202,1230.7089999999998,1228.923,1231.662,1227.574,0.002979711856591167,239.0,0.25,0.001293897434014763,3.2829999999999018,0.0026716622328845584,1228.823,1230.414,1231.956,1228.673,0.002449509328257245,240.0,0.25,0.0007070074704603245,3.7339999999999236,0.003028554303300648,1232.9315000000001,1233.8035,1235.393,1231.659,0.0018960398063169054,356.0,0.25499999999988177,3.8179999999999836,0.003200199481554978,0.0019688389555983805,0.00044803922716013197,0.004499923033358257,0.0029689883875147027,0.002374334684948502,0.9779989523310476,-0.022246680184041127,0.3590986801891305,-0.3035948661112101,0.22710933783436693,-0.489139677604785,1.0,1.069931901519134,0.8105028810896192,-5.744542133133457,-0.007988753492678852,0.0,0.0,-0.0,-0.0
2018-10-30,False,True,True,-0.0025294607579928368,5.003999999999905,0.0040877694086334975,1224.1395,1221.047,1224.706,1219.702,0.0025651632370196358,240.0,0.25,0.0027689477051862327,5.716999999999871,0.004681633371684897,1221.155,1224.541,1226.523,1220.806,0.002739946171646113,240.0,0.25,,,,,,,,,,,,,,,0.004499923033358257,0.003021557786054454,0.0024760135974396555,,,,-0.09606084851140893,0.03537227025796879,-0.8371379722298157,,,,,,,,,
2018-10-31,True,False,True,,,,,,,,,,,-0.0015964015383071717,6.858999999999924,0.005628077534378473,1218.711,1216.767,1218.664,1211.805,0.004066887755335347,240.0,0.2535000000000309,-0.003922366607582656,7.854000000000042,0.006423467985710395,1222.704,1217.9175,1222.854,1215.0,0.002755382331743261,353.0,0.2559999999998581,3.7545000000000073,0.0030976207959412024,0.0018290069977339324,0.0007070074704603245,,,,2.0918897323212216,0.7380678355980197,-2.1445334066202664,,,,,,,-5.777120947338823,-1.5828111297918679,0.0,0.0,0.0,0.0
2018-11-01,False,True,True,0.0005645786456342846,4.401999999999816,0.0035950497422743114,1224.4615,1225.153,1226.725,1222.323,0.0026885132888391527,238.0,0.25,0.0044755120132317985,8.744000000000142,0.007137035738641279,1225.1585,1230.654,1233.604,1224.86,0.003951248276317269,240.0,0.25099999999997635,,,,,,,,,,,,,,,0.004499923033358257,0.0030864648820544765,0.002548917554666163,,,,-0.2245024653387499,0.05331957941708423,0.18292080655668375,,,,,,,,,
2018-11-02,True,True,True,0.0011254783913828563,3.495999999999867,0.0028333123293254447,1233.8915000000002,1235.281,1236.368,1232.872,0.0027416995567867077,239.0,0.25,-0.0030969716612797445,6.817000000000007,0.005518166968059881,1235.374,1231.554,1236.417,1229.6,0.004781184335021306,240.0,0.25299999999992906,0.0006947518548104074,3.405999999999949,0.0027621318694953105,1233.1055,1233.9625,1234.452,1231.046,0.002698786105414492,354.0,0.2699999999999818,3.7545000000000073,0.0030976207959412024,0.0020072432814126867,0.003922366607582656,0.004295131909215817,0.0029857290434995264,0.002558069465269498,0.9071780530030477,-0.09741653831732192,0.34612239644486187,-0.41603580561694203,0.06932514543321586,0.3769526219511536,1.0,0.5103209481954818,0.018910640564632455,-5.777120947338823,-0.03371804569575417,0.0,0.0,-0.0,-0.0
2018-11-05,False,True,True,-0.00029292176277324216,3.561000000000149,0.002889035012816614,1232.5915,1232.2305000000001,1234.334,1230.773,0.0016106371684076858,238.0,0.25,0.0008581293227168324,6.54099999999994,0.005322685250359828,1228.891,1229.946,1233.251,1226.71,0.003300274188470901,239.0,0.25,,,,,,,,,,,,,,,0.004295131909215817,0.0029665028690462596,0.0026062489507487196,,,,-0.3965597264727047,-0.4812821464941994,-0.09874312471756262,,,,,,,,,
2018-11-06,False,True,True,0.003077957850703113,4.257000000000062,0.0034552533730724502,1232.0369999999998,1235.835,1235.883,1231.626,0.0018841355463756716,240.0,0.25,-0.007277399975167118,10.597999999999956,0.008583259970406426,1234.729,1225.7759999999998,1235.691,1225.093,0.003002642163750257,239.0,0.25,,,,,,,,,,,,,,,0.004295131909215817,0.0029813062871947085,0.0026062489507487196,,,,-0.21758647752023566,-0.3244428843490228,1.032419199571524,,,,,,,,,
2018-11-07,True,True,True,0.0018884489564869587,5.507000000000062,0.004475285566614923,1230.536,1232.862,1235.829,1230.322,0.00326499436707224,239.0,0.25,-0.003968315646562886,6.098999999999933,0.004949753790530163,1232.1825,1227.3025,1232.301,1226.202,0.0033848054489366134,240.0,0.25,0.0008102941574933234,9.32899999999995,0.007596481792342977,1228.0684999999999,1229.0639999999999,1232.155,1222.826,0.005511642927148623,360.0,0.2760000000000673,3.675999999999931,0.002988864365047278,0.0020106982516963343,0.0006947518548104074,0.004116852846821321,0.0029831289137892325,0.0026062489507487196,2.53781284004356,0.9313026234853968,0.40299142688850265,0.0834811641277914,0.22534603350656365,0.6330430266549264,1.0,0.9994559303590989,0.40043525571279515,-5.8128617747469935,0.375306973103386,0.0,0.0,0.0,0.0
2018-11-08,True,True,True,-0.0014326837249274225,3.826000000000022,0.0031228752653750364,1225.153,1223.399,1225.587,1221.761,0.00204248502198544,238.0,0.25,-0.0002674538673335176,7.149000000000115,0.005837471849651511,1224.674,1224.3465,1226.247,1219.098,0.003354260223682974,240.0,0.25,-0.0011143276292616615,4.192999999999984,0.0034198267575956025,1226.0855000000001,1224.72,1226.837,1222.644,0.0020047452257736806,358.0,0.27500000000009095,3.675999999999931,0.002988864365047278,0.0019832851653183866,0.0008102941574933234,0.004295131909215817,0.0028974089919834166,0.002667923976658478,1.1406420021762955,0.13159126369519986,-0.5618595090347348,-0.3187281303770771,-0.26713341859371337,-0.4944706559865686,1.0,0.24020674646356224,0.11779107725788925,-5.8128617747469935,-0.07393580281304532,0.0,0.0,0.0,0.0
2018-11-09,True,True,True,-0.0006035260535794761,3.796000000000049,0.0031118120977024146,1219.868,1219.132,1221.722,1217.926,0.0023139003022125248,236.0,0.25,-0.009330850502399204,11.585000000000036,0.009505711221662385,1218.741,1207.422,1218.688,1207.103,0.0043801378652370115,240.0,0.2640000000001237,-0.0024037720448804433,5.557999999999993,0.0045442262857899665,1223.0905,1220.154,1223.296,1217.738,0.0024036167357120134,353.0,0.25900000000001455,3.7545000000000073,0.0030976207959412024,0.001988245535064085,0.0011143276292616615,0.004266048471027993,0.002827620270294885,0.002667923976658478,1.4803569050472718,0.39228321076250716,-1.2089915468126349,-0.3154827575796071,-0.14236608990823893,-0.21343956963377406,0.0,0.0,0.07617525635905117,-5.777120947338823,-0.4742670857683904,0.0,0.0,0.0,0.0
2018-11-12,False,True,True,0.0017975395348715313,3.77599999999984,0.003134308350034709,1204.7315,1206.899,1207.716,1203.94,0.0021389513651310648,237.0,0.25,-0.0023823493454220245,4.295000000000073,0.0035597393889515243,1206.549,1203.678,1206.684,1202.389,0.00288533909252669,240.0,0.2539999999999054,,,,,,,,,,,,,,,0.004266048471027993,0.002799587717033717,0.002667923976658478,,,,-0.3082794544113624,-0.22098494049893702,0.6420729466466231,,,,,,,,,
2018-11-13,True,True,True,-0.003605375234114632,7.296000000000049,0.00606547823419434,1202.873,1198.544,1203.41,1196.114,0.00284056897224312,240.0,0.25,0.002040470581905008,5.5090000000000146,0.004589081833766791,1200.458,1202.91,1204.349,1198.84,0.004089503438113889,240.0,0.2540000000000191,0.001485617935922384,3.7870000000000346,0.0031497713359164466,1202.3094999999998,1204.097,1205.18,1201.393,0.0018627526452772122,358.0,0.25900000000001455,3.7974999999999,0.0031311329889144235,0.0020019552171613385,0.0024037720448804433,0.003969060888658531,0.0023109876751847857,0.0026062489507487196,0.99723502304151,-0.0027688065680976353,0.7420835007632727,0.4240838760210597,0.0860923704719209,-1.5601014548147027,1.0,1.3901250822910165,0.3223173140223739,-5.766360362639095,-0.002054685670990236,0.0,1.0,-0.0,-0.0027688065680976353
2018-11-14,True,True,True,-0.0016604293367367988,4.274000000000115,0.0035560614248458483,1201.8915000000002,1199.8975,1201.842,1197.568,0.0024043213606320803,238.0,0.2560000000000855,0.0017867433918993467,5.304000000000087,0.004415902410554945,1201.1135,1203.2615,1203.67,1198.366,0.003655965082959942,240.0,0.26099999999996726,-0.0008888065427246461,3.0370000000000346,0.0025239534568688472,1203.271,1202.202,1204.528,1201.491,0.002125685806895725,353.0,0.26099999999996726,3.760499999999979,0.003089162819608547,0.00205110326368184,0.001485617935922384,0.003969060888658531,0.002504588705465918,0.0026268382629293942,0.8076053716261272,-0.21368174122069208,-0.43333095825179996,-0.10987592365991737,-0.08851325638776984,-0.6629548927986226,1.0,1.0432123387847423,0.08256880733940211,-5.779855156946751,0.09259491368407564,0.0,0.0,-0.0,-0.0
2018-11-15,False,True,True,-0.0013440906626106886,7.4500000000000455,0.006146651683687567,1212.042,1210.414,1216.452,1209.002,0.0037886887605762653,240.0,0.25,0.002728480890371003,9.055999999999813,0.007480835315886708,1210.56,1213.8675,1215.812,1206.756,0.004163249251835363,240.0,0.2580000000000382,,,,,,,,,,,,,,,0.0037227010554789384,0.0022787367466848103,0.002558069465269498,,,,0.5014579968878032,0.39276712689446064,-0.5898402545033431,,,,,,,,,
2018-11-16,True,True,True,0.0009865760261161226,3.5270000000000437,0.0029023515466110855,1215.2215,1216.421,1218.236,1214.709,0.002422072597111489,239.0,0.25,0.004139497672032292,9.799999999999955,0.00806090755948617,1215.744,1220.787,1225.261,1215.461,0.0038438658879525007,239.0,0.2540000000001328,0.0006056191013989022,3.099999999999909,0.0025533485106564485,1214.092,1214.8275,1216.81,1213.71,0.0020830575082322615,353.0,0.26500000000010004,3.760499999999979,0.003089162819608547,0.002052315990725477,0.0008888065427246461,0.003969060888658531,0.002241632658201194,0.0026268382629293942,0.8243584629703301,-0.19314981579324392,0.2950905728629152,-0.31300822819096924,-0.08115732287812263,0.44011494144977525,1.0,0.379204892966405,0.10477330142268519,-5.779855156946751,-0.05699668979079489,0.0,0.0,-0.0,-0.0
2018-11-19,True,True,True,0.0009428584701623443,4.569999999999936,0.0037437213819328462,1220.7105000000001,1221.862,1223.04,1218.47,0.0021054282386410994,239.0,0.25,0.0018388960021740262,4.736000000000104,0.003880268800377624,1220.534,1222.7804999999998,1223.911,1219.175,0.002971834578723292,240.0,0.25099999999997635,-0.0034152298553228886,5.678000000000111,0.004644020455609741,1222.6475,1218.479,1223.548,1217.87,0.001908297957757818,354.0,0.26400000000001,3.760499999999979,0.003089162819608547,0.002055758870441321,0.0006056191013989022,0.0037227010554789384,0.002221997797541782,0.002558069465269498,1.5099055976599236,0.41204713076648386,-1.6612988538824704,0.005630643635836502,-0.19473397364666972,0.4243291650448249,0.0,0.0,0.5934051322962661,-5.779855156946751,-0.6845334260879201,0.0,0.0,0.0,0.0
2018-11-20,False,True,True,-0.00031029970709270773,4.498000000000047,0.0036723988365566546,1224.8125,1224.4325,1225.976,1221.478,0.0024261271056651387,239.0,0.25,-0.0015583694455419367,8.372000000000071,0.006830761598913924,1225.632,1223.7235,1228.731,1220.359,0.0034623299163253703,240.0,0.25349999999991724,,,,,,,,,,,,,,,0.003669385562103579,0.002177084397217697,0.002558069465269498,,,,0.0008208562002508818,-0.05295665662326279,-0.14252993934882324,,,,,,,,,
2018-11-21,False,True,True,0.00048644157508338163,3.3379999999999654,0.0027296419655057362,1222.871,1223.466,1225.427,1222.089,0.0024219075764282468,239.0,0.25,0.0011053802277924784,6.991000000000213,0.005710476940406516,1224.241,1225.595,1229.909,1222.918,0.0035240048154215288,239.0,0.25099999999997635,,,,,,,,,,,,,,,0.003633724289415483,0.0021780811092815904,0.0024885513995922494,,,,-0.2860876449398635,-0.027145289570949003,0.22333492219847936,,,,,,,,,
2018-11-22,False,False,False,,,,,,,,,,,,,,,,,,,,,,,,,,,,,,,,,,,,,,,,,,,,,,,,,,,,
2018-11-23,False,False,True,,,,,,,,,,,-0.0005062651440717895,5.542999999999893,0.004532338393885712,1222.989,1222.37,1225.293,1219.75,0.0029226324882177268,237.0,0.25,,,,,,,,,,,,,,,,,,,,,,,,,,,,,,,,
2018-11-26,False,True,True,-0.0008134176867208391,2.905999999999949,0.0023675658148263304,1227.4209999999998,1226.423,1228.031,1225.125,0.0016620086669061319,238.0,0.25,-0.002458099970247584,4.570999999999913,0.0037307768275582167,1225.214,1222.2060000000001,1226.557,1221.986,0.0025954283309555966,240.0,0.25,,,,,,,,,,,,,,,0.00357555558356008,0.002107084362761113,0.0024885513995922494,,,,-0.4122582270754662,-0.40367386278774475,-0.38603944915377786,,,,,,,,,
2018-11-27,False,True,True,0.002726575223473736,5.538000000000011,0.0045386095283755385,1220.1975,1223.529,1224.925,1219.387,0.002198778498689588,239.0,0.25,-0.009485053631979698,12.86700000000019,0.010511181456142297,1224.125,1212.569,1225.226,1212.359,0.004225041690325256,240.0,0.25900000000001455,,,,,,,,,,,,,,,0.0035056573989591493,0.0019172634431451104,0.002424099851388314,,,,0.25824263062968106,-0.09755828187579883,1.422118193106012,,,,,,,,,
2018-11-28,False,True,True,0.0014312662186501558,2.83199999999988,0.0023345312369263817,1213.0915,1214.8290000000002,1215.135,1212.303,0.001476240890864417,236.0,0.25,3.212425331978774e-05,4.086999999999989,0.003366511081192051,1214.0165,1214.0555,1215.11,1211.023,0.0030117753310964584,240.0,0.25649999999996,,,,,,,,,,,,,,,0.0035056573989591493,0.001966005688836502,0.002421990086769868,,,,-0.40656694732680937,-0.4950906340746192,0.7280071602932088,,,,,,,,,
2018-11-29,False,True,True,-0.0006812603497882561,2.8200000000001637,0.002299999918439853,1226.087,1225.252,1227.314,1224.494,0.0017134039069690726,240.0,0.25,0.00010188491170711199,4.559999999999945,0.0037169509264662766,1226.812,1226.937,1228.964,1224.404,0.0031392362461841396,240.0,0.25,,,,,,,,,,,,,,,0.0033884579634668264,0.001757990765566797,0.0024131144685301635,,,,-0.38746585239640763,-0.34243624299275094,-0.38752214353561165,,,,,,,,,
2018-11-30,True,True,True,-0.0016274939659464843,3.880999999999858,0.0031698478130009157,1224.349,1222.358,1224.473,1220.592,0.0016516950414570308,237.0,0.25,-0.0003691255572146294,5.839999999999918,0.004778925592783101,1222.032,1221.581,1222.384,1216.544,0.0034140618589834685,240.0,0.25900000000001455,0.00021479882294411806,2.4149999999999636,0.001972604082432767,1224.27,1224.533,1225.404,1222.989,0.0013918379885396305,354.0,0.3669999999999618,3.8239999999999554,0.003191741505222323,0.0021532104904682238,0.0034152298553228886,0.0032947808615535795,0.0017315896955015081,0.0023591108314223027,0.6315376569037635,-0.4595977080846223,0.09975746630205634,-0.038656081166110544,-0.35648272324086305,-0.9398842983268763,1.0,0.6268305439330446,0.04811715481170795,-5.747188584747007,-0.04584830287675404,0.0,1.0,-0.0,-0.4595977080846223
2018-12-03,False,True,True,-0.0021310272346063536,4.143000000000029,0.0033636328208725705,1231.7040000000002,1229.082,1232.016,1227.873,0.002375757898203163,238.0,0.25,0.004043959199488033,6.850000000000136,0.005573176828764863,1229.1015,1234.082,1234.949,1228.099,0.0033955614066999732,240.0,0.2545000000000073,,,,,,,,,,,,,,,0.0031520780815178125,0.0016705075535830434,0.0022563394004510564,,,,0.06495964284724456,0.05157273583046542,-1.2756765032492965,,,,,,,,,
2018-12-04,False,True,True,0.001994865872836805,5.09699999999998,0.004121473914110473,1236.6935,1239.163,1241.097,1236.0,0.001970169509862445,239.0,0.25,-0.0007642881697948059,4.540000000000191,0.0036626638215138665,1239.535,1238.588,1241.938,1237.398,0.003291262147080082,239.0,0.25,,,,,,,,,,,,,,,0.0031520780815178125,0.0017410907137062324,0.0022563394004510564,,,,0.26814890178490575,-0.13562418111903748,1.145756425631819,,,,,,,,,
2018-12-05,False,False,True,,,,,,,,,,,-0.00018418318847320068,3.3489999999999327,0.0027051434073336383,1238.0120000000002,1237.784,1238.668,1235.319,0.0020224314877951414,240.0,0.2504999999999882,,,,,,,,,,,,,,,,,,,,,,,,,,,,,,,,
2018-12-06,False,True,True,0.0011527262196527413,3.0329999999999018,0.002455763067849585,1235.054,1236.4785,1237.696,1234.663,0.001986681168121924,239.0,0.25,0.0038084367528739057,8.537000000000035,0.006904326911023416,1236.471,1241.1889999999999,1244.271,1235.734,0.004984788654366501,240.0,0.25,,,,,,,,,,,,,,,0.003266740316936743,0.0017811138007758787,0.002168864931910326,,,,-0.28535510786929175,-0.08773846607691704,0.6471940305838949,,,,,,,,,
2018-12-07,False,False,True,,,,,,,,,,,0.004117024366764847,7.445000000000164,0.006000083815811662,1240.816,1245.935,1246.757,1239.312,0.005373424715747079,240.0,0.27299999999991087,,,,,,,,,,,,,,,,,,,,,,,,,,,,,,,,
2018-12-10,False,False,True,,,,,,,,,,,-0.0006570431610464244,3.747000000000071,0.0030050453002359212,1246.903,1246.084,1247.053,1243.306,0.003102464483550915,240.0,0.25,,,,,,,,,,,,,,,,,,,,,,,,,,,,,,,,
2018-12-11,False,False,True,,,,,,,,,,,-0.002123278195036052,5.666999999999916,0.004546946196475828,1246.3310000000001,1243.6875,1247.591,1241.924,0.002953718224106347,239.0,0.25,,,,,,,,,,,,,,,,,,,,,,,,,,,,,,,,
2018-12-12,False,False,True,,,,,,,,,,,0.00036826888140595716,3.229000000000042,0.0025940222608723928,1244.785,1245.2435,1246.737,1243.508,0.0024642623196562425,239.0,0.25700000000006185,,,,,,,,,,,,,,,,,,,,,,,,,,,,,,,,
2018-12-13,False,False,True,,,,,,,,,,,0.0005210461517315924,4.195999999999913,0.0033774198235064015,1242.3685,1243.016,1244.154,1239.958,0.0035499794667088573,240.0,0.2599999999999909,,,,,,,,,,,,,,,,,,,,,,,,,,,,,,,,
2018-12-14,False,True,True,-0.00012636184680326324,2.2920000000001437,0.001850498754627372,1238.585,1238.4285,1239.823,1237.531,0.0017734517356081468,237.0,0.25900000000001455,0.0016060124798682755,7.384999999999991,0.005964789568523996,1238.099,1240.089,1240.12,1232.735,0.003267892370584828,239.0,0.25099999999997635,,,,,,,,,,,,,,,0.003266740316936743,0.0017960988626921062,0.002168864931910326,,,,-0.5683374429039596,-0.20127617719302662,-0.07035350304373789,,,,,,,,,
2018-12-17,False,False,True,,,,,,,,,,,0.002400049644408184,4.889000000000124,0.003942921592798481,1239.9435,1242.923,1244.123,1239.234,0.002405196517627646,240.0,0.25,,,,,,,,,,,,,,,,,,,,,,,,,,,,,,,,
2018-12-18,False,True,True,0.0008554245084919844,2.9090000000001055,0.002330987388308608,1247.969,1249.037,1250.354,1247.445,0.001701161872436786,237.0,0.25,0.0008735423818795169,3.8350000000000364,0.0030747694123382328,1247.248,1248.338,1248.951,1245.116,0.0027537721038214083,240.0,0.25,,,,,,,,,,,,,,,0.0031520780815178125,0.0016551578485128591,0.002168864931910326,,,,-0.30176999412598793,-0.24289248586148462,0.5168235218535645,,,,,,,,,
2018-12-19,False,True,True,-0.0011368086206317578,5.130000000000109,0.00410458777696975,1249.821,1248.401,1251.374,1246.244,0.0020552923231855363,237.0,0.25,0.005997299783170362,10.95900000000006,0.008782558939072697,1247.814,1255.32,1258.036,1247.077,0.004069546486837831,240.0,0.25,,,,,,,,,,,,,,,0.0031285918077048726,0.001607017891606929,0.002122189801886082,,,,0.2715223164983923,-0.032030393444508094,-0.707402591202648,,,,,,,,,
2018-12-20,False,True,True,0.006030238042701153,8.795999999999822,0.00704478596937474,1248.583,1256.135,1257.023,1248.227,0.0033201458824572575,237.0,0.25,0.004373395233138085,8.615999999999985,0.00686737423363737,1254.628,1260.127,1261.992,1253.376,0.004217368089298981,240.0,0.2545000000000073,,,,,,,,,,,,,,,0.0031520780815178125,0.0015954052321788335,0.002122189801886082,,,,0.804225820644801,0.44756024146072065,3.7797532069427278,,,,,,,,,
2018-12-21,False,True,True,-0.0010623451621977655,7.238000000000056,0.005737343343694893,1261.5594999999998,1260.22,1262.672,1255.434,0.003759567444478153,240.0,0.25,-0.0017182960609844983,5.360999999999876,0.004255143516839111,1259.887,1257.724,1262.072,1256.711,0.0029507989211307326,240.0,0.25,,,,,,,,,,,,,,,0.003266740316936743,0.0020934143456098992,0.002122189801886082,,,,0.563203628327428,0.5718554284203496,-0.5074700880050862,,,,,,,,,
2018-12-24,False,True,True,-0.0013982815977770279,6.122000000000071,0.004848001070646486,1262.7885,1261.024,1265.316,1259.194,0.002202970125576935,238.0,0.25,0.004295048178939454,6.891000000000076,0.005457876299225693,1262.579,1268.0135,1268.344,1261.453,0.0023205747737674357,240.0,0.26149999999995543,,,,,,,,,,,,,,,0.003459847122859209,0.0020796576924738386,0.0021521033686653437,,,,0.33734206566116337,0.02336083202465723,-0.6723614193034404,,,,,,,,,
2018-12-25,False,False,False,,,,,,,,,,,,,,,,,,,,,,,,,,,,,,,,,,,,,,,,,,,,,,,,,,,,
2018-12-26,False,False,True,,,,,,,,,,,0.003204080101245079,7.060999999999922,0.0055505922610074795,1272.1165,1276.199,1278.934,1271.873,0.00360914429786389,240.0,0.28499999999996817,,,,,,,,,,,,,,,,,,,,,,,,,,,,,,,,
2018-12-27,True,True,True,0.003327015184282436,7.108999999999924,0.005611354685528462,1266.8955,1271.1175,1273.725,1266.616,0.002938473856979297,237.0,0.25,0.0014811112020436516,6.679000000000087,0.00524485889570559,1273.4375,1275.325,1276.663,1269.984,0.005293658170515442,240.0,0.265999999999849,-0.00017059598912292102,4.1740000000002055,0.0032887155848010012,1269.1885,1268.972,1272.294,1268.12,0.0020433669376149492,354.0,0.25649999999996,3.760499999999979,0.003089162819608547,0.0017438482584969444,0.00021479882294411806,0.003459847122859209,0.001925209146145349,0.0021521033686653437,1.1099587820769123,0.10432288137074311,-0.09782731283624466,0.48356776335629276,0.31144467539555776,1.7281318193110504,1.0,0.39994681558301126,0.5521872091476953,-5.779855156946751,-0.010205627151834125,0.0,0.0,0.0,0.0
2018-12-28,False,True,True,-0.0018037489807915421,6.260999999999967,0.004887629792293273,1280.989,1278.6805,1282.11,1275.849,0.002721704268156427,237.0,0.2579999999998108,0.0016000563491963607,3.6790000000000873,0.002880136530527637,1277.37,1279.4155,1279.595,1275.916,0.0027021948806658456,240.0,0.2665000000000646,,,,,,,,,,,,,,,0.0035180158287146128,0.0019912742425942927,0.0021521033686653437,,,,0.32881033527119613,0.23481257835817623,-0.9058265015478547,,,,,,,,,
2018-12-31,False,False,True,,,,,,,,,,,-0.001500808071719489,5.739000000000033,0.004469840261040566,1283.9385,1282.013,1284.008,1278.269,0.0032327397876989175,240.0,0.2720000000000482,,,,,,,,,,,,,,,,,,,,,,,,,,,,,,,,
2019-01-01,False,False,False,,,,,,,,,,,,,,,,,,,,,,,,,,,,,,,,,,,,,,,,,,,,,,,,,,,,
2019-01-02,False,True,True,0.0007308989799266954,3.867999999999938,0.0030086709305061094,1285.6175,1286.5575,1288.7,1284.832,0.002435748482896133,238.0,0.25,-0.00011630202364996262,7.129000000000133,0.005545611468035242,1285.521,1285.3715000000002,1287.708,1280.579,0.003619952102760634,240.0,0.25,,,,,,,,,,,,,,,0.0035180158287146128,0.0020157571025544293,0.0021521033686653437,,,,-0.15639871573419983,0.12380841956198242,0.3625927841209031,,,,,,,,,
2019-01-03,False,True,True,-0.0019782308004542342,5.139000000000124,0.003984338657156244,1289.8,1287.251,1290.68,1285.541,0.0022788913732161025,239.0,0.25,0.0009455282208575831,6.84699999999998,0.005315628545709382,1288.0885,1289.307,1291.32,1284.473,0.00515188433570705,240.0,0.25699999999994816,,,,,,,,,,,,,,,0.0035180158287146128,0.0020129313985915703,0.0021521033686653437,,,,0.12447419476035905,0.0572434099835587,-0.982761162073573,,,,,,,,,
2019-01-04,False,False,True,,,,,,,,,,,-0.004447892530824307,15.317000000000007,0.01186129479154648,1291.343,1285.612,1291.744,1276.427,0.0056238600369952945,240.0,0.30600000000004,,,,,,,,,,,,,,,,,,,,,,,,,,,,,,,,
2019-01-07,False,True,True,-0.00030899752234679064,2.65300000000002,0.0020542450784841017,1291.472,1291.073,1292.377,1289.724,0.0018871354670949507,237.0,0.25,-0.0034056014251509273,9.07400000000007,0.007021706234376003,1292.2785,1287.885,1295.056,1285.982,0.0030248524821986705,240.0,0.25,,,,,,,,,,,,,,,0.0035180158287146128,0.002078614887742264,0.0022008743121332613,,,,-0.5379887236019442,-0.15379464254891018,-0.14865549369869832,,,,,,,,,
2019-01-08,False,False,True,,,,,,,,,,,0.001482645800505042,7.116999999999962,0.00554903650107399,1282.565,1284.468,1286.327,1279.21,0.0034750518309757533,240.0,0.25,,,,,,,,,,,,,,,,,,,,,,,,,,,,,,,,
2019-01-09,True,False,True,,,,,,,,,,,0.005444367935691344,10.256000000000085,0.008001959918420024,1281.686,1288.683,1291.709,1281.453,0.003583239326679779,240.0,0.25,-0.0019717300963270263,5.601000000000113,0.004358198642352348,1285.164,1282.6325000000002,1287.085,1281.484,0.0020756781699761487,353.0,0.2520000000001801,3.8239999999999554,0.003191741505222323,0.0017412621947131084,0.00017059598912292102,,,,1.4646966527197118,0.3816481580385722,-1.1323568054906803,,,,,,,-5.747188584747007,-0.43216188905795994,0.0,0.0,0.0,0.0
2019-01-10,True,True,True,-0.0017109423915623694,5.45699999999988,0.0042125220053518255,1295.4234999999999,1293.209,1296.985,1291.528,0.002092121342831606,237.0,0.25,-0.0036893568214429783,6.480000000000018,0.005007971794608252,1293.937,1289.172,1294.538,1288.058,0.0026765100960603554,240.0,0.25,0.002523372646428653,5.572999999999865,0.004309921481010488,1293.063,1296.33,1297.061,1291.488,0.0021303727370955996,353.0,0.25300000000015643,3.9589999999999463,0.003219243460358724,0.0017782275977563033,0.0019717300963270263,0.003266740316936743,0.0020785953355997463,0.002127035410937562,1.4076787067441123,0.3419420404633951,1.4190380633010893,0.2542688767319247,-0.016550636595008144,-0.823124329329212,0.0,0.0,0.2289719626168384,-5.738608897230097,0.4852287708603989,0.0,0.0,0.0,0.0
2019-01-11,False,False,True,,,,,,,,,,,-0.0020653049404217648,6.372000000000071,0.004931186270685964,1292.184,1289.518,1293.22,1286.848,0.0029394174666380556,240.0,0.25,,,,,,,,,,,,,,,,,,,,,,,,,,,,,,,,
2019-01-14,True,True,True,0.001869811707746258,3.9980000000000473,0.0030913036401685814,1293.3055,1295.726,1295.846,1291.848,0.001631702601512353,238.0,0.25,-0.0035436457246155284,7.3810000000000855,0.005698245440670299,1295.311,1290.729,1295.717,1288.336,0.003790820003970463,240.0,0.25,0.002802902713414003,4.870999999999867,0.003780998599687543,1288.284,1291.9,1292.733,1287.862,0.0023014903039987626,355.0,0.2719999999999345,3.9589999999999463,0.003219243460358724,0.0018506738434064713,0.002523372646428653,0.0036739857390144072,0.0021248560199170876,0.0020737068330085712,1.2303612023238022,0.20730778670039826,1.5145308955438614,-0.17268421322761002,-0.2397137359261568,0.8799710146098363,1.0,0.7863096741601664,0.3550138923970362,-5.738608897230097,0.31397404784457,0.0,0.0,0.0,0.0
2019-01-15,False,True,True,0.0010965291498723515,4.951000000000022,0.0038387939162366188,1289.728,1291.143,1291.193,1286.242,0.0021655999492424484,237.0,0.25,-0.0021986561772740425,7.823000000000093,0.006060385391860578,1290.842,1288.007,1294.621,1286.798,0.0031049700330198506,240.0,0.25,,,,,,,,,,,,,,,0.0036739857390144072,0.002143886100738785,0.0020737068330085712,,,,0.04388112776256014,0.043359689483057406,0.5114680063901186,,,,,,,,,
2019-01-16,False,False,True,,,,,,,,,,,0.004467149243556064,6.0490000000002055,0.0046928142300341705,1288.992,1294.763,1294.909,1288.86,0.002339712851588944,240.0,0.25,,,,,,,,,,,,,,,,,,,,,,,,,,,,,,,,
2019-01-17,False,False,True,,,,,,,,,,,-0.0018819723792625508,5.432999999999993,0.0041985781402686705,1294.0095000000001,1291.5765000000001,1294.019,1288.586,0.0033698341750619107,240.0,0.25,,,,,,,,,,,,,,,,,,,,,,,,,,,,,,,,
2019-01-18,False,False,True,,,,,,,,,,,-0.0027428546799027273,4.755999999999858,0.0036982662627292047,1286.0079999999998,1282.4855,1285.877,1281.121,0.003236501482328288,240.0,0.25149999999996453,,,,,,,,,,,,,,,,,,,,,,,,,,,,,,,,
2019-01-21,False,False,False,,,,,,,,,,,,,,,,,,,,,,,,,,,,,,,,,,,,,,,,,,,,,,,,,,,,
2019-01-22,False,False,True,,,,,,,,,,,-7.67589339299513e-05,5.095000000000027,0.003970271665546518,1283.2875,1283.189,1284.282,1279.187,0.002737970882002012,238.0,0.25,,,,,,,,,,,,,,,,,,,,,,,,,,,,,,,,
2019-01-23,False,False,True,,,,,,,,,,,6.536013827550274e-05,6.932000000000016,0.005393943874037572,1285.145,1285.2289999999998,1285.508,1278.576,0.003966011914153518,240.0,0.25,,,,,,,,,,,,,,,,,,,,,,,,,,,,,,,,
2019-01-24,False,True,True,-0.0003210968884706248,3.3989999999998872,0.0026550684154653926,1280.193,1279.782,1280.714,1277.315,0.0017359731636583614,236.0,0.25,0.002379925431121112,7.339999999999918,0.005738010567633022,1279.189,1282.237,1283.849,1276.509,0.002717286924463144,240.0,0.25,,,,,,,,,,,,,,,0.0036012133685545946,0.0020770302172198546,0.0020737068330085712,,,,-0.304800412596495,-0.17776958900026657,-0.1545942306513091,,,,,,,,,
2019-01-25,False,False,True,,,,,,,,,,,0.011435615053934367,16.822999999999865,0.013099015413125383,1284.295,1299.066,1300.245,1283.422,0.004868168007262565,240.0,0.25,,,,,,,,,,,,,,,,,,,,,,,,,,,,,,,,
2019-01-28,False,False,True,,,,,,,,,,,0.0024408621847474194,6.579999999999927,0.0050607365294422025,1300.206,1303.3835,1303.759,1297.179,0.0027676406133921045,240.0,0.25,,,,,,,,,,,,,,,,,,,,,,,,,,,,,,,,
2019-01-29,False,True,True,6.99720093129389e-05,3.4890000000000327,0.002668206359645794,1307.62,1307.7115,1309.265,1305.776,0.0018110201295990916,238.0,0.25,0.00036133391427869147,7.08199999999988,0.005411055300954522,1308.802,1309.275,1311.732,1304.65,0.0030765333987633117,240.0,0.25,,,,,,,,,,,,,,,0.0036012133685545946,0.0020604128327734767,0.0020737068330085712,,,,-0.2998643642388747,-0.13544745237281336,0.03396018904558613,,,,,,,,,
2019-01-30,False,False,True,,,,,,,,,,,-0.0005876797794639133,2.883000000000038,0.0021968651808299228,1312.3245000000002,1311.5535,1312.269,1309.386,0.0021094307992564204,240.0,0.25,,,,,,,,,,,,,,,,,,,,,,,,,,,,,,,,
2019-01-31,False,True,True,0.0021467035215770036,3.7260000000001128,0.002821426637796223,1320.6084999999998,1323.4465,1323.662,1319.936,0.001662166492205129,236.0,0.2520000000001801,-0.0013154724920869485,6.000999999999976,0.004535188520932247,1323.2085,1321.469,1326.156,1320.155,0.0028986651193202186,239.0,0.25,,,,,,,,,,,,,,,0.0036012133685545946,0.0020515093628808018,0.0020737068330085712,,,,-0.24402817854172984,-0.22121587916544072,1.0464020103532585,,,,,,,,,
2019-02-01,False,False,True,,,,,,,,,,,-0.0033380482090076013,7.383000000000038,0.005587945236168861,1321.237,1316.834,1323.45,1316.067,0.004825959589939204,240.0,0.26099999999996726,,,,,,,,,,,,,,,,,,,,,,,,,,,,,,,,
2019-02-04,False,False,True,,,,,,,,,,,0.0027916082584939056,6.375999999999976,0.004862682231418964,1311.2105000000001,1314.876,1314.937,1308.561,0.0033809575472889585,239.0,0.25,,,,,,,,,,,,,,,,,,,,,,,,,,,,,,,,
2019-02-05,False,False,True,,,,,,,,,,,-0.000167099482627784,3.842999999999847,0.0029253287569406886,1313.6985,1313.479,1316.791,1312.948,0.002863521224231518,238.0,0.25,,,,,,,,,,,,,,,,,,,,,,,,,,,,,,,,
2019-02-06,False,False,True,,,,,,,,,,,-0.0009659260461697811,3.5160000000000764,0.0026770948495619465,1313.364,1312.096,1315.106,1311.59,0.0022469093001253756,238.0,0.25,,,,,,,,,,,,,,,,,,,,,,,,,,,,,,,,
2019-02-07,False,False,True,,,,,,,,,,,0.0008677094866888543,5.5900000000001455,0.004269776550906694,1309.202,1310.3385,1311.862,1306.272,0.0035476541347402475,239.0,0.25,,,,,,,,,,,,,,,,,,,,,,,,,,,,,,,,
2019-02-08,False,False,True,,,,,,,,,,,0.0003489970366869142,3.3360000000000127,0.002539710575009212,1313.5355,1313.994,1315.317,1311.981,0.0020927336644120127,239.0,0.25,,,,,,,,,,,,,,,,,,,,,,,,,,,,,,,,
2019-02-11,False,True,True,-0.0027300044255443158,5.09900000000016,0.0038884779342795834,1311.31,1307.7350000000001,1311.314,1306.215,0.0020987661382588204,238.0,0.25,0.002286526190891234,6.66800000000012,0.005104163437334199,1306.3845000000001,1309.375,1310.314,1303.646,0.0028877389654396366,239.0,0.25,,,,,,,,,,,,,,,0.0036012133685545946,0.0020504577924232406,0.0020737068330085712,,,,0.07674696903164134,0.012011872445467494,-1.331412153730794,,,,,,,,,
2019-02-12,False,False,True,,,,,,,,,,,-0.002953358109951173,6.457000000000107,0.0049165249146062035,1313.326,1309.453,1314.682,1308.225,0.0025103075676534852,239.0,0.25099999999997635,,,,,,,,,,,,,,,,,,,,,,,,,,,,,,,,
2019-02-13,False,False,True,,,,,,,,,,,0.0029287086804473403,9.991999999999962,0.007631914417459273,1309.239,1313.079,1318.043,1308.051,0.004540335148359816,240.0,0.2580000000000382,,,,,,,,,,,,,,,,,,,,,,,,,,,,,,,,
2019-02-14,False,False,True,,,,,,,,,,,0.0052847169710009394,8.279999999999973,0.0063474078926337284,1304.4695,1311.3815,1312.508,1304.228,0.005280466181451224,240.0,0.25700000000006185,,,,,,,,,,,,,,,,,,,,,,,,,,,,,,,,
2019-02-15,False,False,True,,,,,,,,,,,-0.0012861166862255134,5.683999999999969,0.004312625925604144,1317.9905,1316.2965,1319.843,1314.159,0.003158192828342903,240.0,0.2619999999999436,,,,,,,,,,,,,,,,,,,,,,,,,,,,,,,,
2019-02-18,False,False,False,,,,,,,,,,,,,,,,,,,,,,,,,,,,,,,,,,,,,,,,,,,,,,,,,,,,
2019-02-19,False,True,True,0.002271650910017809,4.856999999999971,0.003663057533081189,1325.9415,1328.957,1330.364,1325.507,0.002366775094138937,238.0,0.25,0.0052707838547042,9.269000000000005,0.0069658523681192614,1330.634,1337.666,1339.36,1330.091,0.0029128274128742047,240.0,0.2560000000000855,,,,,,,,,,,,,,,0.003863635925258101,0.002092768360319371,0.0020737068330085712,,,,-0.05331049944918299,0.13219056235781856,1.08547651669922,,,,,,,,,
2019-02-20,False,False,True,,,,,,,,,,,0.0006753982726140611,3.711999999999989,0.002762032177079589,1343.938,1344.846,1345.818,1342.106,0.0026338868892656674,240.0,0.25500000000010914,,,,,,,,,,,,,,,,,,,,,,,,,,,,,,,,
2019-02-21,False,True,True,-0.0038113483368730056,8.349999999999909,0.006235608160357371,1339.0835,1333.9895000000001,1340.293,1331.943,0.002560170548821201,238.0,0.25,-0.0030558460742443664,7.2719999999999345,0.005446960484443867,1335.0565000000001,1330.9830000000002,1337.254,1329.982,0.0028915676280650343,239.0,0.25900000000001455,,,,,,,,,,,,,,,0.0037509257246589036,0.0021052017430685617,0.0020954437405452135,,,,0.5082734447014262,0.20030853663056736,-1.8104432743426997,,,,,,,,,
2019-02-22,False,True,True,-0.0024305530828023043,5.59699999999998,0.004219654225082387,1326.412,1323.192,1326.914,1321.317,0.002052408498791563,238.0,0.25900000000001455,0.0057120642234761345,9.692000000000007,0.007324504177090979,1323.2295,1330.8094999999998,1331.851,1322.159,0.003937998106416406,240.0,0.26099999999996726,,,,,,,,,,,,,,,0.003863635925258101,0.00228994519409133,0.0021321830437506344,,,,0.08814449783723265,-0.03813237705478521,-1.0614022942879944,,,,,,,,,
2019-02-25,False,False,True,,,,,,,,,,,-0.0020476397409964773,7.471000000000004,0.005616414876470449,1330.208,1327.487,1332.487,1325.016,0.004058032246892981,240.0,0.25649999999996,,,,,,,,,,,,,,,,,,,,,,,,,,,,,,,,
2019-02-26,False,False,True,,,,,,,,,,,0.001917661154959808,5.253999999999905,0.003968152067683583,1324.042,1326.5835,1328.926,1323.672,0.003450023614880499,240.0,0.25,,,,,,,,,,,,,,,,,,,,,,,,,,,,,,,,
2019-02-27,False,False,True,,,,,,,,,,,-0.004222071729528614,9.354000000000042,0.007051982550225806,1326.4355,1320.847,1328.723,1319.369,0.0037157030105416542,240.0,0.2540000000000191,,,,,,,,,,,,,,,,,,,,,,,,,,,,,,,,
2019-02-28,False,False,True,,,,,,,,,,,-0.007064774012890149,12.55399999999986,0.009477091618428059,1324.6680000000001,1315.3425,1325.483,1312.929,0.003620251682685451,240.0,0.25900000000001455,,,,,,,,,,,,,,,,,,,,,,,,,,,,,,,,
2019-03-01,False,False,True,,,,,,,,,,,-0.003641916971133833,11.047000000000025,0.00845721477666126,1306.222,1301.4735,1312.124,1301.077,0.004257086690587878,240.0,0.26500000000010004,,,,,,,,,,,,,,,,,,,,,,,,,,,,,,,,
2019-03-04,False,False,True,,,,,,,,,,,0.003147908752565785,6.72199999999998,0.005229110008899272,1285.496,1289.549,1289.52,1282.798,0.004317176097334567,240.0,0.26700000000005275,,,,,,,,,,,,,,,,,,,,,,,,,,,,,,,,
2019-03-05,False,False,True,,,,,,,,,,,-0.002042516081976163,6.635000000000218,0.0051584162457071585,1286.2475,1283.623,1287.726,1281.091,0.004638676525369631,239.0,0.25099999999997635,,,,,,,,,,,,,,,,,,,,,,,,,,,,,,,,
2019-03-06,False,False,True,,,,,,,,,,,-6.604935132232033e-05,4.872000000000071,0.0037856683857062042,1286.959,1286.874,1288.459,1283.587,0.003039432648326426,240.0,0.25299999999992906,,,,,,,,,,,,,,,,,,,,,,,,,,,,,,,,
2019-03-07,False,False,True,,,,,,,,,,,-0.0020526485528490966,5.629999999999882,0.004372110902514648,1287.7075,1285.067,1288.36,1282.73,0.0035738129650654225,240.0,0.2719999999999345,,,,,,,,,,,,,,,,,,,,,,,,,,,,,,,,
2019-03-08,False,False,True,,,,,,,,,,,0.004280127426814404,9.183999999999969,0.00710102452227167,1293.3345,1298.882,1300.66,1291.476,0.004128933599853149,240.0,0.2819999999999254,,,,,,,,,,,,,,,,,,,,,,,,,,,,,,,,
2019-03-11,False,False,True,,,,,,,,,,,-0.001575722915393263,6.02800000000002,0.004654722017808111,1295.029,1292.99,1296.92,1290.892,0.002771674788432851,239.0,0.25500000000010914,,,,,,,,,,,,,,,,,,,,,,,,,,,,,,,,
2019-03-12,False,False,True,,,,,,,,,,,0.0006088390583839297,4.05600000000004,0.0031288196612682746,1296.3355000000001,1297.125,1299.531,1295.475,0.002379190975997337,239.0,0.2599999999999909,,,,,,,,,,,,,,,,,,,,,,,,,,,,,,,,
2019-03-13,False,False,True,,,,,,,,,,,0.00022022052727831956,3.3990000000001146,0.0025993472189509274,1307.636,1307.924,1309.324,1305.925,0.0019681746642271334,240.0,0.2585000000000264,,,,,,,,,,,,,,,,,,,,,,,,,,,,,,,,
2019-03-14,False,True,True,-0.0037768545412808084,7.253999999999905,0.0055699419701730184,1302.3475,1297.438,1303.087,1295.833,0.002370162819888391,240.0,0.25299999999992906,-0.0014057228143482833,6.039999999999964,0.004655473746480908,1297.3975,1295.5749999999998,1298.844,1292.804,0.0032823086828705603,238.0,0.25750000000005,,,,,,,,,,,,,,,0.0039364082957179134,0.0023588851876133257,0.0021321830437506344,,,,0.3471159281253856,0.10581229512614695,-1.6011184270914671,,,,,,,,,
2019-03-15,False,False,True,,,,,,,,,,,-0.0017791854629431428,5.730000000000018,0.004393214974652773,1304.284,1301.9654999999998,1306.328,1300.598,0.003248187813225736,240.0,0.26099999999996726,,,,,,,,,,,,,,,,,,,,,,,,,,,,,,,,
2019-03-18,False,False,True,,,,,,,,,,,-0.00017288321130498586,3.241000000000213,0.0024845501381222925,1304.4615,1304.2359999999999,1306.64,1303.399,0.0024529372791691076,240.0,0.25,,,,,,,,,,,,,,,,,,,,,,,,,,,,,,,,
2019-03-19,False,False,True,,,,,,,,,,,-0.00033258266801610033,4.005999999999858,0.0030623095134167974,1308.163,1307.728,1310.783,1306.777,0.0027147708795576906,239.0,0.25,,,,,,,,,,,,,,,,,,,,,,,,,,,,,,,,
2019-03-20,False,False,True,,,,,,,,,,,-0.003263021290836666,10.999000000000024,0.008428953174440803,1304.907,1300.656,1309.56,1298.561,0.003361083233555776,240.0,0.25,,,,,,,,,,,,,,,,,,,,,,,,,,,,,,,,
2019-03-21,False,True,True,-0.0027622853681880323,5.2000000000000455,0.003942301386666641,1319.0265,1315.388,1319.439,1314.239,0.002145872591000852,239.0,0.25,-0.003659856049851548,9.813000000000102,0.007459895365331976,1315.434,1310.6284999999998,1318.462,1308.649,0.003656108648242289,240.0,0.2519999999999527,,,,,,,,,,,,,,,0.004044463217062997,0.00249258040252182,0.002184285037409692,,,,-0.02558417780119336,-0.01774228901148557,-1.1082031156922134,,,,,,,,,
2019-03-22,False,True,True,1.371233203374116e-05,4.4529999999999745,0.0033923018440165636,1312.6779999999999,1312.696,1313.768,1309.315,0.002490052086855717,239.0,0.25,0.0005555912172154483,5.182000000000016,0.003947736298528715,1312.651,1313.3805000000002,1314.852,1309.67,0.004576134271972377,240.0,0.25499999999999545,,,,,,,,,,,,,,,0.0039633200219114425,0.002549005878235113,0.002184285037409692,,,,-0.1555733623821762,0.1310150676725493,0.00537948231144737,,,,,,,,,
2019-03-25,False,True,True,0.0006447650445745244,2.895999999999958,0.0021987541658457085,1317.1095,1317.959,1318.953,1316.057,0.0016318849173017223,239.0,0.25,0.0027789419305274663,5.219000000000051,0.003960045951405062,1317.914,1321.5815,1322.894,1317.675,0.002437546742675382,240.0,0.25299999999992906,,,,,,,,,,,,,,,0.003915389660473112,0.002069016131395052,0.002184285037409692,,,,-0.57702394291302,-0.2915528233049493,0.31162881467714126,,,,,,,,,
2019-03-26,False,False,True,,,,,,,,,,,0.0008061480732083851,5.93300000000022,0.004516097111692315,1313.745,1314.8045000000002,1318.755,1312.822,0.0033995298737890204,240.0,0.25,,,,,,,,,,,,,,,,,,,,,,,,,,,,,,,,
2019-03-27,False,True,True,0.002629393818982632,5.442000000000007,0.004141636037560885,1313.9735,1317.433,1319.234,1313.792,0.0017681758600558218,239.0,0.25,-0.004379191172339852,9.099999999999909,0.006907584489815989,1317.3925,1311.636,1317.817,1308.717,0.005009994960875184,240.0,0.27700000000004366,,,,,,,,,,,,,,,0.003863635925258101,0.002085321183568885,0.00215573627012165,,,,0.06948219826031903,-0.19818389424717292,1.26090591689219,,,,,,,,,
2019-03-28,False,True,True,-0.004539463914155263,7.442999999999984,0.005685244601862912,1309.1785,1303.2489999999998,1309.808,1302.365,0.0018544576482349892,238.0,0.25099999999997635,-0.008346925644731792,15.357999999999947,0.011784774022852815,1303.2069999999999,1292.3745,1305.952,1290.594,0.005582427677523714,240.0,0.28350000000000364,,,,,,,,,,,,,,,0.003863635925258101,0.0021902260084956386,0.002122319364629836,,,,0.38626546244093557,-0.1349172501871576,-2.0726006798144105,,,,,,,,,
2019-03-29,False,True,True,0.003950426152880446,6.567999999999984,0.005098591133823255,1288.199,1293.298,1293.671,1287.103,0.00248184072500481,237.0,0.25,0.0016926209724225988,6.469000000000051,0.0050017512701541434,1293.347,1295.538,1299.691,1293.222,0.003910489738630136,240.0,0.2664999999999509,,,,,,,,,,,,,,,0.003863635925258101,0.0022030205645316497,0.0020954437405452135,,,,0.2773555636273633,0.16923517241143227,1.793186235517636,,,,,,,,,
2019-04-01,False,False,True,,,,,,,,,,,0.000668747065736973,7.242999999999938,0.0056145480591127785,1290.0415,1290.9045,1296.955,1289.712,0.0038038430706487263,240.0,0.26900000000000546,,,,,,,,,,,,,,,,,,,,,,,,,,,,,,,,
2019-04-02,False,False,True,,,,,,,,,,,0.0007316975612170926,4.38799999999992,0.003404201178359366,1288.9955,1289.939,1291.801,1287.413,0.002658512669584154,239.0,0.25099999999997635,,,,,,,,,,,,,,,,,,,,,,,,,,,,,,,,
2019-04-03,False,False,True,,,,,,,,,,,-0.002139396764700034,5.7409999999999854,0.004439713355834778,1293.1015,1290.338,1294.097,1288.356,0.0031709167284243458,239.0,0.2799999999999727,,,,,,,,,,,,,,,,,,,,,,,,,,,,,,,,
2019-04-04,False,False,True,,,,,,,,,,,-0.0009479801032664427,8.579999999999927,0.006655599857269131,1289.14,1287.9185,1289.47,1280.89,0.004323510701620504,240.0,0.27750000000003183,,,,,,,,,,,,,,,,,,,,,,,,,,,,,,,,
2019-04-05,False,False,True,,,,,,,,,,,0.003350834912212751,8.775000000000091,0.006814644768682681,1287.6680000000001,1291.99,1293.123,1284.348,0.005817060005267461,240.0,0.28300000000012915,,,,,,,,,,,,,,,,,,,,,,,,,,,,,,,,
2019-04-08,False,False,True,,,,,,,,,,,-0.0005581766375235155,7.458000000000084,0.005744264689062278,1298.3384999999998,1297.614,1303.622,1296.164,0.003254894071172198,240.0,0.2619999999999436,,,,,,,,,,,,,,,,,,,,,,,,,,,,,,,,
2019-04-09,False,True,True,0.0027647945277229267,5.817000000000007,0.004481720635561462,1297.9389999999999,1301.5325,1302.824,1297.007,0.0022188915845019214,237.0,0.25,0.00315208482472252,4.509999999999991,0.003464314108054331,1301.845,1305.955,1306.097,1301.587,0.0033172713603569584,238.0,0.26100000000008095,,,,,,,,,,,,,,,0.003863635925258101,0.0024210503474036468,0.0020954437405452135,,,,0.14839835345916388,0.05724244466377394,1.1419814258253298,,,,,,,,,
2019-04-10,False,False,True,,,,,,,,,,,0.003472752783152371,8.159000000000106,0.006258063229525806,1303.758,1308.2935,1308.997,1300.838,0.00259831821693045,239.0,0.26700000000005275,,,,,,,,,,,,,,,,,,,,,,,,,,,,,,,,
2019-04-11,False,False,True,,,,,,,,,,,-0.004693274563978831,7.956000000000131,0.006114938712265948,1301.076,1294.984,1300.951,1292.995,0.003673343414698229,240.0,0.27299999999991087,,,,,,,,,,,,,,,,,,,,,,,,,,,,,,,,
2019-04-12,False,False,True,,,,,,,,,,,-0.0008924042138189655,4.620000000000118,0.003574213672992033,1292.592,1291.439,1295.13,1290.51,0.0033711759352890768,240.0,0.2840000000001055,,,,,,,,,,,,,,,,,,,,,,,,,,,,,,,,
2019-04-15,False,False,True,,,,,,,,,,,0.0022477082324538584,6.866999999999962,0.005340373989493424,1285.865,1288.7585,1289.372,1282.505,0.0035312610167774474,240.0,0.27049999999997,,,,,,,,,,,,,,,,,,,,,,,,,,,,,,,,
2019-04-16,False,False,True,,,,,,,,,,,-0.006884179752945604,11.410000000000082,0.00888168597907945,1284.6660000000002,1275.8525,1284.69,1273.28,0.004948598617798878,240.0,0.31550000000004275,,,,,,,,,,,,,,,,,,,,,,,,,,,,,,,,
2019-04-17,False,False,True,,,,,,,,,,,-0.0011874259744246124,4.580999999999904,0.0035907332275682273,1275.784,1274.27,1277.724,1273.143,0.0024559587156496943,240.0,0.2580000000000382,,,,,,,,,,,,,,,,,,,,,,,,,,,,,,,,
2019-04-18,False,True,True,0.002907644649910582,6.336999999999989,0.00498246466495342,1271.8605,1275.564,1277.587,1271.25,0.0022287996517146172,238.0,0.25,-0.0018719452556470852,4.192000000000007,0.003284396452977195,1276.338,1273.951,1276.85,1272.658,0.00292401725733622,239.0,0.26299999999991996,,,,,,,,,,,,,,,0.003915389660473112,0.0025140735994817138,0.0020954437405452135,,,,0.24100982662535334,0.06169782750238728,1.1565471474303715,,,,,,,,,
2019-04-19,False,False,False,,,,,,,,,,,,,,,,,,,,,,,,,,,,,,,,,,,,,,,,,,,,,,,,,,,,
2019-04-22,False,False,False,,,,,,,,,,,,,,,,,,,,,,,,,,,,,,,,,,,,,,,,,,,,,,,,,,,,
2019-04-23,False,False,True,,,,,,,,,,,-0.0003561677800165035,7.537000000000035,0.005924853332956031,1272.0990000000002,1271.646,1273.751,1266.214,0.004403064492002689,239.0,0.26299999999991996,,,,,,,,,,,,,,,,,,,,,,,,,,,,,,,,
2019-04-24,False,False,True,,,,,,,,,,,0.0026651632117890207,8.253999999999905,0.006478705200860195,1274.02,1277.42,1278.389,1270.135,0.003506840145423249,240.0,0.27949999999998454,,,,,,,,,,,,,,,,,,,,,,,,,,,,,,,,
2019-04-25,False,False,True,,,,,,,,,,,0.0015582144922129978,7.296000000000049,0.005717384422008208,1276.108,1278.098,1282.463,1275.167,0.004019093621145673,238.0,0.26499999999987267,,,,,,,,,,,,,,,,,,,,,,,,,,,,,,,,
2019-04-26,False,False,True,,,,,,,,,,,0.004915675175434123,14.6400000000001,0.011425824235859059,1281.308,1287.622,1287.832,1273.192,0.0041225860545452755,240.0,0.2819999999999254,,,,,,,,,,,,,,,,,,,,,,,,,,,,,,,,
2019-04-29,False,False,False,,,,,,,,,,,,,,,,,,,,,,,,,,,,,,,,,,,,,,,,,,,,,,,,,,,,
2019-04-30,False,False,True,,,,,,,,,,,-0.0017844793988790505,5.949999999999818,0.0046273433216546585,1285.835,1283.5425,1285.782,1279.832,0.003865659354521553,240.0,0.2585000000000264,,,,,,,,,,,,,,,,,,,,,,,,,,,,,,,,
2019-05-01,False,False,True,,,,,,,,,,,-0.000482677614650838,5.336999999999989,0.004160628155844634,1282.739,1282.12,1285.029,1279.692,0.0038450959255270033,239.0,0.25,,,,,,,,,,,,,,,,,,,,,,,,,,,,,,,,
2019-05-02,False,False,True,,,,,,,,,,,-0.0002799182279639558,6.6340000000000146,0.005215499010203017,1271.978,1271.622,1272.886,1266.252,0.003802285652089052,240.0,0.2600000000001046,,,,,,,,,,,,,,,,,,,,,,,,,,,,,,,,
2019-05-03,False,False,True,,,,,,,,,,,0.006607826613660756,15.100999999999885,0.0118802892304835,1271.097,1279.524,1282.357,1267.256,0.004888636512938021,240.0,0.28949999999997544,,,,,,,,,,,,,,,,,,,,,,,,,,,,,,,,
2019-05-06,False,True,True,-0.00030028355572620646,2.9449999999999363,0.002296629374708485,1282.314,1281.929,1283.837,1280.892,0.002200142764369764,236.0,0.25,-0.00015381588347194918,4.275000000000091,0.0033376260539384503,1280.8505,1280.6535,1281.267,1276.992,0.0021917288129079545,240.0,0.2560000000000855,,,,,,,,,,,,,,,0.003915389660473112,0.002583503257271452,0.0020954437405452135,,,,-0.5334722958253246,0.04875691087903519,-0.11623115042763629,,,,,,,,,
2019-05-07,False,False,True,,,,,,,,,,,0.0029129584765726535,6.399999999999864,0.004998691748643803,1280.335,1284.07,1284.53,1278.13,0.0030822584036128897,240.0,0.2545000000000073,,,,,,,,,,,,,,,,,,,,,,,,,,,,,,,,
2019-05-08,False,True,True,0.0019729967830806965,4.906999999999925,0.003811623314985906,1287.378,1289.9205000000002,1290.186,1285.279,0.0020712638601162714,236.0,0.25,-0.00571858166223779,10.919999999999845,0.008474237580527448,1288.6115,1281.2635,1291.377,1280.457,0.0033182333074552057,240.0,0.28549999999995634,,,,,,,,,,,,,,,0.003915389660473112,0.002583467122101547,0.002122319364629836,,,,-0.02685968930028343,-0.024350549174390033,0.7637011387533132,,,,,,,,,
2019-05-09,False,False,True,,,,,,,,,,,0.002140470034408344,7.80600000000004,0.006085648130101614,1282.69,1285.4385,1287.992,1280.186,0.003554266208806997,240.0,0.2560000000000855,,,,,,,,,,,,,,,,,,,,,,,,,,,,,,,,
2019-05-10,True,False,True,,,,,,,,,,,0.0022487531892556303,4.966000000000122,0.0038624543151611224,1285.711,1288.6055000000001,1289.316,1284.35,0.0037359854043508486,240.0,0.2619999999999436,0.0019411630386150364,3.699000000000069,0.0028812730880603747,1283.8075,1286.302,1286.827,1283.128,0.0017733105715259784,354.0,0.2644999999999982,4.152500000000032,0.003329109747238813,0.0019519062329636566,0.002802902713414003,,,,0.8907886815171682,-0.11564804965498492,0.9944960499806856,,,,,,,-5.705050353903868,-0.1150115285698527,0.0,0.0,-0.0,-0.0
2019-05-13,False,False,True,,,,,,,,,,,0.010608558143027408,16.633000000000038,0.01295111466170832,1284.291,1297.9879999999998,1299.585,1282.952,0.005366327395884254,240.0,0.27099999999995816,,,,,,,,,,,,,,,,,,,,,,,,,,,,,,,,
2019-05-14,False,False,True,,,,,,,,,,,-0.003489235371141747,5.802999999999884,0.004467399454643066,1298.966,1294.4415,1299.495,1293.692,0.0031016386505434783,240.0,0.2539999999999054,,,,,,,,,,,,,,,,,,,,,,,,,,,,,,,,
2019-05-15,False,False,True,,,,,,,,,,,-0.002180408290631109,6.120000000000118,0.004710924726812642,1299.108,1296.2785,1300.775,1294.655,0.004224725448853536,240.0,0.25099999999997635,,,,,,,,,,,,,,,,,,,,,,,,,,,,,,,,
2019-05-16,False,False,True,,,,,,,,,,,-0.0069843220685157,10.99499999999989,0.008498064651760897,1293.824,1284.819,1294.879,1283.884,0.003946738728382056,240.0,0.25,,,,,,,,,,,,,,,,,,,,,,,,,,,,,,,,
2019-05-17,False,False,True,,,,,,,,,,,-0.006966863918565881,11.271000000000186,0.00876463104721453,1285.964,1277.036,1286.553,1275.282,0.0030863469047182723,240.0,0.25,,,,,,,,,,,,,,,,,,,,,,,,,,,,,,,,
2019-05-20,False,False,True,,,,,,,,,,,0.00048564337342434197,3.673000000000002,0.0028777440617637697,1276.347,1276.967,1278.88,1275.207,0.0027195431799663227,239.0,0.25,,,,,,,,,,,,,,,,,,,,,,,,,,,,,,,,
2019-05-21,False,False,True,,,,,,,,,,,0.0011269204549489084,5.307999999999993,0.004172231082492738,1272.221,1273.6554999999998,1274.808,1269.5,0.0027106358130411868,237.0,0.25,,,,,,,,,,,,,,,,,,,,,,,,,,,,,,,,
2019-05-22,False,False,True,,,,,,,,,,,-4.271408427058789e-05,4.120000000000118,0.003228959060404355,1275.953,1275.8984999999998,1277.229,1273.109,0.0019348778993222358,239.0,0.25,,,,,,,,,,,,,,,,,,,,,,,,,,,,,,,,
2019-05-23,False,False,True,,,,,,,,,,,0.007079048704101098,10.34699999999998,0.008100814309168146,1277.279,1286.353,1287.205,1276.858,0.004523592117796093,239.0,0.2680000000000291,,,,,,,,,,,,,,,,,,,,,,,,,,,,,,,,
2019-05-24,False,False,True,,,,,,,,,,,0.0013342978835146728,3.8229999999998654,0.0029815569295655845,1282.216,1283.928,1284.523,1280.7,0.002778782138486077,240.0,0.25,,,,,,,,,,,,,,,,,,,,,,,,,,,,,,,,
2019-05-27,False,False,False,,,,,,,,,,,,,,,,,,,,,,,,,,,,,,,,,,,,,,,,,,,,,,,,,,,,
2019-05-28,False,False,True,,,,,,,,,,,-0.002453713128939011,6.695000000000164,0.005219491506924627,1282.692,1279.5484999999999,1282.786,1276.091,0.003738688713340694,240.0,0.2580000000000382,,,,,,,,,,,,,,,,,,,,,,,,,,,,,,,,
2019-05-29,False,False,True,,,,,,,,,,,-0.0006960646144841321,5.79099999999994,0.004509801478398697,1284.092,1283.1985,1285.389,1279.598,0.003718813998117465,239.0,0.2560000000000855,,,,,,,,,,,,,,,,,,,,,,,,,,,,,,,,
2019-05-30,False,False,True,,,,,,,,,,,0.0073990150501567755,11.56399999999985,0.0090494763135982,1277.864,1287.354,1289.11,1277.546,0.004312212154726503,239.0,0.25,,,,,,,,,,,,,,,,,,,,,,,,,,,,,,,,
2019-05-31,False,False,True,,,,,,,,,,,0.0032438208551182784,8.731999999999971,0.006729372415892456,1297.595,1301.811,1304.136,1295.404,0.0043274632413126774,240.0,0.2604999999999791,,,,,,,,,,,,,,,,,,,,,,,,,,,,,,,,
2019-06-03,False,True,True,0.005165313720815922,7.898999999999887,0.00603071933449068,1309.794,1316.577,1317.263,1309.364,0.0026659393478650345,236.0,0.25,0.0016574951955299383,7.454000000000178,0.005659136841178365,1317.162,1319.347,1320.122,1312.668,0.003372880247242825,240.0,0.25299999999992906,,,,,,,,,,,,,,,0.003863635925258101,0.002593938029835505,0.002122319364629836,,,,0.4452576065735971,0.22804694068143658,1.9913018975027255,,,,,,,,,
2019-06-04,False,True,True,0.0004699775104093459,6.053000000000111,0.004563660729936998,1326.3474999999999,1326.971,1328.968,1322.915,0.0033317991113516487,239.0,0.25,-0.0005993797015429493,8.825000000000045,0.0066682736009660085,1323.431,1322.638,1328.714,1319.889,0.005034979258553509,240.0,0.25,,,,,,,,,,,,,,,0.003915389660473112,0.0028091376277111406,0.00215573627012165,,,,0.15321023849069335,0.43538010990290765,0.16730312739866693,,,,,,,,,
2019-06-05,False,False,True,,,,,,,,,,,-0.004644274525954355,17.014999999999873,0.012744764646929101,1335.058,1328.872,1343.973,1326.958,0.006814375315190432,240.0,0.2655000000000882,,,,,,,,,,,,,,,,,,,,,,,,,,,,,,,,
2019-06-06,False,False,True,,,,,,,,,,,0.0012858709247401156,6.2000000000000455,0.004638097482335989,1336.755,1338.475,1339.19,1332.99,0.0037366561809903465,240.0,0.2619999999999436,,,,,,,,,,,,,,,,,,,,,,,,,,,,,,,,
2019-06-07,False,False,True,,,,,,,,,,,0.003402228181395465,12.742999999999938,0.009540515935049875,1335.672,1340.224,1348.024,1335.281,0.005835150796970778,240.0,0.26149999999995543,,,,,,,,,,,,,,,,,,,,,,,,,,,,,,,,
2019-06-10,False,False,True,,,,,,,,,,,0.0021880931437164765,4.941000000000031,0.0037282828092282966,1325.275,1328.178,1330.056,1325.115,0.0029635232425822768,240.0,0.25,,,,,,,,,,,,,,,,,,,,,,,,,,,,,,,,
2019-06-11,False,False,True,,,,,,,,,,,0.003991776900427957,6.916999999999916,0.0052378460692679325,1320.5810000000001,1325.863,1326.791,1319.874,0.0025195982026266664,239.0,0.25,,,,,,,,,,,,,,,,,,,,,,,,,,,,,,,,
2019-06-12,False,True,True,-2.734006111229142e-05,3.785000000000082,0.0028350881292950607,1335.0555,1335.019,1338.286,1334.501,0.002103398562408275,237.0,0.25,0.0002999308608837049,6.326000000000022,0.004738195238960174,1335.1075,1335.508,1336.07,1329.744,0.003937188443074893,240.0,0.25,,,,,,,,,,,,,,,0.004041968712113763,0.0028026641466565735,0.0021730076776853083,,,,-0.35465885538955283,-0.03255783484461942,-0.009755025818882592,,,,,,,,,
2019-06-13,False,True,True,-0.0011210122140803147,4.152000000000044,0.003103292090641275,1337.934,1336.435,1338.992,1334.84,0.002171761516861707,236.0,0.25,0.0015471709870337079,6.641000000000076,0.004966295596665961,1337.214,1339.2845,1340.279,1333.638,0.002845595941123014,239.0,0.25,,,,,,,,,,,,,,,0.004041968712113763,0.0028004658686746836,0.0021730076776853083,,,,-0.26426836552874516,-0.0005736373105098869,-0.4002949032943694,,,,,,,,,
2019-06-14,False,True,True,-0.0010386888503355523,6.029999999999973,0.004449212570538076,1355.296,1353.889,1358.023,1351.993,0.002717964728276902,239.0,0.25,-0.003498864091660522,9.547000000000025,0.007048253255765899,1354.52,1349.789,1355.307,1345.76,0.005624569810547079,240.0,0.25,,,,,,,,,,,,,,,0.004041968712113763,0.00281669604142543,0.0021859521406157358,,,,0.09599525182249014,0.2178318426312476,-0.36876142652932786,,,,,,,,,
2019-06-17,False,True,True,-0.0033764256594209013,5.627999999999929,0.004205382261625834,1338.2849999999999,1333.774,1338.616,1332.988,0.002877610927799593,239.0,0.25,0.0036931165020223306,7.433999999999969,0.0055645128693394665,1335.966,1340.909,1343.203,1335.769,0.0037050873637300007,239.0,0.25,,,,,,,,,,,,,,,0.004180645131321636,0.002789078038230877,0.0022095171744358428,,,,0.005899623479430484,0.264186392376559,-1.2105884500681023,,,,,,,,,
2019-06-18,False,True,True,0.0010338243341620193,4.337999999999965,0.003222297287008389,1346.2445,1347.637,1348.069,1343.731,0.0031064754786884617,239.0,0.25,-0.0034586458268034636,15.297000000000025,0.011324081792191236,1350.838,1346.174,1354.455,1339.158,0.008408425073906729,240.0,0.25250000000005457,,,,,,,,,,,,,,,0.004212518243354111,0.0028260344822143234,0.0022238456181082693,,,,-0.2679660780886284,0.33425083928026433,0.36582155690894896,,,,,,,,,
2019-06-19,False,False,True,,,,,,,,,,,0.0020436983304112366,3.8209999999999127,0.0028466701930311435,1342.27,1345.016,1345.966,1342.145,0.00311078549377763,240.0,0.25,,,,,,,,,,,,,,,,,,,,,,,,,,,,,,,,
2019-06-20,True,True,True,-0.00142340589212427,6.280999999999949,0.00454196873844121,1382.8805,1380.9135,1384.048,1377.767,0.003885172508453924,240.0,0.25649999999996,0.0029153327792016243,6.958000000000084,0.005037064921526672,1381.3600000000001,1385.393,1386.515,1379.557,0.0057079339041297625,240.0,0.29349999999999454,0.017978149236396863,35.68399999999997,0.02627646174968509,1358.0215,1382.657,1393.558,1357.874,0.012134002373850152,359.0,0.26500000000010004,3.9589999999999463,0.003219243460358724,0.0019476201967333438,0.0019411630386150364,0.004212518243354111,0.0027864900839307733,0.0022238456181082693,9.01338721899481,2.198710940927556,9.230829124975603,0.07529993445018127,0.5579294288935509,-0.5108239574699426,0.0,0.0,0.056453649911609304,-5.738608897230097,20.295924990916596,0.0,0.0,0.0,0.0
2019-06-21,True,True,True,0.0016821875628742506,18.60200000000009,0.013358237304396534,1392.549,1394.8935000000001,1400.056,1381.454,0.005847683380204102,240.0,0.29300000000000637,0.002284378421800285,10.771000000000186,0.0077195753696023064,1395.284,1398.475,1399.862,1389.091,0.005644566914623116,240.0,0.30900000000019645,0.0045065534161008395,21.016000000000076,0.015109184998368066,1390.942,1397.2245,1411.496,1390.48,0.006901081841262591,359.0,0.2819999999999254,3.98050000000012,0.003219243460358724,0.004419816374138958,0.017978149236396863,0.004212518243354111,0.002666854820456277,0.0022238456181082693,5.279738726290527,1.6638766128367164,1.0196245804394486,1.1540725946745478,0.9668076217691169,0.6307758300042903,1.0,2.2675543273457595,1.1746011807561652,-5.738608897230097,1.6965294932666477,0.0,1.0,0.0,1.6638766128367164
2019-06-24,True,True,True,0.003169375135407948,7.614000000000033,0.0054271704939837335,1402.941,1407.3944999999999,1408.372,1400.758,0.0028792559540649055,239.0,0.25300000000015643,0.003362068086198685,12.807000000000016,0.009088709122276398,1409.1109999999999,1413.8564999999999,1417.153,1404.346,0.004630246284615108,240.0,0.2884999999999991,-0.0021398113783206284,10.355999999999995,0.0073603306889400266,1407.002,1403.9945,1411.046,1400.69,0.003958017582278638,360.0,0.26500000000010004,4.183500000000095,0.003354271171198302,0.0044862050706537945,0.0045065534161008395,0.004327297416081955,0.0026247352692073535,0.002299481235801504,2.475439225528806,0.9064178451357517,-0.47697582803738936,0.22647471664852872,0.22484836364347477,1.2075027804099538,0.0,0.0,0.25182263654833553,-5.6975207687603735,-0.43233940223149137,0.0,1.0,0.0,0.9064178451357517
2019-06-25,True,True,True,0.00014159311860153915,7.605000000000018,0.0053179847180489246,1430.0529999999999,1430.2555000000002,1435.449,1427.844,0.004206879889649532,240.0,0.31749999999999545,0.0015636579475714913,12.095000000000027,0.008472353125156535,1427.5845,1429.8184999999999,1436.087,1423.992,0.005477742041435359,240.0,0.2944999999998572,-0.0014143089752408611,18.771999999999935,0.013169839860023048,1425.3780000000002,1423.3635,1438.983,1420.211,0.008386482267852113,359.0,0.30199999999990723,4.531999999999925,0.0036004126786415725,0.004541387641582026,0.0021398113783206284,0.004327297416081955,0.002522331434164324,0.0023553201883597134,4.142100617828827,1.4212030547664245,-0.31142661381537035,0.20615122536937486,0.5800445747684234,0.05613581018088945,0.0,0.0,1.4760591350397314,-5.626706807133935,-0.4426004548899679,0.0,0.0,0.0,0.0
2019-06-26,True,True,True,0.0004605544125078195,9.089999999999918,0.006467032894715721,1405.5905,1406.238,1413.072,1403.982,0.004027158810417602,240.0,0.27949999999998454,0.007485702981695247,11.746000000000095,0.00836876426068857,1403.5525,1414.0985,1415.163,1403.417,0.005013849560213576,240.0,0.34349999999994907,-0.006853826005398255,17.24500000000012,0.01215709690358856,1418.513,1408.824,1420.486,1403.241,0.0058540909879025585,360.0,0.29700000000002547,5.21449999999993,0.004045460040349016,0.004570886004485025,0.0014143089752408611,0.004465466603049769,0.0023997596882886665,0.0024859464059302635,3.3071243647522004,1.1960790398096939,-1.4994524034668932,0.3703436977697942,0.48240768299891074,0.19191688849321964,0.0,0.0,0.6200978041998452,-5.510160004320714,-1.7934635909790193,1.0,0.0,1.1960790398096939,0.0
2019-06-27,True,True,True,0.0020822784964660925,4.662000000000035,0.003323425552095362,1402.7694999999999,1405.6934999999999,1406.082,1401.42,0.0027288564493381825,240.0,0.2625000000000455,0.00046352482101736243,9.768000000000029,0.006951281606964396,1405.2085,1405.8600000000001,1408.123,1398.355,0.004818097909944439,240.0,0.3240000000000691,-0.0028532471827690527,6.938999999999851,0.004918025815560106,1410.932,1406.9119999999998,1411.899,1404.96,0.0039752102242210045,358.0,0.31550000000004275,5.565499999999929,0.004334060061681418,0.004884497921644643,0.006853826005398255,0.004511844687001335,0.0023947563283847925,0.0025738900364349225,1.246788249034218,0.2205708439662597,-0.5841433917139114,-0.3057100476002705,0.05846425104094115,0.8695158132729692,1.0,0.6360614500044935,0.7443176713682472,-5.441250517708014,-0.12884500090765086,1.0,0.0,0.2205708439662597,0.0
2019-06-28,True,True,True,0.0014489466536277188,4.6400000000001,0.003285951424573322,1412.0720000000001,1414.1195,1415.794,1411.154,0.002093082535473912,240.0,0.28899999999998727,-0.0013943165197657164,9.335000000000036,0.006604150675094914,1413.505,1411.5355,1414.912,1405.577,0.004717674022309174,240.0,0.2820000000000391,0.002887771373035281,13.893000000000029,0.00984508500447506,1411.161,1415.242,1424.547,1410.654,0.005538061218611009,357.0,0.28500000000008185,5.565499999999929,0.004334060061681418,0.00483961764524368,0.0028532471827690527,0.004511844687001335,0.002412674576433238,0.0026919520380709683,2.496271673704107,0.9147982882155961,0.5966941160885612,-0.3170498544304081,-0.25162871841698475,0.6005561909512719,0.0,0.0,0.5695804509927025,-5.441250517708014,0.5458547559861339,1.0,0.0,0.9147982882155961,0.0
2019-07-01,True,True,True,0.004823803806387586,9.075000000000045,0.006561760446214205,1383.013,1389.7005,1390.71,1381.635,0.0028585902227853005,240.0,0.2869999999999209,-0.0018641559237529246,8.73700000000008,0.006276551151162067,1392.0065,1389.414,1396.219,1387.482,0.004556488862751165,240.0,0.3040000000000873,-0.004280300465478825,11.8900000000001,0.008540151280627718,1392.247,1386.3004999999998,1396.986,1385.096,0.004784941879612182,354.0,0.3039999999999736,5.586999999999989,0.004451212464071158,0.004868616511875161,0.002887771373035281,0.004511844687001335,0.002380568476873879,0.0026919520380709683,2.1281546447109583,0.7552552402256891,-0.87916155545187,0.37455283626094077,0.06006197904941165,2.0263243226349537,1.0,0.6194737784141793,0.5884195453731726,-5.414578756079303,-0.6639913717599926,1.0,0.0,0.7552552402256891,0.0
2019-07-02,False,True,True,0.0009138141742598,3.3919999999998254,0.0024379515457129035,1391.3319999999999,1392.604,1394.397,1391.005,0.002571595520305987,240.0,0.2720000000000482,0.0076858826390447926,14.534000000000106,0.010434746398831532,1392.8465,1403.593,1404.354,1389.82,0.004461800257694538,240.0,0.2900000000000773,,,,,,,,,,,,,,,0.004511844687001335,0.0021946416628331267,0.0027234105888075425,,,,-0.6155479351396155,-0.0573584564878414,0.416384227883531,,,,,,,,,
2019-07-03,True,True,True,0.0005204311419448403,4.114000000000033,0.0028862681268723442,1425.37,1426.112,1426.43,1422.316,0.0029484583578843365,239.0,0.3320000000001073,-0.0009836635472842746,10.277000000000044,0.0072405158893991605,1419.374,1417.9785000000002,1422.134,1411.857,0.005899286683208238,240.0,0.375,-0.0036799895953929305,16.238000000000056,0.011343829530982497,1431.439,1426.181,1437.498,1421.26,0.006733954541987352,360.0,0.33350000000007185,5.586999999999989,0.004451212464071158,0.004990056478828405,0.004280300465478825,0.004465466603049769,0.0021002185872366,0.0027234105888075425,2.906389833542167,1.0669117039632485,-0.7374645178879699,-0.43640934914088886,0.07939745542138964,0.24779856016301943,0.0,0.0,0.1451584034365761,-5.414578756079303,-0.7868095253922894,1.0,0.0,1.0669117039632485,0.0
2019-07-04,True,False,True,,,,,,,,,,,0.0006242996925987804,4.628999999999905,0.003271970052532405,1414.7440000000001,1415.6275,1417.339,1412.71,0.0023231540580729852,239.0,0.37599999999997635,-0.0014680524913283572,7.942999999999984,0.005599320440022123,1418.565,1416.484,1421.623,1413.68,0.0034005812746929895,353.0,0.40399999999999636,5.639500000000112,0.004594123370699854,0.005062727194889496,0.0036799895953929305,,,,1.4084581966486083,0.3424956285531387,-0.2899726639053875,,,,,,,-5.382977320330524,-0.09931436978750373,1.0,0.0,0.3424956285531387,0.0
2019-07-05,True,False,True,,,,,,,,,,,-0.010544422565283767,27.778999999999996,0.01967816749854427,1411.666,1396.859,1414.18,1386.401,0.012186224766840283,240.0,0.3504999999998972,-0.003507013207869308,6.883000000000038,0.004843516352057448,1421.075,1416.1,1421.281,1414.398,0.0038142672467031675,353.0,0.29700000000002547,6.308499999999981,0.004781023135584924,0.005041251438531969,0.0014680524913283572,,,,1.0910676071966487,0.08715667303057678,-0.6956632198632337,,,,,,,-5.343100710281709,-0.060631691793018104,1.0,0.0,0.08715667303057678,0.0
2019-07-08,True,True,True,-0.00040249748270683645,3.8910000000000764,0.002768881641517766,1405.2604999999999,1404.6950000000002,1407.501,1403.61,0.0021324735751928987,239.0,0.3709999999998672,-0.007682932353360666,12.394999999999982,0.008818094345428113,1405.6325,1394.8745,1406.778,1394.383,0.003879714463909172,240.0,0.32799999999997453,0.00642511058492994,10.373000000000047,0.007431615063403037,1395.7935,1404.7905,1405.588,1395.215,0.0035478058239270444,358.0,0.2960000000000491,6.9109999999999445,0.004880771083808777,0.00510220082274399,0.003507013207869308,0.004327297416081955,0.0020655549076261173,0.0027937233360617415,1.5009405295905267,0.40609193134044624,1.2592821819730888,-0.4464996946695893,-0.2700926263570464,-0.19486167190269232,1.0,0.27680509332947856,0.06800752423669566,-5.322452062621976,0.511384333380063,1.0,0.0,0.40609193134044624,0.0
2019-07-09,False,True,True,-0.0029643873339452037,9.233999999999924,0.0066252867262516215,1393.751,1389.6255,1394.808,1385.574,0.003118323672712509,239.0,0.28700000000003456,0.00425506472364038,9.555000000000064,0.006864998422954359,1391.843,1397.778,1399.807,1390.252,0.0042255218102109785,240.0,0.28750000000002274,,,,,,,,,,,,,,,0.00400850278830587,0.002034960301954146,0.0027937233360617415,,,,0.5024758482710169,0.10992033785017502,-1.456729809961669,,,,,,,,,
2019-07-10,False,True,True,0.0031497366388219604,6.573000000000093,0.0047255829602941704,1390.9395,1395.3274999999999,1396.95,1390.377,0.0019324674629477275,237.0,0.2899999999999636,0.010626769833583738,19.843999999999824,0.014222122840324937,1395.2910000000002,1410.1975,1411.206,1391.362,0.011780776192103904,240.0,0.3809999999999718,,,,,,,,,,,,,,,0.004327297416081955,0.002192539850317974,0.0028681005752924467,,,,0.08804773735550375,-0.39485232564542655,1.4365698476883642,,,,,,,,,
2019-07-11,False,True,True,-0.00021568175308688334,3.894999999999982,0.002740586752939433,1421.2285000000002,1420.922,1423.872,1419.977,0.0021571688070377544,240.0,0.28750000000002274,-0.0057401600168382255,12.235999999999876,0.008615499872907911,1420.231,1412.1019999999999,1420.704,1408.468,0.006172698192199853,240.0,0.3004999999999427,,,,,,,,,,,,,,,0.004495590654489643,0.0022443377997767486,0.0028681005752924467,,,,-0.4949250209640138,-0.2848533657702935,-0.0961003967889049,,,,,,,,,
2019-07-12,True,True,True,-0.0005843832101107943,8.326000000000022,0.005910271208049229,1408.734,1407.911,1412.286,1403.96,0.002647309267969278,237.0,0.27700000000004366,0.00032137892787263375,7.1180000000001655,0.005056227264558437,1407.769,1408.2215,1410.14,1403.022,0.0037937141264215474,240.0,0.3569999999999709,0.0011239447297020765,6.348999999999933,0.00452180923648438,1404.0839999999998,1405.663,1409.912,1403.563,0.0025312849650881964,355.0,0.2880000000000109,7.440999999999917,0.005258673127791115,0.005290687738024591,0.00642511058492994,0.004327297416081955,0.0019938946148515342,0.0028681005752924467,0.8532455315145818,-0.1587079282268108,0.2124383039324353,0.3117485262321296,-0.08010623663351582,-0.29308630744975833,1.0,0.31904313936299555,0.4127133449805062,-5.247876541128618,-0.03371564309313436,1.0,0.0,-0.1587079282268108,-0.0
2019-07-15,True,False,True,,,,,,,,,,,-0.0013246806463940095,7.644999999999982,0.005406238707537677,1414.107,1412.2350000000001,1415.34,1407.695,0.0036744303053957345,240.0,0.3025000000001228,-0.002324584176072196,7.774000000000115,0.005488924890198635,1416.3065000000001,1413.018,1417.028,1409.254,0.003084677807110779,353.0,0.29899999999997817,7.440999999999917,0.005258673127791115,0.005292983112241036,0.0011239447297020765,,,,1.0447520494557454,0.04377958401493316,-0.43918223934932843,,,,,,,-5.247876541128618,-0.019227215745460408,1.0,0.0,0.04377958401493316,0.0
2019-07-16,False,True,True,0.00028542603211992876,3.5839999999998327,0.0025355957960329903,1413.4744999999998,1413.8780000000002,1416.206,1412.622,0.0017753047039877673,238.0,0.25900000000001455,-0.006824073736087589,10.961000000000013,0.007750874545579267,1414.163,1404.5455000000002,1415.042,1404.081,0.005953052109317846,240.0,0.30599999999992633,,,,,,,,,,,,,,,0.004327297416081955,0.0020076845932064107,0.0027937233360617415,,,,-0.5345145563705271,-0.45340316278199877,0.1421667691657103,,,,,,,,,
2019-07-17,False,True,True,-0.001323867230683947,6.231999999999971,0.00443392407260762,1405.527,1403.6675,1406.249,1400.017,0.0019321876153863638,239.0,0.2669999999998254,0.0133905389050692,19.792000000000144,0.014089610549553289,1404.723,1423.6595,1423.864,1404.072,0.005652422629624192,240.0,0.32550000000003365,,,,,,,,,,,,,,,0.004327297416081955,0.0020052856178466288,0.0027937233360617415,,,,0.024341793323224562,-0.36872239470647816,-0.6601888623255467,,,,,,,,,
2019-07-18,False,True,True,-0.000572727816729447,4.242999999999938,0.0029881775778929356,1419.929,1419.116,1422.192,1417.949,0.002806720404010856,239.0,0.2899999999999636,0.005026691143854305,14.274000000000115,0.01004070728109557,1421.6129999999998,1428.777,1428.769,1414.495,0.005333825481351546,240.0,0.3024999999998954,,,,,,,,,,,,,,,0.004441568321572848,0.002014033623299083,0.0027937233360617415,,,,-0.3963438437970897,0.004641450529772564,-0.28436854782557774,,,,,,,,,
2019-07-19,True,True,True,-0.00043930104574778107,4.664999999999964,0.0032419134586316994,1438.9650000000001,1438.333,1440.758,1436.093,0.0026085139235564624,238.0,0.27099999999995816,-0.009499476914498914,18.69900000000007,0.013007371121883198,1437.5695,1423.978,1441.728,1423.029,0.007583979080510232,240.0,0.3079999999999927,-0.001236044600188398,5.718000000000075,0.003962601304304339,1442.9915,1441.209,1445.19,1439.472,0.004210574689016457,358.0,0.29100000000016735,7.858500000000049,0.005544122665110379,0.005256748965080013,0.002324584176072196,0.004319653167116727,0.0019989205749616308,0.0028326553133980782,0.7276197747661817,-0.3179766546341202,-0.23513479688668837,-0.2870113845073209,-0.0824338638077445,-0.2197691350273952,1.0,0.42998027613410755,0.2855506776102183,-5.195016891597895,0.07476737610210252,1.0,0.0,-0.3179766546341202,-0.0
2019-07-22,False,True,True,0.0001527934750346594,3.5799999999999272,0.0025093689532881863,1426.6535,1426.8715,1428.135,1424.555,0.0019601621264025704,240.0,0.26499999999998636,0.0008082049542673671,4.8689999999999145,0.0034158269454656214,1425.4234999999999,1426.576,1429.06,1424.191,0.0032550507869188493,240.0,0.2765000000000555,,,,,,,,,,,,,,,0.003878674812351491,0.0018017600065912674,0.0027677884266745193,,,,-0.43546224358609525,-0.3450214120102787,0.08480234574843734,,,,,,,,,
2019-07-23,False,False,True,,,,,,,,,,,0.00027622639775405,9.948000000000093,0.006993078272496031,1422.5495,1422.9425,1429.75,1419.802,0.004820735644694048,240.0,0.28449999999998,,,,,,,,,,,,,,,,,,,,,,,,,,,,,,,,
2019-07-24,False,True,True,0.0031558265607399575,6.031999999999925,0.004242076873578039,1421.9450000000002,1426.4395,1426.741,1420.709,0.0020208283850042244,238.0,0.26149999999995543,-0.0026207816359238726,8.0300000000002,0.005630897146369456,1426.0605,1422.328,1429.4,1421.37,0.0027802255931140595,239.0,0.26900000000000546,,,,,,,,,,,,,,,0.003878674812351491,0.0018010894934957,0.00268808285865373,,,,0.08955942590339014,-0.2853207286430327,1.752176431063886,,,,,,,,,
2019-07-25,False,True,True,0.0008279305873927625,3.63799999999992,0.0025525274793124033,1425.254,1426.4344999999998,1427.675,1424.037,0.0017676285291369426,236.0,0.25950000000000273,-0.009421738411149889,18.125,0.012660960095447921,1431.566,1418.1415000000002,1433.215,1415.09,0.0070820258217035425,240.0,0.3269999999999982,,,,,,,,,,,,,,,0.0037827512128367005,0.001828512795758457,0.00262791159576287,,,,-0.3933675423273826,-0.39655062651144446,0.45278905857989443,,,,,,,,,
2019-07-26,False,True,True,0.00022660581416661808,2.5049999999998818,0.0017658223498124963,1418.6025,1418.924,1419.81,1417.305,0.001894761158438388,239.0,0.25,-0.0012464576281768786,11.625,0.008183692031301478,1420.508,1418.7385,1424.75,1413.125,0.005766600379404635,240.0,0.2905000000000655,,,,,,,,,,,,,,,0.003304688488334342,0.001816121850385849,0.0025900547219312245,,,,-0.6267257117454309,-0.3125862108194442,0.12477456516393652,,,,,,,,,
2019-07-29,False,True,True,0.0005062705252065107,2.3449999999998,0.0016527556793652573,1418.8425,1419.561,1420.024,1417.679,0.0019888489308384073,238.0,0.25,0.000254088199533268,7.553000000000111,0.00531681996021368,1420.586,1420.9470000000001,1422.151,1414.598,0.003932316407157567,239.0,0.2660000000000764,,,,,,,,,,,,,,,0.0032639324416025104,0.0017251432062853102,0.0023643821636718707,,,,-0.6804887353111976,-0.17296070156923204,0.29346579655647553,,,,,,,,,
2019-07-30,False,False,True,,,,,,,,,,,-0.0008515811554630788,5.964999999999918,0.00417387531903201,1429.1275,1427.911,1430.791,1424.826,0.002994895206565827,237.0,0.2719999999999345,,,,,,,,,,,,,,,,,,,,,,,,,,,,,,,,
2019-07-31,False,True,True,-0.00040300824896379923,2.494000000000142,0.0017415945715880856,1432.021,1431.444,1432.305,1429.811,0.0011841718390211942,237.0,0.25,-0.002009260759386725,6.988000000000056,0.004883069765426815,1431.067,1428.1945,1433.506,1426.518,0.002993227997633133,240.0,0.26499999999998636,,,,,,,,,,,,,,,0.0031150455182623175,0.0017221418680046614,0.0021448211911153266,,,,-0.581442650714423,-0.5940125278805912,-0.23401570825912257,,,,,,,,,
2019-08-01,False,True,True,0.000785122869047239,5.1469999999999345,0.003660130533040685,1406.234,1407.3385,1408.0,1402.853,0.002325454694960861,237.0,0.3269999999999982,0.00800312731992944,17.298000000000002,0.012321030584618585,1403.941,1415.222,1417.719,1400.421,0.00570408025082737,240.0,0.35550000000000637,,,,,,,,,,,,,,,0.00293722285238264,0.0017366547806071065,0.0021127780553334054,,,,0.22003428464836253,0.09591189222954628,0.45208919919753576,,,,,,,,,
2019-08-02,True,True,True,0.0023139086203455284,6.6310000000000855,0.004625502415640968,1433.574,1436.895,1440.019,1433.388,0.0037659381650059264,240.0,0.29349999999988086,0.005963138668329526,16.8599999999999,0.011724087576013531,1438.065,1446.6660000000002,1447.654,1430.794,0.0072258999245058166,240.0,0.3745000000000118,-0.003149490459058864,11.901999999999816,0.008275570518610172,1438.209,1433.6864999999998,1442.157,1430.255,0.00560596721899186,360.0,0.29300000000012005,7.858500000000049,0.005544122665110379,0.005270695401925482,0.001236044600188398,0.00293722285238264,0.0017006359374749061,0.0021127780553334054,1.514538397913055,0.41511070468839156,-0.5975474238007183,0.4541204685792365,0.577993315409988,1.3606137382826367,0.0,0.0,0.01431570910475618,-5.195016891597895,-0.24804833217864916,1.0,0.0,0.41511070468839156,0.0
2019-08-05,True,True,True,-0.00016763376073501316,6.38799999999992,0.004379364882402206,1458.659,1458.4144999999999,1461.77,1455.382,0.003781946368028313,240.0,0.2980000000000018,0.0025096725475865166,16.692000000000007,0.011433573690450997,1459.911,1463.5794999999998,1469.581,1452.889,0.006664664340415869,240.0,0.30199999999990723,0.009185698296951301,17.271999999999935,0.01199791467462633,1439.5835,1452.868,1455.962,1438.69,0.005785513877257926,360.0,0.30500000000006366,9.149499999999989,0.0064798255644810746,0.005329857362784829,0.003149490459058864,0.00293722285238264,0.001736798123536111,0.0021448211911153266,1.887753429149129,0.6353874602268988,1.7234416742724632,0.3994391829623404,0.5671826011666319,-0.09651885182470822,1.0,0.6347887862724738,0.6329307612438029,-5.039061688041841,1.0950532282651746,1.0,0.0,0.6353874602268988,0.0
2019-08-06,True,True,True,0.0023706266714644793,7.177999999999884,0.004910374380131853,1461.8029999999999,1465.2725,1465.6,1458.422,0.0028447743625002464,239.0,0.2869999999998072,0.004198683559236931,10.692000000000007,0.00730600097235685,1463.4544999999998,1469.612,1473.535,1462.843,0.005361838706186102,240.0,0.3020000000000209,-0.008637437064586086,18.398999999999887,0.0124816284526043,1474.0865,1461.409,1474.667,1456.268,0.0062299403184599015,360.0,0.32399999999995543,10.364500000000021,0.007395972876171532,0.005657225954036405,0.009185698296951301,0.00293722285238264,0.0014178352782496068,0.0021448211911153266,1.775194172415442,0.5739098098545192,-1.526797256245937,0.5138856605048651,0.2824275661199581,1.6720042926221614,0.0,0.0,0.03801437599496139,-4.906819632828568,-0.8762439230185074,1.0,0.0,0.5739098098545192,0.0
2019-08-07,True,True,True,0.002698725836146289,5.7849999999998545,0.003894187159952714,1485.5475,1489.562,1490.82,1485.035,0.0040904442586183155,240.0,0.27949999999998454,0.007860864319462112,18.741999999999962,0.012536777702970922,1494.9615,1506.7595000000001,1510.239,1491.497,0.008523984049645526,240.0,0.3244999999999436,0.006257097171546618,15.754999999999882,0.010667704886120224,1476.8874999999998,1486.1575,1490.08,1474.325,0.006596597641350892,358.0,0.3000000000000682,11.131500000000074,0.007853592791006603,0.0060195700533093675,0.008637437064586086,0.0031150455182623175,0.0014873823370457854,0.0021448211911153266,1.415352827561405,0.347378848113063,1.0394591500943935,0.22324120473363926,0.6455973967251037,1.8144129918245864,1.0,0.06647801284642718,0.0547994430220656,-4.846784171508534,0.3610861222203739,1.0,0.0,0.347378848113063,0.0
2019-08-08,True,True,True,-0.00031641990688868824,4.430000000000064,0.0029599122315867826,1496.666,1496.1925,1499.707,1495.277,0.0025851894161843395,240.0,0.27099999999995816,-0.0006521289537396039,9.59699999999998,0.006403727066573192,1498.6585,1497.6815000000001,1499.535,1489.938,0.004221971561084207,240.0,0.28449999999998,-0.0004169254473160563,14.927000000000135,0.009939535105163594,1501.7805,1501.1545,1506.613,1491.686,0.006617291680238899,359.0,0.3120000000001255,11.895999999999958,0.008407860899618945,0.006144464652576584,0.006257097171546618,0.0034510219958361925,0.0015767363707691032,0.0021448211911153266,1.2547915265635665,0.22696944449326123,-0.06785382793946503,-0.15351080144737858,0.18674259227568782,-0.20068028666982826,0.0,0.0,0.37731170141225406,-4.778588189357498,-0.015400745634161704,1.0,0.0,0.22696944449326123,0.0
2019-08-09,True,True,True,6.452812480519862e-05,2.6489999999998872,0.0017622733792273188,1503.172,1503.269,1503.868,1501.219,0.0020517857025991416,239.0,0.25,0.001327543254049002,11.030999999999949,0.0073434499102955075,1502.1550000000002,1504.1505000000002,1505.71,1494.679,0.0062960949938128934,240.0,0.32550000000003365,0.0016810672722631938,8.864000000000033,0.005892339825277255,1504.326,1506.857,1507.825,1498.961,0.003587972747524455,355.0,0.29099999999994,12.897499999999923,0.009192618142551389,0.006136723653326628,0.0004169254473160563,0.0034510219958361925,0.001574345184629285,0.0022413117509993076,0.6872649738321447,-0.3750353641317302,0.27393563198041543,-0.6720657495773091,-0.0883508091692856,0.04098727867001621,0.0,0.0,0.2857142857142832,-4.689354492812539,-0.10273554948843074,1.0,0.0,-0.3750353641317302,-0.0
2019-08-12,True,True,True,0.00891391710099756,19.510999999999967,0.013085909860073098,1490.993,1504.3429999999998,1506.27,1486.759,0.005521780964993122,240.0,0.2819999999999254,-0.00033256079082913956,6.875999999999976,0.00456348863972729,1506.742,1506.241,1506.695,1499.819,0.004284886076151064,240.0,0.26499999999987267,-0.0027809395580693,5.833999999999833,0.0038871073165432815,1500.859,1496.691,1501.041,1495.207,0.0024236106938829017,354.0,0.31150000000002365,11.895999999999958,0.008407860899618945,0.004543914729169097,0.0016810672722631938,0.0031150455182623175,0.001356804502048202,0.002104477254818448,0.4904169468728861,-0.7124993377123494,-0.612014028392171,1.4352923034149314,0.964633345547089,6.569787384653654,1.0,0.7101546738399565,0.47898453261601487,-4.778588189357498,0.43605958990008886,1.0,0.0,-0.7124993377123494,-0.0
2019-08-13,True,True,True,0.0033155075697147303,13.458000000000084,0.008838950228526786,1522.579,1527.6354999999999,1534.902,1521.444,0.0036314201266917363,240.0,0.26500000000010004,-0.01553758148234622,46.62099999999987,0.03055513865194555,1525.799,1502.275,1525.704,1479.083,0.015095220295634005,240.0,0.4339999999999691,0.004887672323863704,10.35200000000009,0.006845868109906928,1512.1529999999998,1519.562,1519.951,1509.599,0.004179820471866825,356.0,0.27500000000009095,11.131500000000074,0.007853592791006603,0.004412036124365745,0.0027809395580693,0.0031150455182623175,0.0022435834546209632,0.0022413117509993076,0.9299734986300158,-0.07259918933761414,1.1078042396052081,1.0429243524318987,0.48256249365164094,1.4777732305370654,1.0,1.3431253649553,0.27103265507793495,-4.846784171508534,-0.08042568974011016,1.0,0.0,-0.07259918933761414,-0.0
2019-08-14,True,True,True,0.008595793292148787,13.27800000000002,0.008867589221852028,1497.363,1510.2894999999999,1510.421,1497.143,0.0037806241774688983,240.0,0.26499999999987267,0.0017214961653245794,14.288999999999987,0.009427395725640279,1515.6889999999999,1518.3005,1520.121,1505.832,0.006812580060804905,240.0,0.3269999999999982,-0.00013325946336803108,9.788999999999987,0.006521949869131262,1500.9315,1500.7315,1503.758,1493.969,0.005994147440234517,360.0,0.3765000000000782,11.131500000000074,0.007853592791006603,0.004581258052276837,0.004887672323863704,0.0034510219958361925,0.0022885036932658756,0.0024553220555726,0.8793963077752255,-0.12851962081687554,-0.029087962705310288,0.9437325514314848,0.4316311861388663,3.756075778877993,1.0,0.5985716210753238,0.3026097111799863,-4.846784171508534,0.0037383739372218953,1.0,0.0,-0.12851962081687554,-0.0
2019-08-15,True,True,True,0.004371553486240337,12.411999999999807,0.008198174961550286,1513.9955,1520.6284999999998,1522.524,1510.112,0.0049200817545245155,240.0,0.3079999999999927,0.0026769471914777723,12.414999999999964,0.008193727030422364,1515.1835,1519.245,1520.273,1507.858,0.005048570495675795,240.0,0.33799999999996544,0.000783802768281269,8.472999999999956,0.005585341921738606,1517.0065,1518.196,1524.177,1515.704,0.005497675504354975,360.0,0.29500000000007276,10.362500000000068,0.007138741586654982,0.004576868425107086,0.00013325946336803108,0.0034510219958361925,0.002798667770928474,0.0024553220555726,0.8176598311218239,-0.20130888324509805,0.17125306988979702,0.8652411459814136,0.6950672109641312,1.5620123015852108,1.0,0.5396381182147005,0.405355850422185,-4.942218766531862,-0.034474764251809766,1.0,0.0,-0.20130888324509805,-0.0
2019-08-16,True,True,True,-0.0019752275778090224,11.021000000000186,0.007272194594715986,1515.4985000000001,1512.5079999999998,1516.553,1505.532,0.003740893964017506,239.0,0.28599999999983083,-0.002615036835534877,12.484000000000151,0.008246736217401084,1513.811,1509.8575,1516.053,1503.569,0.004959491032286944,240.0,0.30499999999995,-0.004732763792559535,11.088999999999942,0.007263821009598372,1526.607,1519.399,1527.809,1516.72,0.003924442287832661,360.0,0.32999999999992724,10.070500000000038,0.006683908989519095,0.004325604245911921,0.000783802768281269,0.0037771588464966996,0.002850203642856106,0.002596851669870401,1.1011369842609502,0.0963432680402708,-1.094127785044694,0.6550860168598535,0.36502479557944684,-0.6930127897211248,1.0,1.1109676778710154,0.38731939824236367,-5.008052284511784,-0.10541184646486874,1.0,0.0,0.0963432680402708,0.0
2019-08-19,True,True,True,-0.004926651484654117,11.701000000000022,0.0077620272947932,1507.467,1500.0585,1508.954,1497.253,0.003974939176881333,240.0,0.3009999999999309,0.005492847098022373,9.481999999999971,0.006345866453040769,1494.201,1502.431,1503.372,1493.89,0.0046559061487133424,240.0,0.2905000000000655,-0.001599354102558912,7.615000000000009,0.005044289056641774,1509.6280000000002,1507.2154999999998,1512.657,1505.042,0.00396625792550698,358.0,0.3020000000001346,10.362500000000068,0.00705484455975265,0.004409054389281408,0.004732763792559535,0.0037771588464966996,0.0028906561158524415,0.002707617163783659,0.7348612786489707,-0.30807353411429367,-0.36274311027938494,0.7202714502977948,0.3839404738300225,-1.7043367620369017,1.0,0.7516525934861217,0.024270205066374326,-4.954040726556134,0.11175155195938109,1.0,0.0,-0.30807353411429367,-0.0
2019-08-20,False,True,True,0.005207348278217182,8.316000000000031,0.005555275357216718,1496.9555,1504.771,1505.097,1496.781,0.002660027720910536,240.0,0.2699999999999818,-0.0012495174700481878,5.986000000000104,0.003976032217418491,1505.521,1503.641,1507.384,1501.398,0.003635016409470293,240.0,0.29349999999999454,,,,,,,,,,,,,,,0.004068132016765377,0.0032179292107140573,0.002726644143028354,,,,0.31156406096040706,-0.024735057275135662,1.6182295933917306,,,,,,,,,
2019-08-21,False,True,True,0.0012041141238370136,5.9220000000000255,0.003948565961121112,1499.7849999999999,1501.592,1502.013,1496.091,0.002388116025386319,238.0,0.2580000000000382,0.0020441507560089696,7.746000000000095,0.005164609423912085,1499.8229999999999,1502.892,1505.779,1498.033,0.003349956965103781,239.0,0.27700000000004366,,,,,,,,,,,,,,,0.004310720877990122,0.003285499185152297,0.002752401041705391,,,,-0.08775268202624886,-0.14196885562252873,0.3664935085902929,,,,,,,,,
2019-08-22,False,True,True,-0.003247873858274036,6.831000000000131,0.004550171788801775,1501.2620000000002,1496.394,1502.006,1495.175,0.0020086297954297026,239.0,0.27300000000013824,0.005193052074295292,11.867999999999938,0.007949497781033092,1492.9245,1500.6975,1504.498,1492.63,0.004742960415590608,240.0,0.29700000000002547,,,,,,,,,,,,,,,0.004310720877990122,0.003266350110451087,0.002752401041705391,,,,0.05405984082671177,-0.3150208410217373,-0.9943434562884322,,,,,,,,,
2019-08-23,False,False,True,,,,,,,,,,,0.02132346053366568,33.6579999999999,0.022500362661083288,1495.8870000000002,1528.127,1529.279,1495.621,0.008891073175369026,240.0,0.3629999999999427,,,,,,,,,,,,,,,,,,,,,,,,,,,,,,,,
2019-08-26,True,True,True,-0.003040394211948558,12.139000000000124,0.007896142215121983,1537.333,1532.6660000000002,1537.102,1524.963,0.007006753714534527,240.0,0.4679999999999609,-7.11706594359961e-05,10.798999999999978,0.007050867908365473,1531.5845,1531.4755,1536.831,1526.032,0.004202005194551775,240.0,0.3790000000001328,-0.003000812402609413,11.029999999999973,0.00712808121488869,1547.4009999999998,1542.7645,1549.067,1538.037,0.004606638405978457,360.0,0.35450000000003,10.070500000000038,0.006683908989519095,0.0043599243756786265,0.001599354102558912,0.004464768335601991,0.003439679872197482,0.002752401041705391,1.0952782880691059,0.09100847533460593,-0.6882716634602942,0.5701569845438859,0.9344008634634648,-0.8839177844786366,1.0,1.2982473561392205,0.5393475994240499,-5.008052284511784,-0.06263855470753438,1.0,0.0,0.09100847533460593,0.0
2019-08-27,True,True,True,-0.0017725864908650305,5.466999999999871,0.0035661681728458967,1533.018,1530.303,1534.924,1529.457,0.0022962953407955865,240.0,0.2599999999999909,0.007356817708578956,14.368999999999915,0.009384805093358149,1531.092,1542.3975,1542.745,1528.376,0.004530766491592278,240.0,0.2945000000000846,0.0019686785615946898,6.2309999999999945,0.004075989634387455,1528.7085,1531.721,1531.81,1525.579,0.00262282184736325,354.0,0.3069999999999027,10.070500000000038,0.006683908989519095,0.004308770464918976,0.003000812402609413,0.004587837102221371,0.003586180401499489,0.0032380972445959916,0.6187378978203635,-0.4800735243687187,0.45690031010545135,-0.25191701504489294,-0.34368878417160814,-0.4942825771185017,1.0,0.3092199990070027,0.12879201628519146,-5.008052284511784,-0.21934574215748454,1.0,0.0,-0.4800735243687187,-0.0
2019-08-28,True,True,True,0.003125475178715361,5.625999999999976,0.0036576180818699076,1538.1595,1542.9744999999998,1543.489,1537.863,0.003530136747901367,240.0,0.29300000000012005,-0.005015972237846113,13.110000000000127,0.008482993571430964,1545.445,1537.7125,1546.787,1533.677,0.005733593704459635,240.0,0.30750000000000455,-0.0029224994544954697,12.814999999999827,0.008302177224112028,1543.571,1539.0665,1544.572,1531.757,0.0037259381038251193,355.0,0.3160000000000309,9.32650000000001,0.0062071448472042585,0.004261540350779718,0.0019686785615946898,0.004587837102221371,0.003645770471361501,0.0032380972445959916,1.3740417091084345,0.3177565493135397,-0.6857847665247968,-0.22659655520453068,0.08635072186999879,0.857287973356195,0.0,0.0,0.0972497721546051,-5.08205425571782,-0.2179126009827109,1.0,0.0,0.3177565493135397,0.0
2019-08-29,True,True,True,-0.008326292753928969,14.75,0.009519961584534678,1549.376,1536.529,1549.86,1535.11,0.004496130080021205,240.0,0.3454999999999018,-0.0002075753289534875,9.603000000000065,0.00624808468194501,1536.951,1536.632,1545.194,1535.591,0.004578162433419507,240.0,0.3244999999999436,0.0036106684218065173,7.046000000000049,0.004579007208069638,1538.7615,1544.3274999999999,1544.961,1537.915,0.00250895779965372,358.0,0.27899999999999636,10.070500000000038,0.006683908989519095,0.004299546358739644,0.0029224994544954697,0.004587837102221371,0.003665587118788139,0.0035807784372965516,0.6996673452162279,-0.35715027801174976,0.8397789256225016,0.7299821201031655,0.2276368272004545,-2.2714758875194,1.0,0.4864703837942375,0.5013157241447878,-5.008052284511784,-0.29992727675448494,1.0,0.0,-0.35715027801174976,-0.0
2019-08-30,True,True,True,-0.0018969057061866078,7.204999999999927,0.004713238213797147,1528.673,1525.7759999999998,1529.061,1521.856,0.0027121068277409723,240.0,0.2745000000001028,0.0023363799900319713,8.691000000000031,0.005702445339263039,1524.083,1527.6480000000001,1532.611,1523.92,0.004368793111084332,240.0,0.3084999999999809,0.0006114094420100114,7.5750000000000455,0.004954911936660884,1528.786,1529.721,1529.643,1522.068,0.00417197696501364,355.0,0.28599999999983083,10.070500000000038,0.006683908989519095,0.0042978285449121285,0.0036106684218065173,0.004767938397886411,0.004247632749453252,0.003686157045354621,0.7521970110719445,-0.28475700653536384,0.14226008218355116,-0.0115388191248048,-0.30685870417968575,-0.4465794992353739,1.0,0.02105158631646773,0.10406633235688376,-5.008052284511784,-0.04050955515206287,1.0,0.0,-0.28475700653536384,-0.0
2019-09-02,True,True,True,0.0009701289036810988,7.05600000000004,0.004633661025630949,1522.77,1524.248,1526.25,1519.194,0.0027177261752717305,238.0,0.26700000000005275,0.0019266799608394524,6.279999999999973,0.004119460416281953,1524.4715,1527.4115000000002,1529.569,1523.289,0.002998900074121238,238.0,0.28100000000006276,-0.002856881448108081,7.183999999999969,0.004697890461464395,1529.1970000000001,1524.8345,1529.805,1522.621,0.0037321442762779794,357.0,0.2999999999999545,9.32650000000001,0.0062071448472042585,0.004047467790533281,0.0006114094420100114,0.0048118062969645,0.0042955008748802835,0.003686157045354621,0.7702782394252894,-0.2610034795025871,-0.7058441465031814,-0.037725269214594084,-0.30478889852128277,0.225847679220444,1.0,0.3674475955610498,0.22135849461212143,-5.08205425571782,0.1842277782238642,1.0,0.0,-0.2610034795025871,-0.0
2019-09-03,True,True,True,0.0024574967534919906,7.94399999999996,0.005203344052457856,1526.7105000000001,1530.467,1533.735,1525.791,0.0025996339526610287,240.0,0.4395000000000664,0.011231346056382477,19.518999999999778,0.012744110035880411,1531.6095,1548.9085,1549.649,1530.13,0.0060416683753611216,240.0,0.34150000000011005,0.0002545052270014522,5.266000000000076,0.0034501804039450226,1526.297,1526.6855,1526.814,1521.548,0.0027026960869878935,354.0,0.29700000000002547,9.32650000000001,0.0062071448472042585,0.004084863182916993,0.002856881448108081,0.0048118062969645,0.004281482164102676,0.0035807784372965516,0.564627673832635,-0.5715887494283493,0.062304467886660164,0.07822896276810662,-0.3202095696835712,0.5739827142330368,1.0,0.7420790221411906,0.002680533962375052,-5.08205425571782,-0.03561253288313483,1.0,0.0,-0.5715887494283493,-0.0
2019-09-04,True,True,True,-0.0006785205260685007,4.197000000000116,0.0027294196910365304,1537.6895,1536.6464999999998,1539.457,1535.26,0.0024134957108565987,240.0,0.25900000000001455,0.0072749554278823975,13.20399999999995,0.008596412931208155,1535.9895000000001,1547.2045,1549.066,1535.862,0.0039202861631894735,240.0,0.29700000000002547,-0.004747367522552377,9.270999999999958,0.005984535485209856,1549.1595,1541.8225,1549.329,1540.058,0.003977380478555317,360.0,0.29099999999994,9.32650000000001,0.0062071448472042585,0.004056208753115613,0.0002545052270014522,0.005056859216294855,0.004291825748103268,0.003187455555200807,0.9940492146035435,-0.005968561877640509,-1.1703952659995318,-0.6166565631228041,-0.27814676795072263,-0.15809600992499906,1.0,0.5144480780571487,0.4431458746582355,-5.08205425571782,0.006985576566415728,1.0,0.0,-0.005968561877640509,-0.0
2019-09-05,True,True,True,-0.00423819342909026,11.975000000000136,0.007735008616702798,1548.156,1541.6084999999998,1550.113,1538.138,0.0036093095144569994,240.0,0.2764999999999418,-0.01650955736151928,38.547000000000025,0.024981473062464718,1543.0235,1517.7579999999998,1544.58,1506.033,0.009522475401856684,240.0,0.4089999999999918,-0.004080095303928139,9.916999999999916,0.006392760587022584,1551.286,1544.9695,1551.607,1541.69,0.004219168620194253,359.0,0.3009999999999309,9.529999999999973,0.006253242677170558,0.00418150960566013,0.004747367522552377,0.004958291133127502,0.004290605141237928,0.0031239314615865484,1.0406086044071297,0.0398057385378718,-0.9757469643033427,0.4446954462516518,0.14442419139290275,-0.9877845407763284,1.0,0.3727177334732576,0.3343651626442847,-5.074655121431429,-0.03884032854018099,1.0,0.0,0.0398057385378718,0.0
2019-09-06,True,True,True,0.0007373354188006388,9.256000000000085,0.006145178514581079,1506.2215,1507.3325,1511.94,1502.684,0.004561764458685636,240.0,0.3669999999999618,0.010357513999702337,25.077999999999975,0.016658407653381817,1505.426,1521.0995,1527.617,1502.539,0.0077873744140266096,240.0,0.38850000000002183,-0.0004762047559634166,7.373000000000047,0.004855078571541487,1518.616,1517.893,1520.001,1512.628,0.0037139848453755626,360.0,0.3769999999999527,9.529999999999973,0.00618864803611622,0.004220040627885459,0.004080095303928139,0.005379309704837287,0.004402614497681425,0.0031239314615865484,0.7736621196222527,-0.2566200386585879,-0.1128436425035152,0.13310773468488948,0.37861719895361007,0.16747671620782292,1.0,1.0434417628541437,1.2247114375655779,-5.085038627107466,0.02895793990162794,1.0,0.0,-0.2566200386585879,-0.0
2019-09-09,True,True,True,9.405888954532534e-05,6.731999999999971,0.004459395947924676,1509.6215,1509.7635,1511.155,1504.423,0.002661106567101589,240.0,0.2720000000000482,-0.007358339001492445,17.68399999999997,0.011699434875748066,1511.5259999999998,1500.4445,1515.18,1497.496,0.004844693074391332,240.0,0.32199999999988904,0.003042446884907295,7.05399999999986,0.004684341522630045,1505.868,1510.4565,1512.444,1505.39,0.0034570757672455366,357.0,0.28899999999998727,9.067499999999995,0.005938437655243555,0.0035770166369705693,0.0004762047559634166,0.005850226935898898,0.004400015852000713,0.0035697231311791833,0.7779432037496403,-0.25110176036107945,0.8505543008835402,-0.27146713377829623,-0.2937459995342553,0.021376943335910076,1.0,0.1066446098704272,0.09208712434519292,-5.126309201206443,-0.21357568223454418,1.0,1.0,-0.25110176036107945,-0.25110176036107945
2019-09-10,True,True,True,0.0027068708859726864,6.343000000000075,0.004253572752993075,1491.217,1495.259,1496.703,1490.36,0.0031052994315548363,240.0,0.2665000000000646,0.0016852808818825272,11.998999999999796,0.00804241386359586,1491.965,1494.4814999999999,1500.677,1488.678,0.005377796920602936,240.0,0.30349999999998545,-0.0048830219150572335,10.867999999999938,0.007263404684187551,1496.268,1488.9795,1497.277,1486.409,0.0045144677053368925,358.0,0.3300000000000409,8.668499999999995,0.005738840873507931,0.003162351897477864,0.003042446884907295,0.005850226935898898,0.00439988710479316,0.0035697231311791833,1.2537347868720015,0.22612692612029092,-1.544110862219885,-0.3187211753997355,-0.13937789247329269,0.6152137137845807,0.0,0.0,0.25811847493801504,-5.160498027456221,-0.34916504286273464,1.0,0.0,0.22612692612029092,0.0
2019-09-11,True,True,True,0.0002444387681338689,5.751999999999953,0.0038525579457667756,1493.034,1493.399,1494.644,1488.892,0.002688093278534219,240.0,0.27549999999996544,0.0021523212898659043,10.736000000000104,0.0071984460582541114,1491.433,1494.6464999999998,1497.51,1486.774,0.004470221159553204,240.0,0.3385000000000673,0.004917011193128178,7.769999999999982,0.005225001193613517,1487.081,1494.411,1494.691,1486.921,0.0037430284336804616,357.0,0.2739999999998872,8.668499999999995,0.005738840873507931,0.0029318268388838315,0.0048830219150572335,0.005379309704837287,0.003968839817976473,0.0033177180897281016,0.8963488492818812,-0.1094256010642509,1.6771151446993784,-0.3338227291099055,-0.2104451003485783,0.06158947686089706,0.0,0.0,0.15885101228585724,-5.160498027456221,-0.1835193327626876,1.0,1.0,-0.1094256010642509,-0.1094256010642509
2019-09-12,True,True,True,0.000994708949906876,5.515999999999849,0.0036743938182786096,1501.2,1502.694,1505.811,1500.295,0.002477906318507781,240.0,0.2664999999999509,-0.006272030704315314,23.258000000000038,0.01537517225012125,1512.6985,1503.2404999999999,1524.067,1500.809,0.009776247734606674,240.0,0.3344999999999345,0.003114367933126546,8.919999999999845,0.005973905685289589,1493.1605,1497.818,1498.098,1489.178,0.0028179369133084714,359.0,0.27899999999999636,8.121499999999969,0.005405171557676062,0.003198020858200628,0.004917011193128178,0.004958291133127502,0.00389805394257137,0.0029115128034132836,1.0983192759957987,0.09378108041459103,0.9738422828420358,-0.2996729801091841,-0.16125883260804716,0.2551809093874959,1.0,0.9497014098380835,0.4164255371544757,-5.220399087844073,0.09132798143833785,1.0,0.0,0.09378108041459103,0.0
2019-09-13,False,True,True,0.00019035675338082296,6.070999999999913,0.004034086737183942,1504.9255,1505.212,1507.499,1501.428,0.0032665658035575173,239.0,0.29899999999997817,-0.011506613776987085,19.798000000000002,0.013127524236985034,1508.129,1490.875,1508.853,1489.055,0.006720183252636491,240.0,0.31399999999996453,,,,,,,,,,,,,,,0.004673449619714048,0.0033452218809104776,0.0027149165015063516,,,,-0.14711753475800093,0.18497802166640626,0.0569040739770042,,,,,,,,,
2019-09-16,True,True,True,-0.0013293986338520352,6.097999999999956,0.00405165629224279,1505.0635,1503.064,1505.039,1498.941,0.0033797276869455364,240.0,0.27349999999989905,0.0002397242351569619,10.307999999999993,0.006855405348785702,1503.6309999999999,1503.9915,1506.138,1495.83,0.004528828375128794,240.0,0.28350000000000364,-0.0015171331457604685,10.631000000000085,0.0070577683417498,1506.2835,1504.0,1511.779,1501.148,0.004621418165375575,356.0,0.3300000000000409,8.121499999999969,0.005405171557676062,0.0032653575924168426,0.003114367933126546,0.004591916407216362,0.003156704710716294,0.0027149165015063516,1.3089946438465956,0.2692593951291666,-0.4646147023173557,-0.1251716962838915,0.21903394185353056,-0.42113493521868844,1.0,0.27174782983437645,0.13094871637012626,-5.220399087844073,-0.12510187371408898,1.0,0.0,0.2692593951291666,0.0
2019-09-17,True,True,True,0.0030383955002283003,5.870000000000118,0.003927983402095428,1494.4054999999998,1498.953,1499.961,1494.091,0.002511479065939152,240.0,0.26700000000005275,0.0025689628231904157,7.901000000000067,0.0052637837884653566,1501.0115,1504.8725,1505.74,1497.839,0.004720996311427242,240.0,0.33749999999997726,-0.0003498402554261838,4.711000000000013,0.003144674029605069,1498.0884999999998,1497.5645,1500.835,1496.124,0.002330074875542256,359.0,0.2960000000000491,8.6964999999999,0.0057796238035140975,0.0032299351336954104,0.0015171331457604685,0.004504783868363225,0.0031452706688211616,0.0027149165015063516,0.5417121830621591,-0.6130204461481528,-0.10831185176958247,-0.1370137490159042,-0.07788934951215602,0.9660203588669468,1.0,0.23377220720981456,0.36324958316565764,-5.153416684313245,0.06639737969492203,1.0,0.0,-0.6130204461481528,-0.0
2019-09-18,False,True,True,-0.0002617477639007388,3.5860000000000127,0.002388052545147254,1501.642,1501.249,1503.006,1499.42,0.0013406413298775325,237.0,0.25,0.004241842520225907,9.5300000000002,0.006346145266128698,1501.699,1508.0825,1510.88,1501.35,0.0032805334804605936,240.0,0.3079999999999927,,,,,,,,,,,,,,,0.004356484350458875,0.003068764396640805,0.0027001000531375954,,,,-0.6011871913360053,-0.7001407251868389,-0.08529418686793244,,,,,,,,,
2019-09-19,True,True,True,0.0014940786360820497,5.394999999999982,0.003605174879381996,1496.46,1498.6975,1498.917,1493.522,0.00246437240030987,240.0,0.25900000000001455,-0.001874947738257805,7.971000000000004,0.005308873397922076,1501.4485,1498.636,1504.422,1496.451,0.0038755000869115565,240.0,0.31150000000013733,0.003650366470841082,8.338999999999942,0.005592011182681156,1491.2345,1496.688,1497.245,1488.906,0.0026133948737485572,359.0,0.2839999999998781,8.121499999999969,0.005405171557676062,0.002982536113394911,0.0003498402554261838,0.004152614522617932,0.002795097007556344,0.0027001000531375954,1.0267807670996705,0.026428438927531724,1.2239135863089363,-0.14136786153147063,-0.09135165830062796,0.5345355213228433,1.0,0.20587329926738063,0.028073631718286814,-5.220399087844073,0.03234612546834205,1.0,0.0,0.026428438927531724,0.0
2019-09-20,False,True,True,-0.00027257702464115986,3.7159999999998945,0.0024701419268036953,1504.367,1503.957,1506.53,1502.814,0.0021924632084163584,239.0,0.25900000000001455,0.0015530640159223546,6.170999999999822,0.004113834075358842,1500.0605,1502.392,1504.764,1498.593,0.0027220322977605962,240.0,0.27299999999991087,,,,,,,,,,,,,,,0.004152614522617932,0.0028048712321694135,0.0027001000531375954,,,,-0.519462532089069,-0.2082631645718082,-0.09717987104539431,,,,,,,,,
2019-09-23,False,True,True,0.0033978611814672773,9.610999999999876,0.006346990380125934,1514.261,1519.415,1521.087,1511.476,0.0032208568933501237,240.0,0.2640000000001237,0.0025225884193817026,10.363000000000056,0.006821627250699281,1519.1390000000001,1522.976,1526.614,1516.251,0.004367214702316525,240.0,0.2865000000000464,,,,,,,,,,,,,,,0.004042871514713366,0.002725722768597769,0.0027001000531375954,,,,0.45102553420267055,0.17635861105966416,1.2465908934734715,,,,,,,,,
2019-09-24,False,True,True,-0.000627193369747777,4.23700000000008,0.0027832217121510783,1522.3365,1521.382,1523.805,1519.568,0.0024833549214144067,240.0,0.26700000000005275,0.004216954351794014,13.288000000000011,0.008737078568941759,1520.8745,1527.3015,1528.865,1515.577,0.004092782164143919,240.0,0.2980000000000018,,,,,,,,,,,,,,,0.004042871514713366,0.0027634948913301586,0.0027001000531375954,,,,-0.37334606449194097,-0.08367839216874576,-0.22695658736893437,,,,,,,,,
2019-09-25,True,True,True,4.414441502742016e-05,4.914999999999964,0.0032144383545607016,1529.0385,1529.106,1532.786,1527.871,0.002274246373657653,240.0,0.2515000000000782,-0.013011745147045907,22.090999999999894,0.014454282304414668,1528.336,1508.5785,1530.37,1508.279,0.006066977193603544,240.0,0.2939999999999827,-0.0019607833402595478,7.259999999999991,0.004739656727423706,1531.7565,1528.7559999999999,1534.856,1527.596,0.002617863169566576,353.0,0.3109999999999218,8.054499999999962,0.005405171557676062,0.0031332165060727686,0.003650366470841082,0.004042871514713366,0.0027358206361873414,0.0027001000531375954,0.9013594884847012,-0.103851112619175,-0.6258052504380649,-0.2293025633505683,-0.17164009584486783,0.016135712423362713,0.0,0.0,0.035073561363244896,-5.220399087844073,0.06499057154091449,1.0,0.0,-0.103851112619175,-0.0
2019-09-26,True,True,True,0.0002146805740214655,4.794999999999845,0.0031774810361701682,1509.057,1509.3809999999999,1510.168,1505.373,0.0027737047865464804,240.0,0.2555000000000973,0.001870154405615813,12.702999999999975,0.008436686002260748,1505.686,1508.5045,1512.229,1499.526,0.004629422605780414,240.0,0.3245000000000573,0.0012424013970373784,4.630000000000109,0.0030730877164104934,1506.6280000000002,1508.501,1511.065,1506.435,0.002232923039856559,355.0,0.25700000000006185,7.6924999999999955,0.005134645125127645,0.003135946471106243,0.0019607833402595478,0.004042871514713366,0.002641063565994358,0.0026745999228179043,0.6018849528761926,-0.507688960115893,0.39618067734399376,-0.24086645456044573,0.03638408705372709,0.08128565203262667,1.0,0.13805654858627217,0.07227819304517911,-5.271744547020398,-0.20113655609878234,0.0,0.0,-0.0,-0.0
2019-09-27,True,True,True,-0.0034043954923553897,9.105999999999995,0.006079504239329235,1497.8195,1492.7289999999998,1499.753,1490.647,0.0028682709669216543,240.0,0.2699999999999818,-0.0006708372584642473,12.144999999999982,0.00812427566346299,1494.9025,1493.9,1498.98,1486.835,0.005959329790500494,240.0,0.38599999999996726,-0.0013822693561568288,2.7670000000000528,0.0018362224915024457,1506.8980000000001,1504.8165,1507.355,1504.588,0.0018078735186170976,357.0,0.27100000000018554,7.595000000000027,0.004999600496651329,0.003003095854659134,0.0012424013970373784,0.003981035069639685,0.0017870531677931308,0.0026745999228179043,0.36431863067808334,-1.0097264352429318,-0.46028146388078683,0.4233812998362796,0.06990959007620841,-1.9050331314761881,1.0,1.8355497037524662,0.9212639894667305,-5.29839727041,0.46475836173274515,0.0,0.0,-0.0,-0.0
2019-09-30,True,True,True,-0.002466787094047518,8.889000000000124,0.005960873094560963,1491.2245,1487.5505,1494.351,1485.462,0.0034880841859413502,240.0,0.25900000000001455,-0.010892642332657049,21.338000000000193,0.01437286117134992,1484.6035000000002,1468.52,1487.313,1465.975,0.006988704558510388,240.0,0.30199999999990723,-0.0017108998769174147,6.083000000000084,0.004065092264830493,1496.399,1493.841,1497.16,1491.077,0.0023759944869215133,357.0,0.2660000000000764,7.474000000000046,0.004904995254101185,0.002998537813536513,0.0013822693561568288,0.003981035069639685,0.0019146678708609577,0.0026745999228179043,0.81388814557132,-0.20593233572471628,-0.5705780561424897,0.4036751094910425,0.2655528340340245,-1.2883629226714355,1.0,0.7512710730532478,0.3500802782980792,-5.317501153528748,0.1175004718146912,0.0,0.0,-0.0,-0.0
2019-10-01,True,True,True,0.003519352546135724,10.962999999999965,0.007493337470856752,1463.033,1468.191,1470.017,1459.054,0.0037411098437591214,240.0,0.2619999999999436,0.011855847486341348,22.757000000000062,0.015513974984848742,1466.871,1484.3654999999999,1484.73,1461.973,0.008640317013101403,240.0,0.31100000000003547,-0.0075388857118219455,12.808999999999969,0.008691557267313034,1473.729,1462.6605,1474.69,1461.881,0.003584908106336998,360.0,0.29300000000000637,7.316500000000019,0.0047973676494825965,0.0029506119117113125,0.0017108998769174147,0.003981035069639685,0.002002502997147123,0.0026745999228179043,1.7507004715369283,0.5600159772986499,-2.5550244957323107,0.6324724352845709,0.335582509474057,1.7574767933678948,1.0,0.38638693364313415,0.05091232146517385,-5.339687917855851,-1.4308545399995203,0.0,0.0,0.0,0.0
2019-10-02,True,True,True,0.005471598000905858,9.10200000000009,0.006164165084765795,1476.5990000000002,1484.7005,1484.95,1475.848,0.0034327199653737903,240.0,0.2699999999999818,0.008212505300061831,18.595000000000027,0.012511960209342372,1486.1779999999999,1498.4335,1502.597,1484.002,0.0061192982159294605,240.0,0.31399999999996453,-0.0023125732985188104,6.0909999999998945,0.00411091576031012,1481.665,1478.2424999999998,1481.829,1475.738,0.0022166346853870473,356.0,0.26900000000000546,7.474000000000046,0.004904995254101185,0.0033213880030841035,0.0075388857118219455,0.003981035069639685,0.002080391075601765,0.00273089903254035,0.8149585228792958,-0.20461805920896806,-0.6962671318049715,0.43721084594998283,0.2287220688123924,2.630081461642094,1.0,0.41758094728392764,0.21989563821242522,-5.317501153528748,0.14246882920092802,0.0,0.0,-0.0,-0.0
2019-10-03,True,True,True,0.003567360353308064,8.034999999999854,0.00536777796705838,1496.895,1502.2444999999998,1504.466,1496.431,0.0033510768626738288,240.0,0.28449999999998,0.004429329687935889,21.25299999999993,0.014134132270153211,1503.665,1510.34,1519.431,1498.178,0.012537996654831029,240.0,0.3350000000000364,-0.001146975191624953,5.1159999999999854,0.0034106200548592405,1500.0205,1498.301,1502.705,1497.589,0.002752356420001955,355.0,0.25900000000001455,7.316500000000019,0.0047973676494825965,0.0033026463116359586,0.0023125732985188104,0.004042871514713366,0.002381174261267197,0.0028209878767340674,0.6992414405795082,-0.3577591878337534,-0.34728974385900907,0.28345882602881445,0.17219461122283225,1.4981517360302774,1.0,0.24068885396022177,0.19216838652360355,-5.339687917855851,0.12424609670599132,0.0,0.0,-0.0,-0.0
2019-10-04,False,True,True,0.0009212900832849544,3.175999999999931,0.0021060183984843634,1508.0590000000002,1509.449,1510.085,1506.909,0.0015877453197775983,240.0,0.31349999999997635,-0.0031296010299151993,19.274999999999864,0.012777928225498687,1508.4605000000001,1503.747,1514.84,1495.565,0.008498961225666249,240.0,0.3914999999999509,,,,,,,,,,,,,,,0.004042871514713366,0.0022004168062770522,0.0028209878767340674,,,,-0.6521560605676396,-0.5747721625148738,0.4186888959659017,,,,,,,,,
2019-10-07,True,True,True,-0.004320402651832666,8.217000000000098,0.005455327658252369,1506.234,1499.7404999999999,1507.634,1499.417,0.0035446437267670993,239.0,0.26499999999987267,-0.00021716805273097636,8.782999999999902,0.0058592316754746835,1499.002,1498.6765,1504.058,1495.275,0.0032874417654889343,240.0,0.2839999999999918,-0.001844907551257577,4.906000000000176,0.0032527958065058414,1508.241,1505.461,1509.034,1504.128,0.0016738028827370962,356.0,0.2964999999999236,7.316500000000019,0.0047973676494825965,0.003145812219562799,0.001146975191624953,0.003981035069639685,0.0022002278483119466,0.00273089903254035,0.6705391922367476,-0.39967312571401314,-0.5864646146978156,0.31505082992203587,0.26080678379374544,-1.9636160205623043,1.0,0.6438871044898518,0.10565160937605533,-5.339687917855851,0.23439414567694034,0.0,1.0,-0.0,-0.39967312571401314
2019-10-08,False,True,True,0.007535918293677356,13.754999999999882,0.009224532360470904,1491.1325000000002,1502.412,1504.732,1490.977,0.0028832505325484415,240.0,0.2749999999998636,-0.0027267431038272873,7.690000000000055,0.0051060942130821945,1506.0435,1501.9425,1508.615,1500.925,0.004100064281848168,240.0,0.3789999999999054,,,,,,,,,,,,,,,0.003981035069639685,0.0024857847561429187,0.0028209878767340674,,,,0.8403246427765397,0.021831180324022918,3.031605321037733,,,,,,,,,
2019-10-09,False,True,True,-0.00403074671007737,11.545000000000073,0.007654109816089258,1508.3400000000001,1502.2725,1511.333,1499.788,0.0038214639967062425,240.0,0.2685000000000173,0.003859365884154941,7.624000000000024,0.005076307745164574,1501.879,1507.6864999999998,1509.182,1501.558,0.0037841878120027047,240.0,0.3745000000000118,,,,,,,,,,,,,,,0.003981035069639685,0.002896125709213317,0.0028209878767340674,,,,0.653700881209694,0.3035464599057631,-1.391772013643791,,,,,,,,,
2019-10-10,False,True,True,-0.0002034212946632807,5.374000000000024,0.003566312745188165,1506.8784999999998,1506.572,1510.304,1504.93,0.002772254012300616,240.0,0.2925000000000182,-0.009232123764425844,18.89300000000003,0.01252487672678627,1508.438,1494.576,1510.56,1491.667,0.006047278141894968,240.0,0.40250000000003183,,,,,,,,,,,,,,,0.004042871514713366,0.0030976334223326244,0.002875760749735048,,,,-0.12542299290863612,-0.03665653569162054,-0.06566990567595873,,,,,,,,,
2019-10-11,False,True,True,-0.0028618200979628277,10.641999999999825,0.007099790348701529,1498.9175,1494.634,1503.099,1492.457,0.0038349110769280905,240.0,0.2660000000000764,-0.0008958902647990591,13.761999999999944,0.00927991012742172,1482.9885,1481.6605,1487.724,1473.962,0.005748079240745716,240.0,0.3280000000000882,,,,,,,,,,,,,,,0.004042871514713366,0.0031028857918082866,0.002875760749735048,,,,0.5631100447957444,0.2878289994585671,-0.9223091953684278,,,,,,,,,
2019-10-14,True,True,True,0.004840036252238632,8.883000000000038,0.005971355241522961,1487.6019999999999,1494.8195,1496.176,1487.293,0.003006857436846431,240.0,0.27899999999999636,-0.001243535550783308,5.669999999999845,0.0037945419495980736,1494.2514999999999,1492.3944999999999,1494.33,1488.66,0.003494699149879729,240.0,0.35149999999998727,0.0019129592804746124,4.379999999999882,0.0029499756862733737,1484.758,1487.601,1488.136,1483.756,0.003481446690065448,355.0,0.32100000000014006,7.22199999999998,0.00471877359444405,0.0031313469196785357,0.001844907551257577,0.004709717129650585,0.003198903693645347,0.002875760749735048,0.6064801993907358,-0.5000831984669354,0.6109062105041356,0.23734606144648,0.044578244605495074,1.5130296863432966,1.0,1.1132650235391839,0.00013846579891290255,-5.356206344832357,-0.30550393171222306,0.0,1.0,-0.0,-0.5000831984669354
2019-10-15,True,True,True,0.003374933436609134,8.970000000000027,0.006018516499424167,1490.4005,1495.4389999999999,1498.085,1489.115,0.0027293146463974625,240.0,0.2924999999999045,-0.008176640648644574,17.089999999999918,0.011441999973219373,1493.62,1481.4569999999999,1494.224,1477.134,0.005041587032466116,240.0,0.29700000000002547,0.00011029581247473621,4.31899999999996,0.0028960114633507436,1491.3615,1491.5259999999998,1495.36,1491.041,0.0022563570243060455,354.0,0.25700000000006185,7.156999999999925,0.004711999125026876,0.003166277546711021,0.0019129592804746124,0.0054115528126553744,0.0033115971630295693,0.002875760749735048,0.6034651390247318,-0.5050670047778952,0.03483453703839269,0.1063047222420814,-0.05226671544605337,1.0191255972455364,1.0,0.3807461226771224,0.157258627916709,-5.35764301832326,-0.01759377528480565,0.0,1.0,-0.0,-0.5050670047778952
2019-10-16,True,True,True,0.00042798192328416144,5.441000000000031,0.0036737350562505017,1481.054,1481.688,1485.664,1480.223,0.0030816503292282436,240.0,0.29849999999999,0.004141114704857517,14.487999999999829,0.009775750834410285,1482.0345,1488.1845,1491.484,1476.996,0.006187772422636732,240.0,0.3249999999999318,0.0012468610930485285,3.9120000000000346,0.0026396770039396333,1481.9995,1483.8485,1484.753,1480.841,0.0024444289735261466,359.0,0.26900000000000546,7.156999999999925,0.004711999125026876,0.003163935045070842,0.00011029581247473621,0.005708100376406665,0.0033245075084971805,0.002875760749735048,0.5465977364817767,-0.6040421465838702,0.3940855533652748,-0.4406774136421267,0.06914802681244846,0.12873543590750605,1.0,0.12728796981976634,0.3904568953472125,-5.35764301832326,-0.23804428359245292,0.0,1.0,-0.0,-0.6040421465838702
2019-10-17,False,True,True,-0.0027723638510204636,7.967999999999847,0.005343895933528485,1491.047,1486.919,1491.32,1483.352,0.0035410626377573437,240.0,0.30350000000009913,0.00532465120391508,8.329999999999927,0.0055965066511424145,1488.4285,1496.375,1496.129,1487.799,0.0036795445635168897,240.0,0.28949999999997544,,,,,,,,,,,,,,,0.005708100376406665,0.0033165187444192477,0.002945053984697436,,,,-0.06593132214651783,0.18429971435566428,-0.8359258803181978,,,,,,,,,
2019-10-18,False,True,True,-0.002474146611171513,4.442999999999984,0.0029814109730418067,1490.234,1486.5515,1490.228,1485.785,0.0027072093771111274,240.0,0.2980000000000018,0.0013313561800381906,4.491999999999962,0.0030163481773655444,1489.218,1491.202,1493.211,1488.719,0.003557146664403572,240.0,0.29949999999996635,,,,,,,,,,,,,,,0.005708100376406665,0.0034075911652799284,0.003044253883037337,,,,-0.6494896153277546,-0.1173374867446765,-0.7260690884460214,,,,,,,,,
2019-10-21,False,True,True,-0.000286912405533199,5.1590000000001055,0.003457870979655336,1491.9585,1491.5305,1492.489,1487.33,0.0023390023280884763,240.0,0.2545000000000073,-0.003430645787529151,11.788000000000011,0.007910485621142237,1490.174,1485.0705,1495.134,1483.346,0.0037485604058227306,240.0,0.27150000000006,,,,,,,,,,,,,,,0.005708100376406665,0.0034728023676479022,0.003044253883037337,,,,-0.5012332087936611,-0.26353135799934413,-0.08261696899484729,,,,,,,,,
2019-10-22,False,True,True,0.0012257468879637275,3.115000000000009,0.0020963196635120987,1485.9375,1487.76,1488.911,1485.796,0.00185084987739136,239.0,0.2849999999998545,-0.0020721797362904374,5.788999999999987,0.0038919871051454956,1487.415,1484.336,1488.827,1483.038,0.002708658636462067,239.0,0.27299999999991087,,,,,,,,,,,,,,,0.0054115528126553744,0.003408551355758196,0.002945053984697436,,,,-0.9483528119952865,-0.4644822211164018,0.35960933547121904,,,,,,,,,
2019-10-23,False,True,True,-0.00025981823932744944,4.864000000000033,0.003260881953257585,1491.621,1491.2335,1494.931,1490.067,0.00212357395162263,240.0,0.2820000000000391,0.0008433528025377637,4.703999999999951,0.0031523470208678476,1492.2215,1493.4805000000001,1495.955,1491.251,0.0028648132092663164,240.0,0.2840000000001055,,,,,,,,,,,,,,,0.0054115528126553744,0.0034065336010985913,0.002945053984697436,,,,-0.5065383814440959,-0.32702665239142276,-0.07627056408416441,,,,,,,,,
2019-10-24,False,True,True,-0.001202713710880705,4.611999999999853,0.003090929074838988,1492.108,1490.3145,1492.572,1487.96,0.0026350154701847484,239.0,0.25,0.005896305403667091,12.268000000000029,0.008228371516205578,1490.939,1499.7559999999999,1502.999,1490.731,0.003930123745534868,240.0,0.3125000000001137,,,,,,,,,,,,,,,0.0054115528126553744,0.0034089576165121293,0.002945053984697436,,,,-0.5600643608570585,-0.11123809488846478,-0.3528098164245468,,,,,,,,,
2019-10-25,False,True,True,0.000576914757667538,3.036000000000058,0.002017292502429461,1504.9875,1505.856,1506.836,1503.8,0.001991601145297625,239.0,0.2580000000000382,-0.003306687733014557,14.230999999999995,0.009429898962055107,1509.136,1504.154,1517.81,1503.579,0.0050877185123562214,240.0,0.3065000000000282,,,,,,,,,,,,,,,0.0054115528126553744,0.0034277145171914825,0.002945053984697436,,,,-0.9867798110281369,-0.39118823705260436,0.1683088701740063,,,,,,,,,
2019-10-28,False,True,True,-0.0014642351772633049,4.439000000000078,0.002948244983948754,1505.6415,1503.4385,1507.113,1502.674,0.0019884707417501357,239.0,0.25,-0.00867381184724296,15.151000000000067,0.010077294062637434,1503.479,1490.4945,1505.019,1489.868,0.004632931509848849,240.0,0.30300000000011096,,,,,,,,,,,,,,,0.005355836950293433,0.003313113899389961,0.002945053984697436,,,,-0.5969769123050768,-0.39276127607392414,-0.44195135504786376,,,,,,,,,
2019-10-29,False,True,True,-0.005081920245622711,10.934999999999945,0.00731746978155994,1494.369,1486.794,1494.565,1483.63,0.00418264738807025,239.0,0.27100000000018554,0.0028546795079668857,9.326000000000022,0.006272386065833166,1486.8345,1491.085,1492.313,1482.987,0.003291180452273027,240.0,0.27549999999996544,,,,,,,,,,,,,,,0.004508815494889493,0.003272738597637091,0.0028277522724245285,,,,0.4842301306581404,0.3914622464409365,-1.5528035906356359,,,,,,,,,
2019-10-30,False,True,True,0.0030449752138345674,5.494999999999891,0.0036902971041744286,1489.04,1493.581,1493.827,1488.332,0.0019139327475243902,238.0,0.2619999999999436,0.0006880235323798884,6.261999999999944,0.004192495954462305,1493.621,1494.649,1495.521,1489.259,0.0033686930723989135,240.0,0.33150000000000546,,,,,,,,,,,,,,,0.004508815494889493,0.003427525622810075,0.0028277522724245285,,,,-0.20032750845703154,-0.39032199076596624,0.8883887529739685,,,,,,,,,
2019-10-31,True,True,True,0.004154759141612502,8.756000000000085,0.0058360280084021774,1500.3355000000001,1506.582,1507.833,1499.077,0.002550286314195566,240.0,0.2540000000000191,0.0021074620781547163,9.263999999999896,0.0061488487336085595,1506.6235000000001,1509.802,1513.926,1504.662,0.0042188252264694324,240.0,0.29200000000003,0.001972143453868825,5.517000000000053,0.003689380509077035,1495.373,1498.325,1499.424,1493.907,0.0021831555914705,356.0,0.25,6.572499999999877,0.0043976286414700826,0.0030520682630008748,0.0012468610930485285,0.003682016080212465,0.0032684593163155445,0.0027507843293490394,0.8394066184861401,-0.1750600433315773,0.6461662334936641,0.4605899798446579,-0.0756804487419346,1.2711674643991169,1.0,1.2794218333967688,0.3058957778623249,-5.426689828461481,-0.11311788883480292,0.0,0.0,-0.0,-0.0
2019-11-01,False,True,True,-0.0013674901413453422,5.897999999999911,0.003899344291341387,1512.562,1510.495,1514.658,1508.76,0.002171418085901108,237.0,0.2539999999999054,9.996501232907778e-05,12.649000000000115,0.008374308899383242,1510.453,1510.604,1515.826,1503.177,0.0056678493250772585,240.0,0.31150000000002365,,,,,,,,,,,,,,,0.003682016080212465,0.0033043807732296053,0.002718262011754295,,,,0.057347958524014045,-0.22461225989123076,-0.4138415743197771,,,,,,,,,
2019-11-04,False,True,True,-0.0007279688553881497,5.3530000000000655,0.003536449610713114,1513.665,1512.5635,1513.911,1508.558,0.002615211018349439,240.0,0.25,-0.0033331531942283887,10.36200000000008,0.006850911355673229,1512.4995,1507.4665,1514.75,1504.388,0.0034179698239421314,240.0,0.2599999999999909,,,,,,,,,,,,,,,0.003794820697757908,0.0033125033526369327,0.002718262011754295,,,,-0.07051387372059116,-0.038647920200452,-0.21976396033188825,,,,,,,,,
2019-11-05,False,True,True,-0.0017240684835604114,5.66599999999994,0.0037611391219870573,1506.4585000000002,1503.8635,1507.1,1501.434,0.002112051868590131,240.0,0.25,-0.012216142383719394,20.754000000000133,0.013837323770640814,1499.8564999999999,1481.6455,1501.073,1480.319,0.006743440437065401,240.0,0.31749999999999545,,,,,,,,,,,,,,,0.003682016080212465,0.0031632004635135163,0.0026711124236479377,,,,0.02126141944378677,-0.23483509917901893,-0.545039273813651,,,,,,,,,
2019-11-06,False,True,True,-0.0001611884742627057,4.684999999999945,0.003152848196247771,1485.958,1485.7185,1488.754,1484.069,0.002189947651449703,240.0,0.25,0.004870813463632238,9.145999999999958,0.006156631960162941,1485.5525,1492.806,1494.089,1484.943,0.003076374879747402,240.0,0.2699999999999818,,,,,,,,,,,,,,,0.003682016080212465,0.0026583776317077546,0.0026251132442670936,,,,-0.15515421646113808,-0.18124639569114018,-0.06063415232664196,,,,,,,,,
2019-11-07,False,True,True,-0.0023115389088353318,7.0470000000000255,0.004738780364221049,1487.0915,1483.658,1488.098,1481.051,0.0025474990264103808,240.0,0.25,-0.01583065558457775,26.756000000000085,0.018020153800355935,1484.782,1461.462,1488.0,1461.244,0.006987506133905547,240.0,0.2720000000000482,,,,,,,,,,,,,,,0.0036200239007193333,0.0025124835729694707,0.0025827486662725026,,,,0.2692991672469264,-0.013742102408928236,-0.9200215013160683,,,,,,,,,
2019-11-08,True,True,True,-0.006289596854037018,10.555000000000064,0.007172250897635612,1471.644,1462.417,1472.69,1462.135,0.0031079045013159886,240.0,0.38599999999996726,0.004458973355941251,10.832000000000107,0.0074273023300144795,1458.403,1464.9205,1468.163,1457.331,0.005844001954123402,240.0,0.29899999999997817,4.902037546503867e-05,3.9400000000000546,0.0026825696293628722,1468.741,1468.813,1469.635,1465.695,0.002497858651817675,353.0,0.2660000000000764,6.086999999999989,0.004088004012570307,0.00297737237471398,0.001972143453868825,0.003682016080212465,0.002558763726092019,0.0025488926703029734,0.6472810908493613,-0.4349746262019292,0.016464307884816655,0.6667590880187969,0.1982896873832003,-2.4580608165971904,1.0,0.584852965335954,0.46508953507473444,-5.499698444532706,-0.007161556167871601,0.0,0.0,-0.0,-0.0
2019-11-11,False,True,True,-0.00017000120543806337,3.796000000000049,0.0025914446826231547,1464.82,1464.571,1466.356,1462.56,0.0023296646297973978,239.0,0.25,-0.0052219761991184385,15.003000000000156,0.010258103819969463,1462.551,1454.9335,1463.169,1448.166,0.005179640421597194,239.0,0.2669999999998254,,,,,,,,,,,,,,,0.003682016080212465,0.0028418709699166086,0.0025488926703029734,,,,-0.35124493732918,-0.08993469640921802,-0.05982017031654743,,,,,,,,,
2019-11-12,False,True,True,8.261464335485904e-05,6.559999999999945,0.00451645373010192,1452.467,1452.587,1456.031,1449.471,0.0032114401090262167,240.0,0.26299999999991996,-0.0004158049264177548,9.942000000000007,0.006837176580297631,1454.109,1453.5045,1455.45,1445.508,0.00481722378914507,240.0,0.3064999999999145,,,,,,,,,,,,,,,0.003605092333481808,0.002560309292152405,0.0024432506772494285,,,,0.22537972989414828,0.2733900712032291,0.03226744659642524,,,,,,,,,
2019-11-13,False,True,True,0.002799455336656552,8.554000000000087,0.005855944050199342,1460.738,1464.833,1466.352,1457.798,0.0028803837780271573,240.0,0.26500000000010004,-0.001793210163579831,5.682000000000016,0.0038787921815236623,1464.8890000000001,1462.2645,1465.887,1460.205,0.0034367361033865685,240.0,0.2764999999999418,,,,,,,,,,,,,,,0.003605092333481808,0.0023861693249742854,0.0024432506772494285,,,,0.4851098393189023,0.16459414410065742,1.1732006221673814,,,,,,,,,
2019-11-14,False,True,True,0.0008717516898270909,4.538000000000011,0.0030943971840849327,1466.5214999999998,1467.8005,1470.4,1465.862,0.002315975202227994,239.0,0.3530000000000655,0.003528724320189963,9.422000000000025,0.006417412424660808,1468.193,1473.383,1473.994,1464.572,0.004128560875703442,240.0,0.2599999999999909,,,,,,,,,,,,,,,0.003613373357443771,0.0025082435331603035,0.0024432506772494285,,,,-0.1550486677925274,-0.05349854493081641,0.3475546446356079,,,,,,,,,
2019-11-15,False,True,True,0.0014548469535021356,4.541000000000167,0.003100970000624952,1464.3805,1466.5124999999998,1466.901,1462.36,0.002420254549076868,240.0,0.25,0.0008577438860620876,4.713000000000193,0.0032174074508959268,1464.844,1466.101,1469.092,1464.379,0.0029173989785494753,240.0,0.25500000000010914,,,,,,,,,,,,,,,0.003497160295184225,0.0024835817180623608,0.002334333478942937,,,,-0.1202363289699818,0.03614631782328286,0.5857858201006477,,,,,,,,,
2019-11-18,False,True,True,-0.0029155586913177382,6.263999999999896,0.004279854960470713,1463.601,1459.34,1463.588,1457.324,0.0022671732584470007,240.0,0.25,0.009546057624712155,17.067999999999984,0.01171381451845913,1457.083,1471.0590000000002,1473.708,1456.64,0.004004733697759008,240.0,0.27500000000009095,,,,,,,,,,,,,,,0.003497160295184225,0.002477779407556689,0.002334333478942937,,,,0.20196782633459698,-0.029192607466617525,-1.1766821059315924,,,,,,,,,
2019-11-19,False,True,True,-0.0013077663117685274,6.30600000000004,0.004291270130214829,1469.495,1467.5745000000002,1471.022,1464.716,0.0019143471349257633,239.0,0.25,0.0022601332392088317,8.02299999999991,0.005465469209135033,1467.9434999999999,1471.2649999999999,1473.773,1465.75,0.00338725939734906,240.0,0.3200000000001637,,,,,,,,,,,,,,,0.003613373357443771,0.0025435579632341995,0.0023228199160126957,,,,0.17194097270431752,-0.19340528582332323,-0.5141484214913148,,,,,,,,,
2019-11-20,False,True,True,-0.0024299092889834865,4.682000000000016,0.0031682766320989433,1477.775,1474.1885,1478.501,1473.819,0.002022585064775512,239.0,0.4149999999999636,-0.003491154820162613,8.12299999999982,0.005512990446095346,1473.429,1468.294,1473.955,1465.832,0.003793206510327176,240.0,0.3929999999999154,,,,,,,,,,,,,,,0.003725718113080743,0.002517443764291893,0.0023228199160126957,,,,-0.16207182440830448,-0.13840550033157123,-0.9652288259424027,,,,,,,,,
2019-11-21,True,True,True,-0.0012122703633236488,6.928000000000111,0.004708847372309633,1471.2730000000001,1469.4904999999999,1474.374,1467.446,0.0021414895315358157,239.0,0.25,-0.0007013574717271671,8.697999999999865,0.005914906407384497,1470.522,1469.491,1471.436,1462.738,0.004612362328946665,240.0,0.27899999999999636,-0.002809556234599608,6.094000000000051,0.004132803090311344,1474.5439999999999,1470.4070000000002,1475.557,1469.463,0.002638305661910303,357.0,0.25,5.800000000000068,0.003877236386953764,0.002977084626815704,4.902037546503867e-05,0.003725718113080743,0.0025485871610368585,0.0023228199160126957,1.0506896551724103,0.04944676301114033,-0.9437273664621066,0.23418354353827553,-0.0812802989370499,-0.47566368608341136,1.0,0.3477586206896602,0.14931034482758193,-5.552632650536417,-0.04666426343657937,0.0,0.0,0.0,0.0
2019-11-22,False,True,True,0.002843554137549158,8.555000000000064,0.005830834242093828,1467.2,1471.378,1473.083,1464.528,0.0030351038273603876,240.0,0.27099999999995816,-0.004203969124507321,9.88000000000011,0.006721483951266594,1469.9135,1463.747,1471.15,1461.27,0.004618820327897675,240.0,0.3100000000000591,,,,,,,,,,,,,,,0.0038302417066642222,0.0025486856050266154,0.0022915742303374976,,,,0.42023217483320807,0.2810066157114508,1.1156943531760024,,,,,,,,,
2019-11-25,False,True,True,-0.0014163397756285008,3.134999999999991,0.0021481879674749888,1459.3695,1457.304,1459.577,1456.442,0.0018789231119421732,239.0,0.34600000000000364,-0.00029837887890982016,6.670999999999822,0.004575146140976241,1458.0955,1457.6605,1460.687,1454.016,0.003109068554913124,240.0,0.3025000000001228,,,,,,,,,,,,,,,0.00408959962590605,0.0026569664173543227,0.0023228199160126957,,,,-0.6438223933330859,-0.2120831286939156,-0.5330664950740411,,,,,,,,,
2019-11-26,False,True,True,0.0016124369098611043,4.191000000000031,0.0028791716559256122,1455.627,1457.976,1459.078,1454.887,0.0020989827963197568,240.0,0.25,0.001091357644222285,12.642000000000053,0.00867933025943251,1456.5639999999999,1458.1545,1462.469,1449.827,0.003167860102239758,240.0,0.2659999999999627,,,,,,,,,,,,,,,0.00408959962590605,0.002656163737408577,0.0023228199160126957,,,,-0.35094444097939187,-0.1013290839458303,0.6070547862513326,,,,,,,,,
2019-11-27,False,True,True,0.00029892558415395694,2.793999999999869,0.0019158782697300623,1458.339,1458.775,1460.186,1457.392,0.0016199279306631355,238.0,0.25,-0.0018460709310305383,5.781000000000176,0.0039651511160862475,1457.952,1455.263,1458.256,1452.475,0.0029775390091303874,240.0,0.28700000000003456,,,,,,,,,,,,,,,0.0038302417066642222,0.0024764595564752308,0.0022915742303374976,,,,-0.6927517660043742,-0.34685735720855687,0.12070683059303446,,,,,,,,,
2019-11-28,False,False,False,,,,,,,,,,,,,,,,,,,,,,,,,,,,,,,,,,,,,,,,,,,,,,,,,,,,
2019-11-29,False,False,True,,,,,,,,,,,0.005602004246938026,12.031999999999925,0.00826313752677943,1456.1055000000001,1464.2855,1464.885,1452.853,0.0033959907731687445,240.0,0.34149999999999636,,,,,,,,,,,,,,,,,,,,,,,,,,,,,,,,
2019-12-02,False,False,True,,,,,,,,,,,0.0037675218979109975,7.7690000000000055,0.005328442697636429,1458.0245,1463.528,1464.89,1457.121,0.004685181099734301,240.0,0.3005000000000564,,,,,,,,,,,,,,,,,,,,,,,,,,,,,,,,
2019-12-03,False,True,True,0.00503720671517448,8.641000000000076,0.005905977332967038,1463.094,1470.4825,1470.659,1462.018,0.0030864103963230394,239.0,0.2560000000000855,0.006407205558486532,12.805000000000064,0.008709805996808602,1470.182,1479.632,1481.65,1468.845,0.00422821667478034,240.0,0.33950000000004366,,,,,,,,,,,,,,,0.0038302417066642222,0.00235690601644773,0.0022915742303374976,,,,0.4330370353564967,0.2977697133755926,2.137211530719597,,,,,,,,,
2019-12-04,False,True,True,-0.005565911868699455,11.487999999999829,0.007741586802912549,1483.9335,1475.6970000000001,1483.926,1472.438,0.0040735675731480665,240.0,0.2604999999999791,-0.0029832339022395245,10.435000000000173,0.007061258020465922,1477.7820000000002,1473.38,1481.784,1471.349,0.0049270602445322656,240.0,0.3204999999999245,,,,,,,,,,,,,,,0.0038302417066642222,0.0024528833100174014,0.0022915742303374976,,,,0.7036787698945838,0.575280150886498,-2.26913031124174,,,,,,,,,
2019-12-05,False,True,True,0.00035125371830583684,3.505999999999858,0.0023778220953657617,1474.4585000000002,1474.9765,1476.646,1473.14,0.0019565464284173805,240.0,0.25900000000001455,0.0017844199941046582,6.951999999999998,0.004708518205209305,1476.473,1479.11,1479.759,1472.807,0.003572189383373983,240.0,0.25900000000001455,,,,,,,,,,,,,,,0.004020497041228885,0.0027105193931782475,0.0023228199160126957,,,,-0.5252205543287795,-0.17160103588869582,0.12958908140995468,,,,,,,,,
2019-12-06,False,True,True,0.0014644838227525993,3.84699999999998,0.002610787976802182,1473.5014999999999,1475.661,1476.26,1472.413,0.0014938526451168158,236.0,0.25,-0.010034113375472886,20.412000000000035,0.013835178238400641,1475.3695,1460.6395,1478.731,1458.319,0.008405976545529706,240.0,0.3770000000000664,,,,,,,,,,,,,,,0.004020497041228885,0.0027177652086946757,0.0022915742303374976,,,,-0.43175345449394553,-0.4278805674852696,0.5388559019253841,,,,,,,,,
2019-12-09,False,False,True,,,,,,,,,,,-0.002448990580153311,5.010999999999967,0.0034208420828429286,1464.844,1461.261,1465.288,1460.277,0.002674213064085555,240.0,0.25099999999997635,,,,,,,,,,,,,,,,,,,,,,,,,,,,,,,,
2019-12-10,False,True,True,0.002749889316611034,4.721000000000004,0.003228232848517176,1462.41,1466.437,1467.006,1462.285,0.0015957277577896356,238.0,0.27300000000002456,-0.001953922729557937,6.824000000000069,0.004652654839350844,1466.6895,1463.8265000000001,1469.088,1462.264,0.003370176947109185,240.0,0.28899999999998727,,,,,,,,,,,,,,,0.0037240657962848284,0.0027361105311671714,0.0022915742303374976,,,,-0.1428811456386601,-0.36190911156676236,1.005035902346381,,,,,,,,,
2019-12-11,False,True,True,0.0008352525470266225,5.201999999999998,0.0035498561325607164,1465.4115,1466.636,1467.85,1462.648,0.0022265878471251026,239.0,0.25,0.003109648416393857,7.510999999999967,0.005121603127921409,1466.533,1471.1005,1472.629,1465.118,0.002610732412668618,240.0,0.26949999999999363,,,,,,,,,,,,,,,0.0037540439044939445,0.002822643880023381,0.0022915742303374976,,,,-0.05592655685900825,-0.028768717962072213,0.295911415867206,,,,,,,,,
2019-12-12,False,True,True,0.0007366617753355309,3.40099999999984,0.0023078358525453983,1473.675,1474.761,1475.359,1471.958,0.0015298898520214553,238.0,0.25,-0.0047624646645358214,22.23199999999997,0.015071326448916983,1475.119,1468.1105,1486.625,1464.393,0.007577159789976417,240.0,0.3160000000000309,,,,,,,,,,,,,,,0.003389044490538946,0.0027863728550188704,0.002246880552786052,,,,-0.38423779542829556,-0.3843470925915999,0.264380186595861,,,,,,,,,
2019-12-13,False,True,True,0.001254029515699054,5.302000000000135,0.0036079366440337946,1469.538,1471.382,1473.257,1467.955,0.002788366745542564,237.0,0.25,0.0010745395374460326,12.604000000000042,0.008552082958733038,1473.7930000000001,1475.3775,1477.808,1465.204,0.006140365274571809,240.0,0.2925000000001319,,,,,,,,,,,,,,,0.00319825474030806,0.0023693790305034193,0.002184038689330459,,,,0.12053077481787335,0.24428025593868644,0.5292650519628394,,,,,,,,,
2019-12-16,False,True,True,-0.0002836676828443637,3.54099999999994,0.002396956589430606,1477.29,1476.871,1478.023,1474.482,0.0017938701157303233,236.0,0.25,-0.0019967046622548267,6.0750000000000455,0.004111239655495066,1477.6565,1474.7089999999998,1479.777,1473.702,0.002914742722013641,238.0,0.2664999999999509,,,,,,,,,,,,,,,0.003389044490538946,0.0023757092069118468,0.002184038689330459,,,,-0.34634817555103875,-0.1968004108634588,-0.1194033689051951,,,,,,,,,
2019-12-17,False,True,False,0.00174841898594919,4.0219999999999345,0.0027237973337667126,1476.615,1479.199,1480.424,1476.402,0.00151018892746108,238.0,0.25,,,,,,,,,,,,,,,,,,,,,,,,,0.00319825474030806,0.002379508685634393,0.0021202361639277864,,,,-0.16057828208378513,-0.33929272003457805,0.7347815103616863,,,,,,,,,
2019-12-18,False,False,True,,,,,,,,,,,-0.0005871534189108266,8.02599999999984,0.005436941872615175,1476.1975,1475.331,1478.359,1470.333,0.0031649343595936473,240.0,0.25549999999998363,,,,,,,,,,,,,,,,,,,,,,,,,,,,,,,,
2019-12-19,False,False,True,,,,,,,,,,,0.0030324012458431164,5.355000000000018,0.0036321952906943344,1474.315,1478.7925,1478.986,1473.631,0.0024108393949723935,240.0,0.2560000000000855,,,,,,,,,,,,,,,,,,,,,,,,,,,,,,,,
2019-12-20,False,False,True,,,,,,,,,,,-0.0009601621412759741,5.161000000000058,0.003489269869772726,1479.106,1477.6865,1480.923,1475.762,0.00244624524730291,240.0,0.26300000000014734,,,,,,,,,,,,,,,,,,,,,,,,,,,,,,,,
2019-12-23,False,False,True,,,,,,,,,,,0.0006505480059158069,4.367999999999938,0.002947141717843525,1482.114,1483.0785,1484.798,1480.43,0.0017300101364186604,239.0,0.25900000000001455,,,,,,,,,,,,,,,,,,,,,,,,,,,,,,,,
2019-12-24,False,False,True,,,,,,,,,,,0.006171712844188953,11.052999999999884,0.007419156499699209,1489.792,1499.0149999999999,1499.735,1488.682,0.002927253215179879,240.0,0.32200000000000273,,,,,,,,,,,,,,,,,,,,,,,,,,,,,,,,
2019-12-25,False,False,False,,,,,,,,,,,,,,,,,,,,,,,,,,,,,,,,,,,,,,,,,,,,,,,,,,,,
2019-12-26,False,False,True,,,,,,,,,,,0.001752709814836718,8.233999999999924,0.005469317454555428,1505.4895000000001,1508.1305,1512.483,1504.249,0.0032014202164677387,240.0,0.30550000000005184,,,,,,,,,,,,,,,,,,,,,,,,,,,,,,,,
2019-12-27,False,False,True,,,,,,,,,,,0.0017390288334174406,5.826999999999998,0.003855592925612265,1511.3110000000001,1513.9415,1515.188,1509.361,0.0025179653259411365,240.0,0.27949999999998454,,,,,,,,,,,,,,,,,,,,,,,,,,,,,,,,
2019-12-30,False,False,True,,,,,,,,,,,0.0019462820577704058,4.8940000000000055,0.0032352832294129195,1512.696,1515.643,1516.03,1511.136,0.002124551341364682,240.0,0.2679999999999154,,,,,,,,,,,,,,,,,,,,,,,,,,,,,,,,
2019-12-31,False,False,True,,,,,,,,,,,0.0002530045120585077,8.457000000000107,0.005558259358490053,1521.5195,1521.9045,1524.779,1516.322,0.003921855628909267,240.0,0.30199999999990723,,,,,,,,,,,,,,,,,,,,,,,,,,,,,,,,
2020-01-01,False,False,False,,,,,,,,,,,,,,,,,,,,,,,,,,,,,,,,,,,,,,,,,,,,,,,,,,,,
2020-01-02,False,True,True,0.0018264376844564396,3.9169999999999163,0.002578107542692241,1519.3315,1522.109,1522.356,1518.439,0.0015415451882128794,238.0,0.25,0.0016058933426580351,8.585000000000036,0.005636303175992852,1523.1615,1525.6095,1531.291,1522.706,0.0031685909896395853,240.0,0.27899999999999636,,,,,,,,,,,,,,,0.0031346233163619475,0.0023339420342264865,0.0020607839305476347,,,,-0.19545339339666015,-0.29030117686393164,0.7825548611200862,,,,,,,,,
2020-01-03,True,True,True,0.0037969457995805154,8.503999999999905,0.005509299209884543,1543.5720000000001,1549.444,1551.407,1542.903,0.0028423531966927673,239.0,0.2640000000001237,0.0012227030041927901,10.094000000000051,0.006527226468698737,1546.4454999999998,1548.3375,1550.948,1540.854,0.004838820424156827,240.0,0.2815000000001646,0.008221036630931253,14.96699999999987,0.009789352648233359,1528.906,1541.527,1543.745,1528.778,0.004033607046126629,358.0,0.265999999999849,5.800000000000068,0.003877236386953764,0.002932027892075578,0.002809556234599608,0.0031346233163619475,0.0023557746712050344,0.0019895657465964466,2.580517241379258,0.947989859994616,2.8038739512507136,0.563928417341916,0.3567159023336833,1.6117610253608372,1.0,1.3210344827586111,0.3525862068965601,-5.552632650536417,2.658044074488715,0.0,0.0,0.0,0.0
2020-01-06,True,True,True,0.0029807897800307264,7.8969999999999345,0.005016366554930664,1574.247,1578.9465,1579.185,1571.288,0.003051470403586559,240.0,0.2624999999999318,-0.00765158658042085,16.896999999999935,0.010715990112902495,1576.8025,1564.7835,1577.636,1560.739,0.006034589502228374,240.0,0.2785000000000082,0.0036714644042390074,12.980000000000018,0.008271517335934179,1569.2404999999999,1575.0125,1579.94,1566.96,0.004603665951581034,360.0,0.2820000000001528,5.800000000000068,0.003877236386953764,0.003329332917006259,0.008221036630931253,0.00319825474030806,0.0024688702923194067,0.0019895657465964466,2.2379310344827354,0.8055517937235599,1.1027627743339028,0.45010061042917054,0.42770717685054743,1.2073496891691267,0.0,0.0,0.1319827586206837,-5.552632650536417,0.8883325309162446,0.0,0.0,0.0,0.0
2020-01-07,True,True,True,-0.0013616216107767065,7.195999999999913,0.004584064324691335,1569.786,1567.65,1570.375,1563.179,0.0033213265641115694,240.0,0.25,0.003779279893233607,7.175999999999931,0.004584733718397254,1565.1945,1571.121,1571.704,1564.528,0.00331651975174677,240.0,0.26949999999999363,-0.000851445253327353,10.241999999999962,0.0065490539615957405,1563.8899999999999,1562.559,1565.484,1555.242,0.004042560608795138,358.0,0.26549999999997453,5.800000000000068,0.003877236386953764,0.003246949078716745,0.0036714644042390074,0.00319825474030806,0.002394078300675475,0.0019895657465964466,1.7658620689654898,0.5686389954879694,-0.26222932133689636,0.35998074438028027,0.5124478734933406,-0.5687456464529723,1.0,0.8432758620689688,1.2460344827586214,-5.552632650536417,-0.1491138178725047,0.0,0.0,0.0,0.0
2020-01-08,True,True,True,-0.007169612531346635,13.72700000000009,0.008640495706503938,1588.682,1577.3325,1588.872,1575.145,0.004517430077945745,240.0,0.2839999999999918,-0.010502489556291367,25.767000000000053,0.016355389337862885,1575.444,1558.9845,1578.232,1552.465,0.010424246098806933,240.0,0.3044999999998481,-0.0003357659940098119,27.649999999999864,0.017334026694401025,1595.1285,1594.593,1611.195,1583.545,0.010652437503660624,360.0,0.34749999999996817,5.800000000000068,0.003877236386953764,0.0031754657006977326,0.000851445253327353,0.00319825474030806,0.002396562577131205,0.0020607839305476347,4.767241379310265,1.5617678104159534,-0.10573755967070761,0.9938546872373953,0.7848568061018789,-2.9916233357565774,1.0,1.4482758620689642,1.0191379310344808,-5.552632650536417,-0.16513751704564725,0.0,0.0,0.0,0.0
2020-01-09,True,True,True,0.0018583515278675269,4.846000000000004,0.0031352850256173384,1545.633,1548.5079999999998,1549.271,1544.425,0.002914608912571224,239.0,0.25700000000006185,-0.0033450040112493777,10.023999999999887,0.0064472848916522245,1554.763,1549.571,1554.722,1544.698,0.003858157050646047,240.0,0.26299999999991996,-0.001721550051101013,7.72199999999998,0.004956109357881529,1558.077,1555.397,1561.259,1553.537,0.003654097147772179,355.0,0.2799999999999727,5.800000000000068,0.003877236386953764,0.0031580195634444987,0.0003357659940098119,0.003389044490538946,0.0029085923163107933,0.0021202361639277864,1.3313793103448084,0.28621548028965654,-0.5451359678162642,-0.07782793324960553,0.3182081664594732,0.6389178426437662,1.0,1.571034482758616,1.6834482758620313,-5.552632650536417,-0.1560263528516988,0.0,0.0,0.0,0.0
2020-01-10,True,True,True,-0.00010542960882653343,4.6059999999999945,0.00296992770876138,1550.8795,1550.716,1552.373,1547.767,0.0018240435788592203,238.0,0.25,0.006711376314648529,14.198000000000093,0.009162299441601855,1549.611,1560.046,1560.968,1546.77,0.006615941471449881,240.0,0.26100000000019463,-0.0027389706230386618,6.93300000000022,0.0044651051357404966,1552.707,1548.46,1552.582,1545.649,0.0024667269104115346,354.0,0.25,6.086999999999989,0.004088004012570307,0.0031806402424827173,0.001721550051101013,0.003181758937067257,0.002892988889525671,0.0021627853217224295,1.1389847215377416,0.13013727044859957,-0.8611381401942834,-0.06889655670484071,-0.170341108516219,-0.03644314335538961,0.0,0.0,0.3974864465253779,-5.499698444532706,-0.11206616704406751,0.0,0.0,0.0,0.0
2020-01-13,False,True,True,0.00011752139345602225,7.733999999999924,0.004980623930371678,1552.8175,1553.0,1553.85,1546.116,0.002853490226467085,238.0,0.25,-0.0028550486699442704,7.600000000000136,0.004887205232396342,1555.0810000000001,1550.6475,1556.017,1548.417,0.003479644729536696,240.0,0.26400000000001,,,,,,,,,,,,,,,0.003052606367189359,0.002851764694934038,0.0020277646123685687,,,,0.4895593980903039,0.3416088757445971,0.041210059744687506,,,,,,,,,
2020-01-14,True,True,True,-9.720222826527739e-06,4.124000000000024,0.002672400274238569,1543.182,1543.167,1545.864,1541.74,0.0025698354169275423,239.0,0.25,-0.0004980897212129105,6.0499999999999545,0.003920224405308408,1543.279,1542.5104999999999,1546.927,1540.877,0.0032450512658499225,240.0,0.26299999999991996,-0.004768857404986631,9.386000000000195,0.006073712846556371,1545.348,1537.996,1545.227,1535.841,0.003567788567867027,357.0,0.26099999999996726,6.086999999999989,0.004088004012570307,0.003106573834318417,0.0027389706230386618,0.003181758937067257,0.0028170112931140893,0.0021627853217224295,1.5419747001807478,0.4330638678604611,-1.5350858081352892,-0.17445712105081798,0.17244496494907519,-0.0034505445009353993,1.0,0.10464925250533016,0.8519796287169265,-5.499698444532706,-0.66479019756877,0.0,0.0,0.0,0.0
2020-01-15,False,True,True,-0.0005140106664101471,2.8079999999999927,0.0018082344213649806,1552.896,1552.098,1554.146,1551.338,0.001466938192573721,236.0,0.25,0.0006590896840636861,10.048000000000002,0.006478939898934212,1550.871,1551.8935000000001,1556.93,1546.882,0.0037509769632622456,240.0,0.2599999999999909,,,,,,,,,,,,,,,0.003181758937067257,0.002809947015756671,0.0023982116320263227,,,,-0.5650832573390834,-0.4915459398451183,-0.1829253945102352,,,,,,,,,
2020-01-16,False,False,True,,,,,,,,,,,-0.003687061857940762,8.644000000000005,0.005552850364686856,1556.6779999999999,1550.949,1556.611,1547.967,0.003648312575209765,240.0,0.25,,,,,,,,,,,,,,,,,,,,,,,,,,,,,,,,
2020-01-17,False,True,True,0.0006304159508014107,3.1159999999999854,0.0020030534351144946,1555.625,1556.606,1557.158,1554.042,0.0015076038999096441,236.0,0.25,-0.0006724423383861031,6.8840000000000146,0.004415588747304409,1559.022,1557.9740000000002,1560.66,1553.776,0.0033890657141017245,240.0,0.25,,,,,,,,,,,,,,,0.003181758937067257,0.0028192993428322703,0.0023982116320263227,,,,-0.46276143487005283,-0.464201737026165,0.22360731307378465,,,,,,,,,
2020-01-20,False,False,True,,,,,,,,,,,0.0008902023538941854,3.0520000000001346,0.00195688066041525,1559.625,1561.014,1561.121,1558.069,0.0014336914955122096,236.0,0.25,,,,,,,,,,,,,,,,,,,,,,,,,,,,,,,,
2020-01-21,False,True,True,-0.002417752065951117,9.798999999999978,0.006283307331893141,1559.529,1555.763,1561.45,1551.651,0.003112381415372517,240.0,0.25099999999997635,0.0004788130153275224,12.473999999999933,0.00801360655658714,1556.6025,1557.348,1558.681,1546.207,0.004331361619983653,240.0,0.2519999999999527,,,,,,,,,,,,,,,0.003052606367189359,0.002609385153180035,0.0020915671377712414,,,,0.7219007147354076,0.39747454990436915,-0.926560060711859,,,,,,,,,
2020-01-22,False,True,True,0.0008381660184698699,5.308999999999969,0.0034151812493747906,1554.5295,1555.833,1559.162,1553.853,0.00203545200609487,239.0,0.25,-4.5945199594246446e-05,4.3680000000001655,0.0028067695322855062,1556.2375,1556.166,1558.9,1554.532,0.0031962563525781786,240.0,0.25,,,,,,,,,,,,,,,0.003052606367189359,0.0023176469872330835,0.0020915671377712414,,,,0.11223479378014871,-0.027195701434360998,0.36164524756659,,,,,,,,,
2020-01-23,True,False,True,,,,,,,,,,,0.005555377482896303,12.452999999999975,0.008007114005408789,1555.242,1563.906,1566.963,1554.51,0.00430200874208779,240.0,0.25,-0.0022356865644531402,8.676999999999907,0.005557035666985116,1561.444,1557.957,1563.456,1554.779,0.003191067230092541,358.0,0.25,6.086999999999989,0.004088004012570307,0.0032415227981373415,0.004768857404986631,,,,1.425496960735982,0.3545204972995563,-0.6897025576182344,,,,,,,-5.499698444532706,-0.24451369371559234,0.0,0.0,0.0,0.0
2020-01-24,False,True,True,-0.00030491905853701883,5.378000000000156,0.0034481697386880773,1559.6680000000001,1559.1925,1562.89,1557.512,0.002035956016412717,236.0,0.25,0.009182335209421912,18.91500000000019,0.012138842949748586,1558.221,1572.595,1575.41,1556.495,0.004834567087867407,240.0,0.25,,,,,,,,,,,,,,,0.003181758937067257,0.00231939454797216,0.0021310199266099863,,,,0.0804094110087449,-0.045635208384437645,-0.13146493717664753,,,,,,,,,
2020-01-27,True,True,True,0.00401925010193972,10.402000000000044,0.006591514613081224,1578.0895,1584.445,1586.218,1575.816,0.0028156725693925973,240.0,0.25,-0.0007304704879826589,7.903999999999996,0.00499051492782095,1583.8045000000002,1582.6480000000001,1585.879,1577.975,0.004407794386002145,240.0,0.25250000000005457,-0.00139308874236886,5.738000000000056,0.003625131804308623,1582.839,1580.6354999999999,1582.977,1577.239,0.0028763199004860776,358.0,0.26400000000001,6.092499999999973,0.004121859425310732,0.003234335278849646,0.0022356865644531402,0.0033217070489459832,0.0023123477486905472,0.00213127193176891,0.9418137053754752,-0.05994778895803684,-0.43071871722103555,0.6853043350149555,0.27848220389887424,1.7381685363785657,1.0,0.5319655313910546,0.4178908494049788,-5.491450900610514,0.025820634760242985,0.0,0.0,-0.0,-0.0
2020-01-28,False,True,True,0.0006068918057018199,5.085000000000036,0.003224001534333103,1577.2325,1578.19,1582.179,1577.094,0.0026126380919961585,240.0,0.25,-0.0036302785932686202,10.635999999999967,0.006756949919413377,1574.083,1568.379,1577.883,1567.247,0.003349196881892195,240.0,0.25,,,,,,,,,,,,,,,0.003431675494031434,0.0023972493708260038,0.0023982116320263227,,,,-0.06242532358011318,0.08563716780752882,0.25316173322957525,,,,,,,,,
2020-01-29,False,True,True,0.002429834581535385,5.141000000000076,0.00327836654318859,1568.159,1571.974,1572.354,1567.213,0.00236956187957604,240.0,0.25,-0.000607216345520481,6.795999999999822,0.004324307814869117,1571.581,1570.627,1574.359,1567.563,0.00377907741593314,240.0,0.2524999999999409,,,,,,,,,,,,,,,0.003319591391853947,0.002395729721908855,0.0025912367544618504,,,,-0.012496407386407785,-0.08943019599463124,1.0142356874878842,,,,,,,,,
2020-01-30,True,True,True,-0.0009247996873889325,4.586000000000013,0.0028995696800862996,1581.614,1580.152,1582.96,1578.374,0.002243211496073493,240.0,0.25,0.0001998630059595743,13.095000000000027,0.008283125385454735,1580.9250000000002,1581.241,1585.202,1572.107,0.0048625478232152035,240.0,0.25,0.0007102278653029543,4.7289999999998145,0.0029985368737921693,1577.1025,1578.223,1580.725,1575.996,0.00242384881356824,359.0,0.25,6.092499999999973,0.004121859425310732,0.0032344544139193752,0.00139308874236886,0.0033467738962816903,0.0024373475276309596,0.0025912367544618504,0.7762002462043226,-0.25334474285552033,0.21958196790361628,-0.14343452599882875,-0.14422673041495426,-0.37942873427156054,1.0,0.3668444809191854,0.5565859663520872,-5.491450900610514,-0.055629937194250786,0.0,0.0,-0.0,-0.0
2020-01-31,False,True,True,0.0026197382101447657,5.928000000000111,0.0037601663404219854,1576.526,1580.6615,1582.006,1576.078,0.0023340359815275744,240.0,0.25,0.0025181943422111545,10.714999999999918,0.006786348767025197,1578.905,1582.886,1588.984,1578.269,0.0047080745265823875,240.0,0.25,,,,,,,,,,,,,,,0.003251184038760847,0.0024503890338159256,0.002469698648251791,,,,0.1454439462851087,-0.0564971884447733,1.0691111386770766,,,,,,,,,
2020-02-03,True,True,True,0.0011969861220781457,7.783999999999878,0.004937986527112221,1576.351,1578.239,1581.078,1573.294,0.0029972082011492244,240.0,0.25,-0.0009576172783694683,11.942999999999984,0.007560415908335566,1579.675,1578.163,1580.356,1568.413,0.004271330903935798,240.0,0.25,-0.006169791475668435,11.081000000000131,0.00697115535843486,1589.55,1579.7730000000001,1590.017,1578.936,0.003986985465681715,360.0,0.25,6.092499999999973,0.004121859425310732,0.0032403744957380603,0.0007102278653029543,0.0033467738962816903,0.0024941122125409255,0.002469698648251791,1.8187935986869397,0.5981734234369804,-1.9040365500294254,0.38896079670562683,0.1935851173341951,0.47992472674623277,1.0,0.9260566270003858,0.5616741895773559,-5.491450900610514,-1.1389440614802389,0.0,0.0,0.0,0.0
2020-02-04,True,True,True,-0.0012471323384008505,7.964999999999918,0.005066199291495316,1572.1845,1570.225,1573.126,1565.161,0.002734433429415813,240.0,0.25,-0.00957367838763934,16.545000000000073,0.010557239765156497,1567.171,1552.239,1567.7,1551.155,0.005727977873549983,240.0,0.2619999999999436,-0.003911606846852563,7.283000000000129,0.004612684597636294,1578.9070000000002,1572.743,1579.428,1572.145,0.002495351120725342,360.0,0.25,6.092499999999973,0.004121859425310732,0.003097150067544362,0.006169791475668435,0.003431675494031434,0.002482994999653987,0.0025912367544618504,1.1954041854739699,0.178484358718576,-1.2629697501077044,0.38954226569551825,0.053788985693206344,-0.5022693716961341,1.0,1.1463274517849742,0.09167008617150098,-5.491450900610514,-0.2254203459289338,0.0,0.0,0.0,0.0
2020-02-05,True,True,True,-0.003969658704167589,14.466000000000122,0.009266168875383366,1561.163,1554.978,1561.883,1547.417,0.005048307434401346,240.0,0.25,0.002471326558996926,10.807999999999993,0.006953491768463131,1554.327,1558.173,1559.52,1548.712,0.0038999477542746457,240.0,0.25,0.0034418942314787507,8.643000000000029,0.0055611730645679855,1554.1685,1559.527,1560.723,1552.08,0.003070849595408382,359.0,0.25,6.5135000000001355,0.004298954113025921,0.003165693095461996,0.003911606846852563,0.0036041680395550316,0.002492046145653912,0.0026735357607059855,1.3269363629384892,0.282872798615002,1.0872482352798782,0.9442790475949645,0.6356511742974494,-1.5929314595921946,1.0,0.7158977508251959,0.251170645582242,-5.449383515396575,0.3075529511028413,0.0,0.0,0.0,0.0
2020-02-06,True,True,True,0.003927554754611173,9.407999999999902,0.006035717745510519,1558.721,1564.855,1567.514,1558.106,0.0026541890307837995,240.0,0.25,-0.0005051167926540723,6.796999999999798,0.004339332341656057,1566.37,1565.579,1568.197,1561.4,0.0037213798303644065,240.0,0.25,2.570332324832257e-05,5.358999999999924,0.0034436469885920267,1556.199,1556.239,1557.79,1552.431,0.0027056899852704974,359.0,0.25,7.108000000000175,0.0045388948666883954,0.003288025919003953,0.0034418942314787507,0.0036041680395550316,0.0025317830023962457,0.0026735357607059855,0.7539392234102127,-0.28244351977973053,0.007817250800781071,0.5156038134615645,-0.00726269307029971,1.5512999142872343,1.0,1.3680360157568505,0.34918401800786575,-5.395071717994961,-0.002207931831173523,0.0,0.0,-0.0,-0.0
2020-02-07,False,True,True,0.0012116684598619588,5.446999999999889,0.003476682388436689,1566.7235,1568.623,1569.774,1564.327,0.0023662185643252335,240.0,0.25,0.0015357456361995018,14.756000000000085,0.009425965353381131,1565.463,1567.869,1573.998,1559.242,0.004110624827833831,240.0,0.2579999999999245,,,,,,,,,,,,,,,0.0036041680395550316,0.002599120713134976,0.002633413561389979,,,,-0.03601246209096954,-0.10698779825664277,0.4661839881997952,,,,,,,,,
2020-02-10,True,True,True,0.00019781154348909736,4.384999999999991,0.0027893550324163074,1572.048,1572.359,1575.112,1570.727,0.0020230857320752012,239.0,0.25,0.001091116596216026,4.252999999999929,0.0027041651009467624,1572.759,1574.476,1575.605,1571.352,0.002315235603742039,240.0,0.25,-0.002421224410746639,7.016000000000076,0.004454972300879581,1574.8695,1571.061,1574.952,1567.936,0.0028539652088585303,358.0,0.25,7.108000000000175,0.0045388948666883954,0.0032704894394757693,2.570332324832257e-05,0.003462426063562383,0.002591276365379336,0.0025912367544618504,0.9870568373663343,-0.01302765522253662,-0.7403247909997043,-0.21615911986953137,-0.24751133714399573,0.07633749380496503,1.0,0.022509848058536567,0.13885762521103767,-5.395071717994961,0.009644696129840629,0.0,0.0,-0.0,-0.0
2020-02-11,False,True,True,8.032471589459023e-05,4.201000000000022,0.0026782355903785114,1568.57,1568.696,1569.94,1565.739,0.00218771963362834,238.0,0.25,-0.002123232069314331,12.163999999999987,0.007748789888606359,1569.7935,1566.464,1573.948,1561.784,0.0042938319138690765,240.0,0.25,,,,,,,,,,,,,,,0.003431675494031434,0.0019391182817399591,0.002469698648251791,,,,-0.24789040822574718,-0.12123640028646229,0.04142331937715287,,,,,,,,,
2020-02-12,False,True,True,0.001200907624333339,6.5340000000001055,0.004174079693364277,1565.375,1567.256,1567.659,1561.125,0.0025454957941315397,240.0,0.25,0.002259145649426685,6.879999999999882,0.004393137255527903,1566.079,1569.621,1570.37,1563.49,0.002711097238831233,240.0,0.25,,,,,,,,,,,,,,,0.003431675494031434,0.0019145555895895335,0.002367890221950637,,,,0.1958452771426819,0.07232608510932692,0.6272513740856198,,,,,,,,,
2020-02-13,True,True,True,-0.0007137831570818174,4.142000000000053,0.002629390517181215,1575.27,1574.146,1577.348,1573.206,0.0019146398485571496,240.0,0.25,0.0022864830362126906,6.388999999999896,0.004061386757933909,1573.108,1576.709,1578.168,1571.779,0.003959497402168334,239.0,0.25,0.002750245882508933,5.69600000000014,0.0036283016446157145,1569.8805,1574.204,1574.746,1569.05,0.002411008685677664,356.0,0.25,7.149500000000103,0.0045388948666883954,0.0032612025262755535,0.002421224410746639,0.003462426063562383,0.0019179979717079542,0.00245752883685379,0.7966990698650337,-0.22727825008108,0.8433226272671397,-0.27521744098510104,-0.24962677088673024,-0.37215011048536306,1.0,0.3639415343730085,0.14910133575774748,-5.395071717994961,-0.19166889097905437,0.0,0.0,-0.0,-0.0
2020-02-14,True,True,True,0.0006218641275035718,2.5370000000000346,0.0016103672868834312,1575.417,1576.397,1576.963,1574.426,0.00114867592803792,238.0,0.25,0.0036810615341473533,7.945999999999913,0.00504278369783401,1575.717,1581.528,1582.81,1574.864,0.003217022326460886,240.0,0.25,-0.0014578908212673491,5.048000000000002,0.0032002048942594754,1577.399,1575.101,1578.07,1573.022,0.0017047544403766238,355.0,0.25,7.149500000000103,0.0045388948666883954,0.003339496621673238,0.002750245882508933,0.003431675494031434,0.001935297983755526,0.002367890221950637,0.7060633610741911,-0.34805029895186684,-0.43656005273539705,-0.7565863426561052,-0.7233894448540936,0.32132732670801356,0.0,0.0,0.0441988950275962,-5.395071717994961,0.1519448568649977,0.0,0.0,-0.0,-0.0
2020-02-17,False,False,False,,,,,,,,,,,,,,,,,,,,,,,,,,,,,,,,,,,,,,,,,,,,,,,,,,,,
2020-02-18,False,True,True,-0.0003053803315353456,2.6900000000000546,0.0016935003582162812,1588.426,1587.941,1589.27,1586.58,0.0017749819273131099,240.0,0.25,0.010952354333239581,18.62799999999993,0.011739830532508535,1586.735,1604.209,1605.002,1586.374,0.005043271201902983,240.0,0.25,,,,,,,,,,,,,,,0.003431675494031434,0.0019326749918787424,0.002350127272926404,,,,-0.7062510193342576,-0.28067924430151225,-0.1580091494010005,,,,,,,,,
2020-02-19,True,True,True,0.0026028790711308185,6.432000000000016,0.004007536561294384,1604.976,1609.159,1611.223,1604.791,0.0020108581793865563,240.0,0.25,0.00021529114788528512,5.914999999999964,0.0036808792789832455,1606.953,1607.299,1608.228,1602.313,0.0035509281470585473,240.0,0.25,0.001343333628975953,5.2560000000000855,0.0032831347690593813,1600.909,1603.061,1604.738,1599.482,0.0020362461437626435,353.0,0.25,7.149500000000103,0.0045388948666883954,0.0033255901359920564,0.0014578908212673491,0.003431675494031434,0.0019276153376717603,0.002350127272926404,0.7351563046366892,-0.30767214300845364,0.4039384211654283,0.15512810454336456,-0.1559078995112727,1.350310417365046,1.0,0.9070564375130857,0.2678508986642651,-5.395071717994961,-0.12428059968341862,0.0,0.0,-0.0,-0.0
2020-02-20,True,True,True,0.0064236513691004315,10.81100000000015,0.006726490182628253,1607.2275,1617.585,1617.719,1606.908,0.0028758919230350375,240.0,0.25,0.0028566202974590654,10.075000000000045,0.006231022824715945,1616.9095,1621.5349999999999,1623.597,1613.522,0.004760952198784965,240.0,0.25,-0.0006829287191908354,6.114000000000033,0.003796271718427678,1610.5275000000001,1609.428,1611.97,1605.856,0.0027281879533561618,360.0,0.25,7.149500000000103,0.0045388948666883954,0.0033039029129078757,0.001343333628975953,0.003462426063562383,0.0019850553361029856,0.002350127272926404,0.8551646968319386,-0.15646120072213107,-0.20670362816132723,0.6640839716340262,0.2018933748541842,3.2360061970419394,1.0,0.8041121756766125,0.30778376110219113,-5.395071717994961,0.032341097855742164,0.0,0.0,-0.0,-0.0
2020-02-21,True,True,True,0.0012077865142541518,5.009999999999991,0.003067206723610997,1633.408,1635.382,1636.471,1631.461,0.0027918274373849015,240.0,0.25,0.0018529139734540395,12.180000000000064,0.00743684406714778,1637.7915,1640.829,1649.193,1637.013,0.006442634406059391,240.0,0.26300000000003365,0.0037212710755303697,9.759999999999991,0.006016413219095448,1622.229,1628.277,1628.669,1618.909,0.0026742115828950618,359.0,0.25,7.149500000000103,0.0045388948666883954,0.0033012028608873432,0.0006829287191908354,0.003462426063562383,0.0022485010554052732,0.002350127272926404,1.3651304287012869,0.3112499762342209,1.127247016419377,-0.12120223239422738,0.17222689151419224,0.5371518556109632,1.0,1.0912651234351767,0.7176725645149709,-5.395071717994961,0.3508556070706275,0.0,0.0,0.0,0.0
2020-02-24,True,True,True,0.005789651282914067,17.36999999999989,0.010384877179546212,1672.6245,1682.3365,1689.205,1671.835,0.00660922241040115,240.0,0.2675000000000409,-0.005037867642474563,14.625999999999976,0.008701143445423155,1680.9285,1672.4814999999999,1684.175,1669.549,0.0069090671079470355,240.0,0.29099999999994,-0.0024617559113953966,9.126999999999953,0.005479382973569319,1665.6985,1661.603,1667.591,1658.464,0.004929413265539823,360.0,0.26299999999991996,7.502500000000055,0.004784396977758912,0.003389495160412222,0.0037212710755303697,0.003462426063562383,0.0022483984679282174,0.002367890221950637,1.216527824058632,0.1960007552023426,-0.7262898440297534,1.0983811127396772,1.0264666516041216,2.575011220430572,1.0,2.880906364545135,1.4690436521159282,-5.342395285475705,-0.1423533579256233,0.0,0.0,0.0,0.0
2020-02-25,True,True,True,0.0035055734428373546,17.004000000000133,0.01036330692124346,1640.789,1646.551,1657.046,1640.042,0.006058595844406197,240.0,0.2699999999999818,-0.0011847382103550683,15.162000000000035,0.009201621845021695,1647.7530000000002,1645.802,1658.4,1643.238,0.006716376371843333,240.0,0.28350000000000364,-0.0028550209498088954,16.07400000000007,0.00971819707311415,1654.0104999999999,1649.295,1658.737,1642.663,0.006456489587321664,360.0,0.2779999999999063,7.502500000000055,0.004784396977758912,0.002771299802697407,0.0024617559113953966,0.0036184243644293373,0.002459077195772461,0.00245752883685379,2.1424858380539757,0.7619667614581387,-1.030210064977452,1.0522327141495036,0.9023217571950682,1.4255646178428172,1.0,0.34935021659447857,1.133755414861716,-5.342395285475705,-0.7849858268324477,0.0,1.0,0.0,0.7619667614581387
2020-02-26,True,True,True,0.0018892051958090518,11.110000000000127,0.006756362291836007,1644.3760000000002,1647.4855,1654.892,1643.782,0.004847264085491719,240.0,0.26099999999996726,-0.0029696378555089486,20.69600000000014,0.012583239472800292,1644.7275,1639.8505,1644.959,1624.263,0.008594189567177038,240.0,0.30199999999990723,0.0023321825116343823,9.34699999999998,0.0056997516915706726,1639.8960000000002,1643.725,1646.15,1636.803,0.0049227305101973515,360.0,0.2799999999999727,7.502500000000055,0.004784396977758912,0.002599154737378837,0.0028550209498088954,0.0036184243644293373,0.0024322539855923422,0.00245752883685379,1.245851382872364,0.21981913786805177,0.8972849819577546,0.6244459500652325,0.6792581325038607,0.7767302292441148,1.0,1.1652115961346081,0.08677107630793601,-5.342395285475705,0.19724041115590402,0.0,1.0,0.0,0.21981913786805177
2020-02-27,True,True,True,0.0006244445520113418,6.752999999999929,0.004097319995959064,1648.1505,1649.18,1650.848,1644.095,0.004116665946979594,240.0,0.25,-0.0025227894593869977,19.190000000000055,0.011604779548496098,1653.629,1649.4625,1660.247,1641.057,0.008137083781110445,240.0,0.2969999999999118,0.005263049482833374,9.476999999999862,0.005765769931360666,1643.6660000000002,1652.3395,1652.312,1642.835,0.0049333845414556605,360.0,0.28100000000006276,7.502500000000055,0.004784396977758912,0.002710330471425427,0.0023321825116343823,0.003883851450858185,0.0024292795848093246,0.00245752883685379,1.263178940353188,0.23363151215565078,1.9418478810317958,0.05350579719387112,0.5158872923894392,0.2570492733385214,0.0,0.0,0.5583472175941416,-5.342395285475705,0.4536768568217047,0.0,1.0,0.0,0.23363151215565078
2020-02-28,True,True,True,0.0011082272416575395,17.373999999999796,0.01067313746870812,1627.825,1629.63,1641.139,1623.765,0.009651886445617626,240.0,0.3454999999999018,-0.018529068824033493,58.437000000000126,0.036073079514544096,1619.9615,1590.2215,1629.14,1570.703,0.01468678466800436,240.0,0.3854999999999791,-0.00908868695082065,19.784000000000106,0.012020814041944102,1645.812,1630.9215,1648.131,1628.347,0.006896827394894113,360.0,0.3160000000000309,7.502500000000055,0.004784396977758912,0.003044699576981,0.005263049482833374,0.004052428278626724,0.002422030980490062,0.0025998424124576694,2.636987670776403,0.969637231886728,-2.9850849717766312,0.9684137914779891,1.3117025502410444,0.4575611338519321,1.0,0.6107297567477303,0.41272909030321303,-5.342395285475705,-2.8944495289801644,0.0,0.0,0.0,0.0
2020-03-02,True,True,True,0.005282804236413323,13.04600000000005,0.008163722497263094,1598.0455,1606.51,1610.885,1597.839,0.005671007346921769,240.0,0.2925000000001319,-0.0013565146856915494,12.28300000000013,0.007683790411370314,1598.56,1596.393,1603.2,1590.917,0.006244606653372413,240.0,0.3079999999999927,0.011998994405065555,25.086000000000013,0.015827513791344467,1584.9615,1604.094,1606.511,1581.425,0.009216312685302567,360.0,0.3789999999999054,7.963000000000079,0.005046033785602807,0.0035785428601582607,0.00908868695082065,0.00413569984466167,0.0023658888671191777,0.002694311230099806,3.150320231068663,1.1475041083271658,3.3530391765476577,0.6800436901778685,0.744224166106235,2.232904643084916,1.0,0.5492904684164235,0.7595755368579735,-5.289152733263925,3.847626230470374,1.0,1.0,1.1475041083271658,1.1475041083271658
2020-03-03,True,True,True,0.00507482769921411,10.375,0.006504641022184745,1595.0149999999999,1603.13,1604.429,1594.054,0.0038094919117721273,240.0,0.2660000000000764,0.02313238988431152,42.945000000000164,0.026800349100367705,1602.4045,1639.904,1643.411,1600.466,0.012501986044286803,240.0,0.35950000000002547,0.004345627694200634,11.470000000000027,0.007204558909203417,1592.0475,1598.981,1601.099,1589.629,0.005121485367840021,360.0,0.2819999999999254,8.659999999999968,0.0055182093202772176,0.004584204057504529,0.011998994405065555,0.004556033110238249,0.0025088512295808637,0.002763130433400357,1.3244803695150196,0.2810202085669416,0.947956862235804,0.3560636125848669,0.3211315717622775,2.0227694808599415,1.0,0.38452655889147425,0.45796766743650535,-5.199701869822213,0.26639503513796914,1.0,0.0,0.2810202085669416,0.0
2020-03-04,True,True,True,0.004796643077890521,10.407999999999902,0.006361177746879094,1636.175,1644.042,1644.995,1634.587,0.004205237445398285,240.0,0.3385000000000673,-0.003478077184254046,10.557999999999993,0.006409258276171766,1647.3045,1641.585,1647.372,1636.814,0.006646693798520187,237.0,0.3730000000000473,-0.0015669081037797308,7.997000000000071,0.004858654291892342,1645.929,1643.352,1647.529,1639.532,0.0060809309565384995,360.0,0.3140000000000782,8.659999999999968,0.0055182093202772176,0.004568848490245459,0.004345627694200634,0.004620139492429797,0.0026286043498994893,0.002763130433400357,0.9234411085450462,-0.07964825122457837,-0.34295470885609286,0.3197886427307063,0.419966507232928,1.8247870121929652,1.0,0.5710161662817499,0.8287528868360463,-5.199701869822213,0.027315742809622217,1.0,0.0,-0.07964825122457837,-0.0
2020-03-05,True,True,True,0.00630137457809099,11.489000000000033,0.007015898285657427,1637.5665,1647.9180000000001,1648.609,1637.12,0.003386206570237855,240.0,0.2679999999999154,0.0057614772011498816,12.485999999999876,0.007555682767826974,1652.531,1662.0795,1663.542,1651.056,0.005281917484237756,240.0,0.32000000000005,0.0011385125735700091,5.164999999999964,0.0031556804386303943,1636.731,1638.5955,1640.742,1635.577,0.0026146807754469517,360.0,0.30150000000003274,8.32000000000005,0.0051690186327308305,0.004552789891336192,0.0015669081037797308,0.005104898719437399,0.002616231932336739,0.0028338596802099693,0.6207932692307612,-0.4767571522615283,0.25006921047170677,0.31797814554507514,0.17807066194732032,2.4085687894126395,1.0,0.9455528846153743,0.12367788461538344,-5.265072428067665,-0.11922228465277968,1.0,0.0,-0.4767571522615283,-0.0
2020-03-06,True,True,True,0.008285285899579229,19.02800000000002,0.011378783484378704,1672.235,1686.1475,1689.875,1670.847,0.006120362804438768,240.0,0.3645000000000209,-0.014659468503578008,48.34199999999987,0.028637098732887386,1688.0900000000001,1663.524,1689.408,1641.066,0.01929462580843241,240.0,0.4130000000000109,0.003129542182797571,13.542999999999893,0.008087212673449836,1674.6190000000001,1679.868,1680.975,1667.432,0.005080394569562582,360.0,0.32799999999997453,8.32000000000005,0.0051690186327308305,0.004541456863994471,0.0011385125735700091,0.005104898719437399,0.002373836707800826,0.0028338596802099693,1.6277644230769004,0.4872075538401031,0.689105341417899,0.8015499116080972,0.7699817494771622,3.4902509816081233,1.0,1.069711538461543,0.9174278846153837,-5.265072428067665,0.3357373277303637,1.0,0.0,0.4872075538401031,0.0
2020-03-09,True,True,True,-0.0032902178180023592,21.096000000000004,0.012545735945442463,1681.5275000000001,1676.004,1682.249,1661.153,0.00854996258675238,240.0,0.6684999999999945,-0.00655016236091657,22.541999999999916,0.013449507516647013,1676.0465,1665.1039999999998,1685.461,1662.919,0.008333827335134643,240.0,0.5644999999999527,-0.0219565506148647,46.20900000000006,0.027177967783912578,1700.2375,1663.313,1702.704,1656.495,0.015083195765459493,360.0,0.75,8.884999999999991,0.005520278019068652,0.00458433839798894,0.003129542182797571,0.005267628720121686,0.0026870861452772525,0.003131049246636446,5.20078784468206,1.6488101227038179,-4.789469866468979,0.867800539480585,1.0045587361755748,-1.2244556520025063,0.0,0.0,2.0500281373100804,-5.19932705418814,-7.896926398218955,1.0,0.0,1.6488101227038179,0.0
2020-03-10,True,True,True,-2.677112418580163e-05,11.586999999999989,0.0069706261531732915,1662.261,1662.2165,1667.326,1655.739,0.0064181480777406414,240.0,0.32749999999998636,-0.004631821629866198,17.83699999999999,0.010730555492889956,1662.2625,1654.5810000000001,1667.46,1649.623,0.0075983834454570525,240.0,0.35350000000005366,-0.008947431125858416,20.174999999999955,0.012105709394570495,1666.569,1651.724,1671.318,1651.143,0.006482778606106889,360.0,0.38599999999996726,8.884999999999991,0.005520278019068652,0.006668384714106422,0.0219565506148647,0.006432909384531919,0.002994523560247129,0.0035978492410049913,2.2706809229037677,0.8200797525493966,-1.3417688854889938,0.08027814990603271,0.5787933808041028,-0.00894002790333441,0.0,0.0,1.1859313449634266,-5.19932705418814,-1.1003574955902937,1.0,0.0,0.8200797525493966,0.0
2020-03-11,True,True,True,0.002146564722213956,12.285000000000082,0.00738946701702229,1662.5014999999999,1666.074,1668.403,1656.118,0.004196951590182567,240.0,0.3184999999999718,-0.009790472097473805,28.003999999999905,0.01680792308352519,1666.119,1649.8865,1671.11,1643.106,0.007641240784468271,240.0,0.34600000000000364,0.005616086890154247,14.740000000000009,0.00892048243227787,1652.377,1661.683,1665.261,1650.521,0.003922055880516631,360.0,0.3170000000000073,9.236999999999966,0.005630462378069329,0.00690113166862134,0.008947431125858416,0.006615565602406498,0.0030041514542339088,0.003963078929375861,1.5957561978997579,0.4673477291507218,0.8137921662457123,0.11063031324900312,0.05733721931685297,0.7145327906782759,1.0,0.3401537295658833,0.08861102089421469,-5.179563712659422,0.3803239208955803,1.0,0.0,0.4673477291507218,0.0
2020-03-12,True,True,True,-0.003496231556494875,13.075000000000045,0.0079722936121045,1640.0549999999998,1634.3310000000001,1645.414,1632.339,0.005449286943534674,240.0,0.32150000000001455,-0.04238658113547209,74.62900000000013,0.04566204737340292,1634.377,1566.549,1634.843,1560.214,0.018082705470215267,240.0,0.5720000000000027,-0.00592176782447827,19.544000000000096,0.011890059535470081,1643.726,1634.021,1649.971,1630.427,0.007377787481480743,360.0,0.3774999999999409,9.41199999999992,0.005732760811465669,0.006984727408446626,0.005616086890154247,0.00674142623723213,0.0029507832308630346,0.00415680876858108,2.076498087547839,0.7306828630903367,-0.8478165972972804,0.16770072165549152,0.2707371071201204,-1.1848486598157566,0.0,0.0,0.6410964725881777,-5.161558047282318,-0.6194850586886839,1.0,0.0,0.7306828630903367,0.0
2020-03-13,True,True,True,-0.006734348405326269,16.45999999999981,0.01034022545586342,1591.8415,1581.1574999999998,1593.446,1576.986,0.00740370230015462,240.0,0.34749999999996817,-0.029664698177752687,76.096,0.04812800064764341,1581.117,1534.9025000000001,1597.779,1521.683,0.01922737054103741,240.0,0.5260000000000673,0.006158750217619294,39.750999999999976,0.02520883967739837,1576.8675,1586.609,1590.961,1551.21,0.015553217746518916,360.0,0.5819999999999936,9.618499999999926,0.005891091575228057,0.007087524277936971,0.00592176782447827,0.00686349422250465,0.003242688848007337,0.004201094517790426,4.132764984145166,1.4189466706525153,0.8689564897563888,0.40982499914647474,0.5666350951150053,-2.0767790932098187,1.0,0.25835629256120174,0.5440037427873486,-5.134313971625697,1.2330029180817246,1.0,0.0,1.4189466706525153,0.0
2020-03-16,True,True,True,-0.0463958785960555,85.7800000000002,0.05601298916274699,1531.4305,1462.0014999999999,1541.929,1456.149,0.021440305441577087,240.0,0.8799999999999955,0.028338284403427182,68.15100000000007,0.046613460388202736,1462.0455000000002,1504.07,1519.178,1451.027,0.025962873506381712,240.0,0.8365000000000009,-0.010976304026558664,36.99000000000001,0.02374556616227935,1557.7645,1540.7595000000001,1560.261,1523.271,0.013779228424925048,360.0,0.78550000000007,10.615000000000009,0.006610486064149433,0.007241339428607174,0.006158750217619294,0.006993262219415359,0.0037809118211873964,0.0045262507654450015,3.484691474328778,1.2483795106891427,-1.5157836660986193,2.0806364677412157,1.555378631233238,-12.271081895129958,1.0,6.3233160621761675,0.8788506829957767,-5.019098093154998,-1.8922732713947892,1.0,0.0,1.2483795106891427,0.0
2020-03-17,True,True,True,-0.009241797723063265,22.71199999999999,0.015278447211424384,1486.5385,1472.8635,1487.794,1465.082,0.010963400388874783,240.0,0.5989999999999327,0.03977158970362064,81.60400000000004,0.055403230542521116,1472.9105,1532.671,1553.462,1471.858,0.02239503986785603,240.0,0.66050000000007,-0.00966520249729787,33.94899999999984,0.0225241154462924,1507.2289999999998,1492.7314999999999,1519.079,1485.13,0.014819778470050473,360.0,0.8429999999999609,12.50649999999996,0.0076458857913266265,0.0075741764346364746,0.010976304026558664,0.007202682651339859,0.011493336779435077,0.005148275514513197,2.7145084556030823,0.9986108893347863,-1.2760730596529544,0.751989609194211,0.7559006808107748,-0.804100488867561,1.0,1.6030064366529457,0.49518250509733147,-4.873587580868046,-1.2743004529561985,1.0,0.0,0.9986108893347863,0.0
2020-03-18,True,True,True,0.012621114127307542,29.636999999999944,0.01978307174625972,1498.0990000000002,1517.1264999999999,1516.57,1486.933,0.018127290137363142,240.0,0.9529999999999745,-0.016240956683603057,37.98400000000015,0.02503791051043163,1517.0594999999998,1492.62,1522.373,1484.389,0.014284686027223749,240.0,0.8550000000000182,-0.012454231072708823,28.354000000000042,0.018436427842946423,1537.9335,1518.8985,1539.674,1511.32,0.007451769467210836,360.0,0.5904999999999063,14.14149999999995,0.008503847552863854,0.007816280541927467,0.00966520249729787,0.0076808803145633955,0.011667561451595943,0.0055601471452282215,2.005020683803001,0.6956543768165442,-1.5933705303824286,0.9460924448188228,1.1817939722837834,1.0817268183816737,1.0,1.7244988155429077,1.4708128557790845,-4.767236564624356,-1.1084351833510349,1.0,0.0,0.6956543768165442,0.0
2020-03-19,True,True,True,-0.006665917071445161,18.110000000000127,0.012205761780059807,1483.7255,1473.868,1488.661,1470.551,0.010743934739774655,240.0,1.1230000000000473,0.004317904895993392,29.628999999999905,0.02010377234949305,1473.8029999999999,1480.1805,1493.109,1463.48,0.016186579309185208,240.0,0.77150000000006,-0.018130837846530638,34.80199999999991,0.02322865022599905,1498.2359999999999,1471.3165,1498.396,1463.594,0.013841209870454112,360.0,1.0470000000000255,15.407000000000039,0.009319339752696009,0.00815784598697191,0.012454231072708823,0.008068008054683797,0.012026679174209002,0.005864801595663983,2.258843382877901,0.8148529047937436,-2.2225030817553564,0.4140014988646154,0.6053727320917011,-0.5542608208706606,0.0,0.0,0.8054131239047234,-4.675663494779456,-1.8110130920813992,1.0,1.0,0.8148529047937436,0.8148529047937436
2020-03-20,True,True,True,-0.0045078376073987925,15.016000000000076,0.009942198062675095,1510.33,1503.5369999999998,1515.626,1500.61,0.009118854098724422,240.0,0.9684999999999491,-0.008772476822888951,22.19600000000014,0.014762027484266887,1503.5875,1490.455,1507.351,1485.155,0.010901826589428256,240.0,0.6230000000000473,0.01015885508967209,17.319000000000187,0.011769970773855828,1471.4565,1486.481,1487.862,1470.543,0.008170321519296931,360.0,0.8814999999998463,17.809000000000083,0.010804128304292115,0.008893208419025175,0.018130837846530638,0.009251973976563257,0.012003026037941416,0.006089479324422482,0.9724858217755128,-0.02789978274695621,1.1423160923496773,0.07195119765919158,0.4037815678663084,-0.37555842944517276,1.0,1.5589870290302525,1.3391543601549678,-4.527826967493616,-0.03187037080490796,1.0,1.0,-0.02789978274695621,-0.02789978274695621
2020-03-23,True,True,True,0.00269790045466666,8.950000000000045,0.006004920008762517,1490.4445,1494.471,1495.199,1486.249,0.0052856810301627035,240.0,0.5834999999999582,0.031836677669275434,49.39700000000016,0.033054173660714545,1494.4254999999998,1542.7685000000001,1543.284,1493.887,0.016069415034910103,240.0,0.9324999999998909,0.0019642760011508217,15.736000000000104,0.010549002651328583,1491.705,1494.638,1501.14,1485.404,0.008070677750804677,360.0,0.8180000000000973,18.431500000000142,0.011830015154662955,0.009258874155946019,0.01015885508967209,0.010141211759269258,0.012019211625416176,0.006269255441089704,0.8537557984971371,-0.1581100763226762,0.21215063171469611,-0.5240283592386961,-0.17065612618779932,0.2244656753494215,0.0,0.0,0.22751810758754445,-4.437115319956064,-0.03354315257231458,1.0,1.0,-0.1581100763226762,-0.1581100763226762
2020-03-24,True,True,False,0.018526320830819905,39.90899999999988,0.025371716724773154,1572.972,1602.385,1608.521,1568.612,0.014819042644604435,237.0,2.5,,,,,,,,,,,-0.0016021097494817568,22.786000000000058,0.014541138256001543,1567.0025,1564.494,1582.404,1559.618,0.01077542966722487,360.0,2.5,18.431500000000142,0.011830015154662955,0.00931743058772321,0.0019642760011508217,0.009052960279969095,0.0119449565940214,0.006089479324422482,1.2362531535686125,0.21208515486648577,-0.17194759160242323,1.0305432318491932,0.8893504376457639,1.5509743116264283,1.0,1.4169763719718829,0.45997341507744893,-4.437115319956064,-0.03646753159391918,1.0,1.0,0.21208515486648577,0.21208515486648577
2020-03-25,False,False,False,,,,,,,,,,,,,,,,,,,,,,,,,,,,,,,,,,,,,,,,,,,,,,,,,,,,
2020-03-26,False,False,False,,,,,,,,,,,,,,,,,,,,,,,,,,,,,,,,,,,,,,,,,,,,,,,,,,,,
2020-03-27,False,False,False,,,,,,,,,,,,,,,,,,,,,,,,,,,,,,,,,,,,,,,,,,,,,,,,,,,,
2020-03-30,False,False,False,,,,,,,,,,,,,,,,,,,,,,,,,,,,,,,,,,,,,,,,,,,,,,,,,,,,
2020-03-31,False,False,False,,,,,,,,,,,,,,,,,,,,,,,,,,,,,,,,,,,,,,,,,,,,,,,,,,,,
2020-04-01,False,False,False,,,,,,,,,,,,,,,,,,,,,,,,,,,,,,,,,,,,,,,,,,,,,,,,,,,,
2020-04-02,False,True,False,0.00028171548900724624,14.527000000000044,0.009126103501836777,1591.8075,1592.2559999999999,1598.294,1583.767,0.004386816142570245,240.0,2.0739999999999554,,,,,,,,,,,,,,,,,,,,,,,,,0.009052960279969095,0.012710757349474753,0.006269255441089704,,,,0.00804701688063884,-0.3570538864635513,0.022163548658954424,,,,,,,,,
2020-04-03,False,True,False,-0.0005769757033320328,10.314000000000078,0.006407335448611373,1609.7175,1608.789,1617.064,1606.75,0.005043240476757329,240.0,2.0230000000000246,,,,,,,,,,,,,,,,,,,,,,,,,0.009534150782255935,0.012699597660182952,0.006269255441089704,,,,-0.3974366740053247,-0.2176087709501511,-0.04543259706100963,,,,,,,,,
2020-04-06,True,False,False,,,,,,,,,,,,,,,,,,,,,-0.0002244272214634212,7.375,0.0045528611877380795,1619.8605,1619.4969999999998,1621.341,1613.966,0.0035651645195208174,354.0,2.8070000000000164,19.6640000000001,0.011955436788707093,0.009318937693646043,0.0016021097494817568,,,,0.3750508543531307,-0.9806936505978007,-0.024082918980823643,,,,,,,-4.4265691426700915,0.023617965732355004,1.0,1.0,-0.9806936505978007,-0.9806936505978007
2020-04-07,False,False,False,,,,,,,,,,,,,,,,,,,,,,,,,,,,,,,,,,,,,,,,,,,,,,,,,,,,
2020-04-08,False,True,True,0.0009284172791792245,7.994999999999891,0.004853688165560785,1647.201,1648.731,1654.235,1646.24,0.004768845159761605,240.0,2.0774999999999864,-0.0005356071186062183,14.291000000000167,0.00866626481621416,1649.038,1648.155,1655.64,1641.349,0.007498991474040531,240.0,2.5410000000000537,,,,,,,,,,,,,,,0.009534150782255935,0.012696189707895633,0.006269255441089704,,,,-0.6751413094083437,-0.2735534274497253,0.07312566215057822,,,,,,,,,
2020-04-09,False,False,False,,,,,,,,,,,,,,,,,,,,,,,,,,,,,,,,,,,,,,,,,,,,,,,,,,,,
2020-04-10,False,False,False,,,,,,,,,,,,,,,,,,,,,,,,,,,,,,,,,,,,,,,,,,,,,,,,,,,,
2020-04-13,False,False,False,,,,,,,,,,,,,,,,,,,,,,,,,,,,,,,,,,,,,,,,,,,,,,,,,,,,
2020-04-14,False,False,False,,,,,,,,,,,,,,,,,,,,,,,,,,,,,,,,,,,,,,,,,,,,,,,,,,,,
2020-04-15,False,False,False,,,,,,,,,,,,,,,,,,,,,,,,,,,,,,,,,,,,,,,,,,,,,,,,,,,,
2020-04-16,True,False,False,,,,,,,,,,,,,,,,,,,,,-0.0002529073431489988,8.07100000000014,0.004702666057979043,1716.2604999999999,1715.8265000000001,1718.631,1710.56,0.0035566875034567075,354.0,2.5919999999999845,19.6640000000001,0.011955436788707093,0.00926785603451589,0.0002244272214634212,,,,0.41044548413344684,-0.8905121624814315,-0.027288656859483635,,,,,,,-4.4265691426700915,0.024300880831152522,1.0,1.0,-0.8905121624814315,-0.8905121624814315
2020-04-17,False,False,False,,,,,,,,,,,,,,,,,,,,,,,,,,,,,,,,,,,,,,,,,,,,,,,,,,,,
2020-04-20,False,True,True,0.0016274668813375122,12.515999999999849,0.007446925926708142,1680.6934999999999,1683.431,1683.61,1671.094,0.005422506416718961,240.0,2.377999999999929,0.007010071000572768,18.520999999999958,0.010976844967548317,1687.279,1699.1485,1697.97,1679.449,0.0070041333115043606,240.0,2.526499999999942,,,,,,,,,,,,,,,0.008644912999549935,0.012694912425382992,0.005895685075680269,,,,-0.14916973546205828,-0.08366259317595143,0.12819835433314644,,,,,,,,,
2020-04-21,True,False,False,,,,,,,,,,,,,,,,,,,,,-0.0006828931688452112,5.822999999999865,0.003443161085597922,1691.1785,1690.024,1691.138,1685.315,0.00447528028708159,359.0,2.34900000000016,19.6640000000001,0.011955436788707093,0.009104115668188301,0.0002529073431489988,,,,0.29612489829128535,-1.2169739599687244,-0.07500928082794289,,,,,,,-4.4265691426700915,0.09128434152358778,1.0,1.0,-1.2169739599687244,-1.2169739599687244
2020-04-22,True,False,False,,,,,,,,,,,,,,,,,,,,,-0.0018787868140267433,11.712999999999965,0.006939889641949548,1687.779,1684.6109999999999,1690.411,1678.698,0.00539448733056133,355.0,2.6269999999999527,18.431500000000142,0.011830015154662955,0.008992534370726906,0.0006828931688452112,,,,0.6354881588584692,-0.4533618213217061,-0.20892739872562452,,,,,,,-4.437115319956064,0.09471970601025544,1.0,1.0,-0.4533618213217061,-0.4533618213217061
2020-04-23,True,True,True,0.006795345715968745,18.539999999999964,0.01080514030946759,1715.85,1727.5495,1727.465,1708.925,0.004998887040057164,240.0,1.8784999999999172,0.0011871013091997527,19.44900000000007,0.011255367914649293,1727.9755,1730.028,1738.123,1718.674,0.007281528824593927,240.0,2.248499999999808,0.0029784454527049947,12.211999999999989,0.007133456741589764,1711.933,1717.0394999999999,1718.051,1705.839,0.005461000858187707,358.0,2.341999999999871,16.527500000000146,0.011159486712592205,0.008334891541635957,0.0018787868140267433,0.008549198556970639,0.01263039955480958,0.005784824873986721,0.7388897292391398,-0.30260658535297436,0.357346635865209,0.234184432951705,-0.14602279208817068,0.5380151028857292,1.0,0.5695961276660054,0.07197095749508045,-4.4954653165820275,-0.1081354452665436,1.0,1.0,-0.30260658535297436,-0.30260658535297436
2020-04-24,False,True,True,0.0036043270123440486,10.798000000000002,0.006242354589789781,1729.7959999999998,1736.042,1735.347,1724.549,0.00403384317037169,240.0,1.8250000000000455,-0.010248861529841048,26.028999999999996,0.01503797624855962,1730.8845000000001,1713.2355,1735.493,1709.464,0.008595977482337504,240.0,1.8454999999999018,,,,,,,,,,,,,,,0.009534150782255935,0.0126788762015663,0.005784824873986721,,,,-0.42352272255761503,-0.36051852593311573,0.2842781138519819,,,,,,,,,
2020-04-27,False,True,True,0.0014695889151722854,11.42100000000005,0.0066613182481100736,1714.5255000000002,1717.047,1723.5,1712.079,0.004436041816614566,240.0,1.2124999999999773,-0.002096287847219361,16.345000000000027,0.009530262153635187,1715.063,1711.4715,1721.96,1705.615,0.0064112772490664445,240.0,1.4080000000001291,,,,,,,,,,,,,,,0.009534150782255935,0.012653972415858986,0.005784824873986721,,,,-0.35856277175478546,-0.26547559166383006,0.11613656699065325,,,,,,,,,
2020-04-28,False,False,True,,,,,,,,,,,-0.003083783975960098,23.18399999999997,0.013559563911229991,1709.7894999999999,1704.525,1713.067,1689.883,0.0066254221653156585,240.0,2.174000000000092,,,,,,,,,,,,,,,,,,,,,,,,,,,,,,,,
2020-04-29,False,True,False,-0.003073433995017032,9.389999999999873,0.0054938496966972965,1709.1840000000002,1703.9389999999999,1709.29,1699.9,0.004278835146920583,240.0,2.4279999999999973,,,,,,,,,,,,,,,,,,,,,,,,,0.009534150782255935,0.012555875782264195,0.005784824873986721,,,,-0.5512509422913174,-0.3015572771399485,-0.24478053528997248,,,,,,,,,
2020-04-30,False,True,False,-0.001333383810620885,7.677999999999884,0.004468616957813465,1718.205,1715.9155,1720.799,1713.121,0.0030912105857301697,239.0,2.086999999999989,,,,,,,,,,,,,,,,,,,,,,,,,0.008549198556970639,0.012364560443566998,0.005435896680126818,,,,-0.6487585871894573,-0.5644617000061323,-0.10783915988817981,,,,,,,,,
2020-05-01,True,False,True,,,,,,,,,,,0.009416668415881237,22.662000000000035,0.013486929515587625,1680.2935,1696.191,1697.351,1674.689,0.006865128704917121,240.0,2.3284999999999627,-0.009065222944059271,18.449999999999818,0.010928621883010328,1688.2275,1672.9924999999998,1689.745,1671.295,0.005060509839157025,355.0,2.2590000000000146,16.527500000000146,0.011159486712592205,0.00827611956989308,0.0029784454527049947,,,,1.116321282710613,0.11003871026092146,-1.09534702435146,,,,,,,-4.4954653165820275,-0.1205305738477728,1.0,1.0,0.11003871026092146,0.11003871026092146
2020-05-04,True,True,False,-0.0004788663305234193,9.450000000000045,0.005540971821959514,1705.4769999999999,1704.6605,1711.347,1701.897,0.0040033418577501995,240.0,1.5069999999999482,,,,,,,,,,,-0.0004931353947816881,6.0750000000000455,0.0035740560594370203,1699.7495,1698.9115000000002,1700.555,1694.48,0.003936005633819219,356.0,1.8334999999999582,17.884500000000003,0.011349296328433078,0.008369664825711028,0.009065222944059271,0.007709609769406321,0.012358768471125575,0.005354093723440832,0.3396796108362014,-1.0797524267055398,-0.05891937192834897,-0.3302976682270293,-0.2907319735057258,-0.03874709131757094,1.0,0.603427548994935,0.36710559422962347,-4.478599534471533,0.06361833481960107,1.0,1.0,-1.0797524267055398,-1.0797524267055398
2020-05-05,False,False,True,,,,,,,,,,,0.0037055621944510992,14.166000000000167,0.00835430854915995,1695.652,1701.9470000000001,1704.564,1690.398,0.005623266728608569,240.0,1.7954999999999472,,,,,,,,,,,,,,,,,,,,,,,,,,,,,,,,
2020-05-06,False,False,False,,,,,,,,,,,,,,,,,,,,,,,,,,,,,,,,,,,,,,,,,,,,,,,,,,,,
2020-05-07,True,True,True,0.00412452350585058,9.795999999999822,0.005807540732374888,1686.7725,1693.7440000000001,1695.61,1685.814,0.003378953616130958,240.0,1.384499999999889,0.007723697175156158,17.411000000000058,0.010266785465991565,1695.857,1709.0059999999999,1710.142,1692.731,0.005186257716442634,240.0,1.3220000000000027,-0.0011429690817652874,6.5499999999999545,0.0038757683118957713,1689.9875,1688.057,1693.27,1686.72,0.003274386971199714,355.0,1.5599999999999454,17.884500000000003,0.011349296328433078,0.008329613001244168,0.0004931353947816881,0.007709609769406321,0.012356214907981087,0.005164460753460016,0.366238921971537,-1.0044693662850057,-0.13721754919401008,-0.28331037333677345,-0.42423461260587847,0.33380153522471356,1.0,0.13083955380356832,0.07182196874388323,-4.478599534471533,0.1378308246820889,1.0,1.0,-1.0044693662850057,-1.0044693662850057
2020-05-08,True,True,False,0.0017305703619996775,8.388999999999896,0.004885784806484656,1717.022,1719.996,1723.003,1714.614,0.0026762748257123507,238.0,1.6515000000000555,,,,,,,,,,,0.0011946490824397196,9.745000000000118,0.005683733615157937,1714.542,1716.5915,1720.045,1710.3,0.004637807455075953,356.0,1.8019999999999072,17.884500000000003,0.011349296328433078,0.008201409080198462,0.0011429690817652874,0.007709609769406321,0.012395551634121947,0.005164460753460016,0.5448852358187323,-0.6071800829726232,0.1456638817497945,-0.45613764374346927,-0.6573748559602238,0.1396122103380891,1.0,0.16539461544912387,0.024071123039500018,-4.478599534471533,-0.0884442078069546,1.0,1.0,-0.6071800829726232,-0.6071800829726232
2020-05-11,True,True,True,-0.0041825370304156085,15.991999999999962,0.009368062884117942,1707.0765000000001,1699.9515000000001,1709.143,1693.151,0.004455185286925702,240.0,1.3624999999999545,-0.0022370034495289358,16.741999999999962,0.009840866221940841,1701.2730000000001,1697.4715,1707.787,1691.045,0.005442524132694683,240.0,1.6470000000000482,-0.0008311770396067057,10.173999999999978,0.005961129614726684,1706.7235,1705.3055,1711.394,1701.22,0.0031020299866949637,359.0,1.8040000000000873,16.527500000000146,0.010738812267169455,0.0070624524839587475,0.0011946490824397196,0.007054122087409107,0.012406153080059528,0.005021063758407246,0.6155800937830821,-0.48519021382503374,-0.11768957617691501,0.28369419971704884,-0.11957316448225092,-0.3371340820498355,1.0,0.48821660868249217,0.10715474209651611,-4.533890785665931,0.05710183063025499,1.0,1.0,-0.48519021382503374,-0.48519021382503374
2020-05-12,True,True,True,0.002013236560014552,7.455999999999904,0.004385817855619713,1700.025,1703.451,1706.205,1698.749,0.003013540765916999,240.0,1.5270000000000437,0.0015477321810542508,12.25,0.007188633860284646,1704.079,1706.7185,1710.336,1698.086,0.005213054532731139,240.0,1.22849999999994,0.002153445372900593,9.182999999999993,0.005407374061268847,1698.2365,1701.8975,1702.24,1693.057,0.003186788350903454,356.0,1.53349999999989,15.238000000000056,0.009734742541803227,0.006914292082187157,0.0008311770396067057,0.007054122087409107,0.012359599678993048,0.004883866099909384,0.6026381414883816,-0.5064383594194373,0.31144842411971213,-0.4752360186603137,-0.4828214181881376,0.16288849253235463,1.0,0.2602047512796892,0.12288358052237423,-4.632054087163756,-0.15772942895495612,1.0,1.0,-0.5064383594194373,-0.5064383594194373
2020-05-13,True,True,True,0.0010018155259151895,6.726999999999862,0.003948808137350584,1703.552,1705.2595000000001,1704.87,1698.143,0.0025164152839874734,240.0,1.1414999999999509,0.001755988821812505,15.838999999999942,0.00926991042325018,1708.6465,1711.6495,1717.075,1701.236,0.00765674542694379,240.0,1.447499999999991,0.0008720060932590886,6.846000000000004,0.004020435746876985,1702.8005,1704.286,1706.38,1699.534,0.0027054033828825923,356.0,1.0984999999999445,13.974000000000046,0.008841229696459174,0.006747981756519673,0.002153445372900593,0.006534326848360724,0.006255425940861246,0.004612015223343653,0.4899098325461558,-0.7135339200222681,0.12922472595848167,-0.5036555386321927,-0.6058295207666111,0.16015144858021607,1.0,0.0995420065836605,0.052526119937036535,-4.728329306072623,-0.09220622527695878,1.0,1.0,-0.7135339200222681,-0.7135339200222681
2020-05-14,True,True,True,-0.0007554563724904671,9.507000000000062,0.005537532993229707,1716.8295,1715.533,1719.005,1709.498,0.0036402895602732086,240.0,1.3324999999999818,0.01006876891704717,23.069999999999936,0.013444663147665431,1715.9225000000001,1733.287,1733.581,1710.511,0.006796332418945342,240.0,1.40199999999993,-0.0025426097189930846,8.095000000000027,0.004709342795069139,1718.9234999999999,1714.5585,1718.752,1710.657,0.00282554758912216,358.0,1.54649999999981,11.962499999999977,0.007036673191769656,0.006734241157147122,0.0008720060932590886,0.006324845019200577,0.0057437426452849405,0.004445613551770134,0.6766980146290527,-0.39053016964946896,-0.3775643995603849,-0.1329364379213698,-0.19985466332427554,-0.1315268491548144,1.0,0.09688610240333378,0.18984326018808464,-4.956619778490165,0.147450289013917,1.0,1.0,-0.39053016964946896,-0.39053016964946896
2020-05-15,True,True,False,-0.0012663309929611482,9.258000000000038,0.005335278883291229,1735.242,1733.046,1738.55,1729.292,0.0037928858383729958,240.0,1.2755000000000791,,,,,,,,,,,0.0006866514907999825,5.891000000000076,0.003398952561792494,1733.181,1734.3715000000002,1733.805,1727.914,0.003245444507994248,360.0,1.6409999999999627,10.943499999999972,0.006450509628338116,0.006447860294921755,0.0025426097189930846,0.0061236372992761485,0.005171355094231325,0.004411428979592406,0.5383104125736823,-0.6193199101624369,0.10649292313929004,-0.13781509225836502,-0.1510715043486985,-0.24487411324233901,1.0,0.4335907159500985,0.07954493534972976,-5.043596139150306,-0.06595318759156041,1.0,1.0,-0.6193199101624369,-0.6193199101624369
2020-05-18,True,True,True,-0.00010126537763836318,6.951999999999998,0.003943760567443155,1762.7845,1762.606,1764.532,1757.58,0.0033348829146609294,240.0,1.168999999999869,-0.01663639009119515,37.738000000000056,0.0213955041547407,1763.8285,1734.7275,1764.252,1726.514,0.009655392821008909,240.0,1.4925000000000637,0.0033489798781577546,11.073000000000093,0.00629743478916139,1758.335,1764.2334999999998,1763.902,1752.829,0.004412438616621217,360.0,1.7185000000000628,9.959500000000048,0.00582243161494231,0.006165068683594963,0.0006866514907999825,0.005906230370568703,0.004873587256942087,0.0043328256447454135,1.111802801345453,0.10598284318278328,0.5432185836095023,-0.4038730619071554,-0.2617823323212941,-0.020778406602676023,1.0,0.06325618755960427,0.14548923138710124,-5.146037301239575,0.057571849960659525,1.0,1.0,0.10598284318278328,0.10598284318278328
2020-05-19,False,True,True,0.0032510825998509777,12.37299999999982,0.007154595467271944,1729.378,1735.0095000000001,1738.667,1726.294,0.0038235984700759856,240.0,1.1539999999999964,0.0028388655500914076,15.27599999999984,0.008799133680475463,1736.08,1741.0155,1745.619,1730.343,0.004696833932337435,240.0,1.2139999999999418,,,,,,,,,,,,,,,0.0056742562771672014,0.0046869894401820175,0.004156339158646136,,,,0.231815370645731,-0.08344268981547188,0.6936398388225775,,,,,,,,,
2020-05-20,True,True,True,0.0005139243176028513,6.384999999999991,0.003648971772903079,1749.808,1750.7075,1752.521,1746.136,0.0036837525079519,240.0,0.8555000000000064,-0.0022418416887937907,12.317000000000007,0.007031698017771355,1751.6395,1747.717,1753.03,1740.713,0.005617853564806205,240.0,1.1549999999999727,0.001396698827592848,7.014000000000124,0.0040169187072211605,1746.1145000000001,1748.555,1750.518,1743.504,0.003103422559814953,358.0,1.0679999999999836,9.959500000000048,0.00582243161494231,0.005992035648385948,0.0033489798781577546,0.0056742562771672014,0.004695113784309304,0.0040185925140609445,0.7042522214970721,-0.3506187178151924,0.2330925430941105,-0.4414940804439439,-0.086999784559503,0.10945939570630756,1.0,0.2011145137808042,0.12580952859078498,-5.146037301239575,-0.0817266085919395,1.0,0.0,-0.3506187178151924,-0.0
2020-05-21,True,True,True,-0.0005678461799417144,7.561999999999898,0.004355995801838423,1735.998,1735.0124999999998,1738.117,1730.555,0.002830621129859281,239.0,0.9079999999999018,-0.006884388042362416,26.730000000000018,0.015391977169430955,1736.6190000000001,1724.7044999999998,1741.515,1714.785,0.006725092349824525,240.0,0.9619999999999891,-0.0033316421750739194,9.844000000000051,0.005633051661675879,1747.5430000000001,1741.7305000000001,1746.836,1736.992,0.003394760472839323,357.0,1.0310000000001764,9.464000000000055,0.005545553838213392,0.005406480843559484,0.001396698827592848,0.0055392524075946106,0.002514711805397255,0.003913470163913093,1.04015215553677,0.039367005852722986,-0.6162311994581033,-0.24030630587089466,-0.3239283222569137,-0.22580964495532335,1.0,0.6801563820794443,0.6057163989856339,-5.1947587825158985,-0.02425917723569766,1.0,0.0,0.039367005852722986,0.0
2020-05-22,True,True,True,0.00039907352083286236,7.397999999999911,0.00426416619066086,1734.923,1735.6154999999999,1739.647,1732.249,0.00267557301441425,240.0,0.9660000000001219,0.0008504038052741535,14.330999999999904,0.008282826356275915,1730.2065,1731.6785,1738.163,1723.832,0.005144818604342954,240.0,1.2220000000000937,0.0018603563654079128,6.508000000000038,0.0037699387355991805,1726.288,1729.5025,1730.252,1723.744,0.0029099840719196317,358.0,0.9694999999999254,9.464000000000055,0.005520212861472363,0.0035886457316131122,0.0033316421750739194,0.005515691344963502,0.002530673085794618,0.0038082421542244907,0.687658495350803,-0.3744629373192943,0.5184006738307028,-0.25735034065018086,-0.35300413742354736,0.15769461613709593,1.0,0.9927092138630522,0.5727493660185878,-5.199338857575687,-0.19412183903094637,1.0,0.0,-0.3744629373192943,-0.0
2020-05-25,False,True,True,0.0013056699187911603,5.5629999999998745,0.003223142195728612,1725.9555,1728.2105000000001,1730.742,1725.179,0.002712716663999919,239.0,0.8919999999998254,0.0005947473605042193,14.164999999999964,0.0081935849406941,1728.7915,1729.8200000000002,1732.305,1718.14,0.004260549942649888,240.0,1.2445000000000164,,,,,,,,,,,,,,,0.005414564289994263,0.0025133683574518457,0.003738319173162448,,,,-0.5187356927677568,-0.3206854996613067,0.5194900759055077,,,,,,,,,
2020-05-26,True,True,True,-0.0022600775223401946,11.145999999999958,0.006440332451971945,1730.656,1726.749,1730.752,1719.606,0.0028695013646785374,240.0,0.8570000000000846,-0.00692474293523839,22.667000000000144,0.013129721380790096,1726.3885,1714.475,1729.102,1706.435,0.0060330874059742485,240.0,1.0510000000000446,0.004450605733207079,8.723999999999933,0.005051747989347513,1726.927,1734.63,1735.08,1726.356,0.002783520369086032,359.0,1.0059999999998581,8.63900000000001,0.005058358428168993,0.0027505999289900774,0.0018603563654079128,0.005414564289994263,0.0025159155774519574,0.0036620210341125545,1.0098391017478785,0.009791012962626607,1.618049097689457,0.17348774807356032,-0.24387691597560607,-0.8983121463197633,1.0,0.781340432920476,0.46000694524831065,-5.2867132696292165,0.01584233968964376,0.0,0.0,0.0,0.0
2020-05-27,True,True,True,0.00024673884342518796,6.766000000000076,0.00396589308500884,1706.047,1706.4679999999998,1710.22,1703.454,0.0029893778216382927,240.0,0.9020000000000437,7.494739357787031e-05,11.00500000000011,0.006469231178461199,1701.1295,1701.257,1704.152,1693.147,0.006257812545892027,240.0,1.0774999999998727,-0.0028535368948638183,12.06899999999996,0.007046459692604084,1712.775,1707.8944999999999,1715.567,1703.498,0.00326237751214578,357.0,1.3900000000001,8.40949999999998,0.004880545392208327,0.0029089794459659845,0.004450605733207079,0.005414564289994263,0.0025977788681377802,0.0035096215882020835,1.435162613710683,0.36127816245040945,-0.9809408928003768,-0.3113613418429119,-0.16044294269584589,0.09498069541310222,1.0,0.005232177894059874,0.2196920149830381,-5.322498304663415,-0.3543925232233842,0.0,0.0,0.0,0.0
2020-05-28,True,True,True,0.0031867023362330002,7.9249999999999545,0.00461164963799275,1718.4740000000002,1723.9589999999998,1724.32,1716.395,0.003265829371600019,240.0,0.9884999999999309,0.00136776848681554,10.365999999999985,0.00602206658084185,1721.3359999999998,1723.692,1727.136,1716.77,0.003990205277614522,240.0,0.9410000000000309,0.004613028863518495,11.614000000000033,0.006787522040160596,1711.081,1718.9925,1719.462,1707.848,0.0034235566725072256,358.0,1.11099999999999,8.40949999999998,0.004880545392208327,0.002954835305929713,0.0028535368948638183,0.005110531844887942,0.0021514171067034448,0.0033569182653959435,1.381057137760873,0.32284924776451285,1.5611796888514051,-0.10271784599075973,-0.027509620849784724,1.4812108383371059,1.0,0.5776800047565205,0.061656459955990825,-5.322498304663415,0.5040256881709124,0.0,0.0,0.0,0.0
2020-05-29,False,True,True,0.003628485195619306,11.748000000000047,0.006824590367730892,1721.422,1727.6795,1727.944,1716.196,0.0032326959185921137,240.0,0.8309999999999036,0.0028640067506402623,10.04099999999994,0.005803851662776589,1730.058,1735.02,1735.346,1725.305,0.004591598369338365,240.0,1.0629999999999882,,,,,,,,,,,,,,,0.004748717222238703,0.002119261175432443,0.0033003561431304744,,,,0.36265779679156884,-0.020713945982902233,1.7121463072520546,,,,,,,,,
2020-06-01,False,False,True,,,,,,,,,,,0.003401962306431662,14.36200000000008,0.008279148300344857,1734.7195,1740.631,1740.91,1726.548,0.005010849397741414,240.0,0.9284999999999854,,,,,,,,,,,,,,,,,,,,,,,,,,,,,,,,
2020-06-02,False,True,True,0.0016969581482014278,7.903999999999996,0.004549786167533325,1737.2244999999998,1740.175,1741.923,1734.019,0.0033180576595676047,240.0,0.8634999999999309,-0.00588541865332456,19.442999999999984,0.011173100887475088,1740.1615000000002,1729.9499999999998,1745.011,1725.568,0.0060403028324055846,240.0,0.9175000000000182,,,,,,,,,,,,,,,0.004748717222238703,0.00223582686194932,0.003249262645096066,,,,-0.04279428738614681,0.020951477256597874,0.7589845962946898,,,,,,,,,
2020-06-03,False,True,False,-0.0012624954267939743,12.458999999999833,0.007237341405417366,1721.4885,1719.3165,1723.811,1711.352,0.004231213943397069,240.0,0.9675000000000864,,,,,,,,,,,,,,,,,,,,,,,,,0.004580717902763038,0.00209954318447036,0.003249262645096066,,,,0.457398196592633,0.264060843971847,-0.6013191041423884,,,,,,,,,
2020-06-04,True,False,True,,,,,,,,,,,0.0036576009853105905,18.322000000000116,0.010729088466669156,1707.694,1713.9515000000001,1717.721,1699.399,0.00703633905099184,240.0,0.9205000000000609,0.0003783060488106481,9.041999999999916,0.005316690598242303,1700.682,1701.3255,1704.966,1695.924,0.0033379866064853275,358.0,0.9735000000000582,8.953499999999963,0.00522956102530818,0.003146071128803159,0.004613028863518495,,,,1.0098844027475238,0.009835871577731149,0.12024713788164249,,,,,,,-5.25342793840345,0.001182735405793566,0.0,0.0,0.0,0.0
2020-06-05,True,False,False,,,,,,,,,,,,,,,,,,,,,-0.0017793339060195672,12.662000000000035,0.007392411714479648,1712.8375,1709.7925,1715.74,1703.078,0.0039007269966008337,357.0,1.01299999999992,9.112499999999955,0.0053620323297555745,0.0031463131459175254,0.0003783060488106481,,,,1.3895198902606418,0.32895828478716604,-0.565529819664749,,,,,,,-5.228412209765514,-0.18603571947291117,0.0,0.0,0.0,0.0
2020-06-08,True,True,False,0.0013563177526698992,6.638000000000147,0.003920515939425222,1693.1444999999999,1695.4425,1697.065,1690.427,0.003186492056776684,240.0,0.8730000000000473,,,,,,,,,,,0.005492797914493314,11.47700000000009,0.0068254920262707935,1681.4904999999999,1690.752,1691.134,1679.657,0.003950505471678629,360.0,1.0144999999998845,9.464000000000055,0.005520212861472363,0.0031693254742927073,0.0017793339060195672,0.004748717222238703,0.00209615098854579,0.003291943515583812,1.212700760777686,0.19284990602244748,1.7331126004719133,-0.19165126075623132,-0.03255748158708033,0.64705155309964,1.0,0.626690617075233,0.25280008453084457,-5.199338857575687,0.334230602127328,1.0,0.0,0.19284990602244748,0.0
2020-06-09,True,True,True,0.008456855278258912,15.361999999999853,0.009059446944412169,1695.6885,1710.0895,1710.214,1694.852,0.0043042499861066525,240.0,0.8310000000000173,0.004973308127241101,16.260999999999967,0.009522245167508868,1707.6855,1716.1995,1720.528,1704.267,0.004611357750438585,240.0,0.8399999999999181,0.0006233763376288536,11.986000000000104,0.0070610468918080455,1697.482,1698.5405,1704.344,1692.358,0.0036525042152228673,360.0,0.82650000000001,9.464000000000055,0.005520212861472363,0.0033620243850355238,0.005492797914493314,0.004580717902763038,0.0020860654039578,0.003249262645096066,1.26648351648352,0.23624417535991063,0.1854169590213329,0.6819523413578428,0.2811748112777623,4.053974176559418,1.0,0.6202451394758935,0.3013524936601936,-5.199338857575687,0.04380367658173713,0.0,0.0,0.0,0.0
2020-06-10,True,True,True,0.0013252933187044122,4.792000000000144,0.0027903472153884526,1717.349,1719.6264999999999,1720.373,1715.581,0.002585399308140761,240.0,0.773499999999899,-0.003357897220670513,15.715000000000146,0.009116701024707997,1723.7595000000001,1717.981,1726.96,1711.245,0.005124354629513475,240.0,0.6964999999999009,0.0027878745882085167,6.951999999999998,0.004057776622081903,1713.2535,1718.0365000000002,1718.703,1711.751,0.0034897966223258795,356.0,0.9510000000000218,9.464000000000055,0.005520212861472363,0.0033066172061958663,0.0006233763376288536,0.004580717902763038,0.002617341927533755,0.003249262645096066,0.7345731191884993,-0.3084657387130008,0.8431198455583727,-0.49568969512064964,-0.22854812490358475,0.5063508534221959,1.0,0.17645815722739466,0.07264370245141835,-5.199338857575687,-0.2600735859837546,0.0,0.0,-0.0,-0.0
2020-06-11,True,True,False,-0.0007033759159000344,7.447999999999865,0.00429606386415017,1733.6799999999998,1732.461,1737.013,1729.565,0.00375073530318552,239.0,0.6910000000000309,,,,,,,,,,,-0.004222963520932758,11.323000000000093,0.006524344569288443,1735.5,1728.1865,1737.178,1725.855,0.0035069282543039987,359.0,0.9779999999998381,9.112499999999955,0.0053620323297555745,0.002516745936846352,0.0027878745882085167,0.004467802011576519,0.0026122965774902497,0.003249262645096066,1.2425788751714841,0.2171889579971391,-1.6779458979575856,-0.03919734463348748,0.1435238094415927,-0.2692557659650571,0.0,0.0,0.6028532235939468,-5.228412209765514,-0.36443132115298194,0.0,1.0,0.0,0.2171889579971391
2020-06-12,True,True,True,0.0030071344040637988,7.139000000000124,0.0041219791735833755,1731.935,1737.151,1737.432,1730.293,0.0028619895330076815,240.0,0.7119999999999891,-0.001720822166012367,12.555000000000064,0.007229184138634542,1736.7105,1733.7244999999998,1742.633,1730.078,0.005925121875292347,240.0,0.9895000000000209,0.0004747167130378232,7.101000000000113,0.004111906868581182,1726.9360000000001,1727.7559999999999,1729.092,1721.991,0.004404087368797857,359.0,0.8140000000000782,9.464000000000055,0.005520212861472363,0.00274857312544593,0.004222963520932758,0.004370906828729068,0.0023597055894354624,0.003249262645096066,0.7503169907016136,-0.28725950747611906,0.17271387420729617,-0.05863706992209863,-0.12691106827131055,1.2743684710189747,1.0,0.8812341504649058,0.4415680473372847,-5.199338857575687,-0.04961370243908028,0.0,1.0,-0.0,-0.28725950747611906
2020-06-15,True,False,False,,,,,,,,,,,,,,,,,,,,,-0.006139088354753496,13.51299999999992,0.0077977917701644705,1732.9265,1722.3205,1733.847,1720.334,0.003664518556819156,358.0,0.7595000000000027,9.464000000000055,0.005520212861472363,0.0027164079476519067,0.0004747167130378232,,,,1.4278317836009975,0.3561570583798515,-2.2600023534978213,,,,,,,-5.199338857575687,-0.8049157901533254,0.0,1.0,0.0,0.3561570583798515
2020-06-16,True,False,True,,,,,,,,,,,-0.0014686008196607375,13.3900000000001,0.007748474898760648,1728.082,1725.5459999999998,1729.832,1716.442,0.008067796430871679,240.0,0.7884999999999991,0.0012663262125350509,9.705999999999904,0.005628717477643248,1724.3715,1726.5565000000001,1732.682,1722.976,0.0037740680150422303,358.0,0.7485000000000355,9.513500000000022,0.005520212861472363,0.0031170513262447504,0.006139088354753496,,,,1.0202344037420383,0.020032408484693908,0.4062577352746546,,,,,,,-5.199338857575687,0.008138320903088522,0.0,0.0,0.0,0.0
2020-06-17,True,True,True,-0.005170035585261725,17.386999999999944,0.010059400624727682,1728.433,1719.52,1728.513,1711.126,0.004356801515025323,240.0,0.7530000000000427,0.004108328137982333,13.268000000000029,0.00772470969751487,1717.605,1724.676,1728.897,1715.629,0.004120551129346735,240.0,0.6550000000000864,0.0011942808482693313,7.017000000000053,0.004063617592562863,1726.7865000000002,1728.85,1728.74,1721.723,0.0024848765840105973,357.0,0.7469999999998436,9.444499999999948,0.0055180457694560476,0.0031097190176310897,0.0012663262125350509,0.004326029832994296,0.0023908037742251123,0.003249262645096066,0.7429721001641263,-0.29709678521957267,0.38404783245629254,0.8438573591349428,0.293310098506529,-2.1624675521258094,1.0,1.122028693948863,0.04415268145480635,-5.199731508648037,-0.11409937639330957,0.0,0.0,-0.0,-0.0
2020-06-18,True,True,True,0.00033768481758641734,20.236000000000104,0.011723059802030044,1726.1705000000002,1726.7535,1736.902,1716.666,0.004472562914504645,240.0,0.7714999999999463,0.00028710677419387906,9.804000000000087,0.00569302108432778,1722.1085,1722.603,1727.0,1717.196,0.005472743159059756,240.0,0.6944999999999482,-0.00029321723337466293,6.807999999999993,0.003940632359201833,1727.6415,1727.135,1729.809,1723.001,0.004056168560179801,358.0,0.6834999999999809,9.37399999999991,0.005472704037942776,0.003089833361537848,0.0011942808482693313,0.004452890984685874,0.0027747493322246254,0.003291943515583812,0.7262641348410559,-0.31984150822943286,-0.09489742619282392,0.968004280612434,0.3064834786851117,0.121699215732645,1.0,0.7566673778536529,0.1028909750373187,-5.207982445033374,0.03035213592060409,0.0,0.0,-0.0,-0.0
2020-06-19,False,True,True,-0.0003048580086042133,4.701999999999998,0.002717012095673264,1730.5775,1730.05,1732.098,1727.396,0.002382736291992371,239.0,0.6979999999998654,0.004885503528880698,13.631000000000085,0.007861654263697386,1733.859,1742.3505,1744.861,1731.23,0.00422018321054594,240.0,0.6959999999999127,,,,,,,,,,,,,,,0.004452890984685874,0.0027528795883945524,0.003291943515583812,,,,-0.49402076243762516,-0.3232285947831347,-0.11074149769914308,,,,,,,,,
2020-06-22,True,True,True,-0.0016879319473767865,9.457000000000107,0.005400138129788958,1751.2515,1748.298,1751.066,1741.609,0.004632018552863572,240.0,0.7399999999998954,0.005432295650382157,17.634000000000015,0.010086502310560635,1748.277,1757.8,1762.688,1745.054,0.005555623948111958,240.0,0.7285000000000537,0.0020844304361901773,12.238999999999805,0.0069966988775496545,1749.2535,1752.9035,1758.225,1745.986,0.004037543506310531,360.0,0.8794999999998936,9.37399999999991,0.005472704037942776,0.0030920221681959683,0.00029321723337466293,0.004326029832994296,0.0027218473772101376,0.003249262645096066,1.3056326008107448,0.26668767489968065,0.6741317891023829,0.2217743091188854,0.35456465346159427,-0.6201420261509657,1.0,0.4669298058459806,0.17623213142733435,-5.207982445033374,0.17978263941167638,0.0,0.0,0.0,0.0
2020-06-23,True,True,True,0.003851451719834742,11.77599999999984,0.006729179386973723,1749.9905,1756.7435,1758.763,1746.987,0.003066671095874588,240.0,0.8949999999999818,0.0046553659632902,12.645999999999958,0.007193149955220542,1758.0615,1766.2649999999999,1769.08,1756.434,0.0052353214950579185,240.0,0.7459999999998672,-0.0014611484271084471,13.816000000000031,0.007870653758171675,1755.3815,1752.8184999999999,1759.938,1746.122,0.005846862049620379,360.0,0.9600000000000364,9.774999999999977,0.0056308845696595635,0.0030351584622014404,0.0020844304361901773,0.004452890984685874,0.0027756824887660183,0.003249262645096066,1.4134015345268607,0.3459992349729526,-0.48140762510589213,0.41289965791649347,-0.057835452476088726,1.3875692682512029,0.0,0.0,0.28930946291557585,-5.179488732003486,-0.16656666999678466,1.0,0.0,0.3459992349729526,0.0
2020-06-24,True,True,True,0.003382928070293201,11.865999999999985,0.006703309088022869,1770.1705,1776.169,1779.115,1767.249,0.002884273619994984,240.0,0.7050000000000409,-0.006112280034388801,17.14799999999991,0.009643644069226333,1778.166,1767.3305,1778.54,1761.392,0.006692886894324363,240.0,0.7884999999999991,0.0006420464319507216,6.83400000000006,0.0038636920647601262,1768.7745,1769.9105,1773.097,1766.263,0.003528615509888099,359.0,0.8790000000001328,10.458500000000072,0.0059652432254186346,0.0030698021872699313,0.0014611484271084471,0.004452890984685874,0.00280623399962165,0.003209593987684399,0.6534397858201475,-0.42550489121873564,0.2091491219249254,0.40904775348555616,-0.1068713554608171,1.2055046267521894,1.0,0.5754171248266948,0.024860161591049302,-5.121805448837126,-0.08899397437315947,1.0,0.0,-0.42550489121873564,-0.0
2020-06-25,True,True,True,-0.0042664813494345975,10.18899999999985,0.005766893874776419,1766.809,1759.2869999999998,1768.293,1758.104,0.004039051890650348,240.0,0.7665000000000646,0.00099311249478976,12.389999999999873,0.007042777912620597,1759.249,1760.9969999999998,1766.214,1753.824,0.004435544661921742,240.0,0.865500000000111,-8.512177735098162e-07,7.726999999999862,0.004384904623926394,1762.182,1762.1805,1765.763,1758.036,0.0035035826174555675,359.0,0.80600000000004,9.774999999999977,0.0056308845696595635,0.002996116729403389,0.0006420464319507216,0.004580717902763038,0.002860007480712605,0.0031265815763256363,0.790485933503824,-0.2351074169199982,-0.00028410701263943,0.23027787913901127,0.25606972431426206,-1.4917727936751943,1.0,0.2588235294117625,0.4735038363171398,-5.179488732003486,6.679566587051366e-05,1.0,0.0,-0.2351074169199982,-0.0
2020-06-26,False,True,True,0.0010753095176529246,6.600000000000136,0.0037491340778394856,1760.4065,1762.3005,1766.402,1759.802,0.002318590964728903,240.0,0.7635000000000218,0.002299386696022072,21.72700000000009,0.012326865326996436,1762.5729999999999,1766.6305,1767.623,1745.896,0.006001715567791791,240.0,0.7174999999999727,,,,,,,,,,,,,,,0.005005893883890854,0.0030787044464924223,0.003209593987684399,,,,-0.2890910942586499,-0.32518478717317545,0.349273383119977,,,,,,,,,
2020-06-29,True,True,True,0.00033461131089638563,5.951999999999998,0.0033590889825606154,1771.909,1772.502,1772.637,1766.685,0.002630466021175189,240.0,0.6979999999999791,0.0003955170830387093,11.287000000000035,0.006374138853106812,1770.749,1771.4495000000002,1773.862,1762.575,0.003991834614659431,240.0,0.6749999999999545,0.0009283486766679441,7.520999999999958,0.004245124470876339,1771.6795000000002,1773.325,1774.834,1767.313,0.003807161565478925,358.0,0.80600000000004,9.774999999999977,0.0056308845696595635,0.002986929047117736,8.512177735098162e-07,0.005005893883890854,0.0030774786012926127,0.003209593987684399,0.7694117647058799,-0.2621289980271666,0.31080372584134947,-0.398946193932029,-0.1989834206989904,0.10872904551012673,1.0,0.06424552429669135,0.14485933503835738,-5.179488732003486,-0.08147066923790312,1.0,0.0,-0.2621289980271666,-0.0
2020-06-30,False,True,True,-0.0017350498878445383,4.944999999999936,0.0027891273105479977,1772.9560000000001,1769.8825000000002,1773.51,1768.565,0.002081116890647206,237.0,0.8039999999998599,0.009631513619216622,20.2829999999999,0.011485901838378474,1765.904,1782.9945,1785.58,1765.297,0.005302081922012066,240.0,0.7414999999999736,,,,,,,,,,,,,,,0.005005893883890854,0.0030777392670298903,0.003209593987684399,,,,-0.58488724001502,-0.43323972929925697,-0.5637416744267987,,,,,,,,,
2020-07-01,True,True,False,-0.0011941240873612755,11.59900000000016,0.006501821928332064,1783.9615,1781.8325,1788.91,1777.311,0.00397163922042251,240.0,0.7400000000000091,,,,,,,,,,,0.0005396910659050395,5.31899999999996,0.002983263939776073,1782.9465,1783.909,1784.885,1779.566,0.00238950794232883,359.0,0.7119999999999891,9.37399999999991,0.005472704037942776,0.002864508656333824,0.0009283486766679441,0.004580717902763038,0.003052294928553407,0.003209593987684399,0.5674205248559858,-0.5666545837403317,0.18840615639673772,0.35022670112160226,0.21303446579344332,-0.39122172506678904,1.0,0.4293791337742831,0.005600597397032454,-5.207982445033374,-0.10676121212710925,0.0,0.0,-0.0,-0.0
2020-07-02,False,True,True,0.0023210700103787505,7.076999999999998,0.004002260991867384,1768.2505,1772.3595,1774.287,1767.21,0.0024187210773697967,240.0,0.7595000000000027,0.0029783382985029937,22.086000000000013,0.012457948922747862,1772.844,1778.132,1779.296,1757.21,0.006569840987442306,240.0,0.80499999999995,,,,,,,,,,,,,,,0.005005893883890854,0.003083821750152168,0.003249262645096066,,,,-0.22375654560613942,-0.2951891721209702,0.7526602373383675,,,,,,,,,
2020-07-03,False,True,True,0.00011769088249941937,3.3659999999999854,0.0018955541764701163,1775.734,1775.943,1776.572,1773.206,0.0020872783948383015,236.0,0.7815000000000509,-0.000533625831141339,3.1849999999999454,0.0017932927472991212,1776.0625,1775.115,1776.095,1772.91,0.0019942924371744376,240.0,0.8460000000001173,,,,,,,,,,,,,,,0.004974962148661142,0.0030539857664028743,0.003209593987684399,,,,-0.9649065250815265,-0.4302834316083819,0.03853681434738353,,,,,,,,,
2020-07-06,False,True,True,-0.00045035143653450373,4.79099999999994,0.0026964349482957836,1776.7905,1775.9904999999999,1778.561,1773.77,0.00215966961661811,240.0,0.7179999999999609,0.0022202258392556846,9.619000000000142,0.005405151780022371,1779.5985,1783.554,1786.775,1777.156,0.003592103373635016,240.0,0.7574999999999363,,,,,,,,,,,,,,,0.0044229250158417475,0.00297811688768129,0.0031265815763256363,,,,-0.4948707344996512,-0.3699850048570893,-0.15122020173128248,,,,,,,,,
2020-07-07,False,True,True,-0.0036000973884757472,10.857999999999947,0.006090147988128164,1782.8795,1776.4724999999999,1783.963,1773.105,0.002825406345163959,240.0,0.6564999999999372,0.009695894353800043,21.0329999999999,0.011829683602505027,1777.9850000000001,1795.308,1796.404,1775.371,0.004951996368658508,240.0,0.6184999999999263,,,,,,,,,,,,,,,0.004209021518866773,0.0029731779749282896,0.002975472357934786,,,,0.36944217925227485,-0.05175060891979277,-1.210858353867154,,,,,,,,,
2020-07-08,True,True,True,0.004256014495533841,11.348999999999933,0.006322006196669003,1795.158,1802.8145,1803.97,1792.621,0.0032170455651714257,240.0,0.6495000000001028,0.0036959448531448465,15.951999999999998,0.008839027141830866,1804.7235,1811.406,1817.72,1801.768,0.005862522269687068,240.0,0.7049999999999272,-1.1702417552566558e-05,5.357999999999947,0.0029857707794014956,1794.5115,1794.4904999999999,1796.325,1790.967,0.002731056812684064,355.0,0.7380000000000564,9.37399999999991,0.005472704037942776,0.0028467220958165013,0.0005396910659050395,0.004209021518866773,0.0030873654395846277,0.002873131576501333,0.5715809686366544,-0.5593491283780977,-0.004110839470338271,0.40680639160883064,0.11306083547982344,1.3785263127472343,1.0,0.815553659056972,0.07120759547685349,-5.207982445033374,0.0022993944746359926,0.0,0.0,-0.0,-0.0
2020-07-09,True,True,True,-0.0029821774810478495,10.29099999999994,0.005673215405500356,1813.9625,1808.561,1815.702,1805.411,0.0034575478130974644,240.0,0.6154999999999973,-0.003860664753314753,19.81600000000003,0.010958801079731711,1808.2269999999999,1801.2595000000001,1815.018,1795.202,0.007875136094671522,240.0,0.6819999999999027,0.0013402652792659034,7.1590000000001055,0.00395688930686459,1809.2495,1811.676,1812.826,1805.667,0.0023702817860273245,358.0,0.7255000000000109,9.37399999999991,0.005472704037942776,0.0026858598043077104,1.1702417552566558e-05,0.0048481009969695635,0.003204329759696107,0.002873131576501333,0.7637081288670977,-0.2695695930864421,0.49900790693405583,0.15716896666328295,0.1851570367200996,-0.9306712182240177,1.0,0.3068060593129938,0.24391935139750182,-5.207982445033374,-0.13451735841913062,0.0,0.0,-0.0,-0.0
2020-07-10,True,True,True,0.006460595167773673,13.210000000000036,0.007353207217387211,1796.495,1808.1390000000001,1809.02,1795.81,0.002656277323630328,240.0,0.6959999999999127,-0.004705964147389687,15.274999999999864,0.00845542964515142,1806.5315,1798.0500000000002,1810.309,1795.034,0.004457478982094675,240.0,0.6495000000001028,-0.004313009783370583,8.442999999999984,0.004679802409574435,1804.136,1796.3715000000002,1803.75,1795.307,0.002601630895168594,354.0,0.88250000000005,8.384499999999889,0.0048507976110843485,0.0025960422926060594,0.0013402652792659034,0.0048481009969695635,0.002681506200538923,0.002873131576501333,1.0069771602361615,0.006952932482347029,-1.6613788595257943,0.41654949289794996,-0.07847693636640153,2.4093157668161416,1.0,0.6285407597352318,0.01472956049850272,-5.328612131660453,-0.011551455037881558,0.0,0.0,0.0,0.0
2020-07-13,False,True,True,0.0009891685887039145,6.065000000000055,0.003356038933371729,1807.19,1808.9785,1809.722,1803.657,0.002617820099479073,239.0,0.6600000000000819,-0.0009857253129849364,11.350999999999885,0.006274028170944681,1809.2044999999998,1807.422,1813.147,1801.796,0.004263468892336899,240.0,0.5745000000000573,,,,,,,,,,,,,,,0.005536676767644657,0.0030466048190452588,0.002873131576501333,,,,-0.5006330696728127,-0.09306062819718457,0.32467899430878566,,,,,,,,,
2020-07-14,True,True,True,-0.004097983934963118,14.055999999999813,0.007803352843565877,1801.277,1793.9105,1801.811,1787.755,0.0043401597866690915,240.0,0.6125000000000682,0.0038160078156370012,14.2650000000001,0.007922049036733872,1800.6705,1807.5549999999998,1809.371,1795.106,0.004923909359355557,240.0,0.650000000000091,-0.0028909040056062456,6.735000000000127,0.003736354815570601,1802.5590000000002,1797.3555000000001,1802.297,1795.562,0.0025474486879474246,358.0,0.7195000000000391,8.084999999999923,0.004532353516750414,0.0026050204700664888,0.004313009783370583,0.005536676767644657,0.0030450863932696528,0.0028436979390858205,0.8330241187384282,-0.18269268316671436,-1.1097432971543828,0.34315903374061246,0.4228058682245473,-1.3457693496055194,1.0,0.9656153370438916,0.48503401360543735,-5.396513934279932,0.2027419805834106,0.0,0.0,-0.0,-0.0
2020-07-15,True,True,True,0.00047108583664956174,8.338999999999942,0.004614574562953163,1807.1005,1807.952,1814.491,1806.152,0.0027826959481125043,240.0,0.6744999999999663,0.002833504377281882,10.253999999999905,0.005680030488480354,1805.272,1810.3944999999999,1812.311,1802.057,0.003794090425845512,240.0,0.6125000000000682,-0.00041677998821208165,5.44399999999996,0.0030085908421456716,1809.485,1808.731,1810.995,1805.551,0.002423697789745946,354.0,0.7585000000000264,7.62399999999991,0.004315014547401366,0.002679974929204809,0.0028909040056062456,0.005720054640138387,0.003118489770873459,0.0028548399825794714,0.7140608604407167,-0.3367870815626769,-0.15551637579525673,-0.21475867982133323,-0.025595570112080003,0.15106217151952211,1.0,0.45855194123821297,0.21386411332633826,-5.445654583096377,0.05237590633928904,0.0,0.0,-0.0,-0.0
2020-07-16,False,True,True,-0.0003771855115268885,5.958000000000084,0.003296914911042,1807.144,1806.4625,1808.17,1802.212,0.0023392275038035567,239.0,0.6079999999999472,0.00042825136379311205,5.7289999999998145,0.0031725630061653237,1805.7955000000002,1806.569,1808.725,1802.996,0.0037545781496240763,240.0,0.5824999999999818,,,,,,,,,,,,,,,0.005536676767644657,0.0028837921342848303,0.0028040511466382316,,,,-0.5184073035723348,-0.18124446131834096,-0.13079497202402526,,,,,,,,,
2020-07-17,False,True,True,0.0030219994537673614,6.685999999999922,0.0037156902328085674,1799.3965,1804.8425,1805.022,1798.336,0.0017824283781606677,239.0,0.4780000000000655,0.0025776509769328566,6.542000000000144,0.0036225584277366283,1805.906,1810.567,1811.554,1805.012,0.002712934962704825,240.0,0.5624999999998863,,,,,,,,,,,,,,,0.0050073563463710604,0.002885954594036494,0.0027194866358714164,,,,-0.2983436433603758,-0.4224664337388645,1.0471403327037747,,,,,,,,,
2020-07-20,False,True,True,0.0001223112746152508,4.746000000000095,0.0026208795077429952,1810.8425,1811.0639999999999,1812.221,1807.475,0.002055704886673888,239.0,0.4880000000000564,0.0007357150603576026,8.774000000000115,0.004833487352310554,1815.2525,1816.5885,1820.432,1811.658,0.0038493137165032856,240.0,0.5219999999999345,,,,,,,,,,,,,,,0.0050073563463710604,0.0029547391585746582,0.0027194866358714164,,,,-0.6473981490321165,-0.27982432600245977,0.04139494826820948,,,,,,,,,
2020-07-21,True,True,True,0.0017932029170122405,6.209999999999809,0.003406412118269866,1823.0325,1826.3045,1827.35,1821.14,0.0024295277167332933,240.0,0.5049999999998818,0.0063491965184691345,13.692000000000007,0.007489995424056991,1828.0385,1839.682,1841.219,1827.527,0.00569805969417046,240.0,0.5590000000000828,0.0004242358903124921,4.449999999999818,0.0024475051397606935,1818.1779999999999,1818.9495000000002,1819.926,1815.476,0.0023918681244924464,359.0,0.5609999999999218,7.340000000000032,0.004178515669728761,0.002654561386873038,0.00041677998821208165,0.0043084177774102735,0.002918316491923294,0.0026433716724027587,0.6062670299727246,-0.5004347464483205,0.15981393099830485,-0.2349111590556017,-0.08435836772579895,0.6144648539577844,1.0,1.011444141689366,0.55626702997273,-5.477799198445153,-0.07997644403804607,0.0,0.0,-0.0,-0.0
2020-07-22,True,True,True,-0.0004799681941801548,14.7650000000001,0.007938408914889719,1859.9445,1859.0520000000001,1860.968,1846.203,0.00580131565393009,240.0,0.5889999999999418,0.002447634556554405,17.50799999999981,0.009414300186479183,1859.724,1864.2815,1864.465,1846.957,0.006869793477343648,240.0,0.59150000000011,0.009508941158063137,23.294999999999845,0.012639405809568913,1843.0455000000002,1860.6545,1865.34,1842.045,0.00874760337981586,360.0,0.6855000000000473,7.130000000000109,0.004087762230572022,0.0023102496548353217,0.0004242358903124921,0.003875697534853435,0.0028244230145818812,0.002624143060327131,3.2671809256661275,1.1839275108425336,4.1159799063971505,0.7169872110255733,0.7933303391758493,-0.16993495368865907,0.0,0.0,0.09957924263674972,-5.499757590548177,4.873021845258663,0.0,0.0,0.0,0.0
2020-07-23,True,True,False,0.0035963805719927823,15.94399999999996,0.008500136879712966,1875.7345,1882.4924999999998,1888.51,1872.566,0.004704645682995063,240.0,0.52800000000002,,,,,,,,,,,-0.0002922557983641236,12.799999999999955,0.006844149361796416,1870.2105,1869.6640000000002,1876.359,1863.559,0.004575971060043984,360.0,0.6410000000000764,7.130000000000109,0.004087762230572022,0.0031962642298292046,0.009508941158063137,0.003875697534853435,0.002731778522258459,0.002624143060327131,1.7952314165497558,0.5851339364993481,-0.09143668274876654,0.7853566112621838,0.5837960741807259,1.316497857600669,1.0,1.704207573632522,0.85140252454414,-5.499757590548177,-0.053502706117227794,0.0,0.0,0.0,0.0
2020-07-24,True,True,True,0.0010573407175055608,11.05099999999993,0.00585127717056779,1888.6475,1890.6455,1897.848,1886.797,0.004397481134647595,240.0,0.5994999999999209,0.0031285947539414325,14.456000000000131,0.007631028980067859,1894.371,1900.307,1906.151,1891.695,0.005461307048530042,240.0,0.5380000000000109,-0.00035562288278963647,10.561999999999898,0.0056009263111228644,1885.7595000000001,1885.089,1890.022,1879.46,0.004228247362742025,360.0,0.5760000000000218,7.340000000000032,0.004178515669728761,0.0031320818914687865,0.0002922557983641236,0.003875697534853435,0.0026360877883392004,0.002624143060327131,1.4389645776566555,0.3639238116583032,-0.11354201298449049,0.41193430157058303,0.5162775180653454,0.4011022402906055,1.0,1.0662125340599438,0.4848092643051879,-5.477799198445153,-0.04132064214867233,0.0,0.0,0.0,0.0
2020-07-27,True,True,True,0.0060478240251917535,13.125,0.006789596734165173,1933.1045,1944.8310000000001,1944.913,1931.788,0.004631303938306747,240.0,0.57000000000005,-0.001058573005417491,14.617999999999938,0.007533381776204212,1940.43,1938.377,1945.466,1930.848,0.005847601853754967,240.0,0.6165000000000873,0.011089440899401731,31.85199999999986,0.01664339263530391,1913.7925,1935.1335,1944.138,1912.286,0.007533563646265288,360.0,0.6620000000000346,7.340000000000032,0.004178515669728761,0.002978588063812758,0.00035562288278963647,0.0043084177774102735,0.0026358780304659383,0.0026433716724027587,4.339509536784703,1.4677613317687654,3.723052890102108,0.4548208169608319,0.5607832056573497,2.294424838816496,1.0,0.10558583106268224,0.27643051771116994,-5.477799198445153,5.4645530682218215,0.0,0.0,0.0,0.0
2020-07-28,False,True,False,-0.005451977492666977,35.25400000000013,0.018180017966523753,1939.162,1928.6185,1941.42,1906.166,0.01334511819106295,240.0,0.7210000000000036,,,,,,,,,,,,,,,,,,,,,,,,,0.0051438949842267595,0.002914055565772467,0.0027194866358714164,,,,1.2625125054765265,1.5907075137145885,-1.8709243422480002,,,,,,,,,
2020-07-29,True,True,False,-0.0010610755568886303,7.3530000000000655,0.0037553338457570885,1958.0149999999999,1955.9385,1960.921,1953.568,0.0030273335279080655,240.0,0.5509999999999309,,,,,,,,,,,-0.001784604680860892,15.951999999999998,0.008154422849150845,1956.239,1952.751,1963.516,1947.564,0.005815494935782769,360.0,0.7959999999999354,7.62399999999991,0.004315014547401366,0.0038615429756782356,0.011089440899401731,0.005762246288034073,0.0031876941761427844,0.0028040511466382316,2.0923399790136656,0.7382830468675933,-0.4621480822824318,-0.4281501909899434,0.07661699867579708,-0.33286617167665905,0.0,0.0,0.6904512067156294,-5.445654583096377,-0.34119609429148895,0.0,0.0,0.0,0.0
2020-07-30,False,True,False,-0.0011315432213855538,14.211000000000013,0.00726713377258643,1955.5165000000002,1953.3049999999998,1958.935,1944.724,0.005512777216269167,240.0,0.6105000000001155,,,,,,,,,,,,,,,,,,,,,,,,,0.0051438949842267595,0.0031839311986435245,0.0028040511466382316,,,,0.34555138816223246,0.6760033185696409,-0.355391857043781,,,,,,,,,
2020-07-31,True,True,True,-0.0012529179436413925,10.432999999999993,0.005278184826521345,1976.6264999999999,1974.1515,1979.168,1968.735,0.003612254914327974,240.0,0.6480000000001382,-0.0010661053378983253,18.875,0.009556671696049741,1975.06,1972.9555,1978.072,1959.197,0.006628755890436937,240.0,0.6050000000000182,0.007773329620700276,18.29099999999994,0.009345643974956647,1957.1685,1972.4415,1974.028,1955.737,0.005226699242181315,360.0,0.6775000000000091,7.62399999999991,0.004315014547401366,0.0035708944133612712,0.001784604680860892,0.005762246288034073,0.003178596947120077,0.002926369936536012,2.3991343126967677,0.8751079692418964,2.1768578739306004,-0.08774512349112458,0.2105694819409821,-0.39417326716323103,1.0,0.6741867785939052,0.548924449108079,-5.445654583096377,1.9049856733836397,0.0,1.0,0.0,0.8751079692418964
2020-08-03,True,False,False,,,,,,,,,,,,,,,,,,,,,-0.0026143891582808766,12.912000000000035,0.006513941509729057,1982.21,1977.0345,1982.14,1969.228,0.004120239496565959,360.0,0.9969999999998436,7.62399999999991,0.004315014547401366,0.0038918794118007064,0.007773329620700276,,,,1.69359916054567,0.5268559451757066,-0.6717549239459203,,,,,,,-5.445654583096377,-0.3539180753819627,0.0,1.0,0.0,0.5268559451757066
2020-08-04,True,True,False,0.0006216336295741144,6.300999999999931,0.0031932609574816017,1973.2179999999998,1974.4450000000002,1978.76,1972.459,0.0023952518449507376,240.0,0.5135000000000218,,,,,,,,,,,0.0005293866652909773,7.1180000000001655,0.0036034147898460272,1975.3485,1976.3944999999999,1978.323,1971.205,0.0028679401737467212,358.0,0.6390000000001237,8.084999999999923,0.004532353516750414,0.003983516211751976,0.0026143891582808766,0.005762246288034073,0.0032000484655484995,0.003122189546539746,0.8803957946815378,-0.12738370594103646,0.13289431676698255,-0.5902847408605363,-0.26504615362515493,0.19425756711705436,1.0,0.054050711193556256,0.3928880643166435,-5.396513934279932,-0.016928570568280257,0.0,1.0,-0.0,-0.12738370594103646
2020-08-05,True,True,False,0.003720862843815301,17.204999999999927,0.008460189045026314,2033.6425,2041.2235,2044.395,2027.19,0.005538194321444868,240.0,0.6909999999999172,,,,,,,,,,,-0.004703754483339853,21.670000000000073,0.010668940606692026,2031.1295,2021.598,2030.765,2009.095,0.0058694173801014,360.0,0.6984999999999673,8.084999999999923,0.004532353516750414,0.003973751998963301,0.0005293866652909773,0.005762246288034073,0.0031949721440798226,0.003122189546539746,2.680272108843572,0.9859183225192104,-1.1837061005737146,0.3840441398696448,0.573133979446032,1.1645994631627499,1.0,1.6858379715522587,1.4897340754483719,-5.396513934279932,-1.1670375330333924,0.0,1.0,0.0,0.9859183225192104
2020-08-06,True,False,False,,,,,,,,,,,,,,,,,,,,,0.006257145524539054,15.72999999999979,0.007723810671870767,2036.5594999999998,2049.3425,2049.93,2034.2,0.004035082947582141,360.0,0.6069999999999709,8.084999999999923,0.004532353516750414,0.004164791106792976,0.004703754483339853,,,,1.9455782312925098,0.6655592240411126,1.5023912038069203,,,,,,,-5.396513934279932,0.9999303238119268,0.0,0.0,0.0,0.0
2020-08-07,False,False,False,,,,,,,,,,,,,,,,,,,,,,,,,,,,,,,,,,,,,,,,,,,,,,,,,,,,
2020-08-10,True,True,False,-0.0003172618555196805,7.586000000000013,0.003736594241625548,2030.191,2029.547,2035.364,2027.778,0.003712073579759725,240.0,0.5744999999999436,,,,,,,,,,,0.0027251013468934946,10.239000000000033,0.00505068068762067,2027.2514999999999,2032.7835,2035.885,2025.646,0.004181311185328965,360.0,0.6970000000000027,8.084999999999923,0.004532353516750414,0.004309417053853787,0.006257145524539054,0.005762246288034073,0.003131291104345794,0.003337296689134445,1.2664192949907398,0.23619346556362233,0.6323596237817166,-0.43315281327749244,0.10642953210347446,-0.10131982142425704,0.0,0.0,0.32065553494124893,-5.396513934279932,0.14935921102351207,0.0,1.0,0.0,0.23619346556362233
2020-08-11,True,True,False,-0.0055538064835885075,23.65300000000002,0.011827381139894932,1999.851,1988.775,2006.463,1982.81,0.00797456656463277,240.0,0.6280000000000427,,,,,,,,,,,-0.00953855836197873,23.562999999999874,0.011617467172261194,2028.239,2008.9845,2027.973,2004.41,0.006702876706226639,360.0,0.6940000000000737,9.341000000000008,0.004865241548597552,0.004323362682427211,0.0027251013468934946,0.00547570011601085,0.0030283211412264013,0.0035349013637127192,2.5225350604860135,0.9252643722515184,-2.2062822535683306,0.770097136405065,0.8135719017410175,-1.8339555894456234,1.0,2.312386254148391,0.977786104271481,-5.325638914299714,-2.0413943643575667,0.0,1.0,0.0,0.9252643722515184
2020-08-12,False,True,False,0.009544328506034804,36.659999999999854,0.019152874524639266,1914.0729999999999,1932.429,1948.918,1912.258,0.014881400107704838,240.0,0.8084999999999809,,,,,,,,,,,,,,,,,,,,,,,,,0.005564730998544568,0.0032332902565613436,0.0036621642470438497,,,,1.2360041646152502,1.4020578212593309,2.9518935043540915,,,,,,,,,
2020-08-13,False,True,False,-0.00033124720303965487,12.654999999999973,0.0065436989040144455,1933.9215,1933.281,1936.857,1924.202,0.004928097173459928,240.0,0.5775000000001,,,,,,,,,,,,,,,,,,,,,,,,,0.005564730998544568,0.003590825367783683,0.004026116683214408,,,,0.16205394176971413,0.2021506354617128,-0.09224820733738609,,,,,,,,,
2020-08-14,True,True,True,0.00228126483110261,12.639999999999873,0.006506221059155073,1942.756,1947.1930000000002,1952.975,1940.335,0.004959624219492547,240.0,0.6524999999999181,-0.002541091770282179,18.519999999999982,0.009503847339063858,1948.6844999999998,1943.739,1956.186,1937.666,0.006876331438347104,240.0,0.5960000000000036,-0.0031746302038863365,16.794000000000096,0.008578598200660276,1957.6625,1951.4575,1961.202,1944.408,0.0048589288841530956,360.0,0.8500000000000227,10.400499999999965,0.005325803499371767,0.0049428759611463095,0.00953855836197873,0.006197488037291117,0.003594716242490691,0.004368820460658344,1.6147300610547717,0.4791677978466349,-0.6422637810134535,0.04861475053279988,0.1268369204639166,0.6346161079801886,1.0,0.39161578770250266,0.8366424691120548,-5.235191686868885,-0.30775212158486986,0.0,0.0,0.0,0.0
2020-08-17,False,True,False,0.0010212624745782346,9.294000000000096,0.0047625184570650025,1951.4885,1953.4825,1956.846,1947.552,0.00457497173417574,240.0,0.6085000000000491,,,,,,,,,,,,,,,,,,,,,,,,,0.006178749114861432,0.0034454502259711798,0.004514392536477171,,,,-0.260339226439218,0.013329885984893755,0.2964090053834309,,,,,,,,,
2020-08-18,False,True,False,0.002042708635588825,13.196999999999889,0.006585766420625664,2003.8670000000002,2007.9645,2009.849,1996.652,0.005410280727077636,240.0,0.6154999999999973,,,,,,,,,,,,,,,,,,,,,,,,,0.006178749114861432,0.003444747193267263,0.004603137836241243,,,,0.06379487489619828,0.16156277265687816,0.5929923216372123,,,,,,,,,
2020-08-19,False,True,False,0.0005193133606659164,18.23199999999997,0.009176918680430352,1986.7235,1987.7555,1997.895,1979.663,0.005766230672635893,240.0,0.6310000000000855,,,,,,,,,,,,,,,,,,,,,,,,,0.006524959981584759,0.003442109738809029,0.004667974810650905,,,,0.3410566724613745,0.2112932858422117,0.15087065784416243,,,,,,,,,
2020-08-20,False,True,False,-0.005596298138429833,23.283999999999878,0.011988769153376787,1942.1509999999998,1931.3125,1946.867,1923.583,0.00750309491340589,240.0,0.6494999999998754,,,,,,,,,,,,,,,,,,,,,,,,,0.006564732662320055,0.003408706466505899,0.004816371428227495,,,,0.6022585224028963,0.4432947617103188,-1.6417659289291426,,,,,,,,,
2020-08-21,False,True,True,-0.007250588211707708,20.973999999999933,0.010762401790004848,1948.8215,1934.7425,1948.96,1927.986,0.006201604176046645,240.0,0.6784999999999854,0.012015720618721958,34.71699999999987,0.018117165357946628,1916.249,1939.413,1945.447,1910.73,0.011154137838220892,240.0,0.7019999999999982,,,,,,,,,,,,,,,0.006687681577395419,0.003699470438201167,0.004943860696476237,,,,0.4757914808958275,0.22666145317681038,-1.9598989457618803,,,,,,,,,
2020-08-24,True,True,False,0.007823123012774302,16.87200000000007,0.008719442931370083,1934.9859999999999,1950.183,1950.646,1933.774,0.005091464795507782,240.0,0.6019999999999754,,,,,,,,,,,-0.0007040430036165025,7.541000000000167,0.0038967105582719537,1935.2220000000002,1933.8600000000001,1936.661,1929.12,0.004434716833520354,360.0,0.7250000000000227,11.680999999999926,0.006057433910425961,0.005017899799956424,0.0031746302038863365,0.007028365253375801,0.004073747753547258,0.005184952473285091,0.6455782895300244,-0.43760879095302063,-0.14030630974787828,0.21560121171961905,-0.018195107205545378,1.9203749191299917,1.0,1.1972433866963434,0.09639585651911275,-5.106469015704394,0.06139927457184902,1.0,0.0,-0.43760879095302063,-0.0
2020-08-25,True,True,False,-0.0032232445791313376,14.539999999999964,0.007531068246291811,1930.6689999999999,1924.4560000000001,1935.757,1921.217,0.005032124531205299,240.0,0.5835000000000719,,,,,,,,,,,0.0007104194324349982,11.07899999999995,0.005740819042170822,1929.864,1931.2355,1937.363,1926.284,0.00353965984051648,360.0,0.7379999999999427,11.680999999999926,0.006057433910425961,0.005025143143205703,0.0007040430036165025,0.007028365253375801,0.004419778577515325,0.005025544507500164,0.9484633164968771,-0.05291216563502132,0.14137297429935466,0.06908275698385351,0.001308459170529296,-0.7292773885843293,1.0,0.4337813543361047,0.04849756014041061,-5.106469015704394,-0.007480350232443066,1.0,0.0,-0.05291216563502132,-0.0
2020-08-26,True,True,False,0.000733847024401859,10.210999999999785,0.0053257990132849166,1917.271,1918.6785,1923.649,1913.438,0.003915630272719197,240.0,0.6070000000000846,,,,,,,,,,,-0.005663127383634152,13.745999999999867,0.00712322463497742,1929.7440000000001,1918.8465,1931.243,1917.497,0.003663997516011181,359.0,0.6829999999999927,11.939499999999953,0.00612738027594994,0.005024302991653982,0.0007104194324349982,0.007028365253375801,0.004432705080777698,0.00506179466335654,1.1513044934879955,0.14089564165867904,-1.127146868539047,-0.27739139036103233,-0.2567447912834885,0.16555286467944058,1.0,0.3399639850915018,0.13195694962101875,-5.094987981561551,-0.1588100812863798,1.0,0.0,0.14089564165867904,0.0
2020-08-27,True,True,True,-0.0008673167062176148,10.089999999999918,0.005195979578615798,1941.886,1940.2025,1948.424,1938.334,0.004315304811044696,240.0,0.5615000000000236,-0.006277336251834273,66.69100000000003,0.03435950924702078,1940.9765,1928.8305,1976.343,1909.652,0.020761912973483686,240.0,0.7864999999999327,-0.007022564976073844,15.42100000000005,0.00789318379228046,1953.711,1940.039,1953.565,1938.144,0.004363251731204281,360.0,0.7810000000000628,12.855999999999995,0.006679045435762736,0.005201989305213943,0.005663127383634152,0.007028365253375801,0.00442990720236011,0.00506179466335654,1.199517734909774,0.18191958844031153,-1.349976819259344,-0.30206897155528634,-0.15955313505736846,-0.19578665344401272,0.0,0.0,0.14366832607342725,-5.008780200482508,-0.24558722736362068,1.0,0.0,0.18191958844031153,0.0
2020-08-28,True,True,True,0.006619264390403106,17.611000000000104,0.009053919170726657,1945.1245,1958.0425,1959.796,1942.185,0.006369032299874897,240.0,0.6369999999999436,0.0030747804283185374,22.149999999999864,0.011286704720441248,1962.4859999999999,1968.5295,1972.655,1950.505,0.0077258909348556105,240.0,0.6485000000000127,0.006843237936889291,22.62799999999993,0.01173519370485787,1928.217,1941.4575,1945.244,1922.616,0.005611875570709956,360.0,0.7864999999999327,13.32899999999995,0.006983686998386918,0.005356726227592832,0.007022564976073844,0.006926450096606047,0.00421054997224468,0.00506179466335654,1.6976517368144657,0.5292459648590288,1.2775037674390273,0.267850291124185,0.2297264458273231,1.572066460209786,1.0,1.091754820316617,0.27511441218395455,-4.964178278404054,0.6761137140093123,1.0,0.0,0.5292459648590288,0.0
2020-08-31,True,True,True,0.0006266865932926366,12.972999999999956,0.006601098368221488,1965.279,1966.511,1967.081,1954.108,0.004086862778509496,240.0,0.5910000000000082,0.0015363753667881244,13.985999999999876,0.0071135497711975375,1966.107,1969.13,1973.82,1959.834,0.0062099162722414865,240.0,0.5729999999999791,-0.0018953269633532248,10.664999999999964,0.005404661691742708,1973.2965,1969.56,1976.2,1965.535,0.004431265029277839,356.0,0.6019999999999754,14.583499999999958,0.007423517653424094,0.005520631788696785,0.006843237936889291,0.006926450096606047,0.004280629774595852,0.00506179466335654,0.7313059279322518,-0.31292340071832336,-0.34331703976958056,-0.0481113757704527,-0.21394346806460512,0.1464005593316708,1.0,0.7835567593513332,0.29355093084650197,-4.903102256861104,0.10743193560924502,1.0,0.0,-0.31292340071832336,-0.0
2020-09-01,True,True,True,0.0007744139655855084,8.353000000000065,0.004200704459093328,1988.476,1990.0165000000002,1992.183,1983.83,0.004758168036179842,240.0,0.5430000000000064,-0.008026437375860451,27.396999999999935,0.013772253862497107,1989.2894999999999,1973.3865,1991.355,1963.958,0.008322866018634505,240.0,0.58299999999997,0.010198776520242366,22.381999999999834,0.011373470270281173,1967.913,1988.086,1989.639,1967.257,0.0054889475787518365,360.0,0.5819999999999936,14.583499999999958,0.007423517653424094,0.0055431201834620445,0.0018953269633532248,0.006934116070403959,0.0042665681911542765,0.00506179466335654,1.5347481743065725,0.42836631175419426,1.8398981408829127,-0.5012013468567804,-0.06185836915469502,0.18150746241231377,1.0,0.17444372064319977,0.026742551513703923,-4.903102256861104,0.7881503806134122,1.0,0.0,0.42836631175419426,0.0
2020-09-02,True,True,True,-0.0001302386395973382,15.802000000000135,0.008038660043581388,1965.7505,1965.4945,1971.63,1955.828,0.0045213739373822625,240.0,0.5645000000000664,-0.007778109186136874,32.39599999999996,0.01653451457424363,1959.2955000000002,1944.115,1968.609,1936.213,0.007581689541371018,240.0,0.6080000000001746,-0.004128975198483667,15.355000000000018,0.007784166432626287,1972.594,1964.466,1973.04,1957.685,0.005995394629955526,360.0,0.5884999999999536,15.57549999999992,0.007808497232075613,0.005960068749086541,0.010198776520242366,0.006593432394423576,0.004249424005369494,0.004995874375348923,0.9858431511026996,-0.014258012994175166,-0.6927730823770257,0.19818834620936795,-0.09979653079844251,-0.030648539527420905,1.0,0.11922570703990115,0.08246926262400654,-4.852542749512249,0.009877567610546416,1.0,0.0,-0.014258012994175166,-0.0
2020-09-03,True,True,True,0.0005102539128944342,11.68600000000015,0.0060551764089581735,1929.9189999999999,1930.904,1938.526,1926.84,0.004906241454671467,240.0,0.5620000000001255,-0.004274702747169222,24.309999999999945,0.012564671101256438,1934.79,1926.537,1945.656,1921.346,0.007497810938779784,240.0,0.6164999999999736,-0.00628526980150215,18.95400000000018,0.009745796373323635,1944.8385,1932.653,1950.987,1932.033,0.004474014618996021,360.0,0.56899999999996,15.388000000000034,0.007753988552248526,0.005696946609476684,0.004128975198483667,0.00706608330725665,0.004231079172294724,0.004995874375348923,1.2317390174161773,0.20842700615796164,-1.1032699149833718,-0.1543928277343389,-0.018104286076885343,0.12059663554291238,1.0,0.3374707564335828,0.1776709123992816,-4.859547916101716,-0.22995124536413306,1.0,0.0,0.20842700615796164,0.0
2020-09-04,True,True,True,0.002025701219495,8.624000000000024,0.004457648078918577,1934.6525000000001,1938.5755,1941.535,1932.911,0.0034881269628188466,240.0,0.5090000000000146,-0.009836153368972174,30.738000000000056,0.01584482811057464,1939.9389999999999,1920.951,1946.996,1916.258,0.010677610743234658,240.0,0.60450000000003,0.003366075591536703,14.30600000000004,0.007419814680974181,1928.0805,1934.5815,1941.835,1927.529,0.004680425507526761,360.0,0.6049999999999045,15.57549999999992,0.007838675112453373,0.005879574937683089,0.00628526980150215,0.00706608330725665,0.004231195838244942,0.004995874375348923,0.9184937883214095,-0.0850201372007672,0.5725032212725129,-0.4606850483666351,-0.3592475416259392,0.4787538315256144,0.0,0.0,0.004558441141545403,-4.848685449658866,-0.04867430242047023,1.0,0.0,-0.0850201372007672,-0.0
2020-09-07,True,True,True,-0.001780613819051587,10.652000000000044,0.00551760718594266,1930.547,1927.1125000000002,1933.989,1923.337,0.002936108604942267,240.0,0.5350000000000819,0.001208449968153744,8.586000000000013,0.004451982521846402,1928.5790000000002,1930.911,1932.549,1923.963,0.0030394510201254706,240.0,0.5430000000000064,-0.0023423747453237063,13.919999999999845,0.007195691269693085,1934.491,1929.9650000000001,1941.243,1927.323,0.0039490717486911,359.0,0.5350000000000819,15.57549999999992,0.007838675112453373,0.005929316761245163,0.003366075591536703,0.006593432394423576,0.004183093126552448,0.004943860696476237,0.8937112773265652,-0.11237251198069965,-0.39504968947413854,-0.1781297763443328,-0.5210614426270747,-0.4256691795238859,1.0,0.2559147378896423,0.037366376681318925,-4.848685449658866,0.04439272596340431,1.0,0.0,-0.11237251198069965,-0.0
2020-09-08,True,True,True,-0.008021365637342199,22.34199999999987,0.011565523124834283,1931.7759999999998,1916.3425,1933.205,1910.863,0.006032589107714236,240.0,0.5380000000000109,0.006094123131914802,22.73199999999997,0.011864291337976495,1916.0015,1927.7134999999998,1928.994,1906.262,0.0073898850053944285,240.0,0.5160000000000764,0.0004914010101924771,9.788999999999987,0.005070080697101129,1930.7385,1931.6875,1931.87,1922.081,0.0030113255541039815,358.0,0.5819999999999936,15.388000000000034,0.007753988552248526,0.005351467350343971,0.0023423747453237063,0.006593432394423576,0.004211991293532089,0.004943860696476237,0.6361450480894181,-0.452328678610759,0.09182547103849784,0.5619544662632244,0.19902974620323793,-1.904411732678499,1.0,0.7290096178840539,0.005751234728349346,-4.859547916101716,-0.04153529397765424,1.0,0.0,-0.452328678610759,-0.0
2020-09-09,True,True,True,-0.002358543732167936,13.092999999999847,0.0067938381709096015,1927.1875,1922.6475,1934.1,1921.007,0.003885007256263856,240.0,0.5030000000000427,0.009147539469464722,24.312999999999874,0.012624634055408541,1925.838,1943.5355,1948.8,1924.487,0.006537912453370629,240.0,0.5529999999999973,-0.001136503509615007,11.409000000000106,0.005910605778810049,1930.259,1928.0665,1934.008,1922.599,0.00403842024685263,360.0,0.7290000000000418,14.830500000000029,0.007571812676422474,0.0053485387795280575,0.0004914010101924771,0.006593432394423576,0.004428883001009468,0.004943860696476237,0.7692930110245834,-0.26228335340892067,-0.21248859856173452,0.029941988196047476,-0.2410216918973019,-0.5325369244638788,1.0,0.10734634705504655,0.059269748154135306,-4.883322784923843,0.05573222219193369,1.0,0.0,-0.26228335340892067,-0.0
2020-09-10,True,True,True,0.0031350592107602317,8.622000000000071,0.004434908003435006,1944.1215000000002,1950.226,1950.708,1942.086,0.0027912697318799836,240.0,0.5715000000001282,0.0059879460462570816,21.47499999999991,0.011026966131167704,1947.4985000000001,1959.195,1966.23,1944.755,0.006434639567286331,240.0,0.6340000000000146,0.00020230073510843423,7.163999999999987,0.003678753988975542,1947.3985,1947.7925,1950.47,1943.306,0.003414233687573349,359.0,0.7100000000000364,14.112999999999943,0.007307752975333633,0.0049855086570154495,0.001136503509615007,0.006593432394423576,0.003898610332070014,0.004917169314065698,0.5076170906256654,-0.6780278742334024,0.04057775224675682,-0.39656718960613513,-0.5662364289230782,0.804147874172291,1.0,0.08644512151916901,0.26011478778430075,-4.918819442989833,-0.027512847097038193,1.0,0.0,-0.6780278742334024,-0.0
2020-09-11,True,True,True,0.0009675195598131789,6.894999999999982,0.0035454319205082707,1944.7559999999999,1946.6385,1946.971,1940.076,0.0029715710968314297,240.0,0.4560000000000173,0.002714192911848701,13.414999999999964,0.0068981847978199185,1944.7145,1950.0,1954.541,1941.126,0.005288624521272896,240.0,0.44050000000004275,-0.0008579103899242336,11.997000000000071,0.006171528046063494,1943.9270000000001,1942.26,1948.962,1936.965,0.003786150670068794,359.0,0.5199999999999818,14.112999999999943,0.007307752975333633,0.004974432863318115,0.00020230073510843423,0.006593432394423576,0.003970220227004361,0.004832204745425655,0.8500673138241422,-0.16243973989906896,-0.17246395991200056,-0.6204140699300706,-0.4862120307649425,0.24369417928818493,0.0,0.0,0.17685821582936848,-4.918819442989833,0.028015000790068828,1.0,0.0,-0.16243973989906896,-0.0
2020-09-14,True,True,True,-6.04188517799364e-05,7.037000000000035,0.0036183371588880565,1944.816,1944.6985,1947.586,1940.549,0.002743010293645599,240.0,0.4395000000000664,0.0074242266792910365,18.462999999999965,0.009496382599857817,1944.214,1958.702,1962.326,1943.863,0.003846102237417538,240.0,0.43000000000006366,0.002427902471704006,11.891000000000076,0.006120106642510874,1942.94,1947.663,1951.467,1939.576,0.0029420695150189163,359.0,0.46100000000001273,14.112999999999943,0.007307752975333633,0.004965118398691165,0.0008579103899242336,0.006593432394423576,0.003940274031822974,0.004666569885177791,0.8425565081839527,-0.1713145469764177,0.48899185814864266,-0.6000594899144507,-0.5313683371970254,-0.015333667478955398,0.0,0.0,0.20172890243038274,-4.918819442989833,-0.08377141865389143,1.0,0.0,-0.1713145469764177,-0.0
2020-09-15,True,True,True,0.0038981508448197727,11.270999999999958,0.005741350406774477,1963.127,1970.7945,1971.319,1960.048,0.003066781304191378,240.0,0.47199999999998,-0.008351638809933292,22.317999999999984,0.011339464746575554,1968.1705000000002,1951.8015,1970.368,1948.05,0.006410226656837177,240.0,0.47849999999994,0.005201864748327884,13.657000000000153,0.006977221214492283,1957.3695,1967.578,1968.709,1955.052,0.0027897462225005346,359.0,0.5599999999999454,13.832999999999856,0.0071594579523352525,0.004928447602406955,0.002427902471704006,0.006593432394423576,0.003931176699958387,0.004639770986781052,0.9872768018506684,-0.012804831196369106,1.0554773364715082,-0.13837961668002619,-0.41403643223317577,0.9915989899057542,1.0,0.1886792452830136,0.32176678956119914,-4.93932100585646,-0.01351520912511094,1.0,0.0,-0.012804831196369106,-0.0
2020-09-16,True,True,True,0.0022554577969140723,7.938999999999851,0.004047479756865638,1961.4675,1965.8965,1968.512,1960.573,0.0030562344697040687,240.0,0.5634999999999764,0.0019054567225978475,17.358999999999924,0.00884186313270584,1963.274,1967.0185000000001,1973.539,1956.18,0.005314267315183678,240.0,0.6140000000000327,0.0029947486557505695,13.121000000000095,0.006715527963026514,1953.83,1959.69,1962.701,1949.58,0.0029373888772963055,358.0,0.67349999999999,13.70150000000001,0.007050222924734851,0.00485770580201992,0.005201864748327884,0.006328137388589831,0.00400743414346753,0.004418339374213479,0.9576323760172306,-0.043291315768100275,0.6164944477504793,-0.4469115362829489,-0.3685803255617436,0.5628184309879843,1.0,0.42411414808597,0.12973032149764016,-4.954696042128112,-0.026688855806846597,1.0,0.0,-0.043291315768100275,-0.0
2020-09-17,True,True,True,-0.0016721807401742735,9.80600000000004,0.005041914837605734,1944.896,1941.6465,1946.434,1936.628,0.0031831302769801924,240.0,0.43499999999994543,-0.002147278039263721,17.59900000000016,0.009034199467978699,1948.042,1943.8635,1949.228,1931.629,0.005530333707339711,240.0,0.47100000000000364,-0.008056327163972515,22.513999999999896,0.011487074617514139,1959.942,1944.2154999999998,1959.885,1937.371,0.005556607540059682,360.0,0.5384999999999991,13.70150000000001,0.007050222924734851,0.004867577266709759,0.0029947486557505695,0.005898263407866325,0.0040398353057950875,0.004201083794777096,1.6431777542604737,0.49663202204092155,-1.6551000061306047,-0.1568720319108216,-0.2774774619226168,-0.41392299774586194,1.0,0.054227639309576685,0.04966609495311937,-4.954696042128112,-0.8219756627245839,1.0,0.0,0.49663202204092155,0.0
2020-09-18,True,True,True,-0.001260876828347262,4.851000000000113,0.002482298083011974,1954.2375000000002,1951.775,1955.913,1951.062,0.001950223915568455,240.0,0.40999999999996817,0.0010569230590546244,10.276000000000067,0.005267417822182137,1950.861,1952.924,1955.296,1945.02,0.004053144260877186,240.0,0.45049999999991996,0.0037868163008992176,8.95900000000006,0.00460138139026538,1947.024,1954.411,1955.384,1946.425,0.0037248137774469514,359.0,0.5050000000001091,13.70150000000001,0.007050222924734851,0.004732373840832073,0.008056327163972515,0.005629478796358568,0.0038440733000395734,0.004001246525614346,0.6538700142320223,-0.4248467022762381,0.8001938199018948,-0.81883208424994,-0.7186617494964851,-0.3280054072679316,1.0,0.038608911433054484,0.01266284713351649,-4.954696042128112,-0.339959705567146,1.0,0.0,-0.4248467022762381,-0.0
2020-09-21,True,True,True,-0.00990715042450901,27.771999999999935,0.014235061501852261,1950.9575,1931.7245,1954.502,1926.73,0.0051196632168707705,240.0,0.4695000000000391,-0.017323204574053404,52.54300000000012,0.027181594134822174,1933.036,1899.838,1934.336,1881.793,0.013567875606352016,240.0,0.5249999999999773,0.0018855404671549202,8.583999999999833,0.004405369994113429,1948.531,1952.2085,1955.417,1946.833,0.0030313947568344334,358.0,0.5384999999999991,13.389000000000124,0.0068463745887593986,0.004776574854564104,0.0037868163008992176,0.005421703099613788,0.0034457233646744134,0.0039003187644915263,0.64112331017998,-0.444533468986874,0.39474739213042,0.9652980500737786,0.27203037465249774,-2.8752019172743823,1.0,1.5014564194487923,0.09343490925386248,-4.984036023929403,-0.17547842759725746,1.0,0.0,-0.444533468986874,-0.0
2020-09-22,True,True,True,0.00023311175585366182,15.331000000000131,0.008041063921239497,1906.5884999999998,1907.033,1909.48,1894.149,0.005807285684616069,240.0,0.4839999999999236,-0.003405325124131618,20.730999999999995,0.010874206242217157,1906.438,1899.9569999999999,1917.312,1896.581,0.007323942131645536,240.0,0.6005000000000109,-0.003324429287359955,13.067000000000007,0.006815682903573765,1917.196,1910.833,1919.602,1906.535,0.0059429313748146344,360.0,0.5339999999999918,13.389000000000124,0.0068463745887593986,0.004794217628203421,0.0018855404671549202,0.005421703099613788,0.0037313766617504338,0.0039003187644915263,0.9759504070505555,-0.02434350630824211,-0.6934247765063907,0.3941514118343985,0.3980549974923629,0.06247339172248193,1.0,0.9250877586078183,0.3170139666890884,-4.984036023929403,0.016880390421174698,1.0,0.0,-0.02434350630824211,-0.0
2020-09-23,True,True,True,0.005633551974287694,21.99700000000007,0.011691138582537845,1881.5105,1892.1399999999999,1894.851,1872.854,0.006495284868475133,240.0,0.5154999999999745,-0.010308829119981131,23.875,0.01267550262017903,1883.5545,1864.237,1887.631,1863.756,0.0072393007810934145,240.0,0.5360000000000582,-0.01004506336008839,23.128999999999905,0.0121457085933159,1904.2939999999999,1885.261,1905.098,1881.969,0.006700882249922671,360.0,0.5645000000000664,13.389000000000124,0.006896452059033024,0.004848927487641238,0.003324429287359955,0.005421703099613788,0.003672670597189389,0.0039003187644915263,1.7274628426319882,0.5466537670981061,-2.0716051922184575,0.7684211776198663,0.5100182245376791,1.5339115842839057,1.0,0.680782732093504,0.2801180073194294,-4.976748193965209,-1.132450782266216,1.0,0.0,0.5466537670981061,0.0
2020-09-24,True,True,True,0.0023272882434690074,12.725999999999885,0.006867761590561866,1853.0055,1857.323,1861.176,1848.45,0.005792966887282128,240.0,0.5175000000000409,0.006871817788176387,20.23199999999997,0.010887264720031754,1858.3180000000002,1871.132,1870.873,1850.641,0.007962356606076103,240.0,0.5750000000000455,-0.0016590677095479132,19.876999999999953,0.01071543031129301,1854.9885,1851.9135,1868.74,1848.863,0.006722132860291953,360.0,0.59699999999998,13.389000000000124,0.006896452059033024,0.005196911221885121,0.01004506336008839,0.005629478796358568,0.0038958574413163463,0.003985935017386676,1.4845768914780617,0.3951298100932078,-0.31924111048141113,0.19882136762111413,0.37387265716537,0.5973751038186487,1.0,0.03084621704384249,0.08155948913285986,-4.976748193965209,-0.12614167935846474,1.0,0.0,0.3951298100932078,0.0
2020-09-25,True,True,True,-0.009906083654862367,21.28099999999995,0.011356756432235528,1873.8625000000002,1855.3915,1874.966,1853.685,0.005630231396593581,240.0,0.4900000000000091,0.0008024523631667144,13.4050000000002,0.007212594519020131,1858.5545,1860.0465,1865.602,1852.197,0.006333281805470159,240.0,0.5115000000000691,-0.0003922434379971414,12.236999999999853,0.006551456262859101,1867.8290000000002,1867.0965,1873.763,1861.526,0.004686051720333572,360.0,0.5465000000000373,13.389000000000124,0.006896452059033024,0.004969778991741242,0.0016590677095479132,0.005898263407866325,0.003922485394909461,0.003985935017386676,0.9139592202554141,-0.08996932531173275,-0.0789257306308731,0.655154877255437,0.34537862300039607,-2.5254609405858655,1.0,0.5856299947718313,0.5053402046456056,-4.976748193965209,0.007100894734595213,1.0,0.0,-0.08996932531173275,-0.0
2020-09-28,True,True,True,-0.0009425324908471842,13.259999999999991,0.007130189955573427,1859.6979999999999,1857.946,1861.53,1848.27,0.0049726336564487,240.0,0.5199999999999818,0.00409314482493562,14.200000000000045,0.007612308352096089,1865.4,1873.051,1876.76,1862.56,0.005959341824812036,240.0,0.5259999999999536,-0.002878585599850551,7.652000000000044,0.0041081927897780755,1862.6194999999998,1857.2655,1863.835,1856.183,0.0036673982158554734,359.0,0.5599999999999454,13.094000000000051,0.00676560543330014,0.004692064771843554,0.0003922434379971414,0.005898263407866325,0.004225847501223478,0.003985935017386676,0.5843897968535218,-0.5371870584408913,-0.6135008231609577,0.18967990587065284,0.22117769156479375,-0.22303987320278354,1.0,0.6043225904994639,0.185772109363058,-4.995903526419231,0.3295647025449003,1.0,0.0,-0.5371870584408913,-0.0
2020-09-29,True,True,True,0.0011439465382989693,7.358999999999924,0.0039059213799966424,1884.0625,1886.219,1886.214,1878.855,0.00396655304179271,240.0,0.5030000000000427,0.0017450470429375682,15.657999999999902,0.008298528677967163,1886.8405,1890.136,1892.831,1877.173,0.005210998224012447,240.0,0.48700000000008004,-0.002146260455366462,11.763999999999896,0.006248366735148655,1882.732,1878.6955,1887.032,1875.268,0.0035509587129740226,360.0,0.5000000000001137,13.094000000000051,0.00676560543330014,0.0047127979579660775,0.002878585599850551,0.005898263407866325,0.0042157345803616525,0.004203190596823059,0.8984267603482397,-0.10711008932716379,-0.45541109008049496,-0.4121642656932065,-0.05794643668658359,0.2713516509383364,0.0,0.0,0.40988238888039874,-4.995903526419231,0.04877912253910285,1.0,0.0,-0.10711008932716379,-0.0
2020-09-30,True,True,True,-0.002179440895498942,8.930000000000064,0.004726772188900483,1889.2385,1885.1255,1890.057,1881.127,0.003712973872785057,240.0,0.43250000000000455,0.00644256363708463,20.720000000000027,0.010997401120917554,1884.0815,1896.259,1902.098,1881.378,0.006549078881608039,240.0,0.5715000000001282,-0.0048220317974435115,10.180999999999813,0.0053671157801953966,1896.922,1887.797,1897.138,1886.957,0.0038226156652574022,360.0,0.5815000000000055,12.65199999999993,0.006633492112942807,0.003986454523365315,0.002146260455366462,0.005898263407866325,0.004223404001682491,0.003925780149028283,0.8046949098956583,-0.21729206731835662,-1.209604115431577,-0.22141541287623223,-0.05573195708281487,-0.5160389331995497,1.0,0.46079671198231004,0.11393455580144747,-5.015623899581732,0.26283737887891945,1.0,1.0,-0.21729206731835662,-0.21729206731835662
2020-10-01,True,True,True,-0.0002580800624015613,6.930999999999813,0.0036537734660450063,1896.943,1896.4535,1900.071,1893.14,0.002943300989098949,240.0,0.504500000000121,0.005299019557198256,15.729000000000042,0.008275846828696991,1900.591,1910.689,1911.805,1896.076,0.0059646565298829115,240.0,0.4695000000000391,0.002766251297779074,10.960000000000036,0.005806098045183223,1887.6705,1892.8995,1895.301,1884.341,0.002850810042177831,359.0,0.5319999999999254,12.116999999999962,0.006399911499003878,0.0040166578433326015,0.0048220317974435115,0.005629478796358568,0.004233813087727871,0.003798990564524456,0.904514318725763,-0.10035714372950957,0.688694781999138,-0.4322564018532102,-0.25520365362265096,-0.060956886157688926,1.0,0.39366179747462215,0.3337047123875553,-5.051471116992767,-0.06911544122285075,1.0,1.0,-0.10035714372950957,-0.10035714372950957
2020-10-02,True,True,True,-0.002591279887295875,10.36999999999989,0.005421573050860781,1912.729,1907.779,1915.231,1904.861,0.004647699812820951,240.0,0.6984999999999673,-0.0038759199076859566,15.125999999999976,0.007927610631991874,1908.015,1900.634,1911.729,1896.603,0.005674680635637239,240.0,0.7034999999999627,0.0010343608205382589,18.944999999999936,0.009952336999946909,1903.5729999999999,1905.5430000000001,1908.519,1889.574,0.0069736935246008155,360.0,0.52049999999997,11.944000000000074,0.006209947390606074,0.003919857027820304,0.002766251297779074,0.005279761011774197,0.004224794136596019,0.003600550417801952,1.5861520428666962,0.46131098423366534,0.2638771805188596,0.02650517035664979,0.25528570569436965,-0.6133505689306104,1.0,0.5619557937039474,0.601640991292689,-5.081602854794684,0.1217294418619597,1.0,0.0,0.46131098423366534,0.0
2020-10-05,True,True,True,0.003783385894237843,15.163000000000011,0.00800949539597957,1893.128,1900.304,1901.362,1886.199,0.0031722962474889384,240.0,0.4995000000000118,0.006357089254147308,16.83400000000006,0.008850827747455431,1901.969,1914.0985,1918.442,1901.608,0.005906481447380655,240.0,0.44050000000004275,-0.0044140021349005866,11.583000000000084,0.0060865852617197945,1903.0375,1894.656,1902.876,1891.293,0.0033161547272283773,359.0,0.5749999999998181,11.944000000000074,0.006209947390606074,0.0038252490339102606,0.0010343608205382589,0.005469590118401721,0.004186137584111118,0.003798990564524456,0.9697756195579381,-0.030690554286679158,-1.1539123585866222,0.38142408136349054,-0.18027969657478268,0.9037891894901023,1.0,0.42649028801069927,0.1279303415941067,-5.081602854794684,0.035414209883272714,1.0,0.0,-0.030690554286679158,-0.0
2020-10-06,True,True,True,0.001025983566017786,9.774999999999864,0.005114238484657606,1911.3305,1913.2925,1914.387,1904.612,0.0026964159453017017,240.0,0.47100000000000364,-0.00803989517105535,19.460000000000036,0.01014809650182704,1917.601,1902.2455,1920.851,1901.391,0.006581941030355851,240.0,0.4459999999999127,-0.0009317282898913413,6.352000000000089,0.003320562341832911,1912.929,1911.1475,1914.452,1908.1,0.0024512400500839044,360.0,0.5095000000000027,11.827499999999986,0.006145817344287183,0.003895378042900789,0.0044140021349005866,0.005581461728817629,0.004319008151689199,0.003798990564524456,0.5370534770661676,-0.6216576045783162,-0.23918815571428004,-0.08742219119231696,-0.3428119269972312,0.2375507361838425,1.0,0.2949059395476502,0.015472415979707709,-5.091983535161101,0.14869313592484462,1.0,1.0,-0.6216576045783162,-0.6216576045783162
2020-10-07,True,True,True,-0.0045510007194005985,12.480000000000018,0.006587705694248118,1894.438,1885.836,1897.796,1885.316,0.00365863155813266,240.0,0.4490000000000691,-0.0014776281951460843,12.967999999999847,0.006866678262923059,1888.5405,1885.752,1891.629,1878.661,0.0065355158063624555,240.0,0.47649999999998727,0.003000999840988367,14.580999999999904,0.007754964192924693,1880.2150000000001,1885.866,1887.183,1872.602,0.003992781554150599,360.0,0.5480000000000018,11.827499999999986,0.006145817344287183,0.0038806892125411445,0.0009317282898913413,0.005267905767759193,0.003982313256946267,0.0034480520748826245,1.2328049038258229,0.20929198281097666,0.7733162014855754,0.2235722422613428,0.059279730666346515,-1.142803296918539,1.0,0.897315578101887,0.7247516381314839,-5.091983535161101,0.16184888114876883,1.0,1.0,0.20929198281097666,0.20929198281097666
2020-10-08,True,True,True,-0.0004677888404152393,5.359000000000151,0.0028287744264857274,1894.46,1893.574,1895.189,1889.83,0.0023566824006003863,240.0,0.4534999999999627,-0.0019886847257116805,18.133000000000038,0.009581113587158274,1892.5774999999999,1888.8175,1900.42,1882.287,0.006361557614164323,240.0,0.4094999999998663,0.0009486689287755292,6.9379999999998745,0.003676710229341226,1887.013,1888.804,1890.139,1883.201,0.0027044490586850137,360.0,0.4639999999999418,11.944000000000074,0.006209947390606074,0.003982986208306033,0.003000999840988367,0.005267905767759193,0.004070108520548538,0.003420880917556426,0.5808774279973068,-0.5432155116893554,0.23818031978046914,-0.6217893430424994,-0.37264322857078236,-0.11493276851306028,1.0,0.42280643000671053,0.47354320160749447,-5.081602854794684,-0.12938324428388184,1.0,0.0,-0.5432155116893554,-0.0
2020-10-09,True,True,True,0.004406878147658391,10.544999999999845,0.005527633449494805,1907.688,1916.1135,1917.966,1907.421,0.0031464226545116067,240.0,0.42399999999997817,0.0038423872236558747,16.182000000000016,0.008458536080501938,1913.097,1920.462,1929.038,1912.856,0.004994902933388091,240.0,0.37999999999999545,0.006945312181422131,17.964999999999918,0.009478903043194787,1895.2615,1908.4705,1912.693,1894.728,0.0036994475723360655,360.0,0.4329999999999927,11.944000000000074,0.006209947390606074,0.003996457108551184,0.0009486689287755292,0.005267905767759193,0.003982034221595135,0.003420880917556426,1.504102478231732,0.4081963603285821,1.7378673141671679,0.04812688023643838,-0.0836319538930926,1.1066901745241835,1.0,0.4414768921634192,0.06551406563963455,-5.081602854794684,0.7093911123770464,1.0,0.0,0.4081963603285821,0.0
2020-10-12,True,True,True,-0.0031019490490808706,8.934000000000196,0.004638316209186397,1926.13,1920.1644999999999,1927.784,1918.85,0.0031450927662912092,240.0,0.4290000000000873,-0.0007692697904314942,9.141999999999825,0.004749973046942394,1924.6425,1923.1625,1928.206,1919.064,0.004353322057906484,240.0,0.4010000000000673,0.0007642802238736406,10.62299999999982,0.005506476057481234,1929.183,1930.658,1931.811,1921.188,0.0041161518355262924,358.0,0.4774999999999636,12.063999999999965,0.006399911499003878,0.004352847413981083,0.006945312181422131,0.005474603250177793,0.004126151097108055,0.003420880917556426,0.8805537135278391,-0.12720434946773795,0.17558167130297717,-0.16576839292793003,-0.08405470998642012,-0.7517778617595877,1.0,0.19379973474802717,0.3753315649867213,-5.051471116992767,-0.022334752276553405,1.0,0.0,-0.12720434946773795,-0.0
2020-10-13,True,True,True,0.0023942008639111353,10.516000000000076,0.005487065792089503,1916.507,1921.101,1924.836,1914.32,0.002952542672491829,240.0,0.41600000000005366,-0.013417640456453068,37.66300000000001,0.019612933194015882,1920.3145,1894.7205,1923.917,1886.254,0.007611474851669191,240.0,0.4404999999998154,-0.005281230436794786,14.70699999999988,0.007639299565520293,1925.1765,1915.036,1924.899,1910.192,0.004325566032000293,360.0,0.44800000000009277,12.000499999999874,0.006399911499003878,0.004311991572924042,0.0007642802238736406,0.005474603250177793,0.004166714950542763,0.003420880917556426,1.225532269488774,0.20337525533154335,-1.2247775413005932,0.0022738411884723666,-0.14723137415171286,0.5746015487810758,0.0,0.0,0.12257822590725545,-5.051471116992767,-0.24908944518634804,1.0,0.0,0.20337525533154335,0.0
2020-10-14,True,True,True,0.00077528787728605,7.354000000000042,0.00387609769621495,1897.269,1898.7404999999999,1900.24,1892.886,0.003194955635619497,240.0,0.45299999999997453,0.0015074996610892474,14.026000000000067,0.007380584474304409,1900.3915,1903.2585,1912.766,1898.74,0.0048114501656717846,240.0,0.3909999999999627,0.0010315644292305545,15.769999999999982,0.008329664565939691,1893.2334999999998,1895.1875,1897.668,1881.898,0.004393291225543504,360.0,0.5584999999999809,12.000499999999874,0.006399911499003878,0.0042228528587096355,0.005281230436794786,0.005454319421475142,0.004094077222042929,0.003420880917556426,1.3141119120036788,0.27316108538832085,0.2442814049518568,-0.3415789500361885,-0.06832489397181915,0.1893681616731167,1.0,0.2143244031498807,0.17345110620391044,-5.051471116992767,0.06672817371683314,1.0,1.0,0.27316108538832085,0.27316108538832085
2020-10-15,True,True,True,-0.0007151620987489066,13.778999999999996,0.007259171493514343,1898.1505,1896.7935,1903.509,1889.73,0.004791458488271825,240.0,0.35550000000000637,0.006357188939647899,17.56600000000003,0.009285982189797013,1891.6685,1903.7325,1906.804,1889.238,0.0059111621883673,240.0,0.3240000000000691,0.00019304996485355837,11.800000000000182,0.006216124099123043,1898.289,1898.6554999999998,1901.949,1890.149,0.004287926152287017,360.0,0.3650000000000091,12.000499999999874,0.006399911499003878,0.004147468000383811,0.0010315644292305545,0.005454319421475142,0.004051342776675552,0.0034267935968760785,0.9832923628182414,-0.016848784114990537,0.04654646276612462,0.285857853805084,0.3352098385828412,-0.176524707528143,1.0,0.1299945835590152,0.04208157993416,-5.051471116992767,-0.000784251302462879,1.0,1.0,-0.016848784114990537,-0.016848784114990537
2020-10-16,True,True,True,0.0011404614362803824,8.256999999999834,0.004332028443331635,1906.0355,1908.2105,1912.292,1904.035,0.0025595208118365,240.0,0.48250000000018645,-0.004080931429210958,16.15300000000002,0.008460000272345714,1909.338,1901.562,1913.9,1897.747,0.005085989382519807,240.0,0.3945000000001073,-0.00027566905986132193,6.376999999999953,0.003344813153083004,1906.534,1906.0085,1910.286,1903.909,0.002765322818649692,359.0,0.48499999999989996,11.782000000000039,0.006232245417135849,0.0038150093998677143,0.00019304996485355837,0.005507349620792154,0.004045596498010756,0.0036858027154588586,0.5412493634357436,-0.6138751757663719,-0.07225907749293639,-0.2400475998975452,-0.3646682770565956,0.28190192394153846,1.0,0.17025971821421249,0.002291631301989778,-5.078018591032481,0.04435805389669221,0.0,0.0,-0.0,-0.0
2020-10-19,True,True,True,0.0025169158128541735,5.435999999999922,0.0028477677948160894,1908.8635,1913.674,1913.761,1908.325,0.0024111318023560956,240.0,0.3224999999998772,-0.002045717885709687,15.648999999999887,0.008183397205387313,1912.2865000000002,1908.3785,1918.388,1902.739,0.004538421082950677,240.0,0.29350000000010823,0.0037945339248527136,12.115000000000009,0.006373501385440855,1900.839,1908.0655,1909.013,1896.898,0.00287852252300835,355.0,0.3240000000000691,11.782000000000039,0.006232245417135849,0.003670241304471835,0.00027566905986132193,0.005507349620792154,0.004063913302055814,0.0036858027154588586,1.0282634527244923,0.027871411168990806,1.0338649723737345,-0.6595480373740759,-0.42439207035508203,0.6193330481683602,1.0,0.4029876082159253,0.06773043625869964,-5.078018591032481,0.028815275738245678,0.0,1.0,0.0,0.027871411168990806
2020-10-20,True,True,True,0.0019119731551055,8.625,0.0045347646890886465,1901.973,1905.613,1908.037,1899.412,0.002713257964551989,240.0,0.31799999999998363,0.002969792544441424,14.641000000000076,0.007684023466160632,1905.382,1911.049,1912.123,1897.482,0.0049897161883891376,240.0,0.3170000000000073,-0.00068437259977095,9.78300000000013,0.0051404966624604915,1903.1235000000001,1901.8215,1904.083,1894.3,0.0037875052421297998,360.0,0.3184999999999718,11.957500000000095,0.006310934060294754,0.003769431396948086,0.0037945339248527136,0.005454319421475142,0.003470658924355457,0.0034267935968760785,0.8181476061049593,-0.20071251109701796,-0.18155857679889098,-0.18463465469029133,-0.23347489879437755,0.550896298592803,1.0,0.3306711269077917,0.012669872464975168,-5.065471584811302,0.036441077860506196,0.0,0.0,-0.0,-0.0
2020-10-21,True,True,True,0.0002726849236473653,8.274999999999864,0.004315058171155734,1917.703,1918.226,1922.703,1914.428,0.0027862644306926904,240.0,0.30149999999991905,0.004616032566367137,15.023999999999887,0.007839799663479254,1916.3755,1925.242,1931.253,1916.229,0.0043328124443571606,240.0,0.31900000000007367,0.002943951724517839,10.36999999999989,0.005427134310845472,1910.769,1916.4025000000001,1920.348,1909.978,0.003211549494135485,360.0,0.3170000000000073,11.782000000000039,0.006232245417135849,0.0037217304858116044,0.00068437259977095,0.005267905767759193,0.003495954570739199,0.0031836259415542177,0.8801561704294565,-0.12765592085807348,0.79101690349183,-0.1995220904589393,-0.13331899545592002,0.07800013362007381,1.0,0.19988117467323124,0.110380241045648,-5.078018591032481,-0.1009779912295514,0.0,0.0,-0.0,-0.0
2020-10-22,True,True,True,-0.0003963626478014943,5.816000000000031,0.003032616267671159,1917.816,1917.056,1920.278,1914.462,0.0024374876429743546,240.0,0.34149999999999636,-0.007279256782238363,21.19100000000003,0.011069912155328786,1914.288,1900.404,1914.66,1893.469,0.006105318657144336,240.0,0.38450000000000273,-0.003537973784042185,12.2650000000001,0.00638322676406579,1921.442,1914.656,1922.152,1909.887,0.0032412728871265796,358.0,0.33399999999994634,11.67349999999999,0.006151354680421418,0.003073266504592033,0.002943951724517839,0.004920505336779044,0.0032474340532140924,0.0031593594510002723,1.0506703216687463,0.049428362067106345,-1.1512095611479813,-0.48398553432159575,-0.2594014473436156,-0.1220541021946854,0.0,0.0,0.27069859082538095,-5.091082948181043,-0.05690240300353702,0.0,0.0,0.0,0.0
2020-10-23,True,True,True,0.0021361635001974754,6.5069999999998345,0.003413017617402055,1906.524,1910.601,1912.089,1905.582,0.0021550601725257024,240.0,0.3125000000001137,-0.006193101513360339,19.982999999999947,0.010458552822678751,1910.685,1898.8885,1914.213,1894.23,0.005653028941761591,240.0,0.33399999999994634,-0.00010840024478103799,6.394999999999982,0.0033568135309767653,1905.0805,1904.874,1907.67,1901.275,0.002546518928850254,359.0,0.3109999999999218,11.67349999999999,0.006151354680421418,0.003154202888495455,0.003537973784042185,0.00468254419904344,0.0031947296779765775,0.0031457577104014077,0.5478219899772979,-0.6018048806125512,-0.03436692204436619,-0.31624476272570934,-0.3782361410887918,0.6686523479352536,1.0,0.3785497066004089,0.14134578318412344,-5.091082948181043,0.020682181417930653,0.0,0.0,-0.0,-0.0
2020-10-26,True,True,True,0.001855032308933575,9.259000000000015,0.004872236016395853,1900.3595,1903.888,1905.43,1896.171,0.0031523777324427168,240.0,0.30399999999985994,0.000342668762793634,9.57899999999995,0.0050313969887254215,1903.845,1904.4975,1908.364,1898.785,0.004912464613527463,240.0,0.31150000000002365,-0.000846772225673145,7.655999999999949,0.0040324481453029425,1898.5985,1896.9915,1902.355,1894.699,0.003160283536999696,357.0,0.36599999999998545,11.27150000000006,0.005946341653451509,0.0031534432827706993,0.00010840024478103799,0.004586540449137522,0.0022942877314810384,0.003048817719391519,0.6792352393204018,-0.3867877617614092,-0.26852305551192546,0.06042694756344881,0.033403121304613474,0.8085438820422453,1.0,0.2728119593665465,0.2988067249256905,-5.1249790966806525,0.10386143162279228,0.0,0.0,-0.0,-0.0
2020-10-27,True,True,True,-0.0007162800081037877,7.342999999999847,0.0038560769051818084,1904.267,1902.9035,1905.05,1897.707,0.0026914096660830846,240.0,0.3250000000000455,0.00297568669237183,10.421999999999798,0.005476775596976053,1902.9445,1908.6154999999999,1911.177,1900.755,0.003384932010539256,240.0,0.2965000000000373,0.00292986837264993,8.537000000000035,0.004487855139585088,1902.245,1907.8265000000001,1910.314,1901.777,0.002507003608028205,357.0,0.29099999999994,11.27150000000006,0.005946341653451509,0.003090741434348316,0.000846772225673145,0.004586540449137522,0.0022988459581300452,0.003048817719391519,0.7573969746706285,-0.27786775788388235,0.947950009693287,-0.17347570426250358,-0.1246887866947216,-0.31158242924916674,1.0,0.36108769906400345,0.3157964778423504,-5.1249790966806525,-0.2634047437794782,0.0,0.0,-0.0,-0.0
2020-10-28,True,True,True,-0.007703444696766615,16.2170000000001,0.00850772945871498,1906.149,1891.5215,1906.663,1890.446,0.003226851684300653,240.0,0.33199999999987995,-0.004771671188926284,22.615999999999985,0.011956803035513802,1891.4755,1882.4715,1891.666,1869.05,0.006588828082510934,240.0,0.36400000000003274,0.001581092667527289,6.802999999999884,0.003570375175422238,1905.402,1908.417,1909.08,1902.277,0.0022464290077009387,360.0,0.3350000000000364,10.791499999999928,0.005656287051332228,0.003111948051133211,0.00292986837264993,0.004586540449137522,0.0023071255017843443,0.002947921830795389,0.6304035583561071,-0.46139509585397476,0.5080716777876598,0.6178490732720908,0.09040649318919747,-3.338979475025839,1.0,1.0963258119816717,0.2101654079599726,-5.174987600025717,-0.23442178047352707,0.0,0.0,-0.0,-0.0
2020-10-29,True,True,True,-0.004927674855803866,10.89799999999991,0.005792571922131373,1881.375,1872.127,1882.367,1871.469,0.0033560701874307875,240.0,0.31150000000002365,-0.002234932952542223,16.86700000000019,0.009009336229795595,1872.1689999999999,1867.9895000000001,1876.602,1859.735,0.00690839704762446,240.0,0.3250000000000455,0.0016521135976334221,7.471000000000004,0.003974627501698436,1879.673,1882.781,1883.147,1875.676,0.0025074728588070578,359.0,0.33999999999991815,10.791499999999928,0.005656287051332228,0.002881044491160834,0.001581092667527289,0.004586540449137522,0.0028855481616350954,0.002947921830795389,0.6923041282490898,-0.3677299282232168,0.5734425840011067,0.23345036856870258,0.12967024443709063,-1.7077084074769349,1.0,0.38984385859240217,0.1302877264513699,-5.174987600025717,-0.21087200025486294,0.0,0.0,-0.0,-0.0
2020-10-30,True,True,True,0.004112815746130674,11.150000000000091,0.005957389968610213,1871.625,1879.3384999999998,1880.063,1868.913,0.003770191753210621,240.0,0.3089999999999691,4.9217161156051875e-05,14.888999999999896,0.007922295630020386,1879.3795,1879.472,1889.551,1874.662,0.00591395636057091,240.0,0.3120000000001255,0.000314115311797892,14.019999999999982,0.00750355776749353,1868.447,1869.034,1877.96,1863.94,0.0035407813423639144,360.0,0.3079999999999927,10.496499999999855,0.005466805184163353,0.002847379892018705,0.0016521135976334221,0.004755276112791125,0.0030960803127303522,0.003048817719391519,1.3356833230124494,0.2894430133442165,0.11031731757268043,0.22537769823434184,0.21237198060318782,1.3283943989501001,1.0,0.20035249845187392,0.24684418615728387,-5.209060894574643,0.03193057682228751,0.0,0.0,0.0,0.0
2020-11-02,True,True,True,0.0019288443106615235,9.609000000000151,0.005097445070772288,1885.062,1888.7015000000001,1890.429,1880.82,0.003076654696967868,240.0,0.29899999999997817,0.002457039426229936,9.120000000000118,0.004829046715996783,1888.5715,1893.2175,1894.864,1885.744,0.003985488533189596,240.0,0.2920000000001437,0.003724386218934765,12.221000000000004,0.0065101846487811066,1877.2125,1884.217,1885.493,1873.272,0.00338828062712711,360.0,0.3384999999999536,10.496499999999855,0.005466805184163353,0.0028453121140330413,0.000314115311797892,0.004755276112791125,0.0031793814545096988,0.003048817719391519,1.1642928595246198,0.1521139151936375,1.3089552462684646,0.06948468549334527,0.009088986878920874,0.6066728193075455,1.0,0.4702519887581782,0.08050302481777845,-5.209060894574643,0.19911030732314813,0.0,0.0,0.0,0.0
2020-11-03,True,True,True,0.004493450379520815,11.338999999999942,0.005997167225711151,1890.726,1899.241,1900.701,1889.362,0.0030571802009827353,240.0,0.27149999999994634,0.003384801167570299,9.792000000000144,0.0051532990692275335,1900.142,1906.5845,1908.968,1899.176,0.005252789939261883,240.0,0.27899999999999636,-0.0014813663491993992,7.7970000000000255,0.004114674723274022,1894.925,1892.12,1898.383,1890.586,0.00309390111686021,360.0,0.28350000000000364,10.496499999999855,0.005466805184163353,0.002682712789771975,0.003724386218934765,0.004755276112791125,0.0030949124115945926,0.0030145986847298486,0.7428190349164133,-0.29730282393476015,-0.5521896920338283,0.2320324664958537,0.014026273078473367,1.4518828909945318,1.0,0.22083551660077316,0.1328061734863809,-5.209060894574643,0.16416755478932268,0.0,1.0,-0.0,-0.29730282393476015
2020-11-04,True,True,True,0.005545831249513238,20.192000000000007,0.010673178828075242,1891.845,1902.366,1902.449,1882.257,0.00476230466724421,240.0,0.375,-0.0037221812999167765,15.940000000000055,0.008351023812467677,1908.748,1901.6565,1912.055,1896.115,0.006553195886453932,240.0,0.32900000000017826,-0.009485307470536759,40.03899999999999,0.020912128998258405,1914.6305,1896.5555,1916.259,1876.22,0.01045750665021855,360.0,0.4739999999999327,10.496499999999855,0.005466805184163353,0.0027052702479747476,0.0014813663491993992,0.004755276112791125,0.003243377726640009,0.0030669174489753015,3.814509598437626,1.3388121108479372,-3.506232871794515,0.8084791807790769,0.4400587559767058,1.7098937333020616,0.0,0.0,0.4487686371647669,-5.209060894574643,-4.694187032211639,0.0,1.0,0.0,1.3388121108479372
2020-11-05,True,True,True,0.004260610244768022,11.790000000000191,0.006169087950839951,1911.1415,1919.3015,1920.621,1908.831,0.003569344917587893,240.0,0.30399999999985994,0.009856508002846142,30.930000000000064,0.01604699231736627,1927.464,1946.556,1952.621,1921.691,0.007364353758428917,240.0,0.31500000000005457,0.002472922147340965,10.144000000000005,0.005325212524223709,1904.9005,1909.617,1910.33,1900.186,0.0036361949201879286,360.0,0.3209999999999127,10.496499999999855,0.005466805184163353,0.0035109377963865565,0.009485307470536759,0.004755276112791125,0.0032395648022119066,0.0030669174489753015,0.9664173772209923,-0.03415947056735556,0.704348037691265,0.260296244833691,0.1517091135969168,1.3151798173195877,1.0,0.9804220454437488,0.14523888915352834,-5.209060894574643,-0.024060156062689412,0.0,0.0,-0.0,-0.0
2020-11-06,True,True,True,0.0040264141927965616,14.211999999999989,0.00729639954615696,1947.81,1955.6685,1958.063,1943.851,0.003959367659628919,240.0,0.3204999999999245,0.0012696995409305631,19.351000000000113,0.009925539221293266,1949.6170000000002,1952.094,1960.22,1940.869,0.007206886277650884,240.0,0.3550000000000182,-0.00376489975816311,11.781999999999925,0.006053411517666064,1946.3404999999998,1939.0265,1947.26,1935.478,0.004782781430560004,360.0,0.31199999999989814,10.496499999999855,0.005466805184163353,0.0035431587518739757,0.002472922147340965,0.004984840543584071,0.0033158781853406157,0.0031108737316295383,1.1224693945600999,0.11553107483726305,-1.0625828594814883,0.3809795979723884,0.24118070122368493,1.2142829041782057,1.0,1.0292002095936987,0.8368027437717453,-5.209060894574643,-0.12276133985954879,0.0,0.0,0.0,0.0
2020-11-09,True,True,True,-0.009501460955447422,28.424999999999955,0.014524626971299723,1957.021,1938.5145,1963.124,1934.699,0.007487286468214163,240.0,0.29149999999992815,-0.028105370217829963,63.12799999999993,0.033023178684963087,1911.627,1858.6480000000001,1911.502,1848.374,0.013442604363820283,240.0,0.42349999999999,0.0016877606698116267,12.893000000000029,0.006582642206106714,1958.636,1961.9445,1965.411,1952.518,0.003408804634451643,360.0,0.30750000000000455,10.496499999999855,0.005466805184163353,0.0032914985727348174,0.00376489975816311,0.004984840543584071,0.003296395803006033,0.0031108737316295383,1.2283141999714386,0.20564266016647648,0.51276360372513,1.0694442049126838,0.878302815219104,-2.882378671512352,1.0,1.6976134902110422,0.4690611156099816,-5.209060894574643,0.10544607150658471,0.0,0.0,0.0,0.0
2020-11-10,True,True,True,-0.0036088826511878223,22.999000000000024,0.012198336604928037,1885.421,1878.629,1890.157,1867.158,0.0065714819030080725,240.0,0.3300000000000409,0.0006049389889834224,11.670000000000073,0.006205425094218013,1880.6125,1881.7505,1885.199,1873.529,0.00565131229901103,240.0,0.31100000000003547,0.005619752115469285,17.42899999999986,0.009315035693651816,1871.061,1881.6055000000001,1884.831,1867.402,0.005303011898062332,360.0,0.32799999999997453,11.075999999999908,0.005740272914255768,0.0033121973797316526,0.0016877606698116267,0.005292255431430895,0.003958625349210993,0.003114516214705292,1.5735825207656198,0.4533548802308294,1.6966839445795907,0.8350550860311563,0.7466655311789598,-0.9116504677329773,1.0,0.48085951607078964,0.3444835680751138,-5.160248523743348,0.7691999464844516,0.0,0.0,0.0,0.0
2020-11-11,True,True,True,0.00018755003498269294,12.024000000000115,0.006407139505817987,1876.6565,1877.0085,1881.834,1869.81,0.0038624508912246305,240.0,0.3185000000000855,-0.0033373585505946522,17.2170000000001,0.009202458906427022,1870.913,1864.6795,1873.41,1856.193,0.006822952801097856,240.0,0.3044999999999618,0.0028013458386112206,6.8559999999999945,0.0036529826342128757,1876.8225,1882.0875,1883.188,1876.332,0.0033991657366585688,360.0,0.3149999999999409,11.075999999999908,0.005740272914255768,0.0033214979538448747,0.005619752115469285,0.0054450084964518305,0.004047636604837392,0.003173666684031107,0.6189960274467363,-0.4796564240132292,0.8433983333840263,0.16271359959135162,0.19641432579012935,0.046335690006990504,1.0,0.5888407367280801,0.4903394727338466,-5.160248523743348,-0.4045414286096994,0.0,0.0,-0.0,-0.0
2020-11-12,True,True,True,0.0009450833507939826,9.749000000000024,0.0052167361500176975,1868.7930000000001,1870.56,1872.855,1863.106,0.0035014404814881868,240.0,0.2939999999999827,0.005126776095592874,16.161000000000058,0.008638820489094864,1870.7415,1880.357,1883.641,1867.48,0.005418366163616605,240.0,0.2965000000000373,0.0023834467812688114,9.935999999999922,0.005325734941773853,1865.658,1870.11,1872.532,1862.596,0.0037756609114917845,360.0,0.3089999999999691,10.256999999999948,0.00537617341753459,0.0033628623401718376,0.0028013458386112206,0.005874980945370793,0.004046675449855651,0.0031896147083716846,0.9687042995027758,-0.03179587413415384,0.708755381627373,-0.11883086896226218,0.0932743215373124,0.23354562591069536,1.0,0.031490689285375295,0.12840011699325207,-5.225778418555629,-0.022535496906128123,0.0,0.0,-0.0,-0.0
2020-11-13,True,True,True,0.00022377915724934477,5.195999999999913,0.0027654854009673945,1878.8745,1879.295,1880.874,1875.678,0.002835560450208532,240.0,0.5164999999999509,0.002791035661906692,11.007000000000062,0.005836433513334696,1885.9119999999998,1891.183,1896.731,1885.724,0.004354708587728132,240.0,0.31500000000005457,0.0019511738924221722,7.874000000000024,0.004197200178570251,1876.0124999999998,1879.6765,1881.834,1873.96,0.002634557855539342,360.0,0.47850000000005366,10.039999999999964,0.0053254737329987804,0.0033887134707165497,0.0023834467812688114,0.005504654036074535,0.0040408946751438,0.0031896147083716846,0.7842629482071765,-0.24301092174203082,0.5757860348132628,-0.6883777513462566,-0.11766052111782435,0.05537861667760032,0.0,0.0,0.0798804780876631,-5.2352536074002725,-0.13992229504616005,0.0,0.0,-0.0,-0.0
2020-11-16,True,True,True,-0.011694124195613567,32.837999999999965,0.01735972341167886,1891.62,1869.628,1895.11,1862.272,0.010485237820812097,240.0,0.3105000000000473,0.009931107401652,24.060999999999922,0.012821636651730875,1876.5935,1895.3229999999999,1895.762,1871.701,0.005173296550048069,240.0,0.3849999999999909,0.0007507817470696848,11.45900000000006,0.006060872122421292,1890.652,1892.072,1898.986,1887.527,0.003552348084184959,360.0,0.3209999999999127,10.039999999999964,0.0053254737329987804,0.0033954874691240894,0.0019511738924221722,0.005504654036074535,0.004037537658865712,0.0031896147083716846,1.1413346613545918,0.13219833318073693,0.22111162355823943,1.1485588537982352,1.1900682176732407,-2.8963504946970238,1.0,2.5154382470119723,0.04501992031872508,-5.2352536074002725,0.029230588081285817,0.0,0.0,0.0,0.0
2020-11-17,True,True,True,0.0007873012143494678,8.48700000000008,0.004496775244688038,1887.3525,1888.839,1892.604,1884.117,0.0031542187083870308,240.0,0.30700000000001637,-0.0005754440865455722,8.871000000000095,0.0047013321235967,1886.9119999999998,1885.8265,1893.354,1884.483,0.0033267530822081257,240.0,0.3184999999999718,-0.001575121825668827,7.7719999999999345,0.00411235861121646,1889.913,1886.9385,1892.367,1884.595,0.0026425166237279943,359.0,0.31500000000005457,10.039999999999964,0.0053254737329987804,0.0033166610199154307,0.0007507817470696848,0.005874980945370793,0.0048166397940397985,0.0032914609358657204,0.7741035856573668,-0.2560495827483943,-0.4749119117723372,-0.26734228908841673,-0.04259069035348156,0.16345445123874308,1.0,0.047609561752994745,0.04123505976095505,-5.2352536074002725,0.12160099685154918,0.0,0.0,-0.0,-0.0
2020-11-18,True,True,True,-0.005699092641487897,17.042000000000144,0.009052879290516121,1882.495,1871.797,1884.556,1867.514,0.0038947016823243585,240.0,0.32650000000001,0.005201690769941004,15.79600000000005,0.008444897923178506,1870.4785000000002,1880.2335,1884.675,1868.879,0.0035514824526770346,240.0,0.3205000000000382,-0.0015359693944144534,7.5069999999998345,0.003987427413496985,1882.6675,1879.778,1883.11,1875.603,0.003132343091208187,358.0,0.3309999999999036,10.039999999999964,0.0053254737329987804,0.003339939932395307,0.001575121825668827,0.005874980945370793,0.004795577102050099,0.0032914609358657204,0.7477091633465998,-0.29074119567273626,-0.4598793467860068,0.43238004407606373,0.16828556681631932,-1.1884060083303731,1.0,0.8056772908366732,0.2706175298804662,-5.2352536074002725,0.13370587114976054,0.0,0.0,-0.0,-0.0
2020-11-19,True,True,True,-0.0006250007750959592,10.551999999999907,0.0056616124220669325,1863.78,1862.6154999999999,1865.491,1854.939,0.004820506012168224,240.0,0.34749999999996817,-0.0017245524065380065,11.168999999999869,0.005995304241963516,1862.958,1859.748,1863.744,1852.575,0.005552904788594643,240.0,0.33100000000013097,-0.004756933653947819,15.057000000000016,0.008045835130113619,1871.403,1862.522,1872.626,1857.569,0.0035970940655058736,359.0,0.33600000000001273,9.236499999999978,0.004906533831904399,0.0033176031961228685,0.0015359693944144534,0.005977278597160682,0.004936087110700307,0.0034287553344594874,1.6301629405077738,0.48867997332435475,-1.4338464767296555,-0.05425664842524268,0.3406815852584963,-0.126618668001442,1.0,0.2847398906512086,0.13619877659286972,-5.317187527018071,-0.7006920579994681,0.0,0.0,0.0,0.0
2020-11-20,True,True,True,-3.0544495830682906e-05,6.040000000000191,0.0032365953910132453,1866.1585,1866.1015,1869.333,1863.293,0.003276475002743456,240.0,0.35550000000000637,0.002939864878337785,14.111000000000104,0.007557157328490581,1867.2365,1872.734,1879.63,1865.519,0.0046665232693034004,240.0,0.33400000000006,0.003118675259186189,8.05099999999993,0.004320901684325115,1863.2685,1869.0885,1869.214,1861.163,0.0035031824923220083,359.0,0.3320000000001073,9.236499999999978,0.004906533831904399,0.0034015061578800093,0.004756933653947819,0.005977278597160682,0.004935642771094188,0.00353539269953804,0.8716505169707086,-0.13736671869871753,0.9168512754155662,-0.6134434082149931,-0.07605623194430416,-0.006188554813887283,1.0,0.01288366805609724,0.3172197260867288,-5.317187527018071,-0.12594485123857047,0.0,0.0,-0.0,-0.0
2020-11-23,True,True,True,-0.004547931771178788,11.726999999999862,0.006254775286517118,1874.8874999999998,1866.38,1875.118,1863.391,0.0035334149723363576,240.0,0.33600000000001273,-0.015853922677844353,39.677000000000135,0.02123393587219722,1868.5655000000002,1839.175,1868.95,1829.273,0.009672394880262612,240.0,0.37800000000004275,0.0008497226232478327,5.473999999999933,0.00292388211851654,1872.1685,1873.7600000000002,1875.854,1870.38,0.0027012720170456347,359.0,0.30600000000004,9.236499999999978,0.004906533831904399,0.003461336568758535,0.003118675259186189,0.005977278597160682,0.004893746113710066,0.00353539269953804,0.5926487305797592,-0.5231534153980776,0.24548974258016165,0.04537983756310563,-0.0005595645956405615,-0.92933545498765,1.0,0.7566718995290477,0.12207004817837952,-5.317187527018071,-0.12842879727600645,0.0,0.0,-0.0,-0.0
2020-11-24,True,True,True,-0.009545277510351386,25.076999999999998,0.01372044799229637,1827.71,1810.347,1830.663,1805.586,0.005730761149843787,240.0,0.36099999999999,-0.0038087630885680693,12.736999999999853,0.00703573770292574,1810.329,1803.4470000000001,1812.695,1799.958,0.005427054262264995,240.0,0.375,-0.0049798974235286675,14.999000000000024,0.008170611564746485,1835.7255,1826.6064999999999,1836.222,1821.223,0.005408776818404581,360.0,0.34950000000003456,9.236499999999978,0.004906533831904399,0.0034505371739287885,0.0008497226232478327,0.0060831275882755505,0.004919802408432606,0.0035513799449621254,1.623883505656911,0.4848205061966713,-1.4432238148759158,0.813368304581338,0.4785121129813839,-1.9401749740986862,1.0,1.6929572890164002,0.11947166134360093,-5.317187527018071,-0.6997045004832325,0.0,0.0,0.0,0.0
2020-11-25,True,True,True,0.0013857085450391074,8.59199999999987,0.0047467174338555376,1810.0929999999998,1812.603,1815.032,1806.44,0.004025294389116045,240.0,0.34600000000000364,-0.0017905315275811395,7.744000000000142,0.004270490108223695,1813.375,1810.1309999999999,1817.544,1809.8,0.004464771217509645,240.0,0.3269999999999982,-0.002748566703815707,10.468000000000075,0.005785842042311636,1809.2440000000001,1804.278,1812.02,1801.552,0.004417963327507747,360.0,0.3714999999999691,10.039999999999964,0.0053254737329987804,0.0036027157268508792,0.0049798974235286675,0.006211931618678534,0.005264995477612013,0.0036697683353992573,1.0426294820717243,0.04174587040432703,-0.7629152317877212,-0.26901858469288553,0.09246951214429945,0.26319273225047635,1.0,0.2999999999999955,0.5791832669322559,-5.2352536074002725,-0.03184856039569733,0.0,0.0,0.0,0.0
2020-11-26,True,True,True,-0.0004339458098717841,6.921999999999798,0.003813487305224592,1815.1365,1814.3490000000002,1817.822,1810.9,0.002598691696317697,240.0,0.3369999999999891,-0.002522416207301365,9.655999999999949,0.005325253536887114,1813.247,1808.679,1815.147,1805.491,0.003014759546967095,239.0,0.3410000000001219,0.000103955535877799,5.942000000000007,0.003285829266829303,1808.3715,1808.5594999999998,1812.605,1806.663,0.003268492369356276,353.0,0.3770000000001801,10.30600000000004,0.005555788492042744,0.003636829215331155,0.002748566703815707,0.0060831275882755505,0.00509718256239558,0.003816321322217626,0.5765573452357834,-0.5506804728656194,0.028584112621943183,-0.466974895970441,-0.38427882931749885,-0.08513444526653126,1.0,0.506209974771963,0.6381719386765186,-5.192914923201494,-0.01574071265509579,0.0,0.0,-0.0,-0.0
2020-11-27,True,True,True,-0.0021170372935277243,6.05600000000004,0.0033456678131950795,1810.102,1806.274,1811.368,1805.312,0.0023427875915305214,240.0,0.30599999999992633,-0.01217290333238292,32.769000000000005,0.018138291394980688,1806.62,1784.7615,1806.97,1774.201,0.010742005748986108,240.0,0.3500000000001364,0.0005000668701888541,12.749000000000024,0.0070463501050541345,1809.3055,1810.2105,1813.709,1800.96,0.003187813478112275,359.0,0.3589999999999236,10.30600000000004,0.005555788492042744,0.003612848121779572,0.000103955535877799,0.0060831275882755505,0.005018670290355559,0.003816321322217626,1.2370463807490757,0.21272658724995064,0.1384134769392236,-0.5978526508289919,-0.48794545518418964,-0.4218323123549401,0.0,0.0,0.010527847855600748,-5.192914923201494,0.029444226578680777,0.0,0.0,0.0,0.0
2020-11-30,True,True,True,-0.0052818929410160965,17.840000000000146,0.01001551169215559,1781.237,1771.8535000000002,1782.094,1764.254,0.004932060506964226,240.0,0.34000000000003183,0.007274396035888032,15.732999999999947,0.008894982332155446,1768.75,1781.6635,1782.514,1766.781,0.007293852927422079,240.0,0.32600000000002183,-0.009055877317621315,23.37000000000012,0.013079244157364025,1786.8005,1770.6925,1787.351,1763.981,0.007014147776537958,360.0,0.34950000000003456,10.30600000000004,0.005555788492042744,0.0036145541868937334,0.0005000668701888541,0.0060831275882755505,0.004883364954033705,0.003715897904406262,2.2676111003299075,0.8187268986447352,-2.505392601515744,0.4986160907062388,0.28313650748826197,-1.08160929824694,0.0,0.0,1.0231418591111905,-5.192914923201494,-2.05123231452645,0.0,0.0,0.0,0.0
2020-12-01,True,True,True,0.008641380349706032,20.7349999999999,0.011576791366789935,1791.0835,1806.6280000000002,1809.984,1789.249,0.004203685049686132,240.0,0.3470000000000937,0.001233289575191291,10.239000000000033,0.00566230873324992,1808.273,1810.5045,1815.103,1804.864,0.005450140241170385,240.0,0.34699999999998,0.004638374341447921,11.480000000000018,0.00645332469891981,1778.9279999999999,1787.1985,1788.203,1776.723,0.0037036816598603607,358.0,0.35000000000002274,10.30600000000004,0.005555788492042744,0.003990968367919448,0.009055877317621315,0.006211931618678534,0.004906262145028391,0.0038785762867744947,1.1139142247234595,0.10788014098538551,1.1622177661773792,0.6225304524215086,0.08049338348846113,1.761296093496045,1.0,2.113429070444388,0.37696487483019364,-5.192914923201494,0.12538021647093547,0.0,0.0,0.0,0.0
2020-12-02,True,True,True,0.00547672257250103,18.54300000000012,0.01021245238470931,1815.7245,1825.696,1832.315,1813.772,0.004954220089788329,240.0,0.34149999999999636,0.003492100681003161,16.87799999999993,0.009271053910865351,1820.505,1826.8735,1829.452,1812.574,0.00644608956882873,240.0,0.31799999999998363,-0.0007408543966357593,8.223999999999933,0.004540089587273579,1811.4180000000001,1810.0765000000001,1815.412,1807.188,0.0036774724504535037,357.0,0.35999999999989996,10.963500000000067,0.00591962677998885,0.0041711297222942435,0.004638374341447921,0.006330957396167553,0.0052512284817286935,0.003927034670976639,0.7501254161535899,-0.28751486489362404,-0.17761480605025817,0.4781563255841057,0.23235515233552786,1.0429412072921467,1.0,1.5417521776804777,0.5151639531171502,-5.129481875994377,0.05106689696464722,0.0,0.0,-0.0,-0.0
2020-12-03,True,True,True,3.4732972638599624e-05,8.733999999999924,0.004740047677259914,1842.5975,1842.6615000000002,1843.416,1834.682,0.003251353197758562,240.0,0.3240000000000691,-0.0037902060557609314,19.576000000000022,0.010631157066982384,1841.38,1834.414,1843.19,1823.614,0.006404671969772272,240.0,0.33299999999997,0.0020099472795275875,11.138000000000147,0.006083699203733543,1830.7939999999999,1834.4775,1837.228,1826.09,0.003975671895132755,360.0,0.375,10.30600000000004,0.005555788492042744,0.0036052818014575046,0.0007408543966357593,0.006330957396167553,0.005246469795450989,0.003927034670976639,1.0807296720357173,0.07763643526145358,0.5575007420266087,-0.28940427798913,-0.18881332620254035,0.006620255904020498,1.0,0.600426935765559,0.7878905491946523,-5.192914923201494,0.04328237026656114,0.0,0.0,0.0,0.0
2020-12-04,True,True,True,0.000907510464631946,6.514999999999873,0.003540924444879178,1839.915,1841.5855000000001,1844.214,1837.699,0.0037047073638573724,240.0,0.34699999999998,-0.0044842386212454385,19.03800000000001,0.010337982746678973,1841.5585,1833.319,1847.971,1828.933,0.006521775467817398,240.0,0.35400000000004184,-0.000691013830646848,6.741999999999962,0.003664206108604396,1839.962,1838.691,1844.624,1837.882,0.0030977379086306934,359.0,0.4099999999998545,10.803000000000111,0.00591962677998885,0.003589248143300008,0.0020099472795275875,0.006330957396167553,0.005091093553969577,0.003927034670976639,0.6240859020642314,-0.4714672565229949,-0.192523281494692,-0.5810636364640609,-0.0582803329133836,0.17825452528255956,1.0,0.016939738961398762,0.11330186059427197,-5.129481875994377,0.09076842334310671,0.0,0.0,-0.0,-0.0
2020-12-07,True,True,True,-0.004115454250190509,17.365999999999985,0.00944788930855932,1838.0825,1830.5335,1838.655,1821.289,0.005671314859109861,240.0,0.3384999999999536,0.016576932004732002,38.11299999999983,0.020784049402266937,1833.7620000000002,1864.4135,1868.379,1830.266,0.006533178244662281,240.0,0.3605000000000018,0.003569672698874705,7.4809999999999945,0.004075630984601838,1835.5439999999999,1842.1080000000002,1842.109,1834.628,0.002935255010402527,360.0,0.34449999999981173,10.201999999999998,0.005555788492042744,0.003490175208043216,0.000691013830646848,0.005958193854292025,0.004956678587621493,0.0038785762867744947,0.7332875906684959,-0.3102173066104676,1.0227775071716412,0.46102397239882176,0.37995283850659706,-0.8302846709625663,1.0,1.3074887277004454,0.3945794942168392,-5.192914923201494,-0.3172832835365547,0.0,0.0,-0.0,-0.0
2020-12-08,False,True,True,-0.0021055590949775656,6.904999999999973,0.0037016923783735247,1865.3629999999998,1861.4395,1867.08,1860.175,0.003249150764402524,240.0,0.3269999999999982,0.0019875974506258754,13.811999999999898,0.007403016305716862,1865.726,1869.438,1875.145,1861.333,0.007223639293745711,240.0,0.33799999999996544,,,,,,,,,,,,,,,0.005958193854292025,0.004648670423431403,0.0038785762867744947,,,,-0.47597727593279604,-0.17707449096398398,-0.4529379162619476,,,,,,,,,
2020-12-09,True,True,True,-0.003384557225039496,14.677000000000135,0.007890402062676003,1860.108,1853.823,1866.094,1851.417,0.004367486360203956,240.0,0.32600000000002183,-0.007558983512382342,26.72699999999986,0.014392684916679381,1856.9850000000001,1843.001,1864.043,1837.316,0.00875085849851507,240.0,0.3269999999999982,-0.005927405906234014,15.071999999999889,0.008058772577074786,1870.26,1859.207,1870.418,1855.346,0.003557411621074319,360.0,0.32599999999990814,9.079999999999927,0.0049329122645237165,0.003562227543957542,0.003569672698874705,0.005439174286042315,0.004624107484088376,0.0037835791275410017,1.6599118942731288,0.506764525220806,-1.6639604946877764,0.3720198283802539,0.14351721921880015,-0.7319374034201862,1.0,0.4327092511013347,0.09922907488985101,-5.3118257423085815,-0.8432361500766284,0.0,0.0,0.0,0.0
2020-12-10,True,True,True,-0.0013137255696960798,10.02299999999991,0.005454435626721299,1837.587,1835.1745,1838.54,1828.517,0.004485519902839635,240.0,0.3330000000000837,0.0006568597089430043,18.629000000000133,0.010145594095088944,1836.1664999999998,1837.373,1849.845,1831.216,0.006251685768779144,240.0,0.3664999999999736,0.0027341657017027933,8.136999999999944,0.004435709066110678,1834.4305,1839.453,1842.327,1834.19,0.003481980500180418,360.0,0.3229999999999791,9.079999999999927,0.0049329122645237165,0.003558093350365208,0.005927405906234014,0.005439174286042315,0.004629345147144653,0.0037997045230908654,0.8961453744493402,-0.10965263089868063,0.7684356289927454,0.0028018904266642474,0.1659311025303446,-0.2837821609620912,1.0,0.6247797356828246,0.20550660792951547,-5.3118257423085815,-0.08426098839533701,0.0,0.0,-0.0,-0.0
2020-12-11,True,True,True,-0.0005579146028203397,15.900000000000091,0.008668981484636733,1834.1255,1833.1025,1839.472,1823.572,0.004564032601249311,240.0,0.33600000000001273,0.004235342424962305,15.914999999999964,0.008674511244570235,1834.6855,1842.4724999999999,1847.57,1831.655,0.004801681773826063,240.0,0.33100000000013097,-0.00109379432485049,6.439000000000078,0.003505523554216566,1836.8155,1834.8075,1840.596,1834.157,0.0027701638780264336,360.0,0.3269999999999982,9.079999999999927,0.0049329122645237165,0.0035548760158886092,0.0027341657017027933,0.005558024024394115,0.004592447548874957,0.003959998035720202,0.7091409691630098,-0.3437009440571354,-0.30768845944605333,0.44450865427116415,0.14196304586917746,-0.1214852422118606,1.0,1.1657488986784275,0.07511013215856767,-5.3118257423085815,0.10575281398709416,0.0,0.0,-0.0,-0.0
2020-12-14,True,True,True,-0.0031766615359144538,16.70399999999995,0.00911149057472917,1833.2894999999999,1827.475,1834.01,1817.306,0.005594016896103654,240.0,0.32949999999993906,0.0009075131858774043,16.96199999999999,0.009299653113399073,1823.9389999999999,1825.5949999999998,1838.91,1821.948,0.0056976551378172926,240.0,0.3344999999999345,-0.0019286188502424145,5.138999999999896,0.00279588337591895,1838.0594999999998,1834.518,1837.956,1832.817,0.0023641148451696205,356.0,0.2999999999999545,8.180499999999938,0.004487899326692128,0.003492454651699228,0.00109379432485049,0.005958193854292025,0.004578771408163542,0.004114489719401089,0.6282012101949679,-0.46489476543091435,-0.5522244503029007,0.42476892693855073,0.30718279373874763,-0.6937803294243405,1.0,1.8960943707597437,0.15017419473139498,-5.406370542677299,0.25672625628878265,0.0,0.0,-0.0,-0.0
2020-12-15,True,True,True,0.0014253237418813264,7.6720000000000255,0.004163165481758083,1842.8285,1845.4569999999999,1847.369,1839.697,0.003116995666481652,240.0,0.3170000000000073,0.0033634533627859373,12.354000000000042,0.006702964898145231,1843.065,1849.2745,1855.224,1842.87,0.005269276966253128,240.0,0.37350000000003547,0.006091192223517341,15.403999999999996,0.008429095921459035,1827.4795,1838.645,1840.79,1825.386,0.003123187443159942,358.0,0.34799999999995634,8.180499999999938,0.004487899326692128,0.0034481929370667754,0.0019286188502424145,0.005958193854292025,0.0039549751184496,0.004114489719401089,1.8830144856671491,0.6328739425116756,1.7664882257716263,-0.35849167254282094,-0.2776452109347334,0.36038753701188164,1.0,0.8042295703196627,0.5113990587372564,-5.406370542677299,1.1179643678445441,0.0,1.0,0.0,0.6328739425116756
2020-12-16,True,True,True,0.004314686668529429,12.365000000000009,0.006668291720101089,1854.298,1862.316,1865.392,1853.027,0.0036806337067561497,240.0,0.37649999999996453,-0.001690816941680824,10.461999999999989,0.005631473813000829,1857.7730000000001,1854.6345000000001,1859.572,1849.11,0.005476704044886741,240.0,0.3829999999999245,0.0016372545736557749,7.339999999999918,0.003962211086525685,1852.501,1855.5365000000002,1858.205,1850.865,0.002859242284227853,356.0,0.3329999999998563,8.180499999999938,0.004487899326692128,0.003769499726448566,0.006091192223517341,0.005958193854292025,0.003975092739503899,0.004114489719401089,0.8972556689688862,-0.1084144308145736,0.4343426694444449,0.11259632262879149,-0.11142988115548101,1.0854304418235818,1.0,0.8785526557056634,0.15139661389892642,-5.406370542677299,-0.04708901328630198,0.0,0.0,-0.0,-0.0
2020-12-17,True,True,True,0.0026431043560650527,11.396000000000186,0.006078326998631462,1874.8580000000002,1879.8200000000002,1883.006,1871.61,0.0042442754181664395,240.0,0.359000000000151,0.0007330499131283153,24.19899999999984,0.012849803222619478,1883.2195,1884.6005,1896.09,1871.891,0.005917544244623066,240.0,0.36000000000001364,0.0027125590848231817,8.400000000000091,0.004505168876791725,1864.525,1869.5895,1870.307,1861.907,0.0026209041862253818,359.0,0.3500000000001364,8.180499999999938,0.004487899326692128,0.003792825935088127,0.0016372545736557749,0.005958193854292025,0.004016064524457028,0.004114489719401089,1.0268321007273582,0.02647843240829203,0.715181537789225,0.019962102846455842,0.031056293104309903,0.6581329408352573,1.0,1.5523501008496015,0.6440315384145432,-5.406370542677299,0.018936886008010346,0.0,0.0,0.0,0.0
2020-12-18,True,True,True,0.0018118612517016794,6.792999999999893,0.0036115890912251317,1880.8895,1884.3004999999998,1884.126,1877.333,0.002996208407138196,240.0,0.3564999999999827,-0.0004947572414734545,12.038000000000011,0.006385431159821969,1885.229,1884.2965,1889.45,1877.412,0.006384230717054754,240.0,0.41449999999997544,-0.0005283280875635379,8.370999999999867,0.0044436847494713425,1883.797,1882.8020000000001,1886.668,1878.297,0.0027887344212190915,359.0,0.3769999999999527,8.312000000000012,0.004522629232032652,0.0038450762772472267,0.0027125590848231817,0.00616655114257429,0.004087377067518776,0.004114489719401089,1.007098171318558,0.007073097880975684,-0.1374037989024705,-0.5349918426400407,-0.3171671964031768,0.44328213956574397,1.0,0.11597690086621035,0.2300890279114694,-5.398661765750377,-0.0009718705188550732,0.0,0.0,0.0,0.0
2020-12-21,True,True,True,-0.008415662351476443,45.055000000000064,0.023783607443522214,1894.372,1878.4965,1898.923,1853.868,0.010945588890834398,240.0,0.5350000000000819,0.0003693955929682214,15.13799999999992,0.008053194279455056,1879.751,1880.4455,1885.518,1870.38,0.007125928486651881,240.0,0.46649999999999636,0.010378027613322452,19.989000000000033,0.01061446996151201,1883.184,1902.8295,1902.858,1882.869,0.004992828908757534,360.0,0.49500000000000455,8.2974999999999,0.0044744268131315336,0.003694502999241508,0.0005283280875635379,0.00616655114257429,0.004121248911944753,0.004114489719401089,2.409038867128686,0.8792278576365308,2.8090456593087327,1.3498568708899983,0.9784217126466129,-2.042017488214567,1.0,3.495149141307662,1.019282916541137,-5.409377021910142,2.469791197037213,0.0,0.0,0.0,0.0
2020-12-22,True,True,True,0.0017780694983135525,6.679999999999836,0.0035737471889508276,1869.1865,1872.513,1874.83,1868.15,0.003077435150603168,240.0,0.43200000000001637,-0.004169161830421168,20.791999999999916,0.0111017404135227,1872.8595,1865.0675,1881.317,1860.525,0.005102079546416608,240.0,0.4169999999999163,-0.0016068174684098309,9.811999999999898,0.0052215555733533025,1879.1335,1876.1165,1884.147,1874.335,0.003458188331795887,359.0,0.40399999999999636,8.385499999999979,0.004522629232032652,0.004319376251354433,0.010378027613322452,0.006373309359366275,0.004402491953728827,0.004223980233926286,1.1701150796016841,0.15710210260668955,-0.37200220006441415,-0.5785041792707752,-0.31668136017330223,0.40387796661560305,1.0,0.7375827320970677,0.8264265696738514,-5.398661765750377,-0.05844232780443385,0.0,0.0,0.0,0.0
2020-12-23,True,True,True,-0.0008548417656524005,8.999000000000024,0.004820961728024699,1866.6399999999999,1865.045,1872.199,1863.2,0.0025234685483550823,240.0,0.42200000000002547,0.007105259238104848,17.288999999999987,0.00928874905710251,1861.284,1874.556,1878.355,1861.066,0.005315608504034542,240.0,0.45650000000011914,0.0011621425897358024,6.373999999999796,0.0034187282373864245,1864.4360000000001,1866.604,1867.725,1861.351,0.0036889249466344367,360.0,0.48050000000000637,9.105999999999995,0.004880822580313441,0.004340089950444004,0.0016068174684098309,0.0057663813126763806,0.003903634128593784,0.004114489719401089,0.6999780364594553,-0.356706320917477,0.26776924050085915,-0.17907129146521772,-0.4888804582145132,-0.218986138939292,1.0,0.4913244014935386,0.0039534372940732325,-5.322441511782341,-0.09551498063392855,0.0,0.0,-0.0,-0.0
2020-12-24,True,True,True,-0.00011803731405012505,9.47199999999998,0.005047329370213499,1876.636,1876.4144999999999,1880.452,1870.98,0.003964731584292009,240.0,0.4359999999999218,0.002289085275256614,10.210000000000036,0.005446538833928595,1874.585,1878.881,1879.544,1869.334,0.0030833109318408923,240.0,0.42050000000006094,0.0016739664834104324,8.047000000000025,0.004296952698544513,1872.7224999999999,1875.8600000000001,1879.644,1871.597,0.0027001618293587774,358.0,0.44299999999998363,8.385499999999979,0.004522629232032652,0.004164004287328409,0.0011621425897358024,0.0057663813126763806,0.0038901494601262182,0.003954196206771753,0.9596326993023726,-0.04120467262554397,0.40200882801790666,-0.1331854624384955,0.002660810658720927,-0.030342616719485956,1.0,0.09635680639198554,0.09254069524773023,-5.398661765750377,-0.016564642151056453,0.0,0.0,-0.0,-0.0
2020-12-25,False,False,False,,,,,,,,,,,,,,,,,,,,,,,,,,,,,,,,,,,,,,,,,,,,,,,,,,,,
2020-12-28,True,True,True,-0.00656811742829456,17.50499999999988,0.009285216058305047,1885.255,1872.913,1886.302,1868.797,0.0037786745073622855,240.0,0.4290000000000873,0.001693937651106323,20.585000000000036,0.01096943479034713,1876.578,1879.7595000000001,1896.344,1875.759,0.005808611661185524,240.0,0.4054999999999609,0.0010106342384419912,14.446999999999889,0.007650177155587081,1888.453,1890.3625000000002,1900.01,1885.563,0.005233779702661879,360.0,0.5489999999999782,8.2974999999999,0.0044744268131315336,0.004095883414402023,0.0016739664834104324,0.0057663813126763806,0.003889945597789886,0.004084208316989071,1.7411268454353797,0.554532515935256,0.2467438977604636,0.47637873588100693,-0.07775461837105277,-1.688485677544258,1.0,2.020608617053363,0.6155468514612997,-5.409377021910142,0.13682751441678145,0.0,0.0,0.0,0.0
2020-12-29,True,True,True,-0.0013254708426005683,9.308999999999969,0.0049520619760477285,1879.8229999999999,1877.333,1883.379,1874.07,0.003832962380277866,240.0,0.3524999999999636,0.0012733923016981026,14.72199999999998,0.007837402381831398,1878.4285,1880.8220000000001,1886.287,1871.565,0.004996862872741711,240.0,0.3729999999999336,0.00011215165899618681,7.6159999999999854,0.004057933176773973,1876.8175,1877.0279999999998,1882.596,1874.98,0.004007372088934487,360.0,0.4194999999999709,8.385499999999979,0.004522629232032652,0.004093001147923446,0.0010106342384419912,0.006373309359366275,0.0041244301517986085,0.004084208316989071,0.9082344523284246,-0.09625272630048064,0.027400837415617666,-0.2523148066814095,-0.0634899354229434,-0.3213706606287291,1.0,0.10852066066425188,0.3333134577544666,-5.398661765750377,-0.0026374053041694164,0.0,0.0,-0.0,-0.0
2020-12-30,True,True,True,-0.00017512230661131272,3.941000000000031,0.0020975580028544196,1878.8515,1878.5225,1881.09,1877.149,0.0023445094833581363,240.0,0.3769999999999527,0.003477766737052843,11.95699999999988,0.006358731476412084,1880.4065,1886.9575,1887.898,1875.941,0.0038439671480935394,240.0,0.35550000000000637,0.0015987107353972148,8.401999999999816,0.004472092667380691,1878.7625,1881.7685000000001,1885.994,1877.592,0.0029752238096024393,358.0,0.4010000000000673,8.2974999999999,0.0044744268131315336,0.0040955515909814255,0.00011215165899618681,0.0057663813126763806,0.0039721953406764805,0.0038988469822849375,1.0125941548659136,0.012515508135187987,0.3903529719702817,-1.0112709159559932,-0.5086046593781217,-0.04408703288531845,1.0,0.053389575173271024,0.35155167219044037,-5.409377021910142,0.0048854657962888685,0.0,0.0,0.0,0.0
2020-12-31,True,True,True,0.0006688824802678924,5.538999999999987,0.002926316162072157,1892.8235,1894.0900000000001,1895.887,1890.348,0.0026667919631722364,240.0,0.4035000000000082,0.0009712141717957613,8.557000000000016,0.004517640152038108,1894.1305,1895.971,1900.224,1891.667,0.004525828677434348,240.0,0.41850000000010823,-0.0025716730606769895,14.451999999999998,0.007625695088808585,1895.1715,1890.304,1899.61,1885.158,0.003856218438590235,359.0,0.40599999999994907,8.2974999999999,0.004457888708426017,0.0033744648118525108,0.0015987107353972148,0.005250882498467399,0.0033790116172738053,0.003805818443820076,1.741729436577303,0.5548785486734131,-0.7620980523027575,-0.584651808006427,-0.35565482701649753,0.19795211027050222,0.0,0.0,0.303645676408546,-5.413080008792613,-0.422871861208589,0.0,1.0,0.0,0.5548785486734131
2021-01-01,False,False,False,,,,,,,,,,,,,,,,,,,,,,,,,,,,,,,,,,,,,,,,,,,,,,,,,,,,
2021-01-04,True,True,True,0.004518010304645516,11.935000000000173,0.006200246399402456,1924.9234999999999,1933.6399999999999,1936.42,1924.485,0.0043288290060480355,240.0,0.35350000000005366,0.004145199534284539,15.258000000000038,0.007897168085255068,1932.085,1940.1105,1944.324,1929.066,0.0068738635583756496,240.0,0.3805000000000973,0.004487327506652787,15.580999999999904,0.008143896233140867,1913.212,1921.8165,1925.194,1909.613,0.0040920353390605565,359.0,0.42600000000015825,8.2974999999999,0.004457888708426017,0.003388716136513565,0.0025716730606769895,0.004999695673130614,0.0030748375050445947,0.003741690935609829,1.8777945164206196,0.6300979586232307,1.3241969306020165,0.2152119878926146,0.14575943696633242,1.4693492899163758,1.0,1.3529376318168422,0.37445013558300794,-5.413080008792613,0.8343737827874785,0.0,1.0,0.0,0.6300979586232307
2021-01-05,True,True,True,0.005249081934945151,10.855000000000018,0.0055959045505194795,1939.8115,1950.0205,1950.159,1939.304,0.0033350337276536247,240.0,0.38450000000000273,0.0008415739004680172,13.7349999999999,0.007046851170862361,1949.0974999999999,1950.7385,1952.513,1938.778,0.005504094403279764,240.0,0.3650000000000091,-0.0017050100385169774,9.573999999999842,0.00493042863418261,1941.819,1938.511,1943.81,1934.236,0.004087686807580562,360.0,0.3969999999999345,8.385499999999979,0.004457888708426017,0.0034500713405447034,0.004487327506652787,0.005250882498467399,0.0033035089533602264,0.003805818443820076,1.141732752966414,0.13254706718075782,-0.4941955890824528,0.06363884250096172,-0.13204827255807966,1.5889413375453239,1.0,0.7571403017113083,0.15508914197126702,-5.413080008792613,-0.06550417594654606,0.0,1.0,0.0,0.13254706718075782
2021-01-06,True,True,True,-0.0012580207534797245,13.975999999999885,0.007174782917383928,1947.9335,1945.4845,1959.195,1945.219,0.003970866986745715,240.0,0.37799999999992906,-0.013437955977197607,42.807000000000016,0.022134062396990683,1933.9875,1908.1725000000001,1943.396,1900.589,0.010231282942446742,240.0,0.4110000000000582,-0.003374174102757609,13.9849999999999,0.007170213747737628,1950.4299999999998,1943.8600000000001,1955.174,1941.189,0.006077842621335195,360.0,0.4179999999998927,8.385499999999979,0.004457888708426017,0.0035060718392892366,0.0017050100385169774,0.005525170088620389,0.0035484187921605704,0.003805818443820076,1.6677598235048519,0.511481302864373,-0.9623801956783731,0.26125847357048776,0.042453390313372925,-0.354529954654461,1.0,0.4795182159680363,0.4857790233140513,-5.413080008792613,-0.4922394763364445,0.0,1.0,0.0,0.511481302864373
2021-01-07,True,True,True,-0.0011840553477099611,13.807000000000016,0.007188111476899994,1920.8105,1918.5375,1922.401,1908.594,0.005649579131152467,240.0,0.38249999999993634,-0.002348744288095762,12.990000000000009,0.006773591025278691,1917.7420000000002,1913.243,1919.729,1906.739,0.00794623709170933,240.0,0.3769999999999527,-0.0016858116783737664,9.89500000000021,0.005142565212352452,1924.137,1920.896,1924.544,1914.649,0.00442094753501946,360.0,0.39049999999997453,8.400999999999954,0.004488630772086208,0.0036257222136546275,0.003374174102757609,0.005525170088620389,0.003450735699576925,0.003805818443820076,1.1778359719081375,0.16367883267184555,-0.46495886309903345,0.26311444535112943,0.395049987208321,-0.3431312771520379,1.0,0.7207475300559302,0.010177359838103956,-5.406207574272437,-0.07610392395247824,0.0,1.0,0.0,0.16367883267184555
2021-01-08,True,True,True,-0.005631931396309289,29.492999999999938,0.0154828650623661,1904.88,1894.182,1904.733,1875.24,0.0085042561897505,240.0,0.4195000000000846,-0.01792727011256848,42.94399999999996,0.02273092380106734,1889.2325,1855.6655,1892.481,1849.537,0.012529889917450231,240.0,0.4175000000000182,-0.004393799183701117,10.256000000000085,0.00535094023626889,1916.6725000000001,1908.2694999999999,1916.574,1906.318,0.003340627671266829,359.0,0.3869999999999436,8.987999999999829,0.004717798755487167,0.0036141291583275774,0.0016858116783737664,0.00583711577457547,0.003432053620003484,0.0038988469822849375,1.1410769915443124,0.13197254585525878,-1.2157283238140633,0.9754971319567352,0.7798859025238077,-1.6409800136815962,1.0,3.4577214063196,0.3771139296840048,-5.35641295352971,-0.16044276196208834,0.0,0.0,0.0,0.0
2021-01-11,True,True,True,0.0016832891231472885,9.314999999999827,0.0050451832311432295,1846.3155,1849.426,1855.272,1845.957,0.005522744759180789,240.0,0.41599999999994,0.0034505251121242503,21.69600000000014,0.011773592769138676,1842.768,1849.1375,1850.507,1828.811,0.007759579837939753,240.0,0.44449999999994816,-0.0022387644842217997,32.934999999999945,0.017852680558167945,1844.821,1840.6954999999998,1849.326,1816.391,0.010013436380161247,360.0,0.5090000000000146,8.987999999999829,0.004717798755487167,0.003480847130489001,0.004393799183701117,0.00583711577457547,0.003572413166868312,0.0038988469822849375,3.6643302180685993,1.298645567769591,-0.6431665627060418,-0.1458028281270707,0.3481941118328238,0.471191053363772,1.0,0.6615487316421924,0.6252781486426596,-5.35641295352971,-0.8352454059958039,0.0,0.0,0.0,0.0
2021-01-12,True,True,True,0.00035755350980946443,9.907999999999902,0.005328230966013384,1859.529,1860.194,1863.586,1853.678,0.003909969486851706,240.0,0.35550000000000637,-0.008802538349908707,26.309999999999945,0.014146351561300693,1859.8435,1843.5439999999999,1860.626,1834.316,0.00816335178978214,240.0,0.3769999999999527,0.005887206153629146,16.964999999999918,0.009183683412205242,1847.298,1858.2055,1858.08,1841.115,0.004447769276378556,360.0,0.4189999999999827,9.69299999999987,0.005036496923267531,0.003508071697006759,0.0022387644842217997,0.00583711577457547,0.0035952291965858137,0.0038988469822849375,1.7502321262767095,0.5597484227257311,1.678188663775706,-0.09121751885205397,0.0028487062367106254,0.09945221577222749,1.0,0.568038790880033,0.1365418343134205,-5.2910444934687435,0.9393634575846537,0.0,0.0,0.0,0.0
2021-01-13,True,True,True,-0.002639468011388874,8.753999999999905,0.004712638851653571,1857.558,1852.6615000000002,1857.954,1849.2,0.00466252566026279,240.0,0.3734999999999218,0.0014265952484338235,11.550000000000182,0.006226938761426935,1854.844,1857.492,1861.035,1849.485,0.0058105701199067045,240.0,0.35400000000004184,-0.00026498350733604605,8.282999999999902,0.0044559748554551274,1858.8525,1858.3600000000001,1862.81,1854.527,0.0035932153198941826,359.0,0.38800000000014734,9.853500000000054,0.0051820603928528775,0.0036853432522347238,0.005887206153629146,0.0054620677582664316,0.0035970461426387134,0.003871465933564786,0.8406150098949466,-0.1736215004023905,-0.07190198828165191,-0.14757941148744327,0.1859240589763411,-0.7337876431722999,1.0,0.5406200842340254,0.08139239864009035,-5.262552542557973,0.012483731087375504,0.0,1.0,-0.0,-0.1736215004023905
2021-01-14,True,True,True,6.350440082200855e-05,8.525000000000091,0.004627283822391598,1842.3335,1842.4505,1845.13,1836.605,0.00316149502428875,240.0,0.3789999999999054,0.003983080854104889,14.664999999999964,0.007966294399257728,1840.8809999999999,1848.228,1851.845,1837.18,0.0055404357866392015,240.0,0.3634999999999309,-0.002164722809620023,25.051999999999907,0.013553160122807204,1848.4250000000002,1844.4279999999999,1852.067,1827.015,0.005807716393963476,360.0,0.43650000000002365,9.853500000000054,0.0051820603928528775,0.0036381336270718523,0.00026498350733604605,0.005187780168113441,0.003575692809175247,0.003871465933564786,2.5424468462982466,0.9331269426446571,-0.595009153460451,-0.11433584388785611,-0.20258820484986237,0.017760026996462314,0.0,0.0,0.21256406353071639,-5.262552542557973,-0.5552190722141362,0.0,1.0,0.0,0.9331269426446571
2021-01-15,True,True,True,-0.0018045982157247923,10.105999999999995,0.00545533652398005,1852.498,1849.158,1856.563,1846.457,0.0029777061465349574,240.0,0.3350000000000364,-0.009053849695625248,27.15300000000002,0.01469318181818183,1848.0,1831.344,1850.377,1823.224,0.0075976105593121065,240.0,0.39200000000005275,0.0016518930126203518,8.646999999999935,0.0046817498385183075,1846.959,1850.0125,1855.451,1846.804,0.0040767682357515265,359.0,0.38000000000010914,9.853500000000054,0.0051820603928528775,0.003485576084309208,0.002164722809620023,0.005187780168113441,0.0035563068154424457,0.003871465933564786,0.8775561983051593,-0.13061428204022016,0.47392252318248673,0.05028841589488144,-0.2624799748969177,-0.5074360310782914,1.0,0.11285330085757081,0.2522453950372952,-5.262552542557973,-0.0619010501081701,0.0,0.0,-0.0,-0.0
2021-01-18,True,True,True,-0.0005263379660920973,8.358999999999924,0.004555672095159495,1834.8555000000001,1833.8899999999999,1838.252,1829.893,0.0037172896208950996,240.0,0.39449999999999363,0.001282025285320921,6.719000000000051,0.003660064496448365,1835.7600000000002,1838.115,1839.192,1832.473,0.002519455472385545,240.0,0.36400000000003274,0.015163886971353334,29.91300000000001,0.016518032171315297,1810.9299999999998,1838.6,1840.112,1810.199,0.005271204070536069,360.0,0.4960000000000946,9.853500000000054,0.0051820603928528775,0.0034858275970539626,0.0016518930126203518,0.005187780168113441,0.003402449406506029,0.003871465933564786,3.035774090424707,1.1104664464962601,4.350154030615011,-0.12993282150428767,-0.04063842332403639,-0.15469384058603625,0.0,0.0,0.38001725275280546,-5.262552542557973,4.8307000880884345,0.0,0.0,0.0,0.0
2021-01-19,True,True,True,0.002640924208809128,7.592000000000098,0.004130520531548863,1838.025,1842.8854999999999,1845.4,1837.808,0.003495599174217153,240.0,0.3424999999999727,0.0018861417697219366,10.365000000000009,0.005639281828073999,1838.0,1841.47,1843.256,1832.891,0.004713026690557913,240.0,0.37999999999988177,0.0002125013663454279,7.4529999999999745,0.004056186868686855,1837.44,1837.8305,1843.537,1836.084,0.003545769954708069,360.0,0.42200000000002547,10.075500000000147,0.005286247904811097,0.004774252696998944,0.015163886971353334,0.005046256300678365,0.0033181711883975133,0.003805818443820076,0.7397151506128594,-0.3014900984933532,0.04450986988581574,-0.2002432060448599,-0.08502626657770904,0.7958975166933878,1.0,0.1849039749888372,0.019304252890681255,-5.2426465655245735,-0.013419285055800922,1.0,1.0,-0.3014900984933532,-0.3014900984933532
2021-01-20,True,True,True,-0.003970318425926326,8.809999999999945,0.004746639368551464,1856.05,1848.6954999999998,1857.262,1848.452,0.0027122527449734354,240.0,0.33600000000001273,0.012827314893134751,37.799999999999955,0.020508758270645053,1843.1149999999998,1866.9095,1870.137,1832.337,0.008383270132003292,240.0,0.5,0.005611841569443939,12.388999999999896,0.006729458286483993,1841.0100000000002,1851.3705,1851.716,1839.327,0.002738518694982478,360.0,0.4089999999999918,10.075500000000147,0.005286247904811097,0.004763574512633551,0.0002125013663454279,0.005046256300678365,0.0033564054500156795,0.003805818443820076,1.2296163962085966,0.206702247740687,1.1780736408259567,-0.06120977547871761,-0.3387515043290338,-1.1829078712489216,1.0,0.5504441466924687,0.4644434519378585,-5.2426465655245735,0.24351046956278,1.0,1.0,0.206702247740687,0.206702247740687
2021-01-21,True,True,True,0.002000358800404058,6.9220000000000255,0.003706469266746125,1867.5455,1871.2849999999999,1873.38,1866.458,0.0036825518175489305,240.0,0.37799999999992906,-0.0018784718481980815,12.490000000000009,0.00668856918706306,1867.3649999999998,1863.8605,1870.56,1858.07,0.004790125726135948,240.0,0.3790000000000191,0.002296739640754135,7.792000000000144,0.004166688947472631,1870.0700000000002,1874.37,1874.651,1866.859,0.0029898752462591657,360.0,0.5540000000000873,10.075500000000147,0.005286247904811097,0.004382473934195302,0.005611841569443939,0.004998622603595479,0.002938095824092114,0.0037479820641286923,0.7733611235174462,-0.25700916805265406,0.5240737709432277,-0.29908265183984684,-0.017611638361437882,0.6808351123204699,1.0,0.039799513671761606,0.6773361123517289,-5.2426465655245735,-0.13469176386833615,1.0,0.0,-0.25700916805265406,-0.0
2021-01-22,True,True,True,-0.006217352320387167,18.58900000000017,0.009987934849800926,1861.1455,1849.61,1863.795,1845.206,0.004480083472679571,240.0,0.37350000000003547,0.006321385322653474,21.037000000000035,0.011412309203761302,1843.3605,1855.05,1858.27,1837.233,0.00661738932584986,240.0,0.38799999999991996,-0.003807890182439807,10.069000000000187,0.005385412106507068,1869.6805,1862.5745,1869.843,1859.774,0.0033977826978628767,360.0,0.41399999999998727,10.075500000000147,0.005246752724310671,0.004350433728886517,0.002296739640754135,0.004998622603595479,0.0029473930014614924,0.0037479820641286923,0.9993548707260226,-0.000645337459409983,-0.8752897802248392,0.6922154543471198,0.1784240996343925,-2.109441230709388,1.0,1.445883578978688,0.14182918961836524,-5.250145922449127,0.0005648572830178201,1.0,1.0,-0.000645337459409983,-0.000645337459409983
2021-01-25,True,True,True,0.005079444327518497,15.81899999999996,0.008533490132191126,1853.755,1863.1950000000002,1865.858,1850.039,0.0033295335138048506,240.0,0.35149999999998727,-0.004195469400968725,20.702999999999975,0.01111170448437219,1863.1705,1855.37,1867.766,1847.063,0.006107539818453561,240.0,0.3690000000001419,-0.001989036700977354,8.790000000000191,0.004733402799654387,1857.0149999999999,1853.3249999999998,1859.871,1851.081,0.0032671754174833922,360.0,0.4035000000000082,10.162500000000136,0.005368176171387979,0.004487885945256249,0.003807890182439807,0.005046256300678365,0.003218230952129053,0.003805818443820076,0.8649446494465016,-0.14508976317683508,-0.4432012589535147,0.5253517957442546,-0.13369885687908512,1.578334309462203,1.0,0.5891266912668902,0.04231242312425931,-5.22726706103832,0.06430396570124061,1.0,0.0,-0.14508976317683508,-0.0
2021-01-26,True,True,True,0.0009370962394539244,9.184999999999945,0.004961834122941093,1851.13,1852.8654999999999,1857.385,1848.2,0.0030885261788050227,240.0,0.3489999999999327,-0.0016507775360028116,10.192000000000007,0.005492842785968572,1855.5055,1852.4450000000002,1860.01,1849.818,0.00400652650954392,240.0,0.36400000000003274,0.0009830445814557787,8.50799999999981,0.0045851263631291874,1855.565,1857.3899999999999,1861.619,1853.111,0.002905989425373438,358.0,0.38450000000000273,10.162500000000136,0.005368176171387979,0.004528127155298316,0.001989036700977354,0.005186707098578307,0.003468801565474965,0.0037479820641286923,0.8371955719556897,-0.17769757753597387,0.21709738877485543,-0.04432357017243236,-0.19352356657572045,0.27014985486078463,1.0,0.483247232472324,0.6159901599015675,-5.22726706103832,-0.03857768007467734,1.0,0.0,-0.17769757753597387,-0.0
2021-01-27,True,True,True,-0.0052079007883208545,14.93899999999985,0.008070576350115665,1851.045,1841.43,1853.021,1838.082,0.004761263693339636,240.0,0.38599999999996726,0.0023678903686952545,19.31100000000015,0.010489291129566536,1841.0205,1845.385,1850.487,1831.176,0.006706661068658131,240.0,0.38599999999996726,-0.0002109408062275596,8.134999999999991,0.0043939116102700276,1851.4255,1851.035,1851.305,1843.17,0.002900977170173553,359.0,0.3930000000000291,9.982000000000198,0.005246752724310671,0.004528029128982485,0.0009830445814557787,0.005003508677042161,0.003164982696199857,0.003699920719222015,0.8149669404928701,-0.20460773037643734,-0.0465855674110827,0.4780854968398115,0.2522017226199951,-1.6454752800304075,1.0,0.5097174914846588,0.0010018032458415855,-5.250145922449127,0.009531767216280155,1.0,0.0,-0.20460773037643734,-0.0
2021-01-28,True,True,True,0.002319697657593671,9.128999999999905,0.0049709497024181745,1836.47,1840.7350000000001,1843.557,1834.428,0.0036208606185962377,240.0,0.375,0.0028945150604554235,26.55100000000016,0.01442616715793486,1840.475,1845.81,1863.958,1837.407,0.008697810759309652,240.0,0.41399999999998727,-0.001680427902287475,6.516000000000076,0.00354117925181995,1840.065,1836.9755,1840.394,1833.878,0.003527016412697821,360.0,0.40199999999992997,9.982000000000198,0.005246752724310671,0.004530776505867338,0.0002109408062275596,0.005186707098578307,0.0033587365874049027,0.003699920719222015,0.6527749949909785,-0.4265227803076269,-0.3708918107329566,-0.04248811654805701,-0.021599654657589434,0.6906459012869373,1.0,0.3168703666599828,0.05064115407733656,-5.250145922449127,0.15819380630715077,1.0,0.0,-0.4265227803076269,-0.0
2021-01-29,True,True,False,0.00881387783662135,20.894000000000005,0.011319449391729935,1845.8495,1862.1905000000002,1863.106,1842.212,0.005231217112105243,240.0,0.4089999999998781,,,,,,,,,,,0.001092434088679306,6.723999999999933,0.0036465098117903815,1843.955,1845.9705,1846.152,1839.428,0.002193187547760115,360.0,0.4014999999999418,9.982000000000198,0.005246752724310671,0.004554832385134606,0.001680427902287475,0.005186707098578307,0.003408439023190237,0.003699920719222015,0.673612502504488,-0.3951002555010782,0.2398406782749311,0.7804234058780491,0.34633257623875485,2.5858986405958113,1.0,1.698457223001364,0.012121819274680907,-5.250145922449127,-0.09476111326597718,1.0,0.0,-0.3951002555010782,-0.0
2021-02-01,True,True,True,0.0014710386436459061,15.161000000000058,0.00814407180491833,1861.5995,1864.3400000000001,1871.487,1856.326,0.006578142077345319,240.0,0.5209999999999582,0.0006847317971798271,12.525000000000091,0.006728786392862861,1861.4055,1862.6805,1869.095,1856.57,0.006571652617344667,240.0,0.47199999999998,0.0021503156384181914,14.935000000000173,0.00804743866757918,1855.87,1859.8649999999998,1863.747,1848.812,0.004668473178493107,360.0,0.5259999999999536,9.734500000000025,0.005036496923267531,0.004497672258480153,0.001092434088679306,0.005391783744996717,0.0039538904762597155,0.0038136295538734027,1.5342339103189824,0.4280311752312541,0.4780952267840038,0.4124140105140637,0.545170971922191,0.37204840459755806,1.0,0.7951101751502377,0.1781806975191585,-5.2910444934687435,0.2046396617928101,0.0,0.0,0.0,0.0
2021-02-02,True,True,True,-0.003224384538687184,12.191000000000031,0.006595826412521861,1848.29,1842.34,1853.374,1841.183,0.004732716471591083,240.0,0.42349999999999,-0.003107792611002801,15.045000000000073,0.008162279904624245,1843.2350000000001,1837.5155,1844.404,1829.359,0.007848232225851145,240.0,0.42799999999999727,-0.000770001222661716,11.314000000000078,0.006089818634931186,1857.855,1856.4250000000002,1863.92,1852.606,0.0033054588457097083,360.0,0.47249999999996817,9.734500000000025,0.005036496923267531,0.004423671192365037,0.0021503156384181914,0.005391783744996717,0.003838245713477192,0.0038136295538734027,1.1622579485335711,0.15036462048414026,-0.17406384633439462,0.2015608211026152,0.21591797006489818,-0.840067254518239,1.0,1.1734552365298652,0.8356875032102519,-5.2910444934687435,-0.026173044194080956,0.0,0.0,0.0,0.0
2021-02-03,True,True,True,-0.0011110685618338793,4.8900000000001,0.002661817694882261,1837.0905,1835.0504999999998,1837.352,1832.462,0.0029882671124076524,240.0,0.46649999999999636,-0.0008660777825025195,12.631999999999834,0.006875547527793706,1837.2355,1835.645,1842.166,1829.534,0.00465243828965237,240.0,0.4035000000000082,0.0014364261581485873,8.429999999999836,0.004590065747382947,1836.575,1839.2150000000001,1844.724,1836.294,0.003172303395838148,360.0,0.4695000000000391,9.982000000000198,0.005246752724310671,0.004403181461958051,0.000770001222661716,0.005391783744996717,0.003706381504817214,0.00394041823679871,0.8445201362452083,-0.16898669903369268,0.3262246106727164,-0.7058670328044916,-0.27659321082344085,-0.2997717748132011,1.0,0.3838910038068555,0.21283309957925098,-5.250145922449127,-0.055127620101133895,1.0,0.0,-0.16898669903369268,-0.0
2021-02-04,True,True,True,-0.00678933832765738,16.28599999999983,0.00892280643794227,1825.2105000000001,1812.8605,1826.369,1810.083,0.00515211480752002,240.0,0.45699999999999363,-0.013450651528119653,34.759000000000015,0.019130832016995898,1816.9099999999999,1792.635,1819.415,1784.656,0.009368548858796904,240.0,0.42000000000007276,-0.00911825258217858,18.776000000000067,0.010235496555959327,1834.4005,1817.75,1834.535,1815.759,0.004516851124107879,360.0,0.4700000000000273,9.3425000000002,0.004937984006003419,0.004303577590267899,0.0014364261581485873,0.005186707098578307,0.0037045586076586623,0.0038136295538734027,2.009740433502774,0.6980055761712027,-2.11876105192075,0.5425114947886848,0.3008258981439458,-1.832698317586706,1.0,0.6075461600213872,0.7985549906341962,-5.310798127026845,-1.4789070288150468,0.0,0.0,0.0,0.0
2021-02-05,True,True,True,0.0023155999529638656,13.024999999999864,0.007241159808644285,1798.745,1802.915,1811.051,1798.026,0.005414001370178164,240.0,0.4074999999999136,0.005988414513045921,20.791999999999916,0.01153669024830069,1802.25,1813.075,1814.04,1793.248,0.007578381548675456,240.0,0.43000000000006366,0.0009849969632644267,7.192999999999984,0.004004843895717041,1796.0749999999998,1797.845,1799.03,1791.837,0.0031031683916887282,360.0,0.44399999999996,9.42950000000019,0.005042171517961639,0.00482469809905793,0.00911825258217858,0.005186707098578307,0.003976416665416176,0.0038136295538734027,0.7628188132986733,-0.2707347420850859,0.20415722249165333,0.3336823627245069,0.35040706979449227,0.5823333286733201,1.0,1.274828994114186,0.09544514555383059,-5.289918432952551,-0.05527245297608526,0.0,0.0,-0.0,-0.0
2021-02-08,True,True,True,0.0032146524174655198,15.606999999999971,0.008598872014437407,1815.0055,1820.8494999999998,1823.257,1807.65,0.003892966089176019,240.0,0.4010000000000673,0.00665285048762438,17.64300000000003,0.009664961160474635,1825.46,1837.645,1838.982,1821.339,0.004441889610016784,240.0,0.40599999999994907,-0.0026989306041425945,10.48700000000008,0.005768474437357889,1817.985,1813.085,1818.669,1808.182,0.0037884797657009176,360.0,0.4539999999999509,8.718500000000063,0.004707576319086347,0.004685913634916887,0.0009849969632644267,0.005186707098578307,0.0038406012341484007,0.0038136295538734027,1.2028445260079148,0.18468919007685722,-0.5759667835172264,0.5055320081376949,0.020589983394539234,0.8370180139720556,1.0,0.5262373114641202,0.22027871766931623,-5.35858208533149,-0.1063748387589691,0.0,0.0,0.0,0.0
2021-02-09,True,True,True,0.00038759842847421673,9.963000000000193,0.005405726554227876,1843.0455000000002,1843.76,1848.428,1838.465,0.0035430940889250246,240.0,0.39599999999995816,-0.0037077451080866053,15.346000000000004,0.008327522445402526,1842.805,1835.9850000000001,1847.346,1832.0,0.006651011689670364,240.0,0.37999999999988177,0.005167773059133259,13.332000000000107,0.007282559711581852,1830.6750000000002,1840.1599999999999,1843.16,1829.828,0.0031096685614682438,360.0,0.45899999999994634,8.718500000000063,0.004707576319086347,0.004702519922471025,0.0026989306041425945,0.005391783744996717,0.003894805007492742,0.003805127855035559,1.5291621265125894,0.4247199556700827,1.098936983645517,0.0025825985054762305,-0.07134921078037482,0.0995167736840646,1.0,0.6042323794230648,0.33096289499343917,-5.35858208533149,0.46674046697813837,0.0,0.0,0.0,0.0
2021-02-10,True,True,True,-0.0026690334907806595,7.280999999999949,0.003944577627889941,1845.8249999999998,1840.905,1846.21,1838.929,0.0032656915082807637,240.0,0.4090000000001055,0.0014922311511893376,20.471000000000004,0.0111346811785759,1838.49,1841.2355,1855.226,1834.755,0.008725211700751152,240.0,0.42050000000006094,0.0035632832376255976,11.375,0.006194454125642589,1836.3200000000002,1842.875,1845.29,1833.915,0.0033546179471289736,360.0,0.44800000000009277,8.718500000000063,0.004707576319086347,0.004663651741698862,0.005167773059133259,0.0054305315391039635,0.0038950021894561156,0.003699920719222015,1.3046969088719296,0.26597076006159553,0.7640543151550967,-0.3196951351004418,-0.12483985761346769,-0.6852456971669518,1.0,0.1055227390032765,0.33836095658654547,-5.35858208533149,0.20321610693014291,0.0,0.0,0.0,0.0
2021-02-11,True,True,True,-0.0007340246519531495,6.320999999999913,0.003429255000996829,1843.2575000000002,1841.905,1845.788,1839.467,0.0026560633724407473,240.0,0.3104999999999336,-0.007301335166462758,18.9849999999999,0.010298339952080253,1843.501,1830.09,1847.377,1828.392,0.004290624738559071,240.0,0.3140000000000782,-0.0027561555239821326,8.219000000000051,0.004461864602305605,1842.0549999999998,1836.985,1842.045,1833.826,0.0023680757642572455,360.0,0.36599999999998545,9.42950000000019,0.005059407453080728,0.00470027913468613,0.0035632832376255976,0.0054305315391039635,0.003896017267741848,0.003651706218072584,0.8716262792300637,-0.1373945258039337,-0.5863812435399499,-0.45969398178197984,-0.31834942394135557,-0.18840384975464802,1.0,0.3969457553422624,0.6651996394294648,-5.286505906674231,0.08056557289649237,1.0,0.0,-0.1373945258039337,-0.0
2021-02-12,True,True,True,0.0007752470267701116,9.424999999999955,0.0051859072077507186,1817.4255,1818.835,1821.887,1812.462,0.003469750163921297,240.0,0.2945000000000846,0.003461802192453145,20.20399999999995,0.011112363907367606,1818.155,1824.46,1830.625,1810.421,0.006785872742924362,240.0,0.31199999999989814,-0.0015257329969184824,8.567999999999984,0.004690309813356535,1826.745,1823.96,1827.83,1819.262,0.002403223743155513,360.0,0.34150000000011005,8.718500000000063,0.004707576319086347,0.004722342838347655,0.0027561555239821326,0.0054305315391039635,0.0038981875448036263,0.003651706218072584,0.9827378562826085,-0.017412871629972845,-0.3230881469529932,-0.04609222437269236,-0.05111192287981678,0.1988737119135106,1.0,0.779950679589368,0.74949819349658,-5.35858208533149,0.005625892428058272,0.0,0.0,-0.0,-0.0
2021-02-15,True,True,True,0.0018805640195268835,5.598999999999933,0.003081182471874336,1817.1595,1820.58,1821.415,1815.816,0.002479040534990344,240.0,0.30349999999998545,-0.000667828067886846,6.161000000000058,0.003382496008643761,1821.4360000000001,1820.22,1822.179,1816.018,0.002416710134989686,240.0,0.30399999999985994,0.0021518496074225592,6.988000000000056,0.0038371948721722415,1821.1219999999998,1825.045,1826.92,1819.932,0.002650459478094223,359.0,0.3489999999999327,8.679000000000087,0.004711856306505461,0.004747831700286833,0.0015257329969184824,0.005295816880989297,0.003883339392324568,0.003651706218072584,0.8051618850097921,-0.21671192239029963,0.4532278613187908,-0.5416037984374482,-0.3873229111097704,0.4842646571772284,1.0,0.4742481852747948,0.9085724161769805,-5.3576733283216385,-0.09821988110723927,0.0,0.0,-0.0,-0.0
2021-02-16,True,True,True,-0.002438374405178982,11.05600000000004,0.006072581519985412,1820.6425,1816.2085,1825.555,1814.499,0.00314452353933959,240.0,0.2944999999999709,-0.00590534655195527,24.837999999999965,0.013742225114002134,1807.422,1796.7800000000002,1814.23,1789.392,0.010785064604071741,240.0,0.3384999999999536,0.0013571095105300785,8.445999999999913,0.004643695603169057,1818.81,1821.28,1826.349,1817.903,0.0025247859910094476,360.0,0.37000000000000455,8.537999999999897,0.0046401877803697415,0.0033472074849526332,0.0021518496074225592,0.005295816880989297,0.003904214707495215,0.003581977353760631,0.989224642773485,-0.010833831824016732,0.4054452903296143,0.1368665650717493,-0.1302526005351221,-0.6245492596751534,1.0,0.3986882173811241,0.07466619817288044,-5.373000443655586,-0.004392526089270678,0.0,0.0,-0.0,-0.0
2021-02-17,True,True,True,0.0005333951565163979,7.499000000000024,0.0041895259058963,1789.94,1790.895,1791.055,1783.556,0.004920877054157841,240.0,0.32799999999997453,-0.007990911699723711,24.00200000000018,0.013391768654155806,1792.295,1778.03,1793.361,1769.359,0.007289088758681542,240.0,0.3330000000000837,0.0019050787504377251,8.547000000000025,0.004778838250834508,1788.51,1791.9205000000002,1794.989,1786.442,0.0027811937591139175,360.0,0.3369999999999891,8.537999999999897,0.004667002708262796,0.003359809224560929,0.0013571095105300785,0.005739154037106644,0.003895123057354511,0.003581977353760631,1.0010541110330438,0.0010535558481255456,0.567019917830807,-0.3147242405934651,0.3175717962721389,0.1369392311006136,1.0,0.33801827125790607,0.23196298899041273,-5.367238231714049,0.000597387150434313,0.0,0.0,0.0,0.0
2021-02-18,True,True,True,0.0012545508550943724,10.134999999999991,0.005687461770268066,1781.99,1784.227,1788.915,1778.78,0.004271670487441556,240.0,0.32600000000002183,-0.004249206491662413,21.31600000000003,0.01194685342826103,1784.2355,1776.67,1789.54,1768.224,0.006490720347171817,240.0,0.3309999999999036,0.003248127884684406,8.733000000000175,0.004911325630506219,1778.135,1783.92,1785.64,1776.907,0.0032117872799004785,358.0,0.36000000000012733,8.527499999999918,0.004667002708262796,0.0031351767839510997,0.0019050787504377251,0.005739154037106644,0.0037919634840118312,0.003651706218072584,1.0240985048373215,0.023812718120961744,1.0360270276660315,-0.009047756631553733,0.15681045021686238,0.3308446561745577,1.0,0.38405159777190206,0.22632659044269507,-5.367238231714049,0.02467061957550904,0.0,0.0,0.0,0.0
2021-02-19,True,True,True,-0.0028110151861727947,7.401000000000067,0.004172127751329724,1773.915,1768.9355,1775.209,1767.808,0.0032852428451382075,240.0,0.3425000000000864,0.005312611140131993,22.29399999999987,0.0125666160578625,1774.0655000000002,1783.5155,1791.523,1769.229,0.009442406935511039,240.0,0.3400000000001455,0.0004994080566617382,13.023999999999887,0.007351316325323907,1771.6554999999998,1772.5405,1773.55,1760.526,0.006016004299847956,360.0,0.36149999999997817,8.557500000000005,0.004711856306505461,0.0031799296139564956,0.003248127884684406,0.005880021645126739,0.003775580309180717,0.0037569133538861285,1.5219398188723203,0.419985717837972,0.1570500348403531,-0.34313428525395956,-0.1341571290808072,-0.7445253327912317,1.0,0.19386503067485886,0.16061933976043208,-5.3576733283216385,0.0659587716189042,0.0,0.0,0.0,0.0
2021-02-22,True,True,True,0.00036239721275561085,8.990000000000009,0.005009287240832773,1794.6664999999998,1795.317,1799.13,1790.14,0.003516267098873765,240.0,0.3330000000000837,0.00931246518258948,18.748000000000047,0.01044547022166262,1794.845,1811.6375,1812.422,1793.674,0.006639606428640645,240.0,0.35350000000005366,0.003339180673131563,9.683999999999969,0.005429666364831624,1783.5349999999999,1789.5005,1790.237,1780.553,0.004592755000207456,360.0,0.37599999999997635,8.557500000000005,0.004711856306505461,0.0030536560594541765,0.0004994080566617382,0.0055465941622479704,0.0035489798004066492,0.003581977353760631,1.131638913234001,0.12366694765360496,1.0935025451846145,-0.1018904372524421,-0.01851503776006725,0.10211306717330053,1.0,1.0392053754016972,0.6036809815950581,-5.3576733283216385,0.13523012201442952,0.0,0.0,0.0,0.0
2021-02-23,True,True,True,0.0002954780955173474,7.778999999999996,0.004300961122993719,1808.6655,1809.2,1811.337,1803.558,0.004198845048731602,240.0,0.4075000000000273,-0.0016183013638031952,16.05600000000004,0.008869980700499788,1810.1505,1807.2235,1811.531,1795.475,0.006507269153251446,240.0,0.41000000000008185,0.0012612517316855137,9.687000000000126,0.005350307917483707,1810.55,1812.835,1815.871,1806.184,0.003634479745083792,360.0,0.44450000000006185,8.557500000000005,0.004734574032095522,0.003085844298942952,0.003339180673131563,0.005295816880989297,0.0033593047734679264,0.003581977353760631,1.1319894829097423,0.1239766890220569,0.4087217660714613,-0.20807872648583706,0.1588945176905212,0.08795810902632545,1.0,0.3068653228162401,0.4872334209757486,-5.352863517933534,0.05067197128878745,0.0,0.0,0.0,0.0
2021-02-24,True,True,True,0.0013776046301851174,7.0090000000000146,0.003880435634125143,1806.2404999999999,1808.7305000000001,1810.019,1803.01,0.003847574876949951,240.0,0.38400000000001455,-0.0025161338101431807,25.312999999999874,0.014011197112408056,1806.6265,1802.0865,1808.542,1783.229,0.008374610383232466,240.0,0.4290000000000873,0.002006298911679818,8.768000000000029,0.0048549454912213295,1805.9935,1809.6205,1813.729,1804.961,0.0030415812921631663,360.0,0.43200000000001637,8.65050000000008,0.004845081940670364,0.0030889709530868754,0.0012612517316855137,0.005295816880989297,0.0033525799753337422,0.0037569133538861285,1.0135830298826598,0.013491607464213908,0.6495039746731449,-0.31096981701545295,0.02384534399142898,0.410908804658114,1.0,0.22553609617941206,0.3907288596035002,-5.329791121363357,0.008762852672736804,0.0,0.0,0.0,0.0
2021-02-25,True,True,True,-0.004352018913628992,13.954999999999927,0.007776268589140767,1794.5625,1786.7694999999999,1795.192,1781.237,0.005560664605549805,240.0,0.4199999999998454,-0.003907694495079966,20.479000000000042,0.011455754602174207,1787.6605,1780.6885,1790.289,1769.81,0.007198054656607626,240.0,0.41250000000002274,-0.0012813250730191877,10.434999999999945,0.005786948780650765,1803.1955,1800.8865,1804.056,1793.621,0.004287419379699195,360.0,0.4130000000000109,8.750500000000102,0.004883135560863774,0.003103008105101651,0.002006298911679818,0.0050975972242917455,0.0031377119766304064,0.003734217747773094,1.1925032855265212,0.1760546989350721,-0.41292997943271986,0.42230731112550013,0.398179276188937,-1.3870039525752238,1.0,1.4152334152334005,0.7227015599108617,-5.321967732489117,-0.07269826321029302,1.0,0.0,0.1760546989350721,0.0
2021-02-26,True,True,True,0.0001923556943997888,12.639000000000124,0.007182917171400364,1759.5915,1759.9299999999998,1770.095,1757.456,0.004970377858911968,240.0,0.43899999999985084,-0.023398156578979288,49.850999999999885,0.02834407941868789,1758.78,1718.1055000000001,1766.897,1717.046,0.01034747366961413,240.0,0.44849999999996726,-0.005322418613763156,17.888999999999896,0.010106408521720895,1770.065,1760.6689999999999,1775.704,1757.815,0.00638840260501252,360.0,0.46500000000003183,9.225999999999999,0.0051308167739949635,0.0030889531457851515,0.0012813250730191877,0.005295816880989297,0.003259630163906417,0.003870270483062985,1.9389768046824083,0.6621604136734441,-1.7230493188365605,0.30478835064312704,0.2501714683049764,0.05901150889132319,1.0,0.038911771081741924,0.11678950791240762,-5.272490417269157,-1.140935049740563,1.0,0.0,0.6621604136734441,0.0
2021-03-01,True,True,True,-0.005775646577384741,13.281999999999925,0.007573744504444871,1753.69,1743.5905,1754.768,1741.486,0.0039963601117669065,240.0,0.39750000000015007,-0.004129061839991049,12.144999999999982,0.006983055525209711,1739.21,1732.0435,1742.825,1730.68,0.007236398078293897,240.0,0.42000000000007276,0.006644866373722603,15.47199999999998,0.008895839562107575,1739.24,1750.8355000000001,1752.564,1737.092,0.0033884553408197863,360.0,0.4174999999999045,9.685500000000047,0.005389987141157666,0.003356646666794343,0.005322418613763156,0.005295816880989297,0.0025054347267159096,0.003870270483062985,1.5974394713747255,0.468402016958438,1.979614488309718,0.35777035448679606,0.032059577922027994,-2.3052472753721993,1.0,0.2275566568581839,0.2947189097103817,-5.223212279749111,0.927255419124418,1.0,0.0,0.468402016958438,0.0
2021-03-02,True,True,True,0.005394203288735395,17.754000000000133,0.010333865819810495,1718.0405,1727.333,1733.084,1715.33,0.005493914501890341,240.0,0.5135000000001355,-0.0011254210695064513,15.944999999999936,0.009197305123265194,1733.6599999999999,1731.71,1736.11,1720.165,0.007161196986169393,240.0,0.4740000000000464,-0.0058828957310839095,21.144999999999982,0.01225761216845535,1725.0504999999998,1714.932,1728.27,1707.125,0.008166404018123736,360.0,0.4474999999998772,9.685500000000047,0.005389987141157666,0.0036279516156224293,0.006644866373722603,0.005295816880989297,0.0027197015278022977,0.003870270483062985,2.1831603944039935,0.7807735491719519,-1.6215474610387302,0.6685092042543257,0.3503166286006445,1.983380614965597,1.0,0.4970316452428945,0.3209436786949599,-5.223212279749111,-1.2660613663059768,1.0,0.0,0.7807735491719519,0.0
2021-03-03,True,True,True,-0.005280597782551617,12.031999999999925,0.006941091295079985,1733.4450000000002,1724.3155000000002,1733.345,1721.313,0.0038184023647643527,240.0,0.43800000000010186,-0.00423889848732086,24.076999999999998,0.013949315613332177,1726.0345,1718.7335,1725.81,1701.733,0.010596840933399262,240.0,0.46900000000005093,-0.0019505374483450566,7.5629999999998745,0.0043550641224599776,1736.599,1733.2150000000001,1737.319,1729.756,0.003595329668615287,360.0,0.4900000000000091,9.685500000000047,0.005389987141157666,0.0038929589684811496,0.0058828957310839095,0.005295816880989297,0.002995162806815528,0.003870270483062985,0.7808579835836909,-0.24736198487862332,-0.5010423855317604,0.27054176810192004,-0.01349229084666334,-1.763041985742997,1.0,0.8717154509317994,0.023746838056890925,-5.223212279749111,0.12393883899345667,1.0,0.0,-0.24736198487862332,-0.0
2021-03-04,True,True,True,-0.0012432489681810932,12.845000000000027,0.007476978241382136,1717.94,1715.8055,1718.865,1706.02,0.005206513611401166,240.0,0.44700000000000273,-0.0023688490533441227,13.673000000000002,0.00795547540409399,1718.6905000000002,1714.6239999999998,1722.946,1709.273,0.006555262143557596,240.0,0.46850000000006276,0.004548921793449296,13.382000000000062,0.007823598949058364,1710.466,1718.2645,1719.759,1706.377,0.00470260668342924,360.0,0.5440000000000964,9.685500000000047,0.005389987141157666,0.003912206596803821,0.0019505374483450566,0.0055465941622479704,0.003183872259180073,0.003870270483062985,1.3816529864230032,0.3232805986081307,1.1627509132993272,0.2986446570108552,0.29658606242998,-0.39048330679612786,1.0,0.036859222549168257,0.03350369108460503,-5.223212279749111,0.3758948112835572,1.0,0.0,0.3232805986081307,0.0
2021-03-05,True,True,True,-0.001009252747781909,7.842000000000098,0.004622008469556511,1696.665,1694.9535,1698.756,1690.914,0.004286326921361071,240.0,0.3754999999999882,-0.0008538953307556337,20.460999999999785,0.012044203480581018,1698.8255,1697.3755,1707.514,1687.053,0.008868403430447825,240.0,0.5225000000000364,0.0015185763098276607,10.182999999999993,0.006009867916287959,1694.38,1696.955,1697.221,1687.038,0.004611929813652828,360.0,0.41700000000003,9.685500000000047,0.005389987141157666,0.0033782218687341318,0.004548921793449296,0.0055465941622479704,0.0028437579680363214,0.003870270483062985,1.0513654431882653,0.05008974143702852,0.4495194125294953,-0.18235473063483149,0.1021057738446109,-0.3549010707401449,1.0,0.15848433224924624,0.02994166537607374,-5.223212279749111,0.022516311144527377,1.0,1.0,0.05008974143702852,0.05008974143702852
2021-03-08,True,True,True,-0.00801005800507749,14.844000000000051,0.008734796193973233,1699.41,1685.8519999999999,1700.491,1685.647,0.0047226637566095625,240.0,0.539000000000101,-0.006301049074036964,18.31600000000003,0.010834087507911457,1690.5900000000001,1679.971,1696.45,1678.134,0.006834160844336369,240.0,0.46050000000002456,9.63200613915656e-05,10.123000000000047,0.005927628822575493,1707.7655,1707.93,1713.8,1703.677,0.004559228767127579,359.0,1.2280000000000655,9.93500000000006,0.005599070401094756,0.0033821718841293828,0.0015185763098276607,0.005295816880989297,0.0027750977945481146,0.003870270483062985,1.0189229994967275,0.018746186612833258,0.028478760007302144,0.5003973700141253,0.19904859875916323,-2.886405668590794,1.0,1.814796175138386,0.8575742325113167,-5.185154694825034,0.0005338681495989787,1.0,1.0,0.018746186612833258,0.018746186612833258
2021-03-09,True,True,True,0.006892689920169072,16.617999999999938,0.009790322262319684,1697.3905,1709.1305,1711.455,1694.837,0.004525658868158477,240.0,0.34749999999996817,0.00732874478387166,17.72199999999998,0.010406922288677277,1702.905,1715.431,1720.483,1702.761,0.0066179242472744985,240.0,0.32799999999997453,0.002512666538901104,11.423000000000002,0.006780294823815022,1684.7350000000001,1688.9735,1691.457,1680.034,0.0040086867884667815,360.0,0.39000000000010004,9.905000000000086,0.005608307572741195,0.0032868340458349463,9.63200613915656e-05,0.005295816880989297,0.003094142428867214,0.0039219674943584285,1.1532559313477944,0.1425891866012873,0.7644640720711585,0.6144771323156671,0.14316973306230907,2.227657607440046,1.0,2.01898031297321,0.8497728419989745,-5.18350628540052,0.10900431022253437,1.0,1.0,0.1425891866012873,0.1425891866012873
2021-03-10,True,True,True,-0.0020109406345363576,7.296000000000049,0.004253360612516603,1715.3495,1711.9035,1715.318,1708.022,0.004131868616270478,240.0,0.43899999999996453,0.003873279364670028,12.284999999999854,0.007172484981423558,1712.7955000000002,1719.4425,1723.456,1711.171,0.008091531077800118,240.0,0.4379999999998745,-0.0017265112060023324,8.558999999999969,0.004987993324865557,1715.9205000000002,1712.9605,1719.298,1710.739,0.003931320426844426,360.0,0.4739999999999327,9.905000000000086,0.005608307572741195,0.003157722283865358,0.002512666538901104,0.005436684489009393,0.0035642251368588947,0.004097602580249254,0.8641090358404739,-0.14605631925105395,-0.5467584071037798,-0.2454600033050181,0.008327687948096452,-0.5642013501730065,1.0,0.2743059061080338,0.24119131751641623,-5.18350628540052,0.07985752046114739,1.0,1.0,-0.14605631925105395,-0.14605631925105395
2021-03-11,True,True,True,-0.0019220883190616974,8.362999999999829,0.004815288237868116,1736.76,1733.4250000000002,1739.668,1731.305,0.0034882197667452817,240.0,0.4219999999997981,-0.006584194927823956,18.00200000000018,0.010370831244995294,1735.83,1724.4385,1737.074,1719.072,0.006197302924101405,240.0,0.44000000000005457,0.005125784435282838,12.571999999999889,0.007280459852653436,1726.8139999999999,1735.688,1735.636,1723.064,0.003891332946314687,359.0,0.45600000000013097,9.685500000000047,0.005389987141157666,0.003135253196458368,0.0017265112060023324,0.005436684489009393,0.00354875774678407,0.00416535683250104,1.2980228176139412,0.26084219718281315,1.634886917928353,-0.12137350019007556,-0.17741043543595458,-0.5416228596622349,1.0,0.416292395849456,0.1106809147694888,-5.223212279749111,0.4264474958178691,1.0,0.0,0.26084219718281315,0.0
2021-03-12,True,True,True,-0.004101086851541374,12.173000000000002,0.007117185960673939,1710.367,1703.3670000000002,1711.145,1698.972,0.004137103684013099,240.0,0.4359999999999218,0.006674848236382308,20.679000000000087,0.012115907027595246,1706.7645,1718.195,1720.085,1699.406,0.006320591598230213,240.0,0.42050000000006094,-0.002632857346975434,11.82899999999995,0.006866785863558231,1722.6399999999999,1718.1105,1727.769,1715.94,0.003401520448380815,360.0,0.4875000000000682,9.905000000000086,0.005608307572741195,0.0031949620193739035,0.005125784435282838,0.005436684489009393,0.0035586644247745307,0.00416535683250104,1.194245330641075,0.17751446341307267,-0.824065303753244,0.2693430109233351,-0.006805996244738191,-1.1524230334815035,1.0,1.7130742049469891,0.78177688036345,-5.18350628540052,-0.14628351021308786,1.0,1.0,0.17751446341307267,0.17751446341307267
2021-03-15,True,True,True,0.004079171124635575,9.873000000000047,0.00573074551061131,1722.8125,1729.8545,1732.404,1722.531,0.0032795304949604525,240.0,0.4339999999999691,-0.0015457902863152107,11.837999999999965,0.006843162213813248,1729.902,1727.23,1734.377,1722.539,0.004576715225489473,240.0,0.42349999999999,-0.0008001299188411948,12.468000000000075,0.007226108577091866,1725.4099999999999,1724.03,1733.784,1721.316,0.004452304109852628,360.0,0.46249999999997726,10.15300000000002,0.005857288801613129,0.003248819339815522,0.002632857346975434,0.005880021645126739,0.00361208437813278,0.0041679743663723505,1.2280114251945287,0.20539613358600897,-0.2462832909898365,-0.025714814220311695,-0.2397298839596106,1.129312246782078,0.0,0.0,0.11991529597163107,-5.140068444294991,-0.05058563573615038,1.0,1.0,0.20539613358600897,0.20539613358600897
2021-03-16,True,True,True,0.0007571579006984416,6.775000000000091,0.003915823945711416,1730.1595,1731.47,1735.431,1728.656,0.0029674378418764816,240.0,0.4179999999998927,-0.001434529338135356,14.330999999999904,0.008276994880807695,1731.4254999999998,1728.9434999999999,1740.991,1726.66,0.005224771196108063,240.0,0.4295000000000755,0.0032505346427402397,7.727000000000089,0.004464551392608437,1730.745,1736.38,1737.096,1729.369,0.002804263304686654,357.0,0.4839999999999236,10.308999999999969,0.005968748369431726,0.003254614369234768,0.0008001299188411948,0.005901663515298361,0.003736900533950929,0.0041679743663723505,0.749539237559425,-0.2882966111627863,0.9987464792962591,-0.41020849694209766,-0.3397312533399182,0.20261655182401067,1.0,0.06916286739741659,0.6034047919293964,-5.121218026919484,-0.28793522539187544,1.0,0.0,-0.2882966111627863,-0.0
2021-03-17,True,True,True,-0.0034170800504331133,9.24499999999989,0.005327194622673791,1735.435,1729.5149999999999,1736.964,1727.719,0.0029912726135111816,240.0,0.44000000000005457,-0.0012147037034004144,11.383000000000038,0.006581842256664694,1729.455,1727.3555000000001,1734.441,1723.058,0.0051324755665778585,240.0,0.4099999999998545,0.0021574172441234207,8.003000000000156,0.004621510263125312,1731.685,1735.425,1737.39,1729.387,0.0028098678041592875,360.0,0.4700000000000273,10.308999999999969,0.005968748369431726,0.0033012242807443225,0.0032505346427402397,0.0057091036404396875,0.0037372663114987876,0.0041679743663723505,0.7763119604229489,-0.253200828729316,0.6535203490133639,-0.06923726828233594,-0.33173123423095047,-0.9143260783743111,1.0,0.16180036860994254,0.0009700261907062698,-5.121218026919484,-0.16547189396165554,1.0,1.0,-0.253200828729316,-0.253200828729316
2021-03-18,True,True,True,-0.004809418460360713,13.138999999999896,0.007552775008184172,1739.6255,1731.279,1740.655,1727.516,0.004221436026651132,240.0,0.4275000000000091,-0.00031861471330684506,14.23700000000008,0.008223744538851998,1731.2065,1730.6550000000002,1733.266,1719.029,0.006535092229818809,240.0,0.4555000000000291,0.000905509003344418,7.967000000000098,0.004556475677301835,1748.5005,1750.0845,1755.277,1747.31,0.00354595530487669,360.0,0.46849999999994907,10.308999999999969,0.005968748369431726,0.00330607621852976,0.0021574172441234207,0.0057091036404396875,0.003769077907075893,0.0041344861501417885,0.7728198661363975,-0.2577092897160034,0.27389235561759234,0.2798530157969555,0.020812308489962517,-1.2760199122792693,1.0,1.920069841885724,1.0145503928605941,-5.121218026919484,-0.07058460442485273,1.0,1.0,-0.2577092897160034,-0.2577092897160034
2021-03-19,True,True,True,-0.0006087703314848847,9.720000000000027,0.005580610250065324,1741.745,1740.685,1744.499,1734.779,0.004067889543656847,240.0,0.38450000000000273,-0.00038008193047339494,10.472999999999956,0.0060163895343660085,1740.745,1740.0835,1743.552,1733.079,0.004351862445437173,240.0,0.4279999999998836,-0.00035706983515395403,7.3370000000002165,0.004228173860526863,1735.2645,1734.645,1735.553,1728.216,0.003563010075114541,360.0,0.4919999999999618,10.308999999999969,0.005968748369431726,0.0032570538475812935,0.000905509003344418,0.006335918402845647,0.003824511992283348,0.0041344861501417885,0.7117082161218584,-0.340087260382358,-0.10962969968062275,-0.126936641866019,-0.016238727023563874,-0.15917595047765312,1.0,0.8677854302066097,0.6887185954020691,-5.121218026919484,0.037283664220923655,1.0,0.0,-0.340087260382358,-0.0
2021-03-22,True,True,True,0.0040405074679823495,10.969000000000051,0.006342924435698625,1729.3285,1736.33,1738.883,1727.914,0.003121732902539176,240.0,0.4415000000000191,0.0011828650020839434,8.072999999999865,0.0046495956873314585,1736.28,1738.335,1738.456,1730.383,0.004144600741529895,240.0,0.4315000000000282,-0.000657777960072334,10.548000000000002,0.006068206921944036,1738.24,1737.097,1742.859,1732.311,0.003219093663450142,360.0,0.5095000000000027,10.15300000000002,0.005857288801613129,0.0032656361306956506,0.00035706983515395403,0.006335918402845647,0.0038094691938607545,0.0041344861501417885,1.0389047572146144,0.0381670401719527,-0.20142414333596106,0.0011051534679104944,-0.2809747872331444,1.0606484164497065,1.0,0.4330739682852286,0.7651433073968176,-5.140068444294991,-0.007687763370304785,1.0,0.0,0.0381670401719527,0.0
2021-03-23,True,True,True,0.0007334636638719665,6.2840000000001055,0.003616295196496559,1737.69,1738.9650000000001,1742.442,1736.158,0.0032309498091448383,240.0,0.3044999999999618,-0.0049024580740395455,15.995000000000118,0.009198367584481136,1738.8955,1730.3915000000002,1740.941,1724.946,0.005452890711219509,240.0,0.3039999999999736,-0.0009548159972591745,9.401000000000067,0.005404783874760371,1739.385,1737.725,1740.38,1730.979,0.003044496637942463,360.0,0.35400000000004184,10.308999999999969,0.005968748369431726,0.00321565513699151,0.000657777960072334,0.0066420078653893055,0.003972114803998594,0.0041344861501417885,0.9119216218838001,-0.09220123351782371,-0.29692736210278986,-0.6079642317466055,-0.2465868997812468,0.18465318855678928,1.0,0.20001940052380487,0.0033950916674609162,-5.121218026919484,0.027377069051070724,1.0,0.0,-0.09220123351782371,-0.0
2021-03-24,True,True,True,0.0007541933026159118,7.794000000000096,0.0045077806063063795,1729.0104999999999,1730.315,1735.823,1728.029,0.002433980334100372,240.0,0.3120000000001255,0.002057130385812985,5.663999999999987,0.003273527685554078,1730.2435,1733.8065000000001,1733.948,1728.284,0.003459254659313369,240.0,0.2969999999999118,0.0024570143489058174,10.663999999999987,0.00617411538022858,1727.211,1731.46,1734.347,1723.683,0.0034478976449675252,359.0,0.34600000000000364,10.308999999999969,0.005968748369431726,0.003225151801625317,0.0009548159972591745,0.0066420078653893055,0.003980689240461936,0.004099879079963662,1.0344359297701056,0.03385628276216159,0.7618290548890145,-0.38760937978442983,-0.5214295657138128,0.18946299423473512,1.0,0.1431758657483866,0.23760791541373347,-5.121218026919484,0.0257926998987528,1.0,0.0,0.03385628276216159,0.0
2021-03-25,True,True,True,-0.002698074565595756,6.34699999999998,0.0036620124624971036,1733.2,1728.53,1733.937,1727.59,0.002272181669572049,240.0,0.3105000000000473,0.0014193112509286122,20.52800000000002,0.01187629629415356,1728.4850000000001,1730.94,1745.4,1724.872,0.007105790393702945,240.0,0.30299999999999727,-0.0003026935423986396,7.0870000000002165,0.004085456191019846,1734.69,1734.165,1738.957,1731.87,0.0027732493196773005,360.0,0.33999999999991815,10.491499999999974,0.006039037419115998,0.0032388063551057585,0.0024570143489058174,0.0066420078653893055,0.003963878980715697,0.004099879079963662,0.6754992136491669,-0.3923032856844606,-0.09345836373374523,-0.5954014577030394,-0.5902170227223306,-0.6806652217996337,1.0,0.4079492922842285,0.0919792212743574,-5.109510647431821,0.03666402316744169,1.0,0.0,-0.3923032856844606,-0.0
2021-03-26,True,True,True,-0.001314901731130339,10.460000000000036,0.0060549927641100065,1727.5,1725.23,1731.974,1721.514,0.0034345056638408642,240.0,0.30500000000006366,0.0051813587419975845,12.656000000000176,0.0073360248321195564,1725.185,1734.147,1736.611,1723.955,0.0035021262534672593,240.0,0.29300000000012005,0.00040777044912294116,6.601000000000113,0.0038214926978575453,1727.3355000000001,1728.04,1729.699,1723.098,0.0028021399818815465,359.0,0.33400000000006,10.365499999999997,0.006039037419115998,0.003219681509257507,0.0003026935423986396,0.006036834973154968,0.003906774425246719,0.004032124827711876,0.6368240798803835,-0.4512618312843789,0.12664931234672877,0.0030033184392075614,-0.1604204857713246,-0.33656965772916386,1.0,0.21947807631082575,0.052095895036415395,-5.109510647431821,-0.057152000620492124,1.0,0.0,-0.4512618312843789,-0.0
2021-03-29,True,True,True,0.0010485478574196376,4.372000000000071,0.0025340637990555054,1725.292,1727.102,1728.087,1723.715,0.002542686402451733,240.0,0.2940000000000964,-0.008408849265198033,22.365999999999985,0.012956333344919066,1726.26,1711.805,1727.964,1705.598,0.0071483380875604595,240.0,0.29700000000002547,-0.0014107792970566124,6.6310000000000855,0.0038304780934605956,1731.1154999999999,1728.6750000000002,1732.779,1726.148,0.0027493956216112095,359.0,0.33799999999996544,10.15300000000002,0.005968748369431726,0.0029218948181548776,0.00040777044912294116,0.005892869137360658,0.003899080485546762,0.003907381238265629,0.6531074559243645,-0.42601360593234416,-0.4828302813266541,-0.8439187403600806,-0.4296462286883178,0.2689218294688783,1.0,0.23963360583078774,0.3332020092583728,-5.121218026919484,0.2056922692012961,1.0,1.0,-0.42601360593234416,-0.42601360593234416
2021-03-30,True,True,True,-0.005828199198381214,12.160000000000082,0.007139659310253768,1703.1625,1693.2649999999999,1705.019,1692.859,0.003871603203483524,240.0,0.30600000000004,-0.0008091047983193038,11.759999999999991,0.006965378338206428,1688.3505,1686.9850000000001,1690.365,1678.605,0.006275121108453947,240.0,0.29150000000004184,-0.0038486613277107073,9.776000000000067,0.005710927523329201,1711.806,1705.2305000000001,1714.275,1704.499,0.003197943899763468,360.0,0.33399999999983265,9.762000000000057,0.005666206348667931,0.0025993043244266724,0.0014107792970566124,0.0056556778803383174,0.0037529481087122574,0.003653311065754817,1.0014341323499294,0.001433104964284862,-1.4806505308144728,0.23300508443953982,0.05803478803080449,-1.552965569881283,1.0,1.1923786109403842,0.21184183568942827,-5.173235459481588,-0.002121927626081237,1.0,0.0,0.001433104964284862,0.0
2021-03-31,True,True,True,0.000361611129707038,6.4809999999999945,0.003842664785158215,1686.5900000000001,1687.2,1689.009,1682.528,0.0031513430169408233,240.0,0.28100000000006276,0.013690251017714292,26.483000000000175,0.015717049197159366,1684.9855,1708.212,1708.601,1682.118,0.0063320392788001716,240.0,0.3005000000000564,-0.0010541812078401318,8.526000000000067,0.00505811552864015,1685.6080000000002,1683.8319999999999,1686.314,1677.788,0.004135209039551455,360.0,0.3289999999999509,9.588500000000067,0.005557855699044786,0.0023740441909991025,0.0038486613277107073,0.0056556778803383174,0.0036411389850352738,0.003653311065754817,0.8891901757313456,-0.11744414538841377,-0.4440444755986138,-0.3864938947299354,-0.14780518113443958,0.09931264123485109,1.0,0.2810658601449567,0.28763623090162654,-5.192542910747192,0.052150423951125555,1.0,0.0,-0.11744414538841377,-0.0
2021-04-01,True,True,True,-0.0012605288773305905,6.983999999999924,0.004071257499167078,1715.4405000000002,1713.2795,1719.876,1712.892,0.0032180857381133494,240.0,0.29899999999997817,0.006626568651043303,14.5,0.008445035920523475,1716.9850000000001,1728.4005,1730.002,1715.502,0.0059292602463444045,240.0,0.3120000000000118,0.0041402820584192064,9.252999999999929,0.005418794073819828,1707.5755,1714.66,1714.931,1705.678,0.0028771300201607033,359.0,0.3240000000000691,9.588500000000067,0.005557855699044786,0.0023351402153451366,0.0010541812078401318,0.005453902436369558,0.003524845998059507,0.003461362715293073,0.9650101684309187,-0.035616640464554754,1.7730335982446637,-0.29237947622088567,-0.07287566837515855,-0.35761246818287523,1.0,0.5157219585962248,0.0813995932627699,-5.192542910747192,-0.063149500200256,1.0,0.0,-0.035616640464554754,-0.0
2021-04-02,False,False,False,,,,,,,,,,,,,,,,,,,,,,,,,,,,,,,,,,,,,,,,,,,,,,,,,,,,
2021-04-05,True,True,True,-0.0009935034737744417,5.289999999999964,0.003064774501539608,1726.065,1724.351,1728.398,1723.108,0.0031386042874880144,240.0,0.34399999999982356,0.003132334921683484,11.68100000000004,0.006771280172513762,1725.08,1730.492,1733.46,1721.779,0.005263936114805984,240.0,0.34399999999982356,-0.0031593149050693375,7.644999999999982,0.004423931240130051,1728.101,1722.65,1729.781,1722.136,0.0022277120469965956,359.0,0.34400000000005093,9.326999999999998,0.005411788974290099,0.0022990042892150975,0.0041402820584192064,0.005071241430270953,0.0035249327339413926,0.0033570180794006586,0.8196633429827365,-0.19886158036370305,-1.374210096035949,-0.5036116510817286,-0.06727489689329653,-0.2818503355278383,0.0,0.0,0.3661413101747576,-5.219175561619675,0.27327759144946495,1.0,0.0,-0.19886158036370305,-0.0
2021-04-06,True,True,True,0.001618842918641204,6.644999999999982,0.003840857300157641,1730.0825,1732.8854999999999,1734.34,1727.695,0.0027590765122381083,239.0,0.3160000000000309,0.005115359237891739,11.273999999999887,0.006492792217403082,1736.3870000000002,1745.292,1745.318,1734.044,0.004924468124898638,240.0,0.29150000000004184,0.004773512801575005,10.104000000000042,0.0058425225079363485,1729.39,1737.665,1737.55,1727.446,0.00318935306269843,360.0,0.3464999999999918,8.905999999999949,0.00523144970170026,0.00241849180683467,0.0031593149050693375,0.005071241430270953,0.003524912600066977,0.003255240152052645,1.1345160565910735,0.12620617814868929,1.9737560359249653,-0.27789004874058576,-0.16537002564761097,0.45925760502840396,0.0,0.0,0.8513923197844179,-5.25306684969761,0.24910020589199694,0.0,0.0,0.0,0.0
2021-04-07,True,True,True,-0.001767417057417675,6.171000000000049,0.003543771696341691,1741.365,1738.29,1741.877,1735.706,0.0029065959923653445,240.0,0.3079999999999927,0.003894864149706647,12.603000000000065,0.00726533579335159,1734.6755,1741.445,1743.165,1730.562,0.004441475311661014,240.0,0.3009999999999309,-0.0031366272974112084,7.611000000000104,0.004365870377646987,1743.295,1737.8355000000001,1743.333,1735.722,0.0024539419923861163,359.0,0.33100000000013097,8.905999999999949,0.00523144970170026,0.0026245395963673955,0.004773512801575005,0.004661534422087247,0.0031416298991599665,0.0032245177736290936,0.8545924096115144,-0.1571306376142368,-1.1951152505957956,-0.27415305816476987,-0.10380077710653812,-0.5625796526479013,1.0,0.0017965416573182673,0.39630586121714473,-5.25306684969761,0.18778922134861575,0.0,0.0,-0.0,-0.0
2021-04-08,True,True,True,0.00150435421184262,6.031999999999925,0.0034601232554183742,1743.2905,1745.915,1747.567,1741.535,0.0027857891204851833,240.0,0.28899999999998727,0.003444848234598297,12.380999999999858,0.007075888200852043,1749.745,1755.783,1758.57,1746.189,0.004530361396621929,240.0,0.28899999999998727,0.00364305618159836,12.250999999999976,0.007053553693313475,1736.855,1743.194,1745.298,1733.047,0.00276731415656775,357.0,0.3400000000001455,8.542500000000018,0.005023054426752853,0.0026929836913296757,0.0031366272974112084,0.004380570609411491,0.002634548324787497,0.0031847143775270864,1.4341235001463213,0.36055386130471956,1.3527954860356324,-0.23587478063606493,-0.133831427699864,0.5710102933731388,1.0,0.26561311091600825,0.011296458882072613,-5.293717078765695,0.48775563604574207,0.0,0.0,0.0,0.0
2021-04-09,True,True,True,-0.0018600397401754613,5.332000000000107,0.0030487735147807804,1748.9,1745.65,1748.729,1743.397,0.0026611135975639784,240.0,0.29849999999999,-3.7539177939317226e-05,15.613000000000056,0.008947911213200507,1744.8765,1744.8110000000001,1746.733,1731.12,0.005968248228812914,240.0,0.29300000000000637,-0.0021635559676120766,7.980000000000018,0.004548730844242744,1754.3355000000001,1750.5439999999999,1757.262,1749.282,0.0026484978705686767,358.0,0.32300000000009277,8.889499999999998,0.00523144970170026,0.00276191080526961,0.00364305618159836,0.0042895190527367285,0.0026712148434687617,0.003144973652214419,0.8976882839304821,-0.10793239351276936,-0.7833547569617754,-0.3414352342925998,-0.16706083155635004,-0.6963272702393597,1.0,0.6620169863321888,0.18493728556159272,-5.25306684969761,0.08454935388849814,0.0,0.0,-0.0,-0.0
2021-04-12,True,True,True,-0.00013786923125288443,6.2280000000000655,0.0035774599345166666,1740.9,1740.6599999999999,1743.24,1737.012,0.002665486795284758,240.0,0.3029999999998836,-0.005850618131622682,14.500999999999976,0.008322309425082844,1742.4250000000002,1732.2605,1744.927,1730.426,0.00420404751785947,240.0,0.2999999999999545,-0.0018650725912925938,8.116999999999962,0.00466020197844719,1741.77,1738.5245,1743.263,1735.146,0.003079748842506967,360.0,0.33999999999991815,8.264500000000112,0.0048398128958827315,0.0025845177610408494,0.0021635559676120766,0.003993540722439248,0.0026697455920427567,0.0031301685950135953,0.9821525803133707,-0.01800860559625055,-0.7216327236774271,-0.11002520341431837,-0.1607001639901873,-0.051641336786474,0.0,0.0,0.287434206546079,-5.3308792168763,0.01299559910605484,0.0,0.0,-0.0,-0.0
2021-04-13,True,True,True,0.0008343741757949892,6.470000000000027,0.0037517566426243203,1724.5255,1725.9650000000001,1730.101,1723.631,0.0028108312369334513,240.0,0.2919999999999163,0.008494383747911815,20.409000000000106,0.01180300791927533,1729.1354999999999,1743.886,1748.856,1728.447,0.00584737932277131,240.0,0.2960000000000491,-0.0024666620209500317,11.381000000000085,0.006571006681572391,1732.0025,1727.7355,1736.298,1724.917,0.0032498725766384375,360.0,0.33199999999987995,8.06000000000006,0.004640856120786251,0.0025478113422295217,0.0018650725912925938,0.0038792443654348157,0.0025473606599713313,0.003056502758025179,1.4120347394540946,0.3450317417812161,-0.9681493994730087,-0.033416215159487485,-0.08379111937706755,0.3275445793389851,1.0,0.15955334987590836,0.39826302729528695,-5.372856420973486,-0.3340422736046106,0.0,0.0,0.0,0.0
2021-04-14,True,True,True,-0.002764435841707611,7.384999999999991,0.004226633399217681,1747.2535,1742.4299999999998,1749.08,1741.695,0.0024668679560150386,240.0,0.28750000000002274,-0.004775087209692368,14.455999999999904,0.008284903005139897,1744.8605,1736.5484999999999,1746.971,1732.515,0.005161562832108515,240.0,0.2929999999998927,-0.0015289508782549302,8.5,0.004866461435583223,1746.649,1743.9805000000001,1749.234,1740.734,0.0029740309164848914,360.0,0.3129999999999882,8.06000000000006,0.004640856120786251,0.0026054420053811663,0.0024666620209500317,0.003841761042657928,0.0023355688059736256,0.0029793552276938316,1.0545905707195953,0.053152606977726544,-0.5868297490779306,0.09547492313104047,-0.18875759855851434,-1.18362423519148,0.0,0.0,0.4060794044664872,-5.372856420973486,-0.03119153101557713,0.0,0.0,0.0,0.0
2021-04-15,True,True,True,0.0004695735070454635,4.870000000000118,0.0027894633891522623,1745.8555000000001,1746.6755,1749.086,1744.216,0.0020058965022854763,240.0,0.27800000000002,0.012404123012831714,24.84999999999991,0.014242320036680368,1744.8000000000002,1766.5774999999999,1769.512,1744.662,0.005647943073075254,240.0,0.2940000000000964,0.00288344036724847,8.605000000000018,0.004954698052754733,1736.7355,1741.7505,1742.91,1734.305,0.0033691938500689466,360.0,0.3329999999998563,8.308499999999981,0.004763331707015206,0.0025108063767527245,0.0015289508782549302,0.003841761042657928,0.00235638394806946,0.0029489343029382633,1.0356863453090255,0.03506434250437595,1.1484120774687854,-0.32008162263379625,-0.38535275770910343,0.19927716254822397,1.0,0.7433351387133592,0.49407233555997204,-5.346807917132908,0.04026831442052742,0.0,0.0,0.0,0.0
2021-04-16,True,True,True,0.008786028672638618,17.305000000000064,0.009817242152021207,1762.7150000000001,1778.2705,1778.767,1761.462,0.0038155786245661493,240.0,0.29200000000003,0.00016837806565509115,11.892000000000053,0.006686212161293372,1778.5855,1778.885,1783.746,1771.854,0.005248643166402487,240.0,0.30600000000004,0.0011843722618793437,6.4659999999998945,0.003665480931392636,1764.025,1766.1154999999999,1766.186,1759.72,0.0024485230355857433,359.0,0.3209999999999127,8.513000000000034,0.004910579744168978,0.0025519163770605885,0.00288344036724847,0.003796306971390981,0.0022910019286582197,0.002858713614649398,0.7595442264771372,-0.27503672759869896,0.46411092170800544,0.9501114984607452,0.2887205855967294,3.8350158342225256,1.0,1.4778573945730156,0.39944790320682777,-5.316363269977079,-0.12764754914938578,0.0,0.0,-0.0,-0.0
2021-04-19,True,True,True,0.004306469980576641,12.294999999999845,0.006907794289875008,1779.8735000000001,1787.5549999999998,1789.947,1777.652,0.0034078960171781505,240.0,0.2999999999999545,-0.005592190310210415,15.59199999999987,0.008748813604876414,1782.1845,1772.246,1782.242,1766.65,0.005968799177297471,240.0,0.2945000000000846,0.0006169412597831859,10.43100000000004,0.005870770446459423,1776.7685000000001,1777.865,1783.491,1773.06,0.004040829662243864,360.0,0.34199999999998454,8.513000000000034,0.004910579744168978,0.002558939188723192,0.0011843722618793437,0.003796306971390981,0.0029180290614503578,0.002858713614649398,1.2253024785621989,0.20318773479191396,0.24109258340406864,0.5986216367589473,0.17572335854971563,1.475814630316321,1.0,0.758369552449181,0.23593327851522755,-5.316363269977079,0.04898705589700329,0.0,0.0,0.0,0.0
2021-04-20,True,True,True,0.00044643860071826036,10.708000000000084,0.006048743563889478,1770.2849999999999,1771.0755,1774.192,1763.484,0.00504846349929543,240.0,0.37399999999990996,0.003023727752578354,14.025000000000091,0.007908381192431688,1773.435,1778.8055,1779.851,1765.826,0.0054797636140747,240.0,0.3709999999999809,-0.0003894135988416462,10.00200000000018,0.005643705141515924,1772.24,1771.55,1775.515,1765.513,0.00426000450066846,360.0,0.40399999999999636,8.565500000000043,0.005006406790697441,0.002564470810289368,0.0006169412597831859,0.003796306971390981,0.003063357136125758,0.002858713614649398,1.167707664467939,0.15504256580834888,-0.15184949552914032,0.4658218305387203,0.5687122008657994,0.14573508111524774,1.0,0.23688050901873636,0.14768548245871155,-5.297036828647284,-0.023543135403541318,0.0,0.0,0.0,0.0
2021-04-21,True,True,True,-0.0043913862780018175,10.735999999999876,0.006004155260207022,1788.095,1780.26,1788.312,1777.576,0.0032014682558218,240.0,0.36999999999989086,0.005603994498343661,15.894000000000005,0.008914164570486344,1783.005,1793.025,1797.54,1781.646,0.00500320611480958,240.0,0.39600000000007185,0.004419108715766216,9.208999999999833,0.005182417260842801,1776.97,1784.8400000000001,1785.649,1776.44,0.0038348711309169874,360.0,0.37599999999997635,8.565500000000043,0.005006406790697441,0.0025622217310733667,0.0003894135988416462,0.003796306971390981,0.00293457736178307,0.002858713614649398,1.0751269628159228,0.07243875955083065,1.724717522364843,0.45842302835205373,0.11323779595923793,-1.4964288674719348,1.0,0.3108983713735331,0.3800128422158503,-5.297036828647284,0.12493639789569125,0.0,0.0,0.0,0.0
2021-04-22,True,True,True,-0.003760175413337423,9.914999999999964,0.00553340272177558,1791.845,1785.12,1793.587,1783.672,0.0027679440383960047,240.0,0.36800000000005184,-0.002940720983431349,9.045000000000073,0.005063822640241896,1786.1999999999998,1780.955,1788.143,1779.098,0.004699260222486902,240.0,0.39449999999999363,-0.0012998715906000827,7.644999999999982,0.00426225852312323,1793.65,1791.3200000000002,1797.73,1790.085,0.0029096380359801464,357.0,0.38600000000019463,8.565500000000043,0.005006406790697441,0.002744142010031781,0.004419108715766216,0.003841761042657928,0.003096718627179471,0.002858713614649398,0.892534002685184,-0.1136906678073579,-0.473689621691637,0.36487208036428326,-0.0322669183519178,-1.2142450981289947,1.0,0.7487011849862797,0.0612923939057686,-5.297036828647284,0.053854089423536936,0.0,0.0,-0.0,-0.0
2021-04-23,True,True,True,0.0013519431410503229,6.807999999999993,0.003813769511747308,1785.1105,1787.5255,1788.248,1781.44,0.002677861452428747,240.0,0.3550000000000182,-0.008248815973737982,26.055000000000064,0.014545627100476795,1791.26,1776.545,1795.893,1769.838,0.005854400238841735,240.0,0.3865000000000691,0.0009248646293192082,7.032999999999902,0.003943988963784559,1783.22,1784.87,1789.608,1782.575,0.0024766326618936452,360.0,0.3629999999999427,8.513000000000034,0.004910579744168978,0.0027069605891258627,0.0012998715906000827,0.003841761042657928,0.0031908750060696558,0.002858713614649398,0.8261482438623134,-0.19098104957605666,0.3416616529381639,-0.007312793137817096,-0.06535322809332839,0.42369041046066297,1.0,0.13332550217314534,0.02825091037238459,-5.316363269977079,-0.06525090107802095,0.0,0.0,-0.0,-0.0
2021-04-26,True,True,True,0.001856159465125214,6.50200000000018,0.003660592889937412,1776.2150000000001,1779.5149999999999,1782.169,1775.667,0.00303976211150478,240.0,0.37000000000011823,0.0013454901959014777,11.628000000000156,0.0065451045398642665,1776.595,1778.987,1780.123,1768.495,0.005631998579249011,240.0,0.38049999999986994,0.0027805866426316795,8.629000000000133,0.004861319440630035,1775.0325,1779.975,1783.38,1774.751,0.0031021350337176934,359.0,0.38400000000001455,8.513000000000034,0.004910579744168978,0.0027143080447303014,0.0009248646293192082,0.003841761042657928,0.003163751314362185,0.002858713614649398,1.0136262187243157,0.013534216624261984,1.0244182299168492,-0.04830574025120222,0.061407521001256606,0.5866957547197155,0.0,0.0,0.4416774345118934,-5.316363269977079,0.013864698237537656,0.0,0.0,0.0,0.0
2021-04-27,True,True,True,0.0007647264959613928,5.986000000000104,0.0033622640068122094,1780.348,1781.71,1781.881,1775.895,0.0026214434514627606,240.0,0.36400000000003274,-0.0025159902415988976,7.884999999999991,0.004423182750653095,1782.653,1778.1734999999999,1785.388,1777.503,0.004947367175217016,240.0,0.4215000000000373,0.0017363008310500284,10.346000000000004,0.005811984057209789,1780.115,1783.2085,1783.973,1773.627,0.003064941946921567,358.0,0.38900000000001,8.565500000000043,0.004910579744168978,0.0027825275112089046,0.0027805866426316795,0.0038273134059524745,0.0031826263327483957,0.002858713614649398,1.2078687759033275,0.18885746439294254,0.6240013168084259,-0.1295485378498588,-0.08664663682400799,0.24028158382671455,0.0,0.0,0.33395598622380335,-5.316363269977079,0.11784730647029655,0.0,0.0,0.0,0.0
2021-04-28,True,True,True,-0.001457154958145719,7.2690000000000055,0.00411042563177508,1768.43,1765.855,1770.512,1763.243,0.002980574269569296,240.0,0.3770000000000664,0.004407703676163901,13.357999999999947,0.007560773295380387,1766.7505,1774.5549999999998,1775.783,1762.425,0.004534780261237163,240.0,0.39449999999999363,-0.0033819789009418948,9.177999999999884,0.005168869640634526,1775.63,1769.635,1775.472,1766.294,0.0036495294072089097,358.0,0.3789999999999054,8.617000000000075,0.005006406790697441,0.002778472549903749,0.0017363008310500284,0.0038273134059524745,0.003178292631491214,0.002858713614649398,1.0651038644539634,0.06307231971499053,-1.2172079587610294,0.07136348672162597,0.04174425130020489,-0.45847098650008217,1.0,0.3540675409075237,0.13983985145641367,-5.297036828647284,-0.07677212953460665,0.0,0.0,0.0,0.0
2021-04-29,True,True,False,-0.002212078960803771,9.444999999999936,0.005310431103551965,1778.575,1774.645,1781.463,1772.018,0.0031172830415143113,240.0,0.3985000000001264,,,,,,,,,,,0.0006721619448827091,6.588999999999942,0.0036935088361971383,1783.9405000000002,1785.14,1789.873,1783.284,0.002087019661479315,354.0,0.39449999999999363,8.617000000000075,0.005006406790697441,0.0027434524783792494,0.0033819789009418948,0.0038273134059524745,0.002895839337972967,0.002858713614649398,0.764651270743865,-0.2683354043259645,0.2450058640271409,0.3275099226008055,0.0865900638494165,-0.7638817982050704,1.0,1.307415573865612,0.7618660786816754,-5.297036828647284,-0.06574374758595512,0.0,0.0,-0.0,-0.0
2021-04-30,True,True,True,-0.0011377284941702778,6.048000000000002,0.0034129375048142572,1772.0805,1770.0655000000002,1772.515,1766.467,0.0026294371413987227,240.0,0.39800000000013824,-0.0018960218346430573,8.019999999999982,0.0045294241729494445,1770.6444999999999,1767.2905,1772.136,1764.116,0.0046069147501749536,240.0,0.37649999999996453,-0.0024391695094009725,7.800000000000182,0.004398689303374601,1773.2555000000002,1768.9355,1773.101,1765.301,0.002996788243361428,360.0,0.38250000000005,8.617000000000075,0.004910579744168978,0.002724609008041505,0.0006721619448827091,0.0038273134059524745,0.0029448345648275605,0.002858713614649398,0.9051874202158655,-0.0996132625620692,-0.8952365283245866,-0.11458973763484617,-0.08360192995251149,-0.38634716793909246,0.0,0.0,0.3649762098177967,-5.316363269977079,0.08917743135115234,0.0,0.0,-0.0,-0.0
2021-05-03,False,True,True,-0.0009471494182712947,8.230999999999995,0.004624508038531009,1779.865,1778.18,1782.613,1774.382,0.003101576778897805,240.0,0.4800000000000182,0.006385226174614118,18.503000000000156,0.010388171082841865,1781.1605,1792.57,1797.66,1779.157,0.004967582021554185,240.0,0.44299999999998363,,,,,,,,,,,,,,,0.003782763077185814,0.002942048294997597,0.0027983101787093173,,,,0.20091527985786575,0.10289489313926492,-0.3219353740323519,,,,,,,,,
2021-05-04,False,True,True,-0.0014646628607438434,8.95900000000006,0.0050152264940997665,1786.3600000000001,1783.7455,1790.443,1781.484,0.002796845960246487,240.0,0.2839999999998781,-0.004481093522631484,25.30300000000011,0.014185760978645455,1783.69,1775.7150000000001,1798.989,1773.686,0.011601349624036122,240.0,0.29700000000002547,,,,,,,,,,,,,,,0.0038273134059524745,0.002941182149685669,0.0027983101787093173,,,,0.270315487256885,-0.0005233878947759213,-0.49798441109822983,,,,,,,,,
2021-05-05,True,True,True,0.0005279632056868552,5.865000000000009,0.0033020487903748,1776.17,1777.108,1780.029,1774.164,0.002462729542260075,240.0,0.29899999999997817,0.0032625732846689455,14.59900000000016,0.008209255895254057,1778.3584999999998,1784.17,1784.843,1770.244,0.0053821890515440085,240.0,0.29200000000003,-0.00015771449520270912,6.586000000000013,0.0037027656330950636,1778.6705,1778.3899999999999,1783.243,1776.657,0.0022643674728579114,359.0,0.3330000000000837,8.552500000000009,0.004863890438106629,0.0026477916971161123,0.0024391695094009725,0.003962097571761194,0.0029368196049224067,0.002803838598589969,0.7700672318035668,-0.2612774539154493,-0.05956454028256323,-0.1822304534732539,-0.12971910153425806,0.17977379502708832,1.0,0.29149371528791995,0.2595732242034256,-5.325916659632279,0.015562871428672338,0.0,0.0,-0.0,-0.0
2021-05-06,True,True,True,-0.0008363910619752353,5.164999999999964,0.002879729076872577,1793.5715,1792.072,1795.722,1790.557,0.0026657229162625746,240.0,0.2860000000000582,0.01133863632905345,27.264000000000124,0.015198641799777026,1793.8445000000002,1814.3,1817.919,1790.655,0.007453591515304374,240.0,0.31799999999998363,0.0038595128824895006,10.433999999999969,0.005844143841888839,1785.377,1792.281,1792.305,1781.871,0.0031001609294606103,359.0,0.3269999999999982,8.552500000000009,0.004863890438106629,0.0025366464840261764,0.00015771449520270912,0.003962097571761194,0.0029121117222805676,0.002791317540365835,1.2199941537562067,0.19884606673057423,1.5215020724384365,-0.31907735567634143,-0.04603843708434192,-0.2872111861560829,1.0,0.3995323004969205,0.1508915521777333,-5.325916659632279,0.30254470262680033,0.0,0.0,0.0,0.0
2021-05-07,True,True,True,0.001570011973232469,5.499000000000024,0.003024777432157044,1817.9850000000001,1820.8415,1823.044,1817.545,0.0025396626413258165,240.0,0.27949999999998454,0.00822779712118346,25.932999999999993,0.014247824683574726,1820.1375,1835.175,1843.146,1817.213,0.012447254609768582,240.0,0.3200000000001637,0.0018288314067316784,9.45399999999995,0.005209389464403764,1814.8,1818.1219999999998,1822.219,1812.765,0.0030536936793718827,359.0,0.3100000000001728,8.552500000000009,0.004863890438106629,0.002457681671352197,0.0038595128824895006,0.003962097571761194,0.0028969808080667506,0.002782394999321246,1.1054077755042315,0.1002142945014156,0.7441286754299102,-0.26993606223941535,-0.09128081352890433,0.5419476611169506,1.0,0.0964630225080438,0.016018707980089576,-5.325916659632279,0.07457233022648133,0.0,0.0,0.0,0.0
2021-05-10,True,True,True,0.00249950851450297,6.6059999999999945,0.0035990869891043956,1835.4655,1840.059,1840.069,1833.463,0.002404131206563776,240.0,0.29750000000001364,0.0003141495336876085,10.023999999999887,0.005444303563373745,1841.1905,1841.769,1845.367,1835.343,0.005545131468547151,240.0,0.31300000000010186,0.0011700267719903527,9.139000000000124,0.004976340736949357,1836.49,1838.6399999999999,1839.018,1829.879,0.0037669356329383045,360.0,0.35200000000008913,8.617000000000075,0.004910579744168978,0.0023519864614457695,0.0018288314067316784,0.003962097571761194,0.002887649783422795,0.002782394999321246,1.0605779273529121,0.05881397403243961,0.49746322573265817,-0.09609337571003848,-0.14612347374142204,0.8655857538029585,1.0,0.1219682023906141,0.36839967506090576,-5.316363269977079,0.029257789240334203,0.0,0.0,0.0,0.0
2021-05-11,True,True,True,0.003282588420587447,8.749000000000024,0.004771364179865554,1833.6475,1839.6765,1841.326,1832.577,0.0027367995859697513,240.0,0.3184999999999718,-0.0033095709556419943,23.866999999999962,0.012974492160372247,1839.5325,1833.4544999999998,1841.662,1817.795,0.006505448653032471,240.0,0.3324999999999818,0.0004404758735088242,7.08400000000006,0.0038578719457719895,1836.2455,1837.0545,1838.29,1831.206,0.0029869144707778753,360.0,0.34799999999995634,8.617000000000075,0.004910579744168978,0.002237086758982817,0.0011700267719903527,0.003962097571761194,0.002936491774039315,0.002782394999321246,0.8220958570268072,-0.195898276337043,0.1968970902626524,0.18585868072959089,-0.01652286396390946,1.1178605877965924,1.0,0.35232679586863547,0.3953812231635019,-5.316363269977079,-0.03857180059823277,0.0,0.0,-0.0,-0.0
2021-05-12,True,True,True,-8.176447742332897e-06,5.531999999999925,0.0030154615994701277,1834.545,1834.53,1835.571,1830.039,0.0022152516713544713,240.0,0.3384999999999536,-0.005158481097427247,22.757000000000062,0.01240944234397067,1833.8455,1824.41,1843.507,1820.75,0.008810860351083675,240.0,0.36599999999998545,-0.0031561667225087457,10.845000000000027,0.005907972903405066,1835.6550000000002,1829.8705,1836.718,1825.873,0.0033262908702106427,359.0,0.37400000000002365,8.617000000000075,0.004910579744168978,0.0021594130623625997,0.0004404758735088242,0.004168529515496381,0.0030133798864824075,0.0027523718121828782,1.2585586631078023,0.2299671480212017,-1.4615854546399771,-0.32381042000162347,-0.2170969986945117,-0.0027133810041711885,0.0,0.0,0.5424741789485945,-5.316363269977079,-0.336116638592827,0.0,0.0,0.0,0.0
2021-05-13,True,True,True,-0.0041421593471120104,13.5150000000001,0.007419057343302318,1821.66,1814.13,1822.159,1808.644,0.0033755858895487757,240.0,0.35400000000004184,0.005628323961573976,13.308999999999969,0.0073322167987042155,1815.1399999999999,1825.385,1826.941,1813.632,0.005848896783659613,240.0,0.3325000000000955,-0.00016781454606349714,9.668999999999869,0.005319549854618705,1817.635,1817.33,1822.831,1813.162,0.003544709184444942,360.0,0.38400000000001455,8.884000000000128,0.004965519394852045,0.002249657113092104,0.0031561667225087457,0.003962097571761194,0.0029254571413898484,0.0027523718121828782,1.0883610986042018,0.08467298546920146,-0.07459561063189747,0.6272784315581248,0.20410588904545088,-1.4159015657785785,1.0,0.5085547050877942,0.48739306618641287,-5.3052373757072235,-0.006316233055100865,0.0,0.0,0.0,0.0
2021-05-14,True,True,True,0.0003323806933767122,5.730000000000018,0.003122717909032458,1834.94,1835.5500000000002,1837.234,1831.504,0.0024817803765318307,240.0,0.3220000000001164,0.0025223528852047414,7.957000000000107,0.004336108635406454,1835.0555,1839.69,1841.14,1833.183,0.00412498572836639,240.0,0.3524999999999636,0.0008488499962052833,7.15300000000002,0.003918968894245926,1825.225,1826.775,1826.742,1819.589,0.002994179756798751,359.0,0.39000000000010004,8.884000000000128,0.004965519394852045,0.002152945810880383,0.00016781454606349714,0.004367466835153044,0.0031028847600119034,0.002782394999321246,0.8051553354344796,-0.2167200569059459,0.3942737396897934,-0.33547942214089704,-0.11433587098528585,0.1071198961882932,1.0,1.1809995497523424,0.9190679873930488,-5.3052373757072235,-0.08544702730209212,0.0,1.0,-0.0,-0.2167200569059459
2021-05-17,True,True,True,-0.0023767799893209154,5.960000000000036,0.0032156335904221793,1853.4450000000002,1849.045,1854.351,1848.391,0.002160826885781826,239.0,0.3220000000001164,0.010259123853456066,22.973999999999933,0.012436024088233268,1847.375,1866.4250000000002,1866.883,1843.909,0.0043792347541108155,240.0,0.3350000000000364,0.0028734195668373734,11.837999999999965,0.006408514370165039,1847.23,1852.5455,1855.28,1843.442,0.0034768468159126747,359.0,0.37599999999997635,8.884000000000128,0.004965519394852045,0.002100021994050449,0.0008488499962052833,0.003962097571761194,0.0023678679447323592,0.0027523718121828782,1.3325078793336105,0.287062790236335,1.3682807013345715,-0.2087491633695423,-0.24197205118444537,-1.0037637422341825,0.0,0.0,0.10124943719047766,-5.3052373757072235,0.39278247595163146,0.0,1.0,0.0,0.287062790236335
2021-05-18,True,True,True,-0.0011398405136625106,3.4270000000001346,0.001832007529032473,1870.6255,1868.4945,1870.585,1867.158,0.001981399430137234,240.0,0.36750000000006366,-0.0028459194481092313,11.829999999999927,0.006325374483022239,1870.245,1864.9299999999998,1874.831,1863.001,0.005384670502129093,240.0,0.38800000000014734,0.0012378605044246296,6.934999999999945,0.0037105304694208655,1869.005,1871.3200000000002,1873.587,1866.652,0.003087587323221694,359.0,0.4579999999998563,9.158500000000004,0.005072605188791941,0.002099454325727286,0.0028734195668373734,0.00373718120084236,0.002165693802361381,0.002707330519199249,0.7572200687885509,-0.2781013560513479,0.5896105903593849,-0.7129192616679134,-0.31215972319613555,-0.5263165607343367,0.0,0.0,0.07583119506470072,-5.283900749408454,-0.16397150472118072,1.0,1.0,-0.2781013560513479,-0.2781013560513479
2021-05-19,True,True,True,-0.008322737891734142,18.148999999999887,0.009689052369143813,1873.145,1857.62,1872.885,1854.736,0.004213140306556576,240.0,0.4199999999998454,0.015738279180881908,34.85299999999984,0.018779714589073432,1855.8854999999999,1885.325,1889.878,1855.025,0.010648208243582237,240.0,0.41050000000007003,0.00070820491728313,7.91599999999994,0.004232555279599383,1870.2649999999999,1871.5900000000001,1872.243,1864.327,0.00330137801843579,360.0,0.45900000000006,9.158500000000004,0.005072605188791941,0.0021002474732681165,0.0012378605044246296,0.003629839939520904,0.002158044918548849,0.002671792184345661,0.864333679095915,-0.14579638207782322,0.33720069958285387,0.9818080728897534,0.4554588083538667,-3.8566101290100416,1.0,1.0472238903750495,0.1697876289785266,-5.283900749408454,-0.04916264203329105,1.0,1.0,-0.14579638207782322,-0.14579638207782322
2021-05-20,True,True,True,-0.001189815852616533,11.150000000000091,0.005958902279346974,1871.15,1868.925,1876.249,1865.099,0.003570413555638222,240.0,0.4070000000001528,0.0046542087773268365,13.298999999999978,0.00710659627222981,1871.3600000000001,1880.09,1880.729,1867.43,0.004236965871112148,240.0,0.3834999999999127,0.0041797581532017165,15.247000000000071,0.008171216652196786,1865.94,1873.7555,1878.894,1863.647,0.004356104574251434,359.0,0.4759999999998854,8.884000000000128,0.004918830088789696,0.0021003376971562705,0.00070820491728313,0.003629839939520904,0.002646763605596053,0.002671792184345661,1.71623142728499,0.5401308563575792,1.9900410104817214,0.4956977292874695,0.28993195366785507,-0.4495361240803316,0.0,0.0,0.29328005402970003,-5.314684563585054,1.0748825551781944,0.0,1.0,0.0,0.5401308563575792
2021-05-21,True,True,True,0.00255388698831986,7.208000000000084,0.003847201825179201,1873.5695,1878.3605,1880.044,1872.836,0.002311638546875345,240.0,0.37800000000004275,-0.001766020162231819,19.021000000000186,0.010124230875684061,1878.76,1875.4450000000002,1889.217,1870.196,0.00611607116670771,240.0,0.40949999999998,0.0010266872905954558,6.595000000000027,0.0035192102454642622,1874.0,1875.9250000000002,1876.892,1870.297,0.002711757636980062,358.0,0.44249999999999545,8.884000000000128,0.004918830088789696,0.002228720009106848,0.0041797581532017165,0.003629839939520904,0.002555314766538834,0.002671792184345661,0.7423457901845939,-0.29794011986291336,0.4606623023081743,0.05815753189004875,-0.14479287659859488,0.9994412515289034,1.0,0.3547951373255288,0.26513957676723166,-5.314684563585054,-0.13724978156602308,0.0,1.0,-0.0,-0.29794011986291336
2021-05-24,True,True,True,-2.6569030785629255e-07,8.003999999999905,0.004253169884220099,1881.8905,1881.89,1882.974,1874.97,0.0033168973187644194,240.0,0.40800000000001546,0.001965221533941486,8.38000000000011,0.004455337632716485,1880.8899999999999,1884.5900000000001,1886.084,1877.704,0.004746122993295279,240.0,0.4339999999999691,0.0010453286175326044,7.2650000000001,0.00385699648012577,1883.5900000000001,1885.56,1886.794,1879.529,0.0028455038589597324,356.0,0.5699999999999363,8.272500000000036,0.004630004372002318,0.0020662720738509185,0.0010266872905954558,0.003629839939520904,0.002618294507950332,0.002647580028830649,0.8782109398609934,-0.1298684637913746,0.5059007624220666,0.15847600652653798,0.22538377731806797,-0.00010147456943805825,1.0,0.5511030522816499,0.4435781202780241,-5.3751974666074815,-0.06570055484663896,0.0,1.0,-0.0,-0.1298684637913746
2021-05-25,True,True,True,-0.0009344479270132029,7.2719999999999345,0.0038580695168738467,1884.8805,1883.12,1887.033,1879.761,0.0030227508855761092,240.0,0.43100000000004,0.005349143554063255,16.210000000000036,0.00861237663872915,1882.175,1892.27,1895.816,1879.606,0.006281007861643436,240.0,0.4374999999998863,-0.0012922103695648113,7.303000000000111,0.0038898402358512516,1877.455,1875.0304999999998,1879.826,1872.523,0.0029687300702294765,358.0,0.4664999999998827,8.272500000000036,0.004630004372002318,0.002013622127185001,0.0010453286175326044,0.0037231444071417984,0.0025591612775068386,0.002647580028830649,0.8828044726503571,-0.12465153817564663,-0.6417342917120665,0.03559835122824976,0.13252127993016743,-0.3651383502971535,1.0,0.871199758235098,1.1906920519794613,-5.3751974666074815,0.07999316656196821,0.0,1.0,-0.0,-0.12465153817564663
2021-05-26,True,True,True,0.0012401695875940693,6.516999999999825,0.003419534424904739,1905.815,1908.1799999999998,1910.052,1903.535,0.003029338841059953,240.0,0.4115000000000464,-0.0014810577037201505,13.576000000000022,0.007124807460685255,1905.455,1902.635,1912.48,1898.904,0.006123571243681197,240.0,0.47050000000001546,0.002706475501225648,10.725000000000136,0.005649969010776104,1898.2404999999999,1903.385,1907.611,1896.886,0.003312574033146567,360.0,0.4270000000000209,8.272500000000036,0.004630004372002318,0.002066798264862899,0.0012922103695648113,0.003852635671026524,0.0025365986514012274,0.002701261251116163,1.29646418857662,0.25964070400045874,1.3095015354123989,-0.1192530952131779,0.11462559745858575,0.48891044979031056,1.0,0.295074040495593,0.29374433363554586,-5.3751974666074815,0.3399999005441569,0.0,1.0,0.0,0.25964070400045874
2021-05-27,True,True,True,-0.0029782577757861434,8.220000000000027,0.004322698373466429,1901.5900000000001,1895.935,1902.192,1893.972,0.0028000875491572172,240.0,0.37800000000004275,-0.0007412462409260697,10.618000000000166,0.005603729556981937,1894.8094999999998,1893.4055,1898.622,1888.004,0.005410614211191724,240.0,0.49500000000000455,0.003030532741210562,9.90300000000002,0.00522274316634409,1896.13,1901.885,1901.978,1892.075,0.0031628643247761097,358.0,0.44499999999993634,8.527500000000032,0.0046875150201619795,0.002062916797810227,0.002706475501225648,0.0037231444071417984,0.0025696402172654914,0.002701261251116163,1.1613016710642021,0.14954150622850026,1.4690523362005938,0.14931124876559146,0.03593189026645365,-1.1590174203280048,1.0,0.02509527997653955,0.03459396071531449,-5.362852683389519,0.21968429908393397,0.0,1.0,0.0,0.14954150622850026
2021-05-28,True,True,True,0.0017371857868324126,6.043999999999869,0.003198501297869625,1889.635,1892.9205000000002,1894.514,1888.47,0.002180611010085702,240.0,0.4249999999999545,0.002378950705729707,18.269999999999982,0.009660377198866019,1891.2305000000001,1895.7350000000001,1900.224,1881.954,0.005338287935935879,240.0,0.4700000000000273,-0.003644677529364321,8.660000000000082,0.004562371864390125,1898.1354999999999,1891.23,1897.952,1889.292,0.002575571731923295,359.0,0.43000000000006366,8.527500000000032,0.0046875150201619795,0.002117153009041362,0.003030532741210562,0.0037231444071417984,0.0025999175583186758,0.002701261251116163,1.015537965406045,0.01541848726368569,-1.7214993502121114,-0.1518862262995336,-0.2141136765962706,0.6681695660980198,1.0,0.0963940193491511,0.18704192318968293,-5.362852683389519,-0.02654291580568863,0.0,1.0,0.0,0.01541848726368569
2021-05-31,True,True,True,-0.00024174240482907703,4.344000000000051,0.0022801348239942466,1905.1505,1904.69,1906.785,1902.441,0.0018714223971462586,240.0,0.47700000000008913,0.00024409288774154543,3.270000000000209,0.001716733691030045,1904.78,1905.245,1906.736,1903.466,0.0016589314921570918,240.0,0.5040000000000191,0.0015613092450968574,8.106999999999971,0.004257956422518256,1903.9650000000001,1906.94,1910.356,1902.249,0.0028264282684199713,359.0,0.5520000000001346,8.288000000000011,0.004480530583882363,0.002144782649005241,0.003644677529364321,0.0037231444071417984,0.002651861744274042,0.002701261251116163,0.9781611969111921,-0.02208079951156209,0.7279568611863766,-0.4903340074331184,-0.3670200120705075,-0.0911595053366008,0.0,0.0,0.21591457528958577,-5.408013805665671,-0.016073869504922417,0.0,1.0,-0.0,-0.02208079951156209
2021-06-01,True,True,True,-0.004712626684452362,11.465999999999894,0.005986435757806694,1915.33,1906.3249999999998,1915.251,1903.785,0.0032207855214648326,240.0,0.4070000000000391,-0.004838797460076695,19.942999999999984,0.010446776077652806,1909.01,1899.795,1911.783,1891.84,0.004913512755560412,240.0,0.53349999999989,0.0022770825505409285,8.252999999999929,0.004325097672371063,1908.165,1912.5149999999999,1914.282,1906.029,0.002439164789198422,359.0,0.47299999999995634,8.383500000000026,0.004480530583882363,0.002152535978345336,0.0015613092450968574,0.0035093107070045676,0.0026507102325317787,0.0026026927787941956,0.9844337090713787,-0.015688717785189984,1.057860390464336,0.534076564517851,0.21307868734240568,-1.7778732004030409,1.0,0.2676686348183822,0.335778612751243,-5.408013805665671,-0.016596473122125848,0.0,1.0,-0.0,-0.015688717785189984
2021-06-02,True,True,True,-0.0008643800457020795,5.885000000000218,0.0031013593808876254,1897.555,1895.9155,1900.63,1894.745,0.0024454563575315477,240.0,0.4519999999999982,0.0022304688645931946,8.205999999999904,0.004316018155046827,1901.2894999999999,1905.5349999999999,1908.636,1900.43,0.0036347895845245835,240.0,0.45799999999997,-0.00018959991840797932,8.363999999999805,0.004404620533304443,1898.915,1898.555,1902.129,1893.765,0.0031595002014393066,358.0,0.5180000000000291,8.456500000000005,0.004443734768380595,0.002036157274837676,0.0022770825505409285,0.0035093107070045676,0.0028080938400822904,0.0026026927787941956,0.98906166853897,-0.010998594865596402,-0.09311653905668676,-0.12357911308450951,-0.06231483842105872,-0.30781736470628385,0.0,0.0,0.11825223201087913,-5.4162600920685335,0.0010241510883709818,0.0,1.0,-0.0,-0.010998594865596402
2021-06-03,True,True,True,-0.0017617153321131845,7.768000000000029,0.004093699770757043,1897.5500000000002,1894.21,1898.078,1890.31,0.0032743591749316136,240.0,0.4680000000000746,-0.012270418763962083,29.513000000000147,0.015594633581856978,1892.51,1869.43,1893.958,1864.445,0.005724083169864876,240.0,0.48649999999997817,-0.003346552645403633,9.250999999999976,0.004848570612452391,1907.9850000000001,1901.6105,1909.456,1900.205,0.0026969727762366394,355.0,0.4499999999998181,8.511999999999944,0.004483496198847284,0.0020371391828420495,0.00018959991840797932,0.0035093107070045676,0.0027943969326973328,0.0026026927787941956,1.0868186090225609,0.08325472118989712,-1.6427707412386017,0.1540295121654497,0.22957558493615127,-0.6304456290726969,1.0,1.162476503759404,0.4770324248120121,-5.407352135381768,-0.1367684200407404,0.0,1.0,0.0,0.08325472118989712
2021-06-04,True,True,True,-0.0013519870937219773,6.897999999999911,0.0036829502043561704,1872.955,1870.4245,1874.915,1868.017,0.0026458754892377256,240.0,0.5130000000000337,0.011625134240917117,29.376000000000204,0.015698932776118234,1871.21,1893.09,1895.986,1866.61,0.008111123652848941,240.0,0.4979999999999336,-0.0021964301471630713,18.33100000000013,0.009797460709408701,1870.995,1866.8899999999999,1871.871,1853.54,0.005074754864053565,360.0,0.5659999999999172,8.511999999999944,0.004483496198847284,0.0021425013552409627,0.003346552645403633,0.0037231444071417984,0.002803954338959659,0.002638231113647784,2.1535479323308566,0.7671166831379528,-1.025170948802524,-0.010854465013330554,0.0028933484871982453,-0.4821715799493369,1.0,0.3576127819548742,0.7125234962406126,-5.407352135381768,-0.7864257378947802,0.0,1.0,0.0,0.7671166831379528
2021-06-07,True,True,True,0.00029183060236670564,6.08400000000006,0.003228648149524013,1884.38,1884.93,1886.909,1880.825,0.0028989978692617268,240.0,0.4519999999999982,0.0037155544470255128,10.09199999999987,0.005347633253673383,1887.19,1894.2150000000001,1894.57,1884.478,0.0034683458521739905,240.0,0.4574999999999818,-0.003151311832445867,10.529999999999973,0.005572932378578332,1889.49,1883.545,1891.635,1881.105,0.002961682178803024,359.0,0.5480000000000018,8.511999999999944,0.004483496198847284,0.002214471427672866,0.0021964301471630713,0.003765076014767686,0.0027510808390056552,0.0026913375376037387,1.237077067669178,0.21275139354659967,-1.423053733304432,-0.15370453082588456,0.0743268190355478,0.10607852674812139,1.0,0.03289473684210228,0.09809680451128312,-5.407352135381768,-0.3027566648522091,0.0,0.0,0.0,0.0
2021-06-08,True,True,True,-0.0011078901367709026,8.698000000000093,0.00458623444210398,1896.545,1894.4450000000002,1898.086,1889.388,0.0025854937628190197,240.0,0.5460000000000491,-0.004650097727939327,20.74500000000012,0.010918018809833384,1900.07,1891.255,1903.305,1882.56,0.006460506990722808,240.0,0.55600000000004,-0.0019186419195446585,8.40800000000013,0.004428211414441788,1898.7350000000001,1895.0955,1903.085,1894.677,0.002468843266146986,356.0,0.5515000000000327,8.511999999999944,0.004483496198847284,0.002347896497472768,0.003151311832445867,0.003765076014767686,0.002649099765769681,0.0027684435675634843,0.9877819548872397,-0.012293299024616601,-0.8171748293035271,0.1972912534969114,-0.0683687728323635,-0.418213821573085,1.0,0.6213580827067695,0.17028900375941972,-5.407352135381768,0.010045774532018287,0.0,0.0,-0.0,-0.0
2021-06-09,False,True,True,-0.0009759155933225544,6.73700000000008,0.003561808237573762,1891.455,1889.6100000000001,1893.462,1886.725,0.0025599990095215653,239.0,0.5539999999998599,3.700658982071695e-05,13.174999999999955,0.006965297749957682,1891.52,1891.5900000000001,1898.745,1885.57,0.004252729344627587,240.0,0.5510000000000446,,,,,,,,,,,,,,,0.003765076014767686,0.002447194421713784,0.0027229815191974717,,,,-0.05549970308044264,-0.06172055515572073,-0.39878956271856625,,,,,,,,,
2021-06-10,True,True,True,-0.002019113179752725,10.836000000000013,0.005751851861681664,1883.915,1880.115,1885.121,1874.285,0.0026732963083831904,240.0,0.4735000000000582,0.009379625417116445,25.385999999999967,0.013531185929613403,1876.1105,1893.7905,1893.951,1868.565,0.006662275458189523,240.0,0.5759999999999081,-0.002401279715408342,6.7650000000001,0.0035817149876109723,1888.76,1884.23,1889.169,1882.404,0.0026722441237017774,357.0,0.4700000000000273,8.534000000000106,0.004495291639415956,0.002396037768853018,0.0019186419195446585,0.003765076014767686,0.0024308847299369584,0.0027229815191974717,0.7927115069135243,-0.23229592314305442,-1.0021877562296664,0.4237538149659149,-0.018415143359046978,-0.830608360358201,1.0,0.9513709866416469,0.03691117881416108,-5.404724732314291,0.23280412999603672,0.0,0.0,-0.0,-0.0
2021-06-11,True,True,True,-0.005154842918881781,14.129999999999882,0.0074326583010247025,1901.0695,1891.295,1902.886,1888.756,0.0027782387744067403,240.0,0.6030000000000655,-0.004785839828833204,16.529999999999973,0.008749063828998925,1889.345,1880.3245,1891.597,1875.067,0.005257426763475879,240.0,0.4115000000000464,0.0010160703173477468,3.561999999999898,0.0018762081843129075,1898.51,1900.44,1900.703,1897.141,0.002009844046723922,354.0,0.6165000000000873,8.385999999999967,0.004416415973873116,0.002347132737344899,0.002401279715408342,0.003765076014767686,0.002344950284521319,0.0026595858988104583,0.42475554495586837,-0.8562414638811257,0.4328985324013401,0.6801155232596275,0.043646759013033214,-2.1982738623109244,1.0,0.9998807536370169,0.07506558549964343,-5.422426777461463,-0.37066567309531434,0.0,0.0,-0.0,-0.0
2021-06-14,True,True,True,-0.0035222774012781356,9.801000000000158,0.005265660383440736,1861.3049999999998,1854.7604999999999,1862.439,1852.638,0.0029738330188548235,240.0,0.34199999999998454,0.005588980777919344,25.32399999999984,0.01366040483864434,1853.8249999999998,1864.2150000000001,1869.648,1844.324,0.006612323406524998,240.0,0.34799999999995634,-0.005265407627542852,13.480000000000018,0.007194223486844801,1873.7255,1863.8854999999999,1873.69,1860.21,0.004155994936200649,360.0,0.3970000000000482,8.308499999999867,0.004364859102837753,0.0023533678517840707,0.0010160703173477468,0.003852635671026524,0.0024747333081923464,0.0027257675413949654,1.6224348558705222,0.48392801832504706,-2.237392519639964,0.3124490627220367,0.08710164445111203,-1.4232957505433024,1.0,0.9113558404044337,0.31058554492388163,-5.43416936905742,-1.0827369282446517,0.0,0.0,0.0,0.0
2021-06-15,True,True,True,-0.0010448376689020087,5.8279999999999745,0.003121894778004234,1866.815,1864.8654999999999,1867.956,1862.128,0.0025829035271997796,240.0,0.34150000000011005,-0.004429959961354233,12.231999999999971,0.006561580529829374,1864.185,1855.9450000000002,1867.963,1855.731,0.00475946973804727,240.0,0.3405000000001337,-0.00040718576269673857,9.177999999999884,0.004916302863111597,1866.85,1866.09,1867.713,1858.535,0.003442996375357729,359.0,0.4179999999998927,8.385999999999967,0.004416415973873116,0.0026461063182423444,0.005265407627542852,0.003975884643815445,0.0025099399197188966,0.0027891631617819788,1.094443119484846,0.09024566722406205,-0.15388110443242076,-0.24180715711718578,-0.07682744454084187,-0.41627995184005295,1.0,0.02897686620557347,0.08645361316481508,-5.422426777461463,-0.013887102942679383,0.0,0.0,0.0,0.0
2021-06-16,True,True,True,-0.0028688701991473275,6.024999999999864,0.0032383062878770246,1860.5405,1855.2105000000001,1860.937,1854.912,0.0022529556742957556,239.0,0.3120000000001255,0.0025978931337899158,7.4500000000000455,0.004016053432378041,1855.0549999999998,1859.8805000000002,1861.445,1853.995,0.0033662803331049036,240.0,0.3305000000001428,0.001057304461887002,7.775000000000091,0.00418462962663959,1857.99,1859.9555,1860.835,1853.06,0.00247842047673935,358.0,0.39449999999999363,8.385999999999967,0.004416415973873116,0.0025529642321995877,0.00040718576269673857,0.003975884643815445,0.0025107924603368437,0.0027891631617819788,0.9271404722156119,-0.07565019068325746,0.4141477771414164,-0.20519683278131157,-0.21349862165236352,-1.1426154269885154,1.0,0.012163129024548313,0.06975912234677303,-5.422426777461463,-0.03133035831179536,0.0,0.0,-0.0,-0.0
2021-06-17,True,True,True,-0.009164399600898465,20.07199999999989,0.011057216910843139,1815.285,1798.725,1815.245,1795.173,0.005116616423543468,240.0,0.2820000000001528,-0.006850321755208103,23.348999999999933,0.013055001090292999,1788.51,1776.3,1790.45,1767.101,0.009726235017681375,240.0,0.29099999999994,-0.00041515394971909257,10.759000000000015,0.0059148533793664665,1818.98,1818.225,1825.176,1814.417,0.0038472308258059164,360.0,0.32599999999990814,8.385999999999967,0.004416415973873116,0.002547735361649621,0.001057304461887002,0.003852635671026524,0.0019709807342080474,0.0027257675413949654,1.282971619365616,0.24917896486320637,-0.1629501854738502,1.0543258249290606,0.6297433107923927,-4.649664728752804,1.0,2.294777009301215,0.35058430717861183,-5.422426777461463,-0.04060375854064148,0.0,0.0,0.0,0.0
2021-06-18,True,True,True,0.0044612197295626375,13.623999999999796,0.007637820216341255,1783.755,1791.7305000000001,1797.158,1783.534,0.004135228093225137,240.0,0.27700000000004366,-0.011175742914143496,25.207999999999856,0.0140496374448921,1794.21,1774.27,1794.158,1768.95,0.007768519373243743,240.0,0.3065000000000282,0.004725009987371341,11.055000000000064,0.006221684441567979,1776.85,1785.2655,1787.044,1775.989,0.003786178063656972,360.0,0.3009999999999309,8.534000000000106,0.004495291639415956,0.0025376242391019453,0.00041515394971909257,0.003852635671026524,0.002649130603815094,0.0027257675413949654,1.2954066088586744,0.25882462954359486,1.8619817365251452,0.6843547465200451,0.41679243353493217,1.6840316302782123,1.0,1.1851417857979472,0.17699789078976408,-5.404724732314291,0.4819267331730602,0.0,0.0,0.0,0.0
2021-06-21,True,True,True,0.0025575989315314938,11.769999999999982,0.006617953208203215,1778.4955,1783.05,1785.83,1774.06,0.00486092989833123,240.0,0.2919999999999163,0.0003788255360254556,13.085000000000036,0.007339557607253759,1782.8049999999998,1783.4805000000001,1786.5,1773.415,0.005711702290158698,240.0,0.2619999999999436,0.0022412104008962463,10.376999999999953,0.0058647661892866155,1769.38,1773.35,1776.748,1766.371,0.004290504537288458,360.0,0.3320000000001073,8.534000000000106,0.004495291639415956,0.002590841206905682,0.004725009987371341,0.003975884643815445,0.0028359498341125186,0.0027891631617819788,1.2159596906491474,0.1955336338573162,0.865051240856629,0.5095388638425584,0.5554881478869405,0.9018491444267271,1.0,1.0642137333020585,0.6029411764705905,-5.404724732314291,0.16914661259747715,0.0,0.0,0.0,0.0
2021-06-22,True,True,True,0.0009388527349533456,9.996999999999844,0.005606040639168175,1783.255,1784.93,1786.359,1776.362,0.0035138038326837854,240.0,0.2864999999999327,-0.0022737916281544064,11.033999999999878,0.006196196027561043,1780.77,1776.7255,1783.244,1772.21,0.004050282295986222,240.0,0.2739999999998872,-0.0013265691203709364,10.81899999999996,0.00606582193316885,1783.6,1781.2355,1790.07,1779.251,0.0030896638657426758,359.0,0.30399999999985994,8.918999999999983,0.004705471238421258,0.002637125680793264,0.0022412104008962463,0.003975884643815445,0.002964228065412245,0.0027891631617819788,1.2130283664087882,0.19312001502136436,-0.5030359872616674,0.3435974266950579,0.23095755487200945,0.31672756422093196,1.0,0.3239152371341969,0.22642672945398712,-5.359029354016221,-0.09714631741626006,0.0,0.0,0.0,0.0
2021-06-23,True,True,True,0.0001573252798748042,6.375,0.0035758558214932777,1782.79,1783.0705,1785.427,1779.052,0.0026175416616737966,240.0,0.2825000000000273,0.0020336483252137937,14.961999999999989,0.00839074561661773,1783.155,1786.7849999999999,1794.855,1779.893,0.005356595019117095,240.0,0.27300000000002456,0.0021942673548322887,6.66599999999994,0.003749819639075607,1777.6855,1781.5905,1783.831,1777.165,0.00269894131243487,360.0,0.2860000000000582,9.21449999999993,0.004882436737781994,0.002630153796659051,0.0013265691203709364,0.004208199072111736,0.0030096523764678207,0.0027891631617819788,0.7234250366270542,-0.3237583504044082,0.8342734016617407,-0.16283024420366699,-0.0635060286023586,0.052273571893191144,1.0,0.1732052742959483,0.13017526724184195,-5.322110852228873,-0.27010298030827945,0.0,0.0,-0.0,-0.0
2021-06-24,True,True,True,0.0029247878886693142,8.29099999999994,0.004665689372346289,1777.0149999999999,1782.22,1783.355,1775.064,0.0031607530787793694,240.0,0.262000000000171,-0.00511195943503363,12.10200000000009,0.006769838361858035,1787.635,1778.52,1787.904,1775.802,0.004390213433880136,240.0,0.2799999999999727,-0.0003992638853863047,7.2430000000001655,0.004075110767283305,1777.375,1776.6655,1779.967,1772.724,0.002785441507270439,356.0,0.3164999999999054,9.21449999999993,0.004882436737781994,0.002679290170130032,0.0021942673548322887,0.004208199072111736,0.0029705232477904276,0.0027257675413949654,0.7860437354170298,-0.24074284507673527,-0.1490185310413495,0.10320081647640073,0.14806026025389096,0.9846036016869645,1.0,0.36768137175103865,0.037929350480200755,-5.322110852228873,0.035875145132050264,0.0,0.0,-0.0,-0.0
2021-06-25,True,True,True,0.0018045961746998244,5.442999999999984,0.003057942476073824,1779.955,1783.17,1784.877,1779.434,0.002151978112733522,238.0,0.2524999999999409,-0.0033751532340942593,11.985999999999876,0.006714279832428624,1785.1505000000002,1779.1354999999999,1790.271,1778.285,0.005008815559720158,240.0,0.2719999999999345,0.0031074038523699696,7.0779999999999745,0.003987042955346287,1775.2505,1780.7755000000002,1780.71,1773.632,0.0026752418180143404,358.0,0.2864999999999327,8.918999999999983,0.004705471238421258,0.0025922237940572005,0.0003992638853863047,0.004339967106430512,0.003094182123966802,0.0027257675413949654,0.7935867249691656,-0.2311924507608004,1.1987405792253911,-0.3501244725536052,-0.23636258343663202,0.5832223516262504,1.0,0.4672048435923225,0.09199461823077332,-5.359029354016221,-0.27713977233753956,0.0,0.0,-0.0,-0.0
2021-06-28,True,True,True,-0.0024458586448307235,10.493999999999915,0.005887123082330196,1782.5345,1778.1799999999998,1784.519,1774.025,0.0034020180402677446,240.0,0.2580000000000382,0.0035102009934343853,9.566000000000031,0.005390206795514752,1774.7,1780.9405000000002,1782.88,1773.314,0.004077273244170781,240.0,0.2680000000000291,0.002071073952271659,15.011999999999944,0.008424192786742809,1782.0104999999999,1785.705,1785.629,1770.617,0.003869048652181747,359.0,0.3089999999999691,8.534000000000106,0.004495291639415956,0.0025975171980262847,0.0031074038523699696,0.004339967106430512,0.0030974543917898375,0.0027257675413949654,1.7590813217717083,0.56479169650695,0.7973282925115407,0.30490066838667573,0.22161874177980573,-0.7896350794748603,0.0,0.0,0.3715139442230968,-5.404724732314291,0.4503243990005828,0.0,0.0,0.0,0.0
2021-06-29,True,True,True,-0.0041996307727408515,9.18899999999985,0.005172530256121503,1776.5,1769.055,1776.668,1767.479,0.003950409845664352,240.0,0.2680000000000291,-0.004412381619053522,25.32399999999984,0.014303142579581051,1770.52,1762.725,1775.888,1750.564,0.007477492090298429,240.0,0.3020000000000209,0.00013215183984443846,5.151000000000067,0.0028968472673693117,1778.1399999999999,1778.375,1778.871,1773.72,0.0025059657632222837,357.0,0.2960000000000491,8.793000000000006,0.004638391013447089,0.0025264098344278912,0.002071073952271659,0.004625961907225135,0.0031051591245608284,0.0028386183218342335,0.5858068918457936,-0.5347650798134046,0.05230815604165997,0.11167765075965824,0.3305019045324552,-1.3524687799485373,1.0,0.7097691345388355,0.21323780279767982,-5.37338773722393,-0.027972575240510316,0.0,0.0,-0.0,-0.0
2021-06-30,True,True,True,-0.001828245039077626,7.0470000000000255,0.004003692919536979,1760.125,1756.9099999999999,1760.32,1753.273,0.002990178900216994,240.0,0.2739999999998872,0.002642960222961717,12.871999999999844,0.007310124596394087,1760.8455,1765.5055,1767.676,1754.804,0.005781880792502653,240.0,0.27300000000013824,-0.002666092203567402,8.05600000000004,0.00457343987283387,1761.475,1756.785,1764.553,1756.497,0.0028605600205061418,359.0,0.2699999999999818,8.793000000000006,0.004638391013447089,0.002498844690664848,0.00013215183984443846,0.004625961907225135,0.0030765417373036755,0.0028386183218342335,0.9161833276469958,-0.08753879498059963,-1.0669299350725379,-0.1444671641905783,0.05201579106709079,-0.5942532867049369,1.0,0.3666552939838687,0.3798476060502577,-5.37338773722393,0.09339776084497937,0.0,0.0,-0.0,-0.0
2021-07-01,True,True,True,-0.0004950968634351613,5.497000000000071,0.0030919021075782095,1777.87,1776.9899999999998,1778.345,1772.848,0.0027694187009752185,240.0,0.28750000000002274,-0.003308871208479924,14.480999999999995,0.00814933182063366,1776.9555,1771.0855000000001,1782.718,1768.237,0.0058581313544180365,240.0,0.2899999999999636,0.0048825921940067315,11.673999999999978,0.00660182095798223,1768.3,1776.955,1777.216,1765.542,0.003087787553818222,357.0,0.29899999999997817,8.793000000000006,0.00471100524264313,0.002494794915574198,0.002666092203567402,0.004625961907225135,0.0030790955244113464,0.002936415444058275,1.3276469919253917,0.2834081963847316,1.9571116501505945,-0.402897858959693,-0.05855215782898309,-0.16079295348584957,1.0,0.12839758899125805,0.10406004776526362,-5.357853966413413,0.5546614828927258,0.0,0.0,0.0,0.0
2021-07-02,True,True,True,0.006354425717167782,13.77299999999991,0.007755678938655024,1775.8600000000001,1787.1805,1787.961,1774.188,0.0033734908168695063,240.0,0.2940000000000964,-0.001745614343171059,19.335000000000036,0.010825686018711912,1786.03,1782.915,1794.964,1775.629,0.006864960561674731,240.0,0.3145000000000664,0.001466274478491345,4.842999999999847,0.0027274519190154858,1775.65,1778.2555,1779.773,1774.93,0.002031772323034768,356.0,0.3079999999999927,9.21449999999993,0.004882436737781994,0.002756756959220653,0.0048825921940067315,0.004625961907225135,0.0030802946678947694,0.0028386183218342335,0.5255846763253442,-0.6432439668688865,0.5318838403897117,0.5167410120210654,0.17263063155016176,2.0629278696608337,1.0,0.8885994899343604,0.2599706983558386,-5.322110852228873,-0.34213107140573584,1.0,0.0,-0.6432439668688865,-0.0
2021-07-05,True,True,True,0.0014649686814678369,5.530999999999949,0.00308902087923439,1790.535,1793.16,1794.45,1788.919,0.0028217540043219396,240.0,0.2980000000000018,0.0006786373335031252,3.5520000000001346,0.0019846402699826705,1789.745,1790.96,1793.114,1789.562,0.0021114526889784817,239.0,0.2820000000001528,-3.358992302623207e-05,5.394999999999982,0.0030202431869583613,1786.28,1786.22,1789.781,1784.386,0.002363088423779003,356.0,0.32999999999992724,8.793000000000006,0.004744871367972733,0.0026673618738423284,0.001466274478491345,0.004919109814233896,0.003506499259187432,0.002936415444058275,0.613556237916522,-0.48848335168677115,-0.012592938121982627,-0.4652734089329198,-0.03983092181766529,0.4177866793011435,1.0,0.5309905606732734,0.4907312635050667,-5.350690956250244,0.0061514406214101865,0.0,0.0,-0.0,-0.0
2021-07-06,True,True,True,0.0013702443254586317,6.941000000000031,0.0038454080586811327,1805.01,1807.4850000000001,1809.249,1802.308,0.0033200186343691667,240.0,0.28949999999997544,-0.007292158203925441,19.264999999999873,0.010644293299592723,1809.8899999999999,1796.74,1814.907,1795.642,0.0053587502763889,240.0,0.2820000000000391,0.007067597708511973,13.377999999999929,0.007468337859387203,1791.2955,1804.0005,1804.233,1790.855,0.0028556278092050852,359.0,0.3089999999999691,8.232000000000085,0.004500825643637829,0.002611014887623502,3.358992302623207e-05,0.004919109814233896,0.0035348380747994117,0.0028977935115883815,1.6251214771622682,0.4855825681644522,2.706839299160324,-0.24624785764600596,0.13602080635439542,0.38763991347365684,1.0,0.609329446064143,0.12263119533526223,-5.40349442267163,1.314393978494736,0.0,0.0,0.0,0.0
2021-07-07,True,True,True,0.002002773526469977,7.571999999999889,0.004199224707324181,1803.19,1806.805,1808.311,1800.739,0.002461758899140512,240.0,0.2860000000000582,-0.0016785679942816843,12.841000000000122,0.0071077265321452185,1806.6255,1803.5955,1809.765,1796.924,0.004748666280599351,240.0,0.30349999999998545,0.003474648317640298,9.04600000000005,0.0050378142368652885,1795.62,1801.87,1802.865,1793.819,0.0033041084061367783,358.0,0.31799999999998363,8.232000000000085,0.004500825643637829,0.0028956693529091446,0.007067597708511973,0.004919109814233896,0.003563406469252911,0.0029820059595359084,1.0988824101068946,0.09429367252389809,1.1999465043028756,-0.15822766731215065,-0.19172012073912464,0.5620390330856279,1.0,0.6615646258503227,0.16034985422742348,-5.40349442267163,0.11314736272293162,0.0,1.0,0.0,0.09429367252389809
2021-07-08,True,True,True,0.011015664866711745,20.629000000000133,0.011476274864265544,1797.5345,1817.4450000000002,1817.815,1797.186,0.005892393102379711,240.0,0.2980000000000018,-0.009573412989134028,24.576000000000022,0.013547026803555445,1814.125,1796.8405,1818.384,1793.808,0.005379530918790895,240.0,0.3044999999999618,-0.002923779781312972,8.68600000000015,0.004816497863739662,1803.385,1798.12,1804.883,1796.197,0.0027525406824747928,360.0,0.29849999999999,8.551000000000045,0.004744871367972733,0.002884549471540086,0.003474648317640298,0.004919109814233896,0.003608142307869451,0.0029820059595359084,1.0157876271781199,0.015664298938823765,-1.0136001514829074,0.8471542669901865,0.6810659995183529,3.053001773983886,1.0,1.512337738276219,0.06847152379837537,-5.350690956250244,-0.015877335777265314,1.0,1.0,0.015664298938823765,0.015664298938823765
2021-07-09,True,True,True,0.002571130908604718,9.08900000000017,0.005053796324612955,1798.45,1803.08,1805.949,1796.86,0.00382821439059957,240.0,0.3170000000000073,0.004273533280452588,13.150000000000091,0.007304437570805186,1800.2755,1807.9855,1811.545,1798.395,0.003991695016761599,240.0,0.3020000000001346,-0.0019973812349677,8.519000000000005,0.004722519416157128,1803.9099999999999,1800.3105,1807.769,1799.25,0.0032461135159848192,359.0,0.31799999999998363,8.8660000000001,0.00486640036342563,0.0029193799513241724,0.002923779781312972,0.004919109814233896,0.004397825312015827,0.0030754659894981816,0.960861718926225,-0.03992477326216886,-0.6841799520003308,0.02701212624704142,0.21894204684870977,0.5846368889596005,1.0,0.26956914053689074,0.20984660500789318,-5.32540076027719,0.02731572945413478,1.0,1.0,-0.03992477326216886,-0.03992477326216886
2021-07-12,True,True,True,-0.00026657114691809255,7.648000000000138,0.004246800878457057,1800.885,1800.405,1806.13,1798.482,0.0025987956262785534,240.0,0.27800000000002,0.00283467028076086,15.996000000000095,0.008886049579890337,1800.125,1805.2350000000001,1807.432,1791.436,0.0056809457911927135,240.0,0.28899999999998727,-0.0023246571418527903,10.552000000000135,0.005840594177505539,1806.6655,1802.4705,1810.824,1800.272,0.0024862324723965235,360.0,0.3040000000000873,8.8660000000001,0.00486640036342563,0.0029952801912118037,0.0019973812349677,0.004859742848479622,0.004237589604909517,0.0032403858565742683,1.1901646740356437,0.17409167909215334,-0.7761067390868369,-0.13481955966826836,-0.22064429720316459,-0.06290631509225265,1.0,0.20189487931422778,0.17882923528083614,-5.32540076027719,-0.13511372536236319,1.0,1.0,0.17409167909215334,0.17409167909215334
2021-07-13,True,True,True,-0.0010805463902153136,6.2560000000000855,0.0034549973615329924,1810.7105000000001,1808.755,1812.064,1805.808,0.0024972935407896364,240.0,0.2860000000000582,0.0021477689864565024,18.68399999999997,0.010325675474033817,1809.4699999999998,1813.3605,1817.135,1798.451,0.008137548301226753,240.0,0.3029999999998836,-0.00033232423473851904,6.649000000000115,0.0036790286788834954,1807.2705,1806.67,1812.672,1806.023,0.0024049107884082186,359.0,0.32199999999988904,8.8660000000001,0.00486640036342563,0.002740673950592741,0.0023246571418527903,0.004456245125401673,0.004132007533230199,0.0032403858565742683,0.749943604782319,-0.2877572689025378,-0.12125639194207884,-0.2544848177478045,-0.26048485247564757,-0.26150639405310955,1.0,0.02424994360477281,0.4557297541168532,-5.32540076027719,0.034892408182228295,1.0,1.0,-0.2877572689025378,-0.2877572689025378
2021-07-14,True,True,True,0.0016070858563447788,7.7029999999999745,0.004250200702389379,1812.385,1815.3000000000002,1817.411,1809.708,0.0023297333795034214,240.0,0.3120000000000118,0.003142860868088819,13.314000000000078,0.0073275414898509245,1816.9805000000001,1822.6999999999998,1829.707,1816.393,0.005772924137663936,240.0,0.31799999999998363,0.0038240753059605483,9.380999999999858,0.005193978285062458,1806.13,1813.0500000000002,1813.773,1804.392,0.0023742483271514854,355.0,0.32199999999988904,8.602500000000077,0.004769508639948395,0.0027387066795998526,0.00033232423473851904,0.004456245125401673,0.004132838582073195,0.0032403858565742683,1.0904969485614384,0.08663350845429144,1.396306999375076,-0.047340305387941414,-0.32993858261627906,0.3888576397142037,1.0,0.42290031967452657,0.07730310956119558,-5.345511989880832,0.12096697423514696,0.0,1.0,0.0,0.08663350845429144
2021-07-15,True,True,True,-0.0038380097146099687,10.739000000000033,0.005864204272421493,1831.2800000000002,1824.2649999999999,1834.013,1823.274,0.003168155583117945,240.0,0.3009999999999309,-0.00023278519372186022,8.307999999999993,0.004550010131823231,1825.9299999999998,1825.505,1828.493,1820.185,0.0037797876432026927,240.0,0.3180000000000973,0.0013926369218341841,6.267999999999802,0.0034315966395754858,1826.555,1829.1005,1829.879,1823.611,0.0024311707168118194,360.0,0.3309999999999036,8.8660000000001,0.004927156050302475,0.0028106839183657376,0.0038240753059605483,0.004457945037367834,0.004046054600834351,0.0032403858565742683,0.7069704489059025,-0.34676641182913015,0.4954797345707688,0.27417889307561677,-0.022542830669705402,-0.9485808011138849,1.0,0.46627565982404334,0.2458267538912886,-5.312993323443189,-0.17181572969115533,1.0,1.0,-0.34676641182913015,-0.34676641182913015
2021-07-16,True,True,True,-0.002404269557947702,9.100999999999885,0.00498972011294163,1823.95,1819.57,1826.251,1817.15,0.0030813381193608752,240.0,0.30700000000001637,-0.002792859371373839,17.10200000000009,0.009407661671837573,1817.88,1812.81,1826.587,1809.485,0.00505704727859031,240.0,0.34199999999987085,-0.002681492410554968,6.945999999999913,0.0037964478671625363,1829.605,1824.7055,1831.437,1824.491,0.002252025150223299,358.0,0.3160000000000309,8.602500000000077,0.004769508639948395,0.0027870634454035064,0.0013926369218341841,0.004457945037367834,0.0034780997695839206,0.003164454330948657,0.807439697762261,-0.2138869043676377,-0.9621210507343674,0.11269191270063839,-0.026616676473621433,-0.6912595144547337,1.0,0.8533565823888205,0.0878233071781432,-5.345511989880832,0.20578509316851273,1.0,1.0,-0.2138869043676377,-0.2138869043676377
2021-07-19,True,True,True,0.0001749165027645795,5.79099999999994,0.0032108718312670163,1803.56,1803.8755,1807.5,1801.709,0.0030104389162320423,240.0,0.2760000000000673,0.004300259599127248,20.585000000000036,0.011431887663724256,1800.665,1808.4250000000002,1815.479,1794.894,0.006086635356208912,240.0,0.31199999999989814,-0.0025696465161992093,6.83400000000006,0.0037636096287607516,1815.81,1811.15,1817.24,1810.406,0.003065967054225707,359.0,0.3020000000001346,8.287500000000023,0.004647979644495499,0.002790116854521069,0.002681492410554968,0.004457945037367834,0.0034836766584420984,0.0031210455990701223,0.8246153846153896,-0.19283820181887473,-0.9209816829124514,-0.32814540710758106,-0.03608218610929703,0.050210315110818075,1.0,1.049411764705866,0.9158371040724133,-5.371322638853584,0.1776004516409582,0.0,1.0,-0.0,-0.19283820181887473
2021-07-20,True,True,True,1.955639755235619e-05,7.358999999999924,0.004053998220625824,1815.245,1815.2804999999998,1818.941,1811.582,0.00300572894474606,240.0,0.3025000000000091,-0.005712251409784936,19.89799999999991,0.010945807306923183,1817.865,1807.5104999999999,1824.847,1804.949,0.006190580648091811,240.0,0.3020000000000209,0.0021144113823534697,7.6059999999999945,0.004198520581776066,1811.5905,1815.425,1819.014,1811.408,0.0027911668607688367,360.0,0.31999999999993634,7.649500000000103,0.004324275320058588,0.002870840576256986,0.0025696465161992093,0.004248500790423219,0.003465078717589299,0.0030458885177964586,0.9943133538139607,-0.005702876719242836,0.7365129919928358,-0.04686255639747647,-0.013272538405046408,0.0056438537609794425,0.0,0.0,0.02353094973528482,-5.443510708693196,-0.004200242795455829,0.0,0.0,-0.0,-0.0
2021-07-21,True,True,True,-0.005851343203075387,11.245999999999867,0.006204450035033056,1812.5700000000002,1801.995,1812.493,1801.247,0.002987395966927259,240.0,0.30199999999990723,0.001919337667551976,11.20399999999995,0.006221971210888089,1800.7155,1804.175,1805.671,1794.467,0.005154306040251345,240.0,0.30750000000000455,-0.0007265651628334953,4.7309999999999945,0.0026140215652635124,1809.855,1808.5405,1809.814,1805.083,0.0027371515878285256,360.0,0.30999999999994543,7.42450000000008,0.004136815674529686,0.002851217478940892,0.0021144113823534697,0.004223012792890619,0.003469115121914969,0.003008083930489051,0.6372146272476185,-0.4506487457049801,-0.25482628673537167,0.38471797689508064,-0.006901214256102725,-1.6866961739353914,1.0,0.5166677890767016,0.5427301501784706,-5.487828947842427,0.11483714648995284,0.0,1.0,-0.0,-0.4506487457049801
2021-07-22,True,True,True,-0.003664195766498842,10.733999999999924,0.005957888485245386,1801.645,1795.0555,1803.278,1792.544,0.003451653732360922,240.0,0.2920000000001437,0.005868797567403956,14.005999999999858,0.007795749796840655,1796.62,1807.195,1807.985,1793.979,0.005203496908679201,240.0,0.28099999999994907,-0.0020824606096890162,5.760999999999967,0.0031958860109950276,1802.63,1798.88,1802.97,1797.209,0.002431241481392745,359.0,0.30199999999990723,7.42450000000008,0.004136815674529686,0.0028503047071244915,0.0007265651628334953,0.004248500790423219,0.0037698748331607976,0.003008083930489051,0.7759445080476672,-0.2536742716037495,-0.7306098202356376,0.3381499717967831,0.13755015078701052,-0.971967486630491,1.0,0.6283251397400381,0.37241565088556033,-5.487828947842427,0.18533691397482172,0.0,1.0,-0.0,-0.2536742716037495
2021-07-23,True,True,True,-0.005430131598171171,13.2199999999998,0.00731311991414541,1807.71,1797.9205,1810.245,1797.025,0.0033663864843642296,240.0,0.29099999999994,0.0038071358833618256,12.044999999999845,0.006707205024974438,1795.83,1802.6799999999998,1804.899,1792.854,0.004897799179304223,240.0,0.2799999999999727,-0.002704156546792897,6.375,0.0035274481112382836,1807.2555,1802.375,1808.453,1802.078,0.002099569255802669,358.0,0.30599999999992633,7.3419999999999845,0.004092781768561177,0.002907012462014892,0.0020824606096890162,0.004248500790423219,0.003829201904827178,0.003008083930489051,0.8682920185235649,-0.14122719403015063,-0.9302184225652088,0.5431038180397613,0.11253660112830231,-1.4180844293756945,1.0,0.6882320893489369,0.726641242168353,-5.498530401104631,0.1313721376540374,0.0,0.0,-0.0,-0.0
2021-07-26,True,True,True,0.0002295719047262873,5.386999999999944,0.002980351368322601,1807.505,1807.92,1811.452,1806.065,0.0027907870201176713,240.0,0.30499999999995,-0.004670761951879409,11.711999999999989,0.0064779119353536195,1807.9899999999998,1799.565,1808.259,1796.547,0.0034472112247601787,240.0,0.2964999999999236,0.004347851008531082,10.777999999999793,0.0059863809555547,1800.42,1808.2649999999999,1809.158,1798.38,0.0028087970697472744,358.0,0.32950000000005275,7.275999999999954,0.003997484224469302,0.002929320651227666,0.002704156546792897,0.004619960407665505,0.003999197495342513,0.0030458885177964586,1.4813084112149342,0.39292575885541625,1.484252332263085,-0.4383449328878549,-0.08746901214348439,0.0574044930248251,1.0,0.3152831225948476,0.10445299615169988,-5.522090059613094,0.5832009739873941,0.0,0.0,0.0,0.0
2021-07-27,True,True,True,0.001264152267567892,7.375999999999976,0.004110256974648016,1794.5349999999999,1796.8049999999998,1801.117,1793.741,0.0026978931395707185,240.0,0.2940000000000964,-1.6678897858918448e-05,10.6400000000001,0.005915399775948729,1798.6950000000002,1798.665,1805.16,1794.52,0.004705875826096372,240.0,0.29849999999999,-0.0007623648145581921,5.245999999999867,0.0029181326398641993,1797.725,1796.355,1799.762,1794.516,0.0022521023895289583,357.0,0.2980000000000018,7.275999999999954,0.003997484224469302,0.0030449879815939635,0.004347851008531082,0.004248500790423219,0.00396635696298437,0.003008083930489051,0.7210005497525976,-0.32711537921121286,-0.2503671013371672,-0.03308061471019594,-0.10883215839586802,0.3187187334285509,1.0,0.18622869708631484,0.25013743815285533,-5.522090059613094,0.08189892929591962,0.0,0.0,-0.0,-0.0
2021-07-28,True,True,True,-0.002452662494623717,7.703000000000202,0.00426964797437003,1804.13,1799.7105000000001,1805.775,1798.072,0.002494817619201434,240.0,0.2880000000000109,0.002432174825576069,7.757999999999811,0.004318120465430719,1796.6149999999998,1800.99,1802.168,1794.41,0.003290349333957087,240.0,0.2825000000000273,0.0030813930300582085,9.346000000000004,0.005192279914221271,1799.98,1805.535,1807.336,1797.99,0.0026621833915462766,360.0,0.29700000000002547,7.275999999999954,0.003997484224469302,0.0030554181423182608,0.0007623648145581921,0.004223012792890619,0.003856671560126965,0.002997953922481527,1.2844969763606464,0.2503671836223654,1.008501254666322,0.010982576958184038,-0.18371440212799572,-0.6359531674880226,0.0,0.0,0.19310060472786994,-5.522090059613094,0.25249561881042887,0.0,0.0,0.0,0.0
2021-07-29,True,True,True,0.0016589627599343764,8.55600000000004,0.0047039290122354045,1818.9050000000002,1821.925,1823.64,1815.084,0.0030053669990335228,240.0,0.26149999999995543,0.0032820272987028956,8.692000000000007,0.0047623743931972376,1825.14,1831.14,1831.92,1823.228,0.0032213291373987952,240.0,0.26400000000001,0.003878087817054118,9.580999999999904,0.005295227883815539,1809.365,1816.3955,1818.1,1808.519,0.0036957096929105962,359.0,0.2680000000000291,7.275999999999954,0.003997484224469302,0.0030281379658702585,0.0030813930300582085,0.004248500790423219,0.003876099444819424,0.0029965624558366596,1.316794942275971,0.27520071001285684,1.2806839915365587,0.10183195403706609,0.002933906364183781,0.4279979870360789,1.0,0.7614073666850228,0.3449010445299797,-5.522090059613094,0.3524451437729605,0.0,0.0,0.0,0.0
2021-07-30,True,True,True,0.00028160812092387484,4.288000000000011,0.0023450595425274527,1828.525,1829.04,1831.267,1826.979,0.0018333914813087407,240.0,0.28099999999994907,-0.0027938959028114387,8.880999999999858,0.004858899867598868,1827.78,1822.6805,1829.666,1820.785,0.0033420976870831356,240.0,0.2740000000000009,-0.000953858209838817,4.531999999999925,0.0024761171074449747,1830.285,1828.54,1830.37,1825.838,0.0022278111564599597,356.0,0.26400000000001,7.275999999999954,0.003997484224469302,0.0029614107675590214,0.003878087817054118,0.0042599243383797045,0.0038877375993246707,0.0030055479718897916,0.6228697086311097,-0.4734179174901261,-0.3220958808848548,-0.5969406063342277,-0.49429238459228736,0.07243496088130853,1.0,0.12328202308963271,0.0020615722924509023,-5.522090059613094,0.15248596116065566,0.0,0.0,-0.0,-0.0
2021-08-02,True,True,True,0.00020733667818638197,4.444999999999936,0.0024578855548766146,1808.465,1808.84,1810.79,1806.345,0.002534120443273061,239.0,0.2539999999999054,0.0017318648069335832,10.696999999999889,0.005905034763911713,1811.505,1814.645,1816.408,1805.711,0.00453688745048252,240.0,0.2680000000000291,-0.0013239701172150678,8.384999999999991,0.004622559856223774,1813.93,1811.5300000000002,1816.821,1808.436,0.00318849643276569,360.0,0.3025000000000091,7.275999999999954,0.003997484224469302,0.0029725177802104362,0.000953858209838817,0.004248500790423219,0.0036122174409229397,0.002996381482980391,1.1524189114898358,0.14186313461930172,-0.4454035989387215,-0.5472647157109105,-0.1675587766583971,0.05739872573490659,1.0,0.2873831775700808,0.421247938427749,-5.522090059613094,-0.06318635071616532,0.0,0.0,0.0,0.0
2021-08-03,True,True,True,0.0010963739686131804,3.6639999999999873,0.002025355079735912,1809.0655000000002,1811.05,1812.084,1808.42,0.0020608454879461583,240.0,0.2660000000000764,-0.00044481467019361266,7.920000000000073,0.004375340097064088,1810.145,1809.3400000000001,1814.94,1807.02,0.003462940119788855,240.0,0.2825000000000273,-0.0007149607138264623,4.4659999999998945,0.002463815808528463,1812.6354999999999,1811.34,1813.847,1809.381,0.0020366012669681666,359.0,0.27700000000004366,7.995499999999993,0.00441054021899992,0.002997566065337548,0.0013239701172150678,0.004248500790423219,0.0035950628115420918,0.002996381482980391,0.5585641923581888,-0.5823857299994164,-0.2385137469008385,-0.7408211323044693,-0.3742890586773865,0.30496656834290303,1.0,0.12019260834219418,0.2844725157901024,-5.4237580983862905,0.1389070026037409,0.0,0.0,-0.0,-0.0
2021-08-04,True,True,True,-0.0001929411122150634,4.375999999999976,0.002412082460588676,1814.2,1813.85,1815.11,1810.734,0.001874771162441299,240.0,0.2699999999999818,-0.003662064021945175,25.3599999999999,0.013950354122258077,1817.875,1811.23,1831.645,1806.285,0.005988358828757282,240.0,0.2840000000001055,0.0014482541416971852,5.856999999999971,0.003233740886642376,1811.215,1813.84,1814.74,1808.883,0.001920723652894475,357.0,0.2619999999999436,7.275999999999954,0.003997484224469302,0.0025579940592184167,0.0007149607138264623,0.004248500790423219,0.0035895681011433537,0.002889091493522465,0.8049752611324915,-0.21694373354822918,0.5661679066368484,-0.5660756995880715,-0.4324554853231677,-0.05375050891320534,1.0,0.05085211654753893,0.04947773501925916,-5.522090059613094,-0.12282657948098312,0.0,0.0,-0.0,-0.0
2021-08-05,True,True,True,0.0019650221454184,6.233999999999924,0.0034443796773863397,1809.9050000000002,1813.4650000000001,1814.55,1808.316,0.002710798038707632,240.0,0.2739999999998872,-0.0048818206647669215,15.962999999999965,0.00880391799996689,1813.17,1804.34,1813.695,1797.732,0.006102754849946684,240.0,0.2705000000000837,-0.0016820954750380514,3.2970000000000255,0.001819772431855139,1811.7649999999999,1808.72,1811.875,1808.578,0.002035703265261828,354.0,0.26900000000000546,6.889999999999986,0.003780028747961644,0.0024510515694437358,0.0014482541416971852,0.004248500790423219,0.003553888782614083,0.002889091493522465,0.47851959361393787,-0.7370581209359636,-0.6862750241602634,-0.20982234187634727,-0.06369901983024318,0.5529216769617131,1.0,0.3882438316400522,0.17198838896954646,-5.578023664098702,0.5058245797528468,0.0,0.0,-0.0,-0.0
2021-08-06,False,True,True,-0.0028065723882734956,6.7159999999998945,0.0037309245648828085,1800.09,1795.045,1801.145,1794.429,0.002352672592912689,240.0,0.2699999999999818,-0.02113894601813095,42.69100000000003,0.023720846240397858,1799.725,1762.08,1801.314,1758.623,0.010469544345399609,240.0,0.28700000000003456,,,,,,,,,,,,,,,0.004178528926552537,0.002447540558400353,0.002750792529412652,,,,-0.11330317758438038,-0.156337107142453,-1.1466908601946912,,,,,,,,,
2021-08-09,True,True,True,-0.0029604407201493117,13.63000000000011,0.007808360043882702,1745.565,1740.405,1752.555,1738.925,0.004409297845027874,240.0,0.3044999999999618,-0.009107711247675175,22.198000000000093,0.012725985421127664,1744.305,1728.4904999999999,1748.353,1726.155,0.006996579328086457,240.0,0.3220000000001164,0.013592562888736712,41.177999999999884,0.02395476413475348,1718.99,1742.515,1746.568,1705.39,0.012154789949545143,360.0,0.3934999999999036,6.741500000000087,0.0037213191538221233,0.0023907605196446286,0.0016820954750380514,0.00408212759763692,0.0023625762613088673,0.0027043455891391753,6.108136171475095,1.8096216810625445,5.685455643527676,0.6485766377183741,0.48885550131909644,-1.2530561525701724,1.0,0.8880812875472821,0.4524215679003063,-5.593677062314282,10.288523799247084,0.0,0.0,0.0,0.0
2021-08-10,True,True,True,-0.003241512620528002,9.592000000000098,0.005523532020016526,1736.57,1730.95,1737.057,1727.465,0.003938244162709115,239.0,0.3020000000001346,-0.0005051868360491761,16.057999999999993,0.009268847368208391,1732.47,1731.595,1733.706,1717.648,0.006950897278373795,240.0,0.2545000000000073,0.0014427352140689335,7.509999999999991,0.004337104477439544,1731.57,1734.0700000000002,1737.665,1730.155,0.0030454403022717688,360.0,0.3005000000000564,6.741500000000087,0.0037213191538221233,0.0038279726174915174,0.013592562888736712,0.00408212759763692,0.002396658792753748,0.002750792529412652,1.113995401616835,0.1079530136840369,0.37689277281569544,0.30239919185847086,0.35884591732590754,-1.3525131864112878,1.0,0.39902098939405467,0.3708373507379278,-5.593677062314282,0.04068671066118738,0.0,0.0,0.0,0.0
2021-08-11,True,True,True,0.0031962306532910974,9.605999999999995,0.005545917203832372,1732.085,1737.63,1738.43,1728.824,0.0025105202537470716,240.0,0.26799999999980173,0.007970386963623897,17.242999999999938,0.009922518269880607,1737.7645,1751.6705000000002,1751.99,1734.747,0.007586538050468808,240.0,0.2719999999999345,0.004180715226700505,11.125999999999976,0.0064421263880810676,1727.0695,1734.3049999999998,1735.124,1723.998,0.0033370670844887484,359.0,0.2520000000001801,6.741500000000087,0.0037213191538221233,0.003761287277748338,0.0014427352140689335,0.004180228838518697,0.0024435689641711914,0.002889091493522465,1.6503745457242205,0.5010022595610942,1.1115118091174503,0.2826960269988565,-0.14045208652433733,1.3080173713759675,1.0,0.49039531261588626,0.32930356745528017,-5.593677062314282,0.5568699278966822,0.0,1.0,0.0,0.5010022595610942
2021-08-12,True,True,True,-0.0011015511294649742,7.229999999999791,0.004124264135444594,1753.04,1751.1100000000001,1758.062,1750.832,0.002569213275592643,240.0,0.27149999999994634,0.0012766706624644615,10.695000000000164,0.006113070367470214,1749.53,1751.765,1752.19,1741.495,0.004671799018430587,240.0,0.28099999999994907,-0.0004991501850732473,4.759999999999991,0.0027162515728294903,1752.415,1751.5405,1753.55,1748.79,0.0023621760849168467,358.0,0.30100000000004457,6.889999999999986,0.003780028747961644,0.0038165776428719677,0.004180715226700505,0.004189952474509023,0.0025631398581891767,0.002889091493522465,0.690856313497823,-0.36982341678223857,-0.13078475843547563,-0.015801778804806575,-0.11734235700239343,-0.42976629852855747,1.0,0.6548621190130556,0.21763425253989857,-5.578023664098702,0.048367266227647296,0.0,1.0,-0.0,-0.36982341678223857
2021-08-13,True,True,True,0.0016375730334139945,5.981999999999971,0.00340475327918093,1756.9555,1759.835,1761.635,1755.653,0.002420676704251986,239.0,0.2699999999999818,0.009798995577963328,20.949999999999818,0.01190753613468294,1759.39,1776.7150000000001,1777.86,1756.91,0.005221945491354973,240.0,0.2544999999998936,0.0013933869101928054,5.411000000000058,0.0030858371423927978,1753.495,1755.94,1757.015,1751.604,0.0021588354589378114,353.0,0.25,6.60450000000003,0.0036455288699995176,0.0037797052745190307,0.0004991501850732473,0.004117260555046305,0.0024831824860274076,0.002750792529412652,0.8192898781134126,-0.19931731622117677,0.36864961921405753,-0.19001554979857802,-0.1278419317370398,0.6594654410734758,1.0,0.6995230524642092,0.1537588008176198,-5.614253829396652,-0.07347825272770471,0.0,1.0,-0.0,-0.19931731622117677
2021-08-16,True,True,True,0.0008004149056479749,4.679999999999836,0.0026390431776785648,1773.37,1774.79,1777.455,1772.775,0.0023334825780786063,240.0,0.25950000000000273,0.007761541444889419,17.201999999999998,0.009705892061023779,1772.3255,1786.135,1789.16,1771.958,0.004457790768625751,240.0,0.25900000000001455,-0.002473417106242067,9.604000000000042,0.005398872330498255,1778.89,1774.4955,1782.499,1772.895,0.0029908859078515847,358.0,0.2739999999998872,6.60450000000003,0.0036455288699995176,0.003779710016842522,0.0013933869101928054,0.00408212759763692,0.0025270172690363057,0.0027043455891391753,1.4541600423953362,0.3744284434772254,-0.6543933516646602,-0.4362019037407759,-0.14749813627304767,0.3167429504560601,1.0,0.01816942993411921,0.17041411159059683,-5.614253829396652,-0.2450234840856433,0.0,1.0,0.0,0.3744284434772254
2021-08-17,True,True,True,0.002158618976808675,4.495000000000118,0.0025096169414497815,1791.11,1794.9805000000001,1795.265,1790.77,0.002219041513366234,240.0,0.25,-0.00483143748966193,14.02299999999991,0.007827649918781732,1791.47,1782.8355,1794.538,1780.515,0.005738078374444567,240.0,0.25,0.0022625815756024373,8.07899999999995,0.004519657067733291,1787.525,1791.574,1792.437,1784.358,0.0027267363787416518,360.0,0.25149999999996453,6.60450000000003,0.0036455288699995176,0.003769492750977528,0.002473417106242067,0.00408212759763692,0.0025435153768384104,0.002633553207581681,1.2232568703156808,0.2015168676157797,0.6002350249952572,-0.48648819397794957,-0.1712586119521563,0.8486754184642824,1.0,0.4281928987811627,0.07025512907868378,-5.614253829396652,0.12095748207032345,0.0,1.0,0.0,0.2015168676157797
2021-08-18,True,True,True,-0.0034197069638890374,8.225999999999885,0.004590888542869995,1791.81,1785.693,1793.715,1785.489,0.002175399314541129,240.0,0.25,-0.0018089821150665086,13.939000000000078,0.0077995691464063325,1787.15,1783.92,1791.21,1777.271,0.0033354369230044188,240.0,0.25,0.002465706421340675,7.154999999999973,0.004005418931552386,1786.33,1790.74,1792.21,1785.055,0.002295929226762879,360.0,0.25,6.9424999999999955,0.0038629843465071752,0.0036860067926107595,0.0022625815756024373,0.003920590769765412,0.0026220994787729346,0.0025516668594328523,1.0306085703997088,0.03014947280959361,0.6689370259120552,0.15783123864234544,-0.1595345754047333,-1.3041865846712115,1.0,0.21678069859558988,0.15412315448324623,-5.556315247465878,0.020168098674065923,0.0,1.0,0.0,0.03014947280959361
2021-08-19,True,True,True,0.003962108990311891,12.366999999999962,0.006939448861755294,1782.13,1789.205,1790.127,1777.76,0.004332160317235876,240.0,0.25,-0.002114748986037368,15.281999999999925,0.008551906299490156,1786.97,1783.195,1792.417,1777.135,0.004771266961579862,240.0,0.25,-0.004779649613986895,14.791000000000167,0.00827491678088907,1787.4499999999998,1778.927,1787.4,1772.609,0.0032899491948643663,359.0,0.25,6.764999999999986,0.0037664335213953345,0.003691471883885185,0.002465706421340675,0.003920590769765412,0.0024170919597115816,0.002522320348510066,2.186400591278669,0.7822566260664948,-1.2947815300590693,0.570980007612444,0.5408870850361649,1.6392049025659199,1.0,0.4031042128602908,0.47346637102737743,-5.581626740822339,-1.0128514311972214,0.0,1.0,0.0,0.7822566260664948
2021-08-20,True,True,True,-0.0014695326592497476,8.58199999999988,0.004800863730319161,1787.595,1784.97,1788.358,1779.776,0.0025665478206198977,240.0,0.25,0.00020142140830283376,8.34699999999998,0.004677145557173989,1784.6354999999999,1784.995,1786.628,1778.281,0.0037515619287867554,240.0,0.2544999999998936,0.0042135295571456,8.003999999999905,0.004498967159900457,1779.0749999999998,1786.587,1786.885,1778.881,0.002658329810945435,360.0,0.26100000000019463,7.332499999999982,0.004171261704495965,0.0039081865779680295,0.004779649613986895,0.003920590769765412,0.002498259962802293,0.002522320348510066,1.091578588475953,0.08762489485200861,1.078129069092788,0.20255349652230484,0.017382484374905503,-0.5882224752949152,1.0,0.2008864643709458,0.1374701670644447,-5.479536721910187,0.09447094631614948,0.0,1.0,0.0,0.08762489485200861
2021-08-23,True,True,True,0.0024437584509747613,6.22400000000016,0.0034847946160371994,1786.045,1790.415,1790.4,1784.176,0.0018242914482734175,240.0,0.2580000000000382,0.007596752828257195,16.615999999999985,0.009277563355411462,1790.9875,1804.645,1806.32,1789.704,0.005558374274267668,240.0,0.25900000000001455,0.004241402706504636,12.184999999999945,0.006850241135796373,1778.7694999999999,1786.33,1788.619,1776.434,0.003743179873775205,358.0,0.2819999999999254,7.756999999999948,0.0044180358186700006,0.0038998918688963086,0.0042135295571456,0.003920590769765412,0.002197130305980116,0.002522320348510066,1.5708392419749937,0.45161002556843716,1.0875693093780512,-0.11783324024950872,-0.323987586964533,1.112250122044822,1.0,0.2295990718061349,0.03674100812167802,-5.422060066577059,0.4911572036156692,0.0,1.0,0.0,0.45161002556843716
2021-08-24,True,True,True,0.0005096891630113876,4.429999999999836,0.0024562245887486266,1803.581,1804.5005,1805.06,1800.63,0.002114434203043966,240.0,0.25,0.0013791310338582606,8.09699999999998,0.004487762160244746,1804.24,1806.73,1809.485,1801.388,0.005495386166405982,240.0,0.2539999999999054,-0.000691155701322359,4.2970000000000255,0.0023808099075379343,1804.848,1803.601,1804.977,1800.68,0.0020967245619292318,356.0,0.25,8.041499999999928,0.004509312113816874,0.0038312670601554784,0.004241402706504636,0.003920590769765412,0.0022619780079318023,0.0025026689364742527,0.5343530435864036,-0.626698528160692,-0.18039872722793457,-0.46761689798579986,-0.16857047659325025,0.22532896483702441,1.0,0.010321457439514648,0.0024870981782266197,-5.401610661753196,0.11305561683580875,1.0,1.0,-0.626698528160692,-0.626698528160692
2021-08-25,True,True,True,0.00033164676857807234,4.528999999999996,0.0025248358215611702,1793.7800000000002,1794.375,1796.28,1791.751,0.002422375378824198,240.0,0.25,-0.0028982478170541197,15.32400000000007,0.008540044695352725,1794.37,1789.177,1797.68,1782.356,0.005373094721020609,240.0,0.25499999999999545,-0.0037864090518892977,10.804999999999836,0.005996298444181058,1801.945,1795.135,1802.58,1791.775,0.0035863248330330545,359.0,0.2619999999999436,7.756999999999948,0.0044180358186700006,0.0038113910875273676,0.000691155701322359,0.003607859590460004,0.0022486953079439544,0.00245774716172671,1.3929354131751848,0.3314133284501063,-0.9934454284369235,-0.3569386458240388,-0.014496522188644808,0.14748408439616764,1.0,0.0030939796313155547,0.1746809333504963,-5.422060066577059,-0.3292410560718227,0.0,1.0,0.0,0.3314133284501063
2021-08-26,True,True,True,0.0019694170220035637,5.405999999999949,0.0030293232438078186,1784.557,1788.075,1788.75,1783.344,0.002330312634177779,240.0,0.25,0.002605148586301271,18.17100000000005,0.010159654915028724,1788.545,1793.2105000000001,1798.15,1779.979,0.00579610563779048,240.0,0.25950000000000273,-0.002881383267899606,5.929999999999836,0.003309798230681124,1791.65,1786.495,1791.955,1786.025,0.0018318066781544192,358.0,0.2559999999999718,8.041499999999928,0.004509312113816874,0.00395946436000557,0.0037864090518892977,0.0034645871467117693,0.002166126629405965,0.0024215260415380918,0.7374246098364595,-0.30459141994394967,-0.7277204707294177,-0.13425423326893424,-0.03839550076830235,0.9091883158020423,1.0,0.3333955107877963,0.24099981346762317,-5.401610661753196,0.2216574115017528,1.0,1.0,-0.30459141994394967,-0.30459141994394967
2021-08-27,True,True,True,-0.0048791315541247444,10.269999999999982,0.005694860291546893,1803.3805,1794.603,1804.105,1793.835,0.002535463910882428,240.0,0.25,0.009028399893266396,29.63499999999999,0.01649389862110228,1796.725,1813.02,1813.281,1783.646,0.006949751919262085,240.0,0.2725000000000364,0.004614016452743729,9.777000000000044,0.005451259401498912,1793.5304999999998,1801.8249999999998,1802.622,1792.845,0.0022824870396704884,358.0,0.25,7.756999999999948,0.0044180358186700006,0.0040391681496734985,0.002881383267899606,0.003424566478283635,0.0021778141428014544,0.0023866746485823372,1.2604099523011614,0.23143702701481078,1.1423184878095995,0.508589176805005,0.06047558594382256,-2.240380139991387,1.0,0.1911821580507873,0.20052855485370322,-5.422060066577059,0.2643747947227081,0.0,1.0,0.0,0.23143702701481078
2021-08-30,True,True,True,0.0010958926334416251,3.9200000000000728,0.0021604694170949197,1814.4205,1816.4099999999999,1816.785,1812.865,0.0016476025170885176,240.0,0.2679999999999154,-0.0038208178804785787,8.642000000000053,0.004755628805617416,1817.2150000000001,1810.285,1817.739,1809.097,0.0032690379469065846,240.0,0.2845000000000937,-0.0019040834005401063,9.853000000000065,0.005417859195046816,1818.615,1815.1554999999998,1823.142,1813.289,0.0026127408241783754,358.0,0.2929999999998927,7.756999999999948,0.0044180358186700006,0.004070319050063813,0.004614016452743729,0.0034645871467117693,0.0024631988464512483,0.0024215260415380918,1.27020755446695,0.23918031583161628,-0.46779708841503587,-0.47226795515081915,-0.38507672579461744,0.44490627909333713,1.0,0.05466030681964432,0.09475312620857353,-5.422060066577059,-0.1118878553522188,0.0,1.0,0.0,0.23918031583161628
2021-08-31,True,True,True,-0.0013401263367329675,5.141000000000076,0.00283274021744495,1814.8505,1812.42,1816.93,1811.789,0.0023863460316270345,240.0,0.2560000000000855,-0.0026680013285245857,14.15099999999984,0.007806328471501931,1812.76,1807.9299999999998,1815.677,1801.526,0.006001136902024872,240.0,0.2884999999999991,0.0037626309453369397,7.630999999999858,0.004214904334761974,1810.48,1817.305,1817.33,1809.699,0.0016966149493831577,356.0,0.25900000000001455,8.041499999999928,0.004509312113816874,0.004099807311400515,0.0019040834005401063,0.0034645871467117693,0.002474924376171382,0.0023866746485823372,0.9489523098924239,-0.05239673464607857,0.9177579967902456,-0.20134895806976047,-0.00013769768783307012,-0.5414817315776307,0.0,0.0,0.305229123919676,-5.401610661753196,-0.04808752222713513,1.0,1.0,-0.05239673464607857,-0.05239673464607857
2021-09-01,True,True,True,-0.0014628121930939763,7.342000000000098,0.004042228125473194,1816.325,1813.67,1816.653,1809.311,0.0025020672795943856,240.0,0.26299999999991996,0.001314279186995991,11.345000000000027,0.006257202746330148,1813.1105,1815.495,1819.95,1808.605,0.004975738305611802,240.0,0.2820000000001528,0.0005068898559761915,5.6189999999999145,0.0030966696610141,1814.53,1815.4499999999998,1815.85,1810.231,0.0027566023316399615,356.0,0.2580000000000382,7.817499999999882,0.0044180358186700006,0.004108693745435527,0.0037626309453369397,0.0034645871467117693,0.0024809136965393713,0.00240351136793951,0.7187719859290054,-0.3302110982197982,0.12337007510947022,0.15420258018526825,0.040186563924062516,-0.5896263925401575,1.0,0.11768468180365675,0.11192836584588943,-5.422060066577059,-0.04073816798935716,0.0,1.0,-0.0,-0.3302110982197982
2021-09-02,True,True,True,0.00016251898959973788,4.9249999999999545,0.0027134612470902353,1815.025,1815.32,1817.05,1812.125,0.0017034070705395313,240.0,0.2560000000000855,-0.0035590171650928667,11.567000000000007,0.006371159857341544,1815.525,1809.075,1816.304,1804.737,0.005296283932588547,240.0,0.2699999999999818,0.0007249942772861956,5.355000000000018,0.002953423599812491,1813.15,1814.4650000000001,1815.955,1810.6,0.0018978530295951607,353.0,0.2640000000001237,7.817499999999882,0.0044180358186700006,0.004087590515736553,0.0005068898559761915,0.003607859590460004,0.002500477632235915,0.0024215260415380918,0.6850015989766677,-0.3783341064501286,0.17736470287204323,-0.2848896523760937,-0.3517675325481336,0.06499517832295672,1.0,0.140070354972823,0.07163415414134364,-5.422060066577059,-0.06710311637688704,0.0,1.0,-0.0,-0.3783341064501286
2021-09-03,False,True,True,0.0001902443266746705,3.535000000000082,0.0019495004922006644,1813.285,1813.63,1814.38,1810.845,0.0014845190818713525,240.0,0.2535000000001446,0.008067658049294078,20.935999999999922,0.011536575285852002,1814.75,1829.45,1833.884,1812.948,0.008592859095106962,240.0,0.2999999999999545,,,,,,,,,,,,,,,0.003607859590460004,0.0024530045254971054,0.00240351136793951,,,,-0.615541503357684,-0.48183986887255864,0.07755563624005837,,,,,,,,,
2021-09-06,False,True,True,-0.0013751128690934612,4.337999999999965,0.0023749562018219855,1826.56,1824.05,1827.012,1822.674,0.001753309785206997,239.0,0.2539999999999054,-0.0010257730468936415,2.7439999999999145,0.001504426792284064,1823.9505,1822.0805,1824.107,1821.363,0.0016751408440688715,237.0,0.2560000000000855,,,,,,,,,,,,,,,0.003444773947609065,0.0023770873574874207,0.00240351136793951,,,,-0.3718792888042233,-0.3154254305835993,-0.5784864678035873,,,,,,,,,
2021-09-07,True,True,True,-0.004532655915166301,10.873000000000047,0.005978363963765851,1818.725,1810.5,1820.45,1809.577,0.002947526672273135,240.0,0.2685000000000173,-0.007560320131491288,22.676999999999907,0.012521914869532276,1810.985,1797.345,1814.982,1792.305,0.007448111969088366,240.0,0.26799999999980173,-0.0028360455472464657,10.248000000000047,0.005619638024681906,1823.605,1818.4405000000002,1827.174,1816.926,0.0021961205860180524,356.0,0.2799999999999727,7.817499999999882,0.0044180358186700006,0.004089142153288631,0.0007249942772861956,0.003217038261494374,0.0023008693798705765,0.0023599143048528204,1.3109050207867223,0.27071775424459354,-0.6935551372225146,0.6196858041581299,0.22234109563051185,-1.9699753296822362,1.0,0.940070354972823,0.03639270866642238,-5.422060066577059,-0.18775768919368005,0.0,1.0,0.0,0.27071775424459354
2021-09-08,True,True,True,0.0012383109909521529,6.251999999999953,0.003481669998719129,1795.69,1797.915,1801.185,1794.933,0.0025684087407047743,240.0,0.2680000000000291,-0.0028335773973492176,19.7170000000001,0.010971595825485073,1797.095,1792.01,1802.035,1782.318,0.006990218158625416,240.0,0.27599999999983993,0.0002864607240599655,5.608999999999924,0.003123398172569795,1795.8004999999998,1796.315,1800.975,1795.366,0.002046639763821477,358.0,0.25699999999994816,8.041499999999928,0.004509312113816874,0.0041402924680302685,0.0028360455472464657,0.003217038261494374,0.0024122710791315903,0.0023599143048528204,0.6975066840763506,-0.3602431824273699,0.06918852382335404,0.07905092164919272,0.08466123322791472,0.5133382403265975,1.0,0.05384567555804223,0.07772181806876896,-5.401610661753196,-0.024924694009576958,1.0,1.0,-0.3602431824273699,-0.3602431824273699
2021-09-09,True,True,True,0.0035917403556541667,7.77800000000002,0.00434915105443709,1788.395,1794.83,1795.673,1787.895,0.0016850882218089212,240.0,0.2619999999999436,-0.0036951840289511768,16.23799999999983,0.009025947514654286,1799.0355,1792.4,1799.926,1783.688,0.004887463884300845,240.0,0.28349999999988995,-0.0016964855026978766,4.085000000000036,0.002281096411642714,1790.8055,1787.77,1790.68,1786.595,0.002430525151482582,357.0,0.25,7.817499999999882,0.0044180358186700006,0.0029335246509573014,0.0002864607240599655,0.003217038261494374,0.00231093573117417,0.0023599143048528204,0.5225455708346783,-0.6490430820378691,-0.5783096120035194,0.3015195244361403,-0.3368073872848312,1.5542363672005837,1.0,0.63869523504957,0.0799488327470431,-5.422060066577059,0.3753478529468885,0.0,0.0,-0.0,-0.0
2021-09-10,True,True,True,-0.005429107777360658,10.80099999999993,0.005988827435161659,1803.525,1793.76,1803.62,1792.819,0.0026142651343987076,240.0,0.2619999999999436,-0.00270434907467116,10.560999999999922,0.005874777839276582,1797.685,1792.83,1800.157,1789.596,0.005277845461220158,240.0,0.2999999999999545,0.004269816208068706,11.144000000000005,0.006208927283009305,1794.835,1802.515,1803.784,1792.64,0.00325682104635338,360.0,0.3125000000001137,7.817499999999882,0.004356935747331215,0.002964929701911176,0.0016964855026978766,0.003217038261494374,0.002444108145069344,0.0023318976061281927,1.425519667412878,0.3545364261276609,1.4401070640279965,0.6214344975170618,0.11430067932720228,-2.22130423660391,0.0,0.0,0.1291973137192205,-5.435986278953226,0.5105704117216844,0.0,0.0,0.0,0.0
2021-09-13,True,True,True,-0.00031033976861759017,4.3250000000000455,0.0024180382860721247,1788.64,1788.085,1791.27,1786.945,0.0018844933577402338,239.0,0.2539999999999054,0.002948106297873633,13.260999999999967,0.0074082350345104795,1790.035,1795.32,1798.343,1785.082,0.003400477972857918,240.0,0.25650000000007367,0.0032093082042790847,9.686999999999898,0.00541963421525235,1787.3899999999999,1793.1355,1793.224,1783.537,0.002418447911628472,358.0,0.27549999999985175,7.817499999999882,0.004356935747331215,0.002971040985353698,0.004269816208068706,0.003255496621263474,0.0027041493335224496,0.0023318976061281927,1.2391429485129575,0.2144199700943932,1.0801965439386294,-0.29738824999539765,-0.2130233503072698,-0.11476428641362744,0.0,0.0,0.5750559641829307,-5.435986278953226,0.2316157106473878,0.0,0.0,0.0,0.0
2021-09-14,True,True,True,-0.0032351095968198066,9.5,0.005299461407369598,1792.635,1786.845,1794.85,1785.35,0.002305841335910687,240.0,0.25,0.01186807956849884,29.614000000000033,0.016594938694999235,1784.52,1805.825,1808.535,1778.921,0.007873301742920969,240.0,0.2599999999999909,1.6731267951578897e-05,3.6499999999998636,0.0020356546302776374,1793.035,1793.065,1793.35,1789.7,0.0018290447642911475,354.0,0.25,8.041499999999928,0.004509312113816874,0.003029762464069792,0.0032093082042790847,0.003255496621263474,0.0026923304380760513,0.0022746770737720064,0.45389541752159374,-0.7898884653591934,0.00552230353039105,0.48726035830389564,0.013607517851114331,-1.2016019843134957,1.0,0.540943853758649,0.05347261083132096,-5.401610661753196,-0.004362003860868243,1.0,0.0,-0.7898884653591934,-0.0
2021-09-15,False,True,True,0.001143775396304618,3.786000000000058,0.002102795952145595,1800.46,1802.5205,1802.642,1798.856,0.002147762806282072,240.0,0.25,-0.004574299899367707,15.624000000000024,0.00866938000948839,1802.205,1793.98,1806.852,1791.228,0.004828861874307478,240.0,0.25,,,,,,,,,,,,,,,0.003483232307378164,0.002700245090789362,0.0023180769850442333,,,,-0.5046928216773383,-0.07631121103717535,0.4235820667561174,,,,,,,,,
2021-09-16,True,True,True,-0.003449923484564778,11.370999999999867,0.006367721793669164,1785.725,1779.575,1786.725,1775.354,0.0029940672136102593,240.0,0.25,-0.009321730085428916,27.970000000000027,0.01579052850565824,1771.315,1754.88,1773.189,1745.219,0.006995189965383949,240.0,0.2539999999999054,-0.004626161805241772,10.348999999999933,0.005764960194256115,1795.1554999999998,1786.87,1796.124,1785.775,0.0027226287993479805,360.0,0.25,8.041499999999928,0.004509312113816874,0.003025110593991984,1.6731267951578897e-05,0.003255496621263474,0.0026414196548504945,0.0023180769850442333,1.2869489523098956,0.25227426373247336,-1.5292537781691529,0.6708969235682598,0.2558947789753996,-1.306086853041171,1.0,1.2959025057514322,0.14238637070198248,-5.401610661753196,-0.3857913709477262,1.0,0.0,0.25227426373247336,0.0
2021-09-17,True,True,True,-0.000862386936088857,7.3900000000001,0.004190981733217699,1763.31,1761.79,1767.43,1760.04,0.0029729814205089276,240.0,0.25,-0.004110792047922137,16.197999999999865,0.009203592116888612,1759.965,1752.745,1763.465,1747.267,0.006431795753985262,240.0,0.25,0.005053061242074051,8.981999999999971,0.0051208665906499265,1754.0,1762.8854999999999,1762.767,1753.785,0.0022940311453108547,356.0,0.25,8.041499999999928,0.004509312113816874,0.003170397926409849,0.004626161805241772,0.003255496621263474,0.00251877729797247,0.0023180769850442333,1.116955791829889,0.110606941711987,1.5938255573476625,0.2525901745203819,0.24882733838239043,-0.3423831621727928,1.0,0.5798669402474728,0.05278865883231783,-5.401610661753196,0.1762881705206281,1.0,0.0,0.110606941711987,0.0
2021-09-20,True,True,True,0.00214802046006502,9.299999999999955,0.005304525387572555,1753.22,1756.99,1760.1,1750.8,0.0027897806296618044,240.0,0.25,0.0035846254987761915,12.67100000000005,0.007216858892211334,1755.75,1762.055,1767.026,1754.355,0.004819508326196096,240.0,0.25,-0.0020231137077719344,12.673000000000002,0.007224087512184557,1754.27,1750.7245,1754.538,1741.865,0.0041531519385242435,358.0,0.2625000000000455,8.492999999999938,0.004809916875275192,0.00331618451934628,0.005053061242074051,0.003255496621263474,0.002513178823801064,0.0023180769850442333,1.4921700223713756,0.4002314513020622,-0.6100727194066846,0.48821546711077063,0.18522500917494428,0.8547025940701828,1.0,0.6548922642175837,0.2938302131166856,-5.337075476661366,-0.24417028988793316,1.0,0.0,0.4002314513020622,0.0
2021-09-21,False,True,True,0.0030315035924565834,10.2650000000001,0.005830249709623519,1760.645,1765.9904999999999,1768.14,1757.875,0.0027565023447324644,240.0,0.25,0.005296987073706861,15.107999999999947,0.008545176370109951,1768.015,1777.405,1781.681,1766.573,0.005066275021473856,240.0,0.25,,,,,,,,,,,,,,,0.003255496621263474,0.0024944465924602523,0.0023583293329024068,,,,0.5827149954451405,0.15600915110271787,1.215301061814531,,,,,,,,,
2021-09-22,True,True,True,-0.0024929108485034442,6.309999999999945,0.003546428139867498,1779.255,1774.825,1780.03,1773.72,0.0023261043578218206,240.0,0.25,0.0030726749244130436,7.900000000000091,0.004456730226785564,1772.6,1778.0549999999998,1779.285,1771.385,0.0033941071434047247,240.0,0.25,0.0015846146553123931,7.1099999999999,0.00400552097124019,1775.05,1777.865,1779.34,1772.23,0.0036359856734553674,357.0,0.25,9.334499999999935,0.005269362892848371,0.0033286032091992333,0.0020231137077719344,0.0037619490620961612,0.002620674375007893,0.002404360705225616,0.7616905029728374,-0.2722149698801027,0.47605994338195873,-0.058996251487514764,-0.03308913031100089,-0.9512478437905647,1.0,0.07391933151213878,0.14890995768387272,-5.245845816934691,-0.12959064314884328,1.0,0.0,-0.2722149698801027,-0.0
2021-09-23,False,True,True,0.005965252837708083,16.340999999999894,0.009262424010542813,1764.225,1774.7804999999998,1776.471,1760.13,0.004878642425230915,240.0,0.25,-0.012047979632521043,28.319999999999936,0.0159713508254966,1773.175,1751.94,1774.096,1745.776,0.006070442794365051,240.0,0.2535000000000309,,,,,,,,,,,,,,,0.0037943281326703457,0.002643904962880142,0.0023583293329024068,,,,0.8924584315640013,0.7269135310476126,2.2562281630614387,,,,,,,,,
2021-09-24,True,True,True,0.0011848361183093895,4.214999999999918,0.002403002641592537,1754.0555,1756.135,1756.76,1752.545,0.00244908342547564,240.0,0.26100000000008095,0.0017957158069792992,13.54600000000005,0.0077426044152736385,1749.5405,1752.685,1753.921,1740.375,0.006072110709176604,240.0,0.2740000000000009,0.005063044572118372,9.45399999999995,0.005413435845431319,1746.3955,1755.26,1755.156,1745.702,0.002450385381217621,357.0,0.2660000000000764,8.492999999999938,0.004809916875275192,0.0031165250436738573,0.0015846146553123931,0.004116604929345446,0.0029880010355871627,0.00244420665561071,1.1131520075356198,0.10719563757317441,1.624580101608905,-0.5383097213301141,0.0019932484683109148,0.3965313613342042,1.0,0.18886141528318068,0.14182267749912417,-5.337075476661366,0.17414789978065903,1.0,0.0,0.10719563757317441,0.0
2021-09-27,True,True,True,-0.005136698480704777,15.884000000000015,0.009036935429776438,1757.6754999999998,1748.67,1760.644,1744.76,0.0030761585962832375,240.0,0.2655000000000882,0.0015716354526881984,9.814000000000078,0.0056131480586481194,1748.395,1751.145,1757.806,1747.992,0.004674439628731396,240.0,0.2599999999999909,0.0055715213554924465,11.6400000000001,0.006653044310761242,1749.575,1759.35,1760.785,1749.145,0.0028353168473996314,357.0,0.2769999999998163,9.217999999999961,0.005267151218040623,0.003173605331039026,0.005063044572118372,0.0037943281326703457,0.0028279125189250125,0.002417714728551337,1.262746799739656,0.23328934800498802,1.755581042482164,0.8678127607647157,0.24085884260808696,-1.816427646304071,1.0,0.47569971794315574,0.18165545671513203,-5.246265628423947,0.4095583567705812,1.0,0.0,0.23328934800498802,0.0
2021-09-28,True,True,True,-0.004201797505230512,12.30399999999986,0.007067669604827349,1740.885,1733.5855,1744.61,1732.306,0.004892251369890915,240.0,0.2680000000000291,0.0012964117144483947,13.152000000000044,0.007582872808724481,1734.435,1736.685,1741.159,1728.007,0.007540173958438497,240.0,0.2939999999999827,-0.001402855368846927,7.298000000000002,0.004167356657891883,1751.23,1748.775,1754.42,1747.122,0.0026100697836776055,356.0,0.25,9.217999999999961,0.005267151218040623,0.003265555993922594,0.0055715213554924465,0.004116604929345446,0.0030108040658912605,0.0024755753525350127,0.7917118680841867,-0.23355775628405612,-0.42959158301303957,0.5405020307775573,0.6811797656991815,-1.395573213425528,1.0,1.6072900846170637,0.8559340420915744,-5.246265628423947,0.10033444624704135,1.0,0.0,-0.23355775628405612,-0.0
2021-09-29,True,True,True,0.0027568252427498975,8.769999999999982,0.005038650239249695,1740.5455000000002,1745.3505,1745.405,1736.635,0.0032441202588878574,240.0,0.2580000000000382,-0.00737993736009745,18.123000000000047,0.010394250843102646,1743.56,1730.74,1743.48,1725.357,0.005285631535280073,240.0,0.27949999999998454,0.002385602344623065,8.060000000000173,0.004644368702947776,1735.435,1739.58,1741.285,1733.225,0.002700966524235801,359.0,0.25,9.217999999999961,0.005267151218040623,0.00328545564177385,0.001402855368846927,0.004270066393827395,0.0031165437408307746,0.00253523801014958,0.8743762204382954,-0.1342445377797539,0.726110045221933,0.16550886051782018,0.24655668449871265,0.8845777476606226,1.0,0.44695161640268044,0.10474072466915291,-5.246265628423947,-0.0974763073980546,1.0,0.0,-0.1342445377797539,-0.0
2021-09-30,True,True,True,-0.0027514181678874165,10.33199999999988,0.005975914150891762,1728.9405000000002,1724.19,1733.991,1723.659,0.003320051548183547,240.0,0.25,0.018337815159367468,38.99299999999994,0.02259016687860816,1726.105,1758.05,1764.11,1725.117,0.007356879634068268,240.0,0.2839999999999918,0.0016874568776243225,6.104000000000042,0.0035304562582600717,1728.955,1731.875,1734.82,1728.716,0.0022694617722259134,354.0,0.2520000000001801,8.521000000000072,0.004882617646798851,0.003130523885512751,0.002385602344623065,0.004693900646843392,0.003203213267752441,0.0025913369375517407,0.7163478464968889,-0.33358941086366467,0.5390333820589689,0.24147315086510843,0.24780637473412012,-0.8589556604259353,1.0,0.5934749442553393,0.34438446191759403,-5.322073799897211,-0.1798158283569001,1.0,1.0,-0.33358941086366467,-0.33358941086366467
2021-10-01,True,True,True,-0.001416335973879309,5.942999999999984,0.0033848396999606916,1755.77,1753.285,1757.144,1751.201,0.0031717954133159117,240.0,0.25,0.004035183674816014,14.598000000000184,0.008319771482698166,1754.6154999999999,1761.71,1764.208,1749.61,0.0061936217140267135,240.0,0.2819999999999254,-0.0005334725623512103,6.305000000000064,0.0035964144233045737,1753.135,1752.1999999999998,1756.794,1750.489,0.002964969013888942,359.0,0.25700000000006185,8.521000000000072,0.004882617646798851,0.0029974903645538405,0.0016874568776243225,0.005169055823309647,0.0032384945774647737,0.0026853837395655862,0.7399366271564383,-0.3011907354289344,-0.17797306995868015,-0.4233834965408564,0.16647416648644855,-0.43734393867291105,1.0,0.04107499119820515,0.41896491022182064,-5.322073799897211,0.05360383982740006,1.0,1.0,-0.3011907354289344,-0.3011907354289344
2021-10-04,True,True,True,-0.0048672858019762205,9.78300000000013,0.005565432084718886,1757.815,1749.28,1758.278,1748.495,0.0028779213502523452,240.0,0.25,0.0067943093910833125,22.07899999999995,0.012590742419835852,1753.59,1765.545,1770.445,1748.366,0.006523564991719849,240.0,0.2740000000001146,-0.0009788359444019036,7.918999999999869,0.004491367771501094,1763.1599999999999,1761.435,1765.591,1757.672,0.0020559034038000754,358.0,0.29149999999992815,7.8455000000000155,0.004429636518854875,0.0029097473087107482,0.0005334725623512103,0.005169055823309647,0.0032370982756285446,0.0027731414871971344,1.0093684277611183,0.009324816211271118,-0.3363989517136478,0.07388457917941407,0.03708749169109104,-1.5035953151688433,1.0,1.169715123319115,0.4614109999362544,-5.419437748211265,-0.0031368583983940332,1.0,1.0,0.009324816211271118,0.009324816211271118
2021-10-05,True,True,True,-0.0016516879445513757,6.842999999999847,0.0038941971170534575,1757.23,1754.33,1760.935,1754.092,0.0028434847274503698,240.0,0.25,0.002202885105812844,12.805000000000064,0.007287493170642907,1757.12,1760.995,1761.325,1748.52,0.004715723734626281,240.0,0.2740000000000009,-0.0056660749501756666,12.08199999999988,0.006833227288794559,1768.125,1758.135,1768.31,1756.228,0.0023814473262570583,360.0,0.25950000000000273,7.774999999999864,0.004353136053131534,0.0028689675929140504,0.0009788359444019036,0.0053019933974710765,0.003366642852710268,0.002833850989957075,1.5539549839228415,0.4408032836512593,-1.9749525802139003,-0.30859533619474344,0.0033937562332984144,-0.4906038498326925,1.0,0.2747266881028945,0.11639871382636509,-5.4368587618736335,-0.8705655824138143,0.0,1.0,0.0,0.4408032836512593
2021-10-06,True,True,True,-0.0011676024512957297,7.099999999999909,0.004051413001611954,1752.475,1750.43,1752.965,1745.865,0.0034203046269852787,240.0,0.265999999999849,0.004342002771964208,10.875,0.0061984336629380115,1754.4755,1762.1100000000001,1764.206,1753.331,0.004924936091871926,240.0,0.2839999999998781,-0.004697084286068665,8.454999999999927,0.004805424360744956,1759.47,1751.225,1759.345,1750.89,0.002840328981947841,360.0,0.25499999999999545,7.989500000000021,0.0045678682372244355,0.0031520390333613386,0.0056660749501756666,0.005169055823309647,0.003262203095479795,0.002816632678556087,1.0582639714625328,0.05662980275322634,-1.4901732612935596,-0.24362433623224194,0.19418753348238968,-0.35791838126620446,1.0,0.6289504975280152,0.15645534764378205,-5.388708651785156,-0.0843882178551863,1.0,0.0,0.05662980275322634,0.0
2021-10-07,True,True,True,-0.0004566838309764506,8.819999999999936,0.005002523949157986,1763.1100000000001,1762.305,1766.879,1758.059,0.002950703000427864,240.0,0.2535000000000309,-0.0017695999695175307,11.19900000000007,0.006357433184223114,1761.56,1758.4454999999998,1763.094,1751.895,0.0045274275887397745,240.0,0.2799999999999727,-0.004277524527833257,7.748000000000047,0.004392254145303255,1764.0145,1756.485,1764.108,1756.36,0.0020865727133473552,357.0,0.26900000000000546,8.25750000000005,0.004724896531846366,0.0033618417243640245,0.004697084286068665,0.005169055823309647,0.003229717405929052,0.0028607030388513575,0.9382985165001514,-0.0636871327380582,-1.2723753461779812,-0.03274747088770711,0.030976034787615982,-0.14140055415934513,1.0,0.3355737208598173,0.8023009385407432,-5.354909616298129,0.08103393756466985,1.0,0.0,-0.0636871327380582,-0.0
2021-10-08,True,True,True,0.0006963363045568493,6.149999999999864,0.003497109908762315,1758.595,1759.82,1760.447,1754.297,0.0024042632331597092,240.0,0.25,-0.0017582909061000993,25.76599999999985,0.014624981552747704,1761.78,1758.685,1781.223,1755.457,0.008745119014579427,240.0,0.2735000000001264,0.0013494275949012477,7.190000000000055,0.004096596491797865,1755.1154999999999,1757.4855,1760.506,1753.316,0.0024399795497871885,359.0,0.2599999999999909,8.25750000000005,0.004724896531846366,0.003509052614433175,0.004277524527833257,0.005169055823309647,0.0030585133937521473,0.002914312175340105,0.8707235846200437,-0.1384307065498508,0.38455610193785134,-0.3907531587594916,-0.19239032286213986,0.22767149098621156,0.0,0.0,0.13436270057523692,-5.354909616298129,-0.0532343728993132,1.0,0.0,-0.1384307065498508,-0.0
2021-10-11,True,True,True,-0.0008008151072400133,4.925999999999931,0.0028065737409303008,1755.165,1753.76,1757.165,1752.239,0.002492058243486727,240.0,0.25,0.0014604880853142741,9.969000000000051,0.00568040661432042,1754.98,1757.545,1760.085,1750.116,0.003962542613009337,240.0,0.2544999999998936,0.0016294504275412814,7.208000000000084,0.0041093000849453465,1754.07,1756.9305,1760.94,1753.732,0.0028475460905172047,358.0,0.2699999999999818,7.989500000000021,0.0045678682372244355,0.0034541677946053734,0.0013494275949012477,0.005020587094203841,0.0029005859113007174,0.002914312175340105,0.9021841166531153,-0.10293665929126043,0.47173458975736887,-0.5815824477962042,-0.15652485868943547,-0.2760873601847227,1.0,0.18687026722572556,0.2209775330120746,-5.388708651785156,-0.04855878274175679,1.0,0.0,-0.10293665929126043,-0.0
2021-10-12,True,True,True,0.000544579552790812,6.843000000000075,0.0038849116910692305,1761.43,1762.3895,1763.217,1756.374,0.002968327174926267,240.0,0.25,-0.0006159951710003489,15.42899999999986,0.008756924264438715,1761.92,1760.835,1769.29,1753.861,0.006667803448299079,240.0,0.2720000000001619,0.0048048089228167595,11.34699999999998,0.006471445395931881,1753.395,1761.84,1762.027,1750.68,0.002739563150667563,356.0,0.2580000000000382,7.989500000000021,0.0045678682372244355,0.003468373040387672,0.0016294504275412814,0.005020587094203841,0.002898713101850873,0.002914312175340105,1.4202390637711935,0.35082521221154184,1.3853206869234889,-0.2564466250822675,0.018364721842173647,0.18786942124182265,1.0,0.14894549095688733,0.0513173540271423,-5.388708651785156,0.4860054239709719,1.0,0.0,0.35082521221154184,0.0
2021-10-13,True,True,True,0.0059869326418716924,11.538999999999987,0.006546096112280376,1762.73,1773.315,1773.315,1761.776,0.002498911120041705,240.0,0.2539999999999054,0.011740293113299913,38.399999999999864,0.021651184753957324,1773.575,1794.52,1796.089,1757.689,0.00997060803260399,240.0,0.2899999999999636,0.0012744007571706295,3.811999999999898,0.0021653062499644407,1760.49,1762.735,1763.231,1759.419,0.002205960256747118,356.0,0.27750000000003183,8.25750000000005,0.004724896531846366,0.0035748364747610925,0.0048048089228167595,0.004596752841187842,0.002852951324107136,0.0029595150876770655,0.461640932485604,-0.7729678924908847,0.35649204269009205,0.35351870843041877,-0.16917034817448173,2.0985050082287584,1.0,1.2211928549803208,0.0006055101422805613,-5.354909616298129,-0.27555690292793095,1.0,0.0,-0.7729678924908847,-0.0
2021-10-14,True,True,True,0.0034337520590581928,9.396999999999935,0.005238643427166542,1793.7849999999999,1799.955,1800.085,1790.688,0.0031719137890840947,240.0,0.25,0.0014886027276034511,5.949000000000069,0.0033130064322112155,1795.65,1798.3249999999998,1799.585,1793.636,0.0041320158897121375,240.0,0.26400000000001,-0.00022884125493714713,7.074999999999818,0.0039484552192159,1791.8400000000001,1791.43,1793.715,1786.64,0.0023936748431583168,357.0,0.2640000000001237,7.989500000000021,0.0045678682372244355,0.003475281314107867,0.0012744007571706295,0.005020587094203841,0.003193059941943125,0.0029595150876770655,0.8855372676637837,-0.12156073606803311,-0.06584826788213331,0.04251569896834515,0.06930969149318618,1.0753797678375545,1.0,0.7972964515927281,0.2947618749608592,-5.388708651785156,0.008004563912557149,1.0,0.0,-0.12156073606803311,-0.0
2021-10-15,False,True,True,-0.0060229402410079515,11.330000000000155,0.006323232717846058,1791.8049999999998,1781.0455,1792.045,1780.715,0.0030345182423329596,240.0,0.25,-0.00555105022062334,14.207000000000107,0.007988753778027755,1778.375,1768.5304999999998,1778.942,1764.735,0.006092742331936293,240.0,0.2659999999999627,,,,,,,,,,,,,,,0.005020587094203841,0.0032119396811275524,0.0029595150876770655,,,,0.2306837054704509,0.025027244734450654,-1.8751722756180764,,,,,,,,,
2021-10-18,True,True,True,-0.0015851931001756362,6.6440000000000055,0.003765180580191436,1764.59,1761.795,1766.895,1760.251,0.0035252365367669848,240.0,0.25,0.0026394430582325577,9.661000000000058,0.005479257824574172,1763.195,1767.855,1771.115,1761.454,0.00477225633161261,240.0,0.27899999999999636,-0.0016104382458992414,5.389999999999873,0.003043254871183861,1771.13,1768.28,1771.965,1766.575,0.0021695245921348623,356.0,0.2705000000000837,7.833499999999958,0.0044418109584021745,0.0034172619583981816,0.00022884125493714713,0.005138646833208119,0.0034806638018905754,0.0029595150876770655,0.6880704665858047,-0.3738640239305172,-0.47126566985637924,-0.31099395981785105,0.17492210345688058,-0.4554283867676661,1.0,0.8073019722984749,0.4710538073658102,-5.416693112181791,0.17618927967281658,1.0,0.0,-0.3738640239305172,-0.0
2021-10-19,True,True,True,-0.0001740015051725603,5.7409999999999854,0.003227320638043699,1778.875,1778.5655,1782.885,1777.144,0.0030757876267593263,240.0,0.25,-0.0052033907691369265,15.63299999999981,0.00878018944832733,1780.4855,1771.245,1785.013,1769.38,0.006266934460070663,237.0,0.2719999999999345,0.007685590854835012,14.454000000000178,0.008193645304838399,1764.05,1777.66,1777.67,1763.216,0.0027723135563676956,356.0,0.25,7.833499999999958,0.0044418109584021745,0.003443611957191668,0.0016104382458992414,0.005020587094203841,0.0034445941510535547,0.0030014227086296134,1.8451522308036326,0.6125617840094023,2.2318399838240657,-0.44189460873821,0.02447459478053548,-0.05051437050119261,1.0,0.6657305163719852,0.1551030829131199,-5.416693112181791,1.3671398821147853,1.0,0.0,0.6125617840094023,0.0
2021-10-20,True,True,True,0.002207161938650632,5.934999999999945,0.0033411396466892294,1776.34,1780.2649999999999,1780.435,1774.5,0.0021023426521377315,240.0,0.25,0.0022844323412534156,13.613000000000056,0.007649514775875374,1779.59,1783.66,1788.335,1774.722,0.006027325853814143,240.0,0.2725000000000364,0.004369067009755638,10.253000000000156,0.005796519713707532,1768.82,1776.565,1777.065,1766.812,0.002618523711103165,357.0,0.2519999999999527,7.833499999999958,0.0044418109584021745,0.003627614107296015,0.007685590854835012,0.00452696847538497,0.003347398735787811,0.003055152934546143,1.3088657688134564,0.26916093683657,1.2043913383643483,-0.30374054436891873,-0.37377738017410855,0.6593663058581445,1.0,0.4302036126890801,0.028722793132078588,-5.416693112181791,0.32417510095199836,1.0,1.0,0.26916093683657,0.26916093683657
2021-10-21,True,True,False,0.0004593828178841659,7.08400000000006,0.003971952988090062,1783.5055,1784.3249999999998,1787.854,1780.77,0.0024769343931105043,240.0,0.25,,,,,,,,,,,0.0025983905728189332,8.092000000000098,0.004542290679659664,1781.48,1786.115,1789.288,1781.196,0.0034367732602786343,359.0,0.25,7.833499999999958,0.0044418109584021745,0.003588756515677045,0.004369067009755638,0.00452696847538497,0.0033729787214081073,0.003055152934546143,1.032999297887297,0.0324665104541118,0.7240364626210167,-0.13079459445709593,-0.2098079880529934,0.13619499434386848,1.0,0.05438182166336033,0.3331205719027305,-5.416693112181791,0.023506937382843367,1.0,0.0,0.0324665104541118,0.0
2021-10-22,True,True,True,-0.0005494559269592202,4.2849999999998545,0.002389616183584901,1793.175,1792.19,1794.685,1790.4,0.002675197298051962,240.0,0.25,-0.003599387966562532,31.211000000000013,0.0174128201337302,1792.415,1785.975,1813.72,1782.509,0.008106516191478052,240.0,0.26549999999997453,0.0012543821013782017,4.555000000000064,0.0025523640887135995,1784.62,1786.86,1788.03,1783.475,0.0019786310969103576,355.0,0.25,7.833499999999958,0.0044418109584021745,0.0035459891488096805,0.0025983905728189332,0.004011682994851008,0.003036342818724879,0.0030014227086296134,0.581476989851291,-0.5421838781394637,0.35374673997501466,-0.5180780923286454,-0.11506327855431239,-0.1809597794988004,1.0,0.8495563924171836,0.8061530605731906,-5.416693112181791,-0.1917957793588459,1.0,1.0,-0.5421838781394637,-0.5421838781394637
2021-10-25,True,True,True,0.0017823358873372086,8.972999999999956,0.004994433930758074,1796.6,1799.805,1803.498,1794.525,0.0029952829659817943,240.0,0.30700000000001637,0.0035681572199331643,9.653999999999996,0.0053580497009893,1801.775,1808.2155,1809.901,1800.247,0.0034978625816913787,240.0,0.2999999999999545,0.003418492935215675,10.871000000000095,0.006057937982897843,1794.505,1800.65,1800.901,1790.03,0.003146378211324075,360.0,0.35000000000002274,7.833499999999958,0.0044418109584021745,0.0035440410436539315,0.0012543821013782017,0.004011682994851008,0.0030058517543501842,0.0030014227086296134,1.3877577072828433,0.3276892843704727,0.9645748717659275,0.21911322576956183,-0.002047705899321549,0.5929553527574152,1.0,0.33152486117316576,0.5170102763771244,-5.416693112181791,0.31608084945071724,1.0,1.0,0.3276892843704727,0.3276892843704727
2021-10-26,True,True,True,-0.0016056776204865589,6.90300000000002,0.003825595411280613,1804.425,1801.53,1804.678,1797.775,0.002468430755186323,240.0,0.3325000000000955,-0.007300333532985759,24.519000000000005,0.013599077088613916,1802.99,1789.8755,1804.484,1779.965,0.0064148404276968924,240.0,0.36600000000009913,-0.001541325122117922,8.236000000000104,0.00455542311617275,1807.955,1805.1705,1807.846,1799.61,0.0023888536538420337,357.0,0.35799999999994725,7.833499999999958,0.0044418109584021745,0.003463308290982008,0.003418492935215675,0.004011682994851008,0.00286754998860265,0.0029818050704540303,1.0513818854918169,0.05010538031415621,-0.44504415796056235,-0.04749673448922685,-0.18894621852766316,-0.5599475604151548,1.0,0.23425033509923007,0.0951681879108951,-5.416693112181791,-0.02229910679120739,1.0,1.0,0.05010538031415621,0.05010538031415621
2021-10-27,True,True,True,-0.0010305924863397004,9.606999999999971,0.005363578249788528,1791.155,1789.31,1791.322,1781.715,0.003321681731877556,240.0,0.34999999999990905,0.0018099098173352272,15.391000000000076,0.008592155910421891,1791.2849999999999,1794.53,1797.911,1782.52,0.005403755348808493,240.0,0.39000000000010004,-0.004279367003848616,9.492999999999938,0.005292412332051033,1793.7,1786.0405,1794.273,1784.78,0.002630198960822645,359.0,0.31799999999998363,7.833499999999958,0.0044418109584021745,0.003324181601143709,0.001541325122117922,0.00393307505257176,0.0027418718270031603,0.0029595150876770655,1.2118465564562442,0.19214527604825554,-1.2873445308692728,0.31020976021636754,0.11544576723865818,-0.3758718683309599,1.0,0.3912682708878625,0.6529010021063298,-5.416693112181791,-0.24735717025308845,1.0,0.0,0.19214527604825554,0.0
2021-10-28,True,True,True,-0.001554661938252427,7.6720000000000255,0.004256464172078342,1802.435,1799.635,1803.372,1795.7,0.0023664599363337753,240.0,0.2599999999999909,-0.00046904250967809267,18.067999999999984,0.010026831819707921,1801.965,1801.12,1810.31,1792.242,0.006932697023988799,240.0,0.3040000000000873,0.003081563781489297,9.071999999999889,0.005049425594442899,1796.6399999999999,1802.185,1803.148,1794.076,0.0029719985230800376,359.0,0.2799999999999727,7.989500000000021,0.004516829225580379,0.0034731955940023613,0.004279367003848616,0.00393307505257176,0.002651926898290107,0.0029595150876770655,1.1354903310594988,0.1270645673880753,0.8872416476661009,0.079017233033645,-0.22363029246603328,-0.5862386098405775,1.0,0.02803679829778578,0.03129106952875641,-5.399945030068789,0.11273697612937625,1.0,0.0,0.1270645673880753,0.0
2021-10-29,True,True,True,0.001278877659790607,8.182000000000016,0.0045622966496505326,1793.395,1795.69,1799.002,1790.82,0.0029049449005997562,240.0,0.2640000000001237,-0.008355642997382536,21.590999999999894,0.012041224924571492,1793.09,1778.17,1793.385,1771.794,0.00750622899309757,240.0,0.2940000000000964,-0.0017406928791931825,6.683999999999969,0.003713952325387547,1799.7,1796.57,1799.906,1793.222,0.002830613564739215,360.0,0.2735000000001264,8.005499999999984,0.004516829225580379,0.003497200288112409,0.003081563781489297,0.00393307505257176,0.0026104049434492716,0.002914312175340105,0.8349259883829846,-0.1804121947268274,-0.4977389728320965,0.1484045719286363,-0.003219408494510809,0.489915429787976,1.0,0.3000437199425456,0.39660233589406796,-5.399945030068789,0.08979818048971525,1.0,0.0,-0.1804121947268274,-0.0
2021-11-01,True,True,True,0.002698648531190385,7.1189999999999145,0.003995353065966211,1781.8200000000002,1786.6350000000002,1788.049,1780.93,0.0026447713368013045,240.0,0.2699999999999818,0.0035896049058718404,10.185999999999922,0.005701076857635347,1786.68,1793.105,1795.703,1785.517,0.005266211887472985,240.0,0.2820000000001528,0.0037089878137989466,7.268000000000029,0.004082687338501308,1780.2,1786.815,1787.258,1779.99,0.00277497335035276,357.0,0.28500000000008185,8.005499999999984,0.004516829225580379,0.003518182790943825,0.0017406928791931825,0.004011682994851008,0.0026240910116759873,0.0028914331254260507,0.9078758353631933,-0.0966476549260414,1.0542339708289956,-0.0040789004574042845,-0.08916765990350838,1.028412703363813,1.0,0.09880707013927195,0.6239460370994817,-5.399945030068789,-0.10188924102399116,1.0,0.0,-0.0966476549260414,-0.0
2021-11-02,True,True,True,-0.002270990893284558,7.363000000000056,0.00410376740673449,1794.205,1790.135,1795.517,1788.154,0.0028315684829299925,240.0,0.2519999999999527,-0.0006621970934870283,8.115999999999985,0.00453385025333921,1790.09,1788.905,1794.426,1786.31,0.00446775674335755,240.0,0.2599999999999909,0.0008669886882229045,5.636999999999944,0.0031452778565910326,1792.2105000000001,1793.7649999999999,1794.82,1789.183,0.0024043087553969667,358.0,0.2580000000000382,8.005499999999984,0.004516829225580379,0.0035926720676099154,0.0037089878137989466,0.003983653027028137,0.002464513292085564,0.002874214814025063,0.7041409031290932,-0.35077679636054215,0.2413214097772311,0.029706187169841154,-0.014948736408341674,-0.9214764231856749,1.0,0.12853663106614183,0.054962213478240644,-5.399945030068789,-0.08464995101486673,1.0,0.0,-0.35077679636054215,-0.0
2021-11-03,True,True,True,0.0016820465655106723,5.018000000000029,0.0028163401609096867,1781.745,1784.7445,1785.465,1780.447,0.0021980340446049423,240.0,0.27100000000007185,-0.01185941879596296,26.97699999999986,0.015115701486047583,1784.7005,1763.66,1785.59,1758.613,0.005564296620397047,240.0,0.2999999999999545,-0.002770826029924134,8.495000000000118,0.004753404881542643,1787.1399999999999,1782.1950000000002,1787.586,1779.091,0.0030875828890550784,357.0,0.2799999999999727,7.920000000000073,0.004467272412481459,0.0035761449036493154,0.0008669886882229045,0.004023383033789083,0.00249174389328413,0.002868256691764874,1.0726010101010153,0.07008654929756568,-0.774808097707846,-0.35668487264132404,-0.26614107597965025,0.675047933314578,0.0,0.0,0.05681818181821575,-5.410977255153573,-0.05430362593615403,1.0,0.0,0.07008654929756568,0.0
2021-11-04,True,True,True,0.0034307550663673883,9.802000000000135,0.005522749790755921,1774.8405,1780.94,1782.035,1772.233,0.003202778099080915,240.0,0.2699999999999818,0.006369060595344875,19.825000000000045,0.011131383736276349,1781.0005,1792.38,1798.809,1778.984,0.005221646503896851,240.0,0.2980000000000018,-0.0014272947871951174,4.880000000000109,0.0027456529505923742,1777.355,1774.82,1778.24,1773.36,0.002590175610414116,357.0,0.26700000000005275,7.920000000000073,0.004467272412481459,0.003361289114898763,0.002770826029924134,0.003983653027028137,0.0024973060639343933,0.0027533828904909774,0.6161616161616242,-0.48424598596126556,-0.4246272005786998,0.32667664243224176,0.15118829146858023,1.3737823793061184,1.0,0.47916666666667146,0.0025883838383943796,-5.410977255153573,0.20562401741020456,1.0,0.0,-0.48424598596126556,-0.0
2021-11-05,True,True,True,-0.0015317905166660614,8.372000000000071,0.004659757550120819,1796.66,1793.9099999999999,1800.055,1791.683,0.0030755720544988407,240.0,0.2560000000000855,0.008893091106579843,26.944999999999936,0.01501984436665251,1793.96,1809.9850000000001,1811.713,1784.768,0.00756989782901694,240.0,0.2904999999999518,0.0024530586316484373,6.846000000000004,0.003821421394601114,1791.48,1795.88,1796.885,1790.039,0.002631930950210782,360.0,0.2600000000001046,7.508000000000038,0.004250777115124301,0.003155917748965802,0.0014272947871951174,0.003983653027028137,0.002590119146142125,0.0027533828904909774,0.9118273841235973,-0.09230457861627338,0.7772885185148781,0.156764174592735,0.11066062026920356,-0.5913977042127965,1.0,0.4222163026105563,0.1038891848694684,-5.4606534621434655,-0.07174728916478323,0.0,1.0,-0.0,-0.09230457861627338
2021-11-08,True,True,True,0.0002914689214720599,5.838000000000193,0.003214057731369733,1816.3955,1816.925,1818.207,1812.369,0.0028429975727664093,239.0,0.2580000000000382,0.0034295366126670668,9.960000000000036,0.005479075268521467,1817.825,1824.07,1826.027,1816.067,0.004536838719845593,240.0,0.2660000000000764,0.002823393104137547,8.297000000000025,0.004568856500075318,1815.9904999999999,1821.125,1821.18,1812.883,0.0035668148978375705,359.0,0.2720000000001619,7.238000000000056,0.004102948288371606,0.0029241777619045286,0.0024530586316484373,0.0040495602363503505,0.002625748314919117,0.002868256691764874,1.1463111356728324,0.1365490785405928,0.9655340181161421,-0.23107406198437755,-0.00884544183173555,0.11100413539865045,1.0,0.07101409229070457,0.6534263608731528,-5.496049468971824,0.13184278047335526,0.0,1.0,0.0,0.1365490785405928
2021-11-09,True,True,True,0.002058121508546237,8.493000000000166,0.004666033577531489,1820.1754999999998,1823.9254999999998,1828.525,1820.032,0.003103146042835532,240.0,0.2680000000000291,0.002321552320772339,10.088999999999942,0.005530507141310483,1824.245,1828.4850000000001,1830.325,1820.236,0.0043473860791080465,240.0,0.27949999999998454,9.042867307566864e-05,5.244999999999891,0.0028746656728196886,1824.56,1824.725,1827.05,1821.805,0.0023813015839557073,357.0,0.2619999999999436,7.680000000000064,0.004325795382302505,0.0029454505727016357,0.002823393104137547,0.0040495602363503505,0.002612559017472546,0.0028739712366830828,0.6829427083333135,-0.38134430531134933,0.030701134119770802,0.14170107818107242,0.07672166991031006,0.7877799103414377,1.0,0.23085937500001608,0.5923828125000055,-5.443159252083912,-0.01170770266317456,0.0,1.0,-0.0,-0.38134430531134933
2021-11-10,True,True,True,0.00021678095712139307,4.403999999999996,0.0024141765446084053,1824.2245,1824.62,1827.117,1822.713,0.002141120885676096,240.0,0.25,0.015458407844093858,46.33600000000001,0.025367974137105107,1826.5549999999998,1855.01,1868.428,1822.092,0.011046336965376147,240.0,0.27099999999995816,-0.002254002901926177,6.739000000000033,0.0036826746524438406,1829.92,1825.8000000000002,1830.964,1824.225,0.002129706181094487,355.0,0.2560000000000855,7.680000000000064,0.004312489009080486,0.0029569802322925846,9.042867307566864e-05,0.004180115789406416,0.0026395561055405103,0.0028739712366830828,0.8774739583333303,-0.1307080011955043,-0.7622651234900613,-0.5489806933261323,-0.29436530923062376,0.08212780803043478,1.0,0.19687499999999103,0.20514322916668415,-5.446240045246925,0.09963415067243016,0.0,1.0,-0.0,-0.1307080011955043
2021-11-11,True,True,True,0.003663369542173957,10.454000000000178,0.005629388704605274,1857.04,1863.8555000000001,1865.496,1855.042,0.002682288589019494,240.0,0.265999999999849,0.0019673617904633523,9.519000000000005,0.00512178980161741,1858.53,1862.19,1865.9,1856.381,0.0042528364054930145,240.0,0.27699999999992997,0.00289002710341911,12.588999999999942,0.006810313115357119,1848.52,1853.87,1855.405,1842.816,0.00504697531595871,359.0,0.27099999999995816,7.171499999999924,0.004015571278858604,0.00293043450267061,0.002254002901926177,0.0040495602363503505,0.002295313062305839,0.0028739712366830828,1.7554207627414176,0.5627085790319976,0.9862111235672815,0.3293925664280702,-0.06902439825307544,1.596021737659519,1.0,1.4070975388691667,0.4420274698459327,-5.517575655563506,0.5549494599680947,0.0,1.0,0.0,0.5627085790319976
2021-11-12,True,True,True,-0.003891037117589744,13.542999999999893,0.007295086603230293,1856.455,1849.2455,1858.645,1845.102,0.004071264520652464,240.0,0.2840000000001055,0.005477372509551976,12.569999999999936,0.006781873998500076,1853.47,1863.65,1865.915,1853.345,0.0047606897610744745,240.0,0.2739999999998872,-0.0013029842865975763,7.109000000000151,0.0038172714214759246,1862.3249999999998,1859.9,1862.189,1855.08,0.0031852819766504704,359.0,0.2719999999999345,7.680000000000064,0.004312489009080486,0.002963708948632126,0.00289002710341911,0.0040495602363503505,0.002313051826860353,0.0028372830278482006,0.9256510416666787,-0.07725796021222178,-0.4396465068538384,0.5885927618860883,0.3611067303071513,-1.6822092235050723,1.0,1.2992187499999681,0.4485677083333509,-5.446240045246925,0.03396619233395614,0.0,1.0,-0.0,-0.07725796021222178
2021-11-15,True,True,True,0.0018735594779214727,6.460000000000036,0.003471214710212699,1861.02,1864.51,1864.755,1858.295,0.002363446237507946,240.0,0.25700000000006185,-0.0002521810995582425,12.366999999999962,0.006634745637682888,1863.975,1863.505,1870.425,1858.058,0.0036291667449456157,240.0,0.2660000000000764,-0.003555015885630977,9.57899999999995,0.005134512268236028,1865.6105,1858.99,1865.95,1856.371,0.0035048773994870324,360.0,0.2699999999999818,7.680000000000064,0.004312489009080486,0.0029961208095521962,0.0013029842865975763,0.0040495602363503505,0.0020462664935454386,0.0028372830278482006,1.2472656249999832,0.22095365524116037,-1.1865395661940326,-0.1541036983237359,-0.18272608991687303,0.9155989622227908,0.0,0.0,0.2643229166666609,-5.446240045246925,-0.2621702542388323,0.0,1.0,0.0,0.22095365524116037
2021-11-16,True,True,True,0.005318506878542918,11.017000000000053,0.00591047114239426,1863.98,1873.92,1874.872,1863.855,0.0035637683617717347,240.0,0.2615000000001828,-0.008336154941787764,23.550000000000182,0.012588567656201238,1870.745,1855.215,1877.015,1853.465,0.006497370373961189,240.0,0.2799999999999727,0.0022981272474887878,6.946999999999889,0.003730093104670208,1862.42,1866.705,1868.76,1861.813,0.002902906081062363,358.0,0.2539999999999054,8.164000000000101,0.004548856897916207,0.0031117333660990788,0.003555015885630977,0.0040495602363503505,0.002026504898503921,0.0027569285359747434,0.8509309162175163,-0.16142433323688288,0.7385360431346207,0.3781172561602072,0.2567013028371605,2.624472747373735,1.0,0.7486526212640868,0.3337824595786227,-5.392879308810337,-0.11921768833441193,1.0,1.0,-0.16142433323688288,-0.16142433323688288
2021-11-17,True,True,True,0.0029639772316432432,7.046000000000049,0.003795855589405463,1856.235,1861.745,1862.784,1855.738,0.001967093803088926,240.0,0.25299999999992906,0.0012951065635174524,8.031999999999925,0.004309267177784057,1863.8899999999999,1866.3055,1867.982,1859.95,0.0037256587040525196,240.0,0.2660000000000764,0.0010529612907118054,6.489000000000033,0.003506675734630751,1850.4705,1852.42,1856.029,1849.54,0.002745542605220615,360.0,0.2739999999998872,7.680000000000064,0.004312489009080486,0.0026906789905827926,0.0022981272474887878,0.004180115789406416,0.0022920167988623474,0.0027569285359747434,0.8449218749999973,-0.16851111152055262,0.3913366456560235,-0.09642910977702557,-0.33755998409501925,1.2931743053167963,1.0,0.8795572916666736,0.49674479166664004,-5.446240045246925,-0.06594457313822116,0.0,0.0,-0.0,-0.0
2021-11-18,True,True,True,-0.0031408138331118904,10.9849999999999,0.005878449609084385,1868.69,1862.83,1869.695,1858.71,0.0022866745801915717,240.0,0.2685000000000173,-0.0020228964355742222,11.871000000000095,0.00636327088526177,1865.55,1861.78,1866.883,1855.012,0.005760214001280631,240.0,0.27599999999983993,-3.750143979187943e-05,6.72400000000016,0.0036022136149103786,1866.63,1866.56,1870.795,1864.071,0.002905517851731325,360.0,0.2585000000000264,7.18850000000009,0.003952054366551211,0.002540897232630799,0.0010529612907118054,0.004180115789406416,0.0023237789857297273,0.0027569285359747434,0.9353829032482542,-0.06679931133412971,-0.014759132841059893,0.3409541082506212,-0.18701859697912696,-1.3515974851307095,1.0,0.7457745009389732,0.2963066008207668,-5.5335197424727145,0.000985899909671738,0.0,0.0,-0.0,-0.0
2021-11-19,True,True,True,0.002320283346473055,13.385999999999967,0.0072063439083083275,1857.53,1861.845,1864.807,1851.421,0.0053697667762865175,240.0,0.2539999999999054,-0.0020124141494141418,13.904999999999973,0.007474460245063375,1860.335,1856.595,1865.646,1851.741,0.006192390490345576,240.0,0.2599999999999909,0.0007821035758617198,5.195999999999913,0.0027940891785506405,1859.6399999999999,1861.095,1863.675,1858.479,0.0017435405495749565,353.0,0.25,7.02800000000002,0.003819346408038519,0.0024877582501719605,3.750143979187943e-05,0.004409380410864437,0.0024826454509888998,0.0027569285359747434,0.7393284006829678,-0.30201307151651735,0.31438085907569946,0.4912275532732618,0.6666672659505049,0.9346011713226422,1.0,1.0042686397268032,0.5072566875355783,-5.567675968374594,-0.09494712887545338,0.0,0.0,-0.0,-0.0
2021-11-22,False,True,True,-0.0007320653478923802,9.764000000000124,0.005294753860916253,1844.0895,1842.74,1847.005,1837.241,0.003054723591691431,240.0,0.2660000000000764,-0.01326173050491065,30.673999999999978,0.016670647643845737,1840.0005,1815.76,1842.097,1811.423,0.009413850115463897,240.0,0.2785000000000082,,,,,,,,,,,,,,,0.004611027099885676,0.002496568633571608,0.0028372830278482006,,,,0.13826586234983243,0.07384219725155299,-0.29322860907896714,,,,,,,,,
2021-11-23,True,True,True,-0.007554726225053313,15.678000000000111,0.008673040800300779,1807.6705000000002,1794.0655000000002,1808.305,1792.627,0.00479772764772977,240.0,0.2699999999999818,-0.0050157809594630655,11.457000000000107,0.0063939682282787335,1791.845,1782.88,1793.373,1781.916,0.006290837489276037,240.0,0.27800000000002,-0.000450889353007471,5.893000000000029,0.0032575009445536796,1809.0555,1808.24,1812.3,1806.407,0.002647766438582666,360.0,0.2639999999998963,7.02800000000002,0.003819346408038519,0.002479966766776298,0.0007821035758617198,0.004611027099885676,0.0025039608815540905,0.0028372830278482006,0.8385031303358014,-0.17613696446907243,-0.18181265936623048,0.6317688255479584,0.5252954851712702,-3.0171103233707273,1.0,1.9607285145133657,0.08103301081386352,-5.567675968374594,0.03202392992281731,0.0,0.0,-0.0,-0.0
2021-11-24,True,True,True,-0.003786501492267186,9.278999999999996,0.005171965483442769,1794.0955,1787.315,1794.683,1785.404,0.0036317511540429562,240.0,0.2720000000001619,0.0018041836769265474,13.854000000000042,0.007757433226944421,1785.9,1789.125,1791.325,1777.471,0.0045099733101263886,240.0,0.27750000000003183,0.0026063369225948216,7.227000000000089,0.004035208548589639,1790.9855,1795.6595,1796.035,1788.808,0.0030957780034886547,358.0,0.2559999999999718,6.896499999999946,0.0037736822630730664,0.0023662806072199225,0.000450889353007471,0.004662895563826154,0.0030694987671385024,0.0028739712366830828,1.0479228594214667,0.04680997576742655,1.1014487946368012,0.10361616635458382,0.234020164042085,-1.2335895139639035,1.0,0.4935837018777674,0.22678170086276958,-5.5797040266046665,0.05155879138600985,0.0,0.0,0.0,0.0
2021-11-25,True,True,True,-0.001461931460330692,5.226000000000113,0.0029139205781004945,1793.46,1790.84,1794.97,1789.744,0.0017980466115158898,240.0,0.2619999999999436,-0.0006675129526116649,4.1469999999999345,0.0023156924880990237,1790.825,1789.63,1792.027,1787.88,0.002091760739693645,240.0,0.2519999999999527,0.0017503389800980504,4.971000000000004,0.0027774052966811954,1789.8000000000002,1792.9355,1794.173,1789.202,0.0023862159283084975,355.0,0.2819999999999254,6.896499999999946,0.0037736822630730664,0.0024023924142533527,0.0026063369225948216,0.004662895563826154,0.003192001703158423,0.0028739712366830828,0.7208004060030512,-0.32739300942089344,0.728581629592784,-0.47013716868087546,-0.4689939196891415,-0.4579983334232371,1.0,0.11556586674400517,0.076053070398027,-5.5797040266046665,-0.23853253232116026,0.0,0.0,-0.0,-0.0
2021-11-26,True,True,True,0.0020939696926104705,17.728000000000065,0.009804957233285344,1808.065,1811.855,1815.432,1797.704,0.006476172871738797,240.0,0.2944999999999709,-0.01163314214615895,29.458000000000084,0.0163090176277793,1806.24,1785.3494999999998,1809.448,1779.99,0.0073328121072445745,240.0,0.2899999999999636,0.0026851254423424,8.769999999999982,0.0048921564006224145,1792.6655,1797.4855,1798.721,1789.951,0.0032451761097494506,360.0,0.27499999999997726,6.792500000000018,0.0037220227150288774,0.0021725019339916534,0.0017503389800980504,0.004662895563826154,0.0031894360822122447,0.0028739712366830828,1.291129922708864,0.2555177440657212,1.2359599779084551,0.7432514771158977,0.8124349501807863,0.6565328912809123,1.0,2.460213470739782,1.5575266838424768,-5.593488017871277,0.3158097053106871,0.0,1.0,0.0,0.2555177440657212
2021-11-29,True,True,True,-0.000785843707711853,6.519999999999982,0.003632403040744744,1794.955,1793.545,1799.327,1792.807,0.002650148097041193,240.0,0.2839999999998781,-0.005723883710235946,11.386999999999944,0.006346844135286349,1794.12,1783.88,1793.99,1782.603,0.003850705407572013,240.0,0.2760000000000673,0.0002199726852915427,6.792999999999893,0.003783389400048952,1795.48,1795.875,1796.519,1789.726,0.003663165633721063,360.0,0.29099999999994,6.792500000000018,0.0037220227150288774,0.0021498135548478348,0.0026851254423424,0.0049189995304871285,0.0032094778697668793,0.0029488605822289202,1.000073610599908,7.360789078069514e-05,0.10232175008642204,-0.30321073841390433,-0.10680332831583077,-0.2448509507152118,1.0,0.4133971291866007,0.13544350386456686,-5.593488017871277,7.531688204850937e-06,0.0,1.0,0.0,7.360789078069514e-05
2021-11-30,True,True,True,0.00036798446343522115,7.05399999999986,0.003936679399207061,1791.8654999999999,1792.525,1798.435,1791.381,0.0029348585636188185,240.0,0.2559999999999718,-0.01038659683616728,37.94699999999989,0.021165440656643414,1792.8755,1774.35,1808.683,1770.736,0.009629012503361862,240.0,0.2719999999999345,0.005085404826413136,12.96699999999987,0.007256904608668815,1786.85,1795.96,1795.86,1782.893,0.002672616730839888,359.0,0.2639999999998963,6.819499999999948,0.0037567412523595804,0.0020848561460090095,0.0002199726852915427,0.0049189995304871285,0.0031616116046606136,0.0029488605822289202,1.901459051250087,0.642621513181952,2.4392113749181235,-0.2227675864828518,-0.004759589877125793,0.11639141977236095,1.0,0.37759366522473276,0.6004105872864849,-5.584203385573938,1.5674897047205143,0.0,1.0,0.0,0.642621513181952
2021-12-01,True,True,True,0.00011204324881115507,11.830000000000155,0.006627729456419824,1784.925,1785.125,1788.401,1776.571,0.003752678912036768,240.0,0.2739999999998872,2.7993130485924766e-06,10.830999999999904,0.00606388041317913,1786.15,1786.155,1792.144,1781.313,0.006172720422820386,240.0,0.2860000000000582,0.009766930160842024,21.826999999999998,0.012308374200064228,1773.3455,1790.7505,1794.353,1772.526,0.005554026592804703,360.0,0.2739999999998872,6.819499999999948,0.0037567412523595804,0.0022110381988317534,0.005085404826413136,0.0049189995304871285,0.003114904469328444,0.0029947910776551246,3.200674536256348,1.1633615801721553,4.417350259259464,0.298157118083807,0.22559548938908033,0.03597004335587568,0.0,0.0,0.8542415133074553,-5.584203385573938,5.13897557778597,0.0,1.0,0.0,1.1633615801721553
2021-12-02,True,True,True,0.001142825097641131,13.819999999999936,0.007784665560740915,1775.285,1777.315,1778.865,1765.045,0.0036722980830278546,240.0,0.2604999999999791,-0.007167842645258007,16.799999999999955,0.00944053586279752,1779.56,1766.85,1780.1,1763.3,0.005929437640983591,240.0,0.26549999999997453,-0.0032769959682411864,6.8900000000001,0.0038664747458593083,1781.9850000000001,1776.155,1781.98,1775.09,0.0028618048313359215,360.0,0.2644999999998845,6.896499999999946,0.003800330410762438,0.003002445292682225,0.009766930160842024,0.005233359672179512,0.003094504345523954,0.003065147823095136,0.9990574929312193,-0.0009429515078480106,-1.0914423574105134,0.397102388346747,0.18072184913871403,0.36930796342043287,1.0,1.4565359240194191,0.12615094613208114,-5.5726672658291045,0.001029177216649431,0.0,1.0,-0.0,-0.0009429515078480106
2021-12-03,True,True,True,0.0005729858505070574,7.354000000000042,0.004152655548120628,1770.915,1771.93,1773.435,1766.081,0.0030763764609457673,240.0,0.25,0.0036310483640642674,14.979000000000042,0.00844191470673521,1774.3605,1780.815,1780.69,1765.711,0.006761127399426028,240.0,0.2739999999998872,0.003963476711212314,8.90800000000013,0.005035472438730589,1769.0495,1776.075,1776.371,1767.463,0.003015240948718782,359.0,0.2540000000001328,6.868000000000052,0.003800330410762438,0.003039014610328355,0.0032769959682411864,0.005233359672179512,0.0030055669818981998,0.003065147823095136,1.297029702970306,0.260076806359899,1.3041979784309343,-0.23130543586104382,0.0036566330581102166,0.19064151754328287,1.0,0.20122306348282637,0.7513104251601693,-5.5726672658291045,0.33919164509135385,0.0,1.0,0.0,0.260076806359899
2021-12-06,True,True,True,-0.0015910370929563186,5.105000000000018,0.002863216224704995,1782.96,1780.1255,1782.85,1777.745,0.0028351233636784465,239.0,0.25,0.0023029689291735904,9.070999999999913,0.005094836640586776,1780.43,1784.535,1784.675,1775.604,0.003848588022947155,240.0,0.25,0.00018757962200086217,6.589999999999918,0.0036958614483794537,1783.0755,1783.41,1787.635,1781.045,0.002338246762573018,360.0,0.2519999999999527,6.9184999999999945,0.003819346408038519,0.00304119338124129,0.003963476711212314,0.005233359672179512,0.002986750159877687,0.0030655500263185994,0.952518609525175,-0.04864563461289783,0.061679610102367076,-0.6031079094869224,-0.07814155646778474,-0.5326984206209852,1.0,0.4769820047698467,0.06504300065043662,-5.567675968374594,-0.0030004437761057506,0.0,1.0,-0.0,-0.04864563461289783
2021-12-07,True,True,True,-0.00021318193756530445,6.25,0.0035059081564252077,1782.705,1782.3249999999998,1783.605,1777.355,0.002352251683164181,240.0,0.25,0.0014007605617481613,15.607000000000198,0.008750795488633386,1783.495,1785.995,1787.688,1772.081,0.004851481089503071,240.0,0.2580000000000382,4.2110996169969724e-05,4.940000000000055,0.0027737693504102,1780.97,1781.045,1781.805,1776.865,0.0020483445309147333,359.0,0.25,6.9184999999999945,0.003800330410762438,0.0030412936972366703,0.00018757962200086217,0.005233359672179512,0.003009383526107311,0.0030655500263185994,0.7140276071402846,-0.33683365192745895,0.013846408917439285,-0.4006038665318584,-0.2648539747663426,-0.07083907242659061,1.0,0.26017200260171364,0.2399364023993432,-5.5726672658291045,-0.004663936481742008,0.0,1.0,-0.0,-0.33683365192745895
2021-12-08,True,True,True,-0.001747492095181992,10.294000000000096,0.005751352076163287,1789.84,1786.715,1793.035,1782.741,0.0026501920566503025,240.0,0.25099999999997635,-0.0011689792947336413,6.066000000000031,0.0033989857955341557,1784.65,1782.565,1785.65,1779.584,0.0038717033778685917,240.0,0.25,0.0034595868742160955,6.399000000000115,0.003585486595748918,1784.695,1790.88,1790.765,1784.366,0.0019961706892535408,356.0,0.25,6.841499999999996,0.0037567412523595804,0.003029911183484155,4.2110996169969724e-05,0.005233359672179512,0.002969747707887399,0.0029947910776551246,0.9353212014909184,-0.06686527768038612,1.141811315484782,0.09438151427385737,-0.12224236051124923,-0.588431162196304,1.0,0.3317985821822675,0.15201344734344685,-5.584203385573938,-0.07634753066849691,0.0,1.0,-0.0,-0.06686527768038612
2021-12-09,True,True,True,-0.00330257837410376,8.238000000000056,0.00461189643107071,1786.25,1780.3604999999998,1787.545,1779.307,0.0021109415776018946,240.0,0.25,-3.65916303723426e-05,9.319999999999936,0.0052465808561721556,1776.395,1776.33,1783.08,1773.76,0.004930933830676016,240.0,0.25700000000006185,0.0012327037833275067,4.854999999999791,0.0027220305058041714,1783.595,1785.795,1786.995,1782.14,0.0017588370068428406,357.0,0.2539999999999054,6.841499999999996,0.0037567412523595804,0.0030627181175252784,0.0034595868742160955,0.005462071282760763,0.0029902406500015794,0.0029947910776551246,0.7096396988964107,-0.34299790409448205,0.4024868551479852,-0.1691889278846223,-0.3497403788318098,-1.1044523704478486,1.0,0.41409047723453707,0.06650588321273514,-5.584203385573938,-0.1380521477413383,0.0,1.0,-0.0,-0.34299790409448205
2021-12-10,True,True,True,-0.00045158500472895833,3.2080000000000837,0.001809316230181393,1773.0455000000002,1772.245,1773.298,1770.09,0.0019902674413999444,240.0,0.25,0.006225016483601543,17.146999999999935,0.009668016103023227,1773.58,1784.655,1789.367,1772.22,0.005762686597742243,240.0,0.25349999999991724,0.00041367375239037226,3.990000000000009,0.0022461220618162116,1776.395,1777.13,1779.58,1775.59,0.0018137700911101103,358.0,0.25,6.841499999999996,0.0037567412523595804,0.0029470840234809754,0.0012327037833275067,0.005233359672179512,0.002918474913990913,0.0029947910776551246,0.5832054374040797,-0.5392157749359529,0.14036713887164903,-1.0621044560510824,-0.4086054497211082,-0.1547332144484434,1.0,0.8039172696046193,0.5970181977636391,-5.584203385573938,-0.07568817556221874,0.0,1.0,-0.0,-0.5392157749359529
2021-12-13,False,True,True,0.0014439102247564622,5.129999999999882,0.0028731045490821366,1785.525,1788.105,1788.445,1783.315,0.0022116344895834928,240.0,0.25,-0.0007320869554449169,8.365000000000009,0.004673027719741243,1790.06,1788.75,1790.13,1781.765,0.0037770724619923144,240.0,0.25,,,,,,,,,,,,,,,0.00489193095725674,0.002812002383384865,0.0028849909636486327,,,,-0.5321939347791711,-0.2657899375549492,0.5134811525367193,,,,,,,,,
2021-12-14,False,True,True,0.00010645718890233107,3.7899999999999636,0.0021236538052065734,1784.66,1784.85,1785.73,1781.94,0.0022635998553550197,240.0,0.25,-0.006191552584387149,19.114000000000033,0.010710823456893913,1784.55,1773.535,1785.52,1766.406,0.00450971607631868,240.0,0.25,,,,,,,,,,,,,,,0.00489193095725674,0.0027953102013536326,0.0028849909636486327,,,,-0.8344490061311886,-0.24256536538516058,0.03808421292591393,,,,,,,,,
2021-12-15,False,True,True,0.0011391180840697429,3.987999999999829,0.0022557773183512855,1767.905,1769.92,1771.282,1767.294,0.0016553652548242724,240.0,0.25,-0.002107529970490547,9.355999999999995,0.005280773941559281,1771.71,1767.98,1773.617,1764.261,0.004780198111121453,240.0,0.25,,,,,,,,,,,,,,,0.004382275989595669,0.0024541430901677415,0.0027426577101643743,,,,-0.664073599394564,-0.5049057352411586,0.46416123356192884,,,,,,,,,
2021-12-16,True,True,True,0.001506155082725192,3.742999999999938,0.0020973182566987204,1784.66,1787.35,1788.25,1784.507,0.002339305744976736,240.0,0.25,0.00815278411255309,15.529999999999973,0.008704571441382852,1784.12,1798.725,1798.79,1783.26,0.0044568113867533045,240.0,0.25,0.0022759906942349376,8.710000000000036,0.00489431702924511,1779.615,1783.67,1784.155,1775.445,0.0028432160757015075,357.0,0.2560000000000855,6.758500000000026,0.003712977276524831,0.0029362826812622074,0.00041367375239037226,0.004382275989595669,0.002342847541998084,0.0027426577101643743,1.288747503144189,0.25367081892266624,0.775126560109181,-0.736908713729964,-0.15907322233154006,0.6428737063448339,1.0,0.605903676851374,0.14648220759044245,-5.595921223783074,0.19662698927160524,0.0,1.0,0.0,0.25367081892266624
2021-12-17,True,True,True,-3.316474587823721e-05,4.069000000000187,0.002249085220928922,1809.18,1809.12,1809.919,1805.85,0.002318669562046462,240.0,0.25,-0.003167472238040894,11.950000000000045,0.006595359516082767,1811.88,1806.15,1814.18,1802.23,0.004508289273719752,240.0,0.25700000000006185,0.003493635811411726,8.166999999999916,0.00454013547581916,1798.845,1805.1405,1805.394,1797.227,0.002659544173294312,357.0,0.2560000000000855,6.758500000000026,0.003712977276524831,0.0028747501988767767,0.0022759906942349376,0.004044667473663844,0.0023260747144063735,0.0027426577101643743,1.2084042317082022,0.18930067243437912,1.2152832662736264,-0.5868757753043603,-0.16793386094969057,-0.014257816257076259,1.0,0.6695272619664235,0.5976917955167675,-5.595921223783074,0.2300539395038461,0.0,1.0,0.0,0.18930067243437912
2021-12-20,False,True,True,-0.0014859091821732523,7.415000000000191,0.0041235336152797035,1798.215,1795.545,1802.255,1794.84,0.0023959277809738676,239.0,0.25,-0.0009489264069727779,8.439999999999827,0.004695096850279718,1797.62,1795.915,1800.062,1791.622,0.005578708530674094,240.0,0.25,,,,,,,,,,,,,,,0.0037845412199759027,0.0022313033888454936,0.002650170076845748,,,,0.08578579988428485,-0.1008532795782557,-0.6659377606834908,,,,,,,,,
2021-12-21,True,True,True,0.002609262547109068,5.866999999999962,0.003271831963796241,1793.185,1797.87,1798.185,1792.318,0.0018785194526636983,240.0,0.25,-0.005893110650345307,15.605000000000018,0.008674697455681505,1798.91,1788.3400000000001,1800.385,1784.78,0.003911837446142982,240.0,0.25,0.0006193522666242527,4.157999999999902,0.002320778727869383,1791.64,1792.75,1793.365,1789.207,0.002050022726497926,354.0,0.2519999999999527,6.758500000000026,0.003712977276524831,0.002641799147313883,0.003493635811411726,0.0037845412199759027,0.0022389613467723077,0.0025230379390075303,0.6152252718798381,-0.4857667825059517,0.23444335927430177,-0.14557460788313298,-0.29497976540396287,1.1653897245124787,1.0,0.7131760005918351,0.06436339424427664,-5.595921223783074,-0.11388479631456444,0.0,1.0,-0.0,-0.4857667825059517
2021-12-22,False,True,True,0.0022274307268568233,5.560000000000173,0.0031112466530317435,1787.065,1791.05,1791.38,1785.82,0.0020156852211703643,240.0,0.25,0.0026781827761448054,11.00500000000011,0.00613573893699235,1793.59,1798.4,1799.805,1788.8,0.00344465618959751,240.0,0.25,,,,,,,,,,,,,,,0.003569155598584976,0.0016854166099931622,0.0023740897320690246,,,,-0.13730554187172808,-0.16365489558635565,1.3215905869504039,,,,,,,,,
2021-12-23,False,True,True,0.000251633577994502,3.8150000000000546,0.002112437606262148,1805.9705,1806.425,1807.95,1804.135,0.0016733117496189303,239.0,0.25,0.001184709635617302,11.199999999999818,0.00620402375254798,1805.2800000000002,1807.42,1809.985,1798.785,0.0037691702877158347,240.0,0.25,,,,,,,,,,,,,,,0.003388870060110724,0.0015398460596508289,0.0023457787140704588,,,,-0.47265400591300827,-0.3378126746860369,0.16341476241564154,,,,,,,,,
2021-12-24,False,False,False,,,,,,,,,,,,,,,,,,,,,,,,,,,,,,,,,,,,,,,,,,,,,,,,,,,,
2021-12-27,False,False,True,,,,,,,,,,,0.002440188301066829,10.50200000000018,0.005811585541315371,1807.08,1811.495,1813.39,1802.888,0.003070730235056563,240.0,0.25549999999998363,,,,,,,,,,,,,,,,,,,,,,,,,,,,,,,,
2021-12-28,False,True,True,0.0022083148414750856,4.707000000000107,0.0025950183586385426,1813.8600000000001,1817.87,1818.236,1813.529,0.00158800753139156,239.0,0.25,-0.0032007084867183813,10.914999999999964,0.006008593141451015,1816.565,1810.76,1820.172,1809.257,0.00417673975518375,240.0,0.26300000000014734,,,,,,,,,,,,,,,0.003388870060110724,0.0014946430652719761,0.0023457787140704588,,,,-0.2669029590161214,-0.39013731550067476,1.4774864265491003,,,,,,,,,
2021-12-29,False,True,True,-0.004087191584513963,10.887000000000171,0.006033484258186891,1804.43,1797.07,1805.207,1794.32,0.002301378989817352,240.0,0.25,0.005060655114911555,15.258000000000038,0.008506723757275729,1793.64,1802.74,1804.58,1789.322,0.004876797386036634,240.0,0.25749999999993634,,,,,,,,,,,,,,,0.0031915393084139924,0.0015024747443033012,0.0023289876535115992,,,,0.6368213222264388,-0.011925185630403961,-2.72030634791748,,,,,,,,,
2021-12-30,True,True,True,0.002318611427492331,5.046000000000049,0.0028055777955698167,1798.56,1802.735,1803.22,1798.174,0.0015928818148363837,239.0,0.25,0.004919433630031655,15.285000000000082,0.008469528260851542,1804.705,1813.605,1814.01,1798.725,0.004202870288468777,240.0,0.2599999999999909,-0.0033608532837319117,7.260999999999967,0.004023483712953428,1804.655,1798.6,1805.47,1798.209,0.002510510922096178,354.0,0.25,6.657000000000039,0.0036490375316449164,0.0026543723516521027,0.0006193522666242527,0.0031915393084139924,0.0017737840117908001,0.002310024275931907,1.0907315607630952,0.08684862777953277,-1.2661574332779986,-0.12889383674592939,-0.37171319567410555,1.307155443999902,1.0,0.005257623554165787,0.006008712633312811,-5.613291836120344,-0.10996403563304949,0.0,1.0,0.0,0.08684862777953277
2021-12-31,False,True,True,0.0015066602914669512,5.140999999999849,0.002829559623983861,1816.8905,1819.63,1820.214,1815.073,0.0017208014424707008,238.0,0.25,0.003454576079719462,8.538000000000011,0.004693594271813977,1819.075,1825.37,1827.425,1818.887,0.004076464488361733,240.0,0.25,,,,,,,,,,,,,,,0.00299217560105694,0.0018450334309888996,0.002282489422586186,,,,-0.055879658935882585,-0.28247656211405076,0.8166032474866391,,,,,,,,,
