session_evening_ny,box_high,box_low,compression,box_width,entry_utc,exit_utc,direction,entry,stop,exit,risk_usd_per_oz,R,exit_reason,MFE_R,MAE_R,holding_minutes,entry_spread,risk_fraction,equity,closed_balance_drawdown,ounces,pnl_usd
2016-01-17,1093.31,1090.471,0.6263651406508384,2.838999999999942,2016-01-18 05:52:00+00:00,2016-01-18 13:00:00+00:00,short,1090.421,1093.62,1090.7179999999998,3.1989999999998417,-0.11472335104714482,time,0.8249452954048935,0.6255079712410364,428,0.30999999999994543,0.01,99885.27664895286,-0.0011472335104714126,312.59768677713333,-114.72335104714482
2016-01-19,1093.438,1089.278,0.9178157749586446,4.160000000000082,2016-01-20 04:13:00+00:00,2016-01-20 13:00:00+00:00,long,1093.797,1089.278,1101.539,4.5190000000000055,1.6977207346758028,time,1.9747731799070518,0.6058862580216979,527,0.3089999999999691,0.01,101581.04970151042,0.0,221.03402666287394,1695.7730525575605
2016-01-20,1101.052,1098.642,0.5577412635963673,2.4099999999998545,2016-01-21 04:17:00+00:00,2016-01-21 08:31:00+00:00,long,1101.3609999999999,1098.642,1098.592,2.7189999999998236,-1.0441338727473197,stop,1.1577785950718436,1.0187568959176763,254,0.25900000000001455,0.01,100520.40755328466,-0.010441338727473215,373.59709342227666,-1060.6421482257604
2016-01-21,1101.459,1097.949,0.8153310104529691,3.509999999999991,2016-01-22 06:19:00+00:00,2016-01-22 13:00:00+00:00,short,1097.8990000000001,1101.69,1098.008,3.79099999999994,-0.047217093115253614,time,0.6834608282775423,0.5228171986283309,401,0.23099999999999454,0.01,100472.94473885039,-0.010908579561996312,265.1553879010453,-47.462814434266846
2016-01-24,1102.04,1097.789,0.9911401259034714,4.250999999999976,2016-01-25 04:00:00+00:00,2016-01-25 13:00:00+00:00,long,1102.349,1097.789,1104.0620000000001,4.559999999999945,0.3603070175439062,time,0.971491228070201,0.6030701754386038,540,0.25900000000001455,0.01,100834.95580947748,-0.00734481376423346,220.33540512906052,362.0110706270889
2016-01-26,1122.204,1118.082,0.9610631848915495,4.121999999999844,2016-01-27 07:13:00+00:00,2016-01-27 13:00:00+00:00,short,1118.0320000000002,1122.471,1119.211,4.438999999999851,-0.2813696778553508,time,0.3545843658481915,0.308402793421933,347,0.26700000000005275,0.01,100551.23681915077,-0.010137844463959489,227.1569177956316,-283.7189903267121
2016-01-27,1122.258,1118.849,0.7983606557377331,3.4090000000001055,2016-01-28 04:23:00+00:00,2016-01-28 05:01:00+00:00,long,1122.518,1118.849,1118.799,3.6690000000000964,-1.0327064595257431,stop,0.009266830198930836,1.0076315072226818,38,0.21000000000003638,0.01,99512.83770138638,-0.02036021488458084,274.0562464408507,-1038.3991177643973
2016-02-01,1129.151,1125.748,0.7904761904762043,3.40300000000002,2016-02-02 04:03:00+00:00,2016-02-02 13:00:00+00:00,short,1125.698,1129.4099999999999,1125.088,3.7119999999997617,0.1454741379310781,time,0.5654633620690449,0.4132543103448213,537,0.2589999999997872,0.01,99657.60314416322,-0.018935092352354355,268.08415329039,144.7654427768447
2016-02-02,1129.0,1126.289,0.6297328687572693,2.7110000000000127,2016-02-03 06:12:00+00:00,2016-02-03 07:41:00+00:00,long,1129.309,1126.289,1126.239,3.019999999999982,-1.0397350993377334,stop,0.0,1.056622516556308,89,0.25900000000001455,0.01,98621.42806511465,-0.029135568544452206,329.99206339127096,-1036.1750790485696
2016-02-03,1143.229,1139.548,0.8620608899297554,3.68100000000004,2016-02-04 06:03:00+00:00,2016-02-04 13:00:00+00:00,long,1143.592,1139.548,1147.592,4.044000000000096,0.9718100890207484,time,1.0603363006923612,0.7848664688427621,417,0.31300000000010186,0.01,99579.84105298777,-0.019700610048853373,243.87098928069315,958.4129878731242
2016-02-04,1156.139,1153.489,0.6301272143621081,2.6499999999998636,2016-02-05 04:06:00+00:00,2016-02-05 08:07:00+00:00,long,1156.489,1153.489,1153.439,3.0,-1.0399999999999847,stop,0.17633333333333212,1.0036666666666558,241,0.3000000000001819,0.01,98544.21070603671,-0.029895723704345123,331.93280350995923,-1035.6303469510576
2016-02-07,1168.359,1164.3,0.9801980198019815,4.058999999999969,2016-02-08 04:13:00+00:00,2016-02-08 07:06:00+00:00,long,1168.648,1164.3,1164.25,4.347999999999956,-1.0275988960441482,stop,0.0,1.011959521619114,173,0.23900000000003274,0.01,97531.57148470606,-0.03986450453803636,226.64261891912994,-1012.6392213306526
2016-02-17,1210.288,1207.501,0.6598011363636374,2.7870000000000346,2016-02-18 06:58:00+00:00,2016-02-18 13:00:00+00:00,short,1207.451,1210.622,1205.572,3.171000000000049,0.5704824976348485,time,2.0249132765688898,0.283506780195482,362,0.33400000000006,0.01,98087.97202969453,-0.03438709958284625,307.5735461517015,556.4005449884688
2016-02-25,1239.829,1235.501,0.8323076923076801,4.3279999999999745,2016-02-26 04:00:00+00:00,2016-02-26 05:35:00+00:00,short,1235.451,1240.149,1240.1989999999998,4.697999999999865,-1.025542784163465,stop,0.0,1.1047254150702859,95,0.31999999999993634,0.01,97082.03791041172,-0.04428987300602594,208.78665821561802,-1005.9341192828102
2016-03-02,1240.48,1237.352,0.47211531205191076,3.127999999999929,2016-03-03 06:35:00+00:00,2016-03-03 13:00:00+00:00,long,1240.8429999999998,1237.352,1244.481,3.490999999999758,1.0220567172731008,time,1.2678315668864122,0.42795760527070126,385,0.3129999999998745,0.01,98074.2714001407,-0.03452197345542474,278.09234577604826,992.2334897289811
2016-03-09,1254.329,1248.939,0.732834806254241,5.389999999999873,2016-03-10 05:44:00+00:00,2016-03-10 13:00:00+00:00,short,1248.8890000000001,1254.6879999999999,1239.96,5.798999999999751,1.5276771857217568,time,1.593033281600354,0.5038799793067639,436,0.3589999999999236,0.01,99572.52966938348,-0.0197725859107466,169.1227304710207,1498.2582692427873
2016-03-13,1256.37,1252.05,0.5593319091085523,4.319999999999936,2016-03-14 03:00:00+00:00,2016-03-14 03:35:00+00:00,long,1256.7579999999998,1252.05,1252.0,4.707999999999856,-1.0254885301614185,stop,0.0,1.0106202209005855,35,0.33799999999996544,0.01,98551.42479843237,-0.029824705611729785,211.49645214398157,-1021.1048709511031
2016-03-20,1255.359,1250.819,0.5842609870664583,4.539999999999964,2016-03-21 05:41:00+00:00,2016-03-21 12:00:00+00:00,short,1250.769,1255.706,1246.681,4.936999999999898,0.8138545675511542,time,1.9949361960705156,0.14968604415637998,379,0.34699999999998,0.01,99353.49007054116,-0.021928889665098095,199.61803686132149,802.0652721087828
2016-03-21,1246.21,1243.109,0.4355337078651841,3.1010000000001128,2016-03-22 03:32:00+00:00,2016-03-22 12:00:00+00:00,long,1246.6190000000001,1243.109,1249.989,3.5100000000002183,0.9401709401708507,time,3.8806267806265016,0.7635327635327341,508,0.359000000000151,0.01,100287.58271222992,-0.012733349311522812,283.05837626933044,934.0926416887596
2016-03-27,1214.3,1208.068,0.9205317577547988,6.231999999999971,2016-03-28 04:43:00+00:00,2016-03-28 12:00:00+00:00,long,1214.7289999999998,1208.068,1217.521,6.660999999999831,0.4086473502477425,time,0.5900015012761434,0.3167692538657789,437,0.3789999999999054,0.01,100697.40526161097,-0.008698910303604701,150.55934951543682,409.8225493810407
2016-03-28,1222.73,1218.43,0.6351550960118119,4.2999999999999545,2016-03-29 03:01:00+00:00,2016-03-29 12:00:00+00:00,short,1218.38,1223.083,1219.9379999999999,4.7029999999999745,-0.3461620242397989,time,0.5932383584946217,0.731660642143275,539,0.3530000000000655,0.01,100348.82908520043,-0.012130418222008887,214.1131304733394,-348.57617641054634
2016-03-29,1242.772,1236.422,0.9523095380923507,6.349999999999909,2016-03-30 03:02:00+00:00,2016-03-30 07:41:00+00:00,short,1236.372,1243.1219999999998,1243.1719999999998,6.749999999999773,-1.0177777777777717,stop,0.21644444444445363,1.213185185185204,279,0.34999999999990905,0.01,99327.50100251107,-0.022184735298771407,148.66493197807972,-1021.3280826893672
2016-03-30,1228.819,1223.839,0.7468506298740145,4.980000000000018,2016-03-31 04:46:00+00:00,2016-03-31 12:00:00+00:00,long,1229.202,1223.839,1235.271,5.363000000000056,1.118590341226906,time,1.4930076449748233,0.5668469140406361,434,0.3330000000000837,0.01,100438.56883490722,-0.011246988192781138,185.20884020606007,1111.067832396147
2016-03-31,1234.45,1229.289,0.7739952009598028,5.161000000000058,2016-04-01 06:30:00+00:00,2016-04-01 11:28:00+00:00,long,1234.8799999999999,1229.289,1229.239,5.5909999999998945,-1.0214630656412014,stop,0.06796637453051624,1.1933464496512116,298,0.37999999999988177,0.01,99412.62595060002,-0.021346735018806906,179.64329965106262,-1025.9428843071917
2016-04-05,1232.179,1228.079,0.6456692913386134,4.100000000000136,2016-04-06 06:01:00+00:00,2016-04-06 12:00:00+00:00,short,1228.029,1232.5210000000002,1220.106,4.492000000000189,1.7482190560996596,time,1.880676758682043,0.24087266251114464,359,0.3420000000000982,0.01,101150.57642163748,-0.004237732147264306,221.31038724531575,1737.950471037465
2016-04-06,1226.529,1223.579,0.4733632862644511,2.9500000000000455,2016-04-07 03:23:00+00:00,2016-04-07 12:00:00+00:00,long,1226.9489999999998,1223.579,1235.8890000000001,3.369999999999891,2.632047477744976,time,3.72729970326426,0.4658753709198775,517,0.36999999999989086,0.01,103812.9076170677,0.0,300.15007840249484,2662.331195430214
2016-04-07,1239.11,1235.811,0.5293645699614881,3.298999999999978,2016-04-08 04:30:00+00:00,2016-04-08 12:00:00+00:00,short,1235.761,1239.4689999999998,1234.769,3.7079999999998563,0.2486515641855441,time,1.6240560949299265,0.7605177993527631,450,0.3589999999999236,0.01,104071.04003568403,0.0,279.9700852671837,258.1324186163327
2016-04-11,1257.989,1253.172,0.7729460847240099,4.817000000000007,2016-04-12 05:00:00+00:00,2016-04-12 07:05:00+00:00,short,1253.122,1258.331,1258.3809999999999,5.208999999999833,-1.0230370512574312,stop,0.0,1.0385870608562158,125,0.34199999999987085,0.01,103006.35473649003,-0.01023037051257425,199.79082364309343,-1064.6852991940025
2016-04-12,1256.71,1251.821,0.9472970354582578,4.889000000000124,2016-04-13 04:37:00+00:00,2016-04-13 12:00:00+00:00,short,1251.771,1257.0,1242.308,5.229000000000042,1.7963281698221247,time,2.245362401988887,0.15452285331803142,443,0.2899999999999636,0.01,104856.6869033285,0.0,196.9905426209394,1850.332166838477
2016-04-14,1229.589,1225.198,0.850804107731021,4.390999999999849,2016-04-15 03:32:00+00:00,2016-04-15 12:00:00+00:00,long,1229.9569999999999,1225.198,1229.931,4.758999999999787,-0.020172305106082,time,0.4126917419626512,0.4276108426139831,508,0.31799999999998363,0.01,104835.53489252224,-0.00020172305106080923,220.3334458989981,-21.15201080626855
2016-04-18,1231.58,1227.649,0.7616740941677961,3.93100000000004,2016-04-19 03:38:00+00:00,2016-04-19 12:00:00+00:00,long,1231.9479999999999,1227.649,1243.298,4.298999999999978,2.6238660153524527,time,3.3314724354501486,0.41381716678292113,502,0.31799999999998363,0.01,107586.27886458009,0.0,243.86028121079966,2750.7439720578536
2016-04-24,1234.4,1229.99,0.7741595716668254,4.410000000000082,2016-04-25 05:05:00+00:00,2016-04-25 12:00:00+00:00,long,1234.8400000000001,1229.99,1233.3410000000001,4.850000000000136,-0.32350515463917107,time,0.5488659793813881,0.8616494845360763,415,0.39000000000010004,0.01,107238.2317067687,-0.0032350515463916985,221.82737910222076,-348.04715781138964
2016-04-25,1240.869,1236.069,0.9466522039246461,4.7999999999999545,2016-04-26 03:49:00+00:00,2016-04-26 12:00:00+00:00,short,1236.019,1241.182,1232.321,5.163000000000011,0.7026922331977697,time,0.8595777648654063,0.41874878946349603,491,0.31300000000010186,0.01,107991.78643199078,0.0,207.70527156065944,753.5547252220917
2016-04-26,1246.729,1242.459,0.8421260230746376,4.269999999999982,2016-04-27 06:56:00+00:00,2016-04-27 12:00:00+00:00,long,1247.1280000000002,1242.459,1246.342,4.669000000000096,-0.18333690297709157,time,0.12486613835935838,0.5904904690511897,304,0.34900000000016007,0.01,107793.79763527673,-0.001833369029770937,231.29532326405774,-197.9887967140469
2016-05-01,1295.979,1292.189,0.6792723362308322,3.7899999999999636,2016-05-02 03:19:00+00:00,2016-05-02 07:26:00+00:00,short,1292.1390000000001,1296.371,1296.421,4.231999999999971,-1.028355387523619,stop,0.10373345935729708,1.0897920604914662,247,0.39200000000005275,0.01,106685.29430987805,-0.012098069355816365,254.71124204933238,-1108.5033253986758
2016-05-08,1287.479,1283.549,0.6322902421366022,3.9300000000000637,2016-05-09 05:30:00+00:00,2016-05-09 12:00:00+00:00,short,1283.499,1287.8509999999999,1273.048,4.351999999999862,2.3853400735294925,time,2.6167279411765354,0.19738051470587106,390,0.37199999999984357,0.01,109230.10138761446,0.0,245.1408417046908,2544.8070777364005
2016-05-12,1269.22,1265.489,0.5926926131850705,3.7309999999999945,2016-05-13 03:59:00+00:00,2016-05-13 12:00:00+00:00,long,1269.6200000000001,1265.489,1275.3990000000001,4.1310000000000855,1.3819898329701956,time,1.6092955700798288,0.3120309852336451,481,0.3500000000001364,0.01,110739.65028333433,0.0,264.4156412191048,1509.5488957198686
2016-05-17,1280.36,1275.289,0.7527647888369225,5.070999999999913,2016-05-18 03:07:00+00:00,2016-05-18 12:00:00+00:00,short,1275.239,1280.722,1275.211,5.482999999999947,-0.007660040124016123,time,0.8920299106328877,0.2011672442093883,533,0.36200000000008004,0.01,110731.16758168943,-7.660040124013445e-05,201.96908678339483,-8.482701644898544
2016-05-18,1261.219,1254.99,0.9618591723286045,6.229000000000042,2016-05-19 05:37:00+00:00,2016-05-19 12:00:00+00:00,short,1254.94,1261.568,1253.1109999999999,6.627999999999929,0.2653892576946586,time,0.5449607724804042,0.2608630054315118,383,0.3489999999999327,0.01,111025.0362053711,0.0,167.065732621742,293.86862368167397
2016-05-19,1257.801,1254.101,0.5896884213881305,3.699999999999818,2016-05-20 03:59:00+00:00,2016-05-20 12:00:00+00:00,short,1254.0510000000002,1258.161,1257.542,4.1099999999999,-0.8664233576641958,time,0.3038929440389979,0.9919708029196764,481,0.36000000000012733,0.01,110063.08935883263,-0.008664233576642033,270.133908042272,-961.9468465384654
2016-05-22,1255.99,1251.109,0.7878934624697411,4.8810000000000855,2016-05-23 05:56:00+00:00,2016-05-23 12:00:00+00:00,short,1251.059,1256.29,1249.8509999999999,5.2309999999999945,0.21754922576946756,time,0.5889887210858167,0.4115847830242826,364,0.2999999999999545,0.01,110302.53075759072,-0.0065075902920122,210.4054470633392,239.4413987580976
2016-05-24,1230.12,1225.192,0.7854012271894003,4.927999999999884,2016-05-25 05:38:00+00:00,2016-05-25 12:00:00+00:00,short,1225.142,1230.462,1223.988,5.319999999999936,0.20375939849624233,time,0.8124060150376256,0.354887218045102,382,0.3420000000000982,0.01,110527.28253078852,-0.004483256133885449,207.3355841308121,224.75177319779954
2016-05-30,1214.33,1209.859,0.698593750000003,4.471000000000004,2016-05-31 05:24:00+00:00,2016-05-31 07:18:00+00:00,long,1214.7309999999998,1209.859,1209.809,4.871999999999844,-1.0246305418719126,stop,0.0,1.0116995073891664,114,0.3509999999998854,0.01,109394.786236877,-0.01468362474098639,226.86223836369476,-1132.4962939115183
2016-05-31,1219.882,1216.248,0.5791696549525892,3.6340000000000146,2016-06-01 03:02:00+00:00,2016-06-01 12:00:00+00:00,short,1216.198,1220.2250000000001,1218.868,4.027000000000044,-0.6804072510553304,time,0.7717904147008048,0.8668984355599572,538,0.3430000000000746,0.01,108650.4561790448,-0.021387788804084318,271.6533057781868,-744.3300578321897
2016-06-01,1215.792,1211.159,0.7478611783696164,4.632999999999811,2016-06-02 05:00:00+00:00,2016-06-02 12:00:00+00:00,long,1216.1719999999998,1211.159,1216.3120000000001,5.012999999999693,0.013963694394640276,time,0.27269100339123736,0.47875523638540013,420,0.32999999999992724,0.01,108665.62779670404,-0.021251138385604218,216.737395130763,15.17161765922437
2016-06-02,1211.409,1207.489,0.6327683615819275,3.9200000000000728,2016-06-03 03:39:00+00:00,2016-06-03 12:00:00+00:00,long,1211.797,1207.489,1211.631,4.307999999999993,-0.05478180129989331,time,0.3974001857010195,0.2943361188486609,501,0.33799999999996544,0.01,108606.09880840317,-0.02178731464219874,252.24147585121685,-59.52898830087204
2016-06-06,1246.52,1243.138,0.5390070921985923,3.382000000000062,2016-06-07 03:22:00+00:00,2016-06-07 12:00:00+00:00,short,1243.088,1246.886,1237.9479999999999,3.798000000000002,1.3349131121643227,time,1.6816745655608059,0.3746708794102162,518,0.36599999999998545,0.01,110055.89586200668,-0.008729025240502786,285.9560263517723,1449.7970536035143
2016-06-07,1248.08,1242.979,0.902831858407063,5.100999999999885,2016-06-08 03:42:00+00:00,2016-06-08 12:00:00+00:00,long,1248.4219999999998,1242.979,1254.781,5.442999999999756,1.1554289913651354,time,1.3391512033805881,0.1952967113723906,498,0.2919999999999163,0.01,111327.51358950294,0.0,202.19712633108878,1271.6177274962479
2016-06-09,1267.922,1265.361,0.5122512251225071,2.560999999999922,2016-06-10 05:09:00+00:00,2016-06-10 07:13:00+00:00,short,1265.3110000000001,1268.305,1268.355,2.9939999999999145,-1.0400801603206271,stop,0.13994655978627535,1.1222444889779546,124,0.3830000000000382,0.01,110169.61820768027,-0.010400801603206333,371.8353827304814,-1157.8953818226703
2016-06-13,1283.439,1280.769,0.5340534053405595,2.6700000000000728,2016-06-14 03:07:00+00:00,2016-06-14 11:58:00+00:00,short,1280.719,1283.758,1283.808,3.0389999999999873,-1.0394866732477641,stop,1.3886146758802385,1.0408028956893796,531,0.31899999999996,0.01,109024.41970844349,-0.02068755338910766,362.51930966660325,-1145.1984992367786
2016-06-14,1285.69,1282.259,0.6995616270771844,3.43100000000004,2016-06-15 05:53:00+00:00,2016-06-15 07:41:00+00:00,long,1286.134,1282.259,1282.209,3.875,-1.0309677419354721,stop,0.22890322580643707,1.057032258064517,108,0.39400000000000546,0.01,107900.4131104171,-0.030783948806424988,281.35334118308,-1124.0065980263919
2016-06-21,1270.559,1266.11,0.8872270415794539,4.449000000000069,2016-06-22 05:35:00+00:00,2016-06-22 12:00:00+00:00,short,1266.06,1270.939,1267.97,4.879000000000133,-0.4058208649313441,time,0.9329780692764467,0.5613855298216762,385,0.38000000000010914,0.01,107462.53072066791,-0.03471722976843217,221.15272209554038,-437.88238974918806
2016-06-29,1317.84,1314.029,0.6399664147774926,3.810999999999922,2016-06-30 03:37:00+00:00,2016-06-30 08:46:00+00:00,short,1313.979,1318.099,1318.149,4.119999999999891,-1.0291262135922228,stop,0.237135922330125,1.0291262135922625,309,0.25900000000001455,0.01,106356.60564723192,-0.04465120779217446,260.8313852443465,-1105.925073435989
2016-07-19,1338.349,1330.518,0.9434371423408048,7.830999999999904,2016-07-20 05:54:00+00:00,2016-07-20 12:00:00+00:00,short,1330.468,1338.651,1318.528,8.182999999999993,1.4505682512526048,time,1.4699987779542965,0.12012709275326264,366,0.3020000000001346,0.01,107899.38080186059,-0.03079322152368258,129.97263307739462,1542.775154628681
2016-07-20,1315.38,1310.759,0.5567134509969355,4.621000000000095,2016-07-21 05:03:00+00:00,2016-07-21 12:00:00+00:00,long,1315.723,1310.759,1319.098,4.963999999999942,0.6657937147461803,time,1.5562046736503277,0.10777598710714359,417,0.2929999999998927,0.01,108617.76809748943,-0.02434030370969331,217.36378082566853,718.3872956288345
2016-07-21,1333.41,1326.718,0.8062164929823459,6.692000000000007,2016-07-22 03:05:00+00:00,2016-07-22 12:00:00+00:00,short,1326.6680000000001,1333.7120000000002,1324.9089999999999,7.044000000000096,0.23977853492337006,time,0.6810051107325327,0.42632027257238614,535,0.3020000000001346,0.01,108878.21019050006,-0.022000881184090493,154.19898934907434,260.4420930106238
2016-07-26,1319.359,1316.448,0.34551928783380503,2.910999999999831,2016-07-27 03:00:00+00:00,2016-07-27 04:24:00+00:00,short,1316.3980000000001,1319.6399999999999,1319.6899999999998,3.2419999999997344,-1.0370141887723516,stop,0.11937075879093235,1.0589142504626918,84,0.28099999999994907,0.01,107749.12770234319,-0.03214287081228007,335.83655209904066,-1129.08248815687
2016-07-27,1340.55,1336.389,0.493887240356086,4.161000000000058,2016-07-28 06:09:00+00:00,2016-07-28 12:00:00+00:00,long,1340.899,1336.389,1342.588,4.509999999999991,0.35898004434591607,time,0.46851441241686487,0.4804878048780312,351,0.29899999999997817,0.01,108135.9255687514,-0.02866845686071695,238.9115913577459,386.7978664082093
2016-08-01,1353.389,1347.108,0.825252923400336,6.280999999999949,2016-08-02 06:58:00+00:00,2016-08-02 12:00:00+00:00,long,1353.732,1347.108,1358.788,6.624000000000024,0.7527173913043511,time,1.0701992753623062,0.1393417874396133,302,0.29300000000012005,0.01,108949.88348675531,-0.02135707540828269,163.2486799045154,813.9579180039203
2016-08-02,1366.289,1361.968,0.613647660299636,4.320999999999913,2016-08-03 03:01:00+00:00,2016-08-03 12:00:00+00:00,short,1361.9180000000001,1366.5929999999998,1365.532,4.674999999999727,-0.7880213903743358,time,0.0,0.8586096256684771,539,0.30399999999985994,0.01,108091.33510009176,-0.029068990989450372,233.04787911606775,-858.5483866635482
2016-08-03,1359.159,1352.879,0.968164649657014,6.2800000000002,2016-08-04 03:08:00+00:00,2016-08-04 11:13:00+00:00,short,1352.829,1359.432,1359.482,6.6030000000000655,-1.0181735574738684,stop,0.522035438437052,1.465848856580341,485,0.27299999999991087,0.01,106990.77770818216,-0.03895475378451008,163.7003409057863,-1100.5573919096043
2016-08-04,1361.88,1358.948,0.4520157249672437,2.9320000000000164,2016-08-05 04:11:00+00:00,2016-08-05 12:00:00+00:00,long,1362.232,1358.948,1361.439,3.283999999999878,-0.2627892813641671,time,0.7359926918392223,0.6041412911084035,469,0.30199999999990723,0.01,106709.61741231689,-0.041480277680624233,325.7940855913098,-281.1602958652654
2016-08-07,1337.649,1332.708,0.786720802483838,4.9409999999998035,2016-08-08 03:52:00+00:00,2016-08-08 06:47:00+00:00,long,1338.072,1332.708,1332.6580000000001,5.363999999999805,-1.0223713646532362,stop,0.032997762863560966,1.0,175,0.3730000000000473,0.01,105618.64884056234,-0.051279908846171174,198.93664692826394,-1090.9685717545517
2016-08-08,1337.13,1333.459,0.589766246284836,3.671000000000049,2016-08-09 04:19:00+00:00,2016-08-09 12:00:00+00:00,short,1333.409,1337.4340000000002,1332.9579999999999,4.025000000000091,0.09465838509322748,time,0.6529192546584092,0.4231055900620959,461,0.3040000000000873,0.01,105718.6257479121,-0.05038186572883008,262.40658097033526,99.97690734976314
2016-08-10,1347.658,1341.609,0.9718049642541303,6.048999999999978,2016-08-11 05:20:00+00:00,2016-08-11 12:00:00+00:00,short,1341.559,1347.97,1345.511,6.411000000000058,-0.6273592263297398,time,0.1806270472625006,0.9363593823116323,400,0.3120000000001255,0.01,105055.39019533356,-0.056339382709080565,164.90192754314637,-663.2355525785345
2016-08-11,1340.809,1334.788,0.9855950237354594,6.020999999999958,2016-08-12 03:03:00+00:00,2016-08-12 12:00:00+00:00,long,1341.1629999999998,1334.788,1339.902,6.374999999999773,-0.20878431372545686,time,0.01662745098042756,0.9010196078431203,537,0.30399999999985994,0.01,104836.05101988264,-0.05830959805278879,164.79276893386242,-219.33917545092805
2016-08-14,1339.48,1336.189,0.5453189726594793,3.29099999999994,2016-08-15 03:14:00+00:00,2016-08-15 12:00:00+00:00,long,1339.819,1336.189,1339.974,3.6299999999998818,0.023415977961425753,time,0.6451790633609296,0.5457300275482256,526,0.28899999999998727,0.01,104860.59940648508,-0.058089092035804035,288.80454826414893,24.54838660244478
2016-08-16,1347.809,1344.249,0.6379356688468774,3.5599999999999454,2016-08-17 03:37:00+00:00,2016-08-17 12:00:00+00:00,short,1344.199,1348.1009999999999,1343.858,3.9019999999998163,0.06945156330090585,time,0.7867760123014629,0.6030240902101356,503,0.2919999999999163,0.005,104897.01306927233,-0.05776200611056259,134.36775936249362,36.41366278725214
2016-08-17,1356.049,1351.138,0.947977994402128,4.911000000000058,2016-08-18 06:47:00+00:00,2016-08-18 12:00:00+00:00,short,1351.088,1356.1989999999998,1350.7079999999999,5.110999999999876,0.06065349246725037,time,0.9285854040305189,0.5486206221874692,313,0.14999999999986358,0.005,104928.82492023251,-0.05747625598523887,102.61887406503118,31.811850960170865
2016-08-18,1350.18,1345.679,0.8688350545314407,4.500999999999976,2016-08-19 05:27:00+00:00,2016-08-19 09:24:00+00:00,long,1350.511,1345.679,1345.6290000000001,4.83199999999988,-1.024834437086084,stop,0.13389900662250634,1.0827814569536633,237,0.28099999999994907,0.005,104391.15155412635,-0.062305909938427106,108.577012541634,-537.6733661061537
2016-08-22,1339.729,1335.328,0.8934226552984428,4.401000000000067,2016-08-23 03:49:00+00:00,2016-08-23 06:40:00+00:00,short,1335.278,1340.022,1340.072,4.7439999999999145,-1.0252951096121325,stop,0.0,1.0035834738617313,171,0.2929999999998927,0.005,103855.99286825022,-0.06711297576268882,110.02440087914022,-535.1586858761236
2016-08-23,1339.451,1336.889,0.5233912155260746,2.5620000000001255,2016-08-24 04:18:00+00:00,2016-08-24 08:42:00+00:00,short,1336.839,1339.734,1339.7839999999999,2.894999999999982,-1.0414507772020571,stop,0.37616580310879055,1.0165803108808298,264,0.2829999999999018,0.005,103315.18834580157,-0.07197075534485708,179.3713175617459,-540.8045224486525
2016-08-24,1326.768,1323.259,0.7168539325842753,3.5090000000000146,2016-08-25 05:20:00+00:00,2016-08-25 09:54:00+00:00,long,1327.1200000000001,1323.259,1323.209,3.8610000000001037,-1.0310800310800183,stop,0.0,1.0701890701890575,274,0.3020000000001346,0.005,102782.55720774842,-0.07675511745696817,133.79330270111214,-532.6311380531351
2016-08-25,1324.119,1321.459,0.5434116445352123,2.6599999999998545,2016-08-26 04:05:00+00:00,2016-08-26 12:00:00+00:00,long,1324.4729999999997,1321.459,1327.689,3.013999999999669,1.0437956204381869,time,1.2113470471137013,0.32680822826800954,475,0.30399999999985994,0.005,103318.97712310286,-0.07193672263201611,170.50855542096835,536.419915354426
2016-08-29,1325.43,1322.239,0.6780705482362982,3.191000000000031,2016-08-30 05:53:00+00:00,2016-08-30 12:00:00+00:00,short,1322.189,1325.643,1320.558,3.453999999999951,0.45193977996528883,time,0.9962362478286276,0.22292993630573038,367,0.21299999999996544,0.005,103552.44690203913,-0.06983957906517835,149.56424018978623,233.46977893626908
2016-08-31,1311.569,1308.149,0.7267318317042202,3.4200000000000728,2016-09-01 05:18:00+00:00,2016-09-01 12:00:00+00:00,short,1308.099,1311.8729999999998,1306.802,3.7739999999998872,0.3251192368839592,time,0.921568627450965,0.34234234234239064,402,0.30399999999985994,0.005,103720.78136461042,-0.06832751383400837,137.19190103609196,168.33446257128833
2016-09-01,1316.139,1312.611,0.792630869467485,3.5279999999997926,2016-09-02 05:45:00+00:00,2016-09-02 12:00:00+00:00,short,1312.5610000000001,1316.441,1314.369,3.8799999999998818,-0.48402061855665535,time,0.6572164948454278,0.5543814432989447,375,0.3020000000001346,0.005,103469.76638084403,-0.07058225729923984,133.66080072759482,-251.0149837663917
2016-09-04,1324.948,1321.759,0.7164682093911621,3.189000000000078,2016-09-05 03:02:00+00:00,2016-09-05 12:00:00+00:00,long,1325.26,1321.759,1326.409,3.5009999999999764,0.3081976578120885,time,0.9363039131676785,0.48528991716654685,538,0.2619999999999436,0.005,103629.21207910872,-0.06915003544209297,147.77173147792735,159.44569826470052
2016-09-06,1351.038,1347.81,0.81095339781436,3.2280000000000655,2016-09-07 03:08:00+00:00,2016-09-07 08:04:00+00:00,long,1351.39,1347.81,1347.76,3.5800000000001546,-1.0335195530726116,stop,0.3262569832401794,1.0086592178770803,296,0.3020000000001346,0.005,103093.69799434238,-0.07396029363883072,144.73353642332995,-535.5140847663366
2016-09-08,1339.289,1336.261,0.8544018058691117,3.02800000000002,2016-09-09 04:18:00+00:00,2016-09-09 06:21:00+00:00,long,1339.643,1336.261,1336.211,3.382000000000062,-1.0354819633352903,stop,0.0,1.0005913660555743,123,0.3040000000000873,0.005,102559.93967030899,-0.07875478070517727,152.4152838473396,-533.7583240333857
2016-09-14,1325.638,1322.388,0.8929798049182863,3.25,2016-09-15 04:01:00+00:00,2016-09-15 12:00:00+00:00,short,1322.338,1325.94,1322.252,3.602000000000089,0.004441976679625855,time,0.9986118822875877,0.28706274292062184,479,0.3020000000001346,0.005,102562.21751461038,-0.07873431995627567,142.36526883718275,2.277844301396736
2016-09-19,1316.51,1313.511,0.8511423300695642,2.9990000000000236,2016-09-20 06:55:00+00:00,2016-09-20 12:00:00+00:00,long,1316.862,1313.511,1314.54,3.3510000000001128,-0.7138167711131113,time,0.3061772605191899,0.8606386153386802,305,0.3020000000001346,0.005,102196.16435988799,-0.0820223944216063,153.03225531872118,-366.0531547223989
2016-09-20,1316.789,1314.218,0.7316448491747027,2.5709999999999127,2016-09-21 03:05:00+00:00,2016-09-21 04:29:00+00:00,long,1317.221,1314.218,1314.1680000000001,3.002999999999929,-1.0399600399600257,stop,0.9350649350649547,1.0492840492840965,84,0.38200000000006185,0.005,101664.76472403064,-0.08679569455850489,170.15678381600134,-531.3996358573523
2016-09-21,1334.769,1332.448,0.6605008537279187,2.3209999999999127,2016-09-22 05:49:00+00:00,2016-09-22 11:55:00+00:00,short,1332.3980000000001,1335.073,1335.123,2.6749999999999545,-1.0448598130840958,stop,0.3540186915888346,1.003364485981314,366,0.3040000000000873,0.005,101133.6375886967,-0.09156654695796074,190.02759761501378,-531.1271353339462
2016-09-22,1337.99,1334.668,0.9574866695489491,3.3220000000001164,2016-09-23 03:00:00+00:00,2016-09-23 10:26:00+00:00,short,1334.618,1338.292,1338.3419999999999,3.673999999999978,-1.0326619488296014,stop,0.1543277082199267,1.0680457267283618,446,0.30199999999990723,0.005,100611.45329227384,-0.09625707025796282,137.63423732811282,-522.1842964228508
2016-09-27,1327.089,1325.119,0.5591031644671729,1.9700000000000273,2016-09-28 03:06:00+00:00,2016-09-28 12:00:00+00:00,short,1325.069,1327.3709999999999,1327.109,2.3019999999999072,-0.9165942658557986,time,1.0686359687229086,0.9248479582972279,534,0.2819999999999254,0.005,100150.35388643826,-0.10039889819400916,218.53052409269745,-461.0994058355836
2016-09-28,1325.778,1322.518,0.9396166594610043,3.259999999999991,2016-09-29 06:06:00+00:00,2016-09-29 12:00:00+00:00,short,1322.468,1326.062,1321.299,3.5939999999998236,0.3057874234836256,time,0.867278797996693,0.20979410127989495,354,0.2839999999998781,0.005,100303.4774798178,-0.09902346467858769,139.3299302816405,153.12359337953632
2016-10-03,1311.83,1308.228,0.9909215955983138,3.6019999999998618,2016-10-04 03:44:00+00:00,2016-10-04 05:17:00+00:00,short,1308.178,1312.11,1312.1599999999999,3.931999999999789,-1.0305188199389526,stop,0.0,1.0104272634791887,93,0.2799999999999727,0.005,99786.65437357643,-0.10366583105844818,127.54765701910374,-516.8231062413757
2016-10-05,1269.239,1265.539,0.947503201024346,3.7000000000000455,2016-10-06 03:03:00+00:00,2016-10-06 12:00:00+00:00,short,1265.489,1269.519,1264.4189999999999,4.029999999999973,0.24813895781641945,time,0.533498759305237,0.7104218362283067,537,0.2799999999999727,0.005,99910.45915567766,-0.10255375392576627,123.80478210121228,123.80478210123255
2016-10-13,1258.998,1255.689,0.7772166764533013,3.308999999999969,2016-10-14 03:14:00+00:00,2016-10-14 12:00:00+00:00,short,1255.6390000000001,1259.28,1254.288,3.640999999999849,0.3518264213128717,time,0.9167811040923733,0.4402636638285923,526,0.2819999999999254,0.005,100086.21485216,-0.10097502742038134,137.2019488542733,175.75569648233954
2016-10-16,1253.879,1250.768,0.730710510863145,3.1109999999998763,2016-10-17 03:31:00+00:00,2016-10-17 08:14:00+00:00,long,1254.189,1250.768,1250.718,3.421000000000049,-1.035077462730182,stop,0.5466237942121789,1.0760011692487539,283,0.2600000000002183,0.005,99568.2299255428,-0.10562782985812524,146.2821029701236,-517.9849266172082
2016-10-18,1264.579,1262.049,0.5942454492072679,2.5299999999999727,2016-10-19 04:23:00+00:00,2016-10-19 09:22:00+00:00,short,1261.999,1264.861,1264.911,2.86200000000008,-1.0419287211739872,stop,0.5164220824598268,1.8529000698811096,299,0.2820000000001528,0.005,99049.5149331634,-0.11028719011557286,173.94868959737948,-518.7149923793917
2016-10-20,1265.979,1262.189,0.8447564916973102,3.7899999999999636,2016-10-21 03:04:00+00:00,2016-10-21 11:01:00+00:00,short,1262.1390000000001,1266.26,1266.31,4.120999999999867,-1.0291191458383788,stop,0.186362533365701,1.0053385100703556,477,0.28099999999994907,0.005,98539.84617214478,-0.11486529255032163,120.17655294002256,-509.66876101861436
2016-10-23,1266.889,1262.808,0.9096177421152175,4.080999999999904,2016-10-24 03:12:00+00:00,2016-10-24 09:52:00+00:00,short,1262.758,1267.139,1267.1889999999999,4.380999999999858,-1.0273910066194838,stop,0.0,1.0073042684319,400,0.25,0.005,98033.65141339014,-0.11941218974072443,112.46273244938139,-506.19475875464457
2016-10-24,1265.289,1262.071,0.7558426306517996,3.2180000000000746,2016-10-25 03:51:00+00:00,2016-10-25 12:00:00+00:00,long,1265.58,1262.071,1268.781,3.5090000000000146,0.8922770019948729,time,1.4243374180678332,0.12254203476769293,489,0.24099999999998545,0.005,98471.01727627889,-0.1154835484840675,139.68887348730368,437.36586288875094
2016-10-25,1276.44,1273.421,0.7378711963827467,3.0190000000000055,2016-10-26 05:58:00+00:00,2016-10-26 12:00:00+00:00,short,1273.371,1276.7220000000002,1272.581,3.3510000000001128,0.2148612354521536,time,0.9707549985079221,0.8448224410623122,362,0.2820000000001528,0.005,98576.80529841995,-0.11453330699631525,146.92780852920856,105.7880221410582
2016-10-26,1267.45,1265.061,0.5838934376145976,2.3890000000001237,2016-10-27 05:03:00+00:00,2016-10-27 12:00:00+00:00,long,1267.7620000000002,1265.061,1269.1290000000001,2.701000000000249,0.4801925212883532,time,1.0733061828950832,0.1862273232136653,417,0.262000000000171,0.005,98813.48452180394,-0.11240733457716368,182.48205349576241,236.67922338399686
2016-10-27,1271.481,1267.998,0.8512770377612001,3.4829999999999472,2016-10-28 03:31:00+00:00,2016-10-28 06:05:00+00:00,long,1271.8,1267.998,1267.948,3.8019999999999072,-1.031562335612824,stop,0.007364544976333691,1.0234087322461716,154,0.26900000000000546,0.005,98303.82317738717,-0.11698537039224577,129.9493483979568,-509.6613444167686
2016-10-30,1279.489,1276.048,0.8743488756193848,3.441000000000031,2016-10-31 06:47:00+00:00,2016-10-31 12:00:00+00:00,short,1275.998,1279.7610000000002,1272.821,3.7630000000001473,0.8256710071751298,time,1.0805208610151134,0.17645495615199608,313,0.2720000000001619,0.005,98709.65626084736,-0.11333997249935268,130.61895187002833,405.8330834601956
2016-10-31,1277.809,1275.621,0.5842456608811407,2.1879999999998745,2016-11-01 05:50:00+00:00,2016-11-01 12:00:00+00:00,long,1278.1209999999999,1275.621,1286.558,2.4999999999997726,3.3468000000003544,time,3.9348000000004446,0.2363999999999793,370,0.2619999999999436,0.005,100361.46364871656,-0.0985026035991553,197.41931252171267,1651.8073878691946
2016-11-01,1290.999,1287.328,0.9802403204272483,3.671000000000049,2016-11-02 04:02:00+00:00,2016-11-02 12:00:00+00:00,long,1291.298,1287.328,1296.229,3.9700000000000273,1.2244332493702788,time,1.5090680100755527,0.19395465994961625,478,0.24900000000002365,0.005,100975.89321395133,-0.09298348666728562,126.3998282729419,614.4295652347756
2016-11-07,1284.058,1280.678,0.9060447661171093,3.3799999999998818,2016-11-08 06:58:00+00:00,2016-11-08 12:07:00+00:00,long,1284.39,1280.678,1280.6280000000002,3.711999999999989,-1.0323275862068844,stop,0.35021551724136807,1.1158405172413968,309,0.2820000000001528,0.01,99933.49121288491,-0.10234686834587103,272.0255743910335,-1042.402001066425
2016-11-16,1228.212,1224.931,0.7664097173557552,3.280999999999949,2016-11-17 04:34:00+00:00,2016-11-17 07:57:00+00:00,short,1224.881,1228.471,1228.521,3.589999999999918,-1.033426183843999,stop,0.0,1.0019498607242512,203,0.25900000000001455,0.01,98900.75234826152,-0.11162345084848047,278.3662707879866,-1032.7388646233946
2016-11-21,1220.969,1216.518,0.9706684112965016,4.451000000000022,2016-11-22 06:47:00+00:00,2016-11-22 13:00:00+00:00,short,1216.468,1221.243,1215.109,4.774999999999864,0.26994764397909693,time,0.5522513089005752,0.6431413612565446,373,0.2739999999998872,0.01,99167.73259910326,-0.10922529928438307,207.12199444662693,266.9802508417334
2016-11-22,1214.689,1212.178,0.5475956820412203,2.5109999999999673,2016-11-23 05:57:00+00:00,2016-11-23 13:00:00+00:00,short,1212.1280000000002,1215.008,1209.4389999999999,2.8799999999998818,0.9093750000001435,time,1.1204861111111881,0.9979166666666369,423,0.31899999999996,0.01,100069.5391674265,-0.10112481684974917,344.33240485801156,901.8065683232376
2016-11-23,1187.021,1182.822,0.915712572238611,4.199000000000069,2016-11-24 05:33:00+00:00,2016-11-24 07:39:00+00:00,long,1187.3529999999998,1182.822,1182.772,4.530999999999949,-1.0264842198190147,stop,0.12248951666300373,1.0090487751048203,126,0.2819999999999254,0.01,99042.34113902725,-0.11035162876065574,220.85530604155292,-1027.1980283992414
2016-12-05,1175.248,1171.942,0.5515055467512042,3.30600000000004,2016-12-06 04:56:00+00:00,2016-12-06 13:00:00+00:00,short,1171.892,1175.5220000000002,1172.712,3.630000000000109,-0.24517906336085665,time,0.6008264462809847,0.8476584022038307,484,0.2740000000001146,0.01,98799.51005469193,-0.11253286030446541,272.84391498353796,-242.83108433533144
2016-12-06,1169.901,1167.378,0.42088581199435804,2.5230000000001382,2016-12-07 05:12:00+00:00,2016-12-07 08:19:00+00:00,short,1167.328,1170.185,1170.235,2.856999999999971,-1.0420021001049897,stop,0.5166258312915297,1.0094504725236415,187,0.2839999999998781,0.01,97770.0170850286,-0.12178028653783457,345.8155759702238,-1029.4929696633303
2016-12-07,1178.619,1174.722,0.6670089858793243,3.8969999999999345,2016-12-08 07:14:00+00:00,2016-12-08 12:45:00+00:00,short,1174.672,1178.8719999999998,1178.9219999999998,4.199999999999818,-1.0285714285714191,stop,0.14309523809527114,1.0016666666666814,331,0.25299999999992906,0.01,96764.3826235826,-0.13081340359058824,232.7857549643639,-1005.6344614459992
2016-12-08,1168.542,1165.068,0.6182594767752119,3.4739999999999327,2016-12-09 06:12:00+00:00,2016-12-09 11:50:00+00:00,long,1168.8459999999998,1165.068,1165.018,3.7779999999997926,-1.031762837480138,stop,0.8266278454209757,1.1739015352038014,338,0.2539999999999054,0.01,95766.00368375538,-0.13978134788069907,256.12594659499183,-998.3789398272135
2016-12-12,1164.258,1161.489,0.5070964197417912,2.7690000000000055,2016-12-13 05:34:00+00:00,2016-12-13 13:00:00+00:00,short,1161.439,1164.511,1159.022,3.071999999999889,0.7639973958334078,time,1.3242187500000424,0.3753255208333534,446,0.25299999999992906,0.01,96497.653457993,-0.13320929978003426,311.73829324140246,731.6497742376164
2016-12-13,1161.198,1158.431,0.5242516104585263,2.7670000000000528,2016-12-14 06:25:00+00:00,2016-12-14 13:00:00+00:00,long,1161.518,1158.431,1161.1480000000001,3.086999999999989,-0.1425332037576587,time,0.6676384839649916,0.28506640751542345,395,0.2699999999999818,0.01,96360.11226096837,-0.13444476433493124,312.59362960153334,-137.54119702464055
2016-12-15,1131.498,1128.391,0.5689955132313931,3.106999999999971,2016-12-16 05:44:00+00:00,2016-12-16 13:00:00+00:00,long,1131.878,1128.391,1133.692,3.4869999999998527,0.5001433897333386,time,1.2331517063379305,0.41755090335530975,436,0.32999999999992724,0.01,96842.05099278122,-0.13011574703926154,276.3410159477271,481.9387318128576
2016-12-18,1139.428,1136.808,0.5308479384054612,2.6200000000001182,2016-12-19 04:12:00+00:00,2016-12-19 13:00:00+00:00,long,1139.7900000000002,1136.808,1139.131,2.9820000000001983,-0.24446680080484812,time,0.8413816230716366,0.9349429912810372,528,0.3120000000001255,0.01,96605.30432888537,-0.1322423252431798,324.75536885571694,-236.74666389585192
2016-12-19,1139.689,1137.138,0.5898265895954061,2.5510000000001583,2016-12-20 04:45:00+00:00,2016-12-20 13:00:00+00:00,short,1137.088,1139.92,1129.988,2.8320000000001073,2.4823446327682355,time,2.830861581920815,0.29696327683618995,495,0.23099999999999454,0.01,99003.38091586287,-0.11070158917841944,341.120424890119,2398.076586977506
2016-12-21,1132.451,1130.752,0.3532591745503866,1.6990000000000691,2016-12-22 04:15:00+00:00,2016-12-22 13:00:00+00:00,short,1130.702,1132.691,1130.652,1.9890000000000327,-0.010055304172973933,time,1.0613373554550372,0.9783810960280949,525,0.2400000000000091,0.01,98993.42582477025,-0.11079101083863307,497.75455462977,-9.955091092618039
2016-12-22,1131.639,1128.779,0.6139315230224252,2.8599999999999,2016-12-23 05:02:00+00:00,2016-12-23 13:00:00+00:00,long,1131.962,1128.779,1130.912,3.1829999999999927,-0.35186930568644587,time,0.10587496072886894,0.49764373232801246,478,0.27300000000013824,0.01,98645.0983446454,-0.11391986433489665,311.0066786829107,-348.3274801248459
2016-12-27,1142.179,1139.989,0.6303972366148811,2.1900000000000546,2016-12-28 04:11:00+00:00,2016-12-28 10:30:00+00:00,long,1142.448,1139.989,1139.939,2.45900000000006,-1.0488003253354825,stop,0.8174054493696388,1.0394469296461886,379,0.21900000000005093,0.01,97610.50823227926,-0.12321307568048523,401.159407664266,-1034.5901123661477
2017-01-05,1179.789,1176.651,0.8187866927592785,3.13799999999992,2017-01-06 04:52:00+00:00,2017-01-06 04:57:00+00:00,short,1176.601,1180.028,1180.078,3.4269999999999072,-1.0350160490224563,stop,0.14560840385177623,1.662386927341711,5,0.23900000000003274,0.01,96600.22380654278,-0.13228796106292262,284.82786178080505,-1010.2844257364761
2017-01-08,1176.538,1173.841,0.735980352026234,2.6970000000001164,2017-01-09 05:43:00+00:00,2017-01-09 08:16:00+00:00,short,1173.791,1176.769,1176.819,2.9780000000000655,-1.0402955003357797,stop,0.2115513767628838,1.0436534586970716,153,0.23099999999999454,0.01,95595.29602496902,-0.14131473035985698,324.379529236201,-1004.9277815737572
2017-01-10,1189.112,1185.618,0.9534725064811476,3.494000000000142,2017-01-11 06:00:00+00:00,2017-01-11 13:00:00+00:00,long,1189.444,1185.618,1188.578,3.826000000000022,-0.24464192368007845,time,0.49006795608990833,0.6364349189754134,420,0.2819999999999254,0.005,95478.36293939744,-0.14236508244085955,124.92851022604349,-116.93308557157489
2017-01-15,1204.349,1200.218,0.9706296992480934,4.130999999999858,2017-01-16 06:00:00+00:00,2017-01-16 13:00:00+00:00,long,1204.6619999999998,1200.218,1203.361,4.443999999999733,-0.30850585058501034,time,0.8818631863187066,0.7900540054005291,420,0.26299999999991996,0.005,95331.08477154202,-0.14368800938952453,107.42390069689829,-147.2781678554157
2017-01-16,1206.439,1203.278,0.7427161654135525,3.161000000000058,2017-01-17 04:09:00+00:00,2017-01-17 13:00:00+00:00,long,1206.763,1203.278,1211.068,3.4849999999999,1.2152080344333387,time,3.4533715925395776,0.15925394548058888,531,0.2739999999998872,0.005,95910.32027227014,-0.13848502333466728,136.77343582718044,579.2355007281178
2017-01-23,1218.549,1216.038,0.5367678495083171,2.5109999999999673,2017-01-24 04:39:00+00:00,2017-01-24 13:00:00+00:00,short,1215.988,1218.7920000000001,1213.462,2.8040000000000873,0.875891583452208,time,1.4682596291012244,0.4222539229671656,501,0.24300000000016553,0.01,96750.39069519701,-0.13093908616387528,342.04821780409117,840.070422926871
2017-01-24,1209.459,1205.118,0.9601857996018939,4.341000000000122,2017-01-25 04:08:00+00:00,2017-01-25 13:00:00+00:00,short,1205.068,1209.742,1205.241,4.673999999999978,-0.05198973042362066,time,0.8378262729995631,0.6354300385109203,532,0.2829999999999018,0.01,96700.09042789078,-0.13139090859019575,206.99698479930996,-50.30026730623269
2017-01-25,1201.959,1198.002,0.8752488387525202,3.9570000000001073,2017-01-26 04:14:00+00:00,2017-01-26 13:00:00+00:00,short,1197.952,1202.179,1187.951,4.227000000000089,2.349420392713453,time,2.401230186893749,0.3548616039744425,526,0.22000000000002728,0.01,98971.982072176,-0.1109836294636507,228.76766129143306,2271.891644285216
2017-01-26,1187.518,1183.438,0.9398756046993348,4.079999999999927,2017-01-27 04:02:00+00:00,2017-01-27 13:00:00+00:00,short,1183.3880000000001,1187.77,1182.571,4.3819999999998345,0.1704701049749573,time,0.4372432679142491,0.6761752624372609,538,0.2519999999999527,0.01,99140.69971391023,-0.10946812232355296,225.86029683290676,168.71764173423435
2017-01-29,1195.699,1193.449,0.5207127979634449,2.25,2017-01-30 05:03:00+00:00,2017-01-30 13:00:00+00:00,short,1193.3990000000001,1195.832,1191.452,2.4329999999999927,0.7714755445952002,time,2.029593094944561,0.3530620632963116,477,0.1330000000000382,0.01,99905.54596694361,-0.10259788667045466,407.4833527082225,764.8462530333811
2017-01-31,1211.609,1208.979,0.6179511278195252,2.6299999999998818,2017-02-01 04:25:00+00:00,2017-02-01 08:59:00+00:00,short,1208.929,1211.863,1211.913,2.933999999999969,-1.0408997955010073,stop,0.6226993865030734,1.0746421267893842,274,0.2540000000001328,0.01,98865.62934327954,-0.11193894343292354,340.50969995550327,-1039.9166236640808
2017-02-05,1225.011,1222.868,0.4948048949434358,2.143000000000029,2017-02-06 04:46:00+00:00,2017-02-06 11:21:00+00:00,short,1222.818,1225.255,1225.305,2.4370000000001255,-1.049240869922014,stop,0.41731637258924925,1.7275338530979973,395,0.24400000000014188,0.01,97828.29075390424,-0.12125684298828665,405.68579952102766,-1037.3385893753
2017-02-06,1233.968,1231.438,0.5841607019164079,2.5299999999999727,2017-02-07 05:43:00+00:00,2017-02-07 07:50:00+00:00,long,1234.3,1231.438,1231.3880000000001,2.8619999999998527,-1.0419287211739905,stop,0.21628232005596568,1.110761705101336,127,0.2819999999999254,0.01,96808.9896951057,-0.13041272032654272,341.81792716250624,-1019.3010587985276
2017-02-09,1226.309,1222.171,0.9791765262659802,4.13799999999992,2017-02-10 07:28:00+00:00,2017-02-10 10:46:00+00:00,short,1222.121,1226.589,1226.639,4.467999999999847,-1.0268576544315038,stop,0.055953446732320625,1.0029095792301137,198,0.2799999999999727,0.01,95814.8991742437,-0.13934214386983235,216.67186592459495,-994.0905208619987
2017-02-12,1231.709,1228.918,0.6750513967832247,2.7910000000001673,2017-02-13 05:45:00+00:00,2017-02-13 07:56:00+00:00,short,1228.868,1231.952,1232.002,3.08400000000006,-1.0389105058365604,stop,0.23897535667958442,1.0094033722438378,131,0.24299999999993815,0.01,94819.46812056578,-0.14828360875647628,310.6838494625222,-995.4310536779257
2017-02-13,1226.748,1224.938,0.4404964711608613,1.8099999999999454,2017-02-14 04:00:00+00:00,2017-02-14 13:00:00+00:00,long,1227.0800000000002,1224.938,1233.181,2.1420000000000528,2.815592903828075,time,2.9775910364144593,0.34967320261448764,540,0.2820000000001528,0.01,97489.19833641595,-0.12430274248388318,442.6679183966548,2669.7302158501743
2017-02-14,1227.122,1225.108,0.4901435872475447,2.0140000000001237,2017-02-15 06:00:00+00:00,2017-02-15 12:04:00+00:00,short,1225.058,1227.404,1227.454,2.3460000000000036,-1.0511508951406454,stop,0.45865302642797107,1.0588235294117305,364,0.2819999999999254,0.01,96464.43975543728,-0.13350764204498577,415.55498012112446,-1024.7585809786754
2017-02-15,1236.739,1234.018,0.6771183277342272,2.7210000000000036,2017-02-16 06:05:00+00:00,2017-02-16 08:13:00+00:00,short,1233.968,1236.96,1237.01,2.991999999999962,-1.040106951871643,stop,0.5370989304812805,1.0170454545454317,128,0.22100000000000364,0.01,95461.10641145695,-0.14252008929751248,322.4078868831501,-1003.3333439803362
2017-02-16,1238.799,1237.298,0.39846031324660347,1.5009999999999764,2017-02-17 07:53:00+00:00,2017-02-17 08:50:00+00:00,short,1237.248,1239.079,1239.129,1.8309999999999036,-1.0655379574003063,stop,0.27252867285638993,1.0065537957400024,57,0.2799999999999727,0.01,94443.93208808858,-0.15165686322312966,521.3604937818786,-1017.1743233683712
2017-02-21,1237.479,1235.029,0.7901951298178121,2.4500000000000455,2017-02-22 04:11:00+00:00,2017-02-22 09:24:00+00:00,short,1234.979,1237.7630000000001,1237.813,2.7840000000001055,-1.0431034482758441,stop,0.4299568965517497,1.13254310344824,313,0.2840000000001055,0.01,93458.78417579042,-0.16050595973606074,339.23826181065016,-985.1479122981484
2017-02-22,1237.979,1236.128,0.6493597614453975,1.8510000000001128,2017-02-23 06:10:00+00:00,2017-02-23 08:58:00+00:00,short,1236.078,1238.252,1238.302,2.173999999999978,-1.055197792088296,stop,0.07635694572214427,1.0413983440663046,168,0.27299999999991087,0.01,92472.60914865491,-0.16936428231363876,429.89321148018104,-986.1750271355063
2017-02-23,1250.266,1247.888,0.862844702467374,2.3780000000001564,2017-02-24 04:02:00+00:00,2017-02-24 13:00:00+00:00,long,1250.563,1247.888,1257.699,2.675000000000182,2.6414953271026116,time,2.929345794392244,0.4280373831776192,538,0.24700000000007094,0.01,94915.2687981665,-0.14742307864570825,345.6919968173781,2442.659649511582
2017-02-27,1253.528,1252.288,0.4499274310594959,1.240000000000009,2017-02-28 04:41:00+00:00,2017-02-28 08:06:00+00:00,long,1253.86,1252.288,1252.238,1.571999999999889,-1.076335877862572,stop,0.38740458015279516,1.04389312977097,205,0.2819999999999254,0.01,93893.66170652212,-0.15659966993662067,603.7866971893969,-1021.6070916443653
2017-03-01,1247.839,1245.638,0.7986211901306073,2.201000000000022,2017-03-02 05:45:00+00:00,2017-03-02 13:00:00+00:00,short,1245.588,1248.123,1240.571,2.535000000000082,1.951479289940786,time,2.5641025641024813,0.45917159763311627,435,0.2840000000001055,0.01,95725.97706929197,-0.14014088716414153,370.3891980533297,1832.3153627698416
2017-03-02,1233.969,1231.438,0.9640068558369683,2.530999999999949,2017-03-03 04:38:00+00:00,2017-03-03 05:54:00+00:00,long,1234.269,1231.438,1231.3880000000001,2.8309999999999036,-1.0423878488166578,stop,0.0,1.1342281879195062,76,0.25,0.01,94728.14111616065,-0.14910395407328525,338.13485365346247,-997.8359531313197
2017-03-05,1235.321,1232.828,0.9851807943094159,2.492999999999938,2017-03-06 05:19:00+00:00,2017-03-06 13:00:00+00:00,short,1232.778,1235.544,1232.098,2.7660000000000764,0.2205350686912678,time,0.8553868402024295,0.8691250903831995,461,0.22300000000018372,0.01,94937.04988724114,-0.14722742989390947,342.4733952138758,208.908771080486
2017-03-07,1218.489,1216.258,0.8495811119573552,2.2309999999999945,2017-03-08 07:08:00+00:00,2017-03-08 13:00:00+00:00,short,1216.208,1218.7730000000001,1212.402,2.5650000000000546,1.456530214424936,time,1.7766081871344714,0.21598440545803047,352,0.2840000000001055,0.01,96319.83670353248,-0.13480653974998624,370.12495082744294,1382.7868162913417
2017-03-09,1199.908,1197.551,0.9382961783439585,2.356999999999971,2017-03-10 04:50:00+00:00,2017-03-10 13:00:00+00:00,short,1197.501,1200.1419999999998,1197.501,2.640999999999849,-0.02650511170011511,time,0.8970087088224347,0.7675123059447783,490,0.2339999999999236,0.01,96294.30702322484,-0.1350358602430476,364.7097186805679,-25.529680307639754
2017-03-14,1201.368,1198.978,0.951433121019079,2.3899999999998727,2017-03-15 03:04:00+00:00,2017-03-15 12:00:00+00:00,long,1201.549,1198.978,1201.608,2.5709999999999127,-0.004278490859599885,time,1.431349669389416,0.3566705562037913,536,0.1310000000000855,0.01,96290.18708010054,-0.13507286765470583,374.5402840265582,-4.119943124303725
2017-03-21,1246.448,1243.949,0.9740791268758888,2.4990000000000236,2017-03-22 06:06:00+00:00,2017-03-22 12:00:00+00:00,long,1246.741,1243.949,1245.291,2.7919999999999163,-0.5444126074498894,time,0.8230659025788218,0.7603868194842804,354,0.24299999999993815,0.01,95765.97116189939,-0.1397816400084484,344.87889355337904,-524.2159182011519
2017-03-27,1255.418,1252.808,0.8903291830121017,2.6099999999999,2017-03-28 06:06:00+00:00,2017-03-28 11:35:00+00:00,short,1252.758,1255.6519999999998,1255.7019999999998,2.893999999999778,-1.041465100207313,stop,0.472356599861806,1.082930200414739,329,0.2339999999999236,0.005,95267.2865781365,-0.1442610770108923,165.45606627834613,-498.68458376289095
2017-04-02,1249.858,1247.531,0.753562176165811,2.326999999999998,2017-04-03 05:20:00+00:00,2017-04-03 12:00:00+00:00,short,1247.481,1250.089,1246.519,2.6079999999999472,0.3420245398773033,time,1.0732361963190318,0.18443251533742494,400,0.23099999999999454,0.005,95430.20532742272,-0.1427976584539401,182.64433776483594,162.91874928623164
2017-04-03,1257.069,1254.632,0.78918393782381,2.436999999999898,2017-04-04 06:44:00+00:00,2017-04-04 12:00:00+00:00,long,1257.3629999999998,1254.632,1260.038,2.730999999999767,0.9538630538265852,time,1.1955327718785713,0.1849139509336964,316,0.2439999999999145,0.01,96340.47879823185,-0.13462112202139587,349.43319416854945,910.273470809135
2017-04-12,1287.948,1285.141,0.69265885256017,2.8070000000000164,2017-04-13 05:21:00+00:00,2017-04-13 09:59:00+00:00,short,1285.0910000000001,1287.986,1288.036,2.894999999999982,-1.0414507772020571,stop,0.3530224525043759,1.0048359240068727,278,0.038000000000010914,0.01,95337.14013302748,-0.14363361707184652,332.78231018387726,-1003.3386652043688
2017-04-17,1285.598,1281.878,0.9290709290709578,3.7200000000000273,2017-04-18 05:03:00+00:00,2017-04-18 09:20:00+00:00,short,1281.828,1285.859,1285.9089999999999,4.030999999999949,-1.0297692880178508,stop,0.039692384023836236,1.0205904242123753,257,0.26099999999996726,0.01,94355.38754386302,-0.15245221507615003,236.50989861828003,-981.7525891644578
2017-04-18,1289.288,1286.252,0.8161290322580742,3.036000000000058,2017-04-19 03:23:00+00:00,2017-04-19 12:00:00+00:00,short,1286.202,1289.558,1282.269,3.3559999999999945,1.1510727056019068,time,1.5199642431465714,0.3781287246722311,517,0.2699999999999818,0.01,95441.48665614532,-0.14269632385695807,281.15431330114177,1086.0991122823086
2017-04-19,1281.042,1278.098,0.791397849462349,2.94399999999996,2017-04-20 05:15:00+00:00,2017-04-20 06:50:00+00:00,short,1278.048,1281.2949999999998,1281.3449999999998,3.2469999999998436,-1.0369571912534525,stop,0.17154296273484546,1.010163227594743,95,0.25299999999992906,0.01,94451.79929682522,-0.1515861959776036,293.93743965552795,-989.6873593201033
2017-04-20,1281.708,1279.398,0.6209677419355257,2.310000000000173,2017-04-21 03:17:00+00:00,2017-04-21 08:45:00+00:00,short,1279.348,1281.9470000000001,1281.997,2.59900000000016,-1.0461716044632348,stop,0.2562524047710269,1.0392458637937112,328,0.23900000000003274,0.01,93463.67139267724,-0.1604620602836322,363.4159264979585,-988.1279041479906
2017-04-26,1268.342,1265.861,0.6603673143465407,2.4809999999999945,2017-04-27 03:02:00+00:00,2017-04-27 12:00:00+00:00,short,1265.8110000000001,1268.5810000000001,1264.759,2.769999999999982,0.35451263537911226,time,0.9057761732852918,0.7007220216605835,538,0.23900000000003274,0.01,93795.01191725349,-0.1574857922085362,337.41397614685144,331.34052457625353
2017-04-27,1265.912,1263.308,0.7000000000000061,2.604000000000042,2017-04-28 06:20:00+00:00,2017-04-28 12:00:00+00:00,long,1266.222,1263.308,1267.458,2.9139999999999873,0.4001372683596804,time,0.6475634866163185,0.49107755662321423,340,0.2599999999999909,0.01,94170.32071579683,-0.15411457887193714,321.8771857146668,375.3087985433348
2017-05-01,1257.728,1256.148,0.42473118279573735,1.5800000000001546,2017-05-02 05:28:00+00:00,2017-05-02 12:00:00+00:00,short,1256.098,1257.9360000000001,1255.072,1.8380000000001928,0.5201305767138014,time,1.147442872687542,0.6006528835690566,392,0.20800000000008367,0.01,94660.12934802914,-0.1497148701526858,512.352125765979,489.8086322323104
2017-05-02,1256.921,1255.761,0.311827956989267,1.1600000000000819,2017-05-03 04:37:00+00:00,2017-05-03 12:00:00+00:00,short,1255.711,1257.162,1254.158,1.4510000000000218,1.022053756030385,time,1.9986216402481374,0.2825637491385773,443,0.24099999999998545,0.01,95627.60675549389,-0.14102449904611347,652.3785620125963,967.4774074647527
2017-05-03,1241.259,1238.101,0.848924731182763,3.1579999999999018,2017-05-04 05:48:00+00:00,2017-05-04 12:00:00+00:00,short,1238.0510000000002,1241.482,1234.6119999999999,3.4309999999998126,0.981929466627948,time,1.5485281259109274,0.13407169921300907,372,0.22299999999995634,0.01,96566.60240445718,-0.13258996549113233,278.7164288997351,938.9956489632928
2017-05-04,1228.878,1227.881,0.3040561146690591,0.9969999999998436,2017-05-05 03:25:00+00:00,2017-05-05 04:00:00+00:00,short,1227.8310000000001,1229.1119999999999,1229.1619999999998,1.2809999999997217,-1.0936768149882754,stop,0.6010928961751573,1.0054644808743665,35,0.2339999999999236,0.01,95510.47586293772,-0.14207662792943765,753.8376456243416,-1056.1265415194587
2017-05-08,1228.561,1226.328,0.7070930968967754,2.2329999999999472,2017-05-09 03:33:00+00:00,2017-05-09 05:18:00+00:00,long,1228.8509999999999,1226.328,1226.278,2.522999999999911,-1.0475624256836935,stop,0.0,1.0277447483154731,105,0.2400000000000091,0.01,94509.94400520589,-0.15106391081640735,378.55915918724173,-1000.531857731829
2017-05-09,1223.519,1220.728,0.9193017127799362,2.79099999999994,2017-05-10 04:08:00+00:00,2017-05-10 06:37:00+00:00,long,1223.776,1220.728,1220.678,3.048000000000002,-1.0393700787401425,stop,0.031167979002633604,1.0219816272965903,149,0.20700000000010732,0.01,93527.63592578172,-0.15988749851500828,310.0719947677357,-982.3080794241731
2017-05-11,1226.988,1224.428,0.8432147562582004,2.5599999999999454,2017-05-12 06:18:00+00:00,2017-05-12 12:00:00+00:00,long,1227.278,1224.428,1228.1280000000002,2.849999999999909,0.2736842105263724,time,0.926666666666723,0.16035087719302524,342,0.2400000000000091,0.01,93783.60629778919,-0.15758824324778564,328.1671435992446,255.97037200745555
2017-05-18,1251.122,1248.321,0.831527386076954,2.8010000000001583,2017-05-19 03:54:00+00:00,2017-05-19 06:19:00+00:00,short,1248.271,1251.3600000000001,1251.41,3.089000000000169,-1.0388475234703618,stop,0.2243444480414198,1.0449983813531527,145,0.2380000000000564,0.01,92809.3376263434,-0.16633961692022925,303.6050705658273,-974.2686714457773
2017-05-22,1263.728,1261.182,0.7558260353273282,2.546000000000049,2017-05-23 06:27:00+00:00,2017-05-23 12:00:00+00:00,short,1261.132,1263.992,1259.758,2.8599999999999,0.45594405594408016,time,0.9629370629371431,0.46398601398602957,333,0.2639999999998963,0.01,93232.49628461179,-0.16253859195681641,324.5081735186946,423.1586582683854
2017-05-23,1253.732,1251.051,0.8998154052693449,2.68100000000004,2017-05-24 05:45:00+00:00,2017-05-24 12:00:00+00:00,short,1251.001,1253.973,1252.7179999999998,2.97199999999998,-0.6012786002691396,time,0.9754374158815299,0.8199865410498459,375,0.24099999999998545,0.01,92671.9092359557,-0.16757406818889264,313.7028811729893,-560.5870486560913
2017-05-24,1258.752,1256.338,0.8633762517882493,2.4139999999999873,2017-05-25 03:01:00+00:00,2017-05-25 10:30:00+00:00,long,1259.023,1256.338,1256.288,2.6849999999999454,-1.0446927374301516,stop,0.22569832402234893,1.0506517690875121,449,0.22100000000000364,0.01,91703.77253052981,-0.17627036144300856,345.1467755529146,-968.136705425891
2017-05-28,1268.691,1266.418,0.762879677798327,2.2730000000001382,2017-05-29 03:05:00+00:00,2017-05-29 12:00:00+00:00,short,1266.368,1268.938,1267.1589999999999,2.5700000000001637,-0.33501945525287363,time,0.31089494163421294,0.661867704280122,535,0.24700000000007094,0.01,91396.54705135169,-0.17903001599085866,356.8240176284979,-307.22547917811534
2017-06-06,1294.032,1291.381,0.7234274798744325,2.65099999999984,2017-06-07 03:52:00+00:00,2017-06-07 12:00:00+00:00,short,1291.3310000000001,1294.281,1289.1219999999998,2.949999999999818,0.7250847457628541,time,1.075593220339127,0.8532203389830443,488,0.24900000000002365,0.005,91727.89826176336,-0.17605365193018763,154.90940178196158,331.35121041166036
2017-06-07,1287.192,1284.431,0.7534452176285948,2.7609999999999673,2017-06-08 03:56:00+00:00,2017-06-08 05:37:00+00:00,short,1284.381,1287.4360000000001,1287.486,3.0550000000000637,-1.0392798690670872,stop,0.17675941080202281,1.0085106382978197,101,0.24400000000014188,0.005,91251.24347128694,-0.18033520619388899,150.12749306343935,-476.6547904764226
2017-06-11,1270.041,1266.499,0.9665711556828872,3.5419999999999163,2017-06-12 03:23:00+00:00,2017-06-12 08:57:00+00:00,short,1266.449,1270.241,1270.291,3.7919999999999163,-1.0316455696202418,stop,0.18908227848104273,1.0548523206751288,334,0.20000000000004547,0.005,90780.54876603949,-0.18456322395940783,120.32073242522279,-470.69470524745594
2017-06-15,1254.629,1252.068,0.7409228988861327,2.560999999999922,2017-06-16 03:21:00+00:00,2017-06-16 06:25:00+00:00,short,1252.018,1254.8529999999998,1254.9029999999998,2.834999999999809,-1.042328042328029,stop,0.0,1.0666666666666988,184,0.2239999999999327,0.005,90307.43320765563,-0.1888129870514712,160.10678794717037,-473.11555838385055
2017-06-19,1245.879,1242.851,0.8760306668594786,3.0279999999997926,2017-06-20 05:58:00+00:00,2017-06-20 12:00:00+00:00,long,1246.12,1242.851,1244.891,3.268999999999778,-0.39736922606298647,time,0.46130315081068846,0.7041908840624238,362,0.19100000000003092,0.005,90128.00623344832,-0.19042469082910973,138.12700092943066,-179.4269742073048
2017-06-20,1246.251,1244.459,0.5184435122233223,1.7919999999999163,2017-06-21 03:31:00+00:00,2017-06-21 12:00:00+00:00,long,1246.4919999999997,1244.459,1244.8880000000001,2.0329999999996744,-0.8234136743727768,time,0.6438760452535199,0.8952287260206594,509,0.19099999999980355,0.005,89756.94306956544,-0.1937577677291391,221.6625829647387,-371.06316388288104
2017-06-22,1252.231,1250.0,0.6071574363859069,2.2309999999999945,2017-06-23 03:45:00+00:00,2017-06-23 12:00:00+00:00,long,1252.527,1250.0,1257.279,2.5270000000000437,1.852789869410317,time,2.1729323308270243,0.4376731301938961,495,0.2460000000000946,0.005,90588.4468437081,-0.18628878052792808,177.59585094887987,831.5037741426471
2017-06-25,1257.409,1254.612,0.8092000578620052,2.7970000000000255,2017-06-26 04:00:00+00:00,2017-06-26 12:00:00+00:00,short,1254.5620000000001,1257.6680000000001,1241.922,3.1059999999999945,4.047005795235068,time,5.85447520927245,0.21442369607209952,480,0.25900000000001455,0.005,92421.50669049725,-0.16982331042367171,145.82815010255675,1833.059846789153
2017-07-09,1213.622,1210.309,0.8418244187524222,3.313000000000102,2017-07-10 06:03:00+00:00,2017-07-10 11:33:00+00:00,short,1210.259,1213.8750000000002,1213.9250000000002,3.616000000000213,-1.03318584070795,stop,1.4355641592919595,1.51078539822999,330,0.25300000000015643,0.01,91466.62076960209,-0.17840057843323232,255.59044991839548,-954.8859208951682
2017-07-11,1220.369,1216.899,0.8817176978783092,3.4700000000000273,2017-07-12 05:47:00+00:00,2017-07-12 10:34:00+00:00,long,1220.6429999999998,1216.899,1216.849,3.7439999999999145,-1.0320512820512706,stop,0.0,1.0430021367520925,287,0.2239999999999327,0.01,90522.63833730044,-0.1868799057968379,244.30187171368638,-943.9824323016521
2017-07-13,1218.562,1214.761,0.9658239105577423,3.800999999999931,2017-07-14 06:20:00+00:00,2017-07-14 12:00:00+00:00,long,1218.8719999999998,1214.761,1222.2820000000002,4.110999999999876,0.8124543906593067,time,0.9973242520068741,0.37728046703964424,340,0.2599999999999909,0.005,90890.36591215646,-0.18357679084349454,110.09807630418774,367.72757485602114
2017-07-16,1232.271,1230.111,0.5488502096302607,2.1599999999998545,2017-07-17 05:16:00+00:00,2017-07-17 11:16:00+00:00,short,1230.0610000000001,1232.531,1232.581,2.4699999999998,-1.0485829959514024,stop,0.19959514170048803,1.1825910931174326,360,0.2599999999999909,0.005,90413.83545120001,-0.18785722831660256,183.98859496389437,-476.5304609564412
2017-07-18,1243.418,1240.581,0.7208740947783094,2.836999999999989,2017-07-19 05:39:00+00:00,2017-07-19 12:00:00+00:00,short,1240.531,1243.6879999999999,1242.128,3.1569999999999254,-0.5280329426670952,time,1.3946784922395072,0.6867279062401556,381,0.2699999999999818,0.005,90175.12803324443,-0.19000141900459155,143.19581161102653,-238.70741795557836
2017-07-19,1242.019,1238.171,0.9777664845635933,3.8479999999999563,2017-07-20 03:32:00+00:00,2017-07-20 12:00:00+00:00,short,1238.121,1242.199,1237.712,4.0779999999999745,0.08312898479649525,time,0.6505640019617549,0.5144678764099974,508,0.18000000000006366,0.01,90250.0897017174,-0.1893280754073441,221.12586570192497,74.96166847297589
2017-07-20,1245.812,1243.401,0.6277828407758933,2.410999999999831,2017-07-21 05:34:00+00:00,2017-07-21 12:00:00+00:00,long,1246.0219999999997,1243.401,1248.882,2.62099999999964,1.064479206410049,time,1.3239221671120684,0.22624952308267887,386,0.15999999999985448,0.01,91210.7831403586,-0.18069864133785107,344.33456582117435,960.6934386411988
2017-07-23,1257.129,1253.718,0.8881656034370038,3.410999999999831,2017-07-24 03:01:00+00:00,2017-07-24 09:19:00+00:00,short,1253.6680000000001,1257.34,1257.3899999999999,3.671999999999798,-1.032679738562081,stop,0.4193899782135827,1.1993464052287612,378,0.21100000000001273,0.01,90268.86786348432,-0.1891594004665189,248.39537892255888,-941.9152768742819
2017-07-24,1255.592,1252.852,0.7134487696914451,2.740000000000009,2017-07-25 04:04:00+00:00,2017-07-25 08:05:00+00:00,long,1255.911,1252.852,1252.8020000000001,3.058999999999969,-1.0392285060477136,stop,0.6466165413533371,1.5011441647597727,241,0.26900000000000546,0.01,89330.76805656045,-0.19758588711547898,295.0927357420243,-938.0998069238727
2017-07-25,1248.942,1246.401,0.6616325999218661,2.54099999999994,2017-07-26 03:36:00+00:00,2017-07-26 12:00:00+00:00,short,1246.351,1249.163,1247.258,2.811999999999898,-0.34743954480795197,time,0.8470839260313471,0.753911806543374,504,0.22100000000000364,0.01,89020.3976426513,-0.2003737910567598,317.6769845539249,-310.370413909161
2017-07-27,1260.858,1258.538,0.6078071784123479,2.3199999999999363,2017-07-28 03:22:00+00:00,2017-07-28 12:00:00+00:00,short,1258.488,1261.1009999999999,1259.728,2.612999999999829,-0.5013394565633734,time,0.3390738614619308,0.8434749330272082,518,0.24299999999993815,0.01,88574.10326487907,-0.20438263274721413,340.68273112383133,-446.2943777722221
2017-07-30,1270.431,1268.098,0.6203962239064211,2.3330000000000837,2017-07-31 03:50:00+00:00,2017-07-31 12:00:00+00:00,short,1268.048,1270.6750000000002,1268.556,2.62700000000018,-0.22002283974114908,time,0.7868290826036793,0.5610963075751167,490,0.24400000000014188,0.01,88379.22000760042,-0.2061331726721175,337.1682651879444,-194.88325727864478
2017-07-31,1270.578,1267.002,0.9947148817802489,3.576000000000022,2017-08-01 04:39:00+00:00,2017-08-01 09:05:00+00:00,long,1270.859,1267.002,1266.952,3.856999999999971,-1.031112263417152,stop,0.0,1.0007778065854107,266,0.23099999999999454,0.01,87467.93103178963,-0.21431883088389592,229.13979778999507,-911.2889758107932
2017-08-02,1264.278,1261.738,0.722617354196294,2.5399999999999636,2017-08-03 03:38:00+00:00,2017-08-03 11:30:00+00:00,short,1261.688,1264.528,1264.578,2.839999999999918,-1.0422535211267456,stop,0.5711267605634217,1.7679577464789094,472,0.25,0.005,87012.11223627186,-0.21841322570886712,153.99283632357773,-455.81879551777047
2017-08-09,1277.062,1274.598,0.7812301838934792,2.463999999999942,2017-08-10 04:24:00+00:00,2017-08-10 12:00:00+00:00,long,1277.3379999999997,1274.598,1280.818,2.7399999999997817,1.2445255474454442,time,1.6507299270075642,0.30145985401454756,456,0.2259999999998854,0.005,87553.55621934801,-0.2135497021681132,158.78122670853796,541.4439830761534
2017-08-15,1273.962,1271.181,0.8817374762206888,2.780999999999949,2017-08-16 06:25:00+00:00,2017-08-16 12:00:00+00:00,short,1271.131,1274.222,1271.089,3.0909999999998945,-0.00905855710121555,time,0.5380135878356738,0.20381753477835757,335,0.2599999999999909,0.01,87545.62513046374,-0.21362094321741498,283.2531744398285,-7.931088884274498
2017-08-17,1288.889,1285.941,0.9346861128725349,2.9479999999998654,2017-08-18 06:50:00+00:00,2017-08-18 12:00:00+00:00,long,1289.1789999999996,1285.941,1295.1580000000001,3.2379999999996016,1.8248919085859243,time,2.692711550340133,0.23378628783190247,310,0.23999999999978172,0.01,89143.23815979053,-0.1992703754393753,270.36944141591886,1597.6130293267984
2017-08-22,1285.542,1282.751,0.787306064880105,2.79099999999994,2017-08-23 03:05:00+00:00,2017-08-23 12:00:00+00:00,long,1285.8729999999998,1282.751,1289.819,3.1219999999998436,1.2415118513774293,time,1.4727738629085247,0.32094811018570646,535,0.28099999999994907,0.01,90249.96202624594,-0.18932922225296522,285.53247328569825,1106.7238664554063
2017-08-24,1287.029,1285.149,0.5303244005642118,1.8800000000001091,2017-08-25 05:01:00+00:00,2017-08-25 12:00:00+00:00,long,1287.337,1285.149,1287.461,2.188000000000102,0.024680073126152252,time,0.4849177330895212,0.6654478976233253,419,0.2580000000000382,0.01,90272.23578287034,-0.18912914811220483,412.4769745257849,22.273756624402136
2017-08-27,1294.819,1291.779,0.8575458392101548,3.0399999999999636,2017-08-28 05:51:00+00:00,2017-08-28 12:00:00+00:00,long,1295.1399999999999,1291.779,1298.0910000000001,3.3609999999998763,0.8571853614996594,time,1.2412972329664322,0.1850639690567886,369,0.27099999999995816,0.01,91046.03617349957,-0.18217848186915497,268.5874316657949,773.800390629222
2017-08-31,1321.872,1318.471,0.9087508350033702,3.4010000000000673,2017-09-01 06:50:00+00:00,2017-09-01 12:00:00+00:00,short,1318.421,1322.0710000000001,1320.298,3.650000000000091,-0.5334246575342203,time,0.1323287671232699,0.7854794520547644,310,0.19900000000006912,0.01,90560.3741668426,-0.18654094350148565,249.44119499588302,-485.6620066569724
2017-09-05,1342.429,1338.451,0.9395370807746883,3.9780000000000655,2017-09-06 03:24:00+00:00,2017-09-06 12:00:00+00:00,short,1338.401,1342.5990000000002,1339.6019999999999,4.198000000000093,-0.3027632205811735,time,0.4380657455931702,0.874464030490648,516,0.17000000000007276,0.01,90286.1906614447,-0.18900379833904968,215.72266357036827,-274.1835053978937
2017-09-06,1335.878,1332.591,0.8008283591180437,3.2870000000000346,2017-09-07 05:37:00+00:00,2017-09-07 12:00:00+00:00,long,1336.1589999999999,1332.591,1338.582,3.5679999999999836,0.6594730941704708,time,1.17769058295971,0.611266816143448,383,0.23099999999999454,0.01,90881.60379660838,-0.18365549659435132,253.04425633813096,595.4131351636801
2017-09-10,1338.812,1335.569,0.7901084175904287,3.242999999999938,2017-09-11 06:34:00+00:00,2017-09-11 09:00:00+00:00,short,1335.519,1339.0919999999999,1339.1419999999998,3.5729999999998654,-1.0335852225020876,stop,0.2658830114749738,1.0000000000000637,146,0.2799999999999727,0.01,89942.26496979374,-0.19209311274626006,254.3565737380683,-939.3388268146405
2017-09-11,1327.652,1324.5,0.7679376294311172,3.1520000000000437,2017-09-12 04:33:00+00:00,2017-09-12 08:08:00+00:00,short,1324.45,1327.848,1327.898,3.397999999999911,-1.0353148911124066,stop,0.2819305473808443,1.008828722778097,215,0.1959999999999127,0.01,89011.07930715769,-0.20045749305632077,264.69177448439115,-931.1856626360524
2017-09-12,1333.162,1329.511,0.956761006289318,3.6510000000000673,2017-09-13 05:18:00+00:00,2017-09-13 08:23:00+00:00,short,1329.461,1333.425,1333.475,3.963999999999942,-1.0302724520686066,stop,0.0,1.0640766902119416,185,0.26299999999991996,0.01,88094.0226777671,-0.20869495924794024,224.54863599182391,-917.0566293905857
2017-09-17,1319.639,1316.031,0.9663854292219123,3.6079999999999472,2017-09-18 06:19:00+00:00,2017-09-18 12:00:00+00:00,short,1315.981,1319.867,1313.549,3.8859999999999673,0.6078229541945539,time,0.8628409675759376,0.29284611425628654,341,0.22800000000006548,0.01,88629.47836887593,-0.20388522557255062,226.69588954649473,535.4556911088243
2017-09-18,1309.371,1306.261,0.851471594798111,3.1100000000001273,2017-09-19 03:13:00+00:00,2017-09-19 12:00:00+00:00,long,1309.6270000000002,1306.261,1307.682,3.366000000000213,-0.5986333927510505,time,0.0490196078430558,0.9910873440285292,527,0.20600000000013097,0.01,88098.91271553877,-0.20865103445689814,263.30801654447515,-530.5656533371605
2017-09-19,1312.981,1309.661,0.9147265463562281,3.3199999999999363,2017-09-20 05:25:00+00:00,2017-09-20 12:00:00+00:00,long,1313.279,1309.661,1314.271,3.617999999999938,0.2548369264787113,time,0.7432283029298298,0.46351575456051297,395,0.2480000000000473,0.01,88323.4212769642,-0.206634385075387,243.5016935200118,224.50856142544157
2017-09-24,1294.072,1291.402,0.7154340836012503,2.6699999999998454,2017-09-25 04:11:00+00:00,2017-09-25 07:02:00+00:00,long,1294.3719999999998,1291.402,1291.352,2.9699999999998,-1.0404040404040278,stop,0.09663299663309134,1.15521885521887,171,0.25,0.01,87404.5008333756,-0.21488859298823892,297.3852568248153,-918.9204435886063
2017-09-25,1311.359,1307.991,0.9024651661307515,3.367999999999938,2017-09-26 03:46:00+00:00,2017-09-26 07:14:00+00:00,long,1311.649,1307.991,1307.941,3.6579999999999018,-1.032804811372323,stop,0.5338983050848153,1.0954073264078572,208,0.2400000000000091,0.01,86501.78294341253,-0.22299726137448939,238.94068024433554,-902.7178899630652
2017-09-27,1284.822,1282.489,0.6427882628460811,2.3329999999998563,2017-09-28 03:37:00+00:00,2017-09-28 09:36:00+00:00,short,1282.439,1285.023,1285.0729999999999,2.5839999999998327,-1.0464396284829576,stop,1.7480650154800097,1.0344427244582721,359,0.20100000000002183,0.01,85596.59400734835,-0.23112812594586463,334.75922191725283,-905.1889360641806
2017-10-04,1275.172,1272.992,0.6015452538631672,2.1800000000000637,2017-10-05 05:03:00+00:00,2017-10-05 12:00:00+00:00,long,1275.442,1272.992,1276.631,2.4500000000000455,0.4567346938775744,time,1.436734693877517,0.8869387755101884,417,0.16000000000008185,0.01,85987.54334895745,-0.22761642134559257,349.3738530912113,390.94934160909276
2017-10-05,1269.649,1267.751,0.5237306843266992,1.8979999999999109,2017-10-06 04:05:00+00:00,2017-10-06 10:31:00+00:00,short,1267.701,1269.848,1269.898,2.1469999999999345,-1.0558919422449735,stop,0.22310200279462342,1.1676758267350436,386,0.19900000000006912,0.01,85079.60780740141,-0.23577195731582778,400.5009005540758,-907.9355415560455
2017-10-11,1294.062,1291.819,0.6100911192710424,2.242999999999938,2017-10-12 03:19:00+00:00,2017-10-12 12:00:00+00:00,long,1294.3519999999999,1291.819,1294.968,2.5329999999999018,0.21555467824723012,time,1.2155546782472553,0.2491117252269572,521,0.2400000000000091,0.01,85263.00088226466,-0.2341246280173448,335.8847524966629,183.39307486324938
2017-10-12,1296.719,1293.448,0.8897048823609494,3.270999999999958,2017-10-13 06:16:00+00:00,2017-10-13 09:03:00+00:00,long,1296.997,1293.448,1293.3980000000001,3.548999999999978,-1.0338123415046365,stop,0.4012397858551668,1.0084530853762188,167,0.22800000000006548,0.01,84381.5414564066,-0.2420423421334461,240.24514196186303,-881.4594258580593
2017-10-15,1304.492,1301.041,0.9522626931567626,3.451000000000022,2017-10-16 06:44:00+00:00,2017-10-16 12:00:00+00:00,long,1304.741,1301.041,1305.832,3.7000000000000455,0.2759459459459755,time,0.34351351351349796,0.43756756756753906,316,0.19900000000006912,0.01,84614.38889918228,-0.2399507887045763,228.0582201524475,232.84744277567665
2017-10-16,1295.209,1292.331,0.8117331829079676,2.8780000000001564,2017-10-17 04:36:00+00:00,2017-10-17 12:00:00+00:00,short,1292.281,1295.4569999999999,1289.581,3.175999999999931,0.8280856423174128,time,1.4710327455919796,0.29534005037787225,444,0.24799999999981992,0.005,84964.72870208665,-0.23680385950793414,133.20905053398005,350.3398029043736
2017-10-17,1288.851,1285.662,0.8994500070512271,3.189000000000078,2017-10-18 05:12:00+00:00,2017-10-18 12:00:00+00:00,short,1285.612,1289.1170000000002,1279.318,3.505000000000109,1.7757489300998295,time,1.869900142653319,0.17004279600570188,408,0.2660000000000764,0.005,85719.10883253142,-0.23002763585825858,121.20503381181742,754.3801304447633
2017-10-24,1276.609,1273.879,0.7699901283317047,2.730000000000018,2017-10-25 03:29:00+00:00,2017-10-25 12:00:00+00:00,short,1273.829,1276.8469999999998,1273.966,3.0179999999998017,-0.06858846918487647,time,0.7789927104042544,0.28793903247190156,511,0.23799999999982901,0.01,85660.31540798426,-0.23055574811597002,284.0262055418723,-58.793424547151545
2017-10-25,1281.032,1278.381,0.7750328899283124,2.65099999999984,2017-10-26 05:21:00+00:00,2017-10-26 07:30:00+00:00,long,1281.328,1278.381,1278.3310000000001,2.946999999999889,-1.0407193756362263,stop,0.397353240583676,1.0312181879878186,129,0.2460000000000946,0.005,85214.57365814327,-0.23455962582300816,145.33477334236085,-445.741749840998
2017-10-26,1267.911,1265.381,0.7396579447448992,2.5299999999999727,2017-10-27 03:24:00+00:00,2017-10-27 06:44:00+00:00,long,1268.217,1265.381,1265.3310000000001,2.8360000000000127,-1.0423131170662743,stop,0.1318758815231998,1.1738363892807346,200,0.2560000000000855,0.005,84770.47231869781,-0.2385487685346921,150.23725962295995,-444.1013394454647
2017-10-29,1272.831,1270.671,0.6387697767262479,2.1599999999998545,2017-10-30 06:04:00+00:00,2017-10-30 12:00:00+00:00,short,1270.621,1273.0829999999999,1270.9289999999999,2.4619999999997617,-0.15353371242883912,time,0.6064175467101178,0.8277822908205558,356,0.2519999999999527,0.005,84705.39669210064,-0.23913331070669397,172.15774232068645,-65.07562659717908
2017-10-30,1277.449,1274.882,0.7727272727272743,2.5670000000000073,2017-10-31 06:23:00+00:00,2017-10-31 10:21:00+00:00,long,1277.749,1274.882,1274.832,2.866999999999962,-1.041855598186242,stop,0.12521799790719512,1.0596442274154347,238,0.25,0.005,84264.14273339938,-0.24309687680526226,147.72479367300622,-441.2539587012572
2017-10-31,1270.172,1267.941,0.6907120743034,2.2309999999999945,2017-11-01 03:36:00+00:00,2017-11-01 12:00:00+00:00,long,1270.392,1267.941,1276.5810000000001,2.451000000000022,2.4965320277437875,time,4.266421868624964,0.3961648306813525,504,0.17000000000007276,0.005,85315.98338902091,-0.23364871236048745,171.89747599632523,1051.8406556215275
2017-11-02,1278.719,1276.201,0.7795665634674969,2.518000000000029,2017-11-03 06:31:00+00:00,2017-11-03 12:00:00+00:00,short,1276.151,1278.912,1274.609,2.7609999999999673,0.5331401666063604,time,0.8873596522999183,0.2426657008329784,329,0.19299999999998363,0.01,85770.83716500299,-0.2295629858287762,309.00392390084,454.8537759820809
2017-11-06,1280.592,1278.481,0.6535603715170563,2.1110000000001037,2017-11-07 04:54:00+00:00,2017-11-07 13:00:00+00:00,short,1278.431,1280.8300000000002,1277.328,2.3990000000001146,0.43059608170071534,time,1.2517715714880306,0.587744893705622,486,0.2380000000000564,0.01,86140.16302907739,-0.22624551423378292,357.52745796164606,369.3258640744038
2017-11-07,1277.949,1276.192,0.5791989451129038,1.7570000000000618,2017-11-08 04:29:00+00:00,2017-11-08 06:27:00+00:00,long,1278.247,1276.192,1276.142,2.0550000000000637,-1.0583941605839176,stop,0.4452554744525232,1.0004866180048546,118,0.2480000000000473,0.01,85228.46057366017,-0.23443488652838873,419.17354272055826,-911.7024554172218
2017-11-08,1281.722,1279.931,0.63873038516401,1.79099999999994,2017-11-09 04:34:00+00:00,2017-11-09 13:00:00+00:00,long,1282.0199999999998,1279.931,1286.759,2.0889999999997144,2.2350406893254657,time,2.9449497367166644,0.1924365725226765,506,0.24799999999981992,0.01,87133.35134636718,-0.21732419473901754,407.98688642255536,1904.8907727070168
2017-11-09,1287.031,1285.112,0.684379457917193,1.918999999999869,2017-11-10 04:30:00+00:00,2017-11-10 13:00:00+00:00,short,1285.0620000000001,1287.2689999999998,1285.249,2.2069999999996526,-0.11644766651560426,time,1.021295876755998,0.5423652016312086,510,0.23799999999982901,0.01,87031.8865919675,-0.21823560245062612,394.804491827734,-101.46475439968742
2017-11-12,1276.542,1275.241,0.48355324289164286,1.3009999999999309,2017-11-13 05:39:00+00:00,2017-11-13 13:00:00+00:00,long,1276.788,1275.241,1277.881,1.5470000000000255,0.6612798965740515,time,1.7026502908855663,0.5235940530057738,441,0.19600000000014006,0.01,87607.4109616093,-0.2130659516510589,562.5849165608666,575.5243696418084
2017-11-14,1283.231,1280.711,0.9888169511477307,2.519999999999982,2017-11-15 05:31:00+00:00,2017-11-15 07:15:00+00:00,short,1280.661,1283.457,1283.507,2.796000000000049,-1.0429184549356052,stop,0.018597997138817487,1.122675250357597,104,0.22600000000011278,0.01,86693.73710479941,-0.2212730320694618,313.3312266151923,-913.6738568099018
2017-11-15,1279.348,1277.729,0.6411881188118531,1.6189999999999145,2017-11-16 04:45:00+00:00,2017-11-16 09:33:00+00:00,short,1277.679,1279.579,1279.629,1.8999999999998636,-1.0631578947368225,stop,1.2631578947369806,1.0010526315789225,288,0.23099999999999454,0.01,85772.04579452735,-0.22955212930745994,456.2828268673981,-921.6913102720611
2017-11-20,1280.412,1278.749,0.6601826121476806,1.663000000000011,2017-11-21 06:07:00+00:00,2017-11-21 11:24:00+00:00,long,1280.6999999999998,1278.749,1278.699,1.9509999999997945,-1.0615069195284301,stop,0.33418759610473586,1.0963608405946292,317,0.23799999999982901,0.01,84861.56959339735,-0.23773048676622077,439.6311932062347,-910.4762011300018
2017-11-22,1291.331,1289.491,0.7590759075907322,1.8399999999999181,2017-11-23 05:18:00+00:00,2017-11-23 10:34:00+00:00,short,1289.441,1291.567,1291.617,2.1259999999999764,-1.0564440263405248,stop,1.0498588899341466,1.1467544684853723,316,0.23600000000010368,0.01,83965.05461076909,-0.24578343750339404,399.1607224524849,-896.5149826282535
2017-11-29,1285.232,1283.031,0.873759428344588,2.201000000000022,2017-11-30 06:10:00+00:00,2017-11-30 13:00:00+00:00,short,1282.981,1285.423,1280.828,2.4420000000000073,0.8529893529893587,time,1.2772317772317383,0.5520065520065325,410,0.19100000000003092,0.01,84681.26758683065,-0.23935005052681568,343.8372424683409,716.212976061561
2017-11-30,1276.731,1274.711,0.8333333333333334,2.019999999999982,2017-12-01 04:19:00+00:00,2017-12-01 08:33:00+00:00,short,1274.661,1276.979,1277.029,2.3179999999999836,-1.0517687661777202,stop,0.11777394305441767,1.0258843830888464,254,0.2480000000000473,0.01,83790.616463549,-0.24735032911532118,365.3203951114377,-890.6511232816624
2017-12-03,1275.852,1273.898,0.8625027587729862,1.9540000000001783,2017-12-04 06:17:00+00:00,2017-12-04 13:00:00+00:00,short,1273.848,1276.083,1273.8319999999999,2.2350000000001273,-0.0241610738254678,time,1.1673378076061633,0.8966442953020217,403,0.23099999999999454,0.01,83770.37175084643,-0.24753217735795063,374.9020870852091,-20.24471270257265
2017-12-06,1264.081,1262.371,0.7548002648421224,1.709999999999809,2017-12-07 05:23:00+00:00,2017-12-07 13:00:00+00:00,short,1262.3210000000001,1264.317,1256.008,1.9959999999998672,3.127755511022303,time,4.249498997996374,0.3692384769538586,457,0.23600000000010368,0.01,86390.5041698874,-0.22399682356659445,419.6912412367335,2620.13241904097
2017-12-07,1249.469,1247.731,0.7671595674244431,1.7380000000000564,2017-12-08 06:20:00+00:00,2017-12-08 08:21:00+00:00,long,1249.689,1247.731,1247.681,1.9580000000000837,-1.0612870275791364,stop,0.0,1.0510725229825868,121,0.17000000000007276,0.01,85473.65295607217,-0.23223244461168424,441.218100969784,-916.8512138152279
2017-12-10,1249.028,1246.891,0.9432796292209082,2.1369999999999436,2017-12-11 05:03:00+00:00,2017-12-11 13:00:00+00:00,long,1249.288,1246.891,1250.3590000000002,2.3969999999999345,0.4176053400084136,time,0.9303295786399997,0.27075511055491547,477,0.21000000000003638,0.01,85830.59549511698,-0.2290262063015306,356.58595309167504,356.9425390448166
2017-12-11,1244.742,1243.071,0.7375855219598623,1.6710000000000491,2017-12-12 05:03:00+00:00,2017-12-12 08:06:00+00:00,long,1245.0119999999997,1243.071,1243.021,1.9409999999998035,-1.0618238021638158,stop,0.6012364760435287,1.0010303967027063,183,0.2199999999997999,0.01,84919.22580261089,-0.2372125895514663,442.197812957886,-911.3696925060959
2017-12-18,1262.242,1260.211,0.8530029399411899,2.030999999999949,2017-12-19 04:13:00+00:00,2017-12-19 13:00:00+00:00,long,1262.5179999999998,1260.211,1263.318,2.306999999999789,0.31642826181198463,time,1.1677503250977173,0.22410056350232885,527,0.2259999999998854,0.01,85187.93423276229,-0.23479891460726332,368.0937399333275,268.708430151396
2017-12-20,1268.238,1266.302,0.8131037379253138,1.9360000000001492,2017-12-21 05:39:00+00:00,2017-12-21 13:00:00+00:00,short,1266.252,1268.4540000000002,1264.492,2.2020000000002256,0.767484105358682,time,1.095821980018058,0.24841053587646206,441,0.21600000000012187,0.01,85841.73808768214,-0.228926117902842,386.8661863431134,653.803854919858
2017-12-21,1266.282,1264.941,0.5632087358252459,1.3409999999998945,2017-12-22 04:58:00+00:00,2017-12-22 13:00:00+00:00,long,1266.572,1264.941,1268.221,1.6309999999998581,0.968117719190835,time,1.6002452483141352,0.27038626609432365,482,0.2400000000000091,0.01,86672.78716457039,-0.22146121502220673,526.3135382445715,831.0490768882387
2017-12-26,1282.759,1281.588,0.5371559633027592,1.1710000000000491,2017-12-27 04:02:00+00:00,2017-12-27 05:19:00+00:00,short,1281.538,1282.8670000000002,1282.9170000000001,1.3290000000001783,-1.0902934537245588,stop,0.004514672686293971,1.024078254326331,77,0.10800000000017462,0.01,85727.79943995446,-0.2299495724295263,652.1654414188018,-944.9877246159306
2018-01-04,1322.968,1320.639,0.9319727891156664,2.3290000000001783,2018-01-05 05:56:00+00:00,2018-01-05 13:00:00+00:00,short,1320.589,1323.1560000000002,1317.738,2.5670000000002346,1.0833657966496422,time,1.6443319049472604,0.16712115309701914,424,0.18800000000010186,0.01,86656.54509730733,-0.2216071094802734,333.9610418385143,928.7456573528701
2018-01-07,1322.101,1319.648,0.9741858617951004,2.453000000000202,2018-01-08 04:29:00+00:00,2018-01-08 13:00:00+00:00,short,1319.598,1322.307,1318.702,2.70900000000006,0.304909560723492,time,1.7017349575488363,0.6016980435585356,511,0.2059999999999036,0.01,86920.76918830168,-0.2192337151370869,319.88388740238247,264.2240909943545
2018-01-22,1337.178,1334.148,0.7775211701309344,3.0300000000002,2018-01-23 06:12:00+00:00,2018-01-23 13:00:00+00:00,long,1337.4279999999999,1334.148,1336.452,3.2799999999999727,-0.318902439024358,time,0.40060975609758814,0.5759146341463146,408,0.1999999999998181,0.01,86643.57673534146,-0.22172359786259455,265.00234508628785,-277.1924529602267
2018-01-23,1341.911,1339.451,0.6468577438863962,2.4600000000000364,2018-01-24 04:10:00+00:00,2018-01-24 13:00:00+00:00,long,1342.199,1339.451,1352.232,2.7480000000000473,3.625545851528286,time,3.7056040756913453,0.8191411935953193,530,0.2380000000000564,0.01,89784.87933728535,-0.19350683005147828,315.29685857110616,3141.3026019438994
2018-02-06,1330.718,1326.361,0.9617040061803351,4.356999999999971,2018-02-07 06:57:00+00:00,2018-02-07 12:13:00+00:00,long,1330.978,1326.361,1326.3110000000001,4.616999999999962,-1.025990903183876,stop,0.2817847086852808,1.102447476716523,316,0.21000000000003638,0.01,88863.69464285018,-0.20178137660994944,194.46584218602146,-921.1846944351674
2018-02-12,1324.209,1321.661,0.5484877838768606,2.548000000000002,2018-02-13 04:02:00+00:00,2018-02-13 13:00:00+00:00,long,1324.489,1321.661,1328.028,2.8279999999999745,1.2266619519094832,time,2.299151343705803,0.12022630834517277,538,0.2300000000000182,0.01,89953.75177409506,-0.19198993246376794,314.2280574358238,1090.057131244869
2018-02-14,1355.092,1351.169,0.8444731460553075,3.923000000000002,2018-02-15 04:29:00+00:00,2018-02-15 11:19:00+00:00,long,1355.372,1351.169,1351.1190000000001,4.2029999999999745,-1.0285510349750073,stop,0.4061384725196027,1.130858910302209,410,0.2300000000000182,0.01,89028.53152922375,-0.20030072837611412,214.0227260863564,-925.2202448713036
2018-02-18,1351.351,1348.291,0.6514796678731469,3.060000000000173,2018-02-19 04:08:00+00:00,2018-02-19 13:00:00+00:00,short,1348.241,1351.5710000000001,1347.6309999999999,3.3300000000001546,0.16216216216219284,time,0.5222222222222078,0.3456456456456498,532,0.22000000000002728,0.01,89172.90212089279,-0.19900391874645362,267.35294753519406,144.37059166903882
2018-02-19,1343.901,1340.309,0.7647434532680639,3.5920000000000982,2018-02-20 06:00:00+00:00,2018-02-20 13:00:00+00:00,short,1340.259,1344.161,1339.5819999999999,3.9020000000000437,0.15556125064072981,time,0.8833931317273392,0.1588928754484582,420,0.2599999999999909,0.01,89311.62060266468,-0.1977578792248723,228.53127145282366,138.7184817718947
2018-02-21,1326.262,1322.3,0.8245577523412979,3.961999999999989,2018-02-22 06:53:00+00:00,2018-02-22 13:00:00+00:00,short,1322.25,1326.488,1324.1689999999999,4.238000000000056,-0.469325153374196,time,0.26002831524305675,0.627418593676279,367,0.22600000000011278,0.01,88892.45870229024,-0.2015230032886326,210.74002029887563,-419.1619003744361
2018-02-22,1331.092,1328.008,0.6565893123270297,3.08400000000006,2018-02-23 04:02:00+00:00,2018-02-23 12:13:00+00:00,short,1327.958,1331.346,1331.396,3.38799999999992,-1.0354191263282047,stop,0.5782172373081778,1.0224321133412113,491,0.2539999999999054,0.01,87972.04918302332,-0.2097905868319132,262.3744353668605,-920.4095192669138
2018-02-26,1336.699,1332.872,0.823896663078582,3.826999999999998,2018-02-27 04:18:00+00:00,2018-02-27 13:00:00+00:00,short,1332.8220000000001,1336.93,1332.591,4.107999999999947,0.03919182083744498,time,0.2972249269717671,0.5053554040895377,522,0.23099999999999454,0.01,88006.52703092617,-0.20948088937446374,214.1481236198258,34.47784790283948
2018-02-27,1318.969,1316.229,0.6047897583048301,2.740000000000009,2018-02-28 06:55:00+00:00,2018-02-28 13:00:00+00:00,long,1319.2769999999998,1316.229,1320.079,3.0479999999997744,0.24015748031502254,time,0.6699475065617765,0.776246719160083,365,0.2579999999998108,0.01,88217.8812887564,-0.2075823985969767,288.73532490463475,211.35425783023152
2018-02-28,1316.708,1314.579,0.48397363037056884,2.129000000000133,2018-03-01 04:24:00+00:00,2018-03-01 13:00:00+00:00,short,1314.529,1316.862,1306.711,2.3330000000000837,3.321045863694687,time,3.603514787826671,0.38662666095156933,516,0.15399999999999636,0.01,91147.63758633574,-0.18126584662239287,378.13065275933667,2929.756297579334
2018-03-01,1318.311,1315.178,0.7532155307127842,3.132999999999811,2018-03-02 05:50:00+00:00,2018-03-02 13:00:00+00:00,long,1318.6019999999999,1315.178,1321.3010000000002,3.423999999999751,0.7678154205608901,time,1.5645443925235363,0.8539719626168119,430,0.24099999999998545,0.01,91847.48320320058,-0.174979479539361,266.20221257693447,699.8456168648397
2018-03-04,1327.064,1323.851,0.772448611611968,3.2129999999999654,2018-03-05 07:54:00+00:00,2018-03-05 11:40:00+00:00,long,1327.304,1323.851,1323.8010000000002,3.4529999999999745,-1.0347523892267463,stop,0.12974225311319684,1.0095569070373962,226,0.19000000000005457,0.01,90897.08917631082,-0.18351639908643835,265.9932904813242,-950.3940268897525
2018-03-05,1323.048,1321.498,0.39315155358274095,1.5499999999999545,2018-03-06 04:54:00+00:00,2018-03-06 07:10:00+00:00,long,1323.349,1321.498,1321.448,1.8509999999998854,-1.0648298217179697,stop,0.48244192328475655,1.0145867098865724,136,0.25099999999997635,0.01,89929.18986368789,-0.19221055995840275,491.0701738320716,-967.8993126229345
2018-03-06,1336.711,1334.162,0.6578064516128976,2.548999999999978,2018-03-07 04:35:00+00:00,2018-03-07 13:00:00+00:00,short,1334.112,1336.932,1332.1219999999998,2.8199999999999363,0.6808510638298865,time,1.518794326241215,0.47127659574467407,505,0.22100000000000364,0.01,90541.47370956841,-0.18671071696237396,318.89783639606355,612.2838458805174
2018-03-07,1328.059,1325.502,0.6893112279282877,2.5570000000000164,2018-03-08 04:08:00+00:00,2018-03-08 09:06:00+00:00,long,1328.372,1325.502,1325.452,2.8700000000001182,-1.0418118466898778,stop,0.216027874564413,1.0944250871079955,298,0.26300000000014734,0.01,89598.20191029452,-0.19518366106091922,315.4755181517933,-943.2717992738849
2018-03-08,1318.802,1316.818,0.5831006612784438,1.9839999999999236,2018-03-09 06:32:00+00:00,2018-03-09 13:00:00+00:00,long,1319.0849999999998,1316.818,1318.1680000000001,2.2669999999998254,-0.43537715041895236,time,0.7966475518307925,0.5368328187031163,388,0.23299999999994725,0.01,89208.11181199086,-0.19868764750349832,395.22806312439974,-390.0900983036596
2018-03-11,1324.009,1321.181,0.8912700913961784,2.8279999999999745,2018-03-12 04:51:00+00:00,2018-03-12 08:27:00+00:00,long,1324.299,1321.181,1321.131,3.117999999999938,-1.0384862091083888,stop,0.0,1.1581141757536715,216,0.2400000000000091,0.01,88281.69787341735,-0.20700916577605644,286.10683711351066,-926.4139385735168
2018-03-12,1325.292,1322.688,0.8377030722212864,2.6039999999998145,2018-03-13 03:04:00+00:00,2018-03-13 12:00:00+00:00,short,1322.6380000000001,1325.522,1319.182,2.883999999999787,1.1740638002775245,time,1.881414701803245,0.16747572815533388,536,0.2300000000000182,0.01,89318.18133041951,-0.1976989474519144,306.10852244599124,1036.4834570021662
2018-03-14,1327.422,1324.961,0.7917001769342332,2.4610000000000127,2018-03-15 05:14:00+00:00,2018-03-15 07:08:00+00:00,long,1327.7109999999998,1324.961,1324.911,2.7499999999997726,-1.0436363636363506,stop,0.0658181818182845,1.105454545454541,114,0.23899999999980537,0.01,88386.0243107166,-0.20607205298214337,324.7933866560978,-932.157019702912
2018-03-18,1313.112,1310.141,0.9671223958332978,2.9710000000000036,2018-03-19 05:35:00+00:00,2018-03-19 12:00:00+00:00,short,1310.0910000000001,1313.3860000000002,1310.231,3.2950000000000728,-0.06373292867977785,time,0.6552352048558597,0.9471927162366611,385,0.2740000000001146,0.01,88329.69330887977,-0.20657804651438505,268.2428658898776,-56.33100183684013
2018-03-19,1317.392,1315.542,0.6110652353427306,1.8500000000001364,2018-03-20 04:40:00+00:00,2018-03-20 12:00:00+00:00,short,1315.492,1317.582,1312.001,2.0900000000001455,1.636842105263037,time,1.7047846889950367,0.7545454545454011,440,0.19000000000005457,0.01,89775.51092040922,-0.19359098190733204,422.6301115257111,1445.8176115294516
2018-03-26,1353.551,1350.821,0.9415416451112358,2.730000000000018,2018-03-27 03:15:00+00:00,2018-03-27 08:53:00+00:00,long,1353.8049999999998,1350.821,1350.771,2.9839999999999236,-1.040214477211782,stop,0.9996648793566525,1.1306970509382985,338,0.2039999999999509,0.01,88841.65305882427,-0.20197936525907334,300.8562698405212,-933.857861584941
2018-03-27,1346.972,1344.382,0.9303160919539963,2.589999999999918,2018-03-28 04:16:00+00:00,2018-03-28 12:00:00+00:00,short,1344.332,1347.202,1337.151,2.869999999999891,2.477700348432164,time,2.8306620209060394,0.14285714285709758,464,0.2300000000000182,0.01,91042.88300621566,-0.18220680521153676,309.5527981143821,2201.229947391383
2018-04-05,1333.289,1330.308,0.8543995414158689,2.9809999999999945,2018-04-06 03:19:00+00:00,2018-04-06 12:00:00+00:00,short,1330.1390000000001,1333.481,1323.2179999999998,3.341999999999871,2.0499700777978878,time,3.084979054458579,0.14751645721123793,521,0.19200000000000728,0.01,92909.23486580762,-0.16544228942010586,272.42035609281623,1866.3518595919593
2018-04-10,1342.671,1339.721,0.8068927789934591,2.9500000000000455,2018-04-11 06:05:00+00:00,2018-04-11 12:00:00+00:00,long,1342.982,1339.721,1348.6190000000001,3.2609999999999673,1.7071450475315015,time,2.5878564857406205,0.15056731064090476,355,0.26099999999996726,0.01,94495.33026751867,-0.15119517879514888,284.91025717819247,1586.095401711046
2018-04-16,1349.341,1345.921,0.8588648920140307,3.4199999999998454,2018-04-17 03:06:00+00:00,2018-04-17 12:00:00+00:00,short,1345.871,1349.6039999999998,1342.279,3.73299999999972,0.943477096169398,time,1.3230645593357753,0.8652558264131424,534,0.26299999999991996,0.01,95386.87206554234,-0.14318689971589948,253.1350931356168,891.5417980236674
2018-04-17,1346.848,1343.538,0.8312405826217905,3.3099999999999454,2018-04-18 03:26:00+00:00,2018-04-18 08:04:00+00:00,short,1343.488,1347.021,1347.071,3.5329999999999018,-1.033965468440407,stop,0.2793659779224759,1.027738465892997,278,0.17300000000000182,0.01,94400.6047469592,-0.15204605130191085,269.9883160643787,-986.2673185831366
2018-04-18,1351.358,1347.978,0.8944165123048121,3.3799999999998818,2018-04-19 03:00:00+00:00,2018-04-19 09:26:00+00:00,long,1351.6499999999999,1347.978,1345.951,3.671999999999798,-1.5710784313725923,stop,0.8202614379085884,1.8815359477124887,386,0.2419999999999618,0.01,92917.49720669443,-0.1653680728978787,257.08225693617754,-1483.1075402647675
2018-04-22,1334.838,1332.258,0.7056892778993334,2.5799999999999272,2018-04-23 05:30:00+00:00,2018-04-23 07:25:00+00:00,long,1335.138,1332.258,1332.208,2.8799999999998818,-1.0416666666666525,stop,0.09756944444450971,1.0208333333333153,115,0.25,0.01,91949.60661079138,-0.174062155471859,322.6301986343689,-967.8905959030538
2018-04-24,1331.638,1328.268,0.9217724288840092,3.369999999999891,2018-04-25 03:57:00+00:00,2018-04-25 12:00:00+00:00,short,1328.218,1331.9089999999999,1320.942,3.6909999999998035,1.9523164454078707,time,2.1094554321323415,0.15551341099969448,483,0.27099999999995816,0.01,93744.7539021417,-0.1579372351042888,249.11841400920153,1795.147291350323
2018-04-25,1324.619,1321.969,0.7248358862144147,2.6499999999998636,2018-04-26 06:00:00+00:00,2018-04-26 08:50:00+00:00,long,1324.9189999999999,1321.969,1321.919,2.949999999999818,-1.040677966101682,stop,0.5430508474576908,1.0162711864406795,170,0.25,0.01,92769.17290390587,-0.16670039675930504,317.7788267869406,-975.5809982358355
2018-04-29,1324.891,1321.752,0.8786564030791132,3.1390000000001237,2018-04-30 03:07:00+00:00,2018-04-30 12:00:00+00:00,short,1321.702,1325.1440000000002,1313.878,3.4420000000002346,2.2527600232421676,time,2.5685647879137976,0.23213248111560827,533,0.25300000000015643,0.01,94859.03974497746,-0.1479281564236632,269.52112987768606,2089.8668410715964
2018-04-30,1315.232,1312.0,0.9355912577797157,3.231999999999971,2018-05-01 04:08:00+00:00,2018-05-01 12:00:00+00:00,short,1311.95,1315.4579999999999,1308.6589999999999,3.507999999999811,0.9181870011403481,time,1.2063854047891103,0.27023945267956573,472,0.2259999999998854,0.01,95730.0231173224,-0.14010454351556834,270.4077529788557,870.9833723449395
2018-05-03,1314.389,1311.281,0.9141176470588447,3.1079999999999472,2018-05-04 06:14:00+00:00,2018-05-04 12:00:00+00:00,short,1311.231,1314.6299999999999,1311.6009999999999,3.3989999999998872,-0.12944983818767444,time,0.7149161518093982,0.441600470726692,346,0.24099999999998545,0.01,95606.10075730001,-0.14121767679257047,281.64172732369985,-123.92236002239719
2018-05-10,1322.101,1319.381,0.7214854111405943,2.7200000000000273,2018-05-11 03:01:00+00:00,2018-05-11 08:01:00+00:00,short,1319.3310000000001,1322.309,1322.359,2.977999999999838,-1.0402955003357828,stop,0.23136333109473325,1.0167897918065671,300,0.2079999999998563,0.01,94611.51479307533,-0.15015155065857644,321.0413054308435,-994.5859642246868
2018-05-13,1322.311,1319.718,0.762647058823515,2.592999999999847,2018-05-14 04:05:00+00:00,2018-05-14 12:00:00+00:00,short,1319.6680000000001,1322.521,1319.072,2.852999999999838,0.18436733263240826,time,0.4090431125132176,0.8145811426568432,475,0.21000000000003638,0.01,94785.94751926244,-0.14858470774110777,331.62115244683037,174.43272618710935
2018-05-14,1314.819,1313.179,0.48592592592590456,1.6399999999998727,2018-05-15 04:15:00+00:00,2018-05-15 12:00:00+00:00,short,1313.1290000000001,1315.039,1307.1789999999999,1.9099999999998545,3.07853403141399,time,3.558638743455782,0.3031413612565419,465,0.22000000000002728,0.01,97703.96517064114,-0.12237359822025484,496.26150533649036,2918.0176513786987
2018-05-15,1294.609,1291.278,0.9973053892215524,3.3309999999999036,2018-05-16 03:54:00+00:00,2018-05-16 09:20:00+00:00,long,1294.848,1291.278,1291.228,3.5699999999999363,-1.0336134453781392,stop,0.5549019607843221,1.03333333333331,326,0.18900000000007822,0.01,96694.08384996981,-0.13144486270923872,273.68057470768315,-1009.881320671321
2018-05-17,1290.368,1287.759,0.778689747798837,2.6089999999999236,2018-05-18 06:10:00+00:00,2018-05-18 09:16:00+00:00,long,1290.612,1287.759,1287.709,2.8530000000000655,-1.0420609884332113,stop,0.17139852786541238,1.048019628461248,186,0.19400000000018736,0.01,95686.47252404637,-0.14049573695797835,338.92072853125694,-1007.6113259234336
2018-05-20,1291.148,1288.661,0.7578851135151303,2.4869999999998527,2018-05-21 03:08:00+00:00,2018-05-21 12:00:00+00:00,short,1288.611,1291.387,1285.1789999999999,2.77599999999984,1.211095100864711,time,2.2802593659944237,0.3198847262247735,532,0.23900000000003274,0.01,96845.32670497536,-0.13008632293655298,344.69190390508606,1158.8541809289834
2018-05-23,1295.861,1293.708,0.6561023921987083,2.15300000000002,2018-05-24 05:25:00+00:00,2018-05-24 05:45:00+00:00,long,1296.0900000000001,1293.708,1293.6580000000001,2.382000000000062,-1.0503778337531282,stop,0.0004198152811708453,1.0037783375314921,20,0.1790000000000873,0.01,95828.0848602405,-0.1392237033732142,406.5714807093739,-1017.24184473486
2018-05-27,1299.739,1297.258,0.756056681395716,2.4809999999999945,2018-05-28 05:54:00+00:00,2018-05-28 12:00:00+00:00,short,1297.208,1299.999,1299.292,2.79099999999994,-0.7717663919741594,time,0.5514152633464781,0.8111787889645091,366,0.2599999999999909,0.01,95088.51590721669,-0.14586688554065963,343.34677484859395,-739.5689530238138
2018-05-31,1300.521,1297.868,0.7851435335898473,2.65300000000002,2018-06-01 03:00:00+00:00,2018-06-01 12:00:00+00:00,short,1297.818,1300.792,1295.2179999999998,2.9739999999999327,0.8507061197041674,time,1.1149966375252542,0.8352387357094754,540,0.27099999999995816,0.01,95897.43973117525,-0.13860072286553415,319.73273674249776,808.923823958563
2018-06-03,1294.021,1291.958,0.6105356614382753,2.0629999999998745,2018-06-04 04:49:00+00:00,2018-06-04 07:25:00+00:00,short,1291.9080000000001,1294.235,1294.2849999999999,2.326999999999771,-1.0515685431886403,stop,0.6489041684573988,1.0025784271594698,156,0.2139999999999418,0.01,94889.01242123893,-0.14765892669513447,412.1076052049192,-1008.427309936324
2018-06-04,1292.638,1290.768,0.5784996133023711,1.8699999999998909,2018-06-05 05:10:00+00:00,2018-06-05 06:57:00+00:00,short,1290.718,1292.8649999999998,1292.9149999999997,2.146999999999707,-1.0558919422449793,stop,0.3539823008849998,1.119236143456147,107,0.22699999999986176,0.01,93887.08698500723,-0.15665872740860498,441.9609334944195,-1001.9254362316995
2018-06-05,1298.191,1296.718,0.5032456440040812,1.4729999999999563,2018-06-06 04:19:00+00:00,2018-06-06 05:45:00+00:00,short,1296.6680000000001,1298.442,1298.492,1.7739999999998872,-1.0676437429537555,stop,0.04340473506213667,1.0264937993235785,86,0.25099999999997635,0.01,92884.70737537026,-0.16566260773717356,529.2394982244261,-1002.3796096369796
2018-06-06,1297.648,1295.508,0.7965754699422497,2.1399999999998727,2018-06-07 05:09:00+00:00,2018-06-07 12:00:00+00:00,long,1297.9389999999999,1295.508,1299.6280000000002,2.4309999999998126,0.6659810777459606,time,0.7194570135748194,0.5758946935417406,411,0.24099999999998545,0.01,93503.30195060992,-0.16010607858014403,382.0843577761309,618.5945752396726
2018-06-07,1297.501,1296.318,0.4496389205625258,1.1829999999999927,2018-06-08 03:09:00+00:00,2018-06-08 07:55:00+00:00,short,1296.268,1297.722,1297.772,1.4539999999999509,-1.0825309491058863,stop,1.9305364511692649,2.2916093535075603,286,0.22100000000000364,0.01,92491.09976855865,-0.16919819021917304,643.0763545434187,-1012.2021820512803
2018-06-12,1296.039,1294.641,0.5071648830037633,1.3979999999999109,2018-06-13 05:05:00+00:00,2018-06-13 12:00:00+00:00,short,1294.5910000000001,1296.283,1294.171,1.69199999999978,0.20685579196224485,time,1.7192671394801915,0.8280141843971762,415,0.2439999999999145,0.01,92682.42296547949,-0.16747962855591425,546.6377054880064,191.323196920842
2018-06-13,1300.008,1297.488,0.9578107183580421,2.519999999999982,2018-06-14 05:07:00+00:00,2018-06-14 12:00:00+00:00,long,1300.322,1297.488,1303.208,2.8339999999998327,0.9936485532817082,time,1.9371912491179721,0.36097388849681417,413,0.2639999999998963,0.01,93603.36052042241,-0.15920730192928456,327.0374839995941,920.9375549429207
2018-06-21,1269.122,1266.688,0.8571931678111759,2.433999999999969,2018-06-22 05:58:00+00:00,2018-06-22 12:00:00+00:00,long,1269.425,1266.688,1269.6190000000001,2.7369999999998527,0.045305078553231286,time,0.6287906466934952,0.6127146510778215,362,0.25299999999992906,0.01,93645.76759643466,-0.15882638013695383,341.9925484853031,42.40707601224165
2018-06-27,1254.078,1252.058,0.7113928508539777,2.019999999999982,2018-06-28 04:59:00+00:00,2018-06-28 12:00:00+00:00,short,1252.008,1254.3300000000002,1252.552,2.3220000000001164,-0.2644272179155204,time,1.4939707149008945,0.6033591731266137,421,0.2520000000001801,0.01,93398.14269848377,-0.1610506721377969,403.29787939892316,-247.62489795088604
2018-07-04,1258.139,1255.358,0.9001456546366434,2.780999999999949,2018-07-05 04:36:00+00:00,2018-07-05 12:00:00+00:00,short,1255.308,1258.3719999999998,1254.001,3.063999999999851,0.40372062663187874,time,1.2555483028721173,0.722584856396883,444,0.23299999999994725,0.01,93775.21026544862,-0.15766366065422777,304.82422551725955,377.067566964855
2018-07-09,1260.309,1257.688,0.8294303797468018,2.620999999999867,2018-07-10 05:39:00+00:00,2018-07-10 12:00:00+00:00,short,1257.6380000000001,1260.5279999999998,1248.821,2.8899999999996453,3.0266435986163693,time,3.5013840830454614,0.1837370242214582,381,0.21899999999982356,0.01,96613.45166403687,-0.13216914176059935,324.4816964202773,2838.2413985882413
2018-07-11,1243.829,1241.258,0.7911986459455004,2.5709999999999127,2018-07-12 03:54:00+00:00,2018-07-12 12:00:00+00:00,long,1244.1209999999999,1241.258,1244.419,2.862999999999829,0.0796367446735043,time,0.7743625567587253,0.6611945511700715,486,0.2419999999999618,0.01,96690.39147185882,-0.13147802951582532,337.4552974643473,76.93980782194853
2018-07-12,1248.058,1245.858,0.677027234959236,2.2000000000000455,2018-07-13 03:39:00+00:00,2018-07-13 12:00:00+00:00,short,1245.808,1248.3120000000001,1238.1879999999999,2.504000000000133,3.0151757188497275,time,3.1230031948879877,0.38458466453670703,501,0.2540000000001328,0.01,99605.77667797905,-0.1052905659489114,386.1437359099588,2915.3852061202347
2018-07-17,1229.118,1226.608,0.7490301402566373,2.509999999999991,2018-07-18 04:56:00+00:00,2018-07-18 12:00:00+00:00,short,1226.558,1229.32,1222.932,2.7619999999999436,1.287472845763957,time,1.9174511223751474,0.4058653149891808,424,0.20199999999999818,0.01,100888.17400552033,-0.09377142493701518,360.6291697247686,1282.3973275412689
2018-07-24,1227.392,1224.538,0.7518440463646181,2.854000000000042,2018-07-25 03:06:00+00:00,2018-07-25 06:37:00+00:00,short,1224.488,1227.602,1227.652,3.1140000000000327,-1.0385356454720467,stop,0.3362235067437426,1.0735388567757906,211,0.21000000000003638,0.01,99840.41435640713,-0.10318293171849768,323.9825754833631,-1047.7596491131922
2018-07-26,1224.532,1222.068,0.6491043203371928,2.463999999999942,2018-07-27 03:27:00+00:00,2018-07-27 08:21:00+00:00,long,1224.7549999999999,1222.068,1222.018,2.686999999999898,-1.0446594715295716,stop,0.20357275772238415,1.61034611090433,294,0.17300000000000182,0.01,98797.42201141854,-0.1125516161645943,371.5683452043577,-1042.9923449885773
2018-07-30,1223.298,1220.279,0.7910389099960672,3.0190000000000055,2018-07-31 04:03:00+00:00,2018-07-31 12:00:00+00:00,short,1220.229,1223.521,1220.472,3.2919999999999163,-0.09507897934384754,time,0.7442284325638238,0.8511543134872352,477,0.22299999999995634,0.01,98703.48643095205,-0.11339539303014856,300.1136756118501,-93.93558046649052
2018-07-31,1224.691,1220.918,0.9939409905163863,3.7730000000001382,2018-08-01 04:56:00+00:00,2018-08-01 12:00:00+00:00,short,1220.868,1224.924,1222.6409999999998,4.05600000000004,-0.45438856015776447,time,0.1698717948717564,0.9992603550296033,424,0.23299999999994725,0.01,98254.98908013293,-0.11742402293805121,243.35179100333104,-448.4973508191174
2018-08-06,1209.969,1207.759,0.5790645879732805,2.2100000000000364,2018-08-07 03:00:00+00:00,2018-08-07 12:00:00+00:00,long,1210.272,1207.759,1215.098,2.51299999999992,1.892558694787176,time,2.3227218463987964,0.4512534818941706,540,0.25299999999992906,0.01,100114.52241903117,-0.10072075454606255,390.98682483142085,1859.533338898246
2018-08-07,1214.058,1210.829,0.8460631468623151,3.229000000000042,2018-08-08 05:14:00+00:00,2018-08-08 10:46:00+00:00,long,1214.336,1210.829,1210.779,3.507000000000062,-1.034217279726248,stop,0.41773595665808166,1.0935272312517732,332,0.22800000000006548,0.01,99079.12072865815,-0.1100212558955389,285.4705515227528,-1035.401690373029
2018-08-08,1215.539,1212.268,0.8636303630362874,3.270999999999958,2018-08-09 06:06:00+00:00,2018-08-09 07:05:00+00:00,long,1215.8229999999999,1212.268,1212.218,3.5549999999998363,-1.033755274261592,stop,0.206751054852366,1.0447257383966562,59,0.2339999999999236,0.01,98054.88509243363,-0.11922145810252593,278.70357448287683,-1024.235636224514
2018-08-09,1213.349,1211.638,0.4517491749174924,1.7110000000000127,2018-08-10 03:05:00+00:00,2018-08-10 11:53:00+00:00,short,1211.588,1213.572,1213.6219999999998,1.9839999999999236,-1.0604838709677213,stop,2.857358870967786,1.2772177419355861,528,0.22299999999995634,0.01,97015.02885133243,-0.12856197247829337,494.22825147397884,-1039.8562411011912
2018-08-19,1186.568,1182.878,0.9468822170900716,3.6900000000000546,2018-08-20 04:30:00+00:00,2018-08-20 12:00:00+00:00,long,1186.8600000000001,1182.878,1186.251,3.9820000000001983,-0.17051732797592095,time,0.7162230035157509,0.41160220994476193,450,0.24200000000018917,0.01,96849.60141640007,-0.13004792531778953,243.63392478987342,-165.42743493236085
2018-08-20,1194.679,1191.058,0.9291762894534384,3.6210000000000946,2018-08-21 04:41:00+00:00,2018-08-21 12:00:00+00:00,long,1194.983,1191.058,1192.518,3.9249999999999545,-0.6458598726114515,time,0.3403821656051027,0.7286624203821486,439,0.2539999999999054,0.01,96224.08870406741,-0.13566659667911263,246.7505768570731,-625.51271233266
2018-08-21,1197.762,1194.592,0.8290833006407162,3.1699999999998454,2018-08-22 06:07:00+00:00,2018-08-22 09:18:00+00:00,short,1194.5420000000001,1197.991,1198.041,3.4489999999998417,-1.034792693534346,stop,0.5143519860829794,1.0495795882864765,191,0.22900000000004184,0.01,95228.36886473771,-0.14461065558445396,278.9912690753025,-995.7198393296976
2018-08-28,1204.139,1201.648,0.6235294117647016,2.4909999999999854,2018-08-29 03:20:00+00:00,2018-08-29 06:39:00+00:00,long,1204.4289999999999,1201.648,1201.598,2.780999999999949,-1.0431499460625517,stop,0.10427903631794186,1.0395541172239848,199,0.2400000000000091,0.01,94234.99418628895,-0.15353364906934952,342.4249150116485,-993.3746784487594
2018-08-29,1207.198,1204.478,0.6808510638297933,2.7200000000000273,2018-08-30 03:08:00+00:00,2018-08-30 12:00:00+00:00,short,1204.428,1207.44,1204.331,3.0119999999999436,0.008964143426363832,time,1.2616201859230587,0.3761620185922417,532,0.2419999999999618,0.01,94243.44154632564,-0.15345777061159616,312.8651865414698,8.447360036684561
2018-09-03,1201.969,1199.068,0.7144440339859706,2.9010000000000673,2018-09-04 04:25:00+00:00,2018-09-04 12:00:00+00:00,short,1199.018,1202.21,1194.341,3.1920000000000073,1.4432957393484098,time,2.236842105263184,0.740601503759407,455,0.24099999999998545,0.01,95603.65312277907,-0.14123966268304833,295.248877024829,1360.2115764534271
2018-09-05,1199.889,1196.978,0.7169067848786596,2.910999999999831,2018-09-06 05:03:00+00:00,2018-09-06 08:05:00+00:00,short,1196.928,1200.103,1200.153,3.1749999999999545,-1.0377952755905373,stop,0.298267716535474,1.056377952755862,182,0.21400000000016917,0.01,94611.48292737891,-0.15015183689236888,301.1138681032455,-992.1701954001664
2018-09-06,1203.481,1200.779,0.6654352912202849,2.701999999999998,2018-09-07 03:36:00+00:00,2018-09-07 12:00:00+00:00,short,1200.729,1203.731,1201.539,3.0019999999999527,-0.29313790806127893,time,0.7554963357761708,0.580612924716844,504,0.25,0.01,94334.14080553984,-0.15264306401939987,315.1615020898747,-277.3421218390726
2018-09-09,1196.281,1193.999,0.5619997537248859,2.2819999999999254,2018-09-10 04:01:00+00:00,2018-09-10 12:00:00+00:00,short,1193.949,1196.533,1192.9289999999999,2.5839999999998327,0.36764705882363413,time,0.828560371517111,0.8989938080495418,479,0.2519999999999527,0.01,94680.95749967794,-0.1495277811665292,365.07020435582797,346.8166941381129
2018-09-10,1196.178,1193.018,0.8292874950793971,3.160000000000082,2018-09-11 06:29:00+00:00,2018-09-11 12:00:00+00:00,long,1196.452,1193.018,1194.1480000000001,3.433999999999969,-0.6913220733837744,time,0.18928363424580572,0.9912638322655873,331,0.2239999999999327,0.01,94026.40714119155,-0.15540728334332177,275.7162419909109,-654.5503584863839
2018-09-12,1207.191,1204.042,0.8521174401299099,3.1490000000001146,2018-09-13 05:52:00+00:00,2018-09-13 08:36:00+00:00,short,1203.992,1207.325,1207.375,3.3330000000000837,-1.0360036003600215,stop,0.13831383138313866,1.0321032103210226,164,0.13400000000001455,0.01,93052.29017791964,-0.16415729429626336,282.10743216678424,-974.1169632719168
2018-09-13,1204.669,1202.018,0.7252085897962012,2.6510000000000673,2018-09-14 03:02:00+00:00,2018-09-14 12:00:00+00:00,long,1204.942,1202.018,1204.508,2.923999999999978,-0.1723666210670222,time,1.2209302325581268,0.2749658002736297,538,0.22000000000002728,0.005,92972.09463371706,-0.1648776512108917,159.1181432590977,-80.19554420258034
2018-09-16,1195.342,1192.758,0.7610072154322141,2.58400000000006,2018-09-17 03:01:00+00:00,2018-09-17 12:00:00+00:00,long,1195.593,1192.758,1197.458,2.8350000000000364,0.6331569664902948,time,1.0846560846560065,0.5626102292768983,539,0.20100000000002183,0.005,93266.42428074972,-0.16223383354585397,163.97194820761177,294.3296470326646
2018-09-17,1199.579,1197.008,0.8123222748814983,2.5709999999999127,2018-09-18 03:14:00+00:00,2018-09-18 07:05:00+00:00,long,1199.859,1197.008,1196.958,2.8509999999998854,-1.0420904945632967,stop,0.30866362679766557,1.1508242721852266,231,0.2300000000000182,0.005,92780.46400972534,-0.16659897433949689,163.56791350535508,-485.9602710243837
2018-09-18,1199.881,1198.129,0.5553970518307578,1.75200000000018,2018-09-19 03:18:00+00:00,2018-09-19 12:00:00+00:00,long,1200.171,1198.129,1202.808,2.0420000000001437,1.2571008814886204,time,2.164544564152563,0.22135161606266718,522,0.2400000000000091,0.005,93363.63602518309,-0.16136062851954014,227.1803722079305,583.1720154577448
2018-09-20,1209.991,1207.058,0.9679867986798742,2.9329999999999927,2018-09-21 06:46:00+00:00,2018-09-21 10:10:00+00:00,long,1210.223,1207.058,1207.008,3.1649999999999636,-1.037914691943114,stop,0.2492890995260652,1.2398104265402916,204,0.18200000000001637,0.005,92879.11857756425,-0.16571280914404773,147.49389577438257,-484.51744761883464
2018-09-23,1198.228,1195.818,0.8247775496235984,2.410000000000082,2018-09-24 03:00:00+00:00,2018-09-24 07:16:00+00:00,short,1195.768,1198.441,1198.491,2.673000000000002,-1.0448933782266945,stop,0.42536475869807067,1.0078563411896588,256,0.21299999999996544,0.005,92393.87469767811,-0.17007151495037143,173.7357249860909,-485.24387988614427
2018-09-24,1199.418,1197.078,0.805230557467295,2.339999999999918,2018-09-25 06:19:00+00:00,2018-09-25 12:00:00+00:00,long,1199.6999999999998,1197.078,1201.238,2.6219999999998436,0.5598779557590868,time,0.8348588863463802,0.5423340961097952,341,0.2319999999999709,0.005,92652.5211661301,-0.16774822163219227,176.18969240595655,258.6464684519862
2018-09-25,1202.069,1199.868,0.783134673545627,2.201000000000022,2018-09-26 03:09:00+00:00,2018-09-26 06:58:00+00:00,long,1202.301,1199.868,1199.818,2.4329999999999927,-1.049321824907503,stop,0.05219893136053451,1.0653514180024162,229,0.18200000000001637,0.005,92166.40960316847,-0.17211472140648942,190.40797609151332,-486.1115629616234
2018-09-26,1197.608,1195.339,0.8073296566447135,2.2690000000000055,2018-09-27 03:01:00+00:00,2018-09-27 05:52:00+00:00,long,1197.9519999999998,1195.339,1195.289,2.612999999999829,-1.0459242250286882,stop,0.2131649445083353,1.034443168771498,171,0.29399999999986903,0.005,91684.41420047912,-0.17644424774861733,176.36128894599025,-481.99540268935317
2018-09-27,1185.068,1182.949,0.7563805104407959,2.1189999999999145,2018-09-28 03:46:00+00:00,2018-09-28 06:12:00+00:00,long,1185.358,1182.949,1182.8990000000001,2.408999999999878,-1.0498132004981156,stop,0.04566210045667617,1.0917393109173992,146,0.2400000000000091,0.005,91203.15665894112,-0.18076714624891554,190.29558779676995,-481.2575415379993
2018-10-03,1198.868,1196.371,0.9329348029141838,2.4969999999998436,2018-10-04 03:13:00+00:00,2018-10-04 07:01:00+00:00,short,1196.3210000000001,1199.112,1199.162,2.79099999999994,-1.0429953421712495,stop,0.04657828735224362,1.0214976710856134,228,0.24400000000014188,0.005,90727.53432100818,-0.18503942650199579,163.38795531878017,-475.62233793295184
2018-10-04,1200.109,1197.779,0.8901623686723479,2.3299999999999272,2018-10-05 05:08:00+00:00,2018-10-05 09:28:00+00:00,short,1197.729,1200.37,1200.4199999999998,2.640999999999849,-1.0454373343430372,stop,0.12154486936772374,1.0041650889815203,260,0.26099999999996726,0.005,90253.28456284782,-0.1892993775497579,171.76738796102492,-474.24975816035607
2018-10-08,1191.139,1189.128,0.7682903533906087,2.0109999999999673,2018-10-09 03:40:00+00:00,2018-10-09 07:16:00+00:00,long,1191.369,1189.128,1189.078,2.2409999999999854,-1.0535475234270215,stop,0.20928157072737794,1.0298973672467682,216,0.18000000000006366,0.005,89777.85394068611,-0.1935699357148738,201.36832789569036,-475.4306221617128
2018-10-14,1221.712,1219.199,0.9749757516973553,2.51299999999992,2018-10-15 03:49:00+00:00,2018-10-15 12:00:00+00:00,long,1221.955,1219.199,1228.8690000000001,2.755999999999858,2.4833091436867076,time,4.0939767779393,0.26269956458634613,491,0.19299999999998363,0.005,90892.58476864349,-0.18355685995295834,162.87709350633298,1114.7308279573776
2018-10-17,1223.748,1221.468,0.8458542014468694,2.2799999999999727,2018-10-18 03:48:00+00:00,2018-10-18 06:07:00+00:00,long,1224.028,1221.468,1221.4180000000001,2.5599999999999454,-1.0468749999999831,stop,0.028515625000036845,1.1484375000000457,139,0.2300000000000182,0.005,90416.81889524513,-0.18783042951414186,177.5245796262606,-475.76587339836055
2018-10-22,1224.432,1221.868,0.9512149879429234,2.564000000000078,2018-10-23 05:27:00+00:00,2018-10-23 12:00:00+00:00,long,1224.752,1221.868,1236.701,2.8840000000000146,4.118932038834955,time,4.712205270457725,0.3124133148404422,393,0.2699999999999818,0.005,92278.92255623094,-0.1711040731899368,156.755927349592,1862.1036609858147
2018-10-25,1232.482,1230.008,0.8897680273331654,2.4739999999999327,2018-10-26 03:39:00+00:00,2018-10-26 12:00:00+00:00,long,1232.6929999999998,1230.008,1235.259,2.684999999999718,0.9296089385476799,time,2.1668528864062653,0.5828677839850993,501,0.16099999999983083,0.01,93136.75566870916,-0.16339858256305284,343.6831380120694,857.833112478214
2018-10-31,1217.99,1215.79,0.7811113083614524,2.2000000000000455,2018-11-01 03:44:00+00:00,2018-11-01 12:00:00+00:00,long,1218.317,1215.79,1224.9080000000001,2.5270000000000437,2.5805302730510524,time,3.324495449149158,0.34982192322912514,496,0.27700000000004366,0.01,95540.17784407779,-0.14180982972131828,368.5665044270184,2403.422175368632
2018-11-04,1234.048,1231.478,0.8592443998662483,2.5699999999999363,2018-11-05 05:44:00+00:00,2018-11-05 08:21:00+00:00,short,1231.428,1234.3120000000001,1234.362,2.8840000000000146,-1.0416088765603169,stop,0.20908460471569432,1.014909847434082,157,0.2640000000001237,0.01,94545.02287097236,-0.15074881471270907,331.2766222055385,-995.1549731054274
2018-11-05,1231.378,1228.895,0.8815906266642749,2.4829999999999472,2018-11-06 04:12:00+00:00,2018-11-06 07:57:00+00:00,short,1228.845,1231.6680000000001,1231.718,2.8230000000000928,-1.0425079702444033,stop,0.0,1.0343606092808986,225,0.290000000000191,0.01,93559.38347207308,-0.15960232600672408,334.90975157977067,-985.6393988992809
2018-11-11,1211.395,1208.868,0.8448679371447864,2.5270000000000437,2018-11-12 05:18:00+00:00,2018-11-12 13:00:00+00:00,short,1208.818,1211.702,1206.742,2.8840000000000146,0.6955617198335686,time,1.6213592233009386,0.1782246879334678,462,0.30700000000001637,0.01,94210.14672881711,-0.15375684149205526,324.4084031625264,650.7632567440351
2018-11-12,1205.115,1202.715,0.8024072216650293,2.400000000000091,2018-11-13 06:33:00+00:00,2018-11-13 13:00:00+00:00,short,1202.665,1205.402,1200.6019999999999,2.73700000000008,0.7281695286810536,time,2.2480818414321666,0.7113628059919838,387,0.28700000000003456,0.01,94896.15631022207,-0.14759475667325228,344.2095240365888,686.0095814049565
2018-11-13,1204.505,1201.545,0.9981453380542583,2.9600000000000364,2018-11-14 06:01:00+00:00,2018-11-14 13:00:00+00:00,short,1201.4950000000001,1204.772,1201.345,3.2769999999998163,0.024412572474853657,time,1.11687519072331,0.7476350320414877,419,0.2669999999998254,0.01,94919.32290315715,-0.14738666262544564,289.58241168821297,23.166592935083376
2018-11-14,1210.878,1208.205,0.9295774647887001,2.673000000000002,2018-11-15 04:23:00+00:00,2018-11-15 13:00:00+00:00,long,1211.225,1208.205,1210.248,3.019999999999982,-0.34668874172181063,time,1.7062913907284938,0.8642384105959986,517,0.29700000000002547,0.01,94590.24829693334,-0.15034257707654186,314.3023937190653,-329.07460622381797
2018-11-19,1222.868,1221.255,0.5729000177587424,1.612999999999829,2018-11-20 04:12:00+00:00,2018-11-20 06:07:00+00:00,short,1221.2050000000002,1223.175,1223.225,1.9699999999998,-1.0609137055837394,stop,0.0,1.0761421319797493,115,0.30700000000001637,0.01,93586.72738860548,-0.1593567091268464,480.1535446545327,-1003.5209083278555
2018-11-20,1221.808,1219.725,0.7398330669507966,2.0830000000000837,2018-11-21 06:08:00+00:00,2018-11-21 13:00:00+00:00,long,1222.0949999999998,1219.725,1224.005,2.369999999999891,0.7763713080170438,time,1.3852320675106669,0.3658227848100314,412,0.23699999999985266,0.01,94313.30788816273,-0.15283019581373702,394.88070628105396,726.5804995572613
2018-11-22,1228.175,1226.225,0.6842105263157999,1.9500000000000455,2018-11-23 04:26:00+00:00,2018-11-23 06:52:00+00:00,long,1228.5349999999999,1226.225,1226.175,2.3099999999999454,-1.0519480519480333,stop,0.0,1.0129870129870016,146,0.30999999999994543,0.01,93321.18088310545,-0.16174198206556645,408.2827181305842,-992.1270050572787
2018-11-25,1224.845,1222.175,0.9368421052631759,2.6700000000000728,2018-11-26 05:10:00+00:00,2018-11-26 13:00:00+00:00,long,1225.182,1222.175,1225.095,3.007000000000062,-0.05221150648486394,time,0.9231792484203559,0.2517459261722801,470,0.28700000000003456,0.01,93272.45648869692,-0.1621796492049602,310.34646120087643,-48.72439440853421
2018-11-26,1223.258,1220.95,0.8372936695084096,2.3079999999999927,2018-11-27 06:42:00+00:00,2018-11-27 10:26:00+00:00,short,1220.9,1223.565,1223.615,2.6649999999999636,-1.0450281425891017,stop,0.43452157598504504,1.6067542213883617,224,0.30700000000001637,0.01,92297.73306910586,-0.1709351076551071,349.99045586753545,-974.7234195910576
2018-11-27,1215.325,1213.685,0.6138873292158252,1.6400000000001,2018-11-28 05:50:00+00:00,2018-11-28 12:01:00+00:00,short,1213.635,1215.5720000000001,1215.622,1.9370000000001255,-1.061951471347417,stop,0.5369127516777987,1.0583376355187515,371,0.24700000000007094,0.01,91317.57593475818,-0.17973937447778854,476.4983638053685,-980.1571343476811
2018-12-05,1240.748,1238.595,0.8039581777445938,2.15300000000002,2018-12-06 06:10:00+00:00,2018-12-06 13:00:00+00:00,short,1238.545,1241.048,1236.595,2.502999999999929,0.7510986815821409,time,1.4314822213344727,0.2944466640031456,410,0.2999999999999545,0.01,92003.46104365692,-0.17357840773395372,364.832504733363,685.8851088987391
2018-12-06,1240.508,1238.065,0.9144675276061949,2.4429999999999836,2018-12-07 07:11:00+00:00,2018-12-07 08:08:00+00:00,short,1238.015,1240.775,1240.825,2.759999999999991,-1.0434782608695488,stop,0.0,1.1557971014492165,57,0.26700000000005275,0.01,91043.42492841878,-0.18220193739238189,333.34587334658414,-960.036115238144
2018-12-10,1246.215,1244.165,0.7673591615197177,2.0499999999999545,2018-12-11 04:27:00+00:00,2018-12-11 13:00:00+00:00,long,1246.5949999999998,1244.165,1246.185,2.4299999999998363,-0.19753086419748428,time,1.1646090534980844,0.4279835390945705,513,0.32999999999992724,0.01,90863.5860643627,-0.18381734097284097,374.66430011697497,-179.83886405609346
2018-12-11,1246.035,1243.938,0.7849522740033504,2.09699999999998,2018-12-12 05:44:00+00:00,2018-12-12 13:00:00+00:00,short,1243.8880000000001,1246.342,1245.022,2.453999999999951,-0.4906275468621888,time,0.6735941320294542,0.8321108394457853,436,0.30700000000001637,0.01,90417.7842810641,-0.1878217579307404,370.26726187597603,-445.8017832985963
2018-12-12,1245.385,1244.0,0.5417563074515844,1.384999999999991,2018-12-13 06:05:00+00:00,2018-12-13 10:35:00+00:00,long,1245.725,1244.0,1243.95,1.724999999999909,-1.0695652173912817,stop,0.546666666666686,1.1246376811593795,270,0.2899999999999636,0.01,89450.70711005796,-0.1965085339111331,524.1610682960514,-967.0771710061434
2018-12-13,1242.948,1241.598,0.5683014102294857,1.3500000000001364,2018-12-14 04:20:00+00:00,2018-12-14 13:00:00+00:00,short,1241.548,1243.262,1238.242,1.7139999999999418,1.8879813302217912,time,2.2963827304551083,0.3348891481914169,520,0.31399999999985084,0.01,91139.51976004723,-0.18133876504144997,521.8827719373454,1688.8126499892708
2018-12-16,1238.025,1236.245,0.7980273481283098,1.7800000000002,2018-12-17 07:19:00+00:00,2018-12-17 13:00:00+00:00,long,1238.312,1236.245,1239.765,2.0670000000000073,0.6690856313498776,time,0.9172714078375321,0.37590711175607816,341,0.23699999999985266,0.01,91749.32119124298,-0.17586122034891094,440.9265590713445,609.8014311957585
2018-12-20,1261.648,1259.855,0.754788465586151,1.7929999999998927,2018-12-21 04:06:00+00:00,2018-12-21 07:38:00+00:00,short,1259.805,1261.9579999999999,1262.0079999999998,2.1529999999997926,-1.0557361820715123,stop,0.41802136553654323,1.0032512772875348,212,0.30999999999994543,0.01,90780.69041062203,-0.18456195163617006,426.14640590456025,-968.6307806209577
2018-12-30,1279.758,1277.365,0.8895910780669073,2.393000000000029,2018-12-31 06:43:00+00:00,2018-12-31 13:00:00+00:00,long,1280.155,1277.365,1283.828,2.7899999999999636,1.2913978494623832,time,1.3774193548387543,0.3358422939067779,377,0.34699999999998,0.005,91366.86035246697,-0.1792966769260358,162.68940933803444,586.1699418449384
2019-01-14,1293.325,1290.848,0.635943517329936,2.477000000000089,2019-01-15 05:11:00+00:00,2019-01-15 13:00:00+00:00,short,1290.798,1293.6290000000001,1291.125,2.831000000000131,-0.14023313316848457,time,1.0688802543270672,0.5358530554574293,469,0.3040000000000873,0.01,91238.73374151703,-0.1804475749100003,322.7370552895187,-128.12661094993834
2019-01-15,1291.098,1288.295,0.7196405648266744,2.8029999999998836,2019-01-16 05:50:00+00:00,2019-01-16 12:00:00+00:00,long,1291.475,1288.295,1288.2450000000001,3.1799999999998363,-1.0377358490565913,stop,0.37201257861636905,1.0503144654088334,370,0.3269999999999982,0.01,90291.91669325602,-0.18895236422697193,286.9142570488105,-946.8170482610145
2019-01-16,1295.318,1291.885,0.8813863928112988,3.4329999999999927,2019-01-17 04:05:00+00:00,2019-01-17 13:00:00+00:00,short,1291.835,1295.635,1294.1219999999998,3.7999999999999545,-0.6202631578946934,time,0.08421052631577373,0.8894736842105059,535,0.3170000000000073,0.01,89731.86919945078,-0.1939829939046479,237.6103070875187,-560.0474938052356
2019-01-17,1292.305,1290.245,0.5288831835687247,2.060000000000173,2019-01-18 07:38:00+00:00,2019-01-18 13:00:00+00:00,short,1290.195,1292.5720000000001,1286.1119999999999,2.37700000000018,1.6882625157760958,time,2.6811106436683065,0.33108960875051535,322,0.26700000000005275,0.005,90489.32395565056,-0.18717915241230365,188.75025073505256,757.4547561997817
2019-01-20,1283.465,1281.495,0.505776636713745,1.9700000000000273,2019-01-21 04:41:00+00:00,2019-01-21 13:00:00+00:00,short,1281.445,1283.772,1277.992,2.326999999999998,1.4538031800601536,time,1.933820369574561,0.9540180489901285,499,0.30700000000001637,0.01,91804.86062493274,-0.17536233708188187,388.86688420992965,1315.5366692821822
2019-01-21,1279.825,1277.715,0.5480519480519779,2.1100000000001273,2019-01-22 04:54:00+00:00,2019-01-22 07:17:00+00:00,short,1277.665,1280.132,1280.182,2.4670000000000982,-1.0486420753951964,stop,0.0012160518848516174,1.0202675314146545,143,0.30700000000001637,0.01,90842.15622916177,-0.18400983458479692,372.13157934709807,-962.7043957709622
2019-01-23,1284.725,1282.678,0.5962714826681627,2.046999999999798,2019-01-24 04:29:00+00:00,2019-01-24 13:00:00+00:00,short,1282.6280000000002,1285.015,1279.432,2.3869999999999436,1.309593632174367,time,1.720150816925144,0.1579388353581741,511,0.290000000000191,0.01,92031.81932246877,-0.17332367933935022,380.57040732787567,1189.6630933069928
2019-01-24,1283.038,1280.0,0.8849402854646132,3.038000000000011,2019-01-25 06:31:00+00:00,2019-01-25 13:00:00+00:00,long,1283.388,1280.0,1284.065,3.38799999999992,0.17916174734360946,time,0.5185950413223446,0.3069657615112126,389,0.2999999999999545,0.01,92196.70513807902,-0.17184259159837878,271.6405528998552,164.88581561024867
2019-01-27,1303.155,1300.915,0.6524905330614663,2.240000000000009,2019-01-28 05:01:00+00:00,2019-01-28 08:02:00+00:00,long,1303.515,1300.915,1300.865,2.6000000000001364,-1.0461538461538262,stop,0.31538461538457435,1.0192307692307507,181,0.3100000000001728,0.01,91232.1857612499,-0.18050639217858022,354.60271206951614,-964.519376829116
2019-01-28,1304.435,1302.635,0.52432274978152,1.7999999999999545,2019-01-29 06:02:00+00:00,2019-01-29 13:00:00+00:00,long,1304.8019999999997,1302.635,1308.568,2.166999999999689,1.7055837563455627,time,2.428703276419534,0.3401015228425155,418,0.3169999999997799,0.01,92788.22710215278,-0.1665292423192879,421.00685630485924,1556.0413409028877
2019-01-30,1319.818,1317.385,0.7519703291608689,2.4329999999999927,2019-01-31 04:21:00+00:00,2019-01-31 13:00:00+00:00,long,1320.1779999999999,1317.385,1322.9750000000001,2.7929999999998927,0.9763694951666158,time,1.5789473684211426,0.6025778732545856,519,0.30999999999994543,0.01,93694.18304668412,-0.15839148809015946,332.21706803493146,905.9559445313422
2019-02-03,1315.758,1313.445,0.7919876733436547,2.313000000000102,2019-02-04 04:19:00+00:00,2019-02-04 13:00:00+00:00,short,1313.395,1315.933,1311.402,2.538000000000011,0.757683215129996,time,1.3408195429472047,0.18518518518519514,521,0.17499999999995453,0.01,94404.08814518202,-0.1520147616583133,369.16541783563326,709.9050984979
2019-02-04,1314.685,1312.165,0.9310918159985526,2.519999999999982,2019-02-05 04:00:00+00:00,2019-02-05 08:27:00+00:00,long,1315.0819999999999,1312.165,1312.115,2.9169999999999163,-1.041138155639341,stop,0.059307507713484454,1.0366815221117498,267,0.31399999999985084,0.01,93421.21116301914,-0.16084345952887769,323.63417259233705,-982.8769821628858
2019-02-07,1310.588,1308.245,0.9134502923977109,2.3430000000000746,2019-02-08 07:05:00+00:00,2019-02-08 10:17:00+00:00,short,1308.195,1310.888,1310.9379999999999,2.6929999999999836,-1.0445599702933364,stop,0.07166728555513732,1.0137393241737969,192,0.2999999999999545,0.01,92445.37058744703,-0.16960895283873745,346.9038661827691,-975.8405755721078
2019-02-13,1309.195,1307.048,0.8370370370370308,2.1469999999999345,2019-02-14 05:58:00+00:00,2019-02-14 08:32:00+00:00,long,1309.5549999999998,1307.048,1306.998,2.5069999999998345,-1.047865975269231,stop,0.05584363781416406,1.1926605504587073,154,0.30999999999994543,0.01,91476.66700334962,-0.1783103380836223,368.748985191277,-968.7035840974066
2019-02-14,1312.778,1311.328,0.5855037351100557,1.4500000000000455,2019-02-15 04:25:00+00:00,2019-02-15 13:00:00+00:00,long,1313.125,1311.328,1317.798,1.7970000000000255,2.561491374513042,time,3.3405676126877264,0.7384529771841845,515,0.29700000000002547,0.01,93819.83393833243,-0.1572628282683689,509.052125783797,2343.1669349828185
2019-02-18,1325.598,1324.058,0.6003898635477579,1.5399999999999636,2019-02-19 04:26:00+00:00,2019-02-19 07:52:00+00:00,short,1324.008,1325.895,1325.945,1.8869999999999436,-1.063593004769453,stop,0.49443561208268183,1.0211976682564732,206,0.29700000000002547,0.01,92821.97274747801,-0.16622612187549846,497.19042892599487,-997.861190854421
2019-02-21,1326.325,1324.338,0.6751613999320731,1.98700000000008,2019-02-22 07:21:00+00:00,2019-02-22 09:24:00+00:00,long,1326.6319999999998,1324.338,1324.288,2.293999999999869,-1.0523103748910032,stop,0.12772449869230026,1.1800348735832757,123,0.25699999999983447,0.01,91845.1974980778,-0.17500001089813366,404.62934937874155,-976.7752494002107
2019-02-28,1315.138,1312.195,0.935176358436553,2.9429999999999836,2019-03-01 05:55:00+00:00,2019-03-01 13:00:00+00:00,short,1312.145,1315.4149999999997,1306.375,3.2699999999997544,1.743119266055171,time,1.8113149847096166,0.12140672782873527,425,0.2769999999998163,0.01,93446.16883061321,-0.16061927714314606,280.8721636027055,1600.9713325354162
2019-03-03,1296.995,1294.498,0.8427269659128831,2.4969999999998436,2019-03-04 05:54:00+00:00,2019-03-04 13:00:00+00:00,short,1294.448,1297.269,1285.6119999999999,2.8209999999999127,3.1074087203121272,time,3.2456575682383764,0.19992910315486292,426,0.2740000000001146,0.01,96349.92322965329,-0.1345362873644731,331.25192779374726,2903.754399040068
2019-03-05,1288.495,1285.918,0.8188751191610631,2.576999999999998,2019-03-06 06:15:00+00:00,2019-03-06 09:07:00+00:00,long,1288.8249999999998,1285.918,1285.868,2.9069999999999254,-1.0412796697626272,stop,0.7086343309254303,1.1093911248709982,172,0.2799999999999727,0.01,95346.65106723101,-0.14354818505331968,331.4410843813408,-1003.2721624222786
2019-03-06,1288.475,1286.315,0.6863679694946754,2.1599999999998545,2019-03-07 04:21:00+00:00,2019-03-07 12:51:00+00:00,short,1286.265,1288.772,1288.822,2.5069999999998345,-1.047865975269231,stop,2.0714000797768466,1.1088950937375972,510,0.29700000000002547,0.01,94347.54595213883,-0.15252265221672168,380.3217034991516,-999.1051150921909
2019-03-07,1287.518,1285.128,0.8066149173135767,2.3900000000001,2019-03-08 04:33:00+00:00,2019-03-08 13:00:00+00:00,long,1287.858,1285.128,1293.135,2.730000000000018,1.9073260073260105,time,2.8816849816849484,0.18315018315018192,507,0.2899999999999636,0.01,96147.06123335783,-0.13635849635625452,345.59540641808866,1799.5152812190026
2019-03-10,1298.305,1295.605,0.911238609517407,2.7000000000000455,2019-03-11 05:48:00+00:00,2019-03-11 07:55:00+00:00,long,1298.6550000000002,1295.605,1295.555,3.050000000000182,-1.0393442622950646,stop,0.127868852458967,1.0491803278688794,127,0.3000000000001819,0.01,95147.7622690636,-0.1453347047711746,315.2362663388593,-999.298964294227
2019-03-17,1300.808,1298.155,0.8180696885599971,2.65300000000002,2019-03-18 06:44:00+00:00,2019-03-18 12:00:00+00:00,long,1301.1419999999998,1298.155,1304.315,2.9869999999998527,1.0388349514564388,time,1.6457984599934414,0.2122530967525338,316,0.2839999999998781,0.01,96136.19047904332,-0.1364561429663692,318.5395455944704,988.4282099797147
2019-03-25,1322.118,1319.858,0.6462682299113369,2.259999999999991,2019-03-26 04:28:00+00:00,2019-03-26 12:00:00+00:00,short,1319.808,1322.422,1313.925,2.6140000000000327,2.2237949502677754,time,2.630451415455199,0.3611323641927881,452,0.3040000000000873,0.01,98274.0622282961,-0.11725269828030771,367.77425584943427,2137.8717492527753
2019-03-26,1318.425,1316.055,0.677723763225577,2.369999999999891,2019-03-27 03:21:00+00:00,2019-03-27 10:03:00+00:00,short,1316.005,1318.6789999999999,1318.7289999999998,2.673999999999751,-1.0448765893791943,stop,1.1181750186986865,1.0097232610321876,402,0.2539999999999054,0.01,97247.21955864069,-0.12647631817935323,367.51706143719247,-1026.8426696554072
2019-03-28,1292.595,1290.135,0.7492005481955333,2.4600000000000364,2019-03-29 03:23:00+00:00,2019-03-29 11:50:00+00:00,short,1290.085,1292.852,1292.902,2.7670000000000528,-1.0433682688832497,stop,1.138417058185772,1.1915431875677494,507,0.25700000000006185,0.01,96232.5729273946,-0.1355903870966506,351.45363049742986,-1014.6466312460824
2019-04-01,1289.175,1287.155,0.5883209552934303,2.019999999999982,2019-04-02 03:31:00+00:00,2019-04-02 06:12:00+00:00,short,1287.105,1289.485,1289.5349999999999,2.3799999999998818,-1.0504201680672103,stop,0.6470588235294287,1.079831932773136,161,0.30999999999994543,0.01,95221.72657311527,-0.144670320005299,404.33854171176216,-1010.8463542793392
2019-04-02,1293.255,1290.125,0.9720496894410537,3.130000000000109,2019-04-03 05:28:00+00:00,2019-04-03 12:00:00+00:00,long,1293.592,1290.125,1292.915,3.4670000000000982,-0.21546005191811754,time,0.2584366887799056,0.8823190077877444,392,0.28700000000003456,0.01,95016.56179160351,-0.14651321377788662,274.6516486100738,-205.1647815117621
2019-04-03,1292.425,1290.248,0.6698461538461253,2.1769999999999072,2019-04-04 04:00:00+00:00,2019-04-04 11:22:00+00:00,long,1292.739,1290.248,1290.198,2.4909999999999854,-1.0481734243275613,stop,0.3087113608992412,1.0012043356082523,442,0.2640000000001237,0.01,94020.62344219415,-0.1554592354512142,381.43942911121667,-995.9383494093638
2019-04-04,1292.205,1289.695,0.7723076923076895,2.509999999999991,2019-04-05 03:07:00+00:00,2019-04-05 12:00:00+00:00,short,1289.645,1292.512,1287.922,2.866999999999962,0.5765608650156883,time,0.8416463201953411,0.5047087547960013,533,0.30700000000001637,0.01,94562.7095620056,-0.1505899439137216,327.9407863348288,542.0861198114576
2019-04-10,1308.325,1306.245,0.6097024769163698,2.0800000000001546,2019-04-11 03:20:00+00:00,2019-04-11 12:00:00+00:00,short,1306.195,1308.6019999999999,1301.225,2.4069999999999254,2.0357291233901864,time,2.178230162027462,0.9335272122975241,520,0.2769999999998163,0.01,96487.75018042623,-0.13329825602496836,392.8654323307376,1925.0406184206247
2019-04-11,1293.955,1291.938,0.6206153846153308,2.0169999999998254,2019-04-12 03:41:00+00:00,2019-04-12 06:30:00+00:00,short,1291.8880000000001,1294.252,1294.302,2.3639999999998054,-1.0507614213197818,stop,0.21404399323186427,1.0816412859560065,169,0.29700000000002547,0.01,95473.8941252309,-0.14240522358856378,408.15461159236116,-1013.856055195327
2019-04-15,1288.325,1285.228,0.9726758793969533,3.09699999999998,2019-04-16 03:00:00+00:00,2019-04-16 12:00:00+00:00,short,1285.178,1288.5990000000002,1284.895,3.421000000000049,0.06226249634613449,time,0.7383805904706316,0.7152879275065344,540,0.2740000000001146,0.01,95533.33855507213,-0.14187126367223601,279.08183024036697,59.444429841234204
2019-04-22,1276.428,1273.498,0.936102236421713,2.9300000000000637,2019-04-23 05:50:00+00:00,2019-04-23 12:00:00+00:00,short,1273.448,1276.7220000000002,1272.345,3.2740000000001146,0.31551618814906207,time,0.5476481368356925,0.3717165546731302,370,0.2940000000000964,0.01,95834.76170329264,-0.13916372859396287,291.7939479385119,301.42314822050184
2019-04-23,1272.035,1269.567,0.7884984025559069,2.4680000000000746,2019-04-24 03:05:00+00:00,2019-04-24 07:57:00+00:00,short,1269.517,1272.352,1272.402,2.8350000000000364,-1.0423280423280257,stop,0.1851851851852149,1.08112874779542,292,0.3170000000000073,0.01,94835.84910776098,-0.14813646644935896,338.041487489564,-998.9125955316586
2019-04-29,1282.465,1280.318,0.6859424920127347,2.1469999999999345,2019-04-30 03:28:00+00:00,2019-04-30 12:00:00+00:00,long,1282.745,1280.318,1285.728,2.4269999999999072,1.2002472187887459,time,1.3897816234034512,0.4491141326740667,512,0.2300000000000182,0.01,95974.11374909157,-0.13791199808004184,390.75339558205445,1138.264641330593
2019-05-02,1271.835,1270.5,0.41718750000000543,1.3350000000000364,2019-05-03 03:31:00+00:00,2019-05-03 07:11:00+00:00,long,1272.175,1270.5,1270.45,1.6749999999999545,-1.0716417910447509,stop,0.3301492537314185,1.367164179104493,220,0.2899999999999636,0.01,94945.61503757148,-0.14715049338419883,572.9797835766817,-1028.4987115200915
2019-05-06,1283.218,1281.368,0.5781250000000344,1.8500000000001364,2019-05-07 04:06:00+00:00,2019-05-07 06:40:00+00:00,long,1283.578,1281.368,1281.318,2.2100000000000364,-1.0542986425339151,stop,0.012217194570155299,1.1190045248868397,154,0.30999999999994543,0.01,93944.60470708489,-0.15614207415530645,429.61816759081415,-1001.010330486593
2019-05-07,1287.208,1284.548,0.8399115882539161,2.660000000000082,2019-05-08 05:58:00+00:00,2019-05-08 12:00:00+00:00,long,1287.535,1284.548,1288.4950000000001,2.98700000000008,0.2979578172079051,time,0.9953130231000592,0.7499163039839133,362,0.27700000000004366,0.01,94224.52000065471,-0.15362773349912373,314.51156580877927,279.915293569825
2019-05-09,1285.368,1283.068,0.7262393432270335,2.2999999999999545,2019-05-10 04:11:00+00:00,2019-05-10 12:00:00+00:00,long,1285.57,1283.068,1285.575,2.5019999999999527,-0.025979216626655515,time,0.525579536370935,0.9412470023981065,469,0.15200000000004366,0.01,94200.04120848831,-0.15384761438370587,376.5968025605775,-24.47879216639644
2019-05-14,1298.085,1295.658,0.7584375000000313,2.4270000000001346,2019-05-15 03:10:00+00:00,2019-05-15 08:46:00+00:00,short,1295.608,1298.369,1298.4189999999999,2.7609999999999673,-1.0434625135820195,stop,0.8533140166606383,1.048170952553437,336,0.2839999999998781,0.01,93217.09909069892,-0.16267689733539192,341.1808808710229,-982.9421177893903
2019-05-16,1286.488,1284.755,0.591467576791778,1.7329999999999472,2019-05-17 04:39:00+00:00,2019-05-17 10:20:00+00:00,long,1286.845,1284.755,1284.7050000000002,2.089999999999918,-1.057416267942564,stop,0.9679425837320527,1.0334928229665867,341,0.30700000000001637,0.01,92231.40632040973,-0.17153088803820882,446.0148281851798,-985.6927702891903
2019-05-19,1278.645,1275.928,0.9720930232557424,2.716999999999871,2019-05-20 05:43:00+00:00,2019-05-20 12:00:00+00:00,short,1275.8780000000002,1278.922,1276.485,3.043999999999869,-0.22240473061753374,time,0.6655716162944003,0.5006570302233748,377,0.27700000000004366,0.01,92026.27930963806,-0.17337344253491693,302.9941074915036,-205.12701077167026
2019-05-20,1277.328,1275.555,0.6594755439836066,1.7729999999999109,2019-05-21 03:07:00+00:00,2019-05-21 12:00:00+00:00,short,1275.505,1277.605,1272.392,2.099999999999909,1.4490476190477086,time,1.6871428571429874,0.636666666666689,533,0.27700000000004366,0.005,92693.03161425532,-0.16738433631023497,219.11018883248107,666.7523046172522
2019-05-21,1275.268,1273.145,0.8280031201247982,2.1230000000000473,2019-05-22 05:46:00+00:00,2019-05-22 11:42:00+00:00,short,1273.095,1275.5649999999998,1275.6149999999998,2.4699999999998,-1.0485829959514024,stop,0.16315789473686343,1.0109311740891795,356,0.2969999999997981,0.005,92207.04993028585,-0.1717496694457744,187.6377158183458,-485.9816839694695
2019-05-22,1274.565,1273.308,0.4942009042657788,1.2570000000000618,2019-05-23 03:04:00+00:00,2019-05-23 06:02:00+00:00,short,1273.258,1274.8319999999999,1274.8819999999998,1.5739999999998417,-1.076238881829712,stop,0.15438373570518588,1.0209656925032609,178,0.2669999999998254,0.005,91710.86586871691,-0.17620664549392828,292.90676597933646,-496.1840615689363
2019-05-23,1284.055,1282.435,0.6854241590861382,1.6200000000001182,2019-05-24 03:09:00+00:00,2019-05-24 08:07:00+00:00,long,1284.402,1282.435,1282.385,1.9670000000000982,-1.0610066090492873,stop,0.38942552109802275,1.0050838840874379,298,0.29700000000002547,0.005,91224.3366946752,-0.18057689646203734,233.1237058177741,-486.52917404170677
2019-06-04,1327.485,1325.265,0.825739259810236,2.2199999999998,2019-06-05 06:00:00+00:00,2019-06-05 12:00:00+00:00,long,1327.792,1325.265,1334.855,2.5269999999998163,2.7673130193908233,time,4.838148001583301,0.24693312227940997,360,0.25700000000006185,0.005,92486.56816777754,-0.1692388953479862,180.49928115291223,1262.2314731023337
2019-06-06,1334.235,1332.088,0.7996275605214072,2.1469999999999345,2019-06-07 05:59:00+00:00,2019-06-07 07:28:00+00:00,short,1332.038,1334.5349999999999,1334.5849999999998,2.4969999999998436,-1.0480576692030283,stop,0.6191429715659376,1.008009611533925,89,0.2999999999999545,0.01,91517.25559711247,-0.1779457508180473,370.39074156100656,-969.3125706650793
2019-06-10,1329.808,1328.035,0.6603351955307065,1.7729999999999109,2019-06-11 03:14:00+00:00,2019-06-11 12:00:00+00:00,short,1327.9850000000001,1330.105,1320.772,2.119999999999891,3.369339622641774,time,3.7231132075473754,0.7075471698112499,526,0.29700000000002547,0.01,94600.78275150033,-0.15024795128074941,431.6851679109301,3083.5271543878566
2019-07-03,1421.595,1416.288,0.7982251635707448,5.307000000000016,2019-07-04 05:39:00+00:00,2019-07-04 12:00:00+00:00,short,1416.238,1421.932,1414.845,5.69399999999996,0.23234984193888977,time,1.020899192132094,0.3155953635405757,381,0.3369999999999891,0.01,94820.5875206964,-0.1482735537386778,166.14117097207762,219.80476919606352
2019-07-07,1400.145,1395.185,0.7308627422087972,4.960000000000036,2019-07-08 05:08:00+00:00,2019-07-08 12:00:00+00:00,long,1400.475,1395.185,1405.548,5.289999999999964,0.9457466918714795,time,1.3294896030246082,0.11909262759922233,412,0.2799999999999727,0.01,95717.35009038649,-0.14021837904936674,179.24496695783944,896.7625696900872
2019-07-08,1395.675,1390.668,0.7531022035045707,5.007000000000062,2019-07-09 03:26:00+00:00,2019-07-09 08:27:00+00:00,long,1396.032,1390.668,1390.618,5.364000000000033,-1.0223713646532353,stop,0.06953765846384136,1.226137211036532,301,0.30700000000001637,0.01,94738.76331205749,-0.14900854014051745,178.44397854285216,-978.5867783289991
2019-07-09,1395.395,1391.128,0.6417989020079894,4.267000000000053,2019-07-10 06:14:00+00:00,2019-07-10 09:27:00+00:00,short,1391.078,1395.719,1395.769,4.641000000000076,-1.0258564964447217,stop,0.20383538030594636,1.0954535660417963,193,0.3240000000000691,0.01,93766.87955396935,-0.15773849131567574,204.13437472970466,-971.8837580881303
2019-07-17,1428.158,1421.558,0.9675291358205519,6.599999999999909,2019-07-18 05:31:00+00:00,2019-07-18 12:00:00+00:00,short,1421.508,1428.455,1421.815,6.946999999999889,-0.05426802936519683,time,0.491723045919101,0.37958831150136546,389,0.29700000000002547,0.01,93715.99411623817,-0.15819557003854035,134.97463589170988,-50.885437731176836
2019-07-18,1445.228,1439.418,0.8575645756457848,5.810000000000173,2019-07-19 06:41:00+00:00,2019-07-19 12:00:00+00:00,short,1439.368,1445.528,1437.715,6.160000000000082,0.2569805194805193,time,0.6535714285713939,0.272240259740278,319,0.2999999999999545,0.01,93956.82596475442,-0.15603229664141538,152.13635408480022,240.83184851624176
2019-07-21,1428.725,1422.148,0.9860569715142486,6.576999999999998,2019-07-22 05:34:00+00:00,2019-07-22 12:00:00+00:00,long,1429.032,1422.148,1425.2150000000001,6.8840000000000146,-0.5646426496222794,time,0.13407902382335848,0.7128123184195112,386,0.25700000000006185,0.01,93426.30565312604,-0.16079769824361556,136.4858018081845,-530.5203116283832
2019-07-23,1422.348,1416.458,0.883058470764604,5.889999999999873,2019-07-24 06:48:00+00:00,2019-07-24 12:00:00+00:00,long,1422.695,1416.458,1425.838,6.236999999999853,0.4927048260381757,time,0.7957351290684757,0.3238736572069953,312,0.29700000000002547,0.01,93886.62156986816,-0.15666290800263838,149.79365985750883,460.315916742129
2019-07-24,1425.685,1421.698,0.6051453289822996,3.9869999999998527,2019-07-25 03:12:00+00:00,2019-07-25 07:18:00+00:00,short,1421.6480000000001,1425.992,1426.042,4.343999999999824,-1.027624309392256,stop,0.0,1.0191068139963368,246,0.30700000000001637,0.01,92921.81982334908,-0.16532924497012502,216.12942350338855,-964.8017465190785
2019-07-25,1417.765,1413.675,0.6314651844990213,4.0900000000001455,2019-07-26 06:54:00+00:00,2019-07-26 12:00:00+00:00,long,1418.1150000000002,1413.675,1420.165,4.440000000000282,0.4459459459458562,time,0.5945945945945281,0.19076576576580034,306,0.3000000000001819,0.01,93336.20091175042,-0.16160706457607366,209.28337798050268,414.38108840133816
2019-07-28,1424.198,1418.848,0.8722589060080236,5.350000000000136,2019-07-29 05:32:00+00:00,2019-07-29 12:00:00+00:00,short,1418.798,1424.525,1420.805,5.727000000000089,-0.3626680635585873,time,0.19137419242185902,0.3988126418718474,388,0.3269999999999982,0.01,92997.70031930463,-0.16464764799998755,162.97573059498686,-338.50059244579774
2019-07-29,1425.855,1422.258,0.6148717948717891,3.59699999999998,2019-07-30 06:38:00+00:00,2019-07-30 12:00:00+00:00,long,1426.209,1422.258,1429.078,3.951000000000022,0.708428246013642,time,0.91597064034419,0.40091116173122027,322,0.3040000000000873,0.01,93656.5222965097,-0.15872977598468008,235.3776267256495,658.8219772050728
2019-07-30,1431.875,1427.605,0.7652329749103698,4.269999999999982,2019-07-31 06:25:00+00:00,2019-07-31 12:00:00+00:00,long,1432.2549999999999,1427.605,1430.9080000000001,4.649999999999864,-0.3047311827956547,time,0.116129032258109,0.5290322580644906,335,0.32999999999992724,0.01,93371.12166835027,-0.1612933886888297,201.4118759064784,-285.4006281594301
2019-08-11,1501.058,1495.195,0.8898838885937767,5.863000000000056,2019-08-12 06:04:00+00:00,2019-08-12 08:52:00+00:00,short,1495.145,1501.375,1501.425,6.230000000000018,-1.019261637239158,stop,1.201123595505606,1.4799357945425362,168,0.3170000000000073,0.01,92419.42564492488,-0.16984200342691302,149.8733895158106,-951.6960234253933
2019-08-19,1499.398,1495.095,0.5264574539670752,4.302999999999884,2019-08-20 03:47:00+00:00,2019-08-20 07:20:00+00:00,short,1495.045,1499.715,1499.7649999999999,4.669999999999845,-1.0256959314775072,stop,0.09271948608137195,1.0920770877944492,213,0.3170000000000073,0.01,91471.48335619,-0.1783569002225983,197.9002690469549,-947.9422887348743
2019-08-20,1507.028,1503.105,0.5036913397958606,3.923000000000002,2019-08-21 03:08:00+00:00,2019-08-21 12:00:00+00:00,short,1503.055,1507.318,1500.052,4.26299999999992,0.688013136289048,time,1.4926108374384648,0.3870513722730224,532,0.2899999999999636,0.01,92100.81917763904,-0.17270388776271728,214.57068579918302,629.3358214490374
2019-08-21,1503.598,1499.835,0.4831482313667555,3.76299999999992,2019-08-22 04:46:00+00:00,2019-08-22 12:00:00+00:00,short,1499.785,1503.875,1493.135,4.089999999999918,1.6088019559902744,time,1.7317848410758498,0.6601466992664724,434,0.27700000000004366,0.01,93582.53895805197,-0.1593943317272123,225.18537696244718,1481.7197804129228
2019-08-22,1497.565,1494.715,0.36592411889326293,2.8500000000001364,2019-08-23 03:53:00+00:00,2019-08-23 10:04:00+00:00,short,1494.665,1497.842,1497.892,3.1770000000001346,-1.0377714825306734,stop,0.29996852376453703,1.073339628580402,371,0.27700000000004366,0.01,92611.36605611714,-0.1681178976330837,294.562602952622,-971.172901934821
2019-08-26,1530.105,1525.538,0.5549210206561358,4.567000000000007,2019-08-27 05:41:00+00:00,2019-08-27 12:00:00+00:00,long,1530.445,1525.538,1530.9650000000001,4.906999999999925,0.0917057265131885,time,0.9217444467088256,0.26227837782760427,379,0.2899999999999636,0.01,92696.29598219269,-0.16735501410737497,188.73316905669157,84.92992607555068
2019-08-28,1543.258,1537.895,0.62520401025881,5.363000000000056,2019-08-29 04:21:00+00:00,2019-08-29 09:04:00+00:00,long,1543.605,1537.895,1537.845,5.710000000000036,-1.021015761821358,stop,1.1751313485113823,1.0420315236427333,283,0.29700000000002547,0.01,91749.85218958993,-0.17585645065335387,162.34027317371647,-946.4437926027656
2019-08-29,1528.655,1522.098,0.764397295406859,6.557000000000016,2019-08-30 05:35:00+00:00,2019-08-30 08:02:00+00:00,long,1529.032,1522.098,1522.048,6.933999999999969,-1.0173060282665063,stop,0.5801845976348653,1.0336025382174716,147,0.3269999999999982,0.01,90816.47541233963,-0.1842405126624268,132.31879462011875,-933.3767772503076
2019-09-01,1529.815,1522.658,0.8845084347772546,7.157000000000153,2019-09-02 06:41:00+00:00,2019-09-02 12:00:00+00:00,short,1522.608,1530.0220000000002,1524.725,7.414000000000215,-0.29498246560559727,time,0.4121931480981861,0.5310223900728367,319,0.20700000000010732,0.005,90682.52907316592,-0.1854436863870068,61.24661141916442,-133.94633917371021
2019-09-02,1526.205,1522.448,0.5074626865671412,3.7569999999998345,2019-09-03 03:00:00+00:00,2019-09-03 05:53:00+00:00,short,1522.3980000000001,1526.469,1526.519,4.070999999999913,-1.0294767870302033,stop,0.14075165806929626,1.0677966101694536,173,0.2640000000001237,0.005,90215.75127981584,-0.18963652046997415,111.37623320212215,-466.7777933500792
2019-09-05,1520.215,1514.465,0.8117456059857333,5.75,2019-09-06 03:01:00+00:00,2019-09-06 12:00:00+00:00,short,1514.415,1520.492,1505.642,6.076999999999998,1.432121112390968,time,1.8698370906697481,0.8573309198617801,539,0.27700000000004366,0.005,90861.75069020603,-0.1838338272312463,74.227210202251,645.9994103901838
2019-09-10,1492.938,1486.875,0.8491596638655486,6.063000000000102,2019-09-11 05:31:00+00:00,2019-09-11 12:00:00+00:00,long,1493.305,1486.875,1491.018,6.430000000000064,-0.36656298600311216,time,0.2586314152410567,0.6920684292379473,389,0.3170000000000073,0.01,90528.6851437413,-0.18682559032489487,141.30909905164094,-333.0655464647226
2019-09-11,1494.088,1489.208,0.7134502923976402,4.879999999999882,2019-09-12 03:14:00+00:00,2019-09-12 12:00:00+00:00,long,1494.4679999999998,1489.208,1512.498,5.2599999999997635,3.4144486692017124,time,3.7015209125477435,0.3916349809886004,526,0.32999999999992724,0.01,93619.74062887758,-0.15906016751545438,172.10776643297598,3091.055485136283
2019-09-12,1500.955,1495.488,0.8664025356576577,5.466999999999871,2019-09-13 06:35:00+00:00,2019-09-13 12:00:00+00:00,long,1501.302,1495.488,1507.9750000000001,5.813999999999851,1.1357069143447538,time,1.3133814929481236,0.20760233918127122,325,0.29700000000002547,0.01,94682.98649639137,-0.14950955569244817,161.0246656843481,1063.2458675137873
2019-09-16,1500.835,1496.825,0.6789130618809712,4.009999999999991,2019-09-17 04:51:00+00:00,2019-09-17 11:29:00+00:00,short,1496.775,1501.1350000000002,1501.1850000000002,4.360000000000127,-1.0275229357798052,stop,0.7087155963302879,1.0137614678898432,398,0.3000000000001819,0.01,93710.09709385966,-0.15824854007432376,217.16281306511146,-972.8894025317171
2019-09-18,1493.188,1488.908,0.7246254126809724,4.2800000000002,2019-09-19 03:12:00+00:00,2019-09-19 12:00:00+00:00,long,1493.545,1488.908,1501.258,4.637000000000171,1.6482639637696104,time,1.8466681043777353,0.14448997196464267,528,0.30700000000001637,0.01,95254.68685467126,-0.14437425409586424,202.09207913275006,1544.5897608116015
2019-09-19,1503.688,1498.35,0.9037501058156517,5.338000000000193,2019-09-20 03:09:00+00:00,2019-09-20 12:00:00+00:00,long,1504.028,1498.35,1499.825,5.678000000000111,-0.7525537160971982,time,0.48608665022894276,0.7613596336738303,531,0.2899999999999636,0.01,94537.84416898969,-0.15081329744255012,167.76098424563122,-716.842685681578
2019-09-23,1522.135,1519.348,0.47185304325743005,2.7870000000000346,2019-09-24 05:13:00+00:00,2019-09-24 06:57:00+00:00,short,1519.298,1522.455,1522.5049999999999,3.1569999999999254,-1.0380107697180732,stop,0.0,1.0307253721887812,104,0.31999999999993634,0.01,93556.53116505628,-0.15962794687011028,299.45468536266054,-981.3130039334025
2019-09-25,1510.135,1506.415,0.6298146110217548,3.7200000000000273,2019-09-26 05:06:00+00:00,2019-09-26 07:16:00+00:00,long,1510.479,1506.415,1506.365,4.064000000000078,-1.0295275590551065,stop,0.14493110236218762,1.041092519685018,130,0.2940000000000964,0.01,92593.34089341604,-0.16827980875567983,230.207999914012,-963.1902716402338
2019-09-26,1507.308,1504.605,0.45763142300854165,2.7029999999999745,2019-09-27 06:00:00+00:00,2019-09-27 12:00:00+00:00,short,1504.555,1507.595,1495.142,3.0399999999999636,3.073355263157935,time,4.4944078947368995,0.30592105263152874,360,0.28700000000003456,0.01,95439.06320909761,-0.14271809248332523,304.58335820203007,2845.7223156815703
2019-10-01,1481.855,1476.835,0.8499111148734341,5.019999999999982,2019-10-02 04:15:00+00:00,2019-10-02 07:22:00+00:00,short,1476.785,1482.1550000000002,1482.2050000000002,5.370000000000118,-1.022346368715075,stop,0.3817504655493737,1.145251396647994,187,0.3000000000001819,0.01,94463.34541204372,-0.1514824829344732,177.7263746910531,-975.7177970538945
2019-10-02,1502.695,1499.285,0.608005705625371,3.4099999999998545,2019-10-03 03:20:00+00:00,2019-10-03 06:15:00+00:00,short,1499.2350000000001,1502.962,1503.012,3.7269999999998618,-1.032197477864223,stop,0.37027099543873365,1.1242286020928314,175,0.26700000000005275,0.01,93488.29714319445,-0.16024085934485965,253.4567894071565,-975.0482688492845
2019-10-03,1509.965,1506.805,0.584914391485393,3.1599999999998545,2019-10-04 03:00:00+00:00,2019-10-04 05:10:00+00:00,long,1510.3249999999998,1506.805,1506.755,3.5199999999997544,-1.0340909090908985,stop,0.0,1.0588068181818528,130,0.30999999999994543,0.01,92521.54316137279,-0.1689247322766343,265.59175324773,-966.75398182166
2019-10-06,1509.235,1506.435,0.5406449121451838,2.7999999999999545,2019-10-07 03:35:00+00:00,2019-10-07 12:00:00+00:00,short,1506.385,1509.512,1499.132,3.1269999999999527,2.29708986248802,time,2.837543971858069,0.4924848097217739,505,0.27700000000004366,0.01,94646.84614995016,-0.14983418655211567,295.87957518827693,2125.302988577372
2019-10-13,1488.125,1483.705,0.8977353508683014,4.420000000000073,2019-10-14 06:09:00+00:00,2019-10-14 12:00:00+00:00,long,1488.515,1483.705,1494.025,4.810000000000173,1.1309771309770884,time,1.77817047817039,0.29937629937629995,351,0.3400000000001455,0.01,95717.28033509717,-0.1402190056266348,196.77098991672923,1070.434185147005
2019-10-14,1495.115,1491.195,0.8478425435276398,3.9200000000000728,2019-10-15 03:27:00+00:00,2019-10-15 05:53:00+00:00,long,1495.422,1491.195,1491.145,4.227000000000089,-1.0283889283179448,stop,0.0,1.0347764371894799,146,0.25700000000006185,0.01,94732.93442164398,-0.14906089818055235,226.44258418522628,-984.3459134531887
2019-10-15,1484.895,1480.775,0.8910998161565609,4.119999999999891,2019-10-16 06:14:00+00:00,2019-10-16 07:28:00+00:00,short,1480.7250000000001,1485.145,1485.195,4.419999999999845,-1.0271493212669591,stop,0.4441176470588827,1.006108597285078,74,0.25,0.01,93759.88572871579,-0.15780131338928605,214.32790593132873,-973.0486929281897
2019-10-17,1492.975,1490.8,0.44175891134354806,2.1749999999999545,2019-10-18 06:14:00+00:00,2019-10-18 12:00:00+00:00,short,1490.75,1493.282,1489.312,2.5319999999999254,0.5402843601896296,time,2.2306477093207255,0.24565560821488516,346,0.30700000000001637,0.01,94266.45572743971,-0.15325104560380587,370.29970666950453,506.56999872391987
2019-10-20,1491.955,1489.055,0.6272304531198964,2.8999999999998636,2019-10-21 05:44:00+00:00,2019-10-21 07:41:00+00:00,long,1492.3049999999998,1489.055,1489.005,3.2499999999997726,-1.0369230769230655,stop,0.4716923076923804,1.2206153846154302,117,0.2999999999999545,0.01,93288.98509420441,-0.1620311809155448,290.0506330075271,-977.4706332352872
2019-10-21,1484.595,1480.768,0.8962529274004718,3.826999999999998,2019-10-22 04:42:00+00:00,2019-10-22 12:00:00+00:00,long,1484.909,1480.768,1487.2350000000001,4.141000000000076,0.5447959430089303,time,0.9657087659984841,0.2030910408114239,438,0.2640000000001237,0.01,93797.21970027185,-0.1574659607854928,225.28129701570322,508.2346060674314
2019-10-22,1490.555,1487.698,0.6690866510538602,2.856999999999971,2019-10-23 06:43:00+00:00,2019-10-23 12:00:00+00:00,long,1490.8919999999998,1487.698,1492.038,3.1939999999997326,0.33688165309964796,time,1.2824045084535298,0.2705072010018402,317,0.2869999999998072,0.01,94113.20532455963,-0.1546276181862598,293.66693707038104,315.9856242877845
2019-10-23,1493.525,1490.908,0.6509950248756718,2.617000000000189,2019-10-24 06:39:00+00:00,2019-10-24 12:00:00+00:00,short,1490.858,1493.7920000000001,1491.125,2.9340000000001965,-0.11486025903204847,time,0.9042263122017186,0.676209952283578,321,0.26700000000005275,0.01,94005.10665314048,-0.15559861509379647,320.7675709766644,-108.09867141915282
2019-10-24,1502.835,1500.715,0.5273631840796338,2.1200000000001182,2019-10-25 04:28:00+00:00,2019-10-25 12:00:00+00:00,long,1503.169,1500.715,1508.9080000000001,2.4540000000001783,2.310105949470098,time,2.721678891605287,0.29380603096982527,452,0.2840000000001055,0.01,96176.72421474039,-0.1360920484636703,383.0688942670483,2171.617561599909
2019-10-27,1506.125,1503.475,0.6592039800995281,2.650000000000091,2019-10-28 04:57:00+00:00,2019-10-28 06:00:00+00:00,short,1503.425,1506.432,1506.482,3.007000000000062,-1.0399068839374632,stop,0.0,1.0,63,0.30700000000001637,0.01,95176.57583888575,-0.14507588672257976,319.84278089370935,-1000.1483758546344
2019-10-29,1489.435,1486.948,0.6873013679701266,2.4869999999998527,2019-10-30 06:31:00+00:00,2019-10-30 12:00:00+00:00,long,1489.779,1486.948,1493.4080000000001,2.8309999999999036,1.2571529494879032,time,1.4231720240198282,0.5241963970328415,329,0.2940000000000964,0.01,96373.09096926589,-0.1343281830166294,336.19419229561635,1196.5151303801433
2019-11-03,1513.738,1510.945,0.7592768791627378,2.79300000000012,2019-11-04 05:37:00+00:00,2019-11-04 07:56:00+00:00,short,1510.895,1514.025,1514.075,3.130000000000109,-1.038338658146949,stop,0.07763578274758137,1.0118210862619188,139,0.28700000000003456,0.01,95372.41190968087,-0.1433167881450509,307.90124910307514,-1000.6790595850139
2019-11-04,1507.755,1504.695,0.8318608128313674,3.060000000000173,2019-11-05 06:15:00+00:00,2019-11-05 13:00:00+00:00,short,1504.645,1508.035,1500.055,3.3900000000001,1.3333333333332698,time,1.7088495575220417,0.9696165191740229,405,0.2799999999999727,0.01,96644.04406847655,-0.13189434532031885,281.33454840612995,1271.6321587956843
2019-11-05,1487.288,1485.305,0.6018209408193941,1.9829999999999472,2019-11-06 05:03:00+00:00,2019-11-06 09:02:00+00:00,short,1485.255,1487.525,1487.575,2.269999999999982,-1.0528634361233284,stop,0.5255506607930487,1.1629955947136097,239,0.23700000000008004,0.01,95626.51426528864,-0.14103431234536024,425.7446875263318,-1017.5298031879059
2019-11-06,1491.908,1489.755,0.7224832214764361,2.1529999999997926,2019-11-07 07:02:00+00:00,2019-11-07 07:19:00+00:00,long,1492.245,1489.755,1489.7050000000002,2.4899999999997817,-1.0481927710843233,stop,0.0,1.364257028112543,17,0.28700000000003456,0.01,94624.16405551997,-0.15003792858945086,384.0422259650483,-1002.3502097686747
2019-11-10,1463.728,1461.345,0.822717072328701,2.383000000000038,2019-11-11 06:50:00+00:00,2019-11-11 13:00:00+00:00,long,1464.028,1461.345,1462.395,2.6829999999999927,-0.6347372344390767,time,0.8747670518076729,0.6533730898247982,370,0.25,0.01,94023.54925348287,-0.15543295433530335,352.68044746746267,-600.6148020371023
2019-11-11,1456.905,1454.675,0.7756521739130499,2.230000000000018,2019-11-12 05:30:00+00:00,2019-11-12 13:00:00+00:00,short,1454.625,1457.192,1454.405,2.5670000000000073,0.058433969614346264,time,2.1737436696532573,0.7128944292948663,450,0.28700000000003456,0.01,94078.49094568398,-0.15493944028446682,366.27794800733386,54.94169220111007
2019-11-12,1458.968,1457.108,0.6584070796460522,1.8600000000001273,2019-11-13 04:07:00+00:00,2019-11-13 13:00:00+00:00,long,1459.235,1457.108,1464.645,2.1269999999999527,2.510578279266667,time,3.4945933239304927,0.6911142454160003,533,0.21699999999987085,0.01,96440.40510482818,-0.13372353342559928,442.3060223116412,2361.9141591442
2019-11-21,1465.185,1463.445,0.5912334352701389,1.740000000000009,2019-11-22 04:09:00+00:00,2019-11-22 13:00:00+00:00,long,1465.4889999999998,1463.445,1469.768,2.043999999999869,2.0591976516636463,time,3.7666340508810126,0.47504892367898166,531,0.2539999999999054,0.01,98426.30366200171,-0.11588518876898446,471.821942782947,1985.8985571735293
2019-11-24,1462.085,1459.595,0.8460754332314043,2.490000000000009,2019-11-25 05:56:00+00:00,2019-11-25 13:00:00+00:00,short,1459.545,1462.345,1458.3319999999999,2.7999999999999545,0.4082142857143612,time,1.0225000000000368,0.18928571428570762,424,0.2599999999999909,0.01,98828.09389445059,-0.11227610580742298,351.52251307858324,401.79023244888845
2019-11-26,1460.785,1458.925,0.614571286965172,1.8600000000001273,2019-11-27 04:52:00+00:00,2019-11-27 13:00:00+00:00,short,1458.875,1461.065,1458.152,2.1900000000000546,0.29817351598170777,time,0.6680365296803329,0.7488584474886115,488,0.2799999999999727,0.01,99122.77309679337,-0.10962914825989922,451.26983513446635,294.6792023427868
2019-11-27,1458.108,1455.568,0.8392532628448429,2.5399999999999636,2019-11-28 07:12:00+00:00,2019-11-28 08:16:00+00:00,short,1455.518,1458.365,1458.415,2.84699999999998,-1.0421496311907112,stop,0.0,1.0070249385317815,64,0.25700000000006185,0.01,98089.76548253914,-0.11890814480753831,348.16569405266625,-1033.0076142542378
2019-12-01,1461.625,1458.775,0.9851365364672936,2.849999999999909,2019-12-02 07:15:00+00:00,2019-12-02 13:00:00+00:00,short,1458.7250000000001,1461.862,1458.232,3.1369999999999436,0.13484220592928695,time,1.4609499521836677,0.4558495377749002,345,0.23700000000008004,0.01,98222.03188610666,-0.11772006111373345,312.6865332564262,132.26640356752003
2019-12-02,1463.848,1461.315,0.867020366250203,2.5329999999999018,2019-12-03 04:17:00+00:00,2019-12-03 08:44:00+00:00,short,1461.265,1464.095,1464.145,2.8299999999999272,-1.0424028268551087,stop,0.4286219081272876,1.0671378091873,267,0.24700000000007094,0.01,97198.16264913137,-0.12691697213745934,347.0743176187604,-1023.8692369753021
2019-12-04,1476.345,1473.688,0.909464316275884,2.6569999999999254,2019-12-05 05:18:00+00:00,2019-12-05 09:54:00+00:00,long,1476.6619999999998,1473.688,1473.6380000000001,2.9739999999997053,-1.0403496973772584,stop,0.5198386012106354,1.0144586415602301,276,0.2669999999998254,0.01,96186.96185815487,-0.13600008877567948,326.8263707099563,-1011.2007909764935
2019-12-05,1476.385,1474.915,0.5031661817559698,1.4700000000000273,2019-12-06 05:54:00+00:00,2019-12-06 11:35:00+00:00,short,1474.865,1476.47,1476.52,1.6050000000000182,-1.0747663551401578,stop,2.0267912772585,1.0155763239874538,341,0.08500000000003638,0.01,95153.17675407193,-0.14528606912995934,599.2957125118616,-1033.7851040829448
2019-12-08,1461.445,1459.015,0.8825131650626146,2.4299999999998363,2019-12-09 06:34:00+00:00,2019-12-09 13:00:00+00:00,long,1461.7649999999999,1459.015,1464.698,2.7499999999997726,1.0410909090910752,time,1.0883636363637865,0.36618181818178824,386,0.2699999999999818,0.01,96143.80782696993,-0.13638772009693634,346.01155183301745,990.6310728980051
2019-12-09,1461.495,1460.078,0.5146177592155289,1.4169999999999163,2019-12-10 05:04:00+00:00,2019-12-10 06:07:00+00:00,long,1461.789,1460.078,1460.028,1.7110000000000127,-1.07013442431324,stop,0.5353594389245664,1.0660432495616923,63,0.24400000000014188,0.01,95114.93984256795,-0.14562953239677556,561.9158844358224,-1028.8679844019725
2019-12-10,1464.285,1463.425,0.3123297621209926,0.8600000000001273,2019-12-11 04:00:00+00:00,2019-12-11 07:23:00+00:00,short,1463.375,1464.5620000000001,1464.612,1.1870000000001255,-1.101095197978047,stop,0.22746419545067673,1.1179443976409924,203,0.27700000000004366,0.01,94067.63380740173,-0.15503696458849725,801.3053061715071,-1047.3060351662239
2019-12-11,1475.605,1474.048,0.5654621390957193,1.5570000000000164,2019-12-12 06:17:00+00:00,2019-12-12 12:23:00+00:00,short,1473.998,1475.9019999999998,1475.9519999999998,1.903999999999769,-1.0630252100840174,stop,0.9380252100841779,1.1118697478992745,366,0.2969999999997981,0.01,93067.67114549952,-0.16401913467081275,494.05269856834633,-999.9626619021964
2019-12-15,1475.338,1473.108,0.8581874158168428,2.230000000000018,2019-12-16 05:39:00+00:00,2019-12-16 13:00:00+00:00,long,1475.645,1473.108,1477.4080000000001,2.5370000000000346,0.6673236105637068,time,1.194324004729969,0.475758770200971,441,0.25700000000006185,0.01,93688.73368885522,-0.1584404369766763,366.8414313973128,621.0625433557046
2019-12-16,1476.588,1474.328,0.8909915237532233,2.259999999999991,2019-12-17 04:12:00+00:00,2019-12-17 13:00:00+00:00,long,1476.918,1474.328,1478.8880000000001,2.589999999999918,0.733590733590855,time,1.378378378378485,0.38725868725867213,528,0.2799999999999727,0.01,94376.02555761528,-0.15226683400468943,361.73256250524395,687.2918687600555
2019-12-17,1476.625,1475.315,0.5216006370694679,1.3099999999999454,2019-12-18 04:05:00+00:00,2019-12-18 11:36:00+00:00,long,1476.932,1475.315,1475.265,1.6169999999999618,-1.0742115027829051,stop,1.432282003710628,1.4495980210266581,451,0.25700000000006185,0.01,93362.22743520605,-0.1613732811867168,583.6488902759278,-1013.7981224092377
2019-12-29,1515.738,1513.208,0.9988156336360327,2.5299999999999727,2019-12-30 06:48:00+00:00,2019-12-30 13:00:00+00:00,short,1513.1580000000001,1515.9950000000001,1512.792,2.836999999999989,0.10433556573853153,time,0.7599577017977387,0.5548114205145744,372,0.25700000000006185,0.01,93459.63744338666,-0.16049829525520853,329.0878654748199,97.41000818061673
2020-01-12,1558.685,1554.235,0.884955752212397,4.4500000000000455,2020-01-13 06:22:00+00:00,2020-01-13 13:00:00+00:00,short,1554.185,1558.972,1555.232,4.787000000000035,-0.23334029663672812,time,1.5631919782744712,0.2736578232713466,398,0.28700000000003456,0.01,93241.55844814065,-0.16245719102333034,195.236343102958,-218.07899524600904
2020-01-15,1557.468,1555.325,0.38984900855012655,2.143000000000029,2020-01-16 05:20:00+00:00,2020-01-16 13:00:00+00:00,short,1555.275,1557.7250000000001,1556.875,2.4500000000000455,-0.6816326530611747,time,1.4530612244898395,0.9906122448979029,460,0.25700000000006185,0.01,92605.993539535,-0.16816615629268117,380.5777895842405,-635.564908605647
2020-01-16,1554.625,1549.295,0.9696197926141474,5.329999999999927,2020-01-17 04:02:00+00:00,2020-01-17 13:00:00+00:00,long,1554.9650000000001,1549.295,1558.8780000000002,5.670000000000073,0.677777777777771,time,0.8276895943562074,0.16225749559083968,538,0.290000000000191,0.01,93233.65638463628,-0.16252817135199826,163.32626726549174,627.6628451012866
2020-01-19,1558.835,1556.565,0.4128398654178438,2.269999999999982,2020-01-20 04:00:00+00:00,2020-01-20 13:00:00+00:00,long,1559.172,1556.565,1559.425,2.606999999999971,0.07019562715762605,time,1.3551975450709401,0.12543153049482234,540,0.27700000000004366,0.01,93299.10233445746,-0.16194030274961047,357.6281410994911,65.4459498211815
2020-01-23,1562.665,1559.508,0.5061728395061729,3.1569999999999254,2020-01-24 04:41:00+00:00,2020-01-24 10:03:00+00:00,short,1559.458,1562.805,1562.855,3.34699999999998,-1.0358530026889619,stop,0.4998506124887995,1.0746937556020322,322,0.14000000000010004,0.01,92332.66078144414,-0.1706213692879046,278.75441390635797,-966.4415530133249
2020-01-26,1583.035,1577.415,0.901074234407608,5.620000000000118,2020-01-27 07:31:00+00:00,2020-01-27 09:48:00+00:00,short,1577.365,1583.342,1583.392,5.977000000000089,-1.020076961686457,stop,0.21465618203109965,1.003848084323224,137,0.30700000000001637,0.005,91861.72868107233,-0.17485151945642696,77.23997053826565,-470.9321003718091
2020-01-27,1582.935,1579.495,0.5515472182139066,3.4400000000000546,2020-01-28 04:18:00+00:00,2020-01-28 13:00:00+00:00,short,1579.445,1583.212,1574.345,3.7670000000000528,1.335280063711133,time,2.020971595433959,0.8070082293602127,522,0.27700000000004366,0.005,92475.03435570172,-0.1693424978780701,121.92955758039692,613.3056746293854
2020-01-29,1580.555,1577.638,0.5048022843298775,2.9170000000001437,2020-01-30 04:02:00+00:00,2020-01-30 06:08:00+00:00,long,1580.932,1577.638,1577.588,3.2940000000000964,-1.0364298724954313,stop,0.0,1.0494839101396498,126,0.3269999999999982,0.005,91995.81491537027,-0.1736470891231281,140.368904607922,-479.2194403314528
2020-01-30,1574.655,1570.905,0.6489573418707395,3.75,2020-01-31 07:28:00+00:00,2020-01-31 13:00:00+00:00,long,1574.985,1570.905,1578.768,4.079999999999927,0.9100490196078911,time,1.71642156862752,0.14387254901960772,332,0.2799999999999727,0.005,92414.41842122907,-0.16988698084116005,112.73996925903421,418.6035058588086
2020-02-03,1578.975,1573.768,0.9226543811464276,5.20699999999988,2020-02-04 05:37:00+00:00,2020-02-04 13:00:00+00:00,short,1573.718,1579.245,1567.365,5.526999999999816,1.1367830649539123,time,1.4629998190700708,0.21060249683373006,443,0.2699999999999818,0.005,92939.69415032316,-0.16516868873027235,83.60269442847127,525.2757290940904
2020-02-04,1557.495,1552.798,0.8578995433789716,4.696999999999889,2020-02-05 04:11:00+00:00,2020-02-05 08:38:00+00:00,long,1557.8319999999999,1552.798,1552.748,5.033999999999878,-1.0238379022645923,stop,0.9010727056019404,1.027810885975388,267,0.28700000000003456,0.01,91988.14233536337,-0.1737160081150243,184.623945471445,-951.5518149597967
2020-02-05,1558.065,1553.875,0.7863376184667512,4.190000000000055,2020-02-06 04:03:00+00:00,2020-02-06 06:58:00+00:00,short,1553.825,1558.345,1558.395,4.519999999999982,-1.0265486725663617,stop,0.25000000000002515,1.0066371681415869,175,0.2799999999999727,0.01,91043.83928130125,-0.18219821546534776,203.5135892375304,-944.3030540621281
2020-02-06,1568.958,1565.898,0.5808104773655175,3.060000000000173,2020-02-07 04:29:00+00:00,2020-02-07 10:10:00+00:00,short,1565.848,1569.175,1569.225,3.326999999999998,-1.0360685302073804,stop,0.8545235948301318,1.0291553952509709,341,0.21699999999987085,0.01,90100.5627138151,-0.19067120239438562,273.65145560956205,-943.2765674861475
2020-02-10,1571.895,1566.838,0.959855746417407,5.057000000000016,2020-02-11 06:58:00+00:00,2020-02-11 13:00:00+00:00,short,1566.788,1572.212,1569.975,5.423999999999978,-0.600479351032432,time,0.1462020648967779,0.6275811209439547,362,0.3170000000000073,0.005,89830.04507668487,-0.19310112855017603,83.0573033866293,-270.51763713024314
2020-02-11,1568.275,1565.665,0.5085736554949637,2.6100000000001273,2020-02-12 04:07:00+00:00,2020-02-12 05:35:00+00:00,long,1568.592,1565.665,1565.615,2.9270000000001346,-1.0409976084728216,stop,0.0,1.0785787495729442,88,0.26700000000005275,0.005,89362.4807662157,-0.19730102752746936,153.45070904796847,-467.56431046917356
2020-02-16,1583.558,1581.375,0.43725588382573155,2.1829999999999927,2020-02-17 07:39:00+00:00,2020-02-17 13:00:00+00:00,short,1581.325,1583.848,1581.7649999999999,2.522999999999911,-0.2021403091557056,time,0.8957590170432306,0.3170828378913923,321,0.2899999999999636,0.005,89272.16196877068,-0.19811231661974216,177.09568126480153,-90.31879744501819
2020-02-17,1587.028,1585.245,0.3571357035553543,1.7830000000001291,2020-02-18 04:14:00+00:00,2020-02-18 06:18:00+00:00,long,1587.3719999999998,1585.245,1585.195,2.1269999999999527,-1.0564174894217004,stop,0.0,1.0079924776679952,124,0.29399999999986903,0.005,88800.6186026592,-0.2023479574861159,209.8546355636405,-471.5433661114807
2020-02-18,1604.738,1600.135,0.9564675324675461,4.6030000000000655,2020-02-19 06:24:00+00:00,2020-02-19 13:00:00+00:00,long,1604.9879999999998,1600.135,1606.738,4.852999999999838,0.3461776220894876,time,1.2816814341645295,0.4766124046981149,396,0.1999999999998181,0.005,88954.32253759893,-0.20096731104945453,91.49043746410692,153.70393493972043
2020-03-04,1640.768,1636.698,0.6772046589018207,4.069999999999936,2020-03-05 06:51:00+00:00,2020-03-05 13:00:00+00:00,long,1641.135,1636.698,1652.405,4.436999999999898,2.5242280820374665,time,2.9824205544287246,0.9143565472166124,369,0.3170000000000073,0.005,90077.02753243905,-0.19088260728988016,100.24151739644013,1122.7049948401277
2020-03-26,1627.278,1619.748,0.48269230769230875,7.529999999999973,2020-03-27 05:34:00+00:00,2020-03-27 07:19:00+00:00,long,1629.0819999999999,1619.748,1619.698,9.333999999999833,-1.0128562245553843,stop,0.0,1.1660595671737715,105,1.7539999999999054,0.01,89164.67675218228,-0.19907780316590484,96.50420776991716,-912.3507802567763
2020-03-29,1628.798,1615.0,0.8844871794871848,13.798000000000002,2020-03-30 03:22:00+00:00,2020-03-30 12:00:00+00:00,short,1614.95,1629.92,1621.702,14.970000000000027,-0.4557114228456874,time,0.10607882431529476,0.9186372745490934,518,1.122000000000071,0.005,88961.5099436307,-0.20090275013544467,29.781121159713464,-203.16680855156383
2020-03-30,1618.848,1611.388,0.5406580663864354,7.460000000000036,2020-03-31 06:58:00+00:00,2020-03-31 08:44:00+00:00,long,1620.642,1611.388,1611.338,9.254000000000133,-1.0129673654635782,stop,0.0,1.8439593689215295,106,1.7440000000001419,0.005,88510.9344118544,-0.2049500473151672,48.06651715130183,-450.57553177630757
2020-03-31,1583.445,1576.348,0.5143499057834453,7.09699999999998,2020-04-01 03:04:00+00:00,2020-04-01 12:00:00+00:00,long,1584.9889999999998,1576.348,1588.345,8.640999999999849,0.38028006017825244,time,1.7357944682329027,0.30332137484086485,536,1.4939999999999145,0.005,88679.22912917726,-0.2034383390959087,51.21567782192798,168.29471732286672
2020-04-01,1592.988,1582.868,0.7334396289317378,10.120000000000118,2020-04-02 04:48:00+00:00,2020-04-02 06:22:00+00:00,short,1582.818,1593.145,1593.195,10.326999999999998,-1.011620025176717,stop,0.0,1.0442529292146903,94,0.15699999999992542,0.005,88230.6807091557,-0.20746742773320181,42.93561979721956,-448.5484200215507
2020-04-02,1613.995,1608.318,0.41143644006377056,5.676999999999907,2020-04-03 03:09:00+00:00,2020-04-03 06:38:00+00:00,long,1615.5919999999999,1608.318,1608.268,7.273999999999887,-1.016497113005218,stop,0.0,1.0437173494638423,209,1.5470000000000255,0.005,87782.24954805899,-0.21149546309156075,60.647979591117036,-448.43116109670973
2020-04-05,1621.968,1615.198,0.4906508189592681,6.769999999999982,2020-04-06 06:07:00+00:00,2020-04-06 12:00:00+00:00,long,1622.385,1615.198,1639.425,7.186999999999898,2.361207736190372,time,2.878808960623396,0.2792542089884639,353,0.3669999999999618,0.005,88818.61018172433,-0.20218634802871382,61.070161088117594,1036.3606336653534
2020-04-07,1650.428,1640.398,0.6823593441730886,10.0300000000002,2020-04-08 04:25:00+00:00,2020-04-08 12:00:00+00:00,long,1651.3220000000001,1640.398,1648.785,10.924000000000206,-0.23864884657634433,time,0.3227755400951825,0.85335042109117,455,0.8440000000000509,0.01,88606.64559298051,-0.2040903211069719,81.3059412135872,-211.96458874382463
2020-04-08,1648.848,1645.695,0.2145043880536111,3.15300000000002,2020-04-09 03:17:00+00:00,2020-04-09 12:00:00+00:00,long,1650.182,1645.695,1662.988,4.48700000000008,2.8384221083128622,time,3.3755293068864916,0.8350791174504132,523,1.2840000000001055,0.005,89864.1609019533,-0.19279468296302105,98.73706885778797,1257.5153089727917
2020-04-13,1725.548,1713.828,0.9742310889443104,11.720000000000027,2020-04-14 04:46:00+00:00,2020-04-14 08:03:00+00:00,short,1713.778,1727.0349999999999,1727.0849999999998,13.256999999999834,-1.0090518216791096,stop,0.30293429886098866,1.0103341630836669,197,1.4869999999998527,0.01,88957.3849493355,-0.20093980291927338,67.78619665230025,-906.7759526178061
2020-04-14,1730.998,1719.645,0.9686860068259419,11.353000000000065,2020-04-15 06:19:00+00:00,2020-04-15 12:00:00+00:00,short,1719.595,1732.625,1723.532,13.029999999999973,-0.3075211051419729,time,0.832156561780514,0.4909439754412853,341,1.6269999999999527,0.01,88683.82221603389,-0.20339708166808568,68.27120871015785,-273.5627333015956
2020-04-15,1719.498,1711.888,0.670307407733646,7.610000000000127,2020-04-16 06:15:00+00:00,2020-04-16 12:00:00+00:00,long,1720.952,1711.888,1736.608,9.064000000000078,1.7195498676080996,time,1.7732789055604539,0.342453662842014,345,1.4039999999999964,0.01,90208.7847635395,-0.189699097240547,97.84181621362877,1524.9625475056132
2020-04-19,1681.058,1671.598,0.9347826086956449,9.460000000000036,2020-04-20 03:16:00+00:00,2020-04-20 12:00:00+00:00,long,1682.512,1671.598,1686.488,10.913999999999987,0.35788894997252313,time,0.6391790361004326,0.8588968297599445,524,1.4039999999999964,0.01,90531.6320361127,-0.18679911984804343,82.65419164700349,322.847272573205
2020-04-20,1692.208,1686.678,0.5513459621136453,5.529999999999973,2020-04-21 04:52:00+00:00,2020-04-21 05:39:00+00:00,short,1686.6280000000002,1693.382,1693.432,6.753999999999905,-1.0177672490376009,stop,0.0,1.0059224163458638,47,1.1739999999999782,0.01,89610.23073522991,-0.19507561207511548,134.04150434722234,-921.4013008827876
2020-04-21,1691.701,1683.3,0.8880549682875302,8.401000000000067,2020-04-22 03:21:00+00:00,2020-04-22 07:21:00+00:00,short,1683.25,1692.605,1692.655,9.355000000000018,-1.0128273650454254,stop,0.2435061464457526,1.03923035809727,240,0.9039999999999964,0.01,88702.63379646315,-0.2032281065439432,95.78859512050212,-907.596938766755
2020-04-23,1728.988,1721.228,0.8689323106208998,7.759999999999991,2020-04-24 05:09:00+00:00,2020-04-24 06:32:00+00:00,short,1721.178,1730.282,1730.3319999999999,9.103999999999814,-1.013181019332157,stop,0.0,1.1164323374341163,83,1.293999999999869,0.01,87803.91554718968,-0.2113008481358134,97.43259424040528,-898.7182492734759
2020-04-26,1727.225,1720.775,0.7222439952969912,6.449999999999818,2020-04-27 04:27:00+00:00,2020-04-27 12:00:00+00:00,short,1720.7250000000001,1727.749,1715.0819999999999,7.023999999999887,0.7934225512528966,time,1.0724658314351154,0.5064066059225294,453,0.5240000000001146,0.01,88500.57161402413,-0.20504313120338258,125.00557452618322,696.6560668344512
2020-04-28,1712.138,1704.775,0.8244779127708176,7.362999999999829,2020-04-29 05:21:00+00:00,2020-04-29 07:59:00+00:00,long,1712.6519999999998,1704.775,1704.7250000000001,7.876999999999725,-1.0152342262282543,stop,0.06169861622446625,1.0503998984385141,158,0.4639999999999418,0.01,87602.08352059091,-0.21311380541915825,112.35314410819755,-898.4880934332199
2020-04-29,1714.538,1708.798,0.6427411679077292,5.740000000000009,2020-04-30 05:47:00+00:00,2020-04-30 12:00:00+00:00,long,1715.405,1708.798,1716.305,6.606999999999971,0.12562433782353483,time,0.9373391857121252,0.6364461934312011,373,0.8170000000000073,0.01,87712.13305793327,-0.21212528484779125,132.58980402692794,110.04953734236226
2020-05-03,1700.038,1695.145,0.5732528850096642,4.893000000000029,2020-05-04 03:59:00+00:00,2020-05-04 12:00:00+00:00,long,1700.792,1695.145,1706.3880000000001,5.6469999999999345,0.9785726934656092,time,2.2022312732424814,0.7887373826810701,481,0.7039999999999509,0.01,88570.46004089442,-0.20441535802659183,155.3251869274558,858.3269829611565
2020-05-04,1703.565,1696.488,0.8291254173744877,7.076999999999998,2020-05-05 05:59:00+00:00,2020-05-05 07:07:00+00:00,long,1704.232,1696.488,1696.438,7.7439999999999145,-1.0154958677685895,stop,0.0,1.8651859504132386,68,0.6169999999999618,0.01,87671.03067911552,-0.2124944871904333,114.37301141644552,-899.4293617789127
2020-05-05,1707.538,1701.0,0.7782406856326578,6.538000000000011,2020-05-06 03:21:00+00:00,2020-05-06 07:45:00+00:00,short,1700.95,1707.702,1707.752,6.751999999999953,-1.0177725118483347,stop,0.0,1.0311018957346028,264,0.16399999999998727,0.01,86778.73902800935,-0.22050950182909934,129.8445359584066,-892.2916511061582
2020-05-06,1693.788,1689.268,0.5824742268041221,4.519999999999982,2020-05-07 05:48:00+00:00,2020-05-07 09:14:00+00:00,short,1689.218,1694.4350000000002,1694.4850000000001,5.217000000000098,-1.0230017251293757,stop,0.8527889591719351,1.2946137626988266,206,0.6470000000001619,0.01,85890.9910307073,-0.22848370307260724,166.33839184973687,-887.7479973020545
2020-05-11,1700.478,1693.605,0.8505661778355328,6.873000000000047,2020-05-12 03:15:00+00:00,2020-05-12 12:00:00+00:00,long,1701.262,1693.605,1704.26,7.656999999999925,0.3823951939401954,time,0.7739323494841603,0.38317879064907895,525,0.7339999999999236,0.01,86219.43405243634,-0.22553346183269152,112.17316315881956,328.443021729029
2020-05-12,1706.558,1701.145,0.7043591411841209,5.413000000000011,2020-05-13 03:01:00+00:00,2020-05-13 11:08:00+00:00,short,1701.095,1707.272,1707.322,6.176999999999907,-1.0194269062651702,stop,0.23522745669418751,1.009227780475962,487,0.7139999999999418,0.01,85340.48994327625,-0.23342858210278938,139.58140529777828,-878.9441091600904
2020-05-13,1719.268,1711.918,0.9817671809256873,7.350000000000136,2020-05-14 04:24:00+00:00,2020-05-14 12:00:00+00:00,short,1711.868,1719.932,1716.435,8.064000000000078,-0.575024801587297,time,0.04414682539682429,0.9714781746031727,456,0.6639999999999873,0.01,84849.76096030629,-0.23783655787757785,105.82898058441893,-490.72898296995135
2020-05-14,1734.345,1728.428,0.8043227078094107,5.916999999999916,2020-05-15 05:54:00+00:00,2020-05-15 12:00:00+00:00,long,1735.112,1728.428,1732.178,6.683999999999969,-0.44943147815678974,time,0.5185517654099208,0.7695990424895316,366,0.7170000000000982,0.01,84468.41942540988,-0.24126196030147928,126.94458551811293,-381.34153489640727
2020-05-18,1740.115,1733.898,0.8618562417689111,6.217000000000098,2020-05-19 06:17:00+00:00,2020-05-19 12:00:00+00:00,short,1733.848,1740.542,1736.185,6.69399999999996,-0.35957573946818094,time,1.0282342396175799,0.7789064834179822,343,0.42699999999990723,0.01,84164.69148164388,-0.24399019821835166,126.18526953303017,-303.7279437660022
2020-05-21,1730.295,1724.745,0.7956989247312063,5.550000000000182,2020-05-22 03:15:00+00:00,2020-05-22 06:00:00+00:00,short,1724.695,1731.0720000000001,1731.122,6.37700000000018,-1.0188176258428652,stop,0.00940881292142759,1.0344989807119012,165,0.7770000000000437,0.01,83307.20677009263,-0.25169255933200274,131.98163945686295,-857.4847115512563
2020-05-24,1731.198,1725.878,0.7755102040816422,5.320000000000164,2020-05-25 05:34:00+00:00,2020-05-25 12:00:00+00:00,short,1725.828,1731.7450000000001,1728.882,5.917000000000144,-0.5279702551968922,time,0.27936454284265333,0.8997802940679297,386,0.5470000000000255,0.005,83087.2881340019,-0.25366797968407884,70.39649042596805,-219.91863609073036
2020-05-26,1715.895,1709.548,0.9252186588921082,6.34699999999998,2020-05-27 03:40:00+00:00,2020-05-27 12:00:00+00:00,short,1709.498,1716.172,1701.155,6.673999999999978,1.2395864548996256,time,1.6970332634102576,0.2628109080011854,500,0.27700000000004366,0.005,83602.25751872815,-0.24904226436787147,62.2469944066543,514.9693847262556
2020-05-27,1715.028,1708.925,0.9119163242435512,6.1030000000000655,2020-05-28 04:14:00+00:00,2020-05-28 12:00:00+00:00,long,1715.235,1708.925,1720.968,6.309999999999945,0.897464342313823,time,1.7226624405705566,0.11362916006337195,466,0.15699999999992542,0.005,83977.40774402813,-0.24567247541629866,66.2458458943969,375.1502252999811
2020-06-01,1742.388,1736.365,0.8779883381923905,6.022999999999911,2020-06-02 04:41:00+00:00,2020-06-02 12:00:00+00:00,short,1736.315,1743.105,1740.5049999999999,6.789999999999964,-0.6273932253313476,time,0.19337260677468468,0.9042709867451997,439,0.7170000000000982,0.005,83713.97346053067,-0.2480387753093225,61.83903368485168,-263.43428349745744
2020-06-04,1715.988,1710.235,0.8089713843774284,5.753000000000156,2020-06-05 03:08:00+00:00,2020-06-05 12:00:00+00:00,short,1710.185,1716.4850000000001,1706.175,6.300000000000182,0.625396825396806,time,1.232222222222174,0.566190476190461,532,0.49700000000007094,0.005,83975.74572674852,-0.24568740449560722,66.43966147660973,261.7722662178418
2020-06-09,1718.535,1712.898,0.7941114319926794,5.637000000000171,2020-06-10 05:52:00+00:00,2020-06-10 12:00:00+00:00,long,1719.072,1712.898,1723.555,6.173999999999978,0.714771622934919,time,0.8216715257531764,0.5647878198898388,368,0.48699999999985266,0.005,84275.8631270499,-0.2429915983051627,68.00756861576677,300.11740030139066
2020-06-10,1737.235,1730.638,0.9293512713953399,6.59699999999998,2020-06-11 04:28:00+00:00,2020-06-11 12:00:00+00:00,short,1730.588,1737.5919999999999,1727.905,7.003999999999905,0.37307252998287094,time,1.2315819531696306,0.9932895488292691,452,0.3569999999999709,0.01,84590.27322178289,-0.2401674079087769,120.32533284844523,314.4100947329865
2020-06-16,1728.688,1722.538,0.8382743815170844,6.150000000000091,2020-06-17 05:54:00+00:00,2020-06-17 07:46:00+00:00,long,1728.9450000000002,1722.538,1722.488,6.407000000000153,-1.0187295145934059,stop,0.0655533010769214,1.1061339160293504,112,0.20700000000010732,0.01,83728.52714199739,-0.24790804678591027,132.027896397348,-861.7460797855047
2020-06-18,1726.308,1722.175,0.5981186685962456,4.133000000000038,2020-06-19 03:21:00+00:00,2020-06-19 12:00:00+00:00,long,1726.995,1722.175,1733.7050000000002,4.819999999999936,1.3775933609959234,time,1.4508298755187257,0.3831950207468889,519,0.6369999999999436,0.005,84305.2464575813,-0.24272766237787924,86.85531861203164,576.7193155839129
2020-06-23,1773.498,1767.6,0.8039255775915133,5.898000000000138,2020-06-24 03:00:00+00:00,2020-06-24 08:49:00+00:00,short,1767.55,1774.0449999999998,1774.0949999999998,6.494999999999891,-1.0184757505773605,stop,0.24865280985373922,1.0646651270207974,349,0.5469999999997981,0.01,83446.61796594637,-0.25044029750239083,129.80022549281406,-858.6284916349449
2020-06-25,1766.198,1760.658,0.7289473684210755,5.540000000000191,2020-06-26 03:25:00+00:00,2020-06-26 08:50:00+00:00,short,1760.608,1766.762,1766.812,6.153999999999996,-1.01949951251218,stop,0.37309067273318985,1.0796230094247659,325,0.5639999999998508,0.01,82595.88010257564,-0.25808205501534165,135.59736426055642,-850.7378633707244
2020-06-29,1773.058,1768.668,0.5993174061433639,4.3900000000001,2020-06-30 06:37:00+00:00,2020-06-30 11:35:00+00:00,long,1773.675,1768.668,1768.618,5.007000000000062,-1.0239664469742267,stop,0.0,1.0445376472937795,298,0.5670000000000073,0.005,82173.00305315893,-0.26188055042570346,82.48040753202979,-422.877049416718
2020-06-30,1783.438,1780.158,0.4477815699659018,3.2800000000002,2020-07-01 03:40:00+00:00,2020-07-01 10:32:00+00:00,long,1784.085,1780.158,1780.108,3.9270000000001346,-1.0305576776164886,stop,1.253628724216917,1.048892284186402,412,0.59699999999998,0.005,81749.58295721275,-0.26568392375448757,104.62567233658788,-423.42009594618054
2020-07-01,1770.308,1766.0,0.6234442836468904,4.307999999999993,2020-07-02 05:14:00+00:00,2020-07-02 08:13:00+00:00,short,1765.95,1770.9379999999999,1770.9879999999998,4.987999999999829,-1.024057738572566,stop,0.285685645549319,1.0094226142742637,179,0.6299999999998818,0.005,81331.00149195068,-0.26944383405667494,81.94625396673572,-418.5814652620684
2020-07-02,1777.008,1772.978,0.6126016569126694,4.029999999999973,2020-07-03 04:22:00+00:00,2020-07-03 12:00:00+00:00,short,1772.928,1777.462,1776.2949999999998,4.533999999999878,-0.7580502867225025,time,0.0,0.9845610939567847,458,0.4539999999999509,0.005,81022.73654694867,-0.27221282561197613,89.69012074542663,-308.26494500200744
2020-07-06,1787.038,1782.528,0.6855666185300625,4.509999999999991,2020-07-07 05:49:00+00:00,2020-07-07 12:00:00+00:00,short,1782.478,1787.575,1778.215,5.09699999999998,0.8226407690798829,time,1.6472434765548345,0.5664116146752903,371,0.5370000000000346,0.005,81355.99957847837,-0.2692192886076509,79.48080885515891,333.26303152969297
2020-07-08,1810.188,1805.868,0.6797797010228405,4.320000000000164,2020-07-09 04:15:00+00:00,2020-07-09 10:58:00+00:00,long,1810.605,1805.868,1805.818,4.73700000000008,-1.025332488917026,stop,1.1082963901203107,1.0527760185771577,403,0.3669999999999618,0.005,80938.9148307977,-0.2729657546359733,85.87291490234009,-417.0847476806688
2020-07-09,1804.068,1799.938,0.6855909694554786,4.129999999999882,2020-07-10 03:00:00+00:00,2020-07-10 08:39:00+00:00,short,1799.8880000000001,1804.662,1804.712,4.773999999999887,-1.0251361541684034,stop,0.7532467532468194,1.038332635106828,339,0.5940000000000509,0.005,80524.04779143666,-0.27669230008717927,84.7705433921236,-414.86703936103953
2020-07-12,1804.575,1799.728,0.8475257912222137,4.84699999999998,2020-07-13 03:26:00+00:00,2020-07-13 12:00:00+00:00,long,1804.9689999999998,1799.728,1808.928,5.240999999999758,0.7420339629842524,time,0.9456210646823812,0.4243464987597854,514,0.34399999999982356,0.005,80822.80568292773,-0.2740087056920626,76.82126291875633,298.75789149106544
2020-07-14,1811.108,1807.438,0.6957345971563568,3.6699999999998454,2020-07-15 04:10:00+00:00,2020-07-15 07:51:00+00:00,short,1807.3880000000001,1811.3819999999998,1811.4319999999998,3.993999999999687,-1.0300450676013932,stop,0.31697546319483616,1.0100150225338493,221,0.2739999999998872,0.005,80406.5500212107,-0.2777477244511798,101.1802775199475,-416.2556617170278
2020-07-16,1799.385,1795.608,0.7663589327381668,3.7770000000000437,2020-07-17 05:34:00+00:00,2020-07-17 12:00:00+00:00,long,1799.882,1795.608,1805.768,4.274000000000115,1.3607861488066941,time,1.4871314927468002,0.28872250818907763,386,0.4470000000001164,0.005,80953.63061892168,-0.27283356998862507,94.06475201358043,547.0805977109807
2020-07-19,1809.565,1805.565,0.8116059653038474,4.0,2020-07-20 05:30:00+00:00,2020-07-20 12:00:00+00:00,long,1809.902,1805.565,1815.078,4.336999999999989,1.177311505649053,time,1.2303435554530842,0.5543002075167172,390,0.28700000000003456,0.01,81906.70702643889,-0.26427255594288357,186.65812916514153,953.0764075171996
2020-07-20,1818.358,1815.668,0.5749706102383377,2.6900000000000546,2020-07-21 03:13:00+00:00,2020-07-21 12:00:00+00:00,long,1818.8419999999999,1815.668,1827.885,3.173999999999978,2.827032136105917,time,2.966603654694465,0.5557655954631091,527,0.4339999999999691,0.01,84222.23595570245,-0.2434733046652382,258.0551576132308,2315.5289292635507
2020-08-23,1936.795,1930.148,0.44907610715131563,6.647000000000162,2020-08-24 06:34:00+00:00,2020-08-24 12:00:00+00:00,long,1937.452,1930.148,1949.9850000000001,7.304000000000087,1.7063253012048165,time,1.8409090909090569,0.6636089813800551,326,0.6069999999999709,0.01,85659.34127705502,-0.23056449825237246,115.30974254614107,1437.105321352571
2020-08-24,1936.135,1926.365,0.6920978996210109,9.769999999999982,2020-08-25 03:33:00+00:00,2020-08-25 08:20:00+00:00,long,1936.752,1926.365,1926.315,10.386999999999944,-1.0115529026667907,stop,0.06479252912294267,1.033407143544814,287,0.5670000000000073,0.01,84792.85172396172,-0.23834774540444936,82.46783602296668,-866.4895530933024
2020-08-25,1931.358,1923.848,0.5483753194596541,7.509999999999991,2020-08-26 04:55:00+00:00,2020-08-26 12:00:00+00:00,short,1923.798,1931.8849999999998,1918.055,8.086999999999762,0.7014962285149134,time,1.194880672684592,0.19871398540868285,425,0.5269999999998163,0.01,85387.67038085556,-0.23300478356406262,104.85081207365428,594.8186568938343
2020-08-30,1976.368,1967.325,0.643859024563896,9.042999999999893,2020-08-31 05:01:00+00:00,2020-08-31 12:00:00+00:00,short,1967.275,1976.905,1966.245,9.629999999999882,0.09968847352027121,time,1.3115264797508062,0.3759086188992664,419,0.5370000000000346,0.01,85472.79204603276,-0.23224017774082417,88.668401226227,85.12166517719567
2020-09-02,1950.905,1941.595,0.6425120772946868,9.309999999999945,2020-09-03 04:44:00+00:00,2020-09-03 12:00:00+00:00,short,1941.545,1951.4219999999998,1935.062,9.876999999999725,0.649286220512337,time,1.4228004454794474,0.13465627214740955,436,0.5169999999998254,0.01,86027.75510707482,-0.22725521900826529,86.53719960112902,554.9630610420555
2020-09-06,1941.268,1931.945,0.6434092477570849,9.323000000000093,2020-09-07 05:47:00+00:00,2020-09-07 12:00:00+00:00,short,1931.895,1941.7549999999999,1928.7749999999999,9.8599999999999,0.30933062880326057,time,0.7213995943204998,0.274543610547681,373,0.48699999999985266,0.01,86293.86530289285,-0.22486488271817928,87.24924453050272,266.1101958180436
2020-09-07,1931.858,1924.598,0.5010351966873736,7.259999999999991,2020-09-08 03:07:00+00:00,2020-09-08 06:00:00+00:00,short,1924.548,1932.415,1932.465,7.866999999999962,-1.0152535909495304,stop,0.18380577094189904,1.1292741832973252,173,0.5570000000000164,0.01,85417.76373663609,-0.2327344698310938,109.69094356539122,-876.1015662567705
2020-09-08,1930.568,1923.008,0.5217391304347826,7.559999999999945,2020-09-09 05:16:00+00:00,2020-09-09 10:52:00+00:00,long,1930.945,1923.008,1922.958,7.936999999999898,-1.0151190626181121,stop,0.4300113392969705,1.0444752425349717,336,0.3269999999999982,0.01,84550.67173408339,-0.24052312848873636,107.6197098861499,-867.0920025526939
2020-09-09,1950.758,1943.528,0.5024322446143212,7.230000000000018,2020-09-10 06:26:00+00:00,2020-09-10 10:58:00+00:00,short,1943.478,1951.212,1951.262,7.733999999999924,-1.0155159038013908,stop,0.10899922420482065,1.0025859839668971,272,0.4539999999999509,0.01,83692.04621585287,-0.24823573690462641,109.32334074745827,-858.625518230524
2020-09-10,1949.318,1938.408,0.7823592685550471,10.910000000000082,2020-09-11 03:04:00+00:00,2020-09-11 12:00:00+00:00,short,1938.358,1949.662,1944.975,11.304000000000087,-0.5915605095541322,time,0.07218683651804889,0.8956121726822316,536,0.34400000000005093,0.01,83196.9571208021,-0.25268287741003925,74.03754973093793,-495.08909505077906
2020-09-13,1950.518,1939.728,0.8822567457072729,10.789999999999964,2020-09-14 03:02:00+00:00,2020-09-14 12:00:00+00:00,long,1950.895,1939.728,1943.855,11.166999999999916,-0.6366974120175533,time,0.06447568729291955,0.9865675651473211,538,0.3269999999999982,0.01,82667.2442479366,-0.25744102618913345,74.50251376448708,-529.7128728655005
2020-09-14,1965.828,1954.988,0.9990783410138152,10.839999999999918,2020-09-15 03:32:00+00:00,2020-09-15 12:00:00+00:00,long,1966.135,1954.988,1967.998,11.146999999999935,0.16085045303669748,time,0.5286624203821714,0.5228312550462015,508,0.25700000000006185,0.01,82800.21488482236,-0.25624661671569404,74.16097985820139,132.97063688575926
2020-09-15,1959.765,1949.798,0.9215903837263202,9.967000000000098,2020-09-16 03:40:00+00:00,2020-09-16 12:00:00+00:00,long,1960.242,1949.798,1963.085,10.44399999999996,0.2655112983531296,time,0.7981616238988936,0.32047108387590895,500,0.42699999999990723,0.01,83020.05881040223,-0.25427186745119057,79.28017510994128,219.8439255798731
2020-09-22,1905.208,1898.918,0.6060606060606226,6.290000000000191,2020-09-23 03:02:00+00:00,2020-09-23 12:00:00+00:00,short,1898.868,1905.6580000000001,1883.8519999999999,6.790000000000191,2.201178203240008,time,3.7471281296022485,0.2072164948453775,538,0.4500000000000455,0.01,84847.47824925384,-0.23785706234209747,122.26812785036805,1827.4194388516098
2020-09-24,1869.488,1861.665,0.7537698125933487,7.823000000000093,2020-09-25 03:18:00+00:00,2020-09-25 10:29:00+00:00,long,1869.965,1861.665,1861.615,8.299999999999955,-1.0144578313252959,stop,0.6156626506024283,1.2791566265060266,431,0.42699999999990723,0.01,83986.73636147226,-0.24558868105906073,102.22587740874012,-860.7418877815826
2020-09-27,1863.198,1857.525,0.5881804043545822,5.673000000000002,2020-09-28 04:22:00+00:00,2020-09-28 05:49:00+00:00,long,1863.6720000000003,1857.525,1857.4750000000001,6.147000000000162,-1.0195217179111684,stop,0.028143809988574898,1.0027655767040917,87,0.42400000000020555,0.01,83130.47334410225,-0.2532800682980436,136.63044796074516,-856.2630173700059
2020-09-28,1887.158,1880.938,0.6448937273198277,6.2199999999998,2020-09-29 04:40:00+00:00,2020-09-29 11:05:00+00:00,short,1880.8880000000001,1887.5949999999998,1887.6449999999998,6.706999999999653,-1.0178917548829522,stop,0.7627851498435184,1.0238556731773247,385,0.43699999999989814,0.01,82284.29511013746,-0.2608808689149055,123.94583769808642,-846.1782339647873
2020-09-29,1897.428,1892.168,0.5645897064348422,5.260000000000218,2020-09-30 03:01:00+00:00,2020-09-30 12:00:00+00:00,short,1892.118,1897.8750000000002,1884.192,5.757000000000289,1.364599617856442,time,1.8370679173179592,0.1245440333507143,539,0.4470000000001164,0.01,83407.14628676626,-0.25079485207661445,142.92912126130508,1122.8511766288027
2020-09-30,1892.355,1884.555,0.8634527038246582,7.7999999999999545,2020-10-01 03:00:00+00:00,2020-10-01 12:00:00+00:00,long,1892.792,1884.555,1900.425,8.236999999999853,0.9181740925094298,time,1.1441058637853765,0.24693456355468185,540,0.3869999999999436,0.01,84172.9690952728,-0.2439158445086349,101.25913109963307,765.8228085065288
2020-10-04,1903.015,1897.378,0.6499106473742062,5.637000000000171,2020-10-05 03:13:00+00:00,2020-10-05 11:57:00+00:00,short,1897.328,1903.432,1903.482,6.104000000000042,-1.0196592398427184,stop,1.6523591087811178,1.0131061598951387,524,0.4169999999999163,0.01,83314.69163844289,-0.2516253264610895,137.89804897652724,-858.277456829905
2020-10-07,1889.098,1883.728,0.6191272266097766,5.369999999999891,2020-10-08 03:30:00+00:00,2020-10-08 05:29:00+00:00,short,1883.678,1889.485,1889.5349999999999,5.806999999999789,-1.020664714999132,stop,0.0,1.004649560874814,119,0.3869999999999436,0.01,82464.32797847898,-0.25926372268989095,143.47286316246928,-850.3636599639187
2020-10-14,1900.198,1891.778,0.9707730443304413,8.420000000000073,2020-10-15 04:30:00+00:00,2020-10-15 09:03:00+00:00,long,1900.555,1891.778,1891.728,8.777000000000044,-1.0136720975276239,stop,0.33758687478636784,1.0216474877520854,273,0.30700000000001637,0.01,81628.41009534747,-0.2667723596492484,93.95502788934553,-835.9178831315071
2020-10-15,1910.588,1904.818,0.6784244562022231,5.769999999999982,2020-10-16 04:24:00+00:00,2020-10-16 08:32:00+00:00,short,1904.768,1910.975,1911.0249999999999,6.20699999999988,-1.0193330111164745,stop,0.2764620589657089,1.0091831802803315,248,0.3869999999999436,0.01,80796.34476479606,-0.2742463910339741,131.5102466495071,-832.0653305514096
2020-10-18,1902.715,1896.878,0.7187095979806599,5.836999999999989,2020-10-19 04:47:00+00:00,2020-10-19 12:00:00+00:00,long,1903.0519999999997,1896.878,1912.1280000000002,6.173999999999751,1.4586977648203499,time,1.7351797862003324,0.12585034013599292,433,0.2869999999998072,0.005,81385.63200236637,-0.26895311519792875,65.43273790476135,589.287237570312
2020-10-22,1906.948,1901.235,0.7034414824847792,5.713000000000193,2020-10-23 03:00:00+00:00,2020-10-23 12:00:00+00:00,long,1907.345,1901.235,1910.375,6.110000000000127,0.48445171849425717,time,0.8777414075286325,0.7883797054009668,540,0.34699999999998,0.005,81582.76904878781,-0.2671823305997175,66.6003535207567,197.13704642143801
2020-10-25,1902.355,1896.258,0.751787916152894,6.09699999999998,2020-10-26 05:32:00+00:00,2020-10-26 09:53:00+00:00,short,1896.208,1902.779,1902.829,6.570999999999913,-1.018262060569161,stop,0.1576624562471575,1.0263278039872172,261,0.42399999999997817,0.005,81167.40585619504,-0.2709133327500426,62.07789457372462,-415.36319259278326
2020-10-27,1908.145,1902.365,0.6872770511295977,5.779999999999973,2020-10-28 04:34:00+00:00,2020-10-28 08:21:00+00:00,long,1908.4989999999998,1902.365,1902.315,6.133999999999787,-1.0195630909683664,stop,0.3699054450603703,1.0044016954678912,227,0.30399999999985994,0.005,80753.6294001919,-0.2746300820302686,66.16188935131876,-413.7764560031305
2020-10-28,1880.095,1875.675,0.5255648038049976,4.420000000000073,2020-10-29 03:25:00+00:00,2020-10-29 10:17:00+00:00,long,1880.512,1875.675,1875.625,4.836999999999989,-1.024808765763894,stop,0.8984908000826987,1.1048170353525042,412,0.3669999999999618,0.005,80339.84426380908,-0.27834690928205263,83.47491151560067,-413.78513638282783
2020-11-02,1898.508,1890.588,0.916507550772437,7.920000000000073,2020-11-03 06:07:00+00:00,2020-11-03 09:35:00+00:00,short,1890.538,1898.925,1898.975,8.386999999999944,-1.0143078573983493,stop,0.38106593537616956,1.0628353404077795,208,0.4169999999999163,0.005,79932.39758731438,-0.28200680128320765,47.89545979719186,-407.44667649470625
2020-11-04,1909.645,1902.358,0.8432563791008483,7.287000000000035,2020-11-05 05:45:00+00:00,2020-11-05 13:00:00+00:00,long,1910.002,1902.358,1927.2350000000001,7.6440000000000055,2.245290423861874,time,2.420591313448475,0.37336473050759283,435,0.30700000000001637,0.005,80829.75482160997,-0.27394628501582385,52.28440449196384,897.3572342955846
2020-11-05,1945.708,1937.328,0.969739049933466,8.38000000000011,2020-11-06 04:01:00+00:00,2020-11-06 07:34:00+00:00,short,1937.278,1946.0980000000002,1946.1480000000001,8.820000000000164,-1.0136054421768654,stop,0.17414965986394895,1.0812925170067866,213,0.39000000000010004,0.01,80010.46002783992,-0.2813056049840307,91.64371294966946,-819.2947937700559
2020-11-08,1961.108,1952.888,0.9774078478002315,8.220000000000027,2020-11-09 04:02:00+00:00,2020-11-09 11:34:00+00:00,long,1961.4349999999997,1952.888,1952.838,8.546999999999798,-1.014040014040009,stop,0.4656604656605054,1.0904410904410822,452,0.2769999999998163,0.01,79199.12194774013,-0.28859345372815537,93.61233184490676,-811.3380800997837
2020-11-10,1882.978,1876.998,0.7127532777115551,5.980000000000018,2020-11-11 05:22:00+00:00,2020-11-11 07:24:00+00:00,long,1883.4250000000002,1876.998,1876.948,6.427000000000135,-1.0186712307452859,stop,0.14828069083549514,1.0217831025361905,122,0.3970000000001619,0.005,78795.73261259787,-0.29221690063841044,61.61437836295198,-403.38933514225215
2020-11-16,1892.368,1887.365,0.5963051251489713,5.002999999999929,2020-11-17 04:30:00+00:00,2020-11-17 09:09:00+00:00,short,1887.315,1892.6519999999998,1892.7019999999998,5.336999999999762,-1.0224845418774517,stop,0.5139591530823099,1.0024358253700858,279,0.2839999999998781,0.005,78392.89551978643,-0.2958353870289071,73.82024790387989,-402.8370928114516
2020-11-17,1881.955,1875.548,0.7719277108433582,6.406999999999925,2020-11-18 07:21:00+00:00,2020-11-18 10:29:00+00:00,long,1882.3619999999999,1875.548,1875.498,6.813999999999851,-1.0176108012914524,stop,0.3277076606985946,1.0,188,0.3569999999999709,0.005,77994.02823365919,-0.2994182146091401,57.52340440254487,-398.8672861272349
2020-11-18,1872.528,1866.0,0.8089219330854993,6.52800000000002,2020-11-19 05:01:00+00:00,2020-11-19 13:00:00+00:00,short,1865.95,1872.855,1863.337,6.904999999999973,0.3682838522809655,time,1.5290369297610478,0.37291817523534476,479,0.3269999999999982,0.005,78137.6479395232,-0.298128149815332,56.47648677310609,143.619705864012
2020-11-19,1867.605,1862.025,0.7338725586900622,5.579999999999927,2020-11-20 04:36:00+00:00,2020-11-20 07:40:00+00:00,long,1868.012,1862.025,1861.9750000000001,5.986999999999853,-1.0200434274260828,stop,0.27993986971775503,1.0011691999331989,184,0.3569999999999709,0.005,77739.12896844698,-0.30170784865371325,65.256094821718,-398.51897107621926
2020-11-22,1875.938,1870.385,0.7303215624383602,5.553000000000111,2020-11-23 06:30:00+00:00,2020-11-23 08:36:00+00:00,long,1876.405,1870.385,1870.335,6.019999999999982,-1.0199335548172683,stop,0.0,1.0470099667773924,126,0.4169999999999163,0.005,77342.68523766105,-0.3052689066348313,64.56738286415882,-396.44373078593105
2020-11-25,1812.555,1807.978,0.5671623296158574,4.576999999999998,2020-11-26 05:32:00+00:00,2020-11-26 06:53:00+00:00,short,1807.928,1812.9620000000002,1813.0120000000002,5.0340000000001055,-1.0238379022645911,stop,0.17739372268573905,1.1430274135875615,81,0.4070000000001528,0.005,76946.75337461485,-0.30882536676117633,76.82030714904592,-395.93186304618723
2020-11-26,1813.778,1807.215,0.8132589838909617,6.563000000000102,2020-11-27 04:39:00+00:00,2020-11-27 13:00:00+00:00,short,1807.165,1814.122,1806.905,6.957000000000107,0.027310622394708634,time,0.5634612620382367,0.6626419433664016,501,0.34400000000005093,0.005,76957.26069324442,-0.30873098471409033,55.30167699770998,10.507318629564393
2020-12-01,1815.325,1808.612,0.8658025407880233,6.712999999999965,2020-12-02 05:12:00+00:00,2020-12-02 07:41:00+00:00,short,1808.5620000000001,1815.662,1815.712,7.099999999999909,-1.016901408450698,stop,0.10281690140845458,1.0070422535211205,149,0.3369999999999891,0.005,76565.97095929708,-0.3122457468904033,54.19525400932775,-391.2897339473389
2020-12-03,1844.688,1837.878,0.9120739302216804,6.810000000000173,2020-12-04 06:00:00+00:00,2020-12-04 13:00:00+00:00,short,1837.828,1845.1150000000002,1841.802,7.287000000000262,-0.5549608892548082,time,0.0,0.9300123507616028,420,0.4270000000001346,0.005,76353.51536264594,-0.3141541304498756,52.53600312837541,-212.45559665114666
2020-12-06,1839.578,1834.734,0.7164090808252609,4.844000000000051,2020-12-07 05:10:00+00:00,2020-12-07 08:16:00+00:00,long,1839.935,1834.734,1834.684,5.201000000000022,-1.0230724860603642,stop,0.4562584118438834,1.0453758892520428,186,0.30700000000001637,0.005,75962.93945873839,-0.31766248064395,73.40272578604655,-390.57590390755195
2020-12-10,1840.555,1834.608,0.8795385639281307,5.947000000000116,2020-12-11 05:49:00+00:00,2020-12-11 13:00:00+00:00,short,1834.558,1840.9920000000002,1834.932,6.4340000000001965,-0.06900839291265311,time,1.5800435188062838,0.8352502331364408,431,0.4370000000001255,0.005,75936.72905687355,-0.3178979157221238,59.03243663252725,-26.210401864843497
2020-12-13,1838.008,1834.138,0.5723582045404243,3.8700000000001182,2020-12-14 05:20:00+00:00,2020-12-14 13:00:00+00:00,short,1834.088,1838.375,1824.205,4.287000000000035,2.289013296011187,time,3.4285047818987047,0.3321670165616904,460,0.3669999999999618,0.005,76805.82996920747,-0.3100912120213787,88.56628068214711,869.1009123339129
2020-12-16,1867.395,1861.898,0.7896286719816104,5.497000000000071,2020-12-17 04:38:00+00:00,2020-12-17 13:00:00+00:00,long,1867.812,1861.898,1882.958,5.913999999999987,2.5492052756172163,time,2.5977341900575057,0.29996618194113817,502,0.3669999999999618,0.005,77784.79910398577,-0.3012976164113298,64.93560193541396,978.9691347783129
2020-12-17,1883.278,1878.408,0.6995618760324698,4.870000000000118,2020-12-18 04:53:00+00:00,2020-12-18 08:12:00+00:00,long,1883.705,1878.408,1878.358,5.2970000000000255,-1.022654332641109,stop,0.556919010760814,1.0490843873890863,199,0.3769999999999527,0.005,77387.06429489923,-0.30487027151034785,73.42344638850803,-397.7348090865466
2020-12-22,1867.468,1861.618,0.7677165354330883,5.850000000000136,2020-12-23 05:11:00+00:00,2020-12-23 12:11:00+00:00,long,1867.9820000000002,1861.618,1861.568,6.36400000000026,-1.0188560653676855,stop,0.6656191074795259,1.7353865493399818,420,0.46400000000016917,0.005,76992.83289570994,-0.3084114572107933,60.80064762326844,-394.23139918928564
2020-12-29,1885.115,1879.338,0.7671978751660112,5.777000000000044,2020-12-30 04:09:00+00:00,2020-12-30 07:44:00+00:00,long,1885.582,1879.338,1879.288,6.244000000000142,-1.0192184497117156,stop,0.06822549647660493,1.0288276745675944,215,0.4170000000001437,0.005,76600.47031679554,-0.3119358562228933,61.65345363205333,-392.36257891439334
2021-01-06,1921.585,1914.595,0.8910133843212218,6.990000000000009,2021-01-07 06:04:00+00:00,2021-01-07 10:21:00+00:00,long,1922.07,1914.595,1914.545,7.474999999999909,-1.0160535117056797,stop,0.7288294314381484,1.041070234113715,257,0.43499999999994543,0.005,76211.31943247712,-0.31543140617071075,51.23777278715483,-389.15088431843395
2021-01-07,1913.845,1908.608,0.6939640893129337,5.23700000000008,2021-01-08 04:34:00+00:00,2021-01-08 13:00:00+00:00,short,1908.558,1914.222,1889.482,5.663999999999987,3.355579096045209,time,5.207627118644096,0.607697740112997,506,0.3769999999999527,0.005,77489.98498432533,-0.3039457858543977,67.27694158940439,1278.6655518482212
2021-01-14,1855.498,1849.808,0.6172370776156735,5.690000000000055,2021-01-15 05:39:00+00:00,2021-01-15 09:45:00+00:00,short,1849.758,1855.895,1855.945,6.136999999999944,-1.019553527782297,stop,0.4490793547336012,1.0081473032426194,246,0.3969999999999345,0.005,77094.9590465325,-0.30749410850219705,63.13344059338932,-395.0259377928306
2021-01-18,1843.505,1836.398,0.7709497206704168,7.107000000000198,2021-01-19 05:39:00+00:00,2021-01-19 08:17:00+00:00,short,1836.348,1843.942,1843.992,7.594000000000051,-1.0158019489070258,stop,0.0,1.042928627864106,158,0.43699999999989814,0.005,76703.39299828063,-0.3110113526732624,50.760441826792196,-391.5660482518753
2021-01-19,1850.385,1843.318,0.777276726792787,7.067000000000007,2021-01-20 04:37:00+00:00,2021-01-20 12:57:00+00:00,long,1850.8619999999999,1843.318,1843.268,7.543999999999869,-1.0159066808059327,stop,0.847428419936422,1.158536585365845,500,0.42699999999990723,0.005,76313.77555134345,-0.31451109352235573,50.83734954817203,-389.61744693718146
2021-01-20,1872.585,1866.792,0.6371535415750252,5.79300000000012,2021-01-21 05:24:00+00:00,2021-01-21 07:34:00+00:00,long,1873.022,1866.792,1866.742,6.230000000000018,-1.019261637239158,stop,0.30385232744783686,1.091011235955057,130,0.3869999999999436,0.005,75924.85703228164,-0.31800455624798407,61.24701087587739,-388.9185190618198
2021-01-21,1866.721,1859.728,0.7691377034755774,6.992999999999938,2021-01-22 06:11:00+00:00,2021-01-22 13:00:00+00:00,short,1859.678,1867.181,1843.55,7.502999999999929,2.1402105824337343,time,2.5073970411835638,0.5940290550446384,409,0.4600000000000364,0.005,76737.33294473293,-0.31070648691853575,50.596332821726214,812.4759124512874
2021-01-24,1859.895,1852.635,0.8594767373031716,7.259999999999991,2021-01-25 05:40:00+00:00,2021-01-25 10:48:00+00:00,short,1852.585,1860.3349999999998,1860.3849999999998,7.749999999999773,-1.0154838709677365,stop,0.36000000000000587,1.1107096774193805,308,0.4399999999998272,0.01,75958.07770566836,-0.3177061513675049,99.01591347707765,-779.2552390645741
2021-01-26,1848.925,1843.268,0.7071249999999907,5.656999999999925,2021-01-27 05:40:00+00:00,2021-01-27 11:04:00+00:00,long,1849.405,1843.268,1843.218,6.136999999999944,-1.019553527782297,stop,0.6014339253707128,1.0607788821900033,324,0.43000000000006366,0.01,75183.6444447846,-0.3246625023710791,123.77069855901753,-774.4332608837601
2021-01-28,1844.355,1839.418,0.6800275482093845,4.9370000000001255,2021-01-29 05:18:00+00:00,2021-01-29 13:00:00+00:00,long,1844.768,1839.418,1865.095,5.350000000000136,3.786355140186819,time,4.486728971962485,0.49570093457943476,462,0.3630000000000564,0.01,78030.36423079949,-0.2990918263159974,140.5301765323041,2846.7197860148835
2021-02-02,1844.785,1838.325,0.8992830792788963,6.460000000000036,2021-02-03 06:01:00+00:00,2021-02-03 13:00:00+00:00,short,1838.275,1845.2330000000002,1837.415,6.958000000000084,0.11353837309573409,time,0.7861454440931247,0.3397528025294304,419,0.44800000000009277,0.01,78118.95863686781,-0.2982960265787016,112.14481780798872,88.59440606832536
2021-02-04,1797.635,1791.905,0.7976613071622388,5.730000000000018,2021-02-05 05:34:00+00:00,2021-02-05 13:00:00+00:00,long,1798.036,1791.905,1802.125,6.1310000000000855,0.6555211221660228,time,2.137008644592999,0.3240906866742868,446,0.3510000000001128,0.01,78631.04491114862,-0.29369620881784664,127.41634095068787,512.0862742808071
2021-02-10,1841.008,1833.895,0.990185842555852,7.113000000000056,2021-02-11 06:52:00+00:00,2021-02-11 13:00:00+00:00,long,1841.436,1833.895,1843.2350000000001,7.54099999999994,0.22927993634799354,time,0.5806922158865094,0.2640233390796978,368,0.37799999999992906,0.01,78811.33012087067,-0.2920767959350007,104.27137635744496,180.2852097220438
2021-02-11,1825.185,1819.128,0.8518987341772022,6.057000000000016,2021-02-12 06:59:00+00:00,2021-02-12 13:00:00+00:00,short,1819.078,1825.5849999999998,1818.405,6.5069999999998345,0.0926694329183982,time,0.9640387275242155,0.49392961426156806,361,0.3999999999998636,0.01,78884.36413356912,-0.291420767516296,121.11776566908357,73.0340126984576
2021-02-14,1826.915,1821.452,0.7683544303797282,5.462999999999965,2021-02-15 04:47:00+00:00,2021-02-15 13:00:00+00:00,short,1821.402,1827.322,1821.635,5.919999999999845,-0.05118243243242486,time,0.8626689189189365,0.701520270270292,493,0.4069999999999254,0.01,78843.98919719672,-0.2917834356031921,133.25061509049186,-40.37493637241201
2021-02-15,1826.375,1820.428,0.8391420911527872,5.946999999999889,2021-02-16 05:39:00+00:00,2021-02-16 13:00:00+00:00,short,1820.3780000000002,1826.845,1807.735,6.466999999999871,1.9441781351477512,time,2.0616978506263104,0.8665532704499654,441,0.4700000000000273,0.01,80376.85679604686,-0.2780144440086948,121.91741023225343,1532.8675988501536
2021-02-23,1813.745,1807.008,0.9189742190696817,6.736999999999853,2021-02-24 04:12:00+00:00,2021-02-24 13:00:00+00:00,short,1806.958,1814.185,1806.825,7.226999999999862,0.008717310087178552,time,0.49854711498548976,0.4956413449564063,528,0.44000000000005457,0.01,80383.8634958921,-0.27795150628899434,111.21745786086676,7.0066998452388525
2021-03-03,1716.605,1709.214,0.9000791572794219,7.391000000000076,2021-03-04 04:00:00+00:00,2021-03-04 05:36:00+00:00,short,1709.164,1716.85,1716.8999999999999,7.685999999999922,-1.0156128024980426,stop,0.2900078064012574,1.107858443924042,96,0.24499999999989086,0.01,79567.47468708527,-0.28528472323136767,104.58478206595488,-816.3888088068309
2021-03-15,1734.055,1729.404,0.5170650361311913,4.651000000000067,2021-03-16 04:32:00+00:00,2021-03-16 07:03:00+00:00,long,1734.459,1729.404,1729.354,5.055000000000064,-1.0237388724035517,stop,0.5272007912957329,1.0565776458951641,151,0.35400000000004184,0.01,78752.91151892372,-0.29260154134665484,157.40351075585414,-814.5631681615481
2021-03-16,1735.018,1729.535,0.6095608671484096,5.482999999999947,2021-03-17 03:13:00+00:00,2021-03-17 11:16:00+00:00,long,1735.446,1729.535,1729.4850000000001,5.910999999999831,-1.0203011334799457,stop,0.4158348841143891,1.0881407545254949,483,0.37799999999992906,0.01,77949.39467004768,-0.2998191358385146,133.23111405671796,-803.5168488760374
2021-03-17,1754.955,1747.478,0.8312395775430637,7.476999999999862,2021-03-18 03:03:00+00:00,2021-03-18 04:19:00+00:00,long,1755.402,1747.478,1747.428,7.923999999999978,-1.0151438667339672,stop,0.0007571933366807339,1.009212518929845,76,0.3970000000001619,0.01,77158.09617089844,-0.30692697893709475,98.37127040642088,-791.298499149243
2021-03-18,1735.744,1728.391,0.8174541411895313,7.352999999999838,2021-03-19 06:06:00+00:00,2021-03-19 12:00:00+00:00,long,1736.158,1728.391,1740.468,7.766999999999825,0.5458993176258875,time,1.1754860306425021,0.17252478434401292,354,0.36400000000003274,0.01,77579.3016913885,-0.3031434980444633,99.34092464387817,421.2055204900606
2021-03-21,1740.813,1732.438,0.9462742217953777,8.375,2021-03-22 03:41:00+00:00,2021-03-22 06:14:00+00:00,long,1741.279,1732.438,1732.3880000000001,8.840999999999894,-1.0135731252120752,stop,0.19330392489538292,1.1292840176450676,153,0.41599999999994,0.01,76792.97873871739,-0.31020664826957756,87.74946464358038,-786.3229526711107
2021-03-24,1735.258,1731.838,0.3864188463928669,3.4200000000000728,2021-03-25 03:02:00+00:00,2021-03-25 07:13:00+00:00,long,1735.6119999999999,1731.838,1731.788,3.7739999999998872,-1.0317965023847266,stop,0.9107048224695888,1.1253312135665,251,0.30399999999985994,0.01,76000.63147001425,-0.3173239119464144,203.47901096640086,-792.3472687031327
2021-03-25,1729.745,1723.778,0.6951304753028692,5.966999999999871,2021-03-26 03:00:00+00:00,2021-03-26 09:39:00+00:00,short,1723.708,1730.149,1730.1989999999998,6.4409999999998035,-1.0186306474149913,stop,0.03974538115200952,1.1324328520416227,399,0.40399999999999636,0.01,75226.46574563177,-0.32427785980190205,117.99508068625457,-774.1657243824878
2021-03-28,1732.788,1726.278,0.7586528376646052,6.509999999999991,2021-03-29 05:30:00+00:00,2021-03-29 12:00:00+00:00,short,1726.228,1733.1490000000001,1726.475,6.921000000000049,-0.045802629677769297,time,0.31960699320907,0.4685739055049726,390,0.3610000000001037,0.01,75192.01004610662,-0.3245873583114276,108.69305843899903,-34.45569952514569
2021-03-31,1712.065,1705.638,0.75754361150402,6.427000000000135,2021-04-01 03:00:00+00:00,2021-04-01 12:00:00+00:00,long,1712.4620000000002,1705.638,1716.858,6.8240000000002965,0.63393903868692,time,1.0745896834700377,0.3556565064478355,540,0.34700000000020736,0.01,75668.68155176227,-0.32030565390353716,110.18758799253129,476.67150565566067
2021-04-04,1729.775,1724.378,0.6329306907470545,5.397000000000162,2021-04-05 03:46:00+00:00,2021-04-05 12:00:00+00:00,short,1724.315,1730.0120000000002,1725.262,5.697000000000116,-0.17851500789887104,time,0.4897314375987198,0.7770756538528729,494,0.23700000000008004,0.01,75533.60159891317,-0.3215190103191595,132.82197920266935,-135.0799528491
2021-04-05,1735.338,1727.398,0.9480597014925438,7.940000000000055,2021-04-06 04:53:00+00:00,2021-04-06 12:00:00+00:00,long,1735.7659999999998,1727.398,1736.228,8.367999999999938,0.04684512428300901,time,0.3312619502868287,0.9689292543021041,427,0.37799999999992906,0.01,75568.9854084576,-0.32120117505630696,90.2648202663883,35.38380954444376
2021-04-07,1737.608,1733.058,0.6061009724257249,4.5499999999999545,2021-04-08 03:11:00+00:00,2021-04-08 12:00:00+00:00,long,1737.935,1733.058,1749.6280000000002,4.876999999999953,2.3832273938897526,time,2.7112979290547643,0.09780602829605627,529,0.27700000000004366,0.01,77369.96616999652,-0.3050238555108471,154.94973428020984,1800.9807615389116
2021-04-08,1757.238,1752.395,0.6477196736659308,4.843000000000075,2021-04-09 03:00:00+00:00,2021-04-09 12:00:00+00:00,short,1752.345,1757.585,1745.135,5.240000000000009,1.3625954198473327,time,1.6335877862595287,0.27232824427479096,540,0.34699999999998,0.01,78424.20578536633,-0.2955541423970064,147.6526071946496,1054.2396153698032
2021-04-11,1743.308,1736.658,0.9043927648579134,6.650000000000091,2021-04-12 05:28:00+00:00,2021-04-12 11:20:00+00:00,short,1736.608,1743.6519999999998,1743.7019999999998,7.043999999999869,-1.017035775127762,stop,0.1594264622373748,1.0000000000000322,352,0.34399999999982356,0.01,77626.60355616934,-0.30271860878523427,111.33476119444603,-797.6022291969916
2021-04-13,1749.218,1743.775,0.7402420780633896,5.442999999999984,2021-04-14 03:50:00+00:00,2021-04-14 12:00:00+00:00,short,1743.7250000000001,1749.445,1745.0349999999999,5.7199999999998,-0.24125874125870042,time,0.46905594405599893,0.9277972027971984,490,0.22699999999986176,0.01,77439.32258954785,-0.30440086109271014,135.7108453779232,-187.28096662149574
2021-04-14,1740.368,1734.248,0.8323133414932715,6.119999999999891,2021-04-15 05:01:00+00:00,2021-04-15 12:00:00+00:00,long,1740.722,1734.248,1744.588,6.473999999999933,0.5863453815261083,time,1.2922459067037493,0.09684893419832549,419,0.3040000000000873,0.01,77893.38448103677,-0.3003222476677918,119.61588290013694,454.0618914889181
2021-04-15,1766.025,1759.618,0.9634586466165511,6.407000000000153,2021-04-16 05:43:00+00:00,2021-04-16 12:00:00+00:00,long,1766.479,1759.618,1778.498,6.861000000000104,1.7415828596414262,time,1.8538113977554087,0.7351698003206559,377,0.40399999999999636,0.01,79249.9623139531,-0.2881367798604497,113.53065803969625,1356.577832916331
2021-04-20,1782.688,1776.418,0.9631336405530289,6.270000000000209,2021-04-21 03:00:00+00:00,2021-04-21 12:00:00+00:00,long,1782.9520000000002,1776.418,1782.708,6.534000000000333,-0.04805632078361278,time,0.8207835935107982,0.8132843587389096,540,0.21400000000016917,0.01,79211.87769784262,-0.2884788751330606,121.28858633907112,-38.08461611048554
2021-04-21,1797.748,1792.378,0.8355375758518758,5.370000000000118,2021-04-22 04:19:00+00:00,2021-04-22 12:00:00+00:00,short,1792.328,1798.095,1786.5249999999999,5.767000000000053,0.9941043870296615,time,1.4506675914686855,0.45725680596495916,461,0.34699999999998,0.01,79999.32644908543,-0.2814056124161156,137.3536981061937,787.4487512428236
2021-04-28,1789.875,1783.248,0.9965413533834379,6.626999999999953,2021-04-29 06:05:00+00:00,2021-04-29 12:00:00+00:00,short,1783.198,1790.259,1776.305,7.060999999999922,0.9662937261011336,time,1.5261294434216381,0.13652457159041956,355,0.38400000000001455,0.01,80772.35492148611,-0.2744618799327776,113.29744575709718,773.0284724006774
2021-05-02,1773.768,1767.235,0.9801950487621985,6.533000000000129,2021-05-03 03:19:00+00:00,2021-05-03 12:00:00+00:00,long,1774.135,1767.235,1780.808,6.900000000000091,0.956956521739118,time,1.225072463768096,0.2763768115941884,521,0.3170000000000073,0.01,81545.31123966954,-0.26751879557509095,117.06138394418123,772.9563181834288
2021-05-03,1793.078,1788.715,0.6546136534133542,4.363000000000056,2021-05-04 04:27:00+00:00,2021-05-04 12:00:00+00:00,short,1788.665,1793.365,1783.792,4.7000000000000455,1.0219148936170215,time,1.6297872340425064,0.4382978723404097,453,0.28700000000003456,0.01,82378.63492027407,-0.2600334610541276,173.50066221206117,833.323680604538
2021-05-04,1782.455,1776.658,0.8732394366197193,5.7970000000000255,2021-05-05 03:40:00+00:00,2021-05-05 06:23:00+00:00,long,1782.869,1776.658,1776.608,6.211000000000013,-1.0193205602962412,stop,0.05941072291098714,1.008050233456763,163,0.36400000000003274,0.01,81538.93255724033,-0.2675760921249154,132.63344859165014,-839.7023630337326
2021-05-06,1817.948,1812.748,0.7833094825638365,5.2000000000000455,2021-05-07 03:00:00+00:00,2021-05-07 12:00:00+00:00,long,1818.3419999999999,1812.748,1819.945,5.593999999999824,0.27404361816233713,time,0.8412584912406649,0.21165534501251457,540,0.34399999999982356,0.01,81762.38479823114,-0.2655689311474885,145.76140964827118,223.4522409908093
2021-05-09,1836.225,1830.0,0.9377118324922631,6.224999999999909,2021-05-10 05:33:00+00:00,2021-05-10 12:00:00+00:00,long,1836.634,1830.0,1840.988,6.6340000000000146,0.6457642447995224,time,0.802532408803144,0.4892975580343816,387,0.359000000000151,0.01,82290.37704495352,-0.26082623790214,123.2474898978459,527.9922467223769
2021-05-13,1826.428,1820.535,0.874526971878013,5.893000000000029,2021-05-14 03:09:00+00:00,2021-05-14 05:57:00+00:00,short,1820.4850000000001,1826.7620000000002,1826.8120000000001,6.277000000000044,-1.0191174127767968,stop,0.07376135096386643,1.0624502150708655,168,0.33400000000006,0.01,81451.74148344871,-0.2683592864223566,131.09825879393492,-838.6355615048014
2021-05-17,1873.755,1867.315,0.9557023076352321,6.440000000000055,2021-05-18 03:47:00+00:00,2021-05-18 12:00:00+00:00,short,1867.265,1874.112,1870.355,6.84699999999998,-0.4615159924054224,time,0.26142836278665055,0.6689060902584987,493,0.3569999999999709,0.01,81075.82867040987,-0.2717359253224667,118.9597509616605,-375.91281303883744
2021-05-20,1876.518,1870.245,0.9106481817522128,6.273000000000138,2021-05-21 04:33:00+00:00,2021-05-21 12:00:00+00:00,long,1876.895,1870.245,1878.525,6.650000000000091,0.23458646616542672,time,0.48165413533833545,0.6491729323308193,447,0.3269999999999982,0.01,81266.02159180213,-0.2700275163653283,121.91853935399814,190.19292139225038
2021-05-26,1897.248,1892.008,0.7634588766664202,5.240000000000009,2021-05-27 03:45:00+00:00,2021-05-27 11:45:00+00:00,long,1897.5720000000001,1892.008,1891.958,5.564000000000078,-1.0215672178288917,stop,1.0614665708123412,1.021567217828921,480,0.2740000000001146,0.01,80435.83455598653,-0.2774846759573115,146.05683247987238,-830.1870358155994
2021-05-27,1898.178,1892.925,0.7653529540322171,5.253000000000156,2021-05-28 03:00:00+00:00,2021-05-28 12:00:00+00:00,short,1892.875,1898.589,1891.472,5.713999999999942,0.23328666433322254,time,0.8283164158207903,0.38099404970247275,540,0.41099999999983083,0.01,80623.48063135077,-0.275799144058556,140.7697489604259,187.64607536425052
2021-06-01,1902.145,1897.588,0.6382352941176608,4.557000000000016,2021-06-02 03:11:00+00:00,2021-06-02 12:00:00+00:00,short,1897.538,1902.442,1901.3719999999998,4.903999999999996,-0.7960848287112225,time,0.591965742251228,0.7818107667210569,529,0.29700000000002547,0.01,79981.64933366566,-0.2815643972021026,164.4035086283663,-641.8312976851145
2021-06-02,1909.498,1904.318,0.7254901960784532,5.180000000000064,2021-06-03 03:29:00+00:00,2021-06-03 12:00:00+00:00,short,1904.268,1909.7649999999999,1892.652,5.496999999999844,2.100418410041898,time,2.4278697471348707,0.18355466618156144,511,0.2669999999998254,0.01,81661.59862092513,-0.26647424353664007,145.50054454005445,1679.9492872594665
2021-06-06,1891.768,1884.888,0.9635854341737019,6.880000000000109,2021-06-07 05:13:00+00:00,2021-06-07 12:00:00+00:00,short,1884.838,1892.045,1887.452,7.207000000000107,-0.37241570695157383,time,0.43235743027611195,0.5153323158040636,407,0.27700000000004366,0.01,81357.47800111305,-0.26920600866824496,113.30872571239617,-304.120619812075
2021-06-08,1895.958,1891.345,0.6365392576238659,4.613000000000056,2021-06-09 03:14:00+00:00,2021-06-09 06:11:00+00:00,long,1896.272,1891.345,1891.295,4.926999999999907,-1.0243555916379048,stop,0.0,1.0095392733915214,177,0.2639999999998963,0.01,80524.08812599308,-0.27669193778180556,165.12579257380676,-833.3898751199798
2021-06-09,1889.238,1884.138,0.7159401979364347,5.100000000000136,2021-06-10 05:42:00+00:00,2021-06-10 12:00:00+00:00,short,1884.088,1889.5819999999999,1876.222,5.4939999999999145,1.419002548234457,time,1.422642883145277,0.7761194029851092,378,0.34399999999982356,0.01,81666.72698844348,-0.2664281779473441,146.56732458317134,1142.6388624504016
2021-06-10,1900.568,1897.228,0.479643857255674,3.339999999999918,2021-06-11 03:06:00+00:00,2021-06-11 08:08:00+00:00,long,1900.992,1897.228,1897.178,3.7639999999998963,-1.0318809776833044,stop,0.5196599362380937,1.2178533475027062,302,0.37400000000002365,0.01,80824.02356755317,-0.2739977660367503,216.9679250490057,-842.7034208903057
2021-06-15,1857.985,1853.048,0.6930581876886295,4.936999999999898,2021-06-16 03:18:00+00:00,2021-06-16 11:33:00+00:00,long,1858.2789999999998,1853.048,1852.998,5.230999999999767,-1.022940164404504,stop,0.6115465494170214,1.0655706365895794,495,0.2439999999999145,0.01,79997.24216799291,-0.2814243344824343,154.50969903948913,-826.7813995602635
2021-06-21,1787.328,1782.768,0.6240591213904386,4.559999999999945,2021-06-22 03:06:00+00:00,2021-06-22 05:22:00+00:00,long,1787.695,1782.768,1782.718,4.926999999999907,-1.0243555916379048,stop,0.46681550639334235,1.1400446519180165,136,0.3170000000000073,0.01,79177.78594468896,-0.28878510449231276,162.3650135335791,-819.4562233039512
2021-06-22,1782.568,1777.078,0.7732394366197047,5.490000000000009,2021-06-23 03:00:00+00:00,2021-06-23 12:00:00+00:00,long,1782.962,1777.078,1782.8880000000001,5.8840000000000146,-0.02447314751866781,time,0.404996600951739,0.9337185588035182,540,0.34400000000005093,0.01,79158.4086483327,-0.28895916116286513,134.5645580297226,-19.37729635625876
2021-06-23,1779.908,1774.118,0.9361358124494598,5.789999999999964,2021-06-24 04:30:00+00:00,2021-06-24 08:22:00+00:00,short,1774.068,1780.322,1780.3719999999998,6.253999999999905,-1.0191877198592831,stop,0.16885193476176144,1.0367764630636427,232,0.41399999999998727,0.01,78351.63586815287,-0.29620600207547765,126.57244747095284,-806.7727801798356
2021-06-24,1779.558,1773.588,0.9423835832675601,5.970000000000027,2021-06-25 05:47:00+00:00,2021-06-25 12:00:00+00:00,long,1779.9619999999998,1773.588,1784.8880000000001,6.373999999999796,0.7618449952934642,time,0.8324443049890864,0.48227172889864134,373,0.35399999999981446,0.01,78948.55388474495,-0.2908441827251138,122.92380901812892,596.9180165920814
2021-06-28,1778.058,1773.968,0.6365758754863619,4.089999999999918,2021-06-29 04:19:00+00:00,2021-06-29 05:31:00+00:00,short,1773.9180000000001,1778.5220000000002,1778.5720000000001,4.604000000000042,-1.0260642919200595,stop,0.0,1.0933970460468794,72,0.46400000000016917,0.01,78138.49096434632,-0.29812057734024533,171.47817959327594,-810.062920398635
2021-06-29,1764.538,1758.908,0.9574829931972982,5.630000000000109,2021-06-30 04:44:00+00:00,2021-06-30 12:00:00+00:00,short,1758.858,1764.9099999999999,1761.022,6.051999999999907,-0.369134170522145,time,0.8800396563119801,0.5343688037012889,436,0.37199999999984357,0.005,77994.27302910644,-0.2994160157326956,64.5559244583175,-144.2179352398805
2021-07-04,1789.748,1784.338,0.920068027210899,5.410000000000082,2021-07-05 06:44:00+00:00,2021-07-05 12:00:00+00:00,long,1790.232,1784.338,1789.508,5.8940000000000055,-0.13471326772988326,time,0.8306752629792932,0.2670512385476871,316,0.4339999999999691,0.005,77941.7387121866,-0.2998879055218949,66.16412710307632,-52.53431691983815
2021-07-11,1810.708,1804.198,0.8127340823970151,6.509999999999991,2021-07-12 03:15:00+00:00,2021-07-12 12:00:00+00:00,short,1804.1480000000001,1811.182,1800.3719999999998,7.033999999999878,0.5268694910435541,time,0.8036678987774162,0.33181688939435217,525,0.4739999999999327,0.005,78147.0643332183,-0.2980435670074394,55.40356746672445,205.32562103169718
2021-07-12,1812.598,1806.628,0.8468085106383072,5.970000000000027,2021-07-13 05:56:00+00:00,2021-07-13 12:00:00+00:00,short,1806.578,1812.942,1809.732,6.364000000000033,-0.5065996228786894,time,0.07008170961657925,0.9465744814582155,364,0.34400000000005093,0.005,77949.11796661688,-0.2998216213285959,61.39775639002034,-197.94636660142535
2021-07-14,1829.025,1824.178,0.6875177304964555,4.84699999999998,2021-07-15 03:09:00+00:00,2021-07-15 05:47:00+00:00,short,1824.1280000000002,1829.449,1829.499,5.320999999999913,-1.0225521518511478,stop,0.0255591054313469,1.0062018417590495,158,0.42399999999997817,0.005,77550.58277505856,-0.30340146586754635,73.2466810436179,-398.53519155831526
2021-07-15,1831.428,1825.528,0.9455128205128337,5.900000000000091,2021-07-16 05:14:00+00:00,2021-07-16 12:00:00+00:00,short,1825.478,1831.8220000000001,1818.162,6.344000000000051,1.1421815889028961,time,1.5488650693568637,0.29697351828499363,406,0.39400000000000546,0.005,77993.46701433037,-0.2994232557648322,61.12120332208223,442.88423927180975
2021-07-18,1817.178,1811.746,0.9098827470686753,5.432000000000016,2021-07-19 03:00:00+00:00,2021-07-19 12:00:00+00:00,short,1811.6960000000001,1817.5720000000001,1800.942,5.875999999999976,1.8182437031994854,time,2.063308373042937,0.6596324029951948,540,0.39400000000000546,0.005,78702.52266577788,-0.2930541594957642,66.36612237434538,709.0556514475148
2021-07-20,1809.748,1805.008,0.793969849246229,4.740000000000009,2021-07-21 06:02:00+00:00,2021-07-21 08:10:00+00:00,long,1810.1650000000002,1805.008,1804.958,5.157000000000153,-1.0232693426410608,stop,0.6773317820437478,1.2352142718634729,128,0.3670000000001892,0.01,77897.18387945385,-0.3002881195507202,152.61299721887832,-805.3387863240373
2021-07-21,1802.958,1798.708,0.7118927973199297,4.25,2021-07-22 03:00:00+00:00,2021-07-22 07:04:00+00:00,short,1798.6580000000001,1803.3220000000001,1803.372,4.663999999999987,-1.0257289879931293,stop,0.2457118353345173,1.0578902229845588,244,0.36400000000003274,0.01,77098.16988357197,-0.3074652671409204,167.01797572781746,-799.013995881869
2021-07-22,1808.448,1802.898,0.9296482412060564,5.550000000000182,2021-07-23 03:43:00+00:00,2021-07-23 07:49:00+00:00,short,1802.848,1808.8860000000002,1808.9360000000001,6.038000000000238,-1.019874130506782,stop,0.20304736667768086,1.1119576018548654,246,0.43800000000010186,0.01,76311.86559383525,-0.3145282497261245,127.68825750839505,-786.3042897367213
2021-07-26,1799.768,1794.565,0.8766638584667098,5.2029999999999745,2021-07-27 05:48:00+00:00,2021-07-27 07:43:00+00:00,short,1794.515,1800.192,1800.242,5.676999999999907,-1.0211379249603587,stop,0.11150255416594126,1.0264224062004745,115,0.42399999999997817,0.005,75922.24089342353,-0.3180280557295925,67.21143702117007,-389.6247004117136
2021-07-29,1830.345,1826.628,0.5956730769230918,3.7170000000000982,2021-07-30 05:16:00+00:00,2021-07-30 07:21:00+00:00,short,1826.578,1830.709,1830.759,4.1310000000000855,-1.0290486564996253,stop,0.09101912369885465,1.022512708787181,125,0.36400000000003274,0.005,75531.60249347443,-0.32153696729470205,91.89329568315415,-390.638399949092
2021-08-02,1813.855,1809.308,0.6822205551387805,4.5470000000000255,2021-08-03 06:22:00+00:00,2021-08-03 12:00:00+00:00,short,1809.258,1814.289,1810.472,5.030999999999949,-0.2552176505664788,time,0.14231763068974937,0.6209501093222133,338,0.4339999999999691,0.005,75435.2175028149,-0.3224027460007183,75.06619210244007,-96.3849906595287
2021-08-03,1813.678,1808.845,0.774519230769243,4.833000000000084,2021-08-04 03:00:00+00:00,2021-08-04 12:00:00+00:00,long,1814.115,1808.845,1817.6480000000001,5.269999999999982,0.6571157495256436,time,0.9512333965844283,0.6521821631878387,540,0.3869999999999436,0.005,75683.06585026487,-0.320176446863527,71.57041508805993,247.8483474499608
2021-08-04,1811.838,1808.908,0.4936815501263748,2.9300000000000637,2021-08-05 05:41:00+00:00,2021-08-05 07:29:00+00:00,short,1808.858,1812.212,1812.262,3.354000000000042,-1.035778175313045,stop,0.06141920095405517,1.0089445438282565,108,0.37400000000002365,0.005,75291.11151102245,-0.3236971788605396,112.82508325918892,-391.9543392424219
2021-08-05,1803.615,1799.745,0.6759825327510962,3.8700000000001182,2021-08-06 03:06:00+00:00,2021-08-06 12:00:00+00:00,short,1799.695,1803.859,1799.965,4.163999999999987,-0.08165225744476053,time,1.1438520653217903,0.6308837656099809,534,0.2439999999999145,0.005,75260.37306492045,-0.32397328712085105,90.40719441765451,-30.73844610200089
2021-08-09,1735.558,1730.098,0.9943543981059803,5.460000000000036,2021-08-10 03:17:00+00:00,2021-08-10 08:36:00+00:00,long,1735.962,1730.098,1730.048,5.864000000000033,-1.0204638472032663,stop,0.37448840381990117,1.211459754433834,319,0.35400000000004184,0.005,74876.37061572155,-0.3274225912220352,64.17153228591408,-384.002449198909
2021-08-11,1753.468,1748.798,0.8575100991553526,4.670000000000073,2021-08-12 06:29:00+00:00,2021-08-12 12:00:00+00:00,long,1753.925,1748.798,1749.298,5.126999999999953,-0.9161302906182945,time,0.8022235225278125,0.9044275404720082,331,0.4069999999999254,0.005,74533.38805985842,-0.33050343390687054,73.02162143136556,-342.9825558631206
2021-08-12,1756.705,1751.568,0.9432611090708628,5.136999999999944,2021-08-13 05:41:00+00:00,2021-08-13 12:00:00+00:00,long,1757.0789999999997,1751.568,1759.1580000000001,5.51099999999974,0.3645436399928326,time,0.8194520050808414,0.3195427327163533,379,0.32399999999984175,0.005,74669.24142278012,-0.32928313033103906,67.62238074747046,135.85336292169558
2021-08-16,1788.585,1784.308,0.8022132608084103,4.277000000000044,2021-08-17 05:34:00+00:00,2021-08-17 12:00:00+00:00,long,1788.919,1784.308,1791.318,4.611000000000104,0.505096508349563,time,1.4135762307524735,0.21925829538064887,386,0.2840000000001055,0.005,74857.8172883989,-0.32758924658623434,80.96859837646763,188.57586561878398
2021-08-23,1804.898,1801.098,0.6902815622161452,3.7999999999999545,2021-08-24 03:52:00+00:00,2021-08-24 06:34:00+00:00,short,1801.048,1805.252,1805.302,4.203999999999951,-1.0285442435775347,stop,0.0014272121788976124,1.0142721217887598,162,0.35400000000004184,0.005,74472.84440310509,-0.3310472676349512,89.03165709847738,-384.9728852938078
2021-08-25,1791.915,1787.185,0.8592188919164259,4.730000000000018,2021-08-26 04:05:00+00:00,2021-08-26 12:00:00+00:00,short,1787.135,1792.2489999999998,1788.672,5.113999999999805,-0.31423543214706606,time,0.7019945248338003,0.6466562377786746,475,0.33399999999983265,0.005,74355.83437088394,-0.3320983108896547,72.8127145122291,-117.01003222115469
2021-08-30,1814.198,1809.628,0.8301544050862985,4.570000000000164,2021-08-31 03:21:00+00:00,2021-08-31 12:00:00+00:00,long,1814.625,1809.628,1812.558,4.997000000000071,-0.4276565939563692,time,0.8905343205923518,0.5463277966780027,519,0.3769999999999527,0.005,74196.84055654476,-0.33352647369696775,74.40047465567629,-158.99381433918077
2021-08-31,1815.348,1810.248,0.9264305177111368,5.099999999999909,2021-09-01 03:48:00+00:00,2021-09-01 08:04:00+00:00,long,1815.706,1810.248,1810.198,5.457999999999856,-1.0219860754855181,stop,0.22205936240381477,1.0018321729571256,256,0.3079999999999927,0.005,73817.69986707572,-0.33693210701477494,67.97072238599003,-379.1406894690395
2021-09-01,1815.918,1812.858,0.5558583106266821,3.0599999999999454,2021-09-02 03:03:00+00:00,2021-09-02 09:21:00+00:00,short,1812.808,1816.3419999999999,1816.3919999999998,3.533999999999878,-1.0339558573853873,stop,0.547821165817767,1.0113186191285208,378,0.42399999999997817,0.005,73436.07865129432,-0.34036002167375634,104.43930371686228,-381.6212157813973
2021-09-06,1827.128,1823.188,0.7157129881925066,3.939999999999827,2021-09-07 03:42:00+00:00,2021-09-07 12:00:00+00:00,short,1823.1380000000001,1827.484,1811.231,4.345999999999776,2.7236539346527295,time,3.372066267832709,0.14565117349283097,498,0.35599999999999454,0.005,74436.15097411464,-0.3313768665616438,84.48697497848377,1000.0723228203253
2021-09-08,1790.658,1786.968,0.6905586226255794,3.689999999999827,2021-09-09 04:41:00+00:00,2021-09-09 07:19:00+00:00,short,1786.9180000000001,1790.982,1791.032,4.063999999999851,-1.029527559055108,stop,0.0,1.0255905511811136,158,0.3240000000000691,0.005,74052.98063002546,-0.3348186962741265,91.5799101551641,-383.1703440891888
2021-09-13,1793.164,1789.645,0.6098786828422785,3.5190000000000055,2021-09-14 05:45:00+00:00,2021-09-14 08:04:00+00:00,long,1793.552,1789.645,1789.595,3.9069999999999254,-1.0307141028922338,stop,0.31123624264145,1.1476836447402123,139,0.33799999999996544,0.005,73671.3433725426,-0.338246755027779,94.76961943950201,-381.6372574828633
2021-09-14,1804.528,1801.298,0.5597920277296299,3.230000000000018,2021-09-15 06:22:00+00:00,2021-09-15 12:00:00+00:00,short,1801.248,1804.836,1802.396,3.5879999999999654,-0.33946488294312227,time,0.5981047937569618,0.6563545150501786,338,0.3079999999999927,0.005,73546.2992027715,-0.33936996496698757,102.6635219795754,-125.04416977111372
2021-09-15,1796.074,1792.328,0.6949907235621714,3.7460000000000946,2021-09-16 03:43:00+00:00,2021-09-16 12:00:00+00:00,short,1792.278,1796.362,1771.492,4.08400000000006,5.072477962781527,time,5.120470127326084,0.1366307541625819,497,0.2880000000000109,0.005,75411.60911252246,-0.3226148084957049,90.04199216793634,1865.3099097509748
2021-09-16,1758.018,1753.728,0.8728382502543226,4.289999999999964,2021-09-17 03:00:00+00:00,2021-09-17 12:00:00+00:00,long,1758.346,1753.728,1759.807,4.617999999999938,0.3012126461671787,time,1.96427024686012,0.1663057600693026,540,0.27800000000002,0.01,75638.75841584754,-0.3205744386356303,163.29928348316042,227.14930332507817
2021-09-20,1766.018,1762.258,0.8086021505376166,3.759999999999991,2021-09-21 03:02:00+00:00,2021-09-21 09:31:00+00:00,short,1762.208,1766.296,1766.346,4.087999999999965,-1.0293542074363884,stop,1.0009784735812457,1.1093444227005609,389,0.27800000000002,0.01,74860.16767364136,-0.32756813423793263,185.0263170642079,-778.590742206172
2021-09-29,1733.398,1728.706,0.8131715771230381,4.692000000000007,2021-09-30 03:11:00+00:00,2021-09-30 06:37:00+00:00,long,1733.762,1728.706,1728.656,5.05600000000004,-1.0237341772151807,stop,0.19462025316458528,1.0494462025316451,206,0.3140000000000782,0.01,74093.7985520457,-0.3344520490662247,148.06204049375154,-766.3691215956571
2021-10-05,1759.318,1754.108,0.8025261860751657,5.210000000000036,2021-10-06 04:07:00+00:00,2021-10-06 12:00:00+00:00,short,1754.058,1759.565,1754.652,5.507000000000062,-0.12057381514436963,time,1.4465226075903042,0.5527510441256696,473,0.24700000000007094,0.01,74004.46083234611,-0.33525452562228075,134.54475858370233,-89.33771969958521
2021-10-06,1764.098,1758.275,0.8969500924214107,5.822999999999865,2021-10-07 03:10:00+00:00,2021-10-07 07:16:00+00:00,short,1758.2250000000001,1764.425,1764.475,6.199999999999818,-1.0193548387096707,stop,0.3150000000000418,1.0543548387096773,246,0.3269999999999982,0.01,73250.09277999059,-0.34203064078045364,119.36203360056174,-754.3680523555232
2021-10-12,1762.908,1759.395,0.5174928187375591,3.51299999999992,2021-10-13 04:27:00+00:00,2021-10-13 12:00:00+00:00,long,1763.232,1759.395,1773.468,3.836999999999989,2.6494657284337064,time,2.8970549908782948,0.6760489966119516,453,0.2740000000001146,0.01,75190.82888424234,-0.32459796810433683,190.90459416208185,1940.7361042517437
2021-10-14,1796.378,1793.738,0.38244241634070186,2.6399999999998727,2021-10-15 04:59:00+00:00,2021-10-15 12:00:00+00:00,short,1793.688,1796.742,1778.5919999999999,3.05399999999986,4.920104780615888,time,5.201702685003577,0.33202357563848817,421,0.36400000000003274,0.01,78890.29645076065,-0.29136748044466154,246.2044167788009,3699.467566518319
2021-10-17,1772.008,1768.898,0.4505287556135185,3.1100000000001273,2021-10-18 03:11:00+00:00,2021-10-18 12:00:00+00:00,short,1768.848,1772.3,1763.3519999999999,3.451999999999998,1.5718424101970154,time,2.4252607184240578,0.29200463499421747,529,0.2919999999999163,0.01,80130.32758790386,-0.2802288939698431,228.53504186199504,1240.0311371432067
2021-10-21,1787.028,1783.424,0.5076056338028293,3.604000000000042,2021-10-22 03:09:00+00:00,2021-10-22 12:00:00+00:00,long,1787.426,1783.424,1792.248,4.001999999999953,1.1874062968516172,time,1.8870564717641738,0.36181909045474325,531,0.34799999999995634,0.01,81081.80014337045,-0.27168228653392246,200.22570611670366,951.472555466599
2021-10-24,1797.814,1792.164,0.795774647887347,5.650000000000091,2021-10-25 03:28:00+00:00,2021-10-25 12:00:00+00:00,long,1798.192,1792.164,1801.604,6.02800000000002,0.5544127405441314,time,0.891838088918374,0.37392169873920006,512,0.32799999999997453,0.01,81531.32797362782,-0.26764440033882686,134.50862664792663,449.5278302573755
2021-10-25,1807.868,1802.618,0.7626933972543009,5.25,2021-10-26 04:14:00+00:00,2021-10-26 12:00:00+00:00,short,1802.568,1808.19,1803.162,5.622000000000071,-0.11810743507649282,time,0.42796157950905706,0.7449306296691656,466,0.3220000000001164,0.01,81435.03341337436,-0.2685093667532258,145.02192809254143,-96.2945602534549
2021-10-26,1794.288,1788.198,0.938077634011067,6.089999999999918,2021-10-27 03:00:00+00:00,2021-10-27 12:00:00+00:00,short,1788.1480000000001,1794.59,1791.512,6.44199999999978,-0.5330642657559643,time,0.6948152747594327,0.6230984166408,540,0.30199999999990723,0.01,81000.93235044123,-0.27240868192641643,126.41265664914181,-434.1010629331283
2021-10-28,1799.864,1795.438,0.6817621688231484,4.425999999999931,2021-10-29 03:02:00+00:00,2021-10-29 12:00:00+00:00,short,1795.3880000000001,1800.196,1793.312,4.807999999999765,0.4172212978370107,time,0.8914309484193568,0.8161397670548964,538,0.33199999999987995,0.01,81338.88549165383,-0.26937301598620034,168.47115713486937,337.95314121258997
2021-11-01,1792.538,1789.158,0.529075682867668,3.380000000000109,2021-11-02 04:12:00+00:00,2021-11-02 11:46:00+00:00,long,1792.896,1789.158,1789.108,3.7380000000000564,-1.0321027287319295,stop,0.9074371321562337,1.2728731942215,454,0.3079999999999927,0.01,80499.38463497433,-0.27691383702505856,217.6000146914195,-839.5008566794987
2021-11-03,1778.178,1773.348,0.7334851936219,4.830000000000155,2021-11-04 06:00:00+00:00,2021-11-04 10:32:00+00:00,short,1773.298,1778.536,1778.586,5.238000000000056,-1.022909507445581,stop,0.43948071783121084,1.0030546009927164,272,0.35799999999994725,0.01,79675.94877610798,-0.28431035413315275,153.68343763836094,-823.4358588663396
2021-11-04,1796.054,1789.974,0.9233105542900875,6.080000000000155,2021-11-05 05:03:00+00:00,2021-11-05 12:00:00+00:00,long,1796.382,1789.974,1793.804,6.408000000000129,-0.4132334581772661,time,0.5683520599250549,0.7387640449438289,417,0.27800000000002,0.01,79346.70109764492,-0.28726782320658495,124.33824715372407,-329.24767846305815
2021-11-08,1827.088,1821.758,0.8759244042727847,5.329999999999927,2021-11-09 07:36:00+00:00,2021-11-09 11:42:00+00:00,short,1821.708,1827.422,1827.472,5.713999999999942,-1.0210010500524949,stop,0.40444522226114327,1.2406370318515951,246,0.33400000000006,0.01,78536.57044625595,-0.29454482621570777,138.86367010438525,-810.1306513889692
2021-11-09,1830.763,1826.028,0.8073316283034614,4.7349999999999,2021-11-10 04:16:00+00:00,2021-11-10 13:00:00+00:00,short,1825.978,1831.1219999999998,1826.7369999999999,5.143999999999778,-0.16115863141520664,time,0.5853421461897546,0.2816874027993593,524,0.3589999999999236,0.01,78410.00198416432,-0.29568172811902627,152.67607007437664,-126.56846209162573
2021-11-16,1855.978,1851.854,0.6577352472089371,4.124000000000024,2021-11-17 06:54:00+00:00,2021-11-17 13:00:00+00:00,long,1856.382,1851.854,1863.688,4.52800000000002,1.5980565371024753,time,1.858657243816233,0.5053003533568906,366,0.35400000000004184,0.01,79663.03814661445,-0.2844263239332252,173.16696551272963,1253.0361624501186
2021-11-18,1863.528,1858.918,0.7576006573541659,4.610000000000127,2021-11-19 04:21:00+00:00,2021-11-19 06:56:00+00:00,long,1863.925,1858.918,1858.868,5.007000000000062,-1.0239664469742267,stop,0.0,1.051927301777509,155,0.34699999999998,0.01,78847.31536535284,-0.291753558279529,159.10333162894642,-815.7227812616109
2021-11-21,1848.454,1843.944,0.7411668036154418,4.509999999999991,2021-11-22 04:09:00+00:00,2021-11-22 06:39:00+00:00,long,1848.8619999999999,1843.944,1843.894,4.917999999999893,-1.0244001626677424,stop,0.024806832045561937,1.0073200488003373,150,0.35799999999994725,0.01,78039.60333849103,-0.2990088359806019,160.3239434025103,-807.7120268618224
2021-11-22,1812.318,1806.384,0.9751848808545495,5.933999999999969,2021-11-23 06:13:00+00:00,2021-11-23 13:00:00+00:00,short,1806.334,1812.6819999999998,1792.186,6.347999999999729,2.217706364209316,time,2.3144297416510136,0.598298676748608,407,0.36399999999980537,0.01,79770.29258833245,-0.2834629103235987,122.93573304740762,1730.6892498414215
2021-11-24,1794.155,1789.908,0.6947488957958501,4.247000000000071,2021-11-25 07:10:00+00:00,2021-11-25 11:25:00+00:00,long,1794.6519999999998,1789.908,1789.858,4.7439999999999145,-1.0252951096121325,stop,0.06661045531202867,1.0322512647554374,255,0.44699999999988904,0.01,78952.41167950099,-0.2908095300626079,168.1498579012097,-817.8809088314621
2021-12-01,1781.798,1778.958,0.45093680533501385,2.839999999999918,2021-12-02 04:00:00+00:00,2021-12-02 13:00:00+00:00,short,1778.9080000000001,1782.2150000000001,1779.8419999999999,3.3070000000000164,-0.30359842757778555,time,3.3740550347747424,0.7843967342001242,540,0.4170000000001437,0.01,78712.71339910729,-0.2929626211778693,238.74330716510616,-239.69828039370492
2021-12-05,1787.635,1782.005,0.8632321373811469,5.629999999999882,2021-12-06 04:46:00+00:00,2021-12-06 13:00:00+00:00,short,1781.9550000000002,1787.992,1780.585,6.036999999999807,0.21533874440950135,time,0.8204406162001591,0.7338081828722839,494,0.3569999999999709,0.01,78882.21236783158,-0.2914400957638078,130.38382209559353,169.49896872428698
2021-12-06,1781.205,1777.318,0.6171800571609943,3.8869999999999436,2021-12-07 04:00:00+00:00,2021-12-07 06:00:00+00:00,short,1777.268,1781.642,1781.692,4.374000000000024,-1.0274348422496467,stop,0.02926383173295116,1.133287608596217,120,0.4370000000001255,0.01,78071.74903362713,-0.29872008709814113,180.34342105128295,-810.4633342044617
2021-12-07,1790.418,1784.368,0.9606224198158071,6.0499999999999545,2021-12-08 05:45:00+00:00,2021-12-08 11:47:00+00:00,long,1790.7649999999999,1784.368,1784.318,6.3969999999999345,-1.0187587931842983,stop,0.3490698765046424,1.2615288416445238,362,0.29700000000002547,0.01,77276.38622535428,-0.305864437875664,122.04431613823344,-795.3628082728538
2021-12-08,1784.655,1782.065,0.4112416640203108,2.589999999999918,2021-12-09 04:01:00+00:00,2021-12-09 09:47:00+00:00,long,1785.0819999999999,1782.065,1782.015,3.0169999999998254,-1.039774610540259,stop,0.8031156778257771,1.0288365926416951,346,0.3769999999999527,0.01,76472.88598144,-0.31308188321336383,256.13651383943903,-803.5002439142638
2021-12-09,1779.545,1775.418,0.6767792718924581,4.12700000000018,2021-12-10 06:06:00+00:00,2021-12-10 13:00:00+00:00,short,1775.368,1779.942,1773.902,4.574000000000069,0.30520332313071125,time,1.0959772627896467,0.23043288150416952,414,0.3969999999999345,0.005,76589.58487609467,-0.31203363475355395,83.59519674403022,116.69889465465735
2021-12-13,1789.415,1785.718,0.6393981321341987,3.696999999999889,2021-12-14 04:00:00+00:00,2021-12-14 13:00:00+00:00,short,1785.6680000000001,1789.762,1784.772,4.093999999999824,0.20175867122623867,time,0.8248656570591905,0.7393746946751213,540,0.34699999999998,0.005,76666.84794046651,-0.3113396188550517,93.53881885209816,77.26306437185043
2021-12-14,1773.275,1769.578,0.6568357466465614,3.6970000000001164,2021-12-15 05:24:00+00:00,2021-12-15 13:00:00+00:00,short,1769.528,1773.6190000000001,1771.982,4.091000000000122,-0.616964067465137,time,0.6027866047421286,0.6641407968711293,456,0.34400000000005093,0.005,76430.3444887411,-0.3134640124043181,93.70184299738968,-236.5034517254069
2021-12-19,1802.438,1798.918,0.6087858872362945,3.520000000000209,2021-12-20 05:14:00+00:00,2021-12-20 07:30:00+00:00,long,1802.7420000000002,1798.918,1798.868,3.8240000000002965,-1.031380753138061,stop,0.3441422594141479,1.060146443514585,136,0.2540000000001328,0.005,76036.2005574341,-0.3170044124240322,99.9350738607939,-394.14393130699625
2021-12-20,1792.558,1789.168,0.5863023175372092,3.3900000000001,2021-12-21 05:33:00+00:00,2021-12-21 06:33:00+00:00,long,1792.8549999999998,1789.168,1789.118,3.686999999999898,-1.0325467860048705,stop,0.12286411716848777,1.0,60,0.24699999999984357,0.005,75643.6458849061,-0.32053053691806754,103.1139145069653,-392.5546725280017
2021-12-21,1790.598,1788.198,0.4264013502709246,2.3999999999998636,2021-12-22 05:03:00+00:00,2021-12-22 10:38:00+00:00,short,1788.1480000000001,1791.0149999999999,1791.0649999999998,2.8669999999997344,-1.0418555981862454,stop,0.7241018486224072,1.0931287059644497,335,0.4169999999999163,0.005,75249.59710524406,-0.32407008223761014,131.92125197926947,-394.04877966203685
2021-12-27,1811.498,1808.398,0.6155679110405561,3.1000000000001364,2021-12-28 05:33:00+00:00,2021-12-28 13:00:00+00:00,long,1811.942,1808.398,1816.338,3.5440000000000964,1.2206546275394583,time,1.772573363431082,0.19300225733632914,447,0.39400000000000546,0.005,75708.86594987904,-0.31994469732756503,106.1647814690209,459.2688446349799
2021-12-29,1803.598,1801.225,0.6104965268845077,2.3730000000000473,2021-12-30 04:02:00+00:00,2021-12-30 12:38:00+00:00,short,1801.175,1803.934,1803.984,2.7590000000000146,-1.043494019572292,stop,1.69989126495108,1.1370061616527463,516,0.33600000000001273,0.005,75313.85720564255,-0.3234928655341506,137.2034540592219,-395.00874423649555
