date,year,month,dow,weekday,received_m1,missing_wallclock_m1,complete_m5,incomplete_wallclock_m5,asia_missing_boundary_minutes,london_missing_boundary_minutes,daily_missing_boundary_minutes,zero_quote_count_candles,flat_both_sides_candles,incomplete_candles_received
2016-01-01,2016,1,4,True,4,1436,0,288,2,2,2,0,4,0
2016-01-02,2016,1,5,False,0,1440,0,288,2,2,2,0,0,0
2016-01-03,2016,1,6,False,58,1382,10,278,2,2,1,0,2,0
2016-01-04,2016,1,0,True,1324,116,237,51,0,0,0,0,20,0
2016-01-05,2016,1,1,True,1298,142,221,67,0,0,0,0,37,0
2016-01-06,2016,1,2,True,1344,96,249,39,0,0,0,0,18,0
2016-01-07,2016,1,3,True,1352,88,251,37,0,0,0,0,11,0
2016-01-08,2016,1,4,True,1303,137,249,39,0,0,1,0,7,0
2016-01-09,2016,1,5,False,0,1440,0,288,2,2,2,0,0,0
2016-01-10,2016,1,6,False,59,1381,11,277,2,2,1,0,0,0
2016-01-11,2016,1,0,True,1346,94,255,33,0,0,1,0,12,0
2016-01-12,2016,1,1,True,1360,80,257,31,0,0,0,0,20,0
2016-01-13,2016,1,2,True,1362,78,260,28,0,0,0,0,20,0
2016-01-14,2016,1,3,True,1334,106,241,47,0,0,0,0,20,0
2016-01-15,2016,1,4,True,1299,141,245,43,0,0,1,0,17,0
2016-01-16,2016,1,5,False,0,1440,0,288,2,2,2,0,0,0
2016-01-17,2016,1,6,False,58,1382,10,278,2,2,1,0,0,0
2016-01-18,2016,1,0,True,1072,368,182,106,0,0,1,0,37,0
2016-01-19,2016,1,1,True,1343,97,248,40,0,0,0,0,21,0
2016-01-20,2016,1,2,True,1362,78,262,26,0,0,0,0,10,0
2016-01-21,2016,1,3,True,1367,73,263,25,0,0,0,0,15,0
2016-01-22,2016,1,4,True,1284,156,234,54,0,0,1,0,18,0
2016-01-23,2016,1,5,False,0,1440,0,288,2,2,2,0,0,0
2016-01-24,2016,1,6,False,55,1385,9,279,2,2,1,0,2,0
2016-01-25,2016,1,0,True,1323,117,226,62,0,0,0,0,19,0
2016-01-26,2016,1,1,True,1343,97,249,39,0,0,0,0,25,0
2016-01-27,2016,1,2,True,1344,96,244,44,0,1,0,0,21,0
2016-01-28,2016,1,3,True,1332,108,242,46,0,0,0,0,19,0
2016-01-29,2016,1,4,True,1297,143,248,40,0,0,1,0,14,0
2016-01-30,2016,1,5,False,0,1440,0,288,2,2,2,0,0,0
2016-01-31,2016,1,6,False,56,1384,9,279,2,2,1,0,1,0
2016-02-01,2016,2,0,True,1317,123,232,56,0,0,0,0,39,0
2016-02-02,2016,2,1,True,1307,133,225,63,0,0,0,0,32,0
2016-02-03,2016,2,2,True,1338,102,245,43,0,0,0,0,30,0
2016-02-04,2016,2,3,True,1352,88,254,34,0,0,0,0,24,0
2016-02-05,2016,2,4,True,1289,151,237,51,0,0,1,0,16,0
2016-02-06,2016,2,5,False,0,1440,0,288,2,2,2,0,0,0
2016-02-07,2016,2,6,False,60,1380,12,276,2,2,1,0,0,0
2016-02-08,2016,2,0,True,1354,86,255,33,0,0,0,0,11,0
2016-02-09,2016,2,1,True,1367,73,265,23,0,0,0,0,10,0
2016-02-10,2016,2,2,True,1364,76,260,28,0,0,0,0,10,0
2016-02-11,2016,2,3,True,1369,71,266,22,0,0,0,0,2,0
2016-02-12,2016,2,4,True,1312,128,260,28,0,0,1,0,2,0
2016-02-13,2016,2,5,False,0,1440,0,288,2,2,2,0,0,0
2016-02-14,2016,2,6,False,60,1380,12,276,2,2,1,0,0,0
2016-02-15,2016,2,0,True,1137,303,226,62,0,0,0,0,2,0
2016-02-16,2016,2,1,True,1376,64,272,16,0,0,0,0,0,0
2016-02-17,2016,2,2,True,1377,63,273,15,0,0,0,0,3,0
2016-02-18,2016,2,3,True,1359,81,258,30,0,0,0,0,5,0
2016-02-19,2016,2,4,True,1312,128,258,30,0,0,1,0,2,0
2016-02-20,2016,2,5,False,0,1440,0,288,2,2,2,0,0,0
2016-02-21,2016,2,6,False,59,1381,11,277,2,2,1,0,1,0
2016-02-22,2016,2,0,True,1371,69,269,19,0,0,0,0,7,0
2016-02-23,2016,2,1,True,1375,65,271,17,0,0,0,0,2,0
2016-02-24,2016,2,2,True,1377,63,273,15,0,0,0,0,1,0
2016-02-25,2016,2,3,True,1376,64,272,16,0,0,0,0,3,0
2016-02-26,2016,2,4,True,1315,125,260,28,0,0,1,0,8,0
2016-02-27,2016,2,5,False,0,1440,0,288,2,2,2,0,0,0
2016-02-28,2016,2,6,False,59,1381,11,277,2,2,1,0,1,0
2016-02-29,2016,2,0,True,1374,66,272,16,0,0,0,0,5,0
2016-03-01,2016,3,1,True,1371,69,267,21,0,0,0,0,6,0
2016-03-02,2016,3,2,True,1360,80,261,27,0,0,0,0,7,0
2016-03-03,2016,3,3,True,1363,77,263,25,0,0,0,0,8,0
2016-03-04,2016,3,4,True,1318,122,262,26,0,0,1,0,1,0
2016-03-05,2016,3,5,False,0,1440,0,288,2,2,2,0,0,0
2016-03-06,2016,3,6,False,59,1381,11,277,2,2,1,0,0,0
2016-03-07,2016,3,0,True,1369,71,266,22,0,0,0,0,4,0
2016-03-08,2016,3,1,True,1376,64,272,16,0,0,0,0,0,0
2016-03-09,2016,3,2,True,1367,73,265,23,0,0,0,0,7,0
2016-03-10,2016,3,3,True,1361,79,259,29,0,0,0,0,8,0
2016-03-11,2016,3,4,True,1318,122,262,26,0,0,1,0,0,0
2016-03-12,2016,3,5,False,0,1440,0,288,2,2,2,0,0,0
2016-03-13,2016,3,6,False,116,1324,22,266,2,2,1,0,1,0
2016-03-14,2016,3,0,True,1364,76,263,25,0,0,0,0,3,0
2016-03-15,2016,3,1,True,1346,94,254,34,0,0,0,0,8,0
2016-03-16,2016,3,2,True,1362,78,261,27,0,0,0,0,13,0
2016-03-17,2016,3,3,True,1368,72,265,23,0,0,0,0,5,0
2016-03-18,2016,3,4,True,1250,190,243,45,0,0,1,0,3,0
2016-03-19,2016,3,5,False,0,1440,0,288,2,2,2,0,0,0
2016-03-20,2016,3,6,False,113,1327,22,266,2,2,1,0,2,0
2016-03-21,2016,3,0,True,1346,94,253,35,0,0,0,0,10,0
2016-03-22,2016,3,1,True,1353,87,256,32,0,0,0,0,7,0
2016-03-23,2016,3,2,True,1352,88,256,32,0,0,0,0,13,0
2016-03-24,2016,3,3,True,1245,195,240,48,0,0,1,0,9,0
2016-03-25,2016,3,4,True,0,1440,0,288,2,2,2,0,0,0
2016-03-26,2016,3,5,False,0,1440,0,288,2,2,2,0,0,0
2016-03-27,2016,3,6,False,116,1324,21,267,2,2,1,0,1,0
2016-03-28,2016,3,0,True,1328,112,235,53,0,0,0,0,20,0
2016-03-29,2016,3,1,True,1366,74,263,25,0,0,0,0,11,0
2016-03-30,2016,3,2,True,1351,89,251,37,0,0,0,0,9,0
2016-03-31,2016,3,3,True,1343,97,246,42,0,0,0,0,13,0
2016-04-01,2016,4,4,True,1251,189,244,44,0,0,1,0,6,0
2016-04-02,2016,4,5,False,0,1440,0,288,2,2,2,0,0,0
2016-04-03,2016,4,6,False,120,1320,24,264,2,2,1,0,3,0
2016-04-04,2016,4,0,True,1348,92,252,36,0,0,0,0,15,0
2016-04-05,2016,4,1,True,1364,76,263,25,0,0,0,0,11,0
2016-04-06,2016,4,2,True,1348,92,250,38,0,0,0,0,11,0
2016-04-07,2016,4,3,True,1363,77,262,26,0,0,0,0,5,0
2016-04-08,2016,4,4,True,1251,189,243,45,0,0,1,0,2,0
2016-04-09,2016,4,5,False,0,1440,0,288,2,2,2,0,0,0
2016-04-10,2016,4,6,False,119,1321,23,265,2,2,1,0,0,0
2016-04-11,2016,4,0,True,1370,70,267,21,0,0,0,0,6,0
2016-04-12,2016,4,1,True,1343,97,249,39,0,0,0,0,12,0
2016-04-13,2016,4,2,True,1356,84,259,29,0,0,0,0,12,0
2016-04-14,2016,4,3,True,1357,83,258,30,0,0,0,0,11,0
2016-04-15,2016,4,4,True,1236,204,232,56,0,0,1,0,9,0
2016-04-16,2016,4,5,False,0,1440,0,288,2,2,2,0,0,0
2016-04-17,2016,4,6,False,119,1321,23,265,2,2,1,0,0,0
2016-04-18,2016,4,0,True,1357,83,256,32,0,0,0,0,13,0
2016-04-19,2016,4,1,True,1368,72,265,23,0,0,0,0,12,0
2016-04-20,2016,4,2,True,1372,68,269,19,0,0,0,0,3,0
2016-04-21,2016,4,3,True,1370,70,267,21,0,0,0,0,5,0
2016-04-22,2016,4,4,True,1255,185,248,40,0,0,1,0,4,0
2016-04-23,2016,4,5,False,0,1440,0,288,2,2,2,0,0,0
2016-04-24,2016,4,6,False,118,1322,22,266,2,2,1,0,0,0
2016-04-25,2016,4,0,True,1358,82,256,32,0,0,0,0,8,0
2016-04-26,2016,4,1,True,1348,92,251,37,0,0,0,0,4,0
2016-04-27,2016,4,2,True,1369,71,267,21,0,0,0,0,4,0
2016-04-28,2016,4,3,True,1371,69,268,20,0,0,0,0,1,0
2016-04-29,2016,4,4,True,1258,182,250,38,0,0,1,0,2,0
2016-04-30,2016,4,5,False,0,1440,0,288,2,2,2,0,0,0
2016-05-01,2016,5,6,False,120,1320,24,264,2,2,1,0,1,0
2016-05-02,2016,5,0,True,1362,78,262,26,0,0,0,0,7,0
2016-05-03,2016,5,1,True,1363,77,264,24,0,0,0,0,2,0
2016-05-04,2016,5,2,True,1373,67,271,17,0,0,0,0,5,0
2016-05-05,2016,5,3,True,1360,80,262,26,0,0,0,0,7,0
2016-05-06,2016,5,4,True,1244,196,243,45,0,0,1,0,2,0
2016-05-07,2016,5,5,False,0,1440,0,288,2,2,2,0,0,0
2016-05-08,2016,5,6,False,119,1321,23,265,2,2,1,0,0,0
2016-05-09,2016,5,0,True,1368,72,266,22,0,0,0,0,2,0
2016-05-10,2016,5,1,True,1364,76,263,25,0,0,0,0,7,0
2016-05-11,2016,5,2,True,1359,81,262,26,0,0,0,0,6,0
2016-05-12,2016,5,3,True,1377,63,273,15,0,0,0,0,2,0
2016-05-13,2016,5,4,True,1249,191,242,46,0,0,1,0,0,0
2016-05-14,2016,5,5,False,0,1440,0,288,2,2,2,0,0,0
2016-05-15,2016,5,6,False,115,1325,21,267,2,2,1,0,0,0
2016-05-16,2016,5,0,True,1368,72,265,23,0,0,0,0,3,0
2016-05-17,2016,5,1,True,1367,73,264,24,0,0,0,0,7,0
2016-05-18,2016,5,2,True,1376,64,272,16,0,0,0,0,2,0
2016-05-19,2016,5,3,True,1376,64,272,16,0,0,0,0,3,0
2016-05-20,2016,5,4,True,1247,193,240,48,0,0,1,0,4,0
2016-05-21,2016,5,5,False,0,1440,0,288,2,2,2,0,0,0
2016-05-22,2016,5,6,False,115,1325,20,268,2,2,1,0,1,0
2016-05-23,2016,5,0,True,1371,69,267,21,0,0,1,0,4,0
2016-05-24,2016,5,1,True,1377,63,273,15,0,0,0,0,2,0
2016-05-25,2016,5,2,True,1360,80,260,28,0,0,0,0,4,0
2016-05-26,2016,5,3,True,1369,71,267,21,0,0,0,0,6,0
2016-05-27,2016,5,4,True,1246,194,241,47,0,0,1,0,4,0
2016-05-28,2016,5,5,False,0,1440,0,288,2,2,2,0,0,0
2016-05-29,2016,5,6,False,120,1320,24,264,2,2,1,0,0,0
2016-05-30,2016,5,0,True,1128,312,216,72,0,0,0,0,8,0
2016-05-31,2016,5,1,True,1355,85,259,29,0,0,0,0,8,0
2016-06-01,2016,6,2,True,1365,75,264,24,0,0,0,0,12,0
2016-06-02,2016,6,3,True,1358,82,257,31,0,0,0,0,17,0
2016-06-03,2016,6,4,True,1240,200,234,54,0,0,1,0,6,0
2016-06-04,2016,6,5,False,0,1440,0,288,2,2,2,0,0,0
2016-06-05,2016,6,6,False,120,1320,24,264,2,2,1,0,1,0
2016-06-06,2016,6,0,True,1342,98,250,38,0,0,0,0,11,0
2016-06-07,2016,6,1,True,1347,93,248,40,0,0,0,0,15,0
2016-06-08,2016,6,2,True,1352,88,254,34,0,0,0,0,17,0
2016-06-09,2016,6,3,True,1340,100,248,40,0,0,0,0,26,0
2016-06-10,2016,6,4,True,1237,203,233,55,0,0,1,0,8,0
2016-06-11,2016,6,5,False,0,1440,0,288,2,2,2,0,0,0
2016-06-12,2016,6,6,False,114,1326,19,269,2,2,1,0,2,0
2016-06-13,2016,6,0,True,1348,92,254,34,0,0,0,0,3,0
2016-06-14,2016,6,1,True,1351,89,256,32,0,0,0,0,11,0
2016-06-15,2016,6,2,True,1356,84,258,30,0,0,0,0,12,0
2016-06-16,2016,6,3,True,1377,63,273,15,0,0,0,0,2,0
2016-06-17,2016,6,4,True,1251,189,246,42,0,0,1,0,3,0
2016-06-18,2016,6,5,False,0,1440,0,288,2,2,2,0,0,0
2016-06-19,2016,6,6,False,120,1320,24,264,2,2,1,0,0,0
2016-06-20,2016,6,0,True,1365,75,264,24,0,0,0,0,3,0
2016-06-21,2016,6,1,True,1369,71,267,21,0,0,0,0,1,0
2016-06-22,2016,6,2,True,1369,71,269,19,0,0,0,0,5,0
2016-06-23,2016,6,3,True,1370,70,267,21,0,0,0,0,5,0
2016-06-24,2016,6,4,True,1260,180,252,36,0,0,1,0,0,0
2016-06-25,2016,6,5,False,0,1440,0,288,2,2,2,0,0,0
2016-06-26,2016,6,6,False,120,1320,24,264,2,2,1,0,0,0
2016-06-27,2016,6,0,True,1379,61,275,13,0,0,0,0,1,0
2016-06-28,2016,6,1,True,1379,61,275,13,0,0,0,0,1,0
2016-06-29,2016,6,2,True,1375,65,271,17,0,0,0,0,2,0
2016-06-30,2016,6,3,True,1368,72,265,23,0,0,0,0,2,0
2016-07-01,2016,7,4,True,1259,181,251,37,0,0,1,0,1,0
2016-07-02,2016,7,5,False,0,1440,0,288,2,2,2,0,0,0
2016-07-03,2016,7,6,False,118,1322,23,265,2,2,1,0,0,0
2016-07-04,2016,7,0,True,1137,303,225,63,0,0,0,0,1,0
2016-07-05,2016,7,1,True,1366,74,269,19,0,0,0,0,2,0
2016-07-06,2016,7,2,True,1375,65,271,17,0,0,0,0,1,0
2016-07-07,2016,7,3,True,1371,69,267,21,0,0,0,0,8,0
2016-07-08,2016,7,4,True,1249,191,242,46,0,0,1,0,3,0
2016-07-09,2016,7,5,False,0,1440,0,288,2,2,2,0,0,0
2016-07-10,2016,7,6,False,120,1320,24,264,2,2,1,0,0,0
2016-07-11,2016,7,0,True,1362,78,262,26,0,0,0,0,3,0
2016-07-12,2016,7,1,True,1368,72,265,23,0,0,0,0,5,0
2016-07-13,2016,7,2,True,1371,69,271,17,0,0,0,0,2,0
2016-07-14,2016,7,3,True,1370,70,270,18,0,0,0,0,4,0
2016-07-15,2016,7,4,True,1257,183,249,39,0,0,1,0,1,0
2016-07-16,2016,7,5,False,0,1440,0,288,2,2,2,0,0,0
2016-07-17,2016,7,6,False,120,1320,24,264,2,2,1,0,0,0
2016-07-18,2016,7,0,True,1369,71,266,22,0,0,0,0,5,0
2016-07-19,2016,7,1,True,1355,85,256,32,0,0,0,0,5,0
2016-07-20,2016,7,2,True,1360,80,258,30,0,0,0,0,5,0
2016-07-21,2016,7,3,True,1375,65,272,16,0,0,0,0,1,0
2016-07-22,2016,7,4,True,1255,185,247,41,0,0,1,0,3,0
2016-07-23,2016,7,5,False,0,1440,0,288,2,2,2,0,0,0
2016-07-24,2016,7,6,False,118,1322,22,266,2,2,1,0,1,0
2016-07-25,2016,7,0,True,1361,79,261,27,0,0,0,0,5,0
2016-07-26,2016,7,1,True,1353,87,258,30,0,0,0,0,4,0
2016-07-27,2016,7,2,True,1374,66,270,18,0,0,0,0,7,0
2016-07-28,2016,7,3,True,1364,76,265,23,0,0,0,0,7,0
2016-07-29,2016,7,4,True,1255,185,248,40,0,0,1,0,5,0
2016-07-30,2016,7,5,False,0,1440,0,288,2,2,2,0,0,0
2016-07-31,2016,7,6,False,119,1321,23,265,2,2,1,0,1,0
2016-08-01,2016,8,0,True,1362,78,260,28,0,0,0,0,5,0
2016-08-02,2016,8,1,True,1358,82,258,30,0,0,0,0,5,0
2016-08-03,2016,8,2,True,1353,87,252,36,0,0,0,0,6,0
2016-08-04,2016,8,3,True,1353,87,253,35,0,0,0,0,6,0
2016-08-05,2016,8,4,True,1237,203,235,53,0,0,1,0,6,0
2016-08-06,2016,8,5,False,0,1440,0,288,2,2,2,0,0,0
2016-08-07,2016,8,6,False,120,1320,24,264,2,2,1,0,0,0
2016-08-08,2016,8,0,True,1358,82,260,28,0,0,0,0,5,0
2016-08-09,2016,8,1,True,1324,116,234,54,0,0,0,0,14,0
2016-08-10,2016,8,2,True,1363,77,263,25,0,0,0,0,10,0
2016-08-11,2016,8,3,True,1358,82,258,30,0,0,0,0,6,0
2016-08-12,2016,8,4,True,1247,193,239,49,0,0,1,0,5,0
2016-08-13,2016,8,5,False,0,1440,0,288,2,2,2,0,0,0
2016-08-14,2016,8,6,False,116,1324,20,268,2,2,1,0,0,0
2016-08-15,2016,8,0,True,1352,88,257,31,0,0,0,0,9,0
2016-08-16,2016,8,1,True,1353,87,257,31,0,0,0,0,11,0
2016-08-17,2016,8,2,True,1363,77,261,27,0,0,0,0,2,0
2016-08-18,2016,8,3,True,1373,67,269,19,0,0,0,0,0,0
2016-08-19,2016,8,4,True,1239,201,239,49,0,0,1,0,3,0
2016-08-20,2016,8,5,False,0,1440,0,288,2,2,2,0,0,0
2016-08-21,2016,8,6,False,120,1320,24,264,2,2,1,0,0,0
2016-08-22,2016,8,0,True,1352,88,255,33,0,0,0,0,5,0
2016-08-23,2016,8,1,True,1359,81,257,31,0,0,0,0,7,0
2016-08-24,2016,8,2,True,1348,92,251,37,0,0,0,0,6,0
2016-08-25,2016,8,3,True,1340,100,249,39,0,0,0,0,10,0
2016-08-26,2016,8,4,True,1208,232,223,65,0,0,1,0,11,0
2016-08-27,2016,8,5,False,0,1440,0,288,2,2,2,0,0,0
2016-08-28,2016,8,6,False,120,1320,24,264,2,2,1,0,0,0
2016-08-29,2016,8,0,True,1352,88,256,32,0,0,0,0,3,0
2016-08-30,2016,8,1,True,1346,94,251,37,0,0,0,0,9,0
2016-08-31,2016,8,2,True,1332,108,242,46,0,0,0,0,11,0
2016-09-01,2016,9,3,True,1338,102,244,44,0,0,0,0,10,0
2016-09-02,2016,9,4,True,1239,201,235,53,0,0,1,0,2,0
2016-09-03,2016,9,5,False,0,1440,0,288,2,2,2,0,0,0
2016-09-04,2016,9,6,False,106,1334,16,272,2,2,1,0,2,0
2016-09-05,2016,9,0,True,1100,340,203,85,0,0,0,0,16,0
2016-09-06,2016,9,1,True,1355,85,256,32,0,0,0,0,9,0
2016-09-07,2016,9,2,True,1350,90,259,29,0,0,0,0,7,0
2016-09-08,2016,9,3,True,1342,98,249,39,0,0,0,0,12,0
2016-09-09,2016,9,4,True,1222,218,226,62,0,0,1,0,7,0
2016-09-10,2016,9,5,False,0,1440,0,288,2,2,2,0,0,0
2016-09-11,2016,9,6,False,120,1320,24,264,2,2,1,0,1,0
2016-09-12,2016,9,0,True,1356,84,261,27,0,0,0,0,9,0
2016-09-13,2016,9,1,True,1367,73,267,21,0,0,0,0,2,0
2016-09-14,2016,9,2,True,1346,94,252,36,0,0,0,0,5,0
2016-09-15,2016,9,3,True,1338,102,248,40,0,0,0,0,7,0
2016-09-16,2016,9,4,True,1225,215,220,68,0,0,1,0,9,0
2016-09-17,2016,9,5,False,0,1440,0,288,2,2,2,0,0,0
2016-09-18,2016,9,6,False,119,1321,23,265,2,2,1,0,0,0
2016-09-19,2016,9,0,True,1321,119,243,45,0,0,0,0,14,0
2016-09-20,2016,9,1,True,1317,123,225,63,0,0,0,0,21,0
2016-09-21,2016,9,2,True,1358,82,260,28,0,0,0,0,7,0
2016-09-22,2016,9,3,True,1343,97,248,40,0,0,0,0,11,0
2016-09-23,2016,9,4,True,1235,205,230,58,0,0,1,0,8,0
2016-09-24,2016,9,5,False,0,1440,0,288,2,2,2,0,0,0
2016-09-25,2016,9,6,False,109,1331,17,271,2,2,1,0,1,0
2016-09-26,2016,9,0,True,1308,132,224,64,0,0,0,0,13,0
2016-09-27,2016,9,1,True,1310,130,232,56,0,0,0,0,14,0
2016-09-28,2016,9,2,True,1329,111,241,47,0,0,0,0,21,0
2016-09-29,2016,9,3,True,1322,118,235,53,0,0,0,0,17,0
2016-09-30,2016,9,4,True,1237,203,232,56,0,0,1,0,10,0
2016-10-01,2016,10,5,False,0,1440,0,288,2,2,2,0,0,0
2016-10-02,2016,10,6,False,110,1330,18,270,2,2,1,0,3,0
2016-10-03,2016,10,0,True,1349,91,250,38,0,0,0,0,19,0
2016-10-04,2016,10,1,True,1364,76,262,26,0,0,0,0,5,0
2016-10-05,2016,10,2,True,1348,92,247,41,0,0,0,0,17,0
2016-10-06,2016,10,3,True,1348,92,253,35,0,0,0,0,17,0
2016-10-07,2016,10,4,True,1247,193,241,47,0,0,1,0,7,0
2016-10-08,2016,10,5,False,0,1440,0,288,2,2,2,0,0,0
2016-10-09,2016,10,6,False,119,1321,23,265,2,2,1,0,0,0
2016-10-10,2016,10,0,True,1314,126,232,56,0,0,1,0,11,0
2016-10-11,2016,10,1,True,1352,88,253,35,0,0,0,0,4,0
2016-10-12,2016,10,2,True,1340,100,246,42,0,0,0,0,14,0
2016-10-13,2016,10,3,True,1347,93,251,37,0,0,0,0,16,0
2016-10-14,2016,10,4,True,1235,205,234,54,0,0,1,0,9,0
2016-10-15,2016,10,5,False,0,1440,0,288,2,2,2,0,0,0
2016-10-16,2016,10,6,False,112,1328,17,271,2,2,1,0,0,0
2016-10-17,2016,10,0,True,1337,103,240,48,0,0,1,0,25,0
2016-10-18,2016,10,1,True,1320,120,233,55,0,0,0,0,23,0
2016-10-19,2016,10,2,True,1330,110,236,52,0,0,0,0,30,0
2016-10-20,2016,10,3,True,1312,128,229,59,0,0,0,0,26,0
2016-10-21,2016,10,4,True,1202,238,214,74,0,0,1,0,34,0
2016-10-22,2016,10,5,False,0,1440,0,288,2,2,2,0,0,0
2016-10-23,2016,10,6,False,114,1326,19,269,2,2,1,0,1,0
2016-10-24,2016,10,0,True,1278,162,212,76,0,0,0,0,21,0
2016-10-25,2016,10,1,True,1312,128,228,60,0,0,0,0,14,0
2016-10-26,2016,10,2,True,1310,130,227,61,0,0,0,0,19,0
2016-10-27,2016,10,3,True,1320,120,231,57,0,0,0,0,18,0
2016-10-28,2016,10,4,True,1217,223,216,72,0,0,1,0,10,0
2016-10-29,2016,10,5,False,0,1440,0,288,2,2,2,0,0,0
2016-10-30,2016,10,6,False,111,1329,17,271,2,2,1,0,1,0
2016-10-31,2016,10,0,True,1335,105,243,45,0,0,0,0,18,0
2016-11-01,2016,11,1,True,1325,115,240,48,0,0,0,0,11,0
2016-11-02,2016,11,2,True,1353,87,253,35,0,0,1,0,7,0
2016-11-03,2016,11,3,True,1356,84,263,25,0,0,0,0,6,0
2016-11-04,2016,11,4,True,1240,200,235,53,0,0,1,0,8,0
2016-11-05,2016,11,5,False,0,1440,0,288,2,2,2,0,0,0
2016-11-06,2016,11,6,False,60,1380,12,276,2,2,1,0,0,0
2016-11-07,2016,11,0,True,1365,75,264,24,0,0,0,0,10,0
2016-11-08,2016,11,1,True,1351,89,252,36,0,0,0,0,14,0
2016-11-09,2016,11,2,True,1380,60,276,12,0,0,0,0,0,0
2016-11-10,2016,11,3,True,1379,61,275,13,0,0,0,0,0,0
2016-11-11,2016,11,4,True,1319,121,263,25,0,0,1,0,0,0
2016-11-12,2016,11,5,False,0,1440,0,288,2,2,2,0,0,0
2016-11-13,2016,11,6,False,60,1380,12,276,2,2,1,0,0,0
2016-11-14,2016,11,0,True,1377,63,273,15,0,0,0,0,1,0
2016-11-15,2016,11,1,True,1365,75,269,19,0,0,0,0,0,0
2016-11-16,2016,11,2,True,1369,71,267,21,0,0,0,0,3,0
2016-11-17,2016,11,3,True,1376,64,272,16,0,0,0,0,3,0
2016-11-18,2016,11,4,True,1318,122,263,25,0,0,1,0,6,0
2016-11-19,2016,11,5,False,0,1440,0,288,2,2,2,0,0,0
2016-11-20,2016,11,6,False,60,1380,12,276,2,2,1,0,0,0
2016-11-21,2016,11,0,True,1375,65,271,17,0,0,0,0,3,0
2016-11-22,2016,11,1,True,1362,78,261,27,0,0,0,0,4,0
2016-11-23,2016,11,2,True,1366,74,264,24,0,0,0,0,4,0
2016-11-24,2016,11,3,True,1134,306,225,63,0,0,0,0,3,0
2016-11-25,2016,11,4,True,1125,315,225,63,0,0,1,0,1,0
2016-11-26,2016,11,5,False,0,1440,0,288,2,2,2,0,0,0
2016-11-27,2016,11,6,False,60,1380,12,276,2,2,1,0,0,0
2016-11-28,2016,11,0,True,1373,67,270,18,0,0,0,0,7,0
2016-11-29,2016,11,1,True,1370,70,268,20,0,0,0,0,5,0
2016-11-30,2016,11,2,True,1376,64,272,16,0,0,0,0,7,0
2016-12-01,2016,12,3,True,1371,69,271,17,0,0,0,0,3,0
2016-12-02,2016,12,4,True,1308,132,257,31,0,0,1,0,7,0
2016-12-03,2016,12,5,False,0,1440,0,288,2,2,2,0,0,0
2016-12-04,2016,12,6,False,60,1380,12,276,2,2,1,0,0,0
2016-12-05,2016,12,0,True,1371,69,268,20,0,0,0,0,3,0
2016-12-06,2016,12,1,True,1365,75,264,24,0,0,0,0,8,0
2016-12-07,2016,12,2,True,1346,94,249,39,0,1,0,0,13,0
2016-12-08,2016,12,3,True,1360,80,258,30,0,0,0,0,5,0
2016-12-09,2016,12,4,True,1293,147,243,45,0,0,1,0,6,0
2016-12-10,2016,12,5,False,0,1440,0,288,2,2,2,0,0,0
2016-12-11,2016,12,6,False,59,1381,11,277,2,2,1,0,0,0
2016-12-12,2016,12,0,True,1357,83,260,28,0,0,0,0,6,0
2016-12-13,2016,12,1,True,1367,73,263,25,0,0,0,0,5,0
2016-12-14,2016,12,2,True,1358,82,257,31,0,0,0,0,7,0
2016-12-15,2016,12,3,True,1377,63,274,14,0,0,0,0,4,0
2016-12-16,2016,12,4,True,1306,134,251,37,0,0,1,0,6,0
2016-12-17,2016,12,5,False,0,1440,0,288,2,2,2,0,0,0
2016-12-18,2016,12,6,False,58,1382,10,278,2,2,1,0,0,0
2016-12-19,2016,12,0,True,1358,82,260,28,0,0,0,0,5,0
2016-12-20,2016,12,1,True,1373,67,270,18,0,0,0,0,5,0
2016-12-21,2016,12,2,True,1361,79,260,28,0,0,0,0,7,0
2016-12-22,2016,12,3,True,1360,80,256,32,0,0,0,0,14,0
2016-12-23,2016,12,4,True,1237,203,208,80,0,0,1,0,25,0
2016-12-24,2016,12,5,False,0,1440,0,288,2,2,2,0,0,0
2016-12-25,2016,12,6,False,0,1440,0,288,2,2,2,0,0,0
2016-12-26,2016,12,0,True,60,1380,12,276,2,2,1,0,0,0
2016-12-27,2016,12,1,True,1330,110,241,47,0,0,0,0,14,0
2016-12-28,2016,12,2,True,1347,93,250,38,0,0,0,0,11,0
2016-12-29,2016,12,3,True,1366,74,263,25,0,0,0,0,13,0
2016-12-30,2016,12,4,True,1314,126,258,30,0,0,1,0,4,0
2016-12-31,2016,12,5,False,0,1440,0,288,2,2,2,0,0,0
2017-01-01,2017,1,6,False,0,1440,0,288,2,2,2,0,0,0
2017-01-02,2017,1,0,True,60,1380,12,276,2,2,1,0,0,0
2017-01-03,2017,1,1,True,1358,82,256,32,0,0,0,0,4,0
2017-01-04,2017,1,2,True,1375,65,271,17,0,0,0,0,2,0
2017-01-05,2017,1,3,True,1368,72,268,20,0,0,0,0,1,0
2017-01-06,2017,1,4,True,1316,124,261,27,0,0,1,0,6,0
2017-01-07,2017,1,5,False,0,1440,0,288,2,2,2,0,0,0
2017-01-08,2017,1,6,False,60,1380,12,276,2,2,1,0,0,0
2017-01-09,2017,1,0,True,1359,81,259,29,0,0,0,0,8,0
2017-01-10,2017,1,1,True,1366,74,265,23,0,0,0,0,8,0
2017-01-11,2017,1,2,True,1376,64,273,15,0,0,0,0,6,0
2017-01-12,2017,1,3,True,1375,65,271,17,0,0,0,0,2,0
2017-01-13,2017,1,4,True,1312,128,256,32,0,0,1,0,1,0
2017-01-14,2017,1,5,False,0,1440,0,288,2,2,2,0,0,0
2017-01-15,2017,1,6,False,60,1380,12,276,2,2,1,0,0,0
2017-01-16,2017,1,0,True,1126,314,217,71,0,0,0,0,6,0
2017-01-17,2017,1,1,True,1372,68,270,18,0,0,0,0,5,0
2017-01-18,2017,1,2,True,1374,66,270,18,0,0,0,0,2,0
2017-01-19,2017,1,3,True,1373,67,270,18,0,0,0,0,0,0
2017-01-20,2017,1,4,True,1308,132,258,30,0,0,1,0,5,0
2017-01-21,2017,1,5,False,0,1440,0,288,2,2,2,0,0,0
2017-01-22,2017,1,6,False,60,1380,12,276,2,2,1,0,0,0
2017-01-23,2017,1,0,True,1379,61,275,13,0,0,0,0,3,0
2017-01-24,2017,1,1,True,1370,70,269,19,0,0,0,0,7,0
2017-01-25,2017,1,2,True,1366,74,263,25,0,0,0,0,3,0
2017-01-26,2017,1,3,True,1372,68,268,20,0,0,0,0,6,0
2017-01-27,2017,1,4,True,1314,126,258,30,0,0,1,0,4,0
2017-01-28,2017,1,5,False,0,1440,0,288,2,2,2,0,0,0
2017-01-29,2017,1,6,False,60,1380,12,276,2,2,1,0,0,0
2017-01-30,2017,1,0,True,1366,74,262,26,0,0,0,0,15,0
2017-01-31,2017,1,1,True,1371,69,267,21,0,0,0,0,10,0
2017-02-01,2017,2,2,True,1359,81,259,29,0,0,0,0,7,0
2017-02-02,2017,2,3,True,1368,72,267,21,0,0,0,0,4,0
2017-02-03,2017,2,4,True,1303,137,253,35,0,0,1,0,7,0
2017-02-04,2017,2,5,False,0,1440,0,288,2,2,2,0,0,0
2017-02-05,2017,2,6,False,60,1380,12,276,2,2,1,0,0,0
2017-02-06,2017,2,0,True,1367,73,265,23,0,0,1,0,6,0
2017-02-07,2017,2,1,True,1364,76,261,27,0,0,0,0,6,0
2017-02-08,2017,2,2,True,1350,90,252,36,0,0,0,0,18,0
2017-02-09,2017,2,3,True,1353,87,253,35,0,0,0,0,11,0
2017-02-10,2017,2,4,True,1301,139,247,41,0,0,1,0,22,0
2017-02-11,2017,2,5,False,0,1440,0,288,2,2,2,0,0,0
2017-02-12,2017,2,6,False,60,1380,12,276,2,2,1,0,0,0
2017-02-13,2017,2,0,True,1328,112,235,53,0,0,0,0,29,0
2017-02-14,2017,2,1,True,1338,102,243,45,0,0,0,0,18,0
2017-02-15,2017,2,2,True,1334,106,243,45,0,0,0,0,38,0
2017-02-16,2017,2,3,True,1363,77,261,27,0,0,0,0,14,0
2017-02-17,2017,2,4,True,1269,171,226,62,0,0,1,0,27,0
2017-02-18,2017,2,5,False,0,1440,0,288,2,2,2,0,0,0
2017-02-19,2017,2,6,False,60,1380,12,276,2,2,1,0,0,0
2017-02-20,2017,2,0,True,1075,365,178,110,0,0,0,0,38,0
2017-02-21,2017,2,1,True,1330,110,239,49,0,0,0,0,40,0
2017-02-22,2017,2,2,True,1329,111,241,47,0,0,0,0,20,0
2017-02-23,2017,2,3,True,1328,112,243,45,0,0,0,0,29,0
2017-02-24,2017,2,4,True,1285,155,237,51,0,0,1,0,26,0
2017-02-25,2017,2,5,False,0,1440,0,288,2,2,2,0,0,0
2017-02-26,2017,2,6,False,60,1380,12,276,2,2,1,0,0,0
2017-02-27,2017,2,0,True,1325,115,236,52,0,0,0,0,23,0
2017-02-28,2017,2,1,True,1346,94,249,39,0,0,0,0,4,0
2017-03-01,2017,3,2,True,1377,63,273,15,0,0,0,0,0,0
2017-03-02,2017,3,3,True,1377,63,274,14,0,0,0,0,1,0
2017-03-03,2017,3,4,True,1319,121,263,25,0,0,1,0,0,0
2017-03-04,2017,3,5,False,0,1440,0,288,2,2,2,0,0,0
2017-03-05,2017,3,6,False,60,1380,12,276,2,2,1,0,0,0
2017-03-06,2017,3,0,True,1368,72,266,22,0,0,0,0,0,0
2017-03-07,2017,3,1,True,1330,110,242,46,0,0,0,0,9,0
2017-03-08,2017,3,2,True,1350,90,253,35,0,0,0,0,3,0
2017-03-09,2017,3,3,True,1362,78,261,27,0,0,0,0,4,0
2017-03-10,2017,3,4,True,1304,136,251,37,0,0,1,0,2,0
2017-03-11,2017,3,5,False,0,1440,0,288,2,2,2,0,0,0
2017-03-12,2017,3,6,False,117,1323,22,266,2,2,1,0,0,0
2017-03-13,2017,3,0,True,1353,87,252,36,0,0,0,0,4,0
2017-03-14,2017,3,1,True,1323,117,241,47,0,0,0,0,4,0
2017-03-15,2017,3,2,True,1343,97,249,39,0,0,0,0,5,0
2017-03-16,2017,3,3,True,1378,62,274,14,0,0,0,0,0,0
2017-03-17,2017,3,4,True,1211,229,219,69,0,0,1,0,4,0
2017-03-18,2017,3,5,False,0,1440,0,288,2,2,2,0,0,0
2017-03-19,2017,3,6,False,120,1320,24,264,2,2,1,0,0,0
2017-03-20,2017,3,0,True,1364,76,260,28,0,0,0,0,1,0
2017-03-21,2017,3,1,True,1364,76,263,25,0,0,0,0,0,0
2017-03-22,2017,3,2,True,1374,66,271,17,0,0,0,0,0,0
2017-03-23,2017,3,3,True,1361,79,263,25,0,0,0,0,1,0
2017-03-24,2017,3,4,True,1247,193,240,48,0,0,1,0,0,0
2017-03-25,2017,3,5,False,0,1440,0,288,2,2,2,0,0,0
2017-03-26,2017,3,6,False,120,1320,24,264,2,2,1,0,0,0
2017-03-27,2017,3,0,True,1351,89,255,33,0,0,0,0,6,0
2017-03-28,2017,3,1,True,1345,95,247,41,0,0,0,0,4,0
2017-03-29,2017,3,2,True,1360,80,259,29,0,0,0,0,4,0
2017-03-30,2017,3,3,True,1338,102,244,44,0,0,0,0,9,0
2017-03-31,2017,3,4,True,1242,198,237,51,0,0,1,0,1,0
2017-04-01,2017,4,5,False,0,1440,0,288,2,2,2,0,0,0
2017-04-02,2017,4,6,False,120,1320,24,264,2,2,1,0,0,0
2017-04-03,2017,4,0,True,1340,100,248,40,0,0,0,0,1,0
2017-04-04,2017,4,1,True,1350,90,251,37,0,0,0,0,3,0
2017-04-05,2017,4,2,True,1341,99,250,38,0,0,0,0,4,0
2017-04-06,2017,4,3,True,1355,85,257,31,0,0,0,0,2,0
2017-04-07,2017,4,4,True,1251,189,243,45,0,0,1,0,2,0
2017-04-08,2017,4,5,False,0,1440,0,288,2,2,2,0,0,0
2017-04-09,2017,4,6,False,120,1320,24,264,2,2,1,0,0,0
2017-04-10,2017,4,0,True,1327,113,240,48,0,1,0,0,8,0
2017-04-11,2017,4,1,True,1348,92,249,39,0,0,0,0,12,0
2017-04-12,2017,4,2,True,1358,82,260,28,0,0,0,0,6,0
2017-04-13,2017,4,3,True,1250,190,243,45,0,0,1,0,6,0
2017-04-14,2017,4,4,True,0,1440,0,288,2,2,2,0,0,0
2017-04-15,2017,4,5,False,0,1440,0,288,2,2,2,0,0,0
2017-04-16,2017,4,6,False,120,1320,24,264,2,2,1,0,0,0
2017-04-17,2017,4,0,True,1341,99,250,38,0,0,0,0,3,0
2017-04-18,2017,4,1,True,1351,89,250,38,0,0,0,0,6,0
2017-04-19,2017,4,2,True,1342,98,255,33,0,0,0,0,9,0
2017-04-20,2017,4,3,True,1349,91,252,36,0,0,0,0,8,0
2017-04-21,2017,4,4,True,1237,203,232,56,0,0,1,0,6,0
2017-04-22,2017,4,5,False,0,1440,0,288,2,2,2,0,0,0
2017-04-23,2017,4,6,False,120,1320,24,264,2,2,1,0,0,0
2017-04-24,2017,4,0,True,1361,79,261,27,0,0,0,0,8,0
2017-04-25,2017,4,1,True,1362,78,260,28,0,0,0,0,4,0
2017-04-26,2017,4,2,True,1355,85,257,31,0,0,0,0,6,0
2017-04-27,2017,4,3,True,1357,83,259,29,0,0,0,0,9,0
2017-04-28,2017,4,4,True,1219,221,220,68,0,0,1,0,9,0
2017-04-29,2017,4,5,False,0,1440,0,288,2,2,2,0,0,0
2017-04-30,2017,4,6,False,120,1320,24,264,2,2,1,0,0,0
2017-05-01,2017,5,0,True,1326,114,236,52,0,0,0,0,3,0
2017-05-02,2017,5,1,True,1346,94,253,35,0,0,0,0,3,0
2017-05-03,2017,5,2,True,1335,105,244,44,0,0,0,0,4,0
2017-05-04,2017,5,3,True,1343,97,250,38,0,0,0,0,2,0
2017-05-05,2017,5,4,True,1243,197,238,50,0,0,1,0,2,0
2017-05-06,2017,5,5,False,0,1440,0,288,2,2,2,0,0,0
2017-05-07,2017,5,6,False,119,1321,23,265,2,2,1,0,0,0
2017-05-08,2017,5,0,True,1346,94,251,37,0,0,0,0,8,0
2017-05-09,2017,5,1,True,1356,84,254,34,0,0,0,0,5,0
2017-05-10,2017,5,2,True,1347,93,250,38,0,0,0,0,8,0
2017-05-11,2017,5,3,True,1324,116,232,56,0,0,0,0,8,0
2017-05-12,2017,5,4,True,1216,224,221,67,0,0,1,0,14,0
2017-05-13,2017,5,5,False,0,1440,0,288,2,2,2,0,0,0
2017-05-14,2017,5,6,False,113,1327,20,268,2,2,1,0,1,0
2017-05-15,2017,5,0,True,1334,106,238,50,0,0,0,0,12,0
2017-05-16,2017,5,1,True,1349,91,250,38,0,0,0,0,13,0
2017-05-17,2017,5,2,True,1368,72,266,22,0,0,0,0,2,0
2017-05-18,2017,5,3,True,1379,61,275,13,0,0,0,0,2,0
2017-05-19,2017,5,4,True,1248,192,241,47,0,0,1,0,8,0
2017-05-20,2017,5,5,False,0,1440,0,288,2,2,2,0,0,0
2017-05-21,2017,5,6,False,120,1320,24,264,2,2,1,0,0,0
2017-05-22,2017,5,0,True,1356,84,255,33,0,0,0,0,4,0
2017-05-23,2017,5,1,True,1346,94,255,33,0,0,0,0,1,0
2017-05-24,2017,5,2,True,1348,92,252,36,0,0,0,0,3,0
2017-05-25,2017,5,3,True,1344,96,252,36,0,0,0,0,4,0
2017-05-26,2017,5,4,True,1237,203,237,51,0,0,1,0,6,0
2017-05-27,2017,5,5,False,0,1440,0,288,2,2,2,0,0,0
2017-05-28,2017,5,6,False,117,1323,21,267,2,2,1,0,0,0
2017-05-29,2017,5,0,True,1080,360,182,106,0,0,0,0,10,0
2017-05-30,2017,5,1,True,1332,108,236,52,0,0,0,0,6,0
2017-05-31,2017,5,2,True,1340,100,247,41,0,0,0,0,4,0
2017-06-01,2017,6,3,True,1344,96,247,41,0,0,0,0,11,0
2017-06-02,2017,6,4,True,1210,230,218,70,0,0,1,0,8,0
2017-06-03,2017,6,5,False,0,1440,0,288,2,2,2,0,0,0
2017-06-04,2017,6,6,False,117,1323,21,267,2,2,1,0,0,0
2017-06-05,2017,6,0,True,1327,113,236,52,0,0,0,0,10,0
2017-06-06,2017,6,1,True,1339,101,253,35,0,0,0,0,3,0
2017-06-07,2017,6,2,True,1330,110,240,48,0,0,0,0,7,0
2017-06-08,2017,6,3,True,1337,103,245,43,0,0,0,0,3,0
2017-06-09,2017,6,4,True,1243,197,237,51,0,0,1,0,5,0
2017-06-10,2017,6,5,False,0,1440,0,288,2,2,2,0,0,0
2017-06-11,2017,6,6,False,120,1320,24,264,2,2,1,0,0,0
2017-06-12,2017,6,0,True,1348,92,253,35,0,0,0,0,5,0
2017-06-13,2017,6,1,True,1305,135,230,58,0,0,0,0,5,0
2017-06-14,2017,6,2,True,1336,104,247,41,0,0,0,0,10,0
2017-06-15,2017,6,3,True,1347,93,252,36,0,0,0,0,8,0
2017-06-16,2017,6,4,True,1209,231,217,71,0,0,1,0,12,0
2017-06-17,2017,6,5,False,0,1440,0,288,2,2,2,0,0,0
2017-06-18,2017,6,6,False,117,1323,21,267,2,2,1,0,0,0
2017-06-19,2017,6,0,True,1326,114,240,48,0,0,0,0,7,0
2017-06-20,2017,6,1,True,1280,160,210,78,0,0,0,0,18,0
2017-06-21,2017,6,2,True,1318,122,231,57,0,0,0,0,8,0
2017-06-22,2017,6,3,True,1347,93,250,38,0,0,0,0,4,0
2017-06-23,2017,6,4,True,1207,233,214,74,0,0,1,0,10,0
2017-06-24,2017,6,5,False,0,1440,0,288,2,2,2,0,0,0
2017-06-25,2017,6,6,False,113,1327,20,268,2,2,1,0,0,0
2017-06-26,2017,6,0,True,1313,127,233,55,0,0,0,0,12,0
2017-06-27,2017,6,1,True,1338,102,246,42,1,0,0,0,4,0
2017-06-28,2017,6,2,True,1339,101,249,39,0,0,0,0,9,0
2017-06-29,2017,6,3,True,1341,99,250,38,0,0,0,0,7,0
2017-06-30,2017,6,4,True,1243,197,236,52,0,0,1,0,6,0
2017-07-01,2017,7,5,False,0,1440,0,288,2,2,2,0,0,0
2017-07-02,2017,7,6,False,120,1320,24,264,2,2,1,0,0,0
2017-07-03,2017,7,0,True,1330,110,241,47,0,0,0,0,6,0
2017-07-04,2017,7,1,True,1084,356,182,106,0,0,1,0,14,0
2017-07-05,2017,7,2,True,1364,76,263,25,0,0,0,0,6,0
2017-07-06,2017,7,3,True,1344,96,249,39,0,0,0,0,6,0
2017-07-07,2017,7,4,True,1211,229,217,71,0,0,1,0,6,0
2017-07-08,2017,7,5,False,0,1440,0,288,2,2,2,0,0,0
2017-07-09,2017,7,6,False,113,1327,21,267,2,2,1,0,0,0
2017-07-10,2017,7,0,True,1303,137,224,64,0,0,0,0,11,0
2017-07-11,2017,7,1,True,1328,112,239,49,0,0,0,0,13,0
2017-07-12,2017,7,2,True,1341,99,245,43,0,0,0,0,10,0
2017-07-13,2017,7,3,True,1321,119,236,52,0,0,0,0,11,0
2017-07-14,2017,7,4,True,1193,247,208,80,0,0,1,0,10,0
2017-07-15,2017,7,5,False,0,1440,0,288,2,2,2,0,0,0
2017-07-16,2017,7,6,False,110,1330,18,270,2,2,1,0,1,0
2017-07-17,2017,7,0,True,1299,141,217,71,0,0,0,0,10,0
2017-07-18,2017,7,1,True,1338,102,245,43,0,0,0,0,6,0
2017-07-19,2017,7,2,True,1289,151,221,67,0,0,1,0,8,0
2017-07-20,2017,7,3,True,1309,131,230,58,0,0,0,0,19,0
2017-07-21,2017,7,4,True,1198,242,209,79,0,0,1,0,10,0
2017-07-22,2017,7,5,False,0,1440,0,288,2,2,2,0,0,0
2017-07-23,2017,7,6,False,111,1329,17,271,2,2,1,0,1,0
2017-07-24,2017,7,0,True,1323,117,240,48,0,0,0,0,5,0
2017-07-25,2017,7,1,True,1339,101,244,44,0,0,0,0,3,0
2017-07-26,2017,7,2,True,1337,103,249,39,0,0,0,0,3,0
2017-07-27,2017,7,3,True,1364,76,261,27,0,0,0,0,2,0
2017-07-28,2017,7,4,True,1217,223,219,69,0,0,1,0,8,0
2017-07-29,2017,7,5,False,0,1440,0,288,2,2,2,0,0,0
2017-07-30,2017,7,6,False,118,1322,22,266,2,2,1,0,0,0
2017-07-31,2017,7,0,True,1335,105,240,48,0,0,0,0,7,0
2017-08-01,2017,8,1,True,1329,111,239,49,0,0,0,0,4,0
2017-08-02,2017,8,2,True,1341,99,245,43,0,0,0,0,5,0
2017-08-03,2017,8,3,True,1345,95,248,40,0,0,0,0,9,0
2017-08-04,2017,8,4,True,1207,233,212,76,0,0,1,0,7,0
2017-08-05,2017,8,5,False,0,1440,0,288,2,2,2,0,0,0
2017-08-06,2017,8,6,False,119,1321,23,265,2,2,1,0,0,0
2017-08-07,2017,8,0,True,1280,160,216,72,0,0,0,0,11,0
2017-08-08,2017,8,1,True,1317,123,231,57,0,0,0,0,8,0
2017-08-09,2017,8,2,True,1359,81,261,27,0,0,0,0,2,0
2017-08-10,2017,8,3,True,1367,73,266,22,0,0,0,0,2,0
2017-08-11,2017,8,4,True,1239,201,237,51,0,0,1,0,3,0
2017-08-12,2017,8,5,False,0,1440,0,288,2,2,2,0,0,0
2017-08-13,2017,8,6,False,119,1321,23,265,2,2,1,0,0,0
2017-08-14,2017,8,0,True,1357,83,259,29,0,0,0,0,2,0
2017-08-15,2017,8,1,True,1350,90,256,32,0,1,0,0,6,0
2017-08-16,2017,8,2,True,1341,99,250,38,0,0,0,0,6,0
2017-08-17,2017,8,3,True,1365,75,265,23,0,0,0,0,3,0
2017-08-18,2017,8,4,True,1242,198,241,47,0,0,1,0,2,0
2017-08-19,2017,8,5,False,0,1440,0,288,2,2,2,0,0,0
2017-08-20,2017,8,6,False,119,1321,23,265,2,2,1,0,0,0
2017-08-21,2017,8,0,True,1355,85,257,31,0,0,0,0,2,0
2017-08-22,2017,8,1,True,1338,102,247,41,1,0,0,0,6,0
2017-08-23,2017,8,2,True,1336,104,246,42,0,0,0,0,4,0
2017-08-24,2017,8,3,True,1333,107,244,44,0,0,0,0,2,0
2017-08-25,2017,8,4,True,1223,217,225,63,0,0,1,0,3,0
2017-08-26,2017,8,5,False,0,1440,0,288,2,2,2,0,0,0
2017-08-27,2017,8,6,False,120,1320,24,264,2,2,1,0,0,0
2017-08-28,2017,8,0,True,1353,87,254,34,0,0,0,0,2,0
2017-08-29,2017,8,1,True,1376,64,272,16,0,0,0,0,0,0
2017-08-30,2017,8,2,True,1366,74,266,22,0,0,0,0,2,0
2017-08-31,2017,8,3,True,1367,73,267,21,0,0,0,0,0,0
2017-09-01,2017,9,4,True,1242,198,237,51,0,0,1,0,5,0
2017-09-02,2017,9,5,False,0,1440,0,288,2,2,2,0,0,0
2017-09-03,2017,9,6,False,120,1320,24,264,2,2,1,0,0,0
2017-09-04,2017,9,0,True,1126,314,216,72,0,0,0,0,3,0
2017-09-05,2017,9,1,True,1373,67,269,19,0,0,0,0,2,0
2017-09-06,2017,9,2,True,1370,70,268,20,0,0,0,0,2,0
2017-09-07,2017,9,3,True,1366,74,264,24,0,0,0,0,1,0
2017-09-08,2017,9,4,True,1256,184,248,40,0,0,1,0,0,0
2017-09-09,2017,9,5,False,0,1440,0,288,2,2,2,0,0,0
2017-09-10,2017,9,6,False,120,1320,24,264,2,2,1,0,0,0
2017-09-11,2017,9,0,True,1361,79,261,27,0,0,0,0,1,0
2017-09-12,2017,9,1,True,1368,72,267,21,0,0,0,0,1,0
2017-09-13,2017,9,2,True,1350,90,255,33,0,0,0,0,4,0
2017-09-14,2017,9,3,True,1359,81,258,30,0,0,0,0,2,0
2017-09-15,2017,9,4,True,1245,195,240,48,0,0,1,0,3,0
2017-09-16,2017,9,5,False,0,1440,0,288,2,2,2,0,0,0
2017-09-17,2017,9,6,False,117,1323,22,266,2,2,1,0,0,0
2017-09-18,2017,9,0,True,1356,84,260,28,0,0,0,0,1,0
2017-09-19,2017,9,1,True,1366,74,266,22,0,0,0,0,1,0
2017-09-20,2017,9,2,True,1350,90,253,35,0,0,0,0,1,0
2017-09-21,2017,9,3,True,1368,72,267,21,0,0,0,0,0,0
2017-09-22,2017,9,4,True,1250,190,244,44,0,0,1,0,1,0
2017-09-23,2017,9,5,False,0,1440,0,288,2,2,2,0,0,0
2017-09-24,2017,9,6,False,120,1320,24,264,2,2,1,0,0,0
2017-09-25,2017,9,0,True,1362,78,260,28,0,0,0,0,2,0
2017-09-26,2017,9,1,True,1370,70,268,20,0,0,0,0,0,0
2017-09-27,2017,9,2,True,1362,78,262,26,0,0,0,0,1,0
2017-09-28,2017,9,3,True,1367,73,263,25,0,0,0,0,3,0
2017-09-29,2017,9,4,True,1240,200,234,54,0,0,1,0,1,0
2017-09-30,2017,9,5,False,0,1440,0,288,2,2,2,0,0,0
2017-10-01,2017,10,6,False,119,1321,23,265,2,2,1,0,0,0
2017-10-02,2017,10,0,True,1366,74,265,23,0,0,0,0,1,0
2017-10-03,2017,10,1,True,1334,106,243,45,0,0,0,0,2,0
2017-10-04,2017,10,2,True,1352,88,253,35,0,0,0,0,3,0
2017-10-05,2017,10,3,True,1325,115,238,50,0,0,0,0,2,0
2017-10-06,2017,10,4,True,1230,210,228,60,0,0,1,0,2,0
2017-10-07,2017,10,5,False,0,1440,0,288,2,2,2,0,0,0
2017-10-08,2017,10,6,False,120,1320,24,264,2,2,1,0,0,0
2017-10-09,2017,10,0,True,1327,113,235,53,0,0,0,0,2,0
2017-10-10,2017,10,1,True,1362,78,261,27,0,0,0,0,1,0
2017-10-11,2017,10,2,True,1366,74,264,24,0,0,0,0,0,0
2017-10-12,2017,10,3,True,1359,81,261,27,0,0,0,0,2,0
2017-10-13,2017,10,4,True,1241,199,237,51,0,0,1,0,3,0
2017-10-14,2017,10,5,False,0,1440,0,288,2,2,2,0,0,0
2017-10-15,2017,10,6,False,117,1323,21,267,2,2,1,0,1,0
2017-10-16,2017,10,0,True,1343,97,250,38,0,0,0,0,4,0
2017-10-17,2017,10,1,True,1358,82,258,30,0,0,0,0,1,0
2017-10-18,2017,10,2,True,1363,77,262,26,0,0,0,0,0,0
2017-10-19,2017,10,3,True,1360,80,263,25,0,0,0,0,0,0
2017-10-20,2017,10,4,True,1249,191,242,46,0,0,1,0,1,0
2017-10-21,2017,10,5,False,0,1440,0,288,2,2,2,0,0,0
2017-10-22,2017,10,6,False,120,1320,24,264,2,2,1,0,0,0
2017-10-23,2017,10,0,True,1372,68,268,20,0,0,0,0,0,0
2017-10-24,2017,10,1,True,1358,82,256,32,0,0,0,0,2,0
2017-10-25,2017,10,2,True,1368,72,266,22,0,0,0,0,1,0
2017-10-26,2017,10,3,True,1365,75,264,24,0,0,0,0,2,0
2017-10-27,2017,10,4,True,1248,192,242,46,0,0,1,0,0,0
2017-10-28,2017,10,5,False,0,1440,0,288,2,2,2,0,0,0
2017-10-29,2017,10,6,False,119,1321,23,265,2,2,1,0,0,0
2017-10-30,2017,10,0,True,1361,79,260,28,0,0,0,0,3,0
2017-10-31,2017,10,1,True,1350,90,258,30,0,0,0,0,0,0
2017-11-01,2017,11,2,True,1366,74,267,21,0,0,0,0,1,0
2017-11-02,2017,11,3,True,1375,65,272,16,0,0,0,0,3,0
2017-11-03,2017,11,4,True,1219,221,222,66,0,0,1,0,0,0
2017-11-04,2017,11,5,False,0,1440,0,288,2,2,2,0,0,0
2017-11-05,2017,11,6,False,59,1381,11,277,2,2,2,0,0,0
2017-11-06,2017,11,0,True,1369,71,266,22,0,0,0,0,1,0
2017-11-07,2017,11,1,True,1370,70,267,21,0,0,0,0,0,0
2017-11-08,2017,11,2,True,1367,73,266,22,0,0,0,0,1,0
2017-11-09,2017,11,3,True,1371,69,268,20,0,0,0,0,1,0
2017-11-10,2017,11,4,True,1311,129,256,32,0,0,1,0,1,0
2017-11-11,2017,11,5,False,0,1440,0,288,2,2,2,0,0,0
2017-11-12,2017,11,6,False,60,1380,12,276,2,2,1,0,0,0
2017-11-13,2017,11,0,True,1347,93,257,31,0,0,0,0,0,0
2017-11-14,2017,11,1,True,1360,80,262,26,0,0,0,0,2,0
2017-11-15,2017,11,2,True,1373,67,271,17,0,0,0,0,0,0
2017-11-16,2017,11,3,True,1365,75,263,25,0,1,0,0,1,0
2017-11-17,2017,11,4,True,1315,125,259,29,0,0,1,0,2,0
2017-11-18,2017,11,5,False,0,1440,0,288,2,2,2,0,0,0
2017-11-19,2017,11,6,False,60,1380,12,276,2,2,1,0,0,0
2017-11-20,2017,11,0,True,1364,76,265,23,0,0,0,0,2,0
2017-11-21,2017,11,1,True,1360,80,263,25,0,0,0,0,1,0
2017-11-22,2017,11,2,True,1358,82,257,31,0,0,0,0,1,0
2017-11-23,2017,11,3,True,1115,325,210,78,0,0,0,0,0,0
2017-11-24,2017,11,4,True,1110,330,212,76,0,0,1,0,2,0
2017-11-25,2017,11,5,False,0,1440,0,288,2,2,2,0,0,0
2017-11-26,2017,11,6,False,60,1380,12,276,2,2,1,0,0,0
2017-11-27,2017,11,0,True,1366,74,266,22,0,0,0,0,1,0
2017-11-28,2017,11,1,True,1366,74,265,23,0,0,0,0,0,0
2017-11-29,2017,11,2,True,1360,80,258,30,0,0,0,0,2,0
2017-11-30,2017,11,3,True,1366,74,264,24,0,0,0,0,2,0
2017-12-01,2017,12,4,True,1298,142,246,42,0,0,1,0,2,0
2017-12-02,2017,12,5,False,0,1440,0,288,2,2,2,0,0,0
2017-12-03,2017,12,6,False,59,1381,11,277,2,2,1,0,0,0
2017-12-04,2017,12,0,True,1347,93,251,37,1,0,0,0,2,0
2017-12-05,2017,12,1,True,1343,97,247,41,0,1,0,0,2,0
2017-12-06,2017,12,2,True,1352,88,252,36,0,0,0,0,2,0
2017-12-07,2017,12,3,True,1337,103,251,37,0,0,0,0,5,0
2017-12-08,2017,12,4,True,1292,148,242,46,0,0,1,0,2,0
2017-12-09,2017,12,5,False,0,1440,0,288,2,2,2,0,0,0
2017-12-10,2017,12,6,False,60,1380,12,276,2,2,1,0,0,0
2017-12-11,2017,12,0,True,1306,134,228,60,0,0,0,0,3,0
2017-12-12,2017,12,1,True,1281,159,215,73,0,0,0,0,5,0
2017-12-13,2017,12,2,True,1307,133,226,62,1,0,0,0,4,0
2017-12-14,2017,12,3,True,1348,92,247,41,0,0,1,0,8,0
2017-12-15,2017,12,4,True,1277,163,230,58,0,0,1,0,2,0
2017-12-16,2017,12,5,False,0,1440,0,288,2,2,2,0,0,0
2017-12-17,2017,12,6,False,59,1381,11,277,2,2,1,0,0,0
2017-12-18,2017,12,0,True,1347,93,253,35,0,0,0,0,3,0
2017-12-19,2017,12,1,True,1311,129,227,61,0,0,0,0,5,0
2017-12-20,2017,12,2,True,1346,94,254,34,0,0,0,0,5,0
2017-12-21,2017,12,3,True,1336,104,241,47,0,0,0,0,3,0
2017-12-22,2017,12,4,True,1235,205,208,80,0,0,1,0,1,0
2017-12-23,2017,12,5,False,0,1440,0,288,2,2,2,0,0,0
2017-12-24,2017,12,6,False,0,1440,0,288,2,2,2,0,0,0
2017-12-25,2017,12,0,True,60,1380,12,276,2,2,1,0,0,0
2017-12-26,2017,12,1,True,1353,87,254,34,0,0,0,0,0,0
2017-12-27,2017,12,2,True,1322,118,237,51,0,0,0,0,4,0
2017-12-28,2017,12,3,True,1312,128,233,55,0,0,0,0,2,0
2017-12-29,2017,12,4,True,1250,190,218,70,0,0,1,0,5,0
2017-12-30,2017,12,5,False,0,1440,0,288,2,2,2,0,0,0
2017-12-31,2017,12,6,False,0,1440,0,288,2,2,2,0,0,0
2018-01-01,2018,1,0,True,53,1387,10,278,2,2,1,0,0,0
2018-01-02,2018,1,1,True,1351,89,252,36,0,0,0,0,5,0
2018-01-03,2018,1,2,True,1352,88,253,35,0,0,0,0,4,0
2018-01-04,2018,1,3,True,1349,91,248,40,0,0,0,0,8,0
2018-01-05,2018,1,4,True,1290,150,238,50,0,0,1,0,5,0
2018-01-06,2018,1,5,False,0,1440,0,288,2,2,2,0,0,0
2018-01-07,2018,1,6,False,60,1380,12,276,2,2,1,0,0,0
2018-01-08,2018,1,0,True,1314,126,229,59,0,0,0,0,4,0
2018-01-09,2018,1,1,True,1346,94,250,38,0,0,0,0,3,0
2018-01-10,2018,1,2,True,1365,75,264,24,0,0,0,0,2,0
2018-01-11,2018,1,3,True,1358,82,259,29,0,0,0,0,1,0
2018-01-12,2018,1,4,True,1300,140,247,41,0,0,1,0,1,0
2018-01-13,2018,1,5,False,0,1440,0,288,2,2,2,0,0,0
2018-01-14,2018,1,6,False,60,1380,12,276,2,2,1,0,0,0
2018-01-15,2018,1,0,True,1130,310,218,70,0,0,0,0,1,0
2018-01-16,2018,1,1,True,1362,78,261,27,0,0,0,0,2,0
2018-01-17,2018,1,2,True,1377,63,274,14,0,0,0,0,3,0
2018-01-18,2018,1,3,True,1372,68,268,20,0,0,0,0,3,0
2018-01-19,2018,1,4,True,1314,126,258,30,0,0,1,0,1,0
2018-01-20,2018,1,5,False,0,1440,0,288,2,2,2,0,0,0
2018-01-21,2018,1,6,False,60,1380,12,276,2,2,1,0,0,0
2018-01-22,2018,1,0,True,1362,78,258,30,0,0,0,0,4,0
2018-01-23,2018,1,1,True,1367,73,268,20,0,0,0,0,3,0
2018-01-24,2018,1,2,True,1371,69,267,21,0,0,0,0,2,0
2018-01-25,2018,1,3,True,1378,62,274,14,0,0,0,0,1,0
2018-01-26,2018,1,4,True,1318,122,262,26,0,0,1,0,0,0
2018-01-27,2018,1,5,False,0,1440,0,288,2,2,2,0,0,0
2018-01-28,2018,1,6,False,60,1380,12,276,2,2,1,0,0,0
2018-01-29,2018,1,0,True,1379,61,275,13,0,0,0,0,1,0
2018-01-30,2018,1,1,True,1379,61,275,13,0,0,0,0,0,0
2018-01-31,2018,1,2,True,1374,66,270,18,0,0,0,0,0,0
2018-02-01,2018,2,3,True,1376,64,272,16,0,0,0,0,0,0
2018-02-02,2018,2,4,True,1318,122,262,26,0,0,1,0,1,0
2018-02-03,2018,2,5,False,0,1440,0,288,2,2,2,0,0,0
2018-02-04,2018,2,6,False,60,1380,12,276,2,2,1,0,0,0
2018-02-05,2018,2,0,True,1378,62,275,13,0,0,0,0,1,0
2018-02-06,2018,2,1,True,1379,61,275,13,0,0,0,0,0,0
2018-02-07,2018,2,2,True,1378,62,275,13,0,0,0,0,1,0
2018-02-08,2018,2,3,True,1379,61,275,13,0,0,0,0,1,0
2018-02-09,2018,2,4,True,1313,127,257,31,0,0,1,0,0,0
2018-02-10,2018,2,5,False,0,1440,0,288,2,2,2,0,0,0
2018-02-11,2018,2,6,False,60,1380,12,276,2,2,1,0,0,0
2018-02-12,2018,2,0,True,1370,70,267,21,0,0,0,0,1,0
2018-02-13,2018,2,1,True,1369,71,267,21,0,0,0,0,3,0
2018-02-14,2018,2,2,True,1376,64,272,16,0,0,0,0,0,0
2018-02-15,2018,2,3,True,1377,63,273,15,0,0,0,0,2,0
2018-02-16,2018,2,4,True,1314,126,259,29,0,0,1,0,0,0
2018-02-17,2018,2,5,False,0,1440,0,288,2,2,2,0,0,0
2018-02-18,2018,2,6,False,60,1380,12,276,2,2,1,0,0,0
2018-02-19,2018,2,0,True,1134,306,222,66,0,0,0,0,0,0
2018-02-20,2018,2,1,True,1376,64,272,16,0,0,0,0,1,0
2018-02-21,2018,2,2,True,1375,65,272,16,0,0,0,0,0,0
2018-02-22,2018,2,3,True,1379,61,275,13,0,0,0,0,1,0
2018-02-23,2018,2,4,True,1313,127,257,31,0,0,1,0,0,0
2018-02-24,2018,2,5,False,0,1440,0,288,2,2,2,0,0,0
2018-02-25,2018,2,6,False,60,1380,12,276,2,2,1,0,0,0
2018-02-26,2018,2,0,True,1374,66,270,18,0,0,0,0,0,0
2018-02-27,2018,2,1,True,1372,68,269,19,0,0,0,0,1,0
2018-02-28,2018,2,2,True,1374,66,271,17,0,0,0,0,1,0
2018-03-01,2018,3,3,True,1372,68,268,20,0,0,0,0,0,0
2018-03-02,2018,3,4,True,1313,127,257,31,0,0,1,0,0,0
2018-03-03,2018,3,5,False,0,1440,0,288,2,2,2,0,0,0
2018-03-04,2018,3,6,False,60,1380,12,276,2,2,1,0,0,0
2018-03-05,2018,3,0,True,1369,71,266,22,0,0,1,0,1,0
2018-03-06,2018,3,1,True,1377,63,273,15,0,0,0,0,0,0
2018-03-07,2018,3,2,True,1378,62,274,14,0,0,0,0,0,0
2018-03-08,2018,3,3,True,1374,66,270,18,0,0,0,0,1,0
2018-03-09,2018,3,4,True,1313,127,257,31,0,0,1,0,2,0
2018-03-10,2018,3,5,False,0,1440,0,288,2,2,2,0,0,0
2018-03-11,2018,3,6,False,120,1320,24,264,2,2,1,0,0,0
2018-03-12,2018,3,0,True,1369,71,267,21,0,0,0,0,0,0
2018-03-13,2018,3,1,True,1369,71,268,20,0,0,0,0,0,0
2018-03-14,2018,3,2,True,1367,73,265,23,0,0,0,0,1,0
2018-03-15,2018,3,3,True,1364,76,265,23,0,0,0,0,0,0
2018-03-16,2018,3,4,True,1247,193,241,47,0,0,1,0,0,0
2018-03-17,2018,3,5,False,0,1440,0,288,2,2,2,0,0,0
2018-03-18,2018,3,6,False,120,1320,24,264,2,2,1,0,0,0
2018-03-19,2018,3,0,True,1372,68,269,19,0,0,0,0,0,0
2018-03-20,2018,3,1,True,1368,72,268,20,0,0,0,0,2,0
2018-03-21,2018,3,2,True,1352,88,257,31,0,0,0,0,1,0
2018-03-22,2018,3,3,True,1370,70,267,21,0,0,0,0,3,0
2018-03-23,2018,3,4,True,1251,189,245,43,0,0,1,0,0,0
2018-03-24,2018,3,5,False,0,1440,0,288,2,2,2,0,0,0
2018-03-25,2018,3,6,False,120,1320,24,264,2,2,1,0,0,0
2018-03-26,2018,3,0,True,1376,64,274,14,0,0,0,0,0,0
2018-03-27,2018,3,1,True,1378,62,274,14,0,0,0,0,0,0
2018-03-28,2018,3,2,True,1377,63,273,15,0,0,0,0,0,0
2018-03-29,2018,3,3,True,1254,186,246,42,0,0,1,0,0,0
2018-03-30,2018,3,4,True,0,1440,0,288,2,2,2,0,0,0
2018-03-31,2018,3,5,False,0,1440,0,288,2,2,2,0,0,0
2018-04-01,2018,4,6,False,120,1320,24,264,2,2,1,0,0,0
2018-04-02,2018,4,0,True,1371,69,271,17,0,0,0,0,0,0
2018-04-03,2018,4,1,True,1375,65,273,15,0,0,0,0,0,0
2018-04-04,2018,4,2,True,1375,65,272,16,0,0,0,0,0,0
2018-04-05,2018,4,3,True,1369,71,269,19,0,0,0,0,2,0
2018-04-06,2018,4,4,True,1257,183,249,39,0,0,1,0,0,0
2018-04-07,2018,4,5,False,0,1440,0,288,2,2,2,0,0,0
2018-04-08,2018,4,6,False,120,1320,24,264,2,2,1,0,0,0
2018-04-09,2018,4,0,True,1376,64,272,16,0,0,0,0,0,0
2018-04-10,2018,4,1,True,1379,61,275,13,0,0,0,0,0,0
2018-04-11,2018,4,2,True,1369,71,266,22,0,0,0,0,1,0
2018-04-12,2018,4,3,True,1379,61,275,13,0,0,0,0,0,0
2018-04-13,2018,4,4,True,1255,185,248,40,0,0,1,0,1,0
2018-04-14,2018,4,5,False,0,1440,0,288,2,2,2,0,0,0
2018-04-15,2018,4,6,False,120,1320,24,264,2,2,1,0,0,0
2018-04-16,2018,4,0,True,1375,65,271,17,0,0,0,0,2,0
2018-04-17,2018,4,1,True,1376,64,272,16,0,0,0,0,1,0
2018-04-18,2018,4,2,True,1367,73,267,21,0,0,0,0,0,0
2018-04-19,2018,4,3,True,1377,63,273,15,0,0,0,0,0,0
2018-04-20,2018,4,4,True,1257,183,250,38,0,0,1,0,0,0
2018-04-21,2018,4,5,False,0,1440,0,288,2,2,2,0,0,0
2018-04-22,2018,4,6,False,119,1321,23,265,2,2,1,0,0,0
2018-04-23,2018,4,0,True,1378,62,274,14,0,0,0,0,0,0
2018-04-24,2018,4,1,True,1368,72,267,21,0,0,0,0,0,0
2018-04-25,2018,4,2,True,1369,71,265,23,0,0,0,0,1,0
2018-04-26,2018,4,3,True,1359,81,262,26,0,0,0,0,1,0
2018-04-27,2018,4,4,True,1246,194,243,45,0,0,1,0,1,0
2018-04-28,2018,4,5,False,0,1440,0,288,2,2,2,0,0,0
2018-04-29,2018,4,6,False,108,1332,20,268,2,2,1,0,4,0
2018-04-30,2018,4,0,True,1376,64,273,15,0,0,0,0,1,0
2018-05-01,2018,5,1,True,1372,68,269,19,0,0,0,0,0,0
2018-05-02,2018,5,2,True,1370,70,269,19,0,0,0,0,0,0
2018-05-03,2018,5,3,True,1366,74,268,20,0,0,0,0,0,0
2018-05-04,2018,5,4,True,1234,206,240,48,0,0,1,0,0,0
2018-05-05,2018,5,5,False,0,1440,0,288,2,2,2,0,0,0
2018-05-06,2018,5,6,False,119,1321,23,265,2,2,1,0,2,0
2018-05-07,2018,5,0,True,1378,62,274,14,0,0,0,0,0,0
2018-05-08,2018,5,1,True,1376,64,272,16,0,0,0,0,0,0
2018-05-09,2018,5,2,True,1374,66,270,18,0,0,0,0,1,0
2018-05-10,2018,5,3,True,1373,67,270,18,0,0,0,0,1,0
2018-05-11,2018,5,4,True,1251,189,244,44,0,0,1,0,2,0
2018-05-12,2018,5,5,False,0,1440,0,288,2,2,2,0,0,0
2018-05-13,2018,5,6,False,117,1323,22,266,2,2,1,0,0,0
2018-05-14,2018,5,0,True,1369,71,266,22,0,0,0,0,2,0
2018-05-15,2018,5,1,True,1364,76,266,22,0,0,0,0,0,0
2018-05-16,2018,5,2,True,1372,68,269,19,0,0,0,0,1,0
2018-05-17,2018,5,3,True,1369,71,267,21,0,0,0,0,0,0
2018-05-18,2018,5,4,True,1247,193,241,47,0,0,1,0,1,0
2018-05-19,2018,5,5,False,0,1440,0,288,2,2,2,0,0,0
2018-05-20,2018,5,6,False,118,1322,22,266,2,2,1,0,0,0
2018-05-21,2018,5,0,True,1368,72,266,22,0,0,0,0,1,0
2018-05-22,2018,5,1,True,1367,73,267,21,0,0,0,0,0,0
2018-05-23,2018,5,2,True,1379,61,275,13,0,0,0,0,0,0
2018-05-24,2018,5,3,True,1376,64,272,16,0,0,0,0,1,0
2018-05-25,2018,5,4,True,1254,186,247,41,0,0,1,0,0,0
2018-05-26,2018,5,5,False,0,1440,0,288,2,2,2,0,0,0
2018-05-27,2018,5,6,False,118,1322,22,266,2,2,1,0,0,0
2018-05-28,2018,5,0,True,1136,304,224,64,0,0,0,0,0,0
2018-05-29,2018,5,1,True,1371,69,270,18,0,0,0,0,2,0
2018-05-30,2018,5,2,True,1373,67,269,19,0,0,0,0,0,0
2018-05-31,2018,5,3,True,1365,75,265,23,0,0,0,0,1,0
2018-06-01,2018,6,4,True,1246,194,240,48,0,0,1,0,4,0
2018-06-02,2018,6,5,False,0,1440,0,288,2,2,2,0,0,0
2018-06-03,2018,6,6,False,114,1326,20,268,2,2,1,0,0,0
2018-06-04,2018,6,0,True,1359,81,261,27,0,0,0,0,1,0
2018-06-05,2018,6,1,True,1367,73,263,25,1,0,0,0,0,0
2018-06-06,2018,6,2,True,1350,90,259,29,0,0,0,0,1,0
2018-06-07,2018,6,3,True,1366,74,264,24,0,0,0,0,1,0
2018-06-08,2018,6,4,True,1244,196,239,49,0,0,1,0,1,0
2018-06-09,2018,6,5,False,0,1440,0,288,2,2,2,0,0,0
2018-06-10,2018,6,6,False,117,1323,21,267,2,2,1,0,0,0
2018-06-11,2018,6,0,True,1369,71,265,23,0,0,0,0,3,0
2018-06-12,2018,6,1,True,1367,73,264,24,0,0,0,0,0,0
2018-06-13,2018,6,2,True,1354,86,257,31,0,0,0,0,1,0
2018-06-14,2018,6,3,True,1362,78,264,24,0,0,0,0,0,0
2018-06-15,2018,6,4,True,1256,184,248,40,0,0,1,0,0,0
2018-06-16,2018,6,5,False,0,1440,0,288,2,2,2,0,0,0
2018-06-17,2018,6,6,False,119,1321,23,265,2,2,1,0,0,0
2018-06-18,2018,6,0,True,1354,86,259,29,0,0,0,0,1,0
2018-06-19,2018,6,1,True,1361,79,265,23,0,0,0,0,2,0
2018-06-20,2018,6,2,True,1371,69,267,21,0,0,0,0,1,0
2018-06-21,2018,6,3,True,1369,71,266,22,0,0,0,0,1,0
2018-06-22,2018,6,4,True,1239,201,233,55,0,0,1,0,1,0
2018-06-23,2018,6,5,False,0,1440,0,288,2,2,2,0,0,0
2018-06-24,2018,6,6,False,118,1322,22,266,2,2,1,0,0,0
2018-06-25,2018,6,0,True,1365,75,265,23,0,0,0,0,0,0
2018-06-26,2018,6,1,True,1358,82,258,30,0,0,0,0,1,0
2018-06-27,2018,6,2,True,1372,68,268,20,0,0,0,0,2,0
2018-06-28,2018,6,3,True,1367,73,268,20,0,0,0,0,0,0
2018-06-29,2018,6,4,True,1251,189,244,44,0,0,1,0,0,0
2018-06-30,2018,6,5,False,0,1440,0,288,2,2,2,0,0,0
2018-07-01,2018,7,6,False,119,1321,23,265,2,2,1,0,0,0
2018-07-02,2018,7,0,True,1369,71,270,18,0,0,0,0,0,0
2018-07-03,2018,7,1,True,1358,82,260,28,0,0,0,0,1,0
2018-07-04,2018,7,2,True,1131,309,220,68,0,0,0,0,1,0
2018-07-05,2018,7,3,True,1369,71,267,21,0,0,0,0,4,0
2018-07-06,2018,7,4,True,1246,194,238,50,0,0,1,0,1,0
2018-07-07,2018,7,5,False,0,1440,0,288,2,2,2,0,0,0
2018-07-08,2018,7,6,False,120,1320,24,264,2,2,1,0,4,0
2018-07-09,2018,7,0,True,1364,76,263,25,0,0,0,0,2,0
2018-07-10,2018,7,1,True,1373,67,269,19,0,0,0,0,1,0
2018-07-11,2018,7,2,True,1376,64,273,15,0,0,0,0,0,0
2018-07-12,2018,7,3,True,1371,69,268,20,0,0,0,0,0,0
2018-07-13,2018,7,4,True,1245,195,240,48,0,0,1,0,1,0
2018-07-14,2018,7,5,False,0,1440,0,288,2,2,2,0,0,0
2018-07-15,2018,7,6,False,119,1321,23,265,2,2,1,0,0,0
2018-07-16,2018,7,0,True,1350,90,252,36,1,0,0,0,3,0
2018-07-17,2018,7,1,True,1362,78,260,28,0,0,0,0,1,0
2018-07-18,2018,7,2,True,1368,72,264,24,0,0,0,0,4,0
2018-07-19,2018,7,3,True,1374,66,270,18,0,0,0,0,1,0
2018-07-20,2018,7,4,True,1258,182,250,38,0,0,1,0,0,0
2018-07-21,2018,7,5,False,0,1440,0,288,2,2,2,0,0,0
2018-07-22,2018,7,6,False,120,1320,24,264,2,2,1,0,0,0
2018-07-23,2018,7,0,True,1366,74,264,24,0,0,0,0,1,0
2018-07-24,2018,7,1,True,1376,64,272,16,0,0,0,0,0,0
2018-07-25,2018,7,2,True,1378,62,274,14,0,0,0,0,2,0
2018-07-26,2018,7,3,True,1374,66,271,17,0,0,0,0,1,0
2018-07-27,2018,7,4,True,1253,187,245,43,0,0,1,0,1,0
2018-07-28,2018,7,5,False,0,1440,0,288,2,2,2,0,0,0
2018-07-29,2018,7,6,False,111,1329,18,270,2,2,1,0,0,0
2018-07-30,2018,7,0,True,1354,86,254,34,0,0,0,0,2,0
2018-07-31,2018,7,1,True,1367,73,265,23,0,0,0,0,1,0
2018-08-01,2018,8,2,True,1369,71,267,21,0,0,0,0,6,0
2018-08-02,2018,8,3,True,1369,71,265,23,0,0,0,0,1,0
2018-08-03,2018,8,4,True,1240,200,235,53,0,0,1,0,0,0
2018-08-04,2018,8,5,False,0,1440,0,288,2,2,2,0,0,0
2018-08-05,2018,8,6,False,116,1324,20,268,2,2,1,0,0,0
2018-08-06,2018,8,0,True,1350,90,255,33,0,0,0,0,2,0
2018-08-07,2018,8,1,True,1343,97,247,41,0,0,0,0,0,0
2018-08-08,2018,8,2,True,1358,82,257,31,0,0,0,0,3,0
2018-08-09,2018,8,3,True,1363,77,260,28,0,0,0,0,1,0
2018-08-10,2018,8,4,True,1256,184,248,40,0,0,1,0,2,0
2018-08-11,2018,8,5,False,0,1440,0,288,2,2,2,0,0,0
2018-08-12,2018,8,6,False,119,1321,23,265,2,2,1,0,0,0
2018-08-13,2018,8,0,True,1374,66,271,17,0,0,0,0,1,0
2018-08-14,2018,8,1,True,1355,85,254,34,0,0,0,0,0,0
2018-08-15,2018,8,2,True,1369,71,268,20,0,0,0,0,0,0
2018-08-16,2018,8,3,True,1369,71,267,21,0,0,0,0,0,0
2018-08-17,2018,8,4,True,1253,187,246,42,0,0,1,0,1,0
2018-08-18,2018,8,5,False,0,1440,0,288,2,2,2,0,0,0
2018-08-19,2018,8,6,False,120,1320,24,264,2,2,1,0,0,0
2018-08-20,2018,8,0,True,1370,70,267,21,0,0,0,0,1,0
2018-08-21,2018,8,1,True,1370,70,266,22,0,0,0,0,0,0
2018-08-22,2018,8,2,True,1364,76,263,25,0,0,0,0,1,0
2018-08-23,2018,8,3,True,1339,101,249,39,0,0,0,0,0,0
2018-08-24,2018,8,4,True,1256,184,248,40,0,0,1,0,1,0
2018-08-25,2018,8,5,False,0,1440,0,288,2,2,2,0,0,0
2018-08-26,2018,8,6,False,115,1325,20,268,2,2,1,0,0,0
2018-08-27,2018,8,0,True,1361,79,260,28,0,0,0,0,1,0
2018-08-28,2018,8,1,True,1360,80,263,25,0,0,0,0,2,0
2018-08-29,2018,8,2,True,1357,83,259,29,0,0,0,0,3,0
2018-08-30,2018,8,3,True,1361,79,259,29,0,0,0,0,1,0
2018-08-31,2018,8,4,True,1243,197,240,48,0,0,1,0,2,0
2018-09-01,2018,9,5,False,0,1440,0,288,2,2,2,0,0,0
2018-09-02,2018,9,6,False,117,1323,21,267,2,2,1,0,0,0
2018-09-03,2018,9,0,True,1130,310,219,69,0,0,0,0,0,0
2018-09-04,2018,9,1,True,1361,79,259,29,0,0,0,0,0,0
2018-09-05,2018,9,2,True,1359,81,259,29,0,0,0,0,3,0
2018-09-06,2018,9,3,True,1365,75,266,22,0,0,0,0,1,0
2018-09-07,2018,9,4,True,1244,196,237,51,0,0,1,0,0,0
2018-09-08,2018,9,5,False,0,1440,0,288,2,2,2,0,0,0
2018-09-09,2018,9,6,False,116,1324,21,267,2,2,1,0,0,0
2018-09-10,2018,9,0,True,1342,98,252,36,0,0,0,0,2,0
2018-09-11,2018,9,1,True,1355,85,253,35,0,0,0,0,4,0
2018-09-12,2018,9,2,True,1356,84,255,33,0,0,0,0,4,0
2018-09-13,2018,9,3,True,1358,82,258,30,0,0,0,0,2,0
2018-09-14,2018,9,4,True,1236,204,232,56,0,0,1,0,6,0
2018-09-15,2018,9,5,False,0,1440,0,288,2,2,2,0,0,0
2018-09-16,2018,9,6,False,116,1324,20,268,2,2,1,0,0,0
2018-09-17,2018,9,0,True,1359,81,258,30,0,0,0,0,2,0
2018-09-18,2018,9,1,True,1351,89,255,33,0,0,0,0,1,0
2018-09-19,2018,9,2,True,1347,93,253,35,0,0,0,0,1,0
2018-09-20,2018,9,3,True,1327,113,238,50,0,0,0,0,4,0
2018-09-21,2018,9,4,True,1236,204,233,55,0,0,1,0,2,0
2018-09-22,2018,9,5,False,0,1440,0,288,2,2,2,0,0,0
2018-09-23,2018,9,6,False,116,1324,22,266,2,2,1,0,0,0
2018-09-24,2018,9,0,True,1337,103,245,43,0,0,0,0,4,0
2018-09-25,2018,9,1,True,1354,86,254,34,0,0,0,0,1,0
2018-09-26,2018,9,2,True,1356,84,259,29,0,0,1,0,0,0
2018-09-27,2018,9,3,True,1363,77,263,25,0,0,0,0,0,0
2018-09-28,2018,9,4,True,1217,223,233,55,0,0,1,0,3,0
2018-09-29,2018,9,5,False,0,1440,0,288,2,2,2,0,0,0
2018-09-30,2018,9,6,False,117,1323,21,267,2,2,1,0,0,0
2018-10-01,2018,10,0,True,1346,94,250,38,0,0,0,0,5,0
2018-10-02,2018,10,1,True,1344,96,255,33,0,0,0,0,2,0
2018-10-03,2018,10,2,True,1360,80,262,26,0,0,0,0,1,0
2018-10-04,2018,10,3,True,1357,83,259,29,0,0,0,0,3,0
2018-10-05,2018,10,4,True,1238,202,233,55,0,0,1,0,5,0
2018-10-06,2018,10,5,False,0,1440,0,288,2,2,2,0,0,0
2018-10-07,2018,10,6,False,109,1331,18,270,2,2,1,0,1,0
2018-10-08,2018,10,0,True,1355,85,255,33,0,0,0,0,1,0
2018-10-09,2018,10,1,True,1351,89,259,29,0,0,1,0,0,0
2018-10-10,2018,10,2,True,1362,78,263,25,0,0,0,0,0,0
2018-10-11,2018,10,3,True,1373,67,270,18,0,0,0,0,1,0
2018-10-12,2018,10,4,True,1256,184,248,40,0,0,1,0,2,0
2018-10-13,2018,10,5,False,0,1440,0,288,2,2,2,0,0,0
2018-10-14,2018,10,6,False,119,1321,23,265,2,2,1,0,0,0
2018-10-15,2018,10,0,True,1353,87,254,34,0,0,0,0,4,0
2018-10-16,2018,10,1,True,1357,83,258,30,0,0,0,0,1,0
2018-10-17,2018,10,2,True,1370,70,266,22,0,0,0,0,5,0
2018-10-18,2018,10,3,True,1346,94,254,34,0,0,0,0,3,0
2018-10-19,2018,10,4,True,1246,194,240,48,0,0,1,0,0,0
2018-10-20,2018,10,5,False,0,1440,0,288,2,2,2,0,0,0
2018-10-21,2018,10,6,False,110,1330,17,271,2,2,1,0,2,0
2018-10-22,2018,10,0,True,1340,100,244,44,0,0,0,0,3,0
2018-10-23,2018,10,1,True,1358,82,258,30,0,0,0,0,4,0
2018-10-24,2018,10,2,True,1362,78,261,27,0,0,0,0,3,0
2018-10-25,2018,10,3,True,1358,82,260,28,0,0,0,0,1,0
2018-10-26,2018,10,4,True,1255,185,248,40,0,0,1,0,0,0
2018-10-27,2018,10,5,False,0,1440,0,288,2,2,2,0,0,0
2018-10-28,2018,10,6,False,119,1321,23,265,2,2,1,0,0,0
2018-10-29,2018,10,0,True,1364,76,263,25,0,0,0,0,2,0
2018-10-30,2018,10,1,True,1349,91,255,33,0,0,0,0,1,0
2018-10-31,2018,10,2,True,1353,87,258,30,0,0,0,0,2,0
2018-11-01,2018,11,3,True,1358,82,259,29,0,0,0,0,4,0
2018-11-02,2018,11,4,True,1252,188,244,44,0,0,1,0,0,0
2018-11-03,2018,11,5,False,0,1440,0,288,2,2,2,0,0,0
2018-11-04,2018,11,6,False,57,1383,9,279,2,2,1,0,0,0
2018-11-05,2018,11,0,True,1352,88,257,31,0,0,0,0,2,0
2018-11-06,2018,11,1,True,1356,84,255,33,0,0,0,0,2,0
2018-11-07,2018,11,2,True,1377,63,273,15,0,0,0,0,1,0
2018-11-08,2018,11,3,True,1373,67,269,19,0,0,0,0,4,0
2018-11-09,2018,11,4,True,1304,136,250,38,0,0,1,0,2,0
2018-11-10,2018,11,5,False,0,1440,0,288,2,2,2,0,0,0
2018-11-11,2018,11,6,False,60,1380,12,276,2,2,1,0,0,0
2018-11-12,2018,11,0,True,1357,83,258,30,0,0,0,0,3,0
2018-11-13,2018,11,1,True,1369,71,268,20,0,0,0,0,0,0
2018-11-14,2018,11,2,True,1368,72,266,22,0,0,0,0,3,0
2018-11-15,2018,11,3,True,1364,76,263,25,0,0,0,0,0,0
2018-11-16,2018,11,4,True,1302,138,248,40,0,0,1,0,5,0
2018-11-17,2018,11,5,False,0,1440,0,288,2,2,2,0,0,0
2018-11-18,2018,11,6,False,55,1385,10,278,2,2,2,0,0,0
2018-11-19,2018,11,0,True,1363,77,260,28,0,0,0,0,2,0
2018-11-20,2018,11,1,True,1356,84,254,34,0,0,0,0,3,0
2018-11-21,2018,11,2,True,1347,93,252,36,0,0,0,0,3,0
2018-11-22,2018,11,3,True,1102,338,198,90,0,0,0,0,6,0
2018-11-23,2018,11,4,True,1086,354,198,90,0,0,1,0,1,0
2018-11-24,2018,11,5,False,0,1440,0,288,2,2,2,0,0,0
2018-11-25,2018,11,6,False,60,1380,12,276,2,2,1,0,0,0
2018-11-26,2018,11,0,True,1351,89,253,35,0,0,0,0,1,0
2018-11-27,2018,11,1,True,1364,76,261,27,0,0,0,0,7,0
2018-11-28,2018,11,2,True,1348,92,251,37,0,0,0,0,4,0
2018-11-29,2018,11,3,True,1350,90,253,35,0,0,0,0,6,0
2018-11-30,2018,11,4,True,1299,141,248,40,0,0,1,0,2,0
2018-12-01,2018,12,5,False,0,1440,0,288,2,2,2,0,0,0
2018-12-02,2018,12,6,False,60,1380,12,276,2,2,1,0,0,0
2018-12-03,2018,12,0,True,1358,82,261,27,0,0,0,0,3,0
2018-12-04,2018,12,1,True,1366,74,263,25,0,0,0,0,3,0
2018-12-05,2018,12,2,True,1342,98,243,45,0,0,0,0,10,0
2018-12-06,2018,12,3,True,1361,79,261,27,0,0,0,0,4,0
2018-12-07,2018,12,4,True,1297,143,244,44,0,0,1,0,9,0
2018-12-08,2018,12,5,False,0,1440,0,288,2,2,2,0,0,0
2018-12-09,2018,12,6,False,60,1380,12,276,2,2,1,0,0,0
2018-12-10,2018,12,0,True,1343,97,250,38,0,0,1,0,3,0
2018-12-11,2018,12,1,True,1338,102,248,40,0,0,0,0,4,0
2018-12-12,2018,12,2,True,1337,103,238,50,0,0,0,0,6,0
2018-12-13,2018,12,3,True,1311,129,230,58,0,0,0,0,4,0
2018-12-14,2018,12,4,True,1271,169,227,61,0,0,1,0,10,0
2018-12-15,2018,12,5,False,0,1440,0,288,2,2,2,0,0,0
2018-12-16,2018,12,6,False,60,1380,12,276,2,2,1,0,0,0
2018-12-17,2018,12,0,True,1330,110,241,47,0,0,0,0,9,0
2018-12-18,2018,12,1,True,1351,89,253,35,0,0,0,0,6,0
2018-12-19,2018,12,2,True,1336,104,242,46,0,0,0,0,7,0
2018-12-20,2018,12,3,True,1365,75,263,25,0,0,0,0,0,0
2018-12-21,2018,12,4,True,1306,134,250,38,0,0,1,0,0,0
2018-12-22,2018,12,5,False,0,1440,0,288,2,2,2,0,0,0
2018-12-23,2018,12,6,False,60,1380,12,276,2,2,1,0,0,0
2018-12-24,2018,12,0,True,1113,327,213,75,0,0,1,0,3,0
2018-12-25,2018,12,1,True,60,1380,12,276,2,2,1,0,0,0
2018-12-26,2018,12,2,True,1360,80,261,27,0,0,0,0,4,0
2018-12-27,2018,12,3,True,1358,82,259,29,0,0,0,0,2,0
2018-12-28,2018,12,4,True,1295,145,246,42,0,0,1,0,1,0
2018-12-29,2018,12,5,False,0,1440,0,288,2,2,2,0,0,0
2018-12-30,2018,12,6,False,60,1380,12,276,2,2,1,0,0,0
2018-12-31,2018,12,0,True,1289,151,240,48,0,0,1,0,3,0
2019-01-01,2019,1,1,True,59,1381,11,277,2,2,1,0,0,0
2019-01-02,2019,1,2,True,1354,86,256,32,0,0,0,0,7,0
2019-01-03,2019,1,3,True,1365,75,264,24,0,0,0,0,1,0
2019-01-04,2019,1,4,True,1287,153,240,48,0,0,1,0,3,0
2019-01-05,2019,1,5,False,0,1440,0,288,2,2,2,0,0,0
2019-01-06,2019,1,6,False,60,1380,12,276,2,2,1,0,0,0
2019-01-07,2019,1,0,True,1355,85,256,32,0,0,0,0,1,0
2019-01-08,2019,1,1,True,1342,98,246,42,0,0,0,0,5,0
2019-01-09,2019,1,2,True,1352,88,251,37,0,0,0,0,4,0
2019-01-10,2019,1,3,True,1358,82,257,31,0,0,0,0,2,0
2019-01-11,2019,1,4,True,1282,158,233,55,0,0,1,0,3,0
2019-01-12,2019,1,5,False,0,1440,0,288,2,2,2,0,0,0
2019-01-13,2019,1,6,False,54,1386,8,280,2,2,1,0,0,0
2019-01-14,2019,1,0,True,1346,94,253,35,0,0,1,0,5,0
2019-01-15,2019,1,1,True,1337,103,248,40,1,0,1,0,5,0
2019-01-16,2019,1,2,True,1345,95,250,38,0,0,0,0,0,0
2019-01-17,2019,1,3,True,1330,110,235,53,0,0,0,0,5,0
2019-01-18,2019,1,4,True,1278,162,234,54,0,0,1,0,2,0
2019-01-19,2019,1,5,False,0,1440,0,288,2,2,2,0,0,0
2019-01-20,2019,1,6,False,54,1386,9,279,2,2,1,0,0,0
2019-01-21,2019,1,0,True,1067,373,177,111,0,0,0,0,14,0
2019-01-22,2019,1,1,True,1334,106,240,48,0,0,0,0,6,0
2019-01-23,2019,1,2,True,1311,129,228,60,0,0,0,0,15,0
2019-01-24,2019,1,3,True,1319,121,234,54,0,0,0,0,5,0
2019-01-25,2019,1,4,True,1269,171,228,60,0,0,1,0,4,0
2019-01-26,2019,1,5,False,0,1440,0,288,2,2,2,0,0,0
2019-01-27,2019,1,6,False,58,1382,10,278,2,2,1,0,1,0
2019-01-28,2019,1,0,True,1341,99,250,38,0,0,1,0,8,0
2019-01-29,2019,1,1,True,1350,90,252,36,0,0,0,0,9,0
2019-01-30,2019,1,2,True,1330,110,238,50,0,0,1,0,23,0
2019-01-31,2019,1,3,True,1306,134,229,59,0,0,0,0,60,0
2019-02-01,2019,2,4,True,1246,194,210,78,0,0,1,0,93,0
2019-02-02,2019,2,5,False,0,1440,0,288,2,2,2,0,0,0
2019-02-03,2019,2,6,False,47,1393,6,282,2,2,1,0,8,0
2019-02-04,2019,2,0,True,1271,169,197,91,0,0,1,0,110,0
2019-02-05,2019,2,1,True,1227,213,176,112,1,0,0,0,135,0
2019-02-06,2019,2,2,True,1241,199,190,98,0,0,0,0,103,0
2019-02-07,2019,2,3,True,1235,205,187,101,1,0,0,0,106,0
2019-02-08,2019,2,4,True,1194,246,182,106,0,0,1,0,102,0
2019-02-09,2019,2,5,False,0,1440,0,288,2,2,2,0,0,0
2019-02-10,2019,2,6,False,46,1394,3,285,2,2,1,0,11,0
2019-02-11,2019,2,0,True,1244,196,192,96,0,0,0,0,98,0
2019-02-12,2019,2,1,True,1260,180,195,93,1,0,0,0,118,0
2019-02-13,2019,2,2,True,1273,167,206,82,0,0,0,0,101,0
2019-02-14,2019,2,3,True,1278,162,211,77,0,0,0,0,104,0
2019-02-15,2019,2,4,True,1221,219,201,87,0,0,1,0,86,0
2019-02-16,2019,2,5,False,0,1440,0,288,2,2,2,0,0,0
2019-02-17,2019,2,6,False,53,1387,7,281,2,2,1,0,8,0
2019-02-18,2019,2,0,True,1015,425,149,139,0,0,1,0,94,0
2019-02-19,2019,2,1,True,1264,176,208,80,0,0,1,0,94,0
2019-02-20,2019,2,2,True,1316,124,227,61,0,0,0,0,50,0
2019-02-21,2019,2,3,True,1324,116,237,51,0,0,0,0,55,0
2019-02-22,2019,2,4,True,1247,193,218,70,0,0,1,0,84,0
2019-02-23,2019,2,5,False,0,1440,0,288,2,2,2,0,0,0
2019-02-24,2019,2,6,False,51,1389,5,283,2,2,1,0,6,0
2019-02-25,2019,2,0,True,1278,162,212,76,0,0,0,0,76,0
2019-02-26,2019,2,1,True,1264,176,213,75,0,0,0,0,80,0
2019-02-27,2019,2,2,True,1239,201,193,95,0,0,0,0,96,0
2019-02-28,2019,2,3,True,1261,179,206,82,0,0,0,0,67,0
2019-03-01,2019,3,4,True,1248,192,212,76,0,0,1,0,63,0
2019-03-02,2019,3,5,False,0,1440,0,288,2,2,2,0,0,0
2019-03-03,2019,3,6,False,59,1381,11,277,2,2,1,0,3,0
2019-03-04,2019,3,0,True,1281,159,213,75,0,0,0,0,74,0
2019-03-05,2019,3,1,True,1281,159,213,75,0,0,1,0,82,0
2019-03-06,2019,3,2,True,1244,196,206,82,0,0,1,0,76,0
2019-03-07,2019,3,3,True,1188,252,205,83,1,0,2,0,120,0
2019-03-08,2019,3,4,True,1261,179,221,67,0,0,1,0,72,0
2019-03-09,2019,3,5,False,0,1440,0,288,2,2,2,0,0,0
2019-03-10,2019,3,6,False,95,1345,9,279,2,2,1,0,20,0
2019-03-11,2019,3,0,True,1255,185,204,84,0,0,0,0,107,0
2019-03-12,2019,3,1,True,1240,200,197,91,1,0,1,0,95,0
2019-03-13,2019,3,2,True,1227,213,174,114,0,0,0,0,96,0
2019-03-14,2019,3,3,True,1236,204,196,92,0,0,1,0,108,0
2019-03-15,2019,3,4,True,1167,273,186,102,1,0,1,0,64,0
2019-03-16,2019,3,5,False,0,1440,0,288,2,2,2,0,0,0
2019-03-17,2019,3,6,False,84,1356,5,283,2,2,2,0,23,0
2019-03-18,2019,3,0,True,1202,238,181,107,0,0,0,0,115,0
2019-03-19,2019,3,1,True,1196,244,173,115,0,0,0,0,98,0
2019-03-20,2019,3,2,True,1219,221,194,94,0,0,0,0,91,0
2019-03-21,2019,3,3,True,1257,183,208,80,0,0,0,0,82,0
2019-03-22,2019,3,4,True,1190,250,203,85,1,0,1,0,52,0
2019-03-23,2019,3,5,False,0,1440,0,288,2,2,2,0,0,0
2019-03-24,2019,3,6,False,103,1337,10,278,2,2,1,0,14,0
2019-03-25,2019,3,0,True,1292,148,217,71,0,0,0,0,72,0
2019-03-26,2019,3,1,True,1307,133,230,58,0,1,0,0,73,0
2019-03-27,2019,3,2,True,1323,117,243,45,0,0,0,0,47,0
2019-03-28,2019,3,3,True,1292,148,220,68,0,0,0,0,71,0
2019-03-29,2019,3,4,True,1210,230,214,74,0,0,1,0,38,0
2019-03-30,2019,3,5,False,0,1440,0,288,2,2,2,0,0,0
2019-03-31,2019,3,6,False,104,1336,14,274,2,2,1,0,18,0
2019-04-01,2019,4,0,True,1258,182,209,79,0,0,1,0,59,0
2019-04-02,2019,4,1,True,1246,194,194,94,1,0,2,0,97,0
2019-04-03,2019,4,2,True,1204,236,178,110,0,0,0,0,113,0
2019-04-04,2019,4,3,True,1242,198,184,104,0,0,0,0,120,0
2019-04-05,2019,4,4,True,1141,299,173,115,0,0,1,0,105,0
2019-04-06,2019,4,5,False,0,1440,0,288,2,2,2,0,0,0
2019-04-07,2019,4,6,False,87,1353,8,280,2,2,1,0,23,0
2019-04-08,2019,4,0,True,1236,204,190,98,0,0,0,0,141,0
2019-04-09,2019,4,1,True,1263,177,199,89,0,0,0,0,103,0
2019-04-10,2019,4,2,True,1256,184,196,92,0,0,1,0,114,0
2019-04-11,2019,4,3,True,1248,192,191,97,0,0,0,0,98,0
2019-04-12,2019,4,4,True,1186,254,202,86,0,0,1,0,79,0
2019-04-13,2019,4,5,False,0,1440,0,288,2,2,2,0,0,0
2019-04-14,2019,4,6,False,95,1345,8,280,2,2,1,0,18,0
2019-04-15,2019,4,0,True,1239,201,196,92,0,0,1,0,105,0
2019-04-16,2019,4,1,True,1277,163,209,79,0,0,0,0,87,0
2019-04-17,2019,4,2,True,1260,180,200,88,0,0,0,0,110,0
2019-04-18,2019,4,3,True,1159,281,187,101,0,0,1,0,75,0
2019-04-19,2019,4,4,True,0,1440,0,288,2,2,2,0,0,0
2019-04-20,2019,4,5,False,0,1440,0,288,2,2,2,0,0,0
2019-04-21,2019,4,6,False,93,1347,9,279,2,2,1,0,16,0
2019-04-22,2019,4,0,True,1133,307,151,137,0,1,1,0,141,0
2019-04-23,2019,4,1,True,1218,222,173,115,0,0,1,0,119,0
2019-04-24,2019,4,2,True,1275,165,209,79,0,0,0,0,87,0
2019-04-25,2019,4,3,True,1263,177,208,80,0,0,1,0,105,0
2019-04-26,2019,4,4,True,1182,258,195,93,1,0,1,0,90,0
2019-04-27,2019,4,5,False,0,1440,0,288,2,2,2,0,0,0
2019-04-28,2019,4,6,False,84,1356,6,282,2,2,1,0,10,0
2019-04-29,2019,4,0,True,1176,264,160,128,0,0,1,0,136,0
2019-04-30,2019,4,1,True,1196,244,177,111,0,0,0,0,111,0
2019-05-01,2019,5,2,True,1206,234,180,108,1,0,0,0,115,0
2019-05-02,2019,5,3,True,1189,251,171,117,1,0,1,0,77,0
2019-05-03,2019,5,4,True,1145,295,178,110,1,0,1,0,86,0
2019-05-04,2019,5,5,False,0,1440,0,288,2,2,2,0,0,0
2019-05-05,2019,5,6,False,116,1324,21,267,2,2,1,0,3,0
2019-05-06,2019,5,0,True,1274,166,219,69,0,0,0,0,68,0
2019-05-07,2019,5,1,True,1249,191,205,83,0,0,0,0,115,0
2019-05-08,2019,5,2,True,1251,189,198,90,0,0,1,0,88,0
2019-05-09,2019,5,3,True,1293,147,223,65,0,0,0,0,80,0
2019-05-10,2019,5,4,True,1227,213,228,60,0,0,1,0,46,0
2019-05-11,2019,5,5,False,0,1440,0,288,2,2,2,0,0,0
2019-05-12,2019,5,6,False,101,1339,13,275,2,2,1,0,20,0
2019-05-13,2019,5,0,True,1263,177,201,87,0,0,0,0,99,0
2019-05-14,2019,5,1,True,1241,199,197,91,0,0,0,0,134,0
2019-05-15,2019,5,2,True,1216,224,182,106,0,0,0,0,138,0
2019-05-16,2019,5,3,True,1229,211,194,94,0,0,0,0,109,0
2019-05-17,2019,5,4,True,1196,244,203,85,1,0,1,0,83,0
2019-05-18,2019,5,5,False,0,1440,0,288,2,2,2,0,0,0
2019-05-19,2019,5,6,False,95,1345,9,279,2,2,1,0,28,0
2019-05-20,2019,5,0,True,1205,235,181,107,0,0,1,0,111,0
2019-05-21,2019,5,1,True,1167,273,153,135,0,0,1,0,145,0
2019-05-22,2019,5,2,True,1210,230,165,123,0,0,0,0,157,0
2019-05-23,2019,5,3,True,1224,216,182,106,0,0,0,0,127,0
2019-05-24,2019,5,4,True,1144,296,177,111,0,0,1,0,111,0
2019-05-25,2019,5,5,False,0,1440,0,288,2,2,2,0,0,0
2019-05-26,2019,5,6,False,82,1358,7,281,2,2,1,0,30,0
2019-05-27,2019,5,0,True,859,581,79,209,0,0,1,0,200,0
2019-05-28,2019,5,1,True,1248,192,199,89,0,0,0,0,128,0
2019-05-29,2019,5,2,True,1270,170,212,76,0,0,1,0,87,0
2019-05-30,2019,5,3,True,1245,195,192,96,0,0,0,0,120,0
2019-05-31,2019,5,4,True,1213,227,217,71,0,0,1,0,50,0
2019-06-01,2019,6,5,False,0,1440,0,288,2,2,2,0,0,0
2019-06-02,2019,6,6,False,110,1330,16,272,2,2,1,0,9,0
2019-06-03,2019,6,0,True,1307,133,229,59,0,0,0,0,69,0
2019-06-04,2019,6,1,True,1330,110,239,49,0,0,0,0,68,0
2019-06-05,2019,6,2,True,1316,124,232,56,0,0,0,0,54,0
2019-06-06,2019,6,3,True,1326,114,242,46,0,0,0,0,76,0
2019-06-07,2019,6,4,True,1205,235,213,75,0,0,1,0,54,0
2019-06-08,2019,6,5,False,0,1440,0,288,2,2,2,0,0,0
2019-06-09,2019,6,6,False,102,1338,10,278,2,2,1,0,8,0
2019-06-10,2019,6,0,True,1271,169,217,71,0,0,0,0,73,0
2019-06-11,2019,6,1,True,1245,195,205,83,0,0,0,0,74,0
2019-06-12,2019,6,2,True,1283,157,222,66,0,0,1,0,61,0
2019-06-13,2019,6,3,True,1339,101,244,44,0,0,0,0,57,0
2019-06-14,2019,6,4,True,1235,205,229,59,0,0,1,0,33,0
2019-06-15,2019,6,5,False,0,1440,0,288,2,2,2,0,0,0
2019-06-16,2019,6,6,False,108,1332,14,274,2,2,1,0,31,0
2019-06-17,2019,6,0,True,1297,143,218,70,0,0,1,0,66,0
2019-06-18,2019,6,1,True,1308,132,227,61,0,0,0,0,70,0
2019-06-19,2019,6,2,True,1359,81,257,31,1,0,0,0,28,0
2019-06-20,2019,6,3,True,1369,71,268,20,0,0,0,0,13,0
2019-06-21,2019,6,4,True,1256,184,248,40,0,0,1,0,6,0
2019-06-22,2019,6,5,False,0,1440,0,288,2,2,2,0,0,0
2019-06-23,2019,6,6,False,120,1320,24,264,2,2,1,0,1,0
2019-06-24,2019,6,0,True,1379,61,275,13,0,0,0,0,5,0
2019-06-25,2019,6,1,True,1377,63,273,15,0,0,0,0,0,0
2019-06-26,2019,6,2,True,1377,63,273,15,0,0,0,0,6,0
2019-06-27,2019,6,3,True,1367,73,264,24,0,0,0,0,25,0
2019-06-28,2019,6,4,True,1249,191,241,47,0,0,1,0,15,0
2019-06-29,2019,6,5,False,0,1440,0,288,2,2,2,0,0,0
2019-06-30,2019,6,6,False,120,1320,24,264,2,2,1,0,0,0
2019-07-01,2019,7,0,True,1363,77,265,23,0,0,0,0,14,0
2019-07-02,2019,7,1,True,1362,78,265,23,0,0,0,0,10,0
2019-07-03,2019,7,2,True,1360,80,261,27,0,0,0,0,32,0
2019-07-04,2019,7,3,True,1113,327,205,83,0,0,0,0,22,0
2019-07-05,2019,7,4,True,1244,196,237,51,0,0,1,0,27,0
2019-07-06,2019,7,5,False,0,1440,0,288,2,2,2,0,0,0
2019-07-07,2019,7,6,False,120,1320,24,264,2,2,1,0,2,0
2019-07-08,2019,7,0,True,1365,75,264,24,0,0,0,0,36,0
2019-07-09,2019,7,1,True,1343,97,250,38,0,0,0,0,34,0
2019-07-10,2019,7,2,True,1365,75,264,24,0,0,0,0,24,0
2019-07-11,2019,7,3,True,1368,72,265,23,0,0,0,0,6,0
2019-07-12,2019,7,4,True,1247,193,238,50,0,0,1,0,22,0
2019-07-13,2019,7,5,False,0,1440,0,288,2,2,2,0,0,0
2019-07-14,2019,7,6,False,120,1320,24,264,2,2,1,0,0,0
2019-07-15,2019,7,0,True,1352,88,252,36,0,0,0,0,23,0
2019-07-16,2019,7,1,True,1347,93,245,43,0,0,0,0,52,0
2019-07-17,2019,7,2,True,1352,88,253,35,0,0,0,0,34,0
2019-07-18,2019,7,3,True,1368,72,266,22,0,0,0,0,11,0
2019-07-19,2019,7,4,True,1255,185,247,41,0,0,1,0,5,0
2019-07-20,2019,7,5,False,0,1440,0,288,2,2,2,0,0,0
2019-07-21,2019,7,6,False,113,1327,21,267,2,2,1,0,5,0
2019-07-22,2019,7,0,True,1354,86,257,31,0,0,0,0,43,0
2019-07-23,2019,7,1,True,1359,81,256,32,0,0,0,0,26,0
2019-07-24,2019,7,2,True,1357,83,256,32,0,0,0,0,47,0
2019-07-25,2019,7,3,True,1316,124,235,53,0,0,1,0,69,0
2019-07-26,2019,7,4,True,1231,209,227,61,0,0,1,0,51,0
2019-07-27,2019,7,5,False,0,1440,0,288,2,2,2,0,0,0
2019-07-28,2019,7,6,False,102,1338,12,276,2,2,1,0,19,0
2019-07-29,2019,7,0,True,1325,115,236,52,0,0,0,0,59,0
2019-07-30,2019,7,1,True,1314,126,226,62,0,0,0,0,61,0
2019-07-31,2019,7,2,True,1345,95,248,40,0,0,0,0,39,0
2019-08-01,2019,8,3,True,1359,81,260,28,0,0,0,0,17,0
2019-08-02,2019,8,4,True,1256,184,249,39,0,0,1,0,5,0
2019-08-03,2019,8,5,False,0,1440,0,288,2,2,2,0,0,0
2019-08-04,2019,8,6,False,120,1320,24,264,2,2,1,0,3,0
2019-08-05,2019,8,0,True,1380,60,276,12,0,0,0,0,3,0
2019-08-06,2019,8,1,True,1373,67,271,17,0,0,0,0,6,0
2019-08-07,2019,8,2,True,1378,62,274,14,0,0,0,0,2,0
2019-08-08,2019,8,3,True,1379,61,275,13,0,0,0,0,4,0
2019-08-09,2019,8,4,True,1252,188,244,44,0,0,1,0,7,0
2019-08-10,2019,8,5,False,0,1440,0,288,2,2,2,0,0,0
2019-08-11,2019,8,6,False,120,1320,24,264,2,2,1,0,1,0
2019-08-12,2019,8,0,True,1365,75,264,24,0,0,0,0,22,0
2019-08-13,2019,8,1,True,1371,69,269,19,0,0,0,0,10,0
2019-08-14,2019,8,2,True,1380,60,276,12,0,0,0,0,1,0
2019-08-15,2019,8,3,True,1374,66,270,18,0,0,0,0,9,0
2019-08-16,2019,8,4,True,1258,182,250,38,0,0,1,0,6,0
2019-08-17,2019,8,5,False,0,1440,0,288,2,2,2,0,0,0
2019-08-18,2019,8,6,False,117,1323,21,267,2,2,1,0,0,0
2019-08-19,2019,8,0,True,1368,72,264,24,0,0,0,0,19,0
2019-08-20,2019,8,1,True,1362,78,259,29,0,0,0,0,33,0
2019-08-21,2019,8,2,True,1339,101,246,42,0,0,0,0,36,0
2019-08-22,2019,8,3,True,1354,86,255,33,0,0,0,0,41,0
2019-08-23,2019,8,4,True,1244,196,239,49,0,0,1,0,26,0
2019-08-24,2019,8,5,False,0,1440,0,288,2,2,2,0,0,0
2019-08-25,2019,8,6,False,120,1320,24,264,2,2,1,0,0,0
2019-08-26,2019,8,0,True,1372,68,271,17,0,0,0,0,15,0
2019-08-27,2019,8,1,True,1365,75,263,25,0,0,0,0,21,0
2019-08-28,2019,8,2,True,1369,71,266,22,0,0,0,0,16,0
2019-08-29,2019,8,3,True,1373,67,269,19,0,0,0,0,8,0
2019-08-30,2019,8,4,True,1250,190,244,44,0,0,1,0,13,0
2019-08-31,2019,8,5,False,0,1440,0,288,2,2,2,0,0,0
2019-09-01,2019,9,6,False,120,1320,24,264,2,2,1,0,0,0
2019-09-02,2019,9,0,True,1129,311,217,71,0,0,0,0,16,0
2019-09-03,2019,9,1,True,1370,70,266,22,0,0,0,0,17,0
2019-09-04,2019,9,2,True,1379,61,275,13,0,0,0,0,7,0
2019-09-05,2019,9,3,True,1374,66,271,17,0,0,0,0,8,0
2019-09-06,2019,9,4,True,1261,179,252,36,0,0,1,0,2,0
2019-09-07,2019,9,5,False,0,1440,0,288,2,2,2,0,0,0
2019-09-08,2019,9,6,False,119,1321,23,265,2,2,1,0,0,0
2019-09-09,2019,9,0,True,1369,71,267,21,0,0,0,0,19,0
2019-09-10,2019,9,1,True,1372,68,269,19,0,0,0,0,15,0
2019-09-11,2019,9,2,True,1368,72,266,22,0,0,0,0,17,0
2019-09-12,2019,9,3,True,1371,69,269,19,0,0,0,0,13,0
2019-09-13,2019,9,4,True,1249,191,240,48,0,0,1,0,18,0
2019-09-14,2019,9,5,False,0,1440,0,288,2,2,2,0,0,0
2019-09-15,2019,9,6,False,120,1320,24,264,2,2,1,0,0,0
2019-09-16,2019,9,0,True,1372,68,268,20,0,0,0,0,14,0
2019-09-17,2019,9,1,True,1368,72,267,21,0,0,0,0,14,0
2019-09-18,2019,9,2,True,1365,75,261,27,0,0,0,0,51,0
2019-09-19,2019,9,3,True,1368,72,267,21,0,0,0,0,17,0
2019-09-20,2019,9,4,True,1247,193,239,49,0,0,1,0,23,0
2019-09-21,2019,9,5,False,0,1440,0,288,2,2,2,0,0,0
2019-09-22,2019,9,6,False,119,1321,23,265,2,2,1,0,3,0
2019-09-23,2019,9,0,True,1367,73,267,21,0,0,0,0,22,0
2019-09-24,2019,9,1,True,1359,81,259,29,0,0,0,0,31,0
2019-09-25,2019,9,2,True,1368,72,265,23,0,0,0,0,12,0
2019-09-26,2019,9,3,True,1371,69,267,21,0,0,0,0,21,0
2019-09-27,2019,9,4,True,1255,185,247,41,0,0,1,0,10,0
2019-09-28,2019,9,5,False,0,1440,0,288,2,2,2,0,0,0
2019-09-29,2019,9,6,False,118,1322,22,266,2,2,1,0,1,0
2019-09-30,2019,9,0,True,1368,72,268,20,0,0,0,0,17,0
2019-10-01,2019,10,1,True,1376,64,272,16,0,0,0,0,6,0
2019-10-02,2019,10,2,True,1370,70,267,21,0,0,0,0,15,0
2019-10-03,2019,10,3,True,1372,68,269,19,0,0,0,0,23,0
2019-10-04,2019,10,4,True,1251,189,243,45,0,0,1,0,20,0
2019-10-05,2019,10,5,False,0,1440,0,288,2,2,2,0,0,0
2019-10-06,2019,10,6,False,119,1321,23,265,2,2,1,0,3,0
2019-10-07,2019,10,0,True,1364,76,263,25,0,0,1,0,29,0
2019-10-08,2019,10,1,True,1365,75,264,24,0,0,0,0,33,0
2019-10-09,2019,10,2,True,1362,78,265,23,0,0,0,0,29,0
2019-10-10,2019,10,3,True,1368,72,268,20,0,0,0,0,17,0
2019-10-11,2019,10,4,True,1247,193,241,47,0,0,1,0,15,0
2019-10-12,2019,10,5,False,0,1440,0,288,2,2,2,0,0,0
2019-10-13,2019,10,6,False,119,1321,23,265,2,2,1,0,2,0
2019-10-14,2019,10,0,True,1355,85,256,32,0,0,0,0,38,0
2019-10-15,2019,10,1,True,1359,81,261,27,0,0,0,0,47,0
2019-10-16,2019,10,2,True,1358,82,257,31,0,0,0,0,16,0
2019-10-17,2019,10,3,True,1353,87,251,37,0,0,0,0,31,0
2019-10-18,2019,10,4,True,1224,216,229,59,0,0,1,0,29,0
2019-10-19,2019,10,5,False,0,1440,0,288,2,2,2,0,0,0
2019-10-20,2019,10,6,False,4,1436,0,288,2,2,1,0,2,0
2019-10-21,2019,10,0,True,1334,106,242,46,0,0,0,0,51,0
2019-10-22,2019,10,1,True,1340,100,247,41,0,0,0,0,60,0
2019-10-23,2019,10,2,True,1355,85,255,33,0,0,1,0,53,0
2019-10-24,2019,10,3,True,1334,106,240,48,0,0,0,0,60,0
2019-10-25,2019,10,4,True,1234,206,235,53,0,0,1,0,40,0
2019-10-26,2019,10,5,False,0,1440,0,288,2,2,2,0,0,0
2019-10-27,2019,10,6,False,111,1329,16,272,2,2,1,0,13,0
2019-10-28,2019,10,0,True,1337,103,245,43,0,0,0,0,56,0
2019-10-29,2019,10,1,True,1336,104,239,49,0,0,0,0,83,0
2019-10-30,2019,10,2,True,1345,95,247,41,0,0,0,0,51,0
2019-10-31,2019,10,3,True,1358,82,259,29,0,0,0,0,30,0
2019-11-01,2019,11,4,True,1226,214,225,63,0,0,1,0,46,0
2019-11-02,2019,11,5,False,0,1440,0,288,2,2,2,0,0,0
2019-11-03,2019,11,6,False,58,1382,10,278,2,2,1,0,4,0
2019-11-04,2019,11,0,True,1326,114,239,49,0,0,0,0,44,0
2019-11-05,2019,11,1,True,1304,136,242,46,0,0,0,0,40,0
2019-11-06,2019,11,2,True,1353,87,253,35,0,0,0,0,30,0
2019-11-07,2019,11,3,True,1343,97,249,39,0,0,0,0,51,0
2019-11-08,2019,11,4,True,1313,127,259,29,0,0,1,0,12,0
2019-11-09,2019,11,5,False,0,1440,0,288,2,2,2,0,0,0
2019-11-10,2019,11,6,False,59,1381,11,277,2,2,1,0,5,0
2019-11-11,2019,11,0,True,1324,116,239,49,0,0,0,0,60,0
2019-11-12,2019,11,1,True,1357,83,255,33,0,0,0,0,38,0
2019-11-13,2019,11,2,True,1355,85,255,33,0,0,0,0,22,0
2019-11-14,2019,11,3,True,1356,84,254,34,0,0,1,0,28,0
2019-11-15,2019,11,4,True,1282,158,235,53,0,0,1,0,45,0
2019-11-16,2019,11,5,False,0,1440,0,288,2,2,2,0,0,0
2019-11-17,2019,11,6,False,54,1386,6,282,2,2,1,0,14,0
2019-11-18,2019,11,0,True,1339,101,245,43,0,0,0,0,64,0
2019-11-19,2019,11,1,True,1348,92,253,35,0,0,0,0,38,0
2019-11-20,2019,11,2,True,1347,93,255,33,0,0,0,0,36,0
2019-11-21,2019,11,3,True,1346,94,257,31,0,0,0,0,34,0
2019-11-22,2019,11,4,True,1272,168,229,59,0,0,1,0,53,0
2019-11-23,2019,11,5,False,0,1440,0,288,2,2,2,0,0,0
2019-11-24,2019,11,6,False,57,1383,9,279,2,2,1,0,6,0
2019-11-25,2019,11,0,True,1318,122,230,58,0,0,0,0,88,0
2019-11-26,2019,11,1,True,1344,96,247,41,0,0,0,0,57,0
2019-11-27,2019,11,2,True,1318,122,240,48,0,0,0,0,56,0
2019-11-28,2019,11,3,True,1046,394,160,128,0,0,1,0,99,0
2019-11-29,2019,11,4,True,1077,363,188,100,0,1,1,0,51,0
2019-11-30,2019,11,5,False,0,1440,0,288,2,2,2,0,0,0
2019-12-01,2019,12,6,False,55,1385,8,280,2,2,1,0,2,0
2019-12-02,2019,12,0,True,1303,137,226,62,0,0,0,0,65,0
2019-12-03,2019,12,1,True,1349,91,251,37,0,0,0,0,56,0
2019-12-04,2019,12,2,True,1354,86,256,32,0,0,0,0,38,0
2019-12-05,2019,12,3,True,1327,113,240,48,0,0,0,0,52,0
2019-12-06,2019,12,4,True,1270,170,226,62,0,0,1,0,67,0
2019-12-07,2019,12,5,False,0,1440,0,288,2,2,2,0,0,0
2019-12-08,2019,12,6,False,20,1420,4,284,2,2,1,0,1,0
2019-12-09,2019,12,0,True,1314,126,219,69,0,0,0,0,108,0
2019-12-10,2019,12,1,True,1312,128,232,56,0,0,0,0,92,0
2019-12-11,2019,12,2,True,1305,135,221,67,0,0,0,0,86,0
2019-12-12,2019,12,3,True,1310,130,229,59,0,0,0,0,58,0
2019-12-13,2019,12,4,True,1285,155,233,55,0,0,1,0,30,0
2019-12-14,2019,12,5,False,0,1440,0,288,2,2,2,0,0,0
2019-12-15,2019,12,6,False,57,1383,10,278,2,2,1,0,1,0
2019-12-16,2019,12,0,True,1295,145,220,68,0,0,0,0,87,0
2019-12-17,2019,12,1,True,1280,160,202,86,0,0,0,0,118,0
2019-12-18,2019,12,2,True,1255,185,192,96,1,0,1,0,151,0
2019-12-19,2019,12,3,True,1256,184,204,84,0,0,1,0,93,0
2019-12-20,2019,12,4,True,1178,262,170,118,0,0,1,0,145,0
2019-12-21,2019,12,5,False,0,1440,0,288,2,2,2,0,0,0
2019-12-22,2019,12,6,False,59,1381,11,277,2,2,1,0,5,0
2019-12-23,2019,12,0,True,1287,153,209,79,0,0,0,0,98,0
2019-12-24,2019,12,1,True,1066,374,184,104,0,0,1,0,76,0
2019-12-25,2019,12,2,True,56,1384,9,279,2,2,1,0,4,0
2019-12-26,2019,12,3,True,1338,102,244,44,0,0,0,0,51,0
2019-12-27,2019,12,4,True,1288,152,238,50,0,0,1,0,28,0
2019-12-28,2019,12,5,False,0,1440,0,288,2,2,2,0,0,0
2019-12-29,2019,12,6,False,58,1382,10,278,2,2,1,0,1,0
2019-12-30,2019,12,0,True,1272,168,198,90,0,0,0,0,97,0
2019-12-31,2019,12,1,True,1257,183,217,71,0,0,1,0,77,0
2020-01-01,2020,1,2,True,59,1381,11,277,2,2,1,0,0,0
2020-01-02,2020,1,3,True,1325,115,239,49,0,0,0,0,43,0
2020-01-03,2020,1,4,True,1316,124,260,28,0,0,1,0,5,0
2020-01-04,2020,1,5,False,0,1440,0,288,2,2,2,0,0,0
2020-01-05,2020,1,6,False,60,1380,12,276,2,2,1,0,0,0
2020-01-06,2020,1,0,True,1378,62,274,14,0,0,0,0,4,0
2020-01-07,2020,1,1,True,1375,65,272,16,0,0,0,0,7,0
2020-01-08,2020,1,2,True,1380,60,276,12,0,0,0,0,2,0
2020-01-09,2020,1,3,True,1371,69,269,19,0,0,0,0,9,0
2020-01-10,2020,1,4,True,1306,134,252,36,0,0,1,0,19,0
2020-01-11,2020,1,5,False,0,1440,0,288,2,2,2,0,0,0
2020-01-12,2020,1,6,False,0,1440,0,288,2,2,2,0,0,0
2020-01-13,2020,1,0,True,1134,306,210,78,1,0,1,0,35,0
2020-01-14,2020,1,1,True,1362,78,262,26,0,0,0,0,23,0
2020-01-15,2020,1,2,True,1358,82,258,30,0,0,0,0,25,0
2020-01-16,2020,1,3,True,1336,104,242,46,0,0,0,0,46,0
2020-01-17,2020,1,4,True,1289,151,241,47,0,0,1,0,32,0
2020-01-18,2020,1,5,False,0,1440,0,288,2,2,2,0,0,0
2020-01-19,2020,1,6,False,59,1381,11,277,2,2,1,0,3,0
2020-01-20,2020,1,0,True,1064,376,174,114,0,0,0,0,111,0
2020-01-21,2020,1,1,True,1362,78,261,27,0,0,0,0,30,0
2020-01-22,2020,1,2,True,1353,87,254,34,0,0,0,0,37,0
2020-01-23,2020,1,3,True,1362,78,261,27,0,0,0,0,23,0
2020-01-24,2020,1,4,True,1289,151,241,47,0,0,1,0,43,0
2020-01-25,2020,1,5,False,0,1440,0,288,2,2,2,0,0,0
2020-01-26,2020,1,6,False,60,1380,12,276,2,2,1,0,0,0
2020-01-27,2020,1,0,True,1375,65,271,17,0,0,0,0,13,0
2020-01-28,2020,1,1,True,1369,71,267,21,0,0,0,0,17,0
2020-01-29,2020,1,2,True,1370,70,267,21,0,0,0,0,13,0
2020-01-30,2020,1,3,True,1378,62,274,14,0,0,0,0,10,0
2020-01-31,2020,1,4,True,1312,128,257,31,0,0,1,0,12,0
2020-02-01,2020,2,5,False,0,1440,0,288,2,2,2,0,0,0
2020-02-02,2020,2,6,False,60,1380,12,276,2,2,1,0,0,0
2020-02-03,2020,2,0,True,1376,64,273,15,0,0,0,0,9,0
2020-02-04,2020,2,1,True,1377,63,274,14,0,0,0,0,9,0
2020-02-05,2020,2,2,True,1371,69,268,20,0,0,0,0,20,0
2020-02-06,2020,2,3,True,1361,79,261,27,0,0,0,0,20,0
2020-02-07,2020,2,4,True,1300,140,251,37,0,0,1,0,18,0
2020-02-08,2020,2,5,False,0,1440,0,288,2,2,2,0,0,0
2020-02-09,2020,2,6,False,60,1380,12,276,2,2,1,0,0,0
2020-02-10,2020,2,0,True,1366,74,265,23,0,0,0,0,15,0
2020-02-11,2020,2,1,True,1344,96,251,37,0,0,0,0,46,0
2020-02-12,2020,2,2,True,1352,88,251,37,0,0,0,0,36,0
2020-02-13,2020,2,3,True,1369,71,267,21,0,0,0,0,17,0
2020-02-14,2020,2,4,True,1306,134,252,36,0,0,1,0,25,0
2020-02-15,2020,2,5,False,0,1440,0,288,2,2,2,0,0,0
2020-02-16,2020,2,6,False,60,1380,12,276,2,2,1,0,0,0
2020-02-17,2020,2,0,True,1046,394,162,126,0,0,0,0,118,0
2020-02-18,2020,2,1,True,1357,83,255,33,0,0,0,0,36,0
2020-02-19,2020,2,2,True,1370,70,266,22,0,0,0,0,21,0
2020-02-20,2020,2,3,True,1376,64,272,16,0,0,0,0,9,0
2020-02-21,2020,2,4,True,1317,123,261,27,0,0,1,0,3,0
2020-02-22,2020,2,5,False,0,1440,0,288,2,2,2,0,0,0
2020-02-23,2020,2,6,False,60,1380,12,276,2,2,1,0,0,0
2020-02-24,2020,2,0,True,1380,60,276,12,0,0,0,0,2,0
2020-02-25,2020,2,1,True,1380,60,276,12,0,0,0,0,0,0
2020-02-26,2020,2,2,True,1380,60,276,12,0,0,0,0,0,0
2020-02-27,2020,2,3,True,1380,60,276,12,0,0,0,0,0,0
2020-02-28,2020,2,4,True,1320,120,264,24,0,0,1,0,0,0
2020-02-29,2020,2,5,False,0,1440,0,288,2,2,2,0,0,0
2020-03-01,2020,3,6,False,60,1380,12,276,2,2,1,0,0,0
2020-03-02,2020,3,0,True,1380,60,276,12,0,0,0,0,1,0
2020-03-03,2020,3,1,True,1380,60,276,12,0,0,0,0,0,0
2020-03-04,2020,3,2,True,1376,64,274,14,0,0,0,0,1,0
2020-03-05,2020,3,3,True,1380,60,276,12,0,0,0,0,4,0
2020-03-06,2020,3,4,True,1320,120,264,24,0,0,1,0,0,0
2020-03-07,2020,3,5,False,0,1440,0,288,2,2,2,0,0,0
2020-03-08,2020,3,6,False,120,1320,24,264,2,2,1,0,0,0
2020-03-09,2020,3,0,True,1380,60,276,12,0,0,0,0,1,0
2020-03-10,2020,3,1,True,1380,60,276,12,0,0,0,0,1,0
2020-03-11,2020,3,2,True,1380,60,276,12,0,0,0,0,0,0
2020-03-12,2020,3,3,True,1380,60,276,12,0,0,0,0,0,0
2020-03-13,2020,3,4,True,1260,180,252,36,0,0,1,0,0,0
2020-03-14,2020,3,5,False,0,1440,0,288,2,2,2,0,0,0
2020-03-15,2020,3,6,False,120,1320,24,264,2,2,1,0,0,0
2020-03-16,2020,3,0,True,1380,60,276,12,0,0,0,0,0,0
2020-03-17,2020,3,1,True,1379,61,275,13,0,0,0,0,0,0
2020-03-18,2020,3,2,True,1380,60,276,12,0,0,0,0,1,0
2020-03-19,2020,3,3,True,1380,60,276,12,0,0,0,0,1,0
2020-03-20,2020,3,4,True,1260,180,252,36,0,0,1,0,0,0
2020-03-21,2020,3,5,False,0,1440,0,288,2,2,2,0,0,0
2020-03-22,2020,3,6,False,120,1320,24,264,2,2,1,0,0,0
2020-03-23,2020,3,0,True,1378,62,274,14,0,0,0,0,2,0
2020-03-24,2020,3,1,True,1346,94,262,26,0,0,0,0,9,0
2020-03-25,2020,3,2,True,1349,91,256,32,0,0,0,0,19,0
2020-03-26,2020,3,3,True,1365,75,262,26,0,0,0,0,21,0
2020-03-27,2020,3,4,True,1247,193,240,48,0,0,1,0,23,0
2020-03-28,2020,3,5,False,0,1440,0,288,2,2,2,0,0,0
2020-03-29,2020,3,6,False,54,1386,10,278,2,2,1,0,0,0
2020-03-30,2020,3,0,True,1374,66,271,17,0,0,0,0,11,0
2020-03-31,2020,3,1,True,1353,87,265,23,0,0,0,0,17,0
2020-04-01,2020,4,2,True,1359,81,259,29,0,0,0,0,37,0
2020-04-02,2020,4,3,True,1334,106,251,37,0,0,0,0,23,0
2020-04-03,2020,4,4,True,1248,192,242,46,0,0,1,0,18,0
2020-04-04,2020,4,5,False,0,1440,0,288,2,2,2,0,0,0
2020-04-05,2020,4,6,False,116,1324,20,268,2,2,1,0,3,0
2020-04-06,2020,4,0,True,1369,71,269,19,0,0,0,0,22,0
2020-04-07,2020,4,1,True,1362,78,264,24,0,0,0,0,29,0
2020-04-08,2020,4,2,True,1351,89,254,34,0,0,0,0,58,0
2020-04-09,2020,4,3,True,1220,220,226,62,0,0,1,0,62,0
2020-04-10,2020,4,4,True,0,1440,0,288,2,2,2,0,0,0
2020-04-11,2020,4,5,False,0,1440,0,288,2,2,2,0,0,0
2020-04-12,2020,4,6,False,120,1320,24,264,2,2,1,0,0,0
2020-04-13,2020,4,0,True,1356,84,261,27,0,0,0,0,13,0
2020-04-14,2020,4,1,True,1379,61,275,13,0,0,0,0,12,0
2020-04-15,2020,4,2,True,1369,71,267,21,0,0,0,0,24,0
2020-04-16,2020,4,3,True,1372,68,268,20,0,0,0,0,14,0
2020-04-17,2020,4,4,True,1257,183,249,39,0,0,1,0,10,0
2020-04-18,2020,4,5,False,0,1440,0,288,2,2,2,0,0,0
2020-04-19,2020,4,6,False,120,1320,24,264,2,2,1,0,3,0
2020-04-20,2020,4,0,True,1371,69,267,21,0,0,0,0,9,0
2020-04-21,2020,4,1,True,1375,65,271,17,0,0,0,0,17,0
2020-04-22,2020,4,2,True,1367,73,264,24,0,0,0,0,20,0
2020-04-23,2020,4,3,True,1365,75,268,20,0,0,0,0,18,0
2020-04-24,2020,4,4,True,1252,188,246,42,0,0,1,0,19,0
2020-04-25,2020,4,5,False,0,1440,0,288,2,2,2,0,0,0
2020-04-26,2020,4,6,False,117,1323,22,266,2,2,1,0,2,0
2020-04-27,2020,4,0,True,1373,67,269,19,0,0,0,0,11,0
2020-04-28,2020,4,1,True,1371,69,269,19,0,0,0,0,20,0
2020-04-29,2020,4,2,True,1331,109,244,44,0,0,0,0,63,0
2020-04-30,2020,4,3,True,1365,75,261,27,0,0,0,0,32,0
2020-05-01,2020,5,4,True,1255,185,248,40,0,0,1,0,12,0
2020-05-02,2020,5,5,False,0,1440,0,288,2,2,2,0,0,0
2020-05-03,2020,5,6,False,118,1322,22,266,2,2,1,0,1,0
2020-05-04,2020,5,0,True,1350,90,258,30,0,0,0,0,38,0
2020-05-05,2020,5,1,True,1343,97,244,44,0,0,0,0,64,0
2020-05-06,2020,5,2,True,1361,79,262,26,0,0,0,0,44,0
2020-05-07,2020,5,3,True,1374,66,271,17,0,0,0,0,26,0
2020-05-08,2020,5,4,True,1253,187,247,41,0,0,1,0,7,0
2020-05-09,2020,5,5,False,0,1440,0,288,2,2,2,0,0,0
2020-05-10,2020,5,6,False,120,1320,24,264,2,2,1,0,2,0
2020-05-11,2020,5,0,True,1360,80,263,25,0,0,0,0,24,0
2020-05-12,2020,5,1,True,1374,66,271,17,0,0,0,0,20,0
2020-05-13,2020,5,2,True,1375,65,271,17,0,0,0,0,10,0
2020-05-14,2020,5,3,True,1378,62,274,14,0,0,0,0,3,0
2020-05-15,2020,5,4,True,1260,180,252,36,0,0,1,0,4,0
2020-05-16,2020,5,5,False,0,1440,0,288,2,2,2,0,0,0
2020-05-17,2020,5,6,False,120,1320,24,264,2,2,1,0,0,0
2020-05-18,2020,5,0,True,1379,61,275,13,0,0,0,0,3,0
2020-05-19,2020,5,1,True,1367,73,266,22,0,0,0,0,25,0
2020-05-20,2020,5,2,True,1369,71,266,22,0,0,0,0,14,0
2020-05-21,2020,5,3,True,1372,68,268,20,0,0,0,0,15,0
2020-05-22,2020,5,4,True,1255,185,247,41,0,0,1,0,6,0
2020-05-23,2020,5,5,False,0,1440,0,288,2,2,2,0,0,0
2020-05-24,2020,5,6,False,114,1326,18,270,2,2,1,0,10,0
2020-05-25,2020,5,0,True,1116,324,208,80,0,0,0,0,41,0
2020-05-26,2020,5,1,True,1370,70,268,20,0,0,0,0,23,0
2020-05-27,2020,5,2,True,1371,69,268,20,0,0,0,0,12,0
2020-05-28,2020,5,3,True,1378,62,274,14,0,0,0,0,3,0
2020-05-29,2020,5,4,True,1248,192,242,46,0,0,1,0,26,0
2020-05-30,2020,5,5,False,0,1440,0,288,2,2,2,0,0,0
2020-05-31,2020,5,6,False,116,1324,20,268,2,2,2,0,5,0
2020-06-01,2020,6,0,True,1369,71,265,23,0,0,0,0,18,0
2020-06-02,2020,6,1,True,1358,82,264,24,0,0,0,0,44,0
2020-06-03,2020,6,2,True,1366,74,264,24,0,0,0,0,19,0
2020-06-04,2020,6,3,True,1369,71,268,20,0,0,0,0,15,0
2020-06-05,2020,6,4,True,1257,183,249,39,0,0,1,0,7,0
2020-06-06,2020,6,5,False,0,1440,0,288,2,2,2,0,0,0
2020-06-07,2020,6,6,False,120,1320,24,264,2,2,1,0,2,0
2020-06-08,2020,6,0,True,1378,62,274,14,0,0,0,0,11,0
2020-06-09,2020,6,1,True,1376,64,272,16,0,0,0,0,7,0
2020-06-10,2020,6,2,True,1375,65,271,17,0,0,0,0,10,0
2020-06-11,2020,6,3,True,1378,62,274,14,0,0,0,0,9,0
2020-06-12,2020,6,4,True,1256,184,248,40,0,0,1,0,7,0
2020-06-13,2020,6,5,False,0,1440,0,288,2,2,2,0,0,0
2020-06-14,2020,6,6,False,119,1321,23,265,2,2,1,0,1,0
2020-06-15,2020,6,0,True,1368,72,268,20,0,0,0,0,17,0
2020-06-16,2020,6,1,True,1371,69,269,19,0,0,0,0,7,0
2020-06-17,2020,6,2,True,1371,69,268,20,0,0,0,0,18,0
2020-06-18,2020,6,3,True,1359,81,260,28,0,0,0,0,31,0
2020-06-19,2020,6,4,True,1251,189,245,43,0,0,1,0,22,0
2020-06-20,2020,6,5,False,0,1440,0,288,2,2,2,0,0,0
2020-06-21,2020,6,6,False,118,1322,22,266,2,2,1,0,0,0
2020-06-22,2020,6,0,True,1374,66,271,17,0,0,0,0,18,0
2020-06-23,2020,6,1,True,1378,62,274,14,0,0,0,0,8,0
2020-06-24,2020,6,2,True,1379,61,275,13,0,0,0,0,8,0
2020-06-25,2020,6,3,True,1367,73,266,22,0,0,0,0,20,0
2020-06-26,2020,6,4,True,1251,189,244,44,0,0,1,0,16,0
2020-06-27,2020,6,5,False,0,1440,0,288,2,2,2,0,0,0
2020-06-28,2020,6,6,False,116,1324,20,268,2,2,1,0,7,0
2020-06-29,2020,6,0,True,1363,77,262,26,0,0,0,0,26,0
2020-06-30,2020,6,1,True,1355,85,256,32,0,0,0,0,38,0
2020-07-01,2020,7,2,True,1374,66,271,17,0,0,0,0,29,0
2020-07-02,2020,7,3,True,1352,88,257,31,0,0,0,0,40,0
2020-07-03,2020,7,4,True,1002,438,187,101,0,0,1,0,26,0
2020-07-04,2020,7,5,False,0,1440,0,288,2,2,2,0,0,0
2020-07-05,2020,7,6,False,101,1339,13,275,2,2,1,0,19,0
2020-07-06,2020,7,0,True,1337,103,246,42,0,0,0,0,37,0
2020-07-07,2020,7,1,True,1358,82,258,30,0,0,0,0,41,0
2020-07-08,2020,7,2,True,1360,80,259,29,0,0,0,0,39,0
2020-07-09,2020,7,3,True,1354,86,257,31,0,0,0,0,44,0
2020-07-10,2020,7,4,True,1236,204,236,52,0,0,1,0,38,0
2020-07-11,2020,7,5,False,0,1440,0,288,2,2,2,0,0,0
2020-07-12,2020,7,6,False,115,1325,21,267,2,2,1,0,13,0
2020-07-13,2020,7,0,True,1356,84,257,31,0,0,0,0,51,0
2020-07-14,2020,7,1,True,1367,73,268,20,0,0,0,0,16,0
2020-07-15,2020,7,2,True,1353,87,256,32,0,0,0,0,56,0
2020-07-16,2020,7,3,True,1364,76,262,26,0,0,0,0,32,0
2020-07-17,2020,7,4,True,1238,202,232,56,0,0,1,0,30,0
2020-07-18,2020,7,5,False,0,1440,0,288,2,2,2,0,0,0
2020-07-19,2020,7,6,False,113,1327,19,269,2,2,2,0,6,0
2020-07-20,2020,7,0,True,1354,86,255,33,0,0,0,0,29,0
2020-07-21,2020,7,1,True,1375,65,272,16,0,0,0,0,18,0
2020-07-22,2020,7,2,True,1380,60,276,12,0,0,0,0,0,0
2020-07-23,2020,7,3,True,1378,62,274,14,0,0,0,0,7,0
2020-07-24,2020,7,4,True,1256,184,249,39,0,0,1,0,1,0
2020-07-25,2020,7,5,False,0,1440,0,288,2,2,2,0,0,0
2020-07-26,2020,7,6,False,120,1320,24,264,2,2,1,0,0,0
2020-07-27,2020,7,0,True,1380,60,276,12,0,0,0,0,0,0
2020-07-28,2020,7,1,True,1380,60,276,12,0,0,0,0,1,0
2020-07-29,2020,7,2,True,1380,60,276,12,0,0,0,0,2,0
2020-07-30,2020,7,3,True,1380,60,276,12,0,0,0,0,1,0
2020-07-31,2020,7,4,True,1260,180,252,36,0,0,1,0,0,0
2020-08-01,2020,8,5,False,0,1440,0,288,2,2,2,0,0,0
2020-08-02,2020,8,6,False,120,1320,24,264,2,2,1,0,1,0
2020-08-03,2020,8,0,True,1377,63,273,15,0,0,0,0,9,0
2020-08-04,2020,8,1,True,1378,62,274,14,0,0,0,0,8,0
2020-08-05,2020,8,2,True,1380,60,276,12,0,0,0,0,1,0
2020-08-06,2020,8,3,True,1380,60,276,12,0,0,0,0,0,0
2020-08-07,2020,8,4,True,1260,180,252,36,0,0,1,0,0,0
2020-08-08,2020,8,5,False,0,1440,0,288,2,2,2,0,0,0
2020-08-09,2020,8,6,False,120,1320,24,264,2,2,1,0,0,0
2020-08-10,2020,8,0,True,1380,60,276,12,0,0,0,0,2,0
2020-08-11,2020,8,1,True,1380,60,276,12,0,0,0,0,0,0
2020-08-12,2020,8,2,True,1380,60,276,12,0,0,0,0,0,0
2020-08-13,2020,8,3,True,1380,60,276,12,0,0,0,0,0,0
2020-08-14,2020,8,4,True,1260,180,252,36,0,0,1,0,0,0
2020-08-15,2020,8,5,False,0,1440,0,288,2,2,2,0,0,0
2020-08-16,2020,8,6,False,120,1320,24,264,2,2,1,0,0,0
2020-08-17,2020,8,0,True,1379,61,275,13,0,0,0,0,2,0
2020-08-18,2020,8,1,True,1379,61,275,13,0,0,0,0,0,0
2020-08-19,2020,8,2,True,1380,60,276,12,0,0,0,0,1,0
2020-08-20,2020,8,3,True,1379,61,275,13,0,0,0,0,4,0
2020-08-21,2020,8,4,True,1259,181,251,37,0,0,1,0,0,0
2020-08-22,2020,8,5,False,0,1440,0,288,2,2,2,0,0,0
2020-08-23,2020,8,6,False,120,1320,24,264,2,2,1,0,0,0
2020-08-24,2020,8,0,True,1380,60,276,12,0,0,0,0,5,0
2020-08-25,2020,8,1,True,1379,61,275,13,0,0,0,0,4,0
2020-08-26,2020,8,2,True,1379,61,275,13,0,0,0,0,1,0
2020-08-27,2020,8,3,True,1379,61,275,13,0,0,0,0,6,0
2020-08-28,2020,8,4,True,1260,180,252,36,0,0,1,0,0,0
2020-08-29,2020,8,5,False,0,1440,0,288,2,2,2,0,0,0
2020-08-30,2020,8,6,False,120,1320,24,264,2,2,1,0,0,0
2020-08-31,2020,8,0,True,1376,64,272,16,0,0,0,0,5,0
2020-09-01,2020,9,1,True,1379,61,275,13,0,0,0,0,1,0
2020-09-02,2020,9,2,True,1379,61,275,13,0,0,0,0,1,0
2020-09-03,2020,9,3,True,1380,60,276,12,0,0,0,0,6,0
2020-09-04,2020,9,4,True,1260,180,252,36,0,0,1,0,2,0
2020-09-05,2020,9,5,False,0,1440,0,288,2,2,2,0,0,0
2020-09-06,2020,9,6,False,119,1321,23,265,2,2,1,0,0,0
2020-09-07,2020,9,0,True,1137,303,225,63,0,0,0,0,7,0
2020-09-08,2020,9,1,True,1376,64,272,16,0,0,0,0,9,0
2020-09-09,2020,9,2,True,1374,66,273,15,0,0,0,0,10,0
2020-09-10,2020,9,3,True,1376,64,272,16,0,0,0,0,7,0
2020-09-11,2020,9,4,True,1258,182,250,38,0,0,1,0,2,0
2020-09-12,2020,9,5,False,0,1440,0,288,2,2,2,0,0,0
2020-09-13,2020,9,6,False,118,1322,22,266,2,2,1,0,2,0
2020-09-14,2020,9,0,True,1364,76,263,25,0,0,1,0,20,0
2020-09-15,2020,9,1,True,1377,63,273,15,0,0,0,0,15,0
2020-09-16,2020,9,2,True,1374,66,271,17,0,0,0,0,8,0
2020-09-17,2020,9,3,True,1373,67,270,18,0,0,0,0,17,0
2020-09-18,2020,9,4,True,1256,184,248,40,0,0,1,0,6,0
2020-09-19,2020,9,5,False,0,1440,0,288,2,2,2,0,0,0
2020-09-20,2020,9,6,False,120,1320,24,264,2,2,1,0,2,0
2020-09-21,2020,9,0,True,1378,62,274,14,0,0,0,0,6,0
2020-09-22,2020,9,1,True,1379,61,275,13,0,0,0,0,2,0
2020-09-23,2020,9,2,True,1380,60,276,12,0,0,0,0,1,0
2020-09-24,2020,9,3,True,1380,60,276,12,0,0,0,0,3,0
2020-09-25,2020,9,4,True,1260,180,252,36,0,0,1,0,1,0
2020-09-26,2020,9,5,False,0,1440,0,288,2,2,2,0,0,0
2020-09-27,2020,9,6,False,120,1320,24,264,2,2,1,0,1,0
2020-09-28,2020,9,0,True,1378,62,274,14,0,0,0,0,2,0
2020-09-29,2020,9,1,True,1369,71,269,19,0,0,0,0,16,0
2020-09-30,2020,9,2,True,1380,60,276,12,0,0,0,0,4,0
2020-10-01,2020,10,3,True,1372,68,269,19,0,0,0,0,9,0
2020-10-02,2020,10,4,True,1260,180,252,36,0,0,1,0,6,0
2020-10-03,2020,10,5,False,0,1440,0,288,2,2,2,0,0,0
2020-10-04,2020,10,6,False,120,1320,24,264,2,2,1,0,0,0
2020-10-05,2020,10,0,True,1374,66,271,17,0,0,0,0,14,0
2020-10-06,2020,10,1,True,1380,60,276,12,0,0,0,0,5,0
2020-10-07,2020,10,2,True,1375,65,271,17,0,0,0,0,5,0
2020-10-08,2020,10,3,True,1373,67,270,18,0,0,0,0,16,0
2020-10-09,2020,10,4,True,1260,180,252,36,0,0,1,0,2,0
2020-10-10,2020,10,5,False,0,1440,0,288,2,2,2,0,0,0
2020-10-11,2020,10,6,False,120,1320,24,264,2,2,1,0,0,0
2020-10-12,2020,10,0,True,1361,79,260,28,0,0,0,0,16,0
2020-10-13,2020,10,1,True,1380,60,276,12,0,0,0,0,4,0
2020-10-14,2020,10,2,True,1378,62,274,14,0,0,0,0,3,0
2020-10-15,2020,10,3,True,1365,75,264,24,0,0,0,0,18,0
2020-10-16,2020,10,4,True,1254,186,246,42,0,0,1,0,8,0
2020-10-17,2020,10,5,False,0,1440,0,288,2,2,2,0,0,0
2020-10-18,2020,10,6,False,119,1321,23,265,2,2,1,0,0,0
2020-10-19,2020,10,0,True,1373,67,270,18,0,0,0,0,19,0
2020-10-20,2020,10,1,True,1373,67,270,18,0,0,0,0,3,0
2020-10-21,2020,10,2,True,1373,67,269,19,0,0,0,0,13,0
2020-10-22,2020,10,3,True,1374,66,270,18,0,0,0,0,8,0
2020-10-23,2020,10,4,True,1259,181,251,37,0,0,1,0,6,0
2020-10-24,2020,10,5,False,0,1440,0,288,2,2,2,0,0,0
2020-10-25,2020,10,6,False,120,1320,24,264,2,2,1,0,0,0
2020-10-26,2020,10,0,True,1371,69,268,20,0,0,0,0,10,0
2020-10-27,2020,10,1,True,1370,70,267,21,0,0,0,0,13,0
2020-10-28,2020,10,2,True,1379,61,275,13,0,0,0,0,9,0
2020-10-29,2020,10,3,True,1378,62,274,14,0,0,0,0,4,0
2020-10-30,2020,10,4,True,1260,180,252,36,0,0,1,0,0,0
2020-10-31,2020,10,5,False,0,1440,0,288,2,2,2,0,0,0
2020-11-01,2020,11,6,False,60,1380,12,276,2,2,1,0,0,0
2020-11-02,2020,11,0,True,1372,68,270,18,0,0,0,0,15,0
2020-11-03,2020,11,1,True,1380,60,276,12,0,0,0,0,4,0
2020-11-04,2020,11,2,True,1380,60,276,12,0,0,0,0,2,0
2020-11-05,2020,11,3,True,1380,60,276,12,0,0,0,0,0,0
2020-11-06,2020,11,4,True,1319,121,263,25,0,0,1,0,2,0
2020-11-07,2020,11,5,False,0,1440,0,288,2,2,2,0,0,0
2020-11-08,2020,11,6,False,60,1380,12,276,2,2,1,0,1,0
2020-11-09,2020,11,0,True,1380,60,276,12,0,0,0,0,1,0
2020-11-10,2020,11,1,True,1380,60,276,12,0,0,0,0,1,0
2020-11-11,2020,11,2,True,1377,63,273,15,0,0,0,0,2,0
2020-11-12,2020,11,3,True,1379,61,275,13,0,0,0,0,5,0
2020-11-13,2020,11,4,True,1319,121,263,25,0,0,1,0,5,0
2020-11-14,2020,11,5,False,0,1440,0,288,2,2,2,0,0,0
2020-11-15,2020,11,6,False,60,1380,12,276,2,2,1,0,0,0
2020-11-16,2020,11,0,True,1375,65,272,16,0,0,0,0,9,0
2020-11-17,2020,11,1,True,1376,64,272,16,0,0,0,0,4,0
2020-11-18,2020,11,2,True,1376,64,273,15,0,0,0,0,5,0
2020-11-19,2020,11,3,True,1379,61,275,13,0,0,0,0,4,0
2020-11-20,2020,11,4,True,1317,123,262,26,0,0,1,0,7,0
2020-11-21,2020,11,5,False,0,1440,0,288,2,2,2,0,0,0
2020-11-22,2020,11,6,False,60,1380,12,276,2,2,1,0,2,0
2020-11-23,2020,11,0,True,1379,61,275,13,0,0,0,0,16,0
2020-11-24,2020,11,1,True,1377,63,273,15,0,0,0,0,6,0
2020-11-25,2020,11,2,True,1379,61,275,13,0,0,0,0,8,0
2020-11-26,2020,11,3,True,1131,309,220,68,0,0,0,0,27,0
2020-11-27,2020,11,4,True,1124,316,224,64,0,0,1,0,7,0
2020-11-28,2020,11,5,False,0,1440,0,288,2,2,2,0,0,0
2020-11-29,2020,11,6,False,60,1380,12,276,2,2,1,0,2,0
2020-11-30,2020,11,0,True,1377,63,273,15,0,0,0,0,4,0
2020-12-01,2020,12,1,True,1376,64,272,16,0,0,0,0,10,0
2020-12-02,2020,12,2,True,1376,64,272,16,0,0,0,0,6,0
2020-12-03,2020,12,3,True,1376,64,273,15,0,0,0,0,9,0
2020-12-04,2020,12,4,True,1318,122,262,26,0,0,1,0,15,0
2020-12-05,2020,12,5,False,0,1440,0,288,2,2,2,0,0,0
2020-12-06,2020,12,6,False,60,1380,12,276,2,2,1,0,0,0
2020-12-07,2020,12,0,True,1376,64,270,18,0,0,0,0,6,0
2020-12-08,2020,12,1,True,1360,80,264,24,0,0,0,0,12,0
2020-12-09,2020,12,2,True,1380,60,276,12,0,0,0,0,7,0
2020-12-10,2020,12,3,True,1380,60,276,12,0,0,0,0,4,0
2020-12-11,2020,12,4,True,1316,124,261,27,0,0,1,0,13,0
2020-12-12,2020,12,5,False,0,1440,0,288,2,2,2,0,0,0
2020-12-13,2020,12,6,False,56,1384,9,279,2,2,1,0,3,0
2020-12-14,2020,12,0,True,1375,65,272,16,0,0,0,0,10,0
2020-12-15,2020,12,1,True,1371,69,268,20,0,0,0,0,14,0
2020-12-16,2020,12,2,True,1376,64,273,15,0,0,0,0,5,0
2020-12-17,2020,12,3,True,1377,63,273,15,0,0,0,0,2,0
2020-12-18,2020,12,4,True,1318,122,262,26,0,0,1,0,5,0
2020-12-19,2020,12,5,False,0,1440,0,288,2,2,2,0,0,0
2020-12-20,2020,12,6,False,60,1380,12,276,2,2,1,0,0,0
2020-12-21,2020,12,0,True,1378,62,274,14,0,0,0,0,3,0
2020-12-22,2020,12,1,True,1379,61,275,13,0,0,0,0,7,0
2020-12-23,2020,12,2,True,1369,71,267,21,0,0,0,0,11,0
2020-12-24,2020,12,3,True,1122,318,222,66,0,0,1,0,2,0
2020-12-25,2020,12,4,True,0,1440,0,288,2,2,2,0,0,0
2020-12-26,2020,12,5,False,0,1440,0,288,2,2,2,0,0,0
2020-12-27,2020,12,6,False,59,1381,11,277,2,2,1,0,0,0
2020-12-28,2020,12,0,True,1380,60,276,12,0,0,0,0,4,0
2020-12-29,2020,12,1,True,1376,64,272,16,0,0,0,0,8,0
2020-12-30,2020,12,2,True,1375,65,271,17,0,0,0,0,8,0
2020-12-31,2020,12,3,True,1316,124,260,28,0,0,1,0,10,0
2021-01-01,2021,1,4,True,0,1440,0,288,2,2,2,0,0,0
2021-01-02,2021,1,5,False,0,1440,0,288,2,2,2,0,0,0
2021-01-03,2021,1,6,False,60,1380,12,276,2,2,1,0,0,0
2021-01-04,2021,1,0,True,1378,62,274,14,0,0,0,0,2,0
2021-01-05,2021,1,1,True,1380,60,276,12,0,0,0,0,2,0
2021-01-06,2021,1,2,True,1380,60,276,12,0,0,0,0,1,0
2021-01-07,2021,1,3,True,1380,60,276,12,0,0,0,0,1,0
2021-01-08,2021,1,4,True,1319,121,263,25,0,0,1,0,0,0
2021-01-09,2021,1,5,False,0,1440,0,288,2,2,2,0,0,0
2021-01-10,2021,1,6,False,60,1380,12,276,2,2,1,0,0,0
2021-01-11,2021,1,0,True,1380,60,276,12,0,0,0,0,2,0
2021-01-12,2021,1,1,True,1378,62,274,14,0,0,0,0,4,0
2021-01-13,2021,1,2,True,1379,61,275,13,0,0,0,0,0,0
2021-01-14,2021,1,3,True,1378,62,274,14,0,0,0,0,3,0
2021-01-15,2021,1,4,True,1319,121,263,25,0,0,1,0,1,0
2021-01-16,2021,1,5,False,0,1440,0,288,2,2,2,0,0,0
2021-01-17,2021,1,6,False,60,1380,12,276,2,2,1,0,0,0
2021-01-18,2021,1,0,True,1140,300,228,60,0,0,0,0,2,0
2021-01-19,2021,1,1,True,1380,60,276,12,0,0,0,0,2,0
2021-01-20,2021,1,2,True,1380,60,276,12,0,0,0,0,5,0
2021-01-21,2021,1,3,True,1380,60,276,12,0,0,0,0,4,0
2021-01-22,2021,1,4,True,1320,120,264,24,0,0,1,0,2,0
2021-01-23,2021,1,5,False,0,1440,0,288,2,2,2,0,0,0
2021-01-24,2021,1,6,False,60,1380,12,276,2,2,1,0,0,0
2021-01-25,2021,1,0,True,1376,64,272,16,0,0,0,0,1,0
2021-01-26,2021,1,1,True,1378,62,274,14,0,0,0,0,1,0
2021-01-27,2021,1,2,True,1379,61,275,13,0,0,0,0,3,0
2021-01-28,2021,1,3,True,1380,60,276,12,0,0,0,0,0,0
2021-01-29,2021,1,4,True,1314,126,262,26,0,0,1,0,0,0
2021-01-30,2021,1,5,False,0,1440,0,288,2,2,2,0,0,0
2021-01-31,2021,1,6,False,60,1380,12,276,2,2,1,0,0,0
2021-02-01,2021,2,0,True,1380,60,276,12,0,0,0,0,0,0
2021-02-02,2021,2,1,True,1379,61,275,13,0,0,0,0,0,0
2021-02-03,2021,2,2,True,1377,63,273,15,0,0,0,0,2,0
2021-02-04,2021,2,3,True,1380,60,276,12,0,0,0,0,0,0
2021-02-05,2021,2,4,True,1320,120,264,24,0,0,1,0,1,0
2021-02-06,2021,2,5,False,0,1440,0,288,2,2,2,0,0,0
2021-02-07,2021,2,6,False,60,1380,12,276,2,2,1,0,0,0
2021-02-08,2021,2,0,True,1377,63,273,15,0,0,0,0,2,0
2021-02-09,2021,2,1,True,1378,62,274,14,0,0,0,0,3,0
2021-02-10,2021,2,2,True,1380,60,276,12,0,0,0,0,5,0
2021-02-11,2021,2,3,True,1379,61,275,13,0,0,0,0,4,0
2021-02-12,2021,2,4,True,1317,123,261,27,0,0,1,0,8,0
2021-02-13,2021,2,5,False,0,1440,0,288,2,2,2,0,0,0
2021-02-14,2021,2,6,False,60,1380,12,276,2,2,1,0,0,0
2021-02-15,2021,2,0,True,1138,302,226,62,0,0,0,0,3,0
2021-02-16,2021,2,1,True,1380,60,276,12,0,0,0,0,0,0
2021-02-17,2021,2,2,True,1380,60,276,12,0,0,0,0,1,0
2021-02-18,2021,2,3,True,1378,62,274,14,0,0,0,0,1,0
2021-02-19,2021,2,4,True,1319,121,263,25,0,0,1,0,5,0
2021-02-20,2021,2,5,False,0,1440,0,288,2,2,2,0,0,0
2021-02-21,2021,2,6,False,60,1380,12,276,2,2,1,0,0,0
2021-02-22,2021,2,0,True,1380,60,276,12,0,0,0,0,2,0
2021-02-23,2021,2,1,True,1378,62,274,14,0,0,0,0,4,0
2021-02-24,2021,2,2,True,1379,61,275,13,0,0,0,0,4,0
2021-02-25,2021,2,3,True,1380,60,276,12,0,0,0,0,0,0
2021-02-26,2021,2,4,True,1320,120,264,24,0,0,1,0,0,0
2021-02-27,2021,2,5,False,0,1440,0,288,2,2,2,0,0,0
2021-02-28,2021,2,6,False,60,1380,12,276,2,2,1,0,0,0
2021-03-01,2021,3,0,True,1380,60,276,12,0,0,0,0,0,0
2021-03-02,2021,3,1,True,1380,60,276,12,0,0,0,0,2,0
2021-03-03,2021,3,2,True,1379,61,275,13,0,0,0,0,3,0
2021-03-04,2021,3,3,True,1380,60,276,12,0,0,0,0,0,0
2021-03-05,2021,3,4,True,1319,121,263,25,0,0,1,0,1,0
2021-03-06,2021,3,5,False,0,1440,0,288,2,2,2,0,0,0
2021-03-07,2021,3,6,False,59,1381,11,277,2,2,1,0,0,0
2021-03-08,2021,3,0,True,1379,61,275,13,0,0,0,0,5,0
2021-03-09,2021,3,1,True,1380,60,276,12,0,0,0,0,1,0
2021-03-10,2021,3,2,True,1374,66,272,16,0,0,0,0,9,0
2021-03-11,2021,3,3,True,1379,61,275,13,0,0,0,0,1,0
2021-03-12,2021,3,4,True,1319,121,263,25,0,0,1,0,1,0
2021-03-13,2021,3,5,False,0,1440,0,288,2,2,2,0,0,0
2021-03-14,2021,3,6,False,120,1320,24,264,2,2,1,0,0,0
2021-03-15,2021,3,0,True,1377,63,273,15,0,0,0,0,15,0
2021-03-16,2021,3,1,True,1374,66,270,18,0,0,0,0,5,0
2021-03-17,2021,3,2,True,1378,62,274,14,0,0,0,0,3,0
2021-03-18,2021,3,3,True,1380,60,276,12,0,0,0,0,2,0
2021-03-19,2021,3,4,True,1259,181,251,37,0,0,1,0,0,0
2021-03-20,2021,3,5,False,0,1440,0,288,2,2,2,0,0,0
2021-03-21,2021,3,6,False,120,1320,24,264,2,2,1,0,0,0
2021-03-22,2021,3,0,True,1371,69,267,21,0,0,0,0,8,0
2021-03-23,2021,3,1,True,1377,63,273,15,0,0,0,0,4,0
2021-03-24,2021,3,2,True,1373,67,269,19,0,0,0,0,9,0
2021-03-25,2021,3,3,True,1379,61,275,13,0,0,0,0,3,0
2021-03-26,2021,3,4,True,1259,181,251,37,0,0,1,0,2,0
2021-03-27,2021,3,5,False,0,1440,0,288,2,2,2,0,0,0
2021-03-28,2021,3,6,False,119,1321,23,265,2,2,1,0,1,0
2021-03-29,2021,3,0,True,1376,64,272,16,0,0,0,0,6,0
2021-03-30,2021,3,1,True,1379,61,275,13,0,0,0,0,1,0
2021-03-31,2021,3,2,True,1379,61,275,13,0,0,0,0,0,0
2021-04-01,2021,4,3,True,1257,183,249,39,0,0,1,0,2,0
2021-04-02,2021,4,4,True,0,1440,0,288,2,2,2,0,0,0
2021-04-03,2021,4,5,False,0,1440,0,288,2,2,2,0,0,0
2021-04-04,2021,4,6,False,120,1320,24,264,2,2,1,0,1,0
2021-04-05,2021,4,0,True,1371,69,268,20,0,0,0,0,17,0
2021-04-06,2021,4,1,True,1374,66,271,17,0,0,0,0,16,0
2021-04-07,2021,4,2,True,1373,67,269,19,0,0,0,0,7,0
2021-04-08,2021,4,3,True,1373,67,270,18,0,0,0,0,13,0
2021-04-09,2021,4,4,True,1257,183,249,39,0,0,1,0,5,0
2021-04-10,2021,4,5,False,0,1440,0,288,2,2,2,0,0,0
2021-04-11,2021,4,6,False,119,1321,23,265,2,2,1,0,3,0
2021-04-12,2021,4,0,True,1376,64,272,16,0,0,0,0,11,0
2021-04-13,2021,4,1,True,1375,65,271,17,0,0,0,0,8,0
2021-04-14,2021,4,2,True,1371,69,269,19,0,0,0,0,15,0
2021-04-15,2021,4,3,True,1377,63,273,15,0,0,0,0,6,0
2021-04-16,2021,4,4,True,1259,181,251,37,0,0,1,0,5,0
2021-04-17,2021,4,5,False,0,1440,0,288,2,2,2,0,0,0
2021-04-18,2021,4,6,False,120,1320,24,264,2,2,1,0,2,0
2021-04-19,2021,4,0,True,1372,68,268,20,0,0,0,0,7,0
2021-04-20,2021,4,1,True,1368,72,265,23,0,0,0,0,11,0
2021-04-21,2021,4,2,True,1369,71,267,21,0,0,0,0,11,0
2021-04-22,2021,4,3,True,1372,68,269,19,0,0,0,0,12,0
2021-04-23,2021,4,4,True,1255,185,249,39,0,0,1,0,8,0
2021-04-24,2021,4,5,False,0,1440,0,288,2,2,2,0,0,0
2021-04-25,2021,4,6,False,119,1321,23,265,2,2,1,0,2,0
2021-04-26,2021,4,0,True,1370,70,268,20,0,0,0,0,18,0
2021-04-27,2021,4,1,True,1358,82,259,29,0,0,0,0,17,0
2021-04-28,2021,4,2,True,1376,64,272,16,0,0,0,0,4,0
2021-04-29,2021,4,3,True,1364,76,267,21,0,0,0,0,12,0
2021-04-30,2021,4,4,True,1256,184,248,40,0,0,1,0,6,0
2021-05-01,2021,5,5,False,0,1440,0,288,2,2,2,0,0,0
2021-05-02,2021,5,6,False,110,1330,18,270,2,2,1,0,18,0
2021-05-03,2021,5,0,True,1365,75,262,26,0,0,0,0,25,0
2021-05-04,2021,5,1,True,1362,78,270,18,0,0,0,0,10,0
2021-05-05,2021,5,2,True,1375,65,271,17,0,0,0,0,10,0
2021-05-06,2021,5,3,True,1375,65,271,17,0,0,0,0,12,0
2021-05-07,2021,5,4,True,1258,182,250,38,0,0,1,0,4,0
2021-05-08,2021,5,5,False,0,1440,0,288,2,2,2,0,0,0
2021-05-09,2021,5,6,False,120,1320,24,264,2,2,1,0,1,0
2021-05-10,2021,5,0,True,1379,61,275,13,0,0,0,0,0,0
2021-05-11,2021,5,1,True,1376,64,272,16,0,0,0,0,9,0
2021-05-12,2021,5,2,True,1379,61,275,13,0,0,0,0,3,0
2021-05-13,2021,5,3,True,1378,62,274,14,0,0,0,0,5,0
2021-05-14,2021,5,4,True,1257,183,249,39,0,0,1,0,9,0
2021-05-15,2021,5,5,False,0,1440,0,288,2,2,2,0,0,0
2021-05-16,2021,5,6,False,117,1323,22,266,2,2,1,0,4,0
2021-05-17,2021,5,0,True,1365,75,263,25,0,0,0,0,22,0
2021-05-18,2021,5,1,True,1356,84,256,32,0,0,0,0,20,0
2021-05-19,2021,5,2,True,1378,62,274,14,0,0,0,0,5,0
2021-05-20,2021,5,3,True,1376,64,272,16,0,0,0,0,22,0
2021-05-21,2021,5,4,True,1256,184,249,39,0,0,1,0,3,0
2021-05-22,2021,5,5,False,0,1440,0,288,2,2,2,0,0,0
2021-05-23,2021,5,6,False,120,1320,24,264,2,2,1,0,1,0
2021-05-24,2021,5,0,True,1363,77,261,27,0,0,0,0,17,0
2021-05-25,2021,5,1,True,1375,65,272,16,0,0,0,0,12,0
2021-05-26,2021,5,2,True,1373,67,270,18,0,0,0,0,4,0
2021-05-27,2021,5,3,True,1369,71,267,21,0,0,0,0,13,0
2021-05-28,2021,5,4,True,1259,181,251,37,0,0,1,0,5,0
2021-05-29,2021,5,5,False,0,1440,0,288,2,2,2,0,0,0
2021-05-30,2021,5,6,False,116,1324,21,267,2,2,1,0,8,0
2021-05-31,2021,5,0,True,1133,307,222,66,0,0,0,0,11,0
2021-06-01,2021,6,1,True,1361,79,261,27,0,0,0,0,33,0
2021-06-02,2021,6,2,True,1355,85,260,28,0,0,0,0,47,0
2021-06-03,2021,6,3,True,1358,82,257,31,0,0,0,0,23,0
2021-06-04,2021,6,4,True,1251,189,246,42,0,0,1,0,7,0
2021-06-05,2021,6,5,False,0,1440,0,288,2,2,2,0,0,0
2021-06-06,2021,6,6,False,107,1333,17,271,2,2,1,0,12,0
2021-06-07,2021,6,0,True,1357,83,258,30,0,0,0,0,25,0
2021-06-08,2021,6,1,True,1361,79,261,27,0,0,0,0,25,0
2021-06-09,2021,6,2,True,1327,113,243,45,0,0,0,0,36,0
2021-06-10,2021,6,3,True,1357,83,262,26,0,0,0,0,17,0
2021-06-11,2021,6,4,True,1252,188,244,44,0,0,1,0,8,0
2021-06-12,2021,6,5,False,0,1440,0,288,2,2,2,0,0,0
2021-06-13,2021,6,6,False,117,1323,21,267,2,2,1,0,0,0
2021-06-14,2021,6,0,True,1363,77,262,26,0,0,0,0,23,0
2021-06-15,2021,6,1,True,1377,63,273,15,0,0,0,0,14,0
2021-06-16,2021,6,2,True,1377,63,273,15,0,0,0,0,6,0
2021-06-17,2021,6,3,True,1378,62,274,14,0,0,0,0,6,0
2021-06-18,2021,6,4,True,1260,180,252,36,0,0,1,0,0,0
2021-06-19,2021,6,5,False,0,1440,0,288,2,2,2,0,0,0
2021-06-20,2021,6,6,False,120,1320,24,264,2,2,1,0,0,0
2021-06-21,2021,6,0,True,1374,66,272,16,0,0,0,0,4,0
2021-06-22,2021,6,1,True,1377,63,274,14,0,0,0,0,10,0
2021-06-23,2021,6,2,True,1378,62,275,13,0,0,0,0,6,0
2021-06-24,2021,6,3,True,1369,71,265,23,0,0,0,0,18,0
2021-06-25,2021,6,4,True,1253,187,246,42,0,0,1,0,8,0
2021-06-26,2021,6,5,False,0,1440,0,288,2,2,2,0,0,0
2021-06-27,2021,6,6,False,119,1321,23,265,2,2,1,0,5,0
2021-06-28,2021,6,0,True,1349,91,256,32,0,0,0,0,26,0
2021-06-29,2021,6,1,True,1352,88,256,32,0,0,0,0,19,0
2021-06-30,2021,6,2,True,1362,78,262,26,0,0,1,0,27,0
2021-07-01,2021,7,3,True,1363,77,262,26,0,0,0,0,14,0
2021-07-02,2021,7,4,True,1251,189,243,45,0,0,1,0,15,0
2021-07-03,2021,7,5,False,0,1440,0,288,2,2,2,0,0,0
2021-07-04,2021,7,6,False,111,1329,17,271,2,2,1,0,9,0
2021-07-05,2021,7,0,True,1131,309,219,69,0,0,0,0,19,0
2021-07-06,2021,7,1,True,1373,67,269,19,0,0,0,0,11,0
2021-07-07,2021,7,2,True,1370,70,266,22,0,0,0,0,18,0
2021-07-08,2021,7,3,True,1368,72,265,23,0,0,0,0,11,0
2021-07-09,2021,7,4,True,1255,185,247,41,0,0,1,0,9,0
2021-07-10,2021,7,5,False,0,1440,0,288,2,2,2,0,0,0
2021-07-11,2021,7,6,False,116,1324,20,268,2,2,1,0,6,0
2021-07-12,2021,7,0,True,1364,76,263,25,0,0,0,0,32,0
2021-07-13,2021,7,1,True,1368,72,266,22,0,0,0,0,24,0
2021-07-14,2021,7,2,True,1370,70,269,19,0,0,0,0,25,0
2021-07-15,2021,7,3,True,1376,64,272,16,0,0,0,0,13,0
2021-07-16,2021,7,4,True,1255,185,247,41,0,0,1,0,8,0
2021-07-17,2021,7,5,False,0,1440,0,288,2,2,2,0,0,0
2021-07-18,2021,7,6,False,119,1321,23,265,2,2,1,0,4,0
2021-07-19,2021,7,0,True,1359,81,261,27,0,0,0,0,22,0
2021-07-20,2021,7,1,True,1366,74,267,21,0,0,0,0,16,0
2021-07-21,2021,7,2,True,1359,81,260,28,0,0,0,0,22,0
2021-07-22,2021,7,3,True,1357,83,261,27,0,0,0,0,32,0
2021-07-23,2021,7,4,True,1255,185,247,41,0,0,1,0,22,0
2021-07-24,2021,7,5,False,0,1440,0,288,2,2,2,0,0,0
2021-07-25,2021,7,6,False,112,1328,17,271,2,2,1,0,7,0
2021-07-26,2021,7,0,True,1359,81,261,27,0,0,0,0,15,0
2021-07-27,2021,7,1,True,1364,76,262,26,0,0,0,0,25,0
2021-07-28,2021,7,2,True,1371,69,269,19,0,0,0,0,19,0
2021-07-29,2021,7,3,True,1368,72,267,21,0,0,0,0,17,0
2021-07-30,2021,7,4,True,1251,189,244,44,0,0,1,0,15,0
2021-07-31,2021,7,5,False,0,1440,0,288,2,2,2,0,0,0
2021-08-01,2021,8,6,False,119,1321,23,265,2,2,1,0,5,0
2021-08-02,2021,8,0,True,1365,75,264,24,0,0,0,0,18,0
2021-08-03,2021,8,1,True,1314,126,244,44,0,0,0,0,38,0
2021-08-04,2021,8,2,True,1352,88,256,32,0,0,0,0,37,0
2021-08-05,2021,8,3,True,1318,122,247,41,0,0,0,0,50,0
2021-08-06,2021,8,4,True,1248,192,242,46,0,0,1,0,11,0
2021-08-07,2021,8,5,False,0,1440,0,288,2,2,2,0,0,0
2021-08-08,2021,8,6,False,120,1320,24,264,2,2,1,0,1,0
2021-08-09,2021,8,0,True,1378,62,274,14,0,0,0,0,8,0
2021-08-10,2021,8,1,True,1368,72,265,23,0,0,0,0,18,0
2021-08-11,2021,8,2,True,1367,73,265,23,0,0,0,0,15,0
2021-08-12,2021,8,3,True,1363,77,264,24,0,0,0,0,25,0
2021-08-13,2021,8,4,True,1252,188,245,43,0,0,1,0,10,0
2021-08-14,2021,8,5,False,0,1440,0,288,2,2,2,0,0,0
2021-08-15,2021,8,6,False,112,1328,17,271,2,2,1,0,2,0
2021-08-16,2021,8,0,True,1372,68,268,20,0,0,0,0,23,0
2021-08-17,2021,8,1,True,1371,69,268,20,0,0,0,0,17,0
2021-08-18,2021,8,2,True,1378,62,274,14,0,0,0,0,4,0
2021-08-19,2021,8,3,True,1371,69,269,19,0,0,0,0,14,0
2021-08-20,2021,8,4,True,1258,182,250,38,0,0,1,0,8,0
2021-08-21,2021,8,5,False,0,1440,0,288,2,2,2,0,0,0
2021-08-22,2021,8,6,False,119,1321,23,265,2,2,1,0,1,0
2021-08-23,2021,8,0,True,1366,74,265,23,0,0,0,0,25,0
2021-08-24,2021,8,1,True,1336,104,247,41,0,0,0,0,42,0
2021-08-25,2021,8,2,True,1353,87,256,32,0,0,0,0,23,0
2021-08-26,2021,8,3,True,1358,82,259,29,0,0,0,0,9,0
2021-08-27,2021,8,4,True,1256,184,248,40,0,0,1,0,10,0
2021-08-28,2021,8,5,False,0,1440,0,288,2,2,2,0,0,0
2021-08-29,2021,8,6,False,114,1326,20,268,2,2,2,0,7,0
2021-08-30,2021,8,0,True,1365,75,264,24,0,0,0,0,29,0
2021-08-31,2021,8,1,True,1364,76,263,25,0,0,0,0,35,0
2021-09-01,2021,9,2,True,1349,91,253,35,0,0,0,0,58,0
2021-09-02,2021,9,3,True,1331,109,240,48,0,0,1,0,44,0
2021-09-03,2021,9,4,True,1248,192,241,47,0,0,1,0,18,0
2021-09-04,2021,9,5,False,0,1440,0,288,2,2,2,0,0,0
2021-09-05,2021,9,6,False,115,1325,19,269,2,2,1,0,1,0
2021-09-06,2021,9,0,True,1117,323,210,78,0,0,0,0,29,0
2021-09-07,2021,9,1,True,1359,81,259,29,0,0,0,0,24,0
2021-09-08,2021,9,2,True,1370,70,267,21,0,0,0,0,21,0
2021-09-09,2021,9,3,True,1373,67,270,18,0,0,0,0,8,0
2021-09-10,2021,9,4,True,1257,183,250,38,0,0,1,0,8,0
2021-09-11,2021,9,5,False,0,1440,0,288,2,2,2,0,0,0
2021-09-12,2021,9,6,False,115,1325,21,267,2,2,1,0,2,0
2021-09-13,2021,9,0,True,1352,88,256,32,0,0,0,0,34,0
2021-09-14,2021,9,1,True,1360,80,259,29,0,0,1,0,26,0
2021-09-15,2021,9,2,True,1362,78,262,26,0,0,0,0,18,0
2021-09-16,2021,9,3,True,1370,70,267,21,0,0,0,0,15,0
2021-09-17,2021,9,4,True,1253,187,246,42,0,0,1,0,15,0
2021-09-18,2021,9,5,False,0,1440,0,288,2,2,2,0,0,0
2021-09-19,2021,9,6,False,120,1320,24,264,2,2,1,0,0,0
2021-09-20,2021,9,0,True,1361,79,260,28,0,0,0,0,22,0
2021-09-21,2021,9,1,True,1355,85,254,34,0,0,0,0,26,0
2021-09-22,2021,9,2,True,1376,64,273,15,0,0,0,0,7,0
2021-09-23,2021,9,3,True,1368,72,264,24,0,0,0,0,15,0
2021-09-24,2021,9,4,True,1254,186,248,40,0,0,1,0,14,0
2021-09-25,2021,9,5,False,0,1440,0,288,2,2,2,0,0,0
2021-09-26,2021,9,6,False,116,1324,20,268,2,2,1,0,6,0
2021-09-27,2021,9,0,True,1349,91,254,34,0,0,0,0,36,0
2021-09-28,2021,9,1,True,1363,77,262,26,0,0,1,0,33,0
2021-09-29,2021,9,2,True,1364,76,266,22,0,0,0,0,27,0
2021-09-30,2021,9,3,True,1367,73,266,22,0,0,0,0,8,0
2021-10-01,2021,10,4,True,1248,192,244,44,0,0,1,0,7,0
2021-10-02,2021,10,5,False,0,1440,0,288,2,2,2,0,0,0
2021-10-03,2021,10,6,False,119,1321,23,265,2,2,1,0,3,0
2021-10-04,2021,10,0,True,1365,75,264,24,0,0,0,0,13,0
2021-10-05,2021,10,1,True,1348,92,252,36,0,0,0,0,25,0
2021-10-06,2021,10,2,True,1364,76,262,26,0,0,0,0,24,0
2021-10-07,2021,10,3,True,1361,79,261,27,0,0,1,0,42,0
2021-10-08,2021,10,4,True,1256,184,248,40,0,0,1,0,6,0
2021-10-09,2021,10,5,False,0,1440,0,288,2,2,2,0,0,0
2021-10-10,2021,10,6,False,119,1321,23,265,2,2,1,0,0,0
2021-10-11,2021,10,0,True,1364,76,263,25,0,0,0,0,34,0
2021-10-12,2021,10,1,True,1359,81,260,28,0,0,0,0,34,0
2021-10-13,2021,10,2,True,1363,77,261,27,0,0,0,0,17,0
2021-10-14,2021,10,3,True,1348,92,255,33,0,0,0,0,29,0
2021-10-15,2021,10,4,True,1248,192,243,45,0,0,1,0,12,0
2021-10-16,2021,10,5,False,0,1440,0,288,2,2,2,0,0,0
2021-10-17,2021,10,6,False,120,1320,24,264,2,2,1,0,0,0
2021-10-18,2021,10,0,True,1335,105,249,39,0,0,0,0,27,0
2021-10-19,2021,10,1,True,1348,92,251,37,0,0,0,0,25,0
2021-10-20,2021,10,2,True,1363,77,265,23,0,0,0,0,16,0
2021-10-21,2021,10,3,True,1355,85,261,27,0,0,0,0,15,0
2021-10-22,2021,10,4,True,1252,188,245,43,0,0,1,0,7,0
2021-10-23,2021,10,5,False,0,1440,0,288,2,2,2,0,0,0
2021-10-24,2021,10,6,False,117,1323,21,267,2,2,1,0,3,0
2021-10-25,2021,10,0,True,1344,96,256,32,0,0,0,0,31,0
2021-10-26,2021,10,1,True,1355,85,256,32,0,0,0,0,25,0
2021-10-27,2021,10,2,True,1372,68,268,20,0,0,0,0,25,0
2021-10-28,2021,10,3,True,1373,67,270,18,0,0,0,0,10,0
2021-10-29,2021,10,4,True,1260,180,252,36,0,0,1,0,5,0
2021-10-30,2021,10,5,False,0,1440,0,288,2,2,2,0,0,0
2021-10-31,2021,10,6,False,119,1321,23,265,2,2,1,0,3,0
2021-11-01,2021,11,0,True,1366,74,264,24,0,0,0,0,30,0
2021-11-02,2021,11,1,True,1355,85,256,32,0,0,0,0,28,0
2021-11-03,2021,11,2,True,1376,64,272,16,0,0,0,0,16,0
2021-11-04,2021,11,3,True,1367,73,265,23,0,0,0,0,17,0
2021-11-05,2021,11,4,True,1259,181,251,37,0,0,1,0,5,0
2021-11-06,2021,11,5,False,0,1440,0,288,2,2,2,0,0,0
2021-11-07,2021,11,6,False,60,1380,12,276,2,2,1,0,0,0
2021-11-08,2021,11,0,True,1373,67,269,19,0,0,0,0,15,0
2021-11-09,2021,11,1,True,1372,68,269,19,0,0,0,0,15,0
2021-11-10,2021,11,2,True,1372,68,268,20,0,0,0,0,14,0
2021-11-11,2021,11,3,True,1367,73,265,23,0,0,0,0,19,0
2021-11-12,2021,11,4,True,1314,126,258,30,0,0,1,0,9,0
2021-11-13,2021,11,5,False,0,1440,0,288,2,2,2,0,0,0
2021-11-14,2021,11,6,False,59,1381,11,277,2,2,1,0,1,0
2021-11-15,2021,11,0,True,1380,60,276,12,0,0,0,0,9,0
2021-11-16,2021,11,1,True,1377,63,273,15,0,0,0,0,3,0
2021-11-17,2021,11,2,True,1375,65,271,17,0,0,0,0,7,0
2021-11-18,2021,11,3,True,1376,64,272,16,0,0,0,0,9,0
2021-11-19,2021,11,4,True,1313,127,259,29,0,0,1,0,10,0
2021-11-20,2021,11,5,False,0,1440,0,288,2,2,2,0,0,0
2021-11-21,2021,11,6,False,0,1440,0,288,2,2,2,0,0,0
2021-11-22,2021,11,0,True,1373,67,272,16,1,0,1,0,4,0
2021-11-23,2021,11,1,True,1378,62,274,14,0,0,0,0,1,0
2021-11-24,2021,11,2,True,1374,66,271,17,0,0,0,0,13,0
2021-11-25,2021,11,3,True,1133,307,222,66,0,0,0,0,22,0
2021-11-26,2021,11,4,True,1125,315,225,63,0,0,1,0,1,0
2021-11-27,2021,11,5,False,0,1440,0,288,2,2,2,0,0,0
2021-11-28,2021,11,6,False,60,1380,12,276,2,2,1,0,0,0
2021-11-29,2021,11,0,True,1378,62,274,14,0,0,0,0,1,0
2021-11-30,2021,11,1,True,1375,65,273,15,0,0,0,0,2,0
2021-12-01,2021,12,2,True,1376,64,274,14,0,0,0,0,2,0
2021-12-02,2021,12,3,True,1373,67,271,17,0,0,0,0,2,0
2021-12-03,2021,12,4,True,1317,123,261,27,0,0,1,0,0,0
2021-12-04,2021,12,5,False,0,1440,0,288,2,2,2,0,0,0
2021-12-05,2021,12,6,False,57,1383,11,277,2,2,1,0,0,0
2021-12-06,2021,12,0,True,1369,71,269,19,0,0,0,0,7,0
2021-12-07,2021,12,1,True,1361,79,263,25,0,0,0,0,14,0
2021-12-08,2021,12,2,True,1365,75,264,24,0,0,0,0,19,0
2021-12-09,2021,12,3,True,1363,77,264,24,0,0,0,0,18,0
2021-12-10,2021,12,4,True,1310,130,254,34,0,0,1,0,24,0
2021-12-11,2021,12,5,False,0,1440,0,288,2,2,2,0,0,0
2021-12-12,2021,12,6,False,53,1387,9,279,2,2,1,0,2,0
2021-12-13,2021,12,0,True,1358,82,258,30,0,0,0,0,27,0
2021-12-14,2021,12,1,True,1348,92,256,32,0,0,0,0,20,0
2021-12-15,2021,12,2,True,1364,76,263,25,0,0,0,0,12,0
2021-12-16,2021,12,3,True,1370,70,269,19,0,0,0,0,17,0
2021-12-17,2021,12,4,True,1313,127,257,31,0,0,1,0,5,0
2021-12-18,2021,12,5,False,0,1440,0,288,2,2,2,0,0,0
2021-12-19,2021,12,6,False,55,1385,10,278,2,2,1,0,1,0
2021-12-20,2021,12,0,True,1358,82,260,28,0,0,0,0,16,0
2021-12-21,2021,12,1,True,1361,79,261,27,0,0,0,0,19,0
2021-12-22,2021,12,2,True,1343,97,250,38,0,0,0,0,31,0
2021-12-23,2021,12,3,True,1290,150,241,47,0,0,1,0,33,0
2021-12-24,2021,12,4,True,0,1440,0,288,2,2,2,0,0,0
2021-12-25,2021,12,5,False,0,1440,0,288,2,2,2,0,0,0
2021-12-26,2021,12,6,False,52,1388,7,281,2,2,1,0,4,0
2021-12-27,2021,12,0,True,1333,107,240,48,0,0,0,0,45,0
2021-12-28,2021,12,1,True,1340,100,246,42,0,0,0,0,45,0
2021-12-29,2021,12,2,True,1342,98,246,42,0,0,0,0,39,0
2021-12-30,2021,12,3,True,1358,82,259,29,0,0,0,0,32,0
2021-12-31,2021,12,4,True,1295,145,244,44,0,0,1,0,28,0
2022-01-01,2022,1,5,False,0,1440,0,288,2,2,2,0,0,0
2022-01-02,2022,1,6,False,55,1385,9,279,2,2,1,0,1,0
2022-01-03,2022,1,0,True,1362,78,260,28,0,0,0,0,34,0
2022-01-04,2022,1,1,True,1365,75,265,23,0,0,0,0,24,0
2022-01-05,2022,1,2,True,1354,86,256,32,0,0,0,0,33,0
2022-01-06,2022,1,3,True,1366,74,265,23,0,0,0,0,9,0
2022-01-07,2022,1,4,True,1297,143,247,41,0,0,1,0,30,0
2022-01-08,2022,1,5,False,0,1440,0,288,2,2,2,0,0,0
2022-01-09,2022,1,6,False,56,1384,10,278,2,2,1,0,0,0
2022-01-10,2022,1,0,True,1366,74,265,23,0,0,0,0,15,0
2022-01-11,2022,1,1,True,1369,71,269,19,0,0,0,0,15,0
2022-01-12,2022,1,2,True,1356,84,256,32,0,0,0,0,23,0
2022-01-13,2022,1,3,True,1363,77,263,25,0,0,0,0,21,0
2022-01-14,2022,1,4,True,1315,125,260,28,0,0,1,0,10,0
2022-01-15,2022,1,5,False,0,1440,0,288,2,2,2,0,0,0
2022-01-16,2022,1,6,False,57,1383,11,277,2,2,1,0,4,0
2022-01-17,2022,1,0,True,1174,266,212,76,0,0,0,0,49,0
2022-01-18,2022,1,1,True,1368,72,269,19,0,0,0,0,9,0
2022-01-19,2022,1,2,True,1366,74,264,24,0,0,0,0,11,0
2022-01-20,2022,1,3,True,1370,70,268,20,0,0,0,0,8,0
2022-01-21,2022,1,4,True,1314,126,259,29,0,0,1,0,12,0
2022-01-22,2022,1,5,False,0,1440,0,288,2,2,2,0,0,0
2022-01-23,2022,1,6,False,57,1383,11,277,2,2,1,0,1,0
2022-01-24,2022,1,0,True,1368,72,266,22,0,0,0,0,10,0
2022-01-25,2022,1,1,True,1369,71,268,20,0,0,0,0,8,0
2022-01-26,2022,1,2,True,1365,75,265,23,0,0,0,0,29,0
2022-01-27,2022,1,3,True,1376,64,274,14,0,0,0,0,3,0
2022-01-28,2022,1,4,True,1313,127,257,31,0,0,1,0,9,0
2022-01-29,2022,1,5,False,0,1440,0,288,2,2,2,0,0,0
2022-01-30,2022,1,6,False,57,1383,11,277,2,2,1,0,0,0
2022-01-31,2022,1,0,True,1371,69,269,19,0,0,0,0,14,0
2022-02-01,2022,2,1,True,1359,81,263,25,0,0,0,0,28,0
2022-02-02,2022,2,2,True,1348,92,253,35,0,0,1,0,31,0
2022-02-03,2022,2,3,True,1353,87,253,35,0,0,0,0,23,0
2022-02-04,2022,2,4,True,1307,133,253,35,0,0,1,0,16,0
2022-02-05,2022,2,5,False,0,1440,0,288,2,2,2,0,0,0
2022-02-06,2022,2,6,False,57,1383,11,277,2,2,1,0,0,0
2022-02-07,2022,2,0,True,1360,80,262,26,0,0,0,0,19,0
2022-02-08,2022,2,1,True,1364,76,264,24,0,0,0,0,27,0
2022-02-09,2022,2,2,True,1349,91,255,33,0,0,0,0,37,0
2022-02-10,2022,2,3,True,1345,95,252,36,0,0,0,0,41,0
2022-02-11,2022,2,4,True,1314,126,259,29,0,0,1,0,5,0
2022-02-12,2022,2,5,False,0,1440,0,288,2,2,2,0,0,0
2022-02-13,2022,2,6,False,57,1383,11,277,2,2,1,0,0,0
2022-02-14,2022,2,0,True,1376,64,274,14,0,0,0,0,0,0
2022-02-15,2022,2,1,True,1375,65,273,15,0,0,0,0,2,0
2022-02-16,2022,2,2,True,1374,66,272,16,0,0,0,0,4,0
2022-02-17,2022,2,3,True,1376,64,274,14,0,0,0,0,2,0
2022-02-18,2022,2,4,True,1319,121,263,25,0,0,1,0,0,0
2022-02-19,2022,2,5,False,0,1440,0,288,2,2,2,0,0,0
2022-02-20,2022,2,6,False,57,1383,11,277,2,2,1,0,0,0
2022-02-21,2022,2,0,True,1226,214,244,44,0,0,0,0,0,0
2022-02-22,2022,2,1,True,1376,64,274,14,0,0,0,0,0,0
2022-02-23,2022,2,2,True,1374,66,272,16,0,0,0,0,8,0
2022-02-24,2022,2,3,True,1376,64,274,14,0,0,0,0,0,0
2022-02-25,2022,2,4,True,1319,121,263,25,0,0,1,0,0,0
2022-02-26,2022,2,5,False,0,1440,0,288,2,2,2,0,0,0
2022-02-27,2022,2,6,False,57,1383,11,277,2,2,1,0,0,0
2022-02-28,2022,2,0,True,1376,64,274,14,0,0,0,0,0,0
2022-03-01,2022,3,1,True,1376,64,274,14,0,0,0,0,0,0
2022-03-02,2022,3,2,True,1376,64,274,14,0,0,0,0,1,0
2022-03-03,2022,3,3,True,1376,64,274,14,0,0,0,0,0,0
2022-03-04,2022,3,4,True,1319,121,263,25,0,0,1,0,0,0
2022-03-05,2022,3,5,False,0,1440,0,288,2,2,2,0,0,0
2022-03-06,2022,3,6,False,57,1383,11,277,2,2,1,0,0,0
2022-03-07,2022,3,0,True,1376,64,274,14,0,0,0,0,0,0
2022-03-08,2022,3,1,True,1376,64,274,14,0,0,0,0,1,0
2022-03-09,2022,3,2,True,1376,64,274,14,0,0,0,0,0,0
2022-03-10,2022,3,3,True,1376,64,274,14,0,0,0,0,1,0
2022-03-11,2022,3,4,True,1319,121,263,25,0,0,1,0,0,0
2022-03-12,2022,3,5,False,0,1440,0,288,2,2,2,0,0,0
2022-03-13,2022,3,6,False,117,1323,23,265,2,2,1,0,0,0
2022-03-14,2022,3,0,True,1376,64,274,14,0,0,0,0,0,0
2022-03-15,2022,3,1,True,1375,65,273,15,0,0,0,0,2,0
2022-03-16,2022,3,2,True,1375,65,273,15,0,0,0,0,0,0
2022-03-17,2022,3,3,True,1376,64,274,14,0,0,0,0,0,0
2022-03-18,2022,3,4,True,1259,181,251,37,0,0,1,0,1,0
2022-03-19,2022,3,5,False,0,1440,0,288,2,2,2,0,0,0
2022-03-20,2022,3,6,False,117,1323,23,265,2,2,1,0,1,0
2022-03-21,2022,3,0,True,1376,64,274,14,0,0,0,0,1,0
2022-03-22,2022,3,1,True,1376,64,274,14,0,0,0,0,1,0
2022-03-23,2022,3,2,True,1375,65,273,15,0,0,0,0,0,0
2022-03-24,2022,3,3,True,1376,64,274,14,0,0,0,0,0,0
2022-03-25,2022,3,4,True,1258,182,250,38,0,0,1,0,0,0
2022-03-26,2022,3,5,False,0,1440,0,288,2,2,2,0,0,0
2022-03-27,2022,3,6,False,117,1323,23,265,2,2,1,0,0,0
2022-03-28,2022,3,0,True,1376,64,274,14,0,0,0,0,0,0
2022-03-29,2022,3,1,True,1376,64,274,14,0,0,0,0,0,0
2022-03-30,2022,3,2,True,1374,66,273,15,0,0,0,0,2,0
2022-03-31,2022,3,3,True,1376,64,274,14,0,0,0,0,0,0
2022-04-01,2022,4,4,True,1259,181,251,37,0,0,1,0,0,0
2022-04-02,2022,4,5,False,0,1440,0,288,2,2,2,0,0,0
2022-04-03,2022,4,6,False,117,1323,23,265,2,2,1,0,0,0
2022-04-04,2022,4,0,True,1374,66,272,16,0,0,0,0,6,0
2022-04-05,2022,4,1,True,1376,64,274,14,0,0,0,0,2,0
2022-04-06,2022,4,2,True,1376,64,274,14,0,0,0,0,0,0
2022-04-07,2022,4,3,True,1376,64,274,14,0,0,0,0,0,0
2022-04-08,2022,4,4,True,1259,181,251,37,0,0,1,0,0,0
2022-04-09,2022,4,5,False,0,1440,0,288,2,2,2,0,0,0
2022-04-10,2022,4,6,False,117,1323,23,265,2,2,1,0,0,0
2022-04-11,2022,4,0,True,1376,64,274,14,0,0,0,0,0,0
2022-04-12,2022,4,1,True,1376,64,274,14,0,0,0,0,4,0
2022-04-13,2022,4,2,True,1376,64,274,14,0,0,0,0,0,0
2022-04-14,2022,4,3,True,1259,181,251,37,0,0,1,0,2,0
2022-04-15,2022,4,4,True,0,1440,0,288,2,2,2,0,0,0
2022-04-16,2022,4,5,False,0,1440,0,288,2,2,2,0,0,0
2022-04-17,2022,4,6,False,117,1323,23,265,2,2,1,0,0,0
2022-04-18,2022,4,0,True,1376,64,274,14,0,0,0,0,0,0
2022-04-19,2022,4,1,True,1376,64,274,14,0,0,0,0,0,0
2022-04-20,2022,4,2,True,1376,64,274,14,0,0,0,0,0,0
2022-04-21,2022,4,3,True,1375,65,273,15,0,0,0,0,0,0
2022-04-22,2022,4,4,True,1259,181,251,37,0,0,1,0,0,0
2022-04-23,2022,4,5,False,0,1440,0,288,2,2,2,0,0,0
2022-04-24,2022,4,6,False,117,1323,23,265,2,2,1,0,0,0
2022-04-25,2022,4,0,True,1376,64,274,14,0,0,0,0,0,0
2022-04-26,2022,4,1,True,1376,64,274,14,0,0,0,0,0,0
2022-04-27,2022,4,2,True,1376,64,274,14,0,0,0,0,2,0
2022-04-28,2022,4,3,True,1374,66,272,16,0,0,0,0,2,0
2022-04-29,2022,4,4,True,1259,181,251,37,0,0,1,0,0,0
2022-04-30,2022,4,5,False,0,1440,0,288,2,2,2,0,0,0
2022-05-01,2022,5,6,False,117,1323,23,265,2,2,1,0,0,0
2022-05-02,2022,5,0,True,1376,64,274,14,0,0,0,0,1,0
2022-05-03,2022,5,1,True,1375,65,273,15,0,0,0,0,0,0
2022-05-04,2022,5,2,True,1240,200,246,42,0,0,0,0,1,0
2022-05-05,2022,5,3,True,1376,64,274,14,0,0,0,0,0,0
2022-05-06,2022,5,4,True,1259,181,251,37,0,0,1,0,1,0
2022-05-07,2022,5,5,False,0,1440,0,288,2,2,2,0,0,0
2022-05-08,2022,5,6,False,78,1362,15,273,2,2,1,0,1,0
2022-05-09,2022,5,0,True,1376,64,274,14,0,0,0,0,0,0
2022-05-10,2022,5,1,True,1376,64,274,14,0,0,0,0,2,0
2022-05-11,2022,5,2,True,1376,64,274,14,0,0,0,0,0,0
2022-05-12,2022,5,3,True,1205,235,239,49,1,1,0,0,0,0
2022-05-13,2022,5,4,True,1259,181,251,37,0,0,1,0,0,0
2022-05-14,2022,5,5,False,0,1440,0,288,2,2,2,0,0,0
2022-05-15,2022,5,6,False,117,1323,23,265,2,2,1,0,1,0
2022-05-16,2022,5,0,True,1376,64,274,14,0,0,0,0,0,0
2022-05-17,2022,5,1,True,1376,64,274,14,0,0,0,0,1,0
2022-05-18,2022,5,2,True,1376,64,274,14,0,0,0,0,1,0
2022-05-19,2022,5,3,True,1376,64,274,14,0,0,0,0,2,0
2022-05-20,2022,5,4,True,1259,181,251,37,0,0,1,0,1,0
2022-05-21,2022,5,5,False,0,1440,0,288,2,2,2,0,0,0
2022-05-22,2022,5,6,False,117,1323,23,265,2,2,1,0,0,0
2022-05-23,2022,5,0,True,1376,64,274,14,0,0,0,0,1,0
2022-05-24,2022,5,1,True,1376,64,274,14,0,0,0,0,0,0
2022-05-25,2022,5,2,True,1376,64,274,14,0,0,0,0,1,0
2022-05-26,2022,5,3,True,1374,66,273,15,0,0,0,0,0,0
2022-05-27,2022,5,4,True,1257,183,249,39,0,0,1,0,3,0
2022-05-28,2022,5,5,False,0,1440,0,288,2,2,2,0,0,0
2022-05-29,2022,5,6,False,117,1323,23,265,2,2,1,0,0,0
2022-05-30,2022,5,0,True,1227,213,244,44,0,0,0,0,3,0
2022-05-31,2022,5,1,True,1376,64,274,14,0,0,0,0,0,0
2022-06-01,2022,6,2,True,1376,64,274,14,0,0,0,0,1,0
2022-06-02,2022,6,3,True,1372,68,270,18,0,0,0,0,3,0
2022-06-03,2022,6,4,True,1236,204,244,44,0,0,1,0,2,0
2022-06-04,2022,6,5,False,0,1440,0,288,2,2,2,0,0,0
2022-06-05,2022,6,6,False,116,1324,22,266,2,2,1,0,0,0
2022-06-06,2022,6,0,True,1376,64,274,14,0,0,0,0,2,0
2022-06-07,2022,6,1,True,1376,64,274,14,0,0,0,0,0,0
2022-06-08,2022,6,2,True,1374,66,272,16,0,0,0,0,8,0
2022-06-09,2022,6,3,True,1375,65,273,15,0,0,0,0,4,0
2022-06-10,2022,6,4,True,1258,182,250,38,0,0,1,0,0,0
2022-06-11,2022,6,5,False,0,1440,0,288,2,2,2,0,0,0
2022-06-12,2022,6,6,False,117,1323,23,265,2,2,1,0,0,0
2022-06-13,2022,6,0,True,1376,64,274,14,0,0,0,0,0,0
2022-06-14,2022,6,1,True,1376,64,274,14,0,0,0,0,0,0
2022-06-15,2022,6,2,True,1376,64,274,14,0,0,0,0,1,0
2022-06-16,2022,6,3,True,1376,64,274,14,0,0,0,0,0,0
2022-06-17,2022,6,4,True,1259,181,251,37,0,0,1,0,0,0
2022-06-18,2022,6,5,False,0,1440,0,288,2,2,2,0,0,0
2022-06-19,2022,6,6,False,117,1323,23,265,2,2,1,0,0,0
2022-06-20,2022,6,0,True,1226,214,243,45,0,0,0,0,3,0
2022-06-21,2022,6,1,True,1376,64,274,14,0,0,0,0,1,0
2022-06-22,2022,6,2,True,1376,64,274,14,0,0,0,0,3,0
2022-06-23,2022,6,3,True,1376,64,274,14,0,0,0,0,2,0
2022-06-24,2022,6,4,True,1258,182,250,38,0,0,1,0,1,0
2022-06-25,2022,6,5,False,0,1440,0,288,2,2,2,0,0,0
2022-06-26,2022,6,6,False,117,1323,23,265,2,2,1,0,0,0
2022-06-27,2022,6,0,True,1375,65,273,15,0,0,0,0,3,0
2022-06-28,2022,6,1,True,1375,65,273,15,0,0,0,0,3,0
2022-06-29,2022,6,2,True,1373,67,272,16,0,0,0,0,2,0
2022-06-30,2022,6,3,True,1376,64,274,14,0,0,0,0,2,0
2022-07-01,2022,7,4,True,1259,181,251,37,0,0,1,0,0,0
2022-07-02,2022,7,5,False,0,1440,0,288,2,2,2,0,0,0
2022-07-03,2022,7,6,False,117,1323,23,265,2,2,1,0,0,0
2022-07-04,2022,7,0,True,1206,234,238,50,0,0,0,0,4,0
2022-07-05,2022,7,1,True,1375,65,273,15,0,0,0,0,1,0
2022-07-06,2022,7,2,True,1376,64,274,14,0,0,0,0,1,0
2022-07-07,2022,7,3,True,1375,65,273,15,0,0,0,0,3,0
2022-07-08,2022,7,4,True,1259,181,251,37,0,0,1,0,0,0
2022-07-09,2022,7,5,False,0,1440,0,288,2,2,2,0,0,0
2022-07-10,2022,7,6,False,117,1323,23,265,2,2,1,0,0,0
2022-07-11,2022,7,0,True,1373,67,272,16,0,0,0,0,3,0
2022-07-12,2022,7,1,True,1372,68,271,17,0,0,0,0,3,0
2022-07-13,2022,7,2,True,1376,64,274,14,0,0,0,0,0,0
2022-07-14,2022,7,3,True,1375,65,273,15,0,0,0,0,0,0
2022-07-15,2022,7,4,True,1259,181,251,37,0,0,1,0,2,0
2022-07-16,2022,7,5,False,0,1440,0,288,2,2,2,0,0,0
2022-07-17,2022,7,6,False,117,1323,23,265,2,2,1,0,1,0
2022-07-18,2022,7,0,True,1374,66,272,16,0,0,0,0,3,0
2022-07-19,2022,7,1,True,1372,68,271,17,0,0,0,0,5,0
2022-07-20,2022,7,2,True,1375,65,273,15,0,0,0,0,4,0
2022-07-21,2022,7,3,True,1376,64,274,14,0,0,0,0,2,0
2022-07-22,2022,7,4,True,1259,181,251,37,0,0,1,0,0,0
2022-07-23,2022,7,5,False,0,1440,0,288,2,2,2,0,0,0
2022-07-24,2022,7,6,False,117,1323,23,265,2,2,1,0,0,0
2022-07-25,2022,7,0,True,1374,66,272,16,0,0,0,0,4,0
2022-07-26,2022,7,1,True,1376,64,274,14,0,0,0,0,1,0
2022-07-27,2022,7,2,True,1376,64,274,14,0,0,0,0,1,0
2022-07-28,2022,7,3,True,1376,64,274,14,0,0,0,0,1,0
2022-07-29,2022,7,4,True,1259,181,251,37,0,0,1,0,0,0
2022-07-30,2022,7,5,False,0,1440,0,288,2,2,2,0,0,0
2022-07-31,2022,7,6,False,117,1323,23,265,2,2,1,0,1,0
2022-08-01,2022,8,0,True,1373,67,271,17,0,0,0,0,3,0
2022-08-02,2022,8,1,True,1376,64,274,14,0,0,0,0,0,0
2022-08-03,2022,8,2,True,1375,65,273,15,0,0,0,0,4,0
2022-08-04,2022,8,3,True,1374,66,272,16,0,0,0,0,5,0
2022-08-05,2022,8,4,True,1259,181,251,37,0,0,1,0,0,0
2022-08-06,2022,8,5,False,0,1440,0,288,2,2,2,0,0,0
2022-08-07,2022,8,6,False,117,1323,23,265,2,2,1,0,0,0
2022-08-08,2022,8,0,True,1375,65,273,15,0,0,0,0,1,0
2022-08-09,2022,8,1,True,1374,66,272,16,0,0,0,0,3,0
2022-08-10,2022,8,2,True,1375,65,273,15,0,0,0,0,3,0
2022-08-11,2022,8,3,True,1375,65,273,15,0,0,0,0,3,0
2022-08-12,2022,8,4,True,1258,182,250,38,0,0,1,0,1,0
2022-08-13,2022,8,5,False,0,1440,0,288,2,2,2,0,0,0
2022-08-14,2022,8,6,False,115,1325,21,267,2,2,1,0,6,0
2022-08-15,2022,8,0,True,1375,65,273,15,0,0,0,0,0,0
2022-08-16,2022,8,1,True,1371,69,270,18,0,0,0,0,4,0
2022-08-17,2022,8,2,True,1376,64,274,14,0,0,0,0,1,0
2022-08-18,2022,8,3,True,1373,67,271,17,0,0,0,0,2,0
2022-08-19,2022,8,4,True,1259,181,251,37,0,0,1,0,0,0
2022-08-20,2022,8,5,False,0,1440,0,288,2,2,2,0,0,0
2022-08-21,2022,8,6,False,117,1323,23,265,2,2,1,0,0,0
2022-08-22,2022,8,0,True,1373,67,271,17,0,0,0,0,5,0
2022-08-23,2022,8,1,True,1376,64,274,14,0,0,0,0,3,0
2022-08-24,2022,8,2,True,1369,71,268,20,0,0,0,0,4,0
2022-08-25,2022,8,3,True,1376,64,274,14,0,0,0,0,4,0
2022-08-26,2022,8,4,True,1259,181,251,37,0,0,1,0,1,0
2022-08-27,2022,8,5,False,0,1440,0,288,2,2,2,0,0,0
2022-08-28,2022,8,6,False,51,1389,10,278,2,2,1,0,0,0
2022-08-29,2022,8,0,True,1375,65,273,15,0,0,0,0,4,0
2022-08-30,2022,8,1,True,1374,66,272,16,0,0,0,0,4,0
2022-08-31,2022,8,2,True,1375,65,273,15,0,0,0,0,4,0
2022-09-01,2022,9,3,True,1373,67,271,17,0,0,0,0,3,0
2022-09-02,2022,9,4,True,1256,184,248,40,0,0,1,0,2,0
2022-09-03,2022,9,5,False,0,1440,0,288,2,2,2,0,0,0
2022-09-04,2022,9,6,False,117,1323,23,265,2,2,1,0,0,0
2022-09-05,2022,9,0,True,1221,219,239,49,0,0,0,0,10,0
2022-09-06,2022,9,1,True,1373,67,271,17,0,0,0,0,6,0
2022-09-07,2022,9,2,True,1376,64,274,14,0,0,0,0,3,0
2022-09-08,2022,9,3,True,1372,68,271,17,0,0,0,0,5,0
2022-09-09,2022,9,4,True,1258,182,250,38,0,0,1,0,1,0
2022-09-10,2022,9,5,False,0,1440,0,288,2,2,2,0,0,0
2022-09-11,2022,9,6,False,117,1323,23,265,2,2,1,0,0,0
2022-09-12,2022,9,0,True,1375,65,273,15,0,0,0,0,6,0
2022-09-13,2022,9,1,True,1376,64,274,14,0,0,0,0,0,0
2022-09-14,2022,9,2,True,1375,65,273,15,0,0,0,0,1,0
2022-09-15,2022,9,3,True,1376,64,274,14,0,0,0,0,0,0
2022-09-16,2022,9,4,True,1259,181,251,37,0,0,1,0,1,0
2022-09-17,2022,9,5,False,0,1440,0,288,2,2,2,0,0,0
2022-09-18,2022,9,6,False,116,1324,22,266,2,2,1,0,0,0
2022-09-19,2022,9,0,True,1375,65,273,15,0,0,0,0,4,0
2022-09-20,2022,9,1,True,1375,65,273,15,0,0,0,0,2,0
2022-09-21,2022,9,2,True,1375,65,273,15,0,0,0,0,2,0
2022-09-22,2022,9,3,True,1375,65,273,15,0,0,0,0,2,0
2022-09-23,2022,9,4,True,1259,181,251,37,0,0,1,0,0,0
2022-09-24,2022,9,5,False,0,1440,0,288,2,2,2,0,0,0
2022-09-25,2022,9,6,False,117,1323,23,265,2,2,1,0,0,0
2022-09-26,2022,9,0,True,1376,64,274,14,0,0,0,0,1,0
2022-09-27,2022,9,1,True,1376,64,274,14,0,0,0,0,1,0
2022-09-28,2022,9,2,True,1376,64,274,14,0,0,0,0,0,0
2022-09-29,2022,9,3,True,1376,64,274,14,0,0,0,0,0,0
2022-09-30,2022,9,4,True,1259,181,251,37,0,0,1,0,1,0
2022-10-01,2022,10,5,False,0,1440,0,288,2,2,2,0,0,0
2022-10-02,2022,10,6,False,117,1323,23,265,2,2,1,0,1,0
2022-10-03,2022,10,0,True,1376,64,274,14,0,0,0,0,0,0
2022-10-04,2022,10,1,True,1374,66,272,16,0,0,0,0,6,0
2022-10-05,2022,10,2,True,1376,64,274,14,0,0,0,0,1,0
2022-10-06,2022,10,3,True,1375,65,273,15,0,0,0,0,2,0
2022-10-07,2022,10,4,True,1259,181,251,37,0,0,1,0,1,0
2022-10-08,2022,10,5,False,0,1440,0,288,2,2,2,0,0,0
2022-10-09,2022,10,6,False,117,1323,23,265,2,2,1,0,0,0
2022-10-10,2022,10,0,True,1375,65,273,15,0,0,0,0,3,0
2022-10-11,2022,10,1,True,1374,66,272,16,0,0,0,0,2,0
2022-10-12,2022,10,2,True,1371,69,270,18,0,0,0,0,9,0
2022-10-13,2022,10,3,True,1359,81,269,19,0,0,0,0,3,0
2022-10-14,2022,10,4,True,1259,181,251,37,0,0,1,0,1,0
2022-10-15,2022,10,5,False,0,1440,0,288,2,2,2,0,0,0
2022-10-16,2022,10,6,False,117,1323,23,265,2,2,1,0,0,0
2022-10-17,2022,10,0,True,1376,64,274,14,0,0,0,0,3,0
2022-10-18,2022,10,1,True,1376,64,274,14,0,0,0,0,3,0
2022-10-19,2022,10,2,True,1375,65,273,15,0,0,0,0,5,0
2022-10-20,2022,10,3,True,1375,65,273,15,0,0,0,0,2,0
2022-10-21,2022,10,4,True,1259,181,251,37,0,0,1,0,0,0
2022-10-22,2022,10,5,False,0,1440,0,288,2,2,2,0,0,0
2022-10-23,2022,10,6,False,117,1323,23,265,2,2,1,0,0,0
2022-10-24,2022,10,0,True,1375,65,273,15,0,0,0,0,4,0
2022-10-25,2022,10,1,True,1375,65,273,15,0,0,0,0,1,0
2022-10-26,2022,10,2,True,1376,64,274,14,0,0,0,0,3,0
2022-10-27,2022,10,3,True,1376,64,274,14,0,0,0,0,0,0
2022-10-28,2022,10,4,True,1257,183,249,39,0,0,1,0,2,0
2022-10-29,2022,10,5,False,0,1440,0,288,2,2,2,0,0,0
2022-10-30,2022,10,6,False,117,1323,23,265,2,2,1,0,1,0
2022-10-31,2022,10,0,True,1371,69,272,16,0,0,0,0,5,0
2022-11-01,2022,11,1,True,1374,66,272,16,0,0,0,0,5,0
2022-11-02,2022,11,2,True,1376,64,274,14,0,0,0,0,0,0
2022-11-03,2022,11,3,True,1366,74,265,23,0,0,0,0,15,0
2022-11-04,2022,11,4,True,1259,181,251,37,0,0,1,0,2,0
2022-11-05,2022,11,5,False,0,1440,0,288,2,2,2,0,0,0
2022-11-06,2022,11,6,False,57,1383,11,277,2,2,1,0,0,0
2022-11-07,2022,11,0,True,1373,67,271,17,0,0,0,0,2,0
2022-11-08,2022,11,1,True,1376,64,274,14,0,0,0,0,2,0
2022-11-09,2022,11,2,True,1376,64,274,14,0,0,0,0,1,0
2022-11-10,2022,11,3,True,1376,64,274,14,0,0,0,0,1,0
2022-11-11,2022,11,4,True,1319,121,263,25,0,0,1,0,0,0
2022-11-12,2022,11,5,False,0,1440,0,288,2,2,2,0,0,0
2022-11-13,2022,11,6,False,57,1383,11,277,2,2,1,0,0,0
2022-11-14,2022,11,0,True,1375,65,273,15,0,0,0,0,1,0
2022-11-15,2022,11,1,True,1376,64,274,14,0,0,0,0,1,0
2022-11-16,2022,11,2,True,1376,64,274,14,0,0,0,0,1,0
2022-11-17,2022,11,3,True,1375,65,273,15,0,0,0,0,5,0
2022-11-18,2022,11,4,True,1319,121,263,25,0,0,1,0,2,0
2022-11-19,2022,11,5,False,0,1440,0,288,2,2,2,0,0,0
2022-11-20,2022,11,6,False,57,1383,11,277,2,2,1,0,0,0
2022-11-21,2022,11,0,True,1375,65,273,15,0,0,0,0,3,0
2022-11-22,2022,11,1,True,1371,69,271,17,0,0,1,0,8,0
2022-11-23,2022,11,2,True,1372,68,271,17,0,0,0,0,8,0
2022-11-24,2022,11,3,True,1224,216,241,47,0,0,0,0,8,0
2022-11-25,2022,11,4,True,1125,315,224,64,0,0,1,0,1,0
2022-11-26,2022,11,5,False,0,1440,0,288,2,2,2,0,0,0
2022-11-27,2022,11,6,False,57,1383,11,277,2,2,1,0,0,0
2022-11-28,2022,11,0,True,1376,64,274,14,0,0,0,0,3,0
2022-11-29,2022,11,1,True,1371,69,271,17,0,0,0,0,6,0
2022-11-30,2022,11,2,True,1376,64,274,14,0,0,0,0,0,0
2022-12-01,2022,12,3,True,1375,65,273,15,0,0,0,0,1,0
2022-12-02,2022,12,4,True,1319,121,263,25,0,0,1,0,0,0
2022-12-03,2022,12,5,False,0,1440,0,288,2,2,2,0,0,0
2022-12-04,2022,12,6,False,57,1383,11,277,2,2,1,0,0,0
2022-12-05,2022,12,0,True,1376,64,274,14,0,0,0,0,4,0
2022-12-06,2022,12,1,True,1374,66,272,16,0,0,0,0,4,0
2022-12-07,2022,12,2,True,1376,64,274,14,0,0,0,0,2,0
2022-12-08,2022,12,3,True,1374,66,273,15,0,0,0,0,5,0
2022-12-09,2022,12,4,True,1319,121,263,25,0,0,1,0,0,0
2022-12-10,2022,12,5,False,0,1440,0,288,2,2,2,0,0,0
2022-12-11,2022,12,6,False,57,1383,11,277,2,2,1,0,0,0
2022-12-12,2022,12,0,True,1375,65,273,15,0,0,0,0,3,0
2022-12-13,2022,12,1,True,1376,64,274,14,0,0,0,0,0,0
2022-12-14,2022,12,2,True,1376,64,274,14,0,0,0,0,4,0
2022-12-15,2022,12,3,True,1376,64,274,14,0,0,0,0,2,0
2022-12-16,2022,12,4,True,1319,121,263,25,0,0,1,0,1,0
2022-12-17,2022,12,5,False,0,1440,0,288,2,2,2,0,0,0
2022-12-18,2022,12,6,False,57,1383,11,277,2,2,1,0,0,0
2022-12-19,2022,12,0,True,1375,65,273,15,0,0,0,0,5,0
2022-12-20,2022,12,1,True,1375,65,273,15,0,0,0,0,3,0
2022-12-21,2022,12,2,True,1376,64,274,14,0,0,0,0,3,0
2022-12-22,2022,12,3,True,1376,64,274,14,0,0,0,0,1,0
2022-12-23,2022,12,4,True,1318,122,262,26,0,0,1,0,3,0
2022-12-24,2022,12,5,False,0,1440,0,288,2,2,2,0,0,0
2022-12-25,2022,12,6,False,0,1440,0,288,2,2,2,0,0,0
2022-12-26,2022,12,0,True,57,1383,11,277,2,2,1,0,0,0
2022-12-27,2022,12,1,True,1371,69,269,19,0,0,0,0,6,0
2022-12-28,2022,12,2,True,1375,65,273,15,0,0,0,0,9,0
2022-12-29,2022,12,3,True,1375,65,273,15,0,0,0,0,9,0
2022-12-30,2022,12,4,True,1318,122,262,26,0,0,1,0,3,0
2022-12-31,2022,12,5,False,0,1440,0,288,2,2,2,0,0,0
2023-01-01,2023,1,6,False,0,1440,0,288,2,2,2,0,0,0
2023-01-02,2023,1,0,True,57,1383,11,277,2,2,1,0,0,0
2023-01-03,2023,1,1,True,1376,64,274,14,0,0,0,0,0,0
2023-01-04,2023,1,2,True,1376,64,274,14,0,0,0,0,0,0
2023-01-05,2023,1,3,True,1375,65,273,15,0,0,0,0,5,0
2023-01-06,2023,1,4,True,1318,122,262,26,0,0,1,0,1,0
2023-01-07,2023,1,5,False,0,1440,0,288,2,2,2,0,0,0
2023-01-08,2023,1,6,False,57,1383,11,277,2,2,1,0,0,0
2023-01-09,2023,1,0,True,1376,64,274,14,0,0,0,0,3,0
2023-01-10,2023,1,1,True,1374,66,272,16,0,0,0,0,5,0
2023-01-11,2023,1,2,True,1375,65,273,15,0,0,0,0,4,0
2023-01-12,2023,1,3,True,1376,64,274,14,0,0,0,0,1,0
2023-01-13,2023,1,4,True,1319,121,263,25,0,0,1,0,2,0
2023-01-14,2023,1,5,False,0,1440,0,288,2,2,2,0,0,0
2023-01-15,2023,1,6,False,57,1383,11,277,2,2,1,0,0,0
2023-01-16,2023,1,0,True,1225,215,243,45,0,0,0,0,6,0
2023-01-17,2023,1,1,True,1371,69,269,19,0,0,0,0,5,0
2023-01-18,2023,1,2,True,1376,64,274,14,0,0,0,0,0,0
2023-01-19,2023,1,3,True,1375,65,273,15,0,0,0,0,1,0
2023-01-20,2023,1,4,True,1318,122,262,26,0,0,1,0,0,0
2023-01-21,2023,1,5,False,0,1440,0,288,2,2,2,0,0,0
2023-01-22,2023,1,6,False,57,1383,11,277,2,2,1,0,0,0
2023-01-23,2023,1,0,True,1374,66,272,16,0,0,0,0,1,0
2023-01-24,2023,1,1,True,1376,64,274,14,0,0,0,0,8,0
2023-01-25,2023,1,2,True,1376,64,274,14,0,0,0,0,0,0
2023-01-26,2023,1,3,True,1376,64,274,14,0,0,0,0,9,0
2023-01-27,2023,1,4,True,1319,121,263,25,0,0,1,0,1,0
2023-01-28,2023,1,5,False,0,1440,0,288,2,2,2,0,0,0
2023-01-29,2023,1,6,False,57,1383,11,277,2,2,1,0,0,0
2023-01-30,2023,1,0,True,1374,66,272,16,0,0,0,0,4,0
2023-01-31,2023,1,1,True,1376,64,274,14,0,0,0,0,2,0
2023-02-01,2023,2,2,True,1376,64,274,14,0,0,0,0,2,0
2023-02-02,2023,2,3,True,1375,65,273,15,0,0,0,0,0,0
2023-02-03,2023,2,4,True,1319,121,263,25,0,0,1,0,0,0
2023-02-04,2023,2,5,False,0,1440,0,288,2,2,2,0,0,0
2023-02-05,2023,2,6,False,57,1383,11,277,2,2,1,0,0,0
2023-02-06,2023,2,0,True,1375,65,273,15,0,0,0,0,7,0
2023-02-07,2023,2,1,True,1375,65,273,15,0,0,0,0,3,0
2023-02-08,2023,2,2,True,1375,65,273,15,0,0,0,0,3,0
2023-02-09,2023,2,3,True,1376,64,274,14,0,0,0,0,6,0
2023-02-10,2023,2,4,True,1319,121,263,25,0,0,1,0,1,0
2023-02-11,2023,2,5,False,0,1440,0,288,2,2,2,0,0,0
2023-02-12,2023,2,6,False,57,1383,11,277,2,2,1,0,0,0
2023-02-13,2023,2,0,True,1373,67,272,16,0,0,0,0,5,0
2023-02-14,2023,2,1,True,1374,66,272,16,0,0,0,0,4,0
2023-02-15,2023,2,2,True,1376,64,274,14,0,0,0,0,2,0
2023-02-16,2023,2,3,True,1376,64,274,14,0,0,0,0,0,0
2023-02-17,2023,2,4,True,1319,121,263,25,0,0,1,0,1,0
2023-02-18,2023,2,5,False,0,1440,0,288,2,2,2,0,0,0
2023-02-19,2023,2,6,False,57,1383,11,277,2,2,1,0,0,0
2023-02-20,2023,2,0,True,1222,218,240,48,0,0,0,0,3,0
2023-02-21,2023,2,1,True,1375,65,273,15,0,0,0,0,7,0
2023-02-22,2023,2,2,True,1373,67,271,17,0,0,0,0,4,0
2023-02-23,2023,2,3,True,1376,64,274,14,0,0,0,0,5,0
2023-02-24,2023,2,4,True,1317,123,261,27,0,0,1,0,4,0
2023-02-25,2023,2,5,False,0,1440,0,288,2,2,2,0,0,0
2023-02-26,2023,2,6,False,57,1383,11,277,2,2,1,0,0,0
2023-02-27,2023,2,0,True,1373,67,271,17,0,0,0,0,2,0
2023-02-28,2023,2,1,True,1374,66,272,16,0,0,0,0,6,0
2023-03-01,2023,3,2,True,1369,71,269,19,0,0,0,0,12,0
2023-03-02,2023,3,3,True,1375,65,273,15,0,0,0,0,2,0
2023-03-03,2023,3,4,True,1318,122,262,26,0,0,1,0,2,0
2023-03-04,2023,3,5,False,0,1440,0,288,2,2,2,0,0,0
2023-03-05,2023,3,6,False,56,1384,10,278,2,2,1,0,1,0
2023-03-06,2023,3,0,True,1374,66,272,16,0,0,1,0,5,0
2023-03-07,2023,3,1,True,1371,69,270,18,0,0,0,0,6,0
2023-03-08,2023,3,2,True,1371,69,269,19,0,0,0,0,5,0
2023-03-09,2023,3,3,True,1371,69,271,17,0,0,0,0,10,0
2023-03-10,2023,3,4,True,1319,121,263,25,0,0,1,0,0,0
2023-03-11,2023,3,5,False,0,1440,0,288,2,2,2,0,0,0
2023-03-12,2023,3,6,False,117,1323,23,265,2,2,1,0,0,0
2023-03-13,2023,3,0,True,1376,64,274,14,0,0,0,0,3,0
2023-03-14,2023,3,1,True,1373,67,271,17,0,0,0,0,2,0
2023-03-15,2023,3,2,True,1376,64,274,14,0,0,0,0,4,0
2023-03-16,2023,3,3,True,1376,64,274,14,0,0,0,0,2,0
2023-03-17,2023,3,4,True,1259,181,251,37,0,0,1,0,0,0
2023-03-18,2023,3,5,False,0,1440,0,288,2,2,2,0,0,0
2023-03-19,2023,3,6,False,117,1323,23,265,2,2,1,0,0,0
2023-03-20,2023,3,0,True,1372,68,272,16,0,0,0,0,5,0
2023-03-21,2023,3,1,True,1376,64,274,14,0,0,0,0,1,0
2023-03-22,2023,3,2,True,1376,64,274,14,0,0,0,0,0,0
2023-03-23,2023,3,3,True,1376,64,274,14,0,0,0,0,0,0
2023-03-24,2023,3,4,True,1259,181,251,37,0,0,1,0,1,0
2023-03-25,2023,3,5,False,0,1440,0,288,2,2,2,0,0,0
2023-03-26,2023,3,6,False,117,1323,23,265,2,2,1,0,0,0
2023-03-27,2023,3,0,True,1374,66,272,16,0,0,0,0,4,0
2023-03-28,2023,3,1,True,1376,64,274,14,0,0,0,0,1,0
2023-03-29,2023,3,2,True,1376,64,274,14,0,0,0,0,3,0
2023-03-30,2023,3,3,True,1376,64,274,14,0,0,0,0,2,0
2023-03-31,2023,3,4,True,1258,182,250,38,0,0,1,0,1,0
2023-04-01,2023,4,5,False,0,1440,0,288,2,2,2,0,0,0
2023-04-02,2023,4,6,False,117,1323,23,265,2,2,1,0,0,0
2023-04-03,2023,4,0,True,1372,68,271,17,0,0,0,0,10,0
2023-04-04,2023,4,1,True,1374,66,272,16,0,0,0,0,2,0
2023-04-05,2023,4,2,True,1374,66,272,16,0,0,0,0,6,0
2023-04-06,2023,4,3,True,1259,181,251,37,0,0,1,0,2,0
2023-04-07,2023,4,4,True,0,1440,0,288,2,2,2,0,0,0
2023-04-08,2023,4,5,False,0,1440,0,288,2,2,2,0,0,0
2023-04-09,2023,4,6,False,117,1323,23,265,2,2,1,0,0,0
2023-04-10,2023,4,0,True,1374,66,272,16,0,0,0,0,7,0
2023-04-11,2023,4,1,True,1371,69,270,18,0,0,0,0,10,0
2023-04-12,2023,4,2,True,1376,64,274,14,0,0,0,0,3,0
2023-04-13,2023,4,3,True,1372,68,270,18,0,0,0,0,7,0
2023-04-14,2023,4,4,True,1259,181,251,37,0,0,1,0,1,0
2023-04-15,2023,4,5,False,0,1440,0,288,2,2,2,0,0,0
2023-04-16,2023,4,6,False,117,1323,23,265,2,2,1,0,0,0
2023-04-17,2023,4,0,True,1375,65,273,15,0,0,0,0,5,0
2023-04-18,2023,4,1,True,1372,68,271,17,0,0,0,0,5,0
2023-04-19,2023,4,2,True,1376,64,274,14,0,0,0,0,5,0
2023-04-20,2023,4,3,True,1376,64,274,14,0,0,0,0,0,0
2023-04-21,2023,4,4,True,1259,181,251,37,0,0,1,0,2,0
2023-04-22,2023,4,5,False,0,1440,0,288,2,2,2,0,0,0
2023-04-23,2023,4,6,False,117,1323,23,265,2,2,1,0,2,0
2023-04-24,2023,4,0,True,1375,65,273,15,0,0,0,0,7,0
2023-04-25,2023,4,1,True,1375,65,273,15,0,0,0,0,2,0
2023-04-26,2023,4,2,True,1376,64,274,14,0,0,0,0,3,0
2023-04-27,2023,4,3,True,1375,65,273,15,0,0,0,0,2,0
2023-04-28,2023,4,4,True,1258,182,251,37,0,0,1,0,0,0
2023-04-29,2023,4,5,False,0,1440,0,288,2,2,2,0,0,0
2023-04-30,2023,4,6,False,117,1323,23,265,2,2,1,0,1,0
2023-05-01,2023,5,0,True,1375,65,273,15,0,0,0,0,1,0
2023-05-02,2023,5,1,True,1373,67,271,17,0,0,0,0,1,0
2023-05-03,2023,5,2,True,1375,65,273,15,0,0,0,0,2,0
2023-05-04,2023,5,3,True,1376,64,274,14,0,0,0,0,0,0
2023-05-05,2023,5,4,True,1259,181,251,37,0,0,1,0,0,0
2023-05-06,2023,5,5,False,0,1440,0,288,2,2,2,0,0,0
2023-05-07,2023,5,6,False,117,1323,23,265,2,2,1,0,0,0
2023-05-08,2023,5,0,True,1374,66,272,16,0,0,0,0,1,0
2023-05-09,2023,5,1,True,1376,64,274,14,0,0,0,0,5,0
2023-05-10,2023,5,2,True,1374,66,273,15,0,0,0,0,10,0
2023-05-11,2023,5,3,True,1375,65,274,14,0,0,0,0,1,0
2023-05-12,2023,5,4,True,1259,181,251,37,0,0,1,0,0,0
2023-05-13,2023,5,5,False,0,1440,0,288,2,2,2,0,0,0
2023-05-14,2023,5,6,False,116,1324,22,266,2,2,1,0,0,0
2023-05-15,2023,5,0,True,1373,67,272,16,0,0,0,0,10,0
2023-05-16,2023,5,1,True,1374,66,272,16,0,0,0,0,6,0
2023-05-17,2023,5,2,True,1372,68,272,16,0,0,0,0,2,0
2023-05-18,2023,5,3,True,1374,66,272,16,0,0,0,0,1,0
2023-05-19,2023,5,4,True,1259,181,251,37,0,0,1,0,0,0
2023-05-20,2023,5,5,False,0,1440,0,288,2,2,2,0,0,0
2023-05-21,2023,5,6,False,117,1323,23,265,2,2,1,0,1,0
2023-05-22,2023,5,0,True,1373,67,271,17,0,0,0,0,5,0
2023-05-23,2023,5,1,True,1374,66,273,15,0,0,0,0,2,0
2023-05-24,2023,5,2,True,1374,66,273,15,0,0,0,0,0,0
2023-05-25,2023,5,3,True,1376,64,274,14,0,0,0,0,3,0
2023-05-26,2023,5,4,True,1258,182,251,37,0,0,1,0,0,0
2023-05-27,2023,5,5,False,0,1440,0,288,2,2,2,0,0,0
2023-05-28,2023,5,6,False,116,1324,22,266,2,2,1,0,1,0
2023-05-29,2023,5,0,True,1222,218,240,48,0,0,0,0,9,0
2023-05-30,2023,5,1,True,1372,68,271,17,0,0,0,0,13,0
2023-05-31,2023,5,2,True,1375,65,274,14,0,0,0,0,1,0
2023-06-01,2023,6,3,True,1371,69,270,18,0,0,0,0,11,0
2023-06-02,2023,6,4,True,1257,183,249,39,0,0,1,0,0,0
2023-06-03,2023,6,5,False,0,1440,0,288,2,2,2,0,0,0
2023-06-04,2023,6,6,False,117,1323,23,265,2,2,1,0,3,0
2023-06-05,2023,6,0,True,1373,67,271,17,0,0,0,0,6,0
2023-06-06,2023,6,1,True,1373,67,271,17,0,0,0,0,14,0
2023-06-07,2023,6,2,True,1373,67,272,16,0,0,0,0,4,0
2023-06-08,2023,6,3,True,1369,71,268,20,0,0,0,0,12,0
2023-06-09,2023,6,4,True,1255,185,248,40,0,0,1,0,5,0
2023-06-10,2023,6,5,False,0,1440,0,288,2,2,2,0,0,0
2023-06-11,2023,6,6,False,117,1323,23,265,2,2,1,0,0,0
2023-06-12,2023,6,0,True,1375,65,273,15,0,0,0,0,6,0
2023-06-13,2023,6,1,True,1375,65,274,14,0,0,0,0,4,0
2023-06-14,2023,6,2,True,1376,64,274,14,0,0,0,0,3,0
2023-06-15,2023,6,3,True,1370,70,270,18,0,0,0,0,6,0
2023-06-16,2023,6,4,True,1258,182,250,38,0,0,1,0,4,0
2023-06-17,2023,6,5,False,0,1440,0,288,2,2,2,0,0,0
2023-06-18,2023,6,6,False,115,1325,21,267,2,2,1,0,1,0
2023-06-19,2023,6,0,True,1224,216,242,46,0,0,0,0,3,0
2023-06-20,2023,6,1,True,1374,66,272,16,0,0,0,0,1,0
2023-06-21,2023,6,2,True,1376,64,274,14,0,0,0,0,4,0
2023-06-22,2023,6,3,True,1372,68,272,16,0,0,0,0,2,0
2023-06-23,2023,6,4,True,1259,181,251,37,0,0,1,0,1,0
2023-06-24,2023,6,5,False,0,1440,0,288,2,2,2,0,0,0
2023-06-25,2023,6,6,False,117,1323,23,265,2,2,1,0,0,0
2023-06-26,2023,6,0,True,1367,73,269,19,0,0,0,0,10,0
2023-06-27,2023,6,1,True,1373,67,272,16,0,0,0,0,2,0
2023-06-28,2023,6,2,True,1371,69,270,18,0,0,0,0,11,0
2023-06-29,2023,6,3,True,1373,67,272,16,0,0,0,0,10,0
2023-06-30,2023,6,4,True,1258,182,250,38,0,0,1,0,1,0
2023-07-01,2023,7,5,False,0,1440,0,288,2,2,2,0,0,0
2023-07-02,2023,7,6,False,117,1323,23,265,2,2,1,0,3,0
2023-07-03,2023,7,0,True,1365,75,266,22,0,0,0,0,11,0
2023-07-04,2023,7,1,True,1224,216,242,46,0,0,0,0,11,0
2023-07-05,2023,7,2,True,1372,68,271,17,0,0,0,0,2,0
2023-07-06,2023,7,3,True,1372,68,271,17,0,0,0,0,9,0
2023-07-07,2023,7,4,True,1259,181,251,37,0,0,1,0,1,0
2023-07-08,2023,7,5,False,0,1440,0,288,2,2,2,0,0,0
2023-07-09,2023,7,6,False,117,1323,23,265,2,2,1,0,0,0
2023-07-10,2023,7,0,True,1371,69,271,17,0,0,0,0,5,0
2023-07-11,2023,7,1,True,1373,67,271,17,0,0,0,0,8,0
2023-07-12,2023,7,2,True,1374,66,272,16,0,0,0,0,6,0
2023-07-13,2023,7,3,True,1375,65,274,14,0,0,0,0,6,0
2023-07-14,2023,7,4,True,1258,182,251,37,0,0,1,0,0,0
2023-07-15,2023,7,5,False,0,1440,0,288,2,2,2,0,0,0
2023-07-16,2023,7,6,False,117,1323,23,265,2,2,1,0,0,0
2023-07-17,2023,7,0,True,1376,64,274,14,0,0,0,0,0,0
2023-07-18,2023,7,1,True,1375,65,273,15,0,0,0,0,2,0
2023-07-19,2023,7,2,True,1376,64,274,14,0,0,0,0,0,0
2023-07-20,2023,7,3,True,1374,66,273,15,0,0,0,0,2,0
2023-07-21,2023,7,4,True,1257,183,250,38,0,0,1,0,0,0
2023-07-22,2023,7,5,False,0,1440,0,288,2,2,2,0,0,0
2023-07-23,2023,7,6,False,116,1324,22,266,2,2,1,0,0,0
2023-07-24,2023,7,0,True,1376,64,274,14,0,0,0,0,1,0
2023-07-25,2023,7,1,True,1374,66,273,15,0,0,0,0,0,0
2023-07-26,2023,7,2,True,1375,65,273,15,0,0,0,0,0,0
2023-07-27,2023,7,3,True,1376,64,274,14,0,0,0,0,0,0
2023-07-28,2023,7,4,True,1259,181,251,37,0,0,1,0,1,0
2023-07-29,2023,7,5,False,0,1440,0,288,2,2,2,0,0,0
2023-07-30,2023,7,6,False,117,1323,23,265,2,2,1,0,0,0
2023-07-31,2023,7,0,True,1375,65,273,15,0,0,0,0,1,0
2023-08-01,2023,8,1,True,1375,65,274,14,0,0,0,0,0,0
2023-08-02,2023,8,2,True,1376,64,274,14,0,0,0,0,1,0
2023-08-03,2023,8,3,True,1375,65,274,14,0,0,0,0,0,0
2023-08-04,2023,8,4,True,1258,182,251,37,0,0,1,0,0,0
2023-08-05,2023,8,5,False,0,1440,0,288,2,2,2,0,0,0
2023-08-06,2023,8,6,False,117,1323,23,265,2,2,1,0,0,0
2023-08-07,2023,8,0,True,1375,65,274,14,0,0,0,0,1,0
2023-08-08,2023,8,1,True,1376,64,274,14,0,0,0,0,2,0
2023-08-09,2023,8,2,True,1375,65,274,14,0,0,0,0,1,0
2023-08-10,2023,8,3,True,1375,65,273,15,0,0,0,0,1,0
2023-08-11,2023,8,4,True,1257,183,249,39,0,0,1,0,1,0
2023-08-12,2023,8,5,False,0,1440,0,288,2,2,2,0,0,0
2023-08-13,2023,8,6,False,117,1323,23,265,2,2,1,0,1,0
2023-08-14,2023,8,0,True,1376,64,274,14,0,0,0,0,1,0
2023-08-15,2023,8,1,True,1375,65,273,15,0,0,0,0,0,0
2023-08-16,2023,8,2,True,1376,64,274,14,0,0,0,0,1,0
2023-08-17,2023,8,3,True,1376,64,274,14,0,0,0,0,1,0
2023-08-18,2023,8,4,True,1259,181,251,37,0,0,1,0,0,0
2023-08-19,2023,8,5,False,0,1440,0,288,2,2,2,0,0,0
2023-08-20,2023,8,6,False,117,1323,23,265,2,2,1,0,0,0
2023-08-21,2023,8,0,True,1369,71,270,18,0,0,0,0,5,0
2023-08-22,2023,8,1,True,1367,73,266,22,0,0,0,0,13,0
2023-08-23,2023,8,2,True,1374,66,272,16,0,0,0,0,0,0
2023-08-24,2023,8,3,True,1368,72,269,19,0,0,0,0,3,0
2023-08-25,2023,8,4,True,1258,182,251,37,0,0,1,0,0,0
2023-08-26,2023,8,5,False,0,1440,0,288,2,2,2,0,0,0
2023-08-27,2023,8,6,False,117,1323,23,265,2,2,1,0,0,0
2023-08-28,2023,8,0,True,1373,67,272,16,0,0,0,0,4,0
2023-08-29,2023,8,1,True,1373,67,271,17,0,0,0,0,3,0
2023-08-30,2023,8,2,True,1375,65,274,14,0,0,0,0,0,0
2023-08-31,2023,8,3,True,1371,69,271,17,0,0,0,0,1,0
2023-09-01,2023,9,4,True,1259,181,251,37,0,0,1,0,0,0
2023-09-02,2023,9,5,False,0,1440,0,288,2,2,2,0,0,0
2023-09-03,2023,9,6,False,117,1323,23,265,2,2,1,0,1,0
2023-09-04,2023,9,0,True,1220,220,238,50,0,0,0,0,11,0
2023-09-05,2023,9,1,True,1376,64,274,14,0,0,0,0,1,0
2023-09-06,2023,9,2,True,1375,65,273,15,0,0,0,0,1,0
2023-09-07,2023,9,3,True,1375,65,273,15,0,0,0,0,1,0
2023-09-08,2023,9,4,True,1259,181,251,37,0,0,1,0,0,0
2023-09-09,2023,9,5,False,0,1440,0,288,2,2,2,0,0,0
2023-09-10,2023,9,6,False,117,1323,23,265,2,2,1,0,0,0
2023-09-11,2023,9,0,True,1371,69,270,18,0,0,0,0,4,0
2023-09-12,2023,9,1,True,1371,69,269,19,0,0,0,0,5,0
2023-09-13,2023,9,2,True,1372,68,272,16,0,0,0,0,1,0
2023-09-14,2023,9,3,True,1375,65,274,14,0,0,0,0,1,0
2023-09-15,2023,9,4,True,1259,181,251,37,0,0,1,0,1,0
2023-09-16,2023,9,5,False,0,1440,0,288,2,2,2,0,0,0
2023-09-17,2023,9,6,False,117,1323,23,265,2,2,1,0,0,0
2023-09-18,2023,9,0,True,1376,64,274,14,0,0,0,0,3,0
2023-09-19,2023,9,1,True,1372,68,271,17,0,0,0,0,3,0
2023-09-20,2023,9,2,True,1375,65,274,14,0,0,0,0,0,0
2023-09-21,2023,9,3,True,1376,64,274,14,0,0,0,0,3,0
2023-09-22,2023,9,4,True,1258,182,250,38,0,0,1,0,2,0
2023-09-23,2023,9,5,False,0,1440,0,288,2,2,2,0,0,0
2023-09-24,2023,9,6,False,117,1323,23,265,2,2,1,0,0,0
2023-09-25,2023,9,0,True,1371,69,271,17,0,0,0,0,3,0
2023-09-26,2023,9,1,True,1373,67,272,16,0,0,0,0,2,0
2023-09-27,2023,9,2,True,1375,65,273,15,0,0,0,0,0,0
2023-09-28,2023,9,3,True,1376,64,274,14,0,0,0,0,2,0
2023-09-29,2023,9,4,True,1258,182,250,38,0,0,1,0,1,0
2023-09-30,2023,9,5,False,0,1440,0,288,2,2,2,0,0,0
2023-10-01,2023,10,6,False,116,1324,22,266,2,2,1,0,0,0
2023-10-02,2023,10,0,True,1375,65,274,14,0,0,0,0,0,0
2023-10-03,2023,10,1,True,1375,65,274,14,0,0,0,0,0,0
2023-10-04,2023,10,2,True,1375,65,274,14,0,0,0,0,3,0
2023-10-05,2023,10,3,True,1373,67,272,16,0,0,0,0,3,0
2023-10-06,2023,10,4,True,1257,183,250,38,0,0,1,0,0,0
2023-10-07,2023,10,5,False,0,1440,0,288,2,2,2,0,0,0
2023-10-08,2023,10,6,False,117,1323,23,265,2,2,1,0,0,0
2023-10-09,2023,10,0,True,1376,64,274,14,0,0,0,0,4,0
2023-10-10,2023,10,1,True,1374,66,272,16,0,0,0,0,3,0
2023-10-11,2023,10,2,True,1373,67,273,15,0,0,0,0,0,0
2023-10-12,2023,10,3,True,1375,65,274,14,0,0,0,0,2,0
2023-10-13,2023,10,4,True,1259,181,251,37,0,0,1,0,1,0
2023-10-14,2023,10,5,False,0,1440,0,288,2,2,2,0,0,0
2023-10-15,2023,10,6,False,117,1323,23,265,2,2,1,0,0,0
2023-10-16,2023,10,0,True,1375,65,273,15,0,0,0,0,2,0
2023-10-17,2023,10,1,True,1375,65,274,14,0,0,0,0,2,0
2023-10-18,2023,10,2,True,1376,64,274,14,0,0,0,0,0,0
2023-10-19,2023,10,3,True,1375,65,274,14,0,0,0,0,0,0
2023-10-20,2023,10,4,True,1258,182,251,37,0,0,1,0,0,0
2023-10-21,2023,10,5,False,0,1440,0,288,2,2,2,0,0,0
2023-10-22,2023,10,6,False,117,1323,23,265,2,2,1,0,0,0
2023-10-23,2023,10,0,True,1375,65,274,14,0,0,0,0,1,0
2023-10-24,2023,10,1,True,1372,68,271,17,0,0,0,0,3,0
2023-10-25,2023,10,2,True,1376,64,274,14,0,0,0,0,1,0
2023-10-26,2023,10,3,True,1376,64,274,14,0,0,0,0,1,0
2023-10-27,2023,10,4,True,1259,181,251,37,0,0,1,0,0,0
2023-10-28,2023,10,5,False,0,1440,0,288,2,2,2,0,0,0
2023-10-29,2023,10,6,False,117,1323,23,265,2,2,1,0,0,0
2023-10-30,2023,10,0,True,1375,65,274,14,0,0,0,0,2,0
2023-10-31,2023,10,1,True,1375,65,274,14,0,0,0,0,0,0
2023-11-01,2023,11,2,True,1375,65,274,14,0,0,0,0,1,0
2023-11-02,2023,11,3,True,1375,65,274,14,0,0,0,0,3,0
2023-11-03,2023,11,4,True,1257,183,250,38,0,0,1,0,0,0
2023-11-04,2023,11,5,False,0,1440,0,288,2,2,2,0,0,0
2023-11-05,2023,11,6,False,57,1383,11,277,2,2,1,0,0,0
2023-11-06,2023,11,0,True,1376,64,274,14,0,0,0,0,2,0
2023-11-07,2023,11,1,True,1375,65,274,14,0,0,0,0,0,0
2023-11-08,2023,11,2,True,1373,67,272,16,0,0,0,0,5,0
2023-11-09,2023,11,3,True,1374,66,273,15,0,0,0,0,0,0
2023-11-10,2023,11,4,True,1318,122,263,25,0,0,1,0,0,0
2023-11-11,2023,11,5,False,0,1440,0,288,2,2,2,0,0,0
2023-11-12,2023,11,6,False,50,1390,9,279,2,2,1,0,0,0
2023-11-13,2023,11,0,True,1372,68,272,16,0,0,0,0,1,0
2023-11-14,2023,11,1,True,1374,66,273,15,0,0,0,0,1,0
2023-11-15,2023,11,2,True,1376,64,274,14,0,0,0,0,2,0
2023-11-16,2023,11,3,True,1374,66,273,15,0,0,0,0,3,0
2023-11-17,2023,11,4,True,1318,122,263,25,0,0,1,0,0,0
2023-11-18,2023,11,5,False,0,1440,0,288,2,2,2,0,0,0
2023-11-19,2023,11,6,False,57,1383,11,277,2,2,1,0,0,0
2023-11-20,2023,11,0,True,1376,64,274,14,0,0,0,0,2,0
2023-11-21,2023,11,1,True,1374,66,273,15,0,0,0,0,0,0
2023-11-22,2023,11,2,True,1375,65,274,14,0,0,0,0,0,0
2023-11-23,2023,11,3,True,1227,213,245,43,0,0,0,0,1,0
2023-11-24,2023,11,4,True,1125,315,225,63,0,0,1,0,0,0
2023-11-25,2023,11,5,False,0,1440,0,288,2,2,2,0,0,0
2023-11-26,2023,11,6,False,57,1383,11,277,2,2,1,0,0,0
2023-11-27,2023,11,0,True,1374,66,273,15,0,0,0,0,1,0
2023-11-28,2023,11,1,True,1374,66,273,15,0,0,0,0,0,0
2023-11-29,2023,11,2,True,1375,65,274,14,0,0,0,0,2,0
2023-11-30,2023,11,3,True,1375,65,274,14,0,0,0,0,1,0
2023-12-01,2023,12,4,True,1318,122,263,25,0,0,1,0,0,0
2023-12-02,2023,12,5,False,0,1440,0,288,2,2,2,0,0,0
2023-12-03,2023,12,6,False,54,1386,9,279,2,2,1,0,0,0
2023-12-04,2023,12,0,True,1376,64,274,14,0,0,0,0,0,0
2023-12-05,2023,12,1,True,1375,65,274,14,0,0,0,0,0,0
2023-12-06,2023,12,2,True,1376,64,274,14,0,0,0,0,1,0
2023-12-07,2023,12,3,True,1375,65,273,15,0,0,0,0,2,0
2023-12-08,2023,12,4,True,1319,121,263,25,0,0,1,0,1,0
2023-12-09,2023,12,5,False,0,1440,0,288,2,2,2,0,0,0
2023-12-10,2023,12,6,False,57,1383,11,277,2,2,1,0,0,0
2023-12-11,2023,12,0,True,1375,65,274,14,0,0,0,0,0,0
2023-12-12,2023,12,1,True,1375,65,274,14,0,0,0,0,0,0
2023-12-13,2023,12,2,True,1375,65,274,14,0,0,0,0,0,0
2023-12-14,2023,12,3,True,1375,65,274,14,0,0,0,0,0,0
2023-12-15,2023,12,4,True,1318,122,263,25,0,0,1,0,0,0
2023-12-16,2023,12,5,False,0,1440,0,288,2,2,2,0,0,0
2023-12-17,2023,12,6,False,57,1383,11,277,2,2,1,0,0,0
2023-12-18,2023,12,0,True,1374,66,274,14,0,0,0,0,0,0
2023-12-19,2023,12,1,True,1373,67,272,16,0,0,0,0,2,0
2023-12-20,2023,12,2,True,1376,64,274,14,0,0,0,0,1,0
2023-12-21,2023,12,3,True,1375,65,274,14,0,0,0,0,0,0
2023-12-22,2023,12,4,True,1318,122,263,25,0,0,1,0,0,0
2023-12-23,2023,12,5,False,0,1440,0,288,2,2,2,0,0,0
2023-12-24,2023,12,6,False,0,1440,0,288,2,2,2,0,0,0
2023-12-25,2023,12,0,True,57,1383,11,277,2,2,1,0,0,0
2023-12-26,2023,12,1,True,1374,66,273,15,0,0,0,0,1,0
2023-12-27,2023,12,2,True,1375,65,274,14,0,0,0,0,0,0
2023-12-28,2023,12,3,True,1375,65,274,14,0,0,0,0,0,0
2023-12-29,2023,12,4,True,1319,121,263,25,0,0,1,0,1,0
2023-12-30,2023,12,5,False,0,1440,0,288,2,2,2,0,0,0
2023-12-31,2023,12,6,False,0,1440,0,288,2,2,2,0,0,0
