from,to_exclusive,url,status,sha256,raw_bytes,retrieved_utc,purpose,complete_bars,incomplete_bars,first_timestamp,last_timestamp
1999-01-01T00:00:00+00:00,1999-01-15T00:00:00+00:00,https://api-fxpractice.oanda.com/v3/instruments/XAU_USD/candles?from=1999-01-01T00%3A00%3A00%2B00%3A00&to=1999-01-15T00%3A00%3A00%2B00%3A00&granularity=M5&price=MBA&smooth=false,200,d0d52c2050dd3d4cade31b545776b45f302047e22b5f7090bb7b1667ea56ac1e,56,2026-10-05T11:08:45.636149+00:00,timestamp-only coverage; price payload quarantined,0,0,,
1999-01-15T00:00:00+00:00,1999-01-29T00:00:00+00:00,https://api-fxpractice.oanda.com/v3/instruments/XAU_USD/candles?from=1999-01-15T00%3A00%3A00%2B00%3A00&to=1999-01-29T00%3A00%3A00%2B00%3A00&granularity=M5&price=MBA&smooth=false,200,d0d52c2050dd3d4cade31b545776b45f302047e22b5f7090bb7b1667ea56ac1e,56,2026-10-05T11:08:46.226199+00:00,timestamp-only coverage; price payload quarantined,0,0,,
1999-01-29T00:00:00+00:00,1999-02-12T00:00:00+00:00,https://api-fxpractice.oanda.com/v3/instruments/XAU_USD/candles?from=1999-01-29T00%3A00%3A00%2B00%3A00&to=1999-02-12T00%3A00%3A00%2B00%3A00&granularity=M5&price=MBA&smooth=false,200,d0d52c2050dd3d4cade31b545776b45f302047e22b5f7090bb7b1667ea56ac1e,56,2026-10-05T11:08:46.551793+00:00,timestamp-only coverage; price payload quarantined,0,0,,
1999-02-12T00:00:00+00:00,1999-02-26T00:00:00+00:00,https://api-fxpractice.oanda.com/v3/instruments/XAU_USD/candles?from=1999-02-12T00%3A00%3A00%2B00%3A00&to=1999-02-26T00%3A00%3A00%2B00%3A00&granularity=M5&price=MBA&smooth=false,200,d0d52c2050dd3d4cade31b545776b45f302047e22b5f7090bb7b1667ea56ac1e,56,2026-10-05T11:08:47.202239+00:00,timestamp-only coverage; price payload quarantined,0,0,,
1999-02-26T00:00:00+00:00,1999-03-12T00:00:00+00:00,https://api-fxpractice.oanda.com/v3/instruments/XAU_USD/candles?from=1999-02-26T00%3A00%3A00%2B00%3A00&to=1999-03-12T00%3A00%3A00%2B00%3A00&granularity=M5&price=MBA&smooth=false,200,d0d52c2050dd3d4cade31b545776b45f302047e22b5f7090bb7b1667ea56ac1e,56,2026-10-05T11:08:46.387823+00:00,timestamp-only coverage; price payload quarantined,0,0,,
1999-03-12T00:00:00+00:00,1999-03-26T00:00:00+00:00,https://api-fxpractice.oanda.com/v3/instruments/XAU_USD/candles?from=1999-03-12T00%3A00%3A00%2B00%3A00&to=1999-03-26T00%3A00%3A00%2B00%3A00&granularity=M5&price=MBA&smooth=false,200,d0d52c2050dd3d4cade31b545776b45f302047e22b5f7090bb7b1667ea56ac1e,56,2026-10-05T11:08:46.550242+00:00,timestamp-only coverage; price payload quarantined,0,0,,
1999-03-26T00:00:00+00:00,1999-04-09T00:00:00+00:00,https://api-fxpractice.oanda.com/v3/instruments/XAU_USD/candles?from=1999-03-26T00%3A00%3A00%2B00%3A00&to=1999-04-09T00%3A00%3A00%2B00%3A00&granularity=M5&price=MBA&smooth=false,200,d0d52c2050dd3d4cade31b545776b45f302047e22b5f7090bb7b1667ea56ac1e,56,2026-10-05T11:08:47.276213+00:00,timestamp-only coverage; price payload quarantined,0,0,,
1999-04-09T00:00:00+00:00,1999-04-23T00:00:00+00:00,https://api-fxpractice.oanda.com/v3/instruments/XAU_USD/candles?from=1999-04-09T00%3A00%3A00%2B00%3A00&to=1999-04-23T00%3A00%3A00%2B00%3A00&granularity=M5&price=MBA&smooth=false,200,d0d52c2050dd3d4cade31b545776b45f302047e22b5f7090bb7b1667ea56ac1e,56,2026-10-05T11:08:47.837410+00:00,timestamp-only coverage; price payload quarantined,0,0,,
1999-04-23T00:00:00+00:00,1999-05-07T00:00:00+00:00,https://api-fxpractice.oanda.com/v3/instruments/XAU_USD/candles?from=1999-04-23T00%3A00%3A00%2B00%3A00&to=1999-05-07T00%3A00%3A00%2B00%3A00&granularity=M5&price=MBA&smooth=false,200,d0d52c2050dd3d4cade31b545776b45f302047e22b5f7090bb7b1667ea56ac1e,56,2026-10-05T11:08:46.605693+00:00,timestamp-only coverage; price payload quarantined,0,0,,
1999-05-07T00:00:00+00:00,1999-05-21T00:00:00+00:00,https://api-fxpractice.oanda.com/v3/instruments/XAU_USD/candles?from=1999-05-07T00%3A00%3A00%2B00%3A00&to=1999-05-21T00%3A00%3A00%2B00%3A00&granularity=M5&price=MBA&smooth=false,200,d0d52c2050dd3d4cade31b545776b45f302047e22b5f7090bb7b1667ea56ac1e,56,2026-10-05T11:08:47.612056+00:00,timestamp-only coverage; price payload quarantined,0,0,,
1999-05-21T00:00:00+00:00,1999-06-04T00:00:00+00:00,https://api-fxpractice.oanda.com/v3/instruments/XAU_USD/candles?from=1999-05-21T00%3A00%3A00%2B00%3A00&to=1999-06-04T00%3A00%3A00%2B00%3A00&granularity=M5&price=MBA&smooth=false,200,d0d52c2050dd3d4cade31b545776b45f302047e22b5f7090bb7b1667ea56ac1e,56,2026-10-05T11:08:47.839116+00:00,timestamp-only coverage; price payload quarantined,0,0,,
1999-06-04T00:00:00+00:00,1999-06-18T00:00:00+00:00,https://api-fxpractice.oanda.com/v3/instruments/XAU_USD/candles?from=1999-06-04T00%3A00%3A00%2B00%3A00&to=1999-06-18T00%3A00%3A00%2B00%3A00&granularity=M5&price=MBA&smooth=false,200,d0d52c2050dd3d4cade31b545776b45f302047e22b5f7090bb7b1667ea56ac1e,56,2026-10-05T11:08:48.447010+00:00,timestamp-only coverage; price payload quarantined,0,0,,
1999-06-18T00:00:00+00:00,1999-07-02T00:00:00+00:00,https://api-fxpractice.oanda.com/v3/instruments/XAU_USD/candles?from=1999-06-18T00%3A00%3A00%2B00%3A00&to=1999-07-02T00%3A00%3A00%2B00%3A00&granularity=M5&price=MBA&smooth=false,200,d0d52c2050dd3d4cade31b545776b45f302047e22b5f7090bb7b1667ea56ac1e,56,2026-10-05T11:08:46.809351+00:00,timestamp-only coverage; price payload quarantined,0,0,,
1999-07-02T00:00:00+00:00,1999-07-16T00:00:00+00:00,https://api-fxpractice.oanda.com/v3/instruments/XAU_USD/candles?from=1999-07-02T00%3A00%3A00%2B00%3A00&to=1999-07-16T00%3A00%3A00%2B00%3A00&granularity=M5&price=MBA&smooth=false,200,d0d52c2050dd3d4cade31b545776b45f302047e22b5f7090bb7b1667ea56ac1e,56,2026-10-05T11:08:47.906543+00:00,timestamp-only coverage; price payload quarantined,0,0,,
1999-07-16T00:00:00+00:00,1999-07-30T00:00:00+00:00,https://api-fxpractice.oanda.com/v3/instruments/XAU_USD/candles?from=1999-07-16T00%3A00%3A00%2B00%3A00&to=1999-07-30T00%3A00%3A00%2B00%3A00&granularity=M5&price=MBA&smooth=false,200,d0d52c2050dd3d4cade31b545776b45f302047e22b5f7090bb7b1667ea56ac1e,56,2026-10-05T11:08:48.073831+00:00,timestamp-only coverage; price payload quarantined,0,0,,
1999-07-30T00:00:00+00:00,1999-08-13T00:00:00+00:00,https://api-fxpractice.oanda.com/v3/instruments/XAU_USD/candles?from=1999-07-30T00%3A00%3A00%2B00%3A00&to=1999-08-13T00%3A00%3A00%2B00%3A00&granularity=M5&price=MBA&smooth=false,200,d0d52c2050dd3d4cade31b545776b45f302047e22b5f7090bb7b1667ea56ac1e,56,2026-10-05T11:08:48.677199+00:00,timestamp-only coverage; price payload quarantined,0,0,,
1999-08-13T00:00:00+00:00,1999-08-27T00:00:00+00:00,https://api-fxpractice.oanda.com/v3/instruments/XAU_USD/candles?from=1999-08-13T00%3A00%3A00%2B00%3A00&to=1999-08-27T00%3A00%3A00%2B00%3A00&granularity=M5&price=MBA&smooth=false,200,d0d52c2050dd3d4cade31b545776b45f302047e22b5f7090bb7b1667ea56ac1e,56,2026-10-05T11:08:47.416320+00:00,timestamp-only coverage; price payload quarantined,0,0,,
1999-08-27T00:00:00+00:00,1999-09-10T00:00:00+00:00,https://api-fxpractice.oanda.com/v3/instruments/XAU_USD/candles?from=1999-08-27T00%3A00%3A00%2B00%3A00&to=1999-09-10T00%3A00%3A00%2B00%3A00&granularity=M5&price=MBA&smooth=false,200,d0d52c2050dd3d4cade31b545776b45f302047e22b5f7090bb7b1667ea56ac1e,56,2026-10-05T11:08:48.403698+00:00,timestamp-only coverage; price payload quarantined,0,0,,
1999-09-10T00:00:00+00:00,1999-09-24T00:00:00+00:00,https://api-fxpractice.oanda.com/v3/instruments/XAU_USD/candles?from=1999-09-10T00%3A00%3A00%2B00%3A00&to=1999-09-24T00%3A00%3A00%2B00%3A00&granularity=M5&price=MBA&smooth=false,200,d0d52c2050dd3d4cade31b545776b45f302047e22b5f7090bb7b1667ea56ac1e,56,2026-10-05T11:08:48.539141+00:00,timestamp-only coverage; price payload quarantined,0,0,,
1999-09-24T00:00:00+00:00,1999-10-08T00:00:00+00:00,https://api-fxpractice.oanda.com/v3/instruments/XAU_USD/candles?from=1999-09-24T00%3A00%3A00%2B00%3A00&to=1999-10-08T00%3A00%3A00%2B00%3A00&granularity=M5&price=MBA&smooth=false,200,d0d52c2050dd3d4cade31b545776b45f302047e22b5f7090bb7b1667ea56ac1e,56,2026-10-05T11:08:49.018776+00:00,timestamp-only coverage; price payload quarantined,0,0,,
1999-10-08T00:00:00+00:00,1999-10-22T00:00:00+00:00,https://api-fxpractice.oanda.com/v3/instruments/XAU_USD/candles?from=1999-10-08T00%3A00%3A00%2B00%3A00&to=1999-10-22T00%3A00%3A00%2B00%3A00&granularity=M5&price=MBA&smooth=false,200,d0d52c2050dd3d4cade31b545776b45f302047e22b5f7090bb7b1667ea56ac1e,56,2026-10-05T11:08:48.073740+00:00,timestamp-only coverage; price payload quarantined,0,0,,
1999-10-22T00:00:00+00:00,1999-11-05T00:00:00+00:00,https://api-fxpractice.oanda.com/v3/instruments/XAU_USD/candles?from=1999-10-22T00%3A00%3A00%2B00%3A00&to=1999-11-05T00%3A00%3A00%2B00%3A00&granularity=M5&price=MBA&smooth=false,200,d0d52c2050dd3d4cade31b545776b45f302047e22b5f7090bb7b1667ea56ac1e,56,2026-10-05T11:08:48.721447+00:00,timestamp-only coverage; price payload quarantined,0,0,,
1999-11-05T00:00:00+00:00,1999-11-19T00:00:00+00:00,https://api-fxpractice.oanda.com/v3/instruments/XAU_USD/candles?from=1999-11-05T00%3A00%3A00%2B00%3A00&to=1999-11-19T00%3A00%3A00%2B00%3A00&granularity=M5&price=MBA&smooth=false,200,d0d52c2050dd3d4cade31b545776b45f302047e22b5f7090bb7b1667ea56ac1e,56,2026-10-05T11:08:49.018578+00:00,timestamp-only coverage; price payload quarantined,0,0,,
1999-11-19T00:00:00+00:00,1999-12-03T00:00:00+00:00,https://api-fxpractice.oanda.com/v3/instruments/XAU_USD/candles?from=1999-11-19T00%3A00%3A00%2B00%3A00&to=1999-12-03T00%3A00%3A00%2B00%3A00&granularity=M5&price=MBA&smooth=false,200,d0d52c2050dd3d4cade31b545776b45f302047e22b5f7090bb7b1667ea56ac1e,56,2026-10-05T11:08:49.241751+00:00,timestamp-only coverage; price payload quarantined,0,0,,
1999-12-03T00:00:00+00:00,1999-12-17T00:00:00+00:00,https://api-fxpractice.oanda.com/v3/instruments/XAU_USD/candles?from=1999-12-03T00%3A00%3A00%2B00%3A00&to=1999-12-17T00%3A00%3A00%2B00%3A00&granularity=M5&price=MBA&smooth=false,200,d0d52c2050dd3d4cade31b545776b45f302047e22b5f7090bb7b1667ea56ac1e,56,2026-10-05T11:08:48.542393+00:00,timestamp-only coverage; price payload quarantined,0,0,,
1999-12-17T00:00:00+00:00,1999-12-31T00:00:00+00:00,https://api-fxpractice.oanda.com/v3/instruments/XAU_USD/candles?from=1999-12-17T00%3A00%3A00%2B00%3A00&to=1999-12-31T00%3A00%3A00%2B00%3A00&granularity=M5&price=MBA&smooth=false,200,d0d52c2050dd3d4cade31b545776b45f302047e22b5f7090bb7b1667ea56ac1e,56,2026-10-05T11:08:49.061360+00:00,timestamp-only coverage; price payload quarantined,0,0,,
1999-12-31T00:00:00+00:00,2000-01-14T00:00:00+00:00,https://api-fxpractice.oanda.com/v3/instruments/XAU_USD/candles?from=1999-12-31T00%3A00%3A00%2B00%3A00&to=2000-01-14T00%3A00%3A00%2B00%3A00&granularity=M5&price=MBA&smooth=false,200,d0d52c2050dd3d4cade31b545776b45f302047e22b5f7090bb7b1667ea56ac1e,56,2026-10-05T11:08:49.271318+00:00,timestamp-only coverage; price payload quarantined,0,0,,
2000-01-14T00:00:00+00:00,2000-01-28T00:00:00+00:00,https://api-fxpractice.oanda.com/v3/instruments/XAU_USD/candles?from=2000-01-14T00%3A00%3A00%2B00%3A00&to=2000-01-28T00%3A00%3A00%2B00%3A00&granularity=M5&price=MBA&smooth=false,200,d0d52c2050dd3d4cade31b545776b45f302047e22b5f7090bb7b1667ea56ac1e,56,2026-10-05T11:08:49.455918+00:00,timestamp-only coverage; price payload quarantined,0,0,,
2000-01-28T00:00:00+00:00,2000-02-11T00:00:00+00:00,https://api-fxpractice.oanda.com/v3/instruments/XAU_USD/candles?from=2000-01-28T00%3A00%3A00%2B00%3A00&to=2000-02-11T00%3A00%3A00%2B00%3A00&granularity=M5&price=MBA&smooth=false,200,d0d52c2050dd3d4cade31b545776b45f302047e22b5f7090bb7b1667ea56ac1e,56,2026-10-05T11:08:49.018647+00:00,timestamp-only coverage; price payload quarantined,0,0,,
2000-02-11T00:00:00+00:00,2000-02-25T00:00:00+00:00,https://api-fxpractice.oanda.com/v3/instruments/XAU_USD/candles?from=2000-02-11T00%3A00%3A00%2B00%3A00&to=2000-02-25T00%3A00%3A00%2B00%3A00&granularity=M5&price=MBA&smooth=false,200,d0d52c2050dd3d4cade31b545776b45f302047e22b5f7090bb7b1667ea56ac1e,56,2026-10-05T11:08:49.366642+00:00,timestamp-only coverage; price payload quarantined,0,0,,
2000-02-25T00:00:00+00:00,2000-03-10T00:00:00+00:00,https://api-fxpractice.oanda.com/v3/instruments/XAU_USD/candles?from=2000-02-25T00%3A00%3A00%2B00%3A00&to=2000-03-10T00%3A00%3A00%2B00%3A00&granularity=M5&price=MBA&smooth=false,200,d0d52c2050dd3d4cade31b545776b45f302047e22b5f7090bb7b1667ea56ac1e,56,2026-10-05T11:08:49.484948+00:00,timestamp-only coverage; price payload quarantined,0,0,,
2000-03-10T00:00:00+00:00,2000-03-24T00:00:00+00:00,https://api-fxpractice.oanda.com/v3/instruments/XAU_USD/candles?from=2000-03-10T00%3A00%3A00%2B00%3A00&to=2000-03-24T00%3A00%3A00%2B00%3A00&granularity=M5&price=MBA&smooth=false,200,d0d52c2050dd3d4cade31b545776b45f302047e22b5f7090bb7b1667ea56ac1e,56,2026-10-05T11:08:49.787465+00:00,timestamp-only coverage; price payload quarantined,0,0,,
2000-03-24T00:00:00+00:00,2000-04-07T00:00:00+00:00,https://api-fxpractice.oanda.com/v3/instruments/XAU_USD/candles?from=2000-03-24T00%3A00%3A00%2B00%3A00&to=2000-04-07T00%3A00%3A00%2B00%3A00&granularity=M5&price=MBA&smooth=false,200,d0d52c2050dd3d4cade31b545776b45f302047e22b5f7090bb7b1667ea56ac1e,56,2026-10-05T11:08:49.296400+00:00,timestamp-only coverage; price payload quarantined,0,0,,
2000-04-07T00:00:00+00:00,2000-04-21T00:00:00+00:00,https://api-fxpractice.oanda.com/v3/instruments/XAU_USD/candles?from=2000-04-07T00%3A00%3A00%2B00%3A00&to=2000-04-21T00%3A00%3A00%2B00%3A00&granularity=M5&price=MBA&smooth=false,200,d0d52c2050dd3d4cade31b545776b45f302047e22b5f7090bb7b1667ea56ac1e,56,2026-10-05T11:08:49.808425+00:00,timestamp-only coverage; price payload quarantined,0,0,,
2000-04-21T00:00:00+00:00,2000-05-05T00:00:00+00:00,https://api-fxpractice.oanda.com/v3/instruments/XAU_USD/candles?from=2000-04-21T00%3A00%3A00%2B00%3A00&to=2000-05-05T00%3A00%3A00%2B00%3A00&granularity=M5&price=MBA&smooth=false,200,d0d52c2050dd3d4cade31b545776b45f302047e22b5f7090bb7b1667ea56ac1e,56,2026-10-05T11:08:49.845819+00:00,timestamp-only coverage; price payload quarantined,0,0,,
2000-05-05T00:00:00+00:00,2000-05-19T00:00:00+00:00,https://api-fxpractice.oanda.com/v3/instruments/XAU_USD/candles?from=2000-05-05T00%3A00%3A00%2B00%3A00&to=2000-05-19T00%3A00%3A00%2B00%3A00&granularity=M5&price=MBA&smooth=false,200,d0d52c2050dd3d4cade31b545776b45f302047e22b5f7090bb7b1667ea56ac1e,56,2026-10-05T11:08:50.046509+00:00,timestamp-only coverage; price payload quarantined,0,0,,
2000-05-19T00:00:00+00:00,2000-06-02T00:00:00+00:00,https://api-fxpractice.oanda.com/v3/instruments/XAU_USD/candles?from=2000-05-19T00%3A00%3A00%2B00%3A00&to=2000-06-02T00%3A00%3A00%2B00%3A00&granularity=M5&price=MBA&smooth=false,200,d0d52c2050dd3d4cade31b545776b45f302047e22b5f7090bb7b1667ea56ac1e,56,2026-10-05T11:08:49.500842+00:00,timestamp-only coverage; price payload quarantined,0,0,,
2000-06-02T00:00:00+00:00,2000-06-16T00:00:00+00:00,https://api-fxpractice.oanda.com/v3/instruments/XAU_USD/candles?from=2000-06-02T00%3A00%3A00%2B00%3A00&to=2000-06-16T00%3A00%3A00%2B00%3A00&granularity=M5&price=MBA&smooth=false,200,d0d52c2050dd3d4cade31b545776b45f302047e22b5f7090bb7b1667ea56ac1e,56,2026-10-05T11:08:50.016429+00:00,timestamp-only coverage; price payload quarantined,0,0,,
2000-06-16T00:00:00+00:00,2000-06-30T00:00:00+00:00,https://api-fxpractice.oanda.com/v3/instruments/XAU_USD/candles?from=2000-06-16T00%3A00%3A00%2B00%3A00&to=2000-06-30T00%3A00%3A00%2B00%3A00&granularity=M5&price=MBA&smooth=false,200,d0d52c2050dd3d4cade31b545776b45f302047e22b5f7090bb7b1667ea56ac1e,56,2026-10-05T11:08:50.082105+00:00,timestamp-only coverage; price payload quarantined,0,0,,
2000-06-30T00:00:00+00:00,2000-07-14T00:00:00+00:00,https://api-fxpractice.oanda.com/v3/instruments/XAU_USD/candles?from=2000-06-30T00%3A00%3A00%2B00%3A00&to=2000-07-14T00%3A00%3A00%2B00%3A00&granularity=M5&price=MBA&smooth=false,200,d0d52c2050dd3d4cade31b545776b45f302047e22b5f7090bb7b1667ea56ac1e,56,2026-10-05T11:08:50.256876+00:00,timestamp-only coverage; price payload quarantined,0,0,,
2000-07-14T00:00:00+00:00,2000-07-28T00:00:00+00:00,https://api-fxpractice.oanda.com/v3/instruments/XAU_USD/candles?from=2000-07-14T00%3A00%3A00%2B00%3A00&to=2000-07-28T00%3A00%3A00%2B00%3A00&granularity=M5&price=MBA&smooth=false,200,d0d52c2050dd3d4cade31b545776b45f302047e22b5f7090bb7b1667ea56ac1e,56,2026-10-05T11:08:49.714531+00:00,timestamp-only coverage; price payload quarantined,0,0,,
2000-07-28T00:00:00+00:00,2000-08-11T00:00:00+00:00,https://api-fxpractice.oanda.com/v3/instruments/XAU_USD/candles?from=2000-07-28T00%3A00%3A00%2B00%3A00&to=2000-08-11T00%3A00%3A00%2B00%3A00&granularity=M5&price=MBA&smooth=false,200,d0d52c2050dd3d4cade31b545776b45f302047e22b5f7090bb7b1667ea56ac1e,56,2026-10-05T11:08:50.263419+00:00,timestamp-only coverage; price payload quarantined,0,0,,
2000-08-11T00:00:00+00:00,2000-08-25T00:00:00+00:00,https://api-fxpractice.oanda.com/v3/instruments/XAU_USD/candles?from=2000-08-11T00%3A00%3A00%2B00%3A00&to=2000-08-25T00%3A00%3A00%2B00%3A00&granularity=M5&price=MBA&smooth=false,200,d0d52c2050dd3d4cade31b545776b45f302047e22b5f7090bb7b1667ea56ac1e,56,2026-10-05T11:08:50.333886+00:00,timestamp-only coverage; price payload quarantined,0,0,,
2000-08-25T00:00:00+00:00,2000-09-08T00:00:00+00:00,https://api-fxpractice.oanda.com/v3/instruments/XAU_USD/candles?from=2000-08-25T00%3A00%3A00%2B00%3A00&to=2000-09-08T00%3A00%3A00%2B00%3A00&granularity=M5&price=MBA&smooth=false,200,d0d52c2050dd3d4cade31b545776b45f302047e22b5f7090bb7b1667ea56ac1e,56,2026-10-05T11:08:50.558403+00:00,timestamp-only coverage; price payload quarantined,0,0,,
2000-09-08T00:00:00+00:00,2000-09-22T00:00:00+00:00,https://api-fxpractice.oanda.com/v3/instruments/XAU_USD/candles?from=2000-09-08T00%3A00%3A00%2B00%3A00&to=2000-09-22T00%3A00%3A00%2B00%3A00&granularity=M5&price=MBA&smooth=false,200,d0d52c2050dd3d4cade31b545776b45f302047e22b5f7090bb7b1667ea56ac1e,56,2026-10-05T11:08:49.970342+00:00,timestamp-only coverage; price payload quarantined,0,0,,
2000-09-22T00:00:00+00:00,2000-10-06T00:00:00+00:00,https://api-fxpractice.oanda.com/v3/instruments/XAU_USD/candles?from=2000-09-22T00%3A00%3A00%2B00%3A00&to=2000-10-06T00%3A00%3A00%2B00%3A00&granularity=M5&price=MBA&smooth=false,200,d0d52c2050dd3d4cade31b545776b45f302047e22b5f7090bb7b1667ea56ac1e,56,2026-10-05T11:08:50.470032+00:00,timestamp-only coverage; price payload quarantined,0,0,,
2000-10-06T00:00:00+00:00,2000-10-20T00:00:00+00:00,https://api-fxpractice.oanda.com/v3/instruments/XAU_USD/candles?from=2000-10-06T00%3A00%3A00%2B00%3A00&to=2000-10-20T00%3A00%3A00%2B00%3A00&granularity=M5&price=MBA&smooth=false,200,d0d52c2050dd3d4cade31b545776b45f302047e22b5f7090bb7b1667ea56ac1e,56,2026-10-05T11:08:50.607599+00:00,timestamp-only coverage; price payload quarantined,0,0,,
2000-10-20T00:00:00+00:00,2000-11-03T00:00:00+00:00,https://api-fxpractice.oanda.com/v3/instruments/XAU_USD/candles?from=2000-10-20T00%3A00%3A00%2B00%3A00&to=2000-11-03T00%3A00%3A00%2B00%3A00&granularity=M5&price=MBA&smooth=false,200,d0d52c2050dd3d4cade31b545776b45f302047e22b5f7090bb7b1667ea56ac1e,56,2026-10-05T11:08:50.797907+00:00,timestamp-only coverage; price payload quarantined,0,0,,
2000-11-03T00:00:00+00:00,2000-11-17T00:00:00+00:00,https://api-fxpractice.oanda.com/v3/instruments/XAU_USD/candles?from=2000-11-03T00%3A00%3A00%2B00%3A00&to=2000-11-17T00%3A00%3A00%2B00%3A00&granularity=M5&price=MBA&smooth=false,200,d0d52c2050dd3d4cade31b545776b45f302047e22b5f7090bb7b1667ea56ac1e,56,2026-10-05T11:08:50.182011+00:00,timestamp-only coverage; price payload quarantined,0,0,,
2000-11-17T00:00:00+00:00,2000-12-01T00:00:00+00:00,https://api-fxpractice.oanda.com/v3/instruments/XAU_USD/candles?from=2000-11-17T00%3A00%3A00%2B00%3A00&to=2000-12-01T00%3A00%3A00%2B00%3A00&granularity=M5&price=MBA&smooth=false,200,d0d52c2050dd3d4cade31b545776b45f302047e22b5f7090bb7b1667ea56ac1e,56,2026-10-05T11:08:50.696250+00:00,timestamp-only coverage; price payload quarantined,0,0,,
2000-12-01T00:00:00+00:00,2000-12-15T00:00:00+00:00,https://api-fxpractice.oanda.com/v3/instruments/XAU_USD/candles?from=2000-12-01T00%3A00%3A00%2B00%3A00&to=2000-12-15T00%3A00%3A00%2B00%3A00&granularity=M5&price=MBA&smooth=false,200,d0d52c2050dd3d4cade31b545776b45f302047e22b5f7090bb7b1667ea56ac1e,56,2026-10-05T11:08:50.828269+00:00,timestamp-only coverage; price payload quarantined,0,0,,
2000-12-15T00:00:00+00:00,2000-12-29T00:00:00+00:00,https://api-fxpractice.oanda.com/v3/instruments/XAU_USD/candles?from=2000-12-15T00%3A00%3A00%2B00%3A00&to=2000-12-29T00%3A00%3A00%2B00%3A00&granularity=M5&price=MBA&smooth=false,200,d0d52c2050dd3d4cade31b545776b45f302047e22b5f7090bb7b1667ea56ac1e,56,2026-10-05T11:08:51.351811+00:00,timestamp-only coverage; price payload quarantined,0,0,,
2000-12-29T00:00:00+00:00,2001-01-12T00:00:00+00:00,https://api-fxpractice.oanda.com/v3/instruments/XAU_USD/candles?from=2000-12-29T00%3A00%3A00%2B00%3A00&to=2001-01-12T00%3A00%3A00%2B00%3A00&granularity=M5&price=MBA&smooth=false,200,d0d52c2050dd3d4cade31b545776b45f302047e22b5f7090bb7b1667ea56ac1e,56,2026-10-05T11:08:50.505480+00:00,timestamp-only coverage; price payload quarantined,0,0,,
2001-01-12T00:00:00+00:00,2001-01-26T00:00:00+00:00,https://api-fxpractice.oanda.com/v3/instruments/XAU_USD/candles?from=2001-01-12T00%3A00%3A00%2B00%3A00&to=2001-01-26T00%3A00%3A00%2B00%3A00&granularity=M5&price=MBA&smooth=false,200,d0d52c2050dd3d4cade31b545776b45f302047e22b5f7090bb7b1667ea56ac1e,56,2026-10-05T11:08:50.904394+00:00,timestamp-only coverage; price payload quarantined,0,0,,
2001-01-26T00:00:00+00:00,2001-02-09T00:00:00+00:00,https://api-fxpractice.oanda.com/v3/instruments/XAU_USD/candles?from=2001-01-26T00%3A00%3A00%2B00%3A00&to=2001-02-09T00%3A00%3A00%2B00%3A00&granularity=M5&price=MBA&smooth=false,200,d0d52c2050dd3d4cade31b545776b45f302047e22b5f7090bb7b1667ea56ac1e,56,2026-10-05T11:08:51.388684+00:00,timestamp-only coverage; price payload quarantined,0,0,,
2001-02-09T00:00:00+00:00,2001-02-23T00:00:00+00:00,https://api-fxpractice.oanda.com/v3/instruments/XAU_USD/candles?from=2001-02-09T00%3A00%3A00%2B00%3A00&to=2001-02-23T00%3A00%3A00%2B00%3A00&granularity=M5&price=MBA&smooth=false,200,d0d52c2050dd3d4cade31b545776b45f302047e22b5f7090bb7b1667ea56ac1e,56,2026-10-05T11:08:52.170761+00:00,timestamp-only coverage; price payload quarantined,0,0,,
2001-02-23T00:00:00+00:00,2001-03-09T00:00:00+00:00,https://api-fxpractice.oanda.com/v3/instruments/XAU_USD/candles?from=2001-02-23T00%3A00%3A00%2B00%3A00&to=2001-03-09T00%3A00%3A00%2B00%3A00&granularity=M5&price=MBA&smooth=false,200,d0d52c2050dd3d4cade31b545776b45f302047e22b5f7090bb7b1667ea56ac1e,56,2026-10-05T11:08:51.011494+00:00,timestamp-only coverage; price payload quarantined,0,0,,
2001-03-09T00:00:00+00:00,2001-03-23T00:00:00+00:00,https://api-fxpractice.oanda.com/v3/instruments/XAU_USD/candles?from=2001-03-09T00%3A00%3A00%2B00%3A00&to=2001-03-23T00%3A00%3A00%2B00%3A00&granularity=M5&price=MBA&smooth=false,200,d0d52c2050dd3d4cade31b545776b45f302047e22b5f7090bb7b1667ea56ac1e,56,2026-10-05T11:08:51.263798+00:00,timestamp-only coverage; price payload quarantined,0,0,,
2001-03-23T00:00:00+00:00,2001-04-06T00:00:00+00:00,https://api-fxpractice.oanda.com/v3/instruments/XAU_USD/candles?from=2001-03-23T00%3A00%3A00%2B00%3A00&to=2001-04-06T00%3A00%3A00%2B00%3A00&granularity=M5&price=MBA&smooth=false,200,d0d52c2050dd3d4cade31b545776b45f302047e22b5f7090bb7b1667ea56ac1e,56,2026-10-05T11:08:51.645318+00:00,timestamp-only coverage; price payload quarantined,0,0,,
2001-04-06T00:00:00+00:00,2001-04-20T00:00:00+00:00,https://api-fxpractice.oanda.com/v3/instruments/XAU_USD/candles?from=2001-04-06T00%3A00%3A00%2B00%3A00&to=2001-04-20T00%3A00%3A00%2B00%3A00&granularity=M5&price=MBA&smooth=false,200,d0d52c2050dd3d4cade31b545776b45f302047e22b5f7090bb7b1667ea56ac1e,56,2026-10-05T11:08:52.414894+00:00,timestamp-only coverage; price payload quarantined,0,0,,
2001-04-20T00:00:00+00:00,2001-05-04T00:00:00+00:00,https://api-fxpractice.oanda.com/v3/instruments/XAU_USD/candles?from=2001-04-20T00%3A00%3A00%2B00%3A00&to=2001-05-04T00%3A00%3A00%2B00%3A00&granularity=M5&price=MBA&smooth=false,200,d0d52c2050dd3d4cade31b545776b45f302047e22b5f7090bb7b1667ea56ac1e,56,2026-10-05T11:08:51.353570+00:00,timestamp-only coverage; price payload quarantined,0,0,,
2001-05-04T00:00:00+00:00,2001-05-18T00:00:00+00:00,https://api-fxpractice.oanda.com/v3/instruments/XAU_USD/candles?from=2001-05-04T00%3A00%3A00%2B00%3A00&to=2001-05-18T00%3A00%3A00%2B00%3A00&granularity=M5&price=MBA&smooth=false,200,d0d52c2050dd3d4cade31b545776b45f302047e22b5f7090bb7b1667ea56ac1e,56,2026-10-05T11:08:51.513592+00:00,timestamp-only coverage; price payload quarantined,0,0,,
2001-05-18T00:00:00+00:00,2001-06-01T00:00:00+00:00,https://api-fxpractice.oanda.com/v3/instruments/XAU_USD/candles?from=2001-05-18T00%3A00%3A00%2B00%3A00&to=2001-06-01T00%3A00%3A00%2B00%3A00&granularity=M5&price=MBA&smooth=false,200,d0d52c2050dd3d4cade31b545776b45f302047e22b5f7090bb7b1667ea56ac1e,56,2026-10-05T11:08:52.243998+00:00,timestamp-only coverage; price payload quarantined,0,0,,
2001-06-01T00:00:00+00:00,2001-06-15T00:00:00+00:00,https://api-fxpractice.oanda.com/v3/instruments/XAU_USD/candles?from=2001-06-01T00%3A00%3A00%2B00%3A00&to=2001-06-15T00%3A00%3A00%2B00%3A00&granularity=M5&price=MBA&smooth=false,200,d0d52c2050dd3d4cade31b545776b45f302047e22b5f7090bb7b1667ea56ac1e,56,2026-10-05T11:08:52.687036+00:00,timestamp-only coverage; price payload quarantined,0,0,,
2001-06-15T00:00:00+00:00,2001-06-29T00:00:00+00:00,https://api-fxpractice.oanda.com/v3/instruments/XAU_USD/candles?from=2001-06-15T00%3A00%3A00%2B00%3A00&to=2001-06-29T00%3A00%3A00%2B00%3A00&granularity=M5&price=MBA&smooth=false,200,d0d52c2050dd3d4cade31b545776b45f302047e22b5f7090bb7b1667ea56ac1e,56,2026-10-05T11:08:51.573876+00:00,timestamp-only coverage; price payload quarantined,0,0,,
2001-06-29T00:00:00+00:00,2001-07-13T00:00:00+00:00,https://api-fxpractice.oanda.com/v3/instruments/XAU_USD/candles?from=2001-06-29T00%3A00%3A00%2B00%3A00&to=2001-07-13T00%3A00%3A00%2B00%3A00&granularity=M5&price=MBA&smooth=false,200,d0d52c2050dd3d4cade31b545776b45f302047e22b5f7090bb7b1667ea56ac1e,56,2026-10-05T11:08:52.174717+00:00,timestamp-only coverage; price payload quarantined,0,0,,
2001-07-13T00:00:00+00:00,2001-07-27T00:00:00+00:00,https://api-fxpractice.oanda.com/v3/instruments/XAU_USD/candles?from=2001-07-13T00%3A00%3A00%2B00%3A00&to=2001-07-27T00%3A00%3A00%2B00%3A00&granularity=M5&price=MBA&smooth=false,200,d0d52c2050dd3d4cade31b545776b45f302047e22b5f7090bb7b1667ea56ac1e,56,2026-10-05T11:08:52.449688+00:00,timestamp-only coverage; price payload quarantined,0,0,,
2001-07-27T00:00:00+00:00,2001-08-10T00:00:00+00:00,https://api-fxpractice.oanda.com/v3/instruments/XAU_USD/candles?from=2001-07-27T00%3A00%3A00%2B00%3A00&to=2001-08-10T00%3A00%3A00%2B00%3A00&granularity=M5&price=MBA&smooth=false,200,d0d52c2050dd3d4cade31b545776b45f302047e22b5f7090bb7b1667ea56ac1e,56,2026-10-05T11:08:52.905415+00:00,timestamp-only coverage; price payload quarantined,0,0,,
2001-08-10T00:00:00+00:00,2001-08-24T00:00:00+00:00,https://api-fxpractice.oanda.com/v3/instruments/XAU_USD/candles?from=2001-08-10T00%3A00%3A00%2B00%3A00&to=2001-08-24T00%3A00%3A00%2B00%3A00&granularity=M5&price=MBA&smooth=false,200,d0d52c2050dd3d4cade31b545776b45f302047e22b5f7090bb7b1667ea56ac1e,56,2026-10-05T11:08:52.167690+00:00,timestamp-only coverage; price payload quarantined,0,0,,
2001-08-24T00:00:00+00:00,2001-09-07T00:00:00+00:00,https://api-fxpractice.oanda.com/v3/instruments/XAU_USD/candles?from=2001-08-24T00%3A00%3A00%2B00%3A00&to=2001-09-07T00%3A00%3A00%2B00%3A00&granularity=M5&price=MBA&smooth=false,200,d0d52c2050dd3d4cade31b545776b45f302047e22b5f7090bb7b1667ea56ac1e,56,2026-10-05T11:08:52.406021+00:00,timestamp-only coverage; price payload quarantined,0,0,,
2001-09-07T00:00:00+00:00,2001-09-21T00:00:00+00:00,https://api-fxpractice.oanda.com/v3/instruments/XAU_USD/candles?from=2001-09-07T00%3A00%3A00%2B00%3A00&to=2001-09-21T00%3A00%3A00%2B00%3A00&granularity=M5&price=MBA&smooth=false,200,d0d52c2050dd3d4cade31b545776b45f302047e22b5f7090bb7b1667ea56ac1e,56,2026-10-05T11:08:52.797878+00:00,timestamp-only coverage; price payload quarantined,0,0,,
2001-09-21T00:00:00+00:00,2001-10-05T00:00:00+00:00,https://api-fxpractice.oanda.com/v3/instruments/XAU_USD/candles?from=2001-09-21T00%3A00%3A00%2B00%3A00&to=2001-10-05T00%3A00%3A00%2B00%3A00&granularity=M5&price=MBA&smooth=false,200,d0d52c2050dd3d4cade31b545776b45f302047e22b5f7090bb7b1667ea56ac1e,56,2026-10-05T11:08:53.362194+00:00,timestamp-only coverage; price payload quarantined,0,0,,
2001-10-05T00:00:00+00:00,2001-10-19T00:00:00+00:00,https://api-fxpractice.oanda.com/v3/instruments/XAU_USD/candles?from=2001-10-05T00%3A00%3A00%2B00%3A00&to=2001-10-19T00%3A00%3A00%2B00%3A00&granularity=M5&price=MBA&smooth=false,200,d0d52c2050dd3d4cade31b545776b45f302047e22b5f7090bb7b1667ea56ac1e,56,2026-10-05T11:08:52.374860+00:00,timestamp-only coverage; price payload quarantined,0,0,,
2001-10-19T00:00:00+00:00,2001-11-02T00:00:00+00:00,https://api-fxpractice.oanda.com/v3/instruments/XAU_USD/candles?from=2001-10-19T00%3A00%3A00%2B00%3A00&to=2001-11-02T00%3A00%3A00%2B00%3A00&granularity=M5&price=MBA&smooth=false,200,d0d52c2050dd3d4cade31b545776b45f302047e22b5f7090bb7b1667ea56ac1e,56,2026-10-05T11:08:52.797240+00:00,timestamp-only coverage; price payload quarantined,0,0,,
2001-11-02T00:00:00+00:00,2001-11-16T00:00:00+00:00,https://api-fxpractice.oanda.com/v3/instruments/XAU_USD/candles?from=2001-11-02T00%3A00%3A00%2B00%3A00&to=2001-11-16T00%3A00%3A00%2B00%3A00&granularity=M5&price=MBA&smooth=false,200,d0d52c2050dd3d4cade31b545776b45f302047e22b5f7090bb7b1667ea56ac1e,56,2026-10-05T11:08:53.240690+00:00,timestamp-only coverage; price payload quarantined,0,0,,
2001-11-16T00:00:00+00:00,2001-11-30T00:00:00+00:00,https://api-fxpractice.oanda.com/v3/instruments/XAU_USD/candles?from=2001-11-16T00%3A00%3A00%2B00%3A00&to=2001-11-30T00%3A00%3A00%2B00%3A00&granularity=M5&price=MBA&smooth=false,200,d0d52c2050dd3d4cade31b545776b45f302047e22b5f7090bb7b1667ea56ac1e,56,2026-10-05T11:08:53.569086+00:00,timestamp-only coverage; price payload quarantined,0,0,,
2001-11-30T00:00:00+00:00,2001-12-14T00:00:00+00:00,https://api-fxpractice.oanda.com/v3/instruments/XAU_USD/candles?from=2001-11-30T00%3A00%3A00%2B00%3A00&to=2001-12-14T00%3A00%3A00%2B00%3A00&granularity=M5&price=MBA&smooth=false,200,d0d52c2050dd3d4cade31b545776b45f302047e22b5f7090bb7b1667ea56ac1e,56,2026-10-05T11:08:52.687103+00:00,timestamp-only coverage; price payload quarantined,0,0,,
2001-12-14T00:00:00+00:00,2001-12-28T00:00:00+00:00,https://api-fxpractice.oanda.com/v3/instruments/XAU_USD/candles?from=2001-12-14T00%3A00%3A00%2B00%3A00&to=2001-12-28T00%3A00%3A00%2B00%3A00&granularity=M5&price=MBA&smooth=false,200,d0d52c2050dd3d4cade31b545776b45f302047e22b5f7090bb7b1667ea56ac1e,56,2026-10-05T11:08:53.032316+00:00,timestamp-only coverage; price payload quarantined,0,0,,
2001-12-28T00:00:00+00:00,2002-01-11T00:00:00+00:00,https://api-fxpractice.oanda.com/v3/instruments/XAU_USD/candles?from=2001-12-28T00%3A00%3A00%2B00%3A00&to=2002-01-11T00%3A00%3A00%2B00%3A00&granularity=M5&price=MBA&smooth=false,200,d0d52c2050dd3d4cade31b545776b45f302047e22b5f7090bb7b1667ea56ac1e,56,2026-10-05T11:08:53.467533+00:00,timestamp-only coverage; price payload quarantined,0,0,,
2002-01-11T00:00:00+00:00,2002-01-25T00:00:00+00:00,https://api-fxpractice.oanda.com/v3/instruments/XAU_USD/candles?from=2002-01-11T00%3A00%3A00%2B00%3A00&to=2002-01-25T00%3A00%3A00%2B00%3A00&granularity=M5&price=MBA&smooth=false,200,d0d52c2050dd3d4cade31b545776b45f302047e22b5f7090bb7b1667ea56ac1e,56,2026-10-05T11:08:53.780629+00:00,timestamp-only coverage; price payload quarantined,0,0,,
2002-01-25T00:00:00+00:00,2002-02-08T00:00:00+00:00,https://api-fxpractice.oanda.com/v3/instruments/XAU_USD/candles?from=2002-01-25T00%3A00%3A00%2B00%3A00&to=2002-02-08T00%3A00%3A00%2B00%3A00&granularity=M5&price=MBA&smooth=false,200,d0d52c2050dd3d4cade31b545776b45f302047e22b5f7090bb7b1667ea56ac1e,56,2026-10-05T11:08:52.985402+00:00,timestamp-only coverage; price payload quarantined,0,0,,
2002-02-08T00:00:00+00:00,2002-02-22T00:00:00+00:00,https://api-fxpractice.oanda.com/v3/instruments/XAU_USD/candles?from=2002-02-08T00%3A00%3A00%2B00%3A00&to=2002-02-22T00%3A00%3A00%2B00%3A00&granularity=M5&price=MBA&smooth=false,200,d0d52c2050dd3d4cade31b545776b45f302047e22b5f7090bb7b1667ea56ac1e,56,2026-10-05T11:08:53.517001+00:00,timestamp-only coverage; price payload quarantined,0,0,,
2002-02-22T00:00:00+00:00,2002-03-08T00:00:00+00:00,https://api-fxpractice.oanda.com/v3/instruments/XAU_USD/candles?from=2002-02-22T00%3A00%3A00%2B00%3A00&to=2002-03-08T00%3A00%3A00%2B00%3A00&granularity=M5&price=MBA&smooth=false,200,d0d52c2050dd3d4cade31b545776b45f302047e22b5f7090bb7b1667ea56ac1e,56,2026-10-05T11:08:53.675396+00:00,timestamp-only coverage; price payload quarantined,0,0,,
2002-03-08T00:00:00+00:00,2002-03-22T00:00:00+00:00,https://api-fxpractice.oanda.com/v3/instruments/XAU_USD/candles?from=2002-03-08T00%3A00%3A00%2B00%3A00&to=2002-03-22T00%3A00%3A00%2B00%3A00&granularity=M5&price=MBA&smooth=false,200,d0d52c2050dd3d4cade31b545776b45f302047e22b5f7090bb7b1667ea56ac1e,56,2026-10-05T11:08:54.031297+00:00,timestamp-only coverage; price payload quarantined,0,0,,
2002-03-22T00:00:00+00:00,2002-04-05T00:00:00+00:00,https://api-fxpractice.oanda.com/v3/instruments/XAU_USD/candles?from=2002-03-22T00%3A00%3A00%2B00%3A00&to=2002-04-05T00%3A00%3A00%2B00%3A00&granularity=M5&price=MBA&smooth=false,200,d0d52c2050dd3d4cade31b545776b45f302047e22b5f7090bb7b1667ea56ac1e,56,2026-10-05T11:08:53.362127+00:00,timestamp-only coverage; price payload quarantined,0,0,,
2002-04-05T00:00:00+00:00,2002-04-19T00:00:00+00:00,https://api-fxpractice.oanda.com/v3/instruments/XAU_USD/candles?from=2002-04-05T00%3A00%3A00%2B00%3A00&to=2002-04-19T00%3A00%3A00%2B00%3A00&granularity=M5&price=MBA&smooth=false,200,d0d52c2050dd3d4cade31b545776b45f302047e22b5f7090bb7b1667ea56ac1e,56,2026-10-05T11:08:53.751047+00:00,timestamp-only coverage; price payload quarantined,0,0,,
2002-04-19T00:00:00+00:00,2002-05-03T00:00:00+00:00,https://api-fxpractice.oanda.com/v3/instruments/XAU_USD/candles?from=2002-04-19T00%3A00%3A00%2B00%3A00&to=2002-05-03T00%3A00%3A00%2B00%3A00&granularity=M5&price=MBA&smooth=false,200,d0d52c2050dd3d4cade31b545776b45f302047e22b5f7090bb7b1667ea56ac1e,56,2026-10-05T11:08:53.905526+00:00,timestamp-only coverage; price payload quarantined,0,0,,
2002-05-03T00:00:00+00:00,2002-05-17T00:00:00+00:00,https://api-fxpractice.oanda.com/v3/instruments/XAU_USD/candles?from=2002-05-03T00%3A00%3A00%2B00%3A00&to=2002-05-17T00%3A00%3A00%2B00%3A00&granularity=M5&price=MBA&smooth=false,200,d0d52c2050dd3d4cade31b545776b45f302047e22b5f7090bb7b1667ea56ac1e,56,2026-10-05T11:08:54.464051+00:00,timestamp-only coverage; price payload quarantined,0,0,,
2002-05-17T00:00:00+00:00,2002-05-31T00:00:00+00:00,https://api-fxpractice.oanda.com/v3/instruments/XAU_USD/candles?from=2002-05-17T00%3A00%3A00%2B00%3A00&to=2002-05-31T00%3A00%3A00%2B00%3A00&granularity=M5&price=MBA&smooth=false,200,d0d52c2050dd3d4cade31b545776b45f302047e22b5f7090bb7b1667ea56ac1e,56,2026-10-05T11:08:53.567553+00:00,timestamp-only coverage; price payload quarantined,0,0,,
2002-05-31T00:00:00+00:00,2002-06-14T00:00:00+00:00,https://api-fxpractice.oanda.com/v3/instruments/XAU_USD/candles?from=2002-05-31T00%3A00%3A00%2B00%3A00&to=2002-06-14T00%3A00%3A00%2B00%3A00&granularity=M5&price=MBA&smooth=false,200,d0d52c2050dd3d4cade31b545776b45f302047e22b5f7090bb7b1667ea56ac1e,56,2026-10-05T11:08:53.959069+00:00,timestamp-only coverage; price payload quarantined,0,0,,
2002-06-14T00:00:00+00:00,2002-06-28T00:00:00+00:00,https://api-fxpractice.oanda.com/v3/instruments/XAU_USD/candles?from=2002-06-14T00%3A00%3A00%2B00%3A00&to=2002-06-28T00%3A00%3A00%2B00%3A00&granularity=M5&price=MBA&smooth=false,200,d0d52c2050dd3d4cade31b545776b45f302047e22b5f7090bb7b1667ea56ac1e,56,2026-10-05T11:08:54.261455+00:00,timestamp-only coverage; price payload quarantined,0,0,,
2002-06-28T00:00:00+00:00,2002-07-12T00:00:00+00:00,https://api-fxpractice.oanda.com/v3/instruments/XAU_USD/candles?from=2002-06-28T00%3A00%3A00%2B00%3A00&to=2002-07-12T00%3A00%3A00%2B00%3A00&granularity=M5&price=MBA&smooth=false,200,d0d52c2050dd3d4cade31b545776b45f302047e22b5f7090bb7b1667ea56ac1e,56,2026-10-05T11:08:54.834236+00:00,timestamp-only coverage; price payload quarantined,0,0,,
2002-07-12T00:00:00+00:00,2002-07-26T00:00:00+00:00,https://api-fxpractice.oanda.com/v3/instruments/XAU_USD/candles?from=2002-07-12T00%3A00%3A00%2B00%3A00&to=2002-07-26T00%3A00%3A00%2B00%3A00&granularity=M5&price=MBA&smooth=false,200,d0d52c2050dd3d4cade31b545776b45f302047e22b5f7090bb7b1667ea56ac1e,56,2026-10-05T11:08:53.780566+00:00,timestamp-only coverage; price payload quarantined,0,0,,
2002-07-26T00:00:00+00:00,2002-08-09T00:00:00+00:00,https://api-fxpractice.oanda.com/v3/instruments/XAU_USD/candles?from=2002-07-26T00%3A00%3A00%2B00%3A00&to=2002-08-09T00%3A00%3A00%2B00%3A00&granularity=M5&price=MBA&smooth=false,200,d0d52c2050dd3d4cade31b545776b45f302047e22b5f7090bb7b1667ea56ac1e,56,2026-10-05T11:08:54.265293+00:00,timestamp-only coverage; price payload quarantined,0,0,,
2002-08-09T00:00:00+00:00,2002-08-23T00:00:00+00:00,https://api-fxpractice.oanda.com/v3/instruments/XAU_USD/candles?from=2002-08-09T00%3A00%3A00%2B00%3A00&to=2002-08-23T00%3A00%3A00%2B00%3A00&granularity=M5&price=MBA&smooth=false,200,d0d52c2050dd3d4cade31b545776b45f302047e22b5f7090bb7b1667ea56ac1e,56,2026-10-05T11:08:54.516375+00:00,timestamp-only coverage; price payload quarantined,0,0,,
2002-08-23T00:00:00+00:00,2002-09-06T00:00:00+00:00,https://api-fxpractice.oanda.com/v3/instruments/XAU_USD/candles?from=2002-08-23T00%3A00%3A00%2B00%3A00&to=2002-09-06T00%3A00%3A00%2B00%3A00&granularity=M5&price=MBA&smooth=false,200,d0d52c2050dd3d4cade31b545776b45f302047e22b5f7090bb7b1667ea56ac1e,56,2026-10-05T11:08:55.123321+00:00,timestamp-only coverage; price payload quarantined,0,0,,
2002-09-06T00:00:00+00:00,2002-09-20T00:00:00+00:00,https://api-fxpractice.oanda.com/v3/instruments/XAU_USD/candles?from=2002-09-06T00%3A00%3A00%2B00%3A00&to=2002-09-20T00%3A00%3A00%2B00%3A00&granularity=M5&price=MBA&smooth=false,200,d0d52c2050dd3d4cade31b545776b45f302047e22b5f7090bb7b1667ea56ac1e,56,2026-10-05T11:08:53.992001+00:00,timestamp-only coverage; price payload quarantined,0,0,,
2002-09-20T00:00:00+00:00,2002-10-04T00:00:00+00:00,https://api-fxpractice.oanda.com/v3/instruments/XAU_USD/candles?from=2002-09-20T00%3A00%3A00%2B00%3A00&to=2002-10-04T00%3A00%3A00%2B00%3A00&granularity=M5&price=MBA&smooth=false,200,d0d52c2050dd3d4cade31b545776b45f302047e22b5f7090bb7b1667ea56ac1e,56,2026-10-05T11:08:54.602474+00:00,timestamp-only coverage; price payload quarantined,0,0,,
2002-10-04T00:00:00+00:00,2002-10-18T00:00:00+00:00,https://api-fxpractice.oanda.com/v3/instruments/XAU_USD/candles?from=2002-10-04T00%3A00%3A00%2B00%3A00&to=2002-10-18T00%3A00%3A00%2B00%3A00&granularity=M5&price=MBA&smooth=false,200,d0d52c2050dd3d4cade31b545776b45f302047e22b5f7090bb7b1667ea56ac1e,56,2026-10-05T11:08:54.868599+00:00,timestamp-only coverage; price payload quarantined,0,0,,
2002-10-18T00:00:00+00:00,2002-11-01T00:00:00+00:00,https://api-fxpractice.oanda.com/v3/instruments/XAU_USD/candles?from=2002-10-18T00%3A00%3A00%2B00%3A00&to=2002-11-01T00%3A00%3A00%2B00%3A00&granularity=M5&price=MBA&smooth=false,200,d0d52c2050dd3d4cade31b545776b45f302047e22b5f7090bb7b1667ea56ac1e,56,2026-10-05T11:08:55.378702+00:00,timestamp-only coverage; price payload quarantined,0,0,,
2002-11-01T00:00:00+00:00,2002-11-15T00:00:00+00:00,https://api-fxpractice.oanda.com/v3/instruments/XAU_USD/candles?from=2002-11-01T00%3A00%3A00%2B00%3A00&to=2002-11-15T00%3A00%3A00%2B00%3A00&granularity=M5&price=MBA&smooth=false,200,d0d52c2050dd3d4cade31b545776b45f302047e22b5f7090bb7b1667ea56ac1e,56,2026-10-05T11:08:54.261342+00:00,timestamp-only coverage; price payload quarantined,0,0,,
2002-11-15T00:00:00+00:00,2002-11-29T00:00:00+00:00,https://api-fxpractice.oanda.com/v3/instruments/XAU_USD/candles?from=2002-11-15T00%3A00%3A00%2B00%3A00&to=2002-11-29T00%3A00%3A00%2B00%3A00&granularity=M5&price=MBA&smooth=false,200,d0d52c2050dd3d4cade31b545776b45f302047e22b5f7090bb7b1667ea56ac1e,56,2026-10-05T11:08:54.947349+00:00,timestamp-only coverage; price payload quarantined,0,0,,
2002-11-29T00:00:00+00:00,2002-12-13T00:00:00+00:00,https://api-fxpractice.oanda.com/v3/instruments/XAU_USD/candles?from=2002-11-29T00%3A00%3A00%2B00%3A00&to=2002-12-13T00%3A00%3A00%2B00%3A00&granularity=M5&price=MBA&smooth=false,200,d0d52c2050dd3d4cade31b545776b45f302047e22b5f7090bb7b1667ea56ac1e,56,2026-10-05T11:08:55.151469+00:00,timestamp-only coverage; price payload quarantined,0,0,,
2002-12-13T00:00:00+00:00,2002-12-27T00:00:00+00:00,https://api-fxpractice.oanda.com/v3/instruments/XAU_USD/candles?from=2002-12-13T00%3A00%3A00%2B00%3A00&to=2002-12-27T00%3A00%3A00%2B00%3A00&granularity=M5&price=MBA&smooth=false,200,d0d52c2050dd3d4cade31b545776b45f302047e22b5f7090bb7b1667ea56ac1e,56,2026-10-05T11:08:55.918100+00:00,timestamp-only coverage; price payload quarantined,0,0,,
2002-12-27T00:00:00+00:00,2003-01-10T00:00:00+00:00,https://api-fxpractice.oanda.com/v3/instruments/XAU_USD/candles?from=2002-12-27T00%3A00%3A00%2B00%3A00&to=2003-01-10T00%3A00%3A00%2B00%3A00&granularity=M5&price=MBA&smooth=false,200,d0d52c2050dd3d4cade31b545776b45f302047e22b5f7090bb7b1667ea56ac1e,56,2026-10-05T11:08:54.549704+00:00,timestamp-only coverage; price payload quarantined,0,0,,
2003-01-10T00:00:00+00:00,2003-01-24T00:00:00+00:00,https://api-fxpractice.oanda.com/v3/instruments/XAU_USD/candles?from=2003-01-10T00%3A00%3A00%2B00%3A00&to=2003-01-24T00%3A00%3A00%2B00%3A00&granularity=M5&price=MBA&smooth=false,200,d0d52c2050dd3d4cade31b545776b45f302047e22b5f7090bb7b1667ea56ac1e,56,2026-10-05T11:08:55.323520+00:00,timestamp-only coverage; price payload quarantined,0,0,,
2003-01-24T00:00:00+00:00,2003-02-07T00:00:00+00:00,https://api-fxpractice.oanda.com/v3/instruments/XAU_USD/candles?from=2003-01-24T00%3A00%3A00%2B00%3A00&to=2003-02-07T00%3A00%3A00%2B00%3A00&granularity=M5&price=MBA&smooth=false,200,d0d52c2050dd3d4cade31b545776b45f302047e22b5f7090bb7b1667ea56ac1e,56,2026-10-05T11:08:55.360146+00:00,timestamp-only coverage; price payload quarantined,0,0,,
2003-02-07T00:00:00+00:00,2003-02-21T00:00:00+00:00,https://api-fxpractice.oanda.com/v3/instruments/XAU_USD/candles?from=2003-02-07T00%3A00%3A00%2B00%3A00&to=2003-02-21T00%3A00%3A00%2B00%3A00&granularity=M5&price=MBA&smooth=false,200,d0d52c2050dd3d4cade31b545776b45f302047e22b5f7090bb7b1667ea56ac1e,56,2026-10-05T11:08:56.244280+00:00,timestamp-only coverage; price payload quarantined,0,0,,
2003-02-21T00:00:00+00:00,2003-03-07T00:00:00+00:00,https://api-fxpractice.oanda.com/v3/instruments/XAU_USD/candles?from=2003-02-21T00%3A00%3A00%2B00%3A00&to=2003-03-07T00%3A00%3A00%2B00%3A00&granularity=M5&price=MBA&smooth=false,200,d0d52c2050dd3d4cade31b545776b45f302047e22b5f7090bb7b1667ea56ac1e,56,2026-10-05T11:08:54.943878+00:00,timestamp-only coverage; price payload quarantined,0,0,,
2003-03-07T00:00:00+00:00,2003-03-21T00:00:00+00:00,https://api-fxpractice.oanda.com/v3/instruments/XAU_USD/candles?from=2003-03-07T00%3A00%3A00%2B00%3A00&to=2003-03-21T00%3A00%3A00%2B00%3A00&granularity=M5&price=MBA&smooth=false,200,d0d52c2050dd3d4cade31b545776b45f302047e22b5f7090bb7b1667ea56ac1e,56,2026-10-05T11:08:55.544587+00:00,timestamp-only coverage; price payload quarantined,0,0,,
2003-03-21T00:00:00+00:00,2003-04-04T00:00:00+00:00,https://api-fxpractice.oanda.com/v3/instruments/XAU_USD/candles?from=2003-03-21T00%3A00%3A00%2B00%3A00&to=2003-04-04T00%3A00%3A00%2B00%3A00&granularity=M5&price=MBA&smooth=false,200,d0d52c2050dd3d4cade31b545776b45f302047e22b5f7090bb7b1667ea56ac1e,56,2026-10-05T11:08:55.773809+00:00,timestamp-only coverage; price payload quarantined,0,0,,
2003-04-04T00:00:00+00:00,2003-04-18T00:00:00+00:00,https://api-fxpractice.oanda.com/v3/instruments/XAU_USD/candles?from=2003-04-04T00%3A00%3A00%2B00%3A00&to=2003-04-18T00%3A00%3A00%2B00%3A00&granularity=M5&price=MBA&smooth=false,200,d0d52c2050dd3d4cade31b545776b45f302047e22b5f7090bb7b1667ea56ac1e,56,2026-10-05T11:08:56.541304+00:00,timestamp-only coverage; price payload quarantined,0,0,,
2003-04-18T00:00:00+00:00,2003-05-02T00:00:00+00:00,https://api-fxpractice.oanda.com/v3/instruments/XAU_USD/candles?from=2003-04-18T00%3A00%3A00%2B00%3A00&to=2003-05-02T00%3A00%3A00%2B00%3A00&granularity=M5&price=MBA&smooth=false,200,d0d52c2050dd3d4cade31b545776b45f302047e22b5f7090bb7b1667ea56ac1e,56,2026-10-05T11:08:55.270991+00:00,timestamp-only coverage; price payload quarantined,0,0,,
2003-05-02T00:00:00+00:00,2003-05-16T00:00:00+00:00,https://api-fxpractice.oanda.com/v3/instruments/XAU_USD/candles?from=2003-05-02T00%3A00%3A00%2B00%3A00&to=2003-05-16T00%3A00%3A00%2B00%3A00&granularity=M5&price=MBA&smooth=false,200,d0d52c2050dd3d4cade31b545776b45f302047e22b5f7090bb7b1667ea56ac1e,56,2026-10-05T11:08:56.025734+00:00,timestamp-only coverage; price payload quarantined,0,0,,
2003-05-16T00:00:00+00:00,2003-05-30T00:00:00+00:00,https://api-fxpractice.oanda.com/v3/instruments/XAU_USD/candles?from=2003-05-16T00%3A00%3A00%2B00%3A00&to=2003-05-30T00%3A00%3A00%2B00%3A00&granularity=M5&price=MBA&smooth=false,200,d0d52c2050dd3d4cade31b545776b45f302047e22b5f7090bb7b1667ea56ac1e,56,2026-10-05T11:08:56.195939+00:00,timestamp-only coverage; price payload quarantined,0,0,,
2003-05-30T00:00:00+00:00,2003-06-13T00:00:00+00:00,https://api-fxpractice.oanda.com/v3/instruments/XAU_USD/candles?from=2003-05-30T00%3A00%3A00%2B00%3A00&to=2003-06-13T00%3A00%3A00%2B00%3A00&granularity=M5&price=MBA&smooth=false,200,d0d52c2050dd3d4cade31b545776b45f302047e22b5f7090bb7b1667ea56ac1e,56,2026-10-05T11:08:56.771654+00:00,timestamp-only coverage; price payload quarantined,0,0,,
2003-06-13T00:00:00+00:00,2003-06-27T00:00:00+00:00,https://api-fxpractice.oanda.com/v3/instruments/XAU_USD/candles?from=2003-06-13T00%3A00%3A00%2B00%3A00&to=2003-06-27T00%3A00%3A00%2B00%3A00&granularity=M5&price=MBA&smooth=false,200,d0d52c2050dd3d4cade31b545776b45f302047e22b5f7090bb7b1667ea56ac1e,56,2026-10-05T11:08:55.533956+00:00,timestamp-only coverage; price payload quarantined,0,0,,
2003-06-27T00:00:00+00:00,2003-07-11T00:00:00+00:00,https://api-fxpractice.oanda.com/v3/instruments/XAU_USD/candles?from=2003-06-27T00%3A00%3A00%2B00%3A00&to=2003-07-11T00%3A00%3A00%2B00%3A00&granularity=M5&price=MBA&smooth=false,200,d0d52c2050dd3d4cade31b545776b45f302047e22b5f7090bb7b1667ea56ac1e,56,2026-10-05T11:08:56.305344+00:00,timestamp-only coverage; price payload quarantined,0,0,,
2003-07-11T00:00:00+00:00,2003-07-25T00:00:00+00:00,https://api-fxpractice.oanda.com/v3/instruments/XAU_USD/candles?from=2003-07-11T00%3A00%3A00%2B00%3A00&to=2003-07-25T00%3A00%3A00%2B00%3A00&granularity=M5&price=MBA&smooth=false,200,d0d52c2050dd3d4cade31b545776b45f302047e22b5f7090bb7b1667ea56ac1e,56,2026-10-05T11:08:56.429942+00:00,timestamp-only coverage; price payload quarantined,0,0,,
2003-07-25T00:00:00+00:00,2003-08-08T00:00:00+00:00,https://api-fxpractice.oanda.com/v3/instruments/XAU_USD/candles?from=2003-07-25T00%3A00%3A00%2B00%3A00&to=2003-08-08T00%3A00%3A00%2B00%3A00&granularity=M5&price=MBA&smooth=false,200,d0d52c2050dd3d4cade31b545776b45f302047e22b5f7090bb7b1667ea56ac1e,56,2026-10-05T11:08:57.001309+00:00,timestamp-only coverage; price payload quarantined,0,0,,
2003-08-08T00:00:00+00:00,2003-08-22T00:00:00+00:00,https://api-fxpractice.oanda.com/v3/instruments/XAU_USD/candles?from=2003-08-08T00%3A00%3A00%2B00%3A00&to=2003-08-22T00%3A00%3A00%2B00%3A00&granularity=M5&price=MBA&smooth=false,200,d0d52c2050dd3d4cade31b545776b45f302047e22b5f7090bb7b1667ea56ac1e,56,2026-10-05T11:08:56.005480+00:00,timestamp-only coverage; price payload quarantined,0,0,,
2003-08-22T00:00:00+00:00,2003-09-05T00:00:00+00:00,https://api-fxpractice.oanda.com/v3/instruments/XAU_USD/candles?from=2003-08-22T00%3A00%3A00%2B00%3A00&to=2003-09-05T00%3A00%3A00%2B00%3A00&granularity=M5&price=MBA&smooth=false,200,d0d52c2050dd3d4cade31b545776b45f302047e22b5f7090bb7b1667ea56ac1e,56,2026-10-05T11:08:56.513647+00:00,timestamp-only coverage; price payload quarantined,0,0,,
2003-09-05T00:00:00+00:00,2003-09-19T00:00:00+00:00,https://api-fxpractice.oanda.com/v3/instruments/XAU_USD/candles?from=2003-09-05T00%3A00%3A00%2B00%3A00&to=2003-09-19T00%3A00%3A00%2B00%3A00&granularity=M5&price=MBA&smooth=false,200,d0d52c2050dd3d4cade31b545776b45f302047e22b5f7090bb7b1667ea56ac1e,56,2026-10-05T11:08:56.696250+00:00,timestamp-only coverage; price payload quarantined,0,0,,
2003-09-19T00:00:00+00:00,2003-10-03T00:00:00+00:00,https://api-fxpractice.oanda.com/v3/instruments/XAU_USD/candles?from=2003-09-19T00%3A00%3A00%2B00%3A00&to=2003-10-03T00%3A00%3A00%2B00%3A00&granularity=M5&price=MBA&smooth=false,200,d0d52c2050dd3d4cade31b545776b45f302047e22b5f7090bb7b1667ea56ac1e,56,2026-10-05T11:08:57.548024+00:00,timestamp-only coverage; price payload quarantined,0,0,,
2003-10-03T00:00:00+00:00,2003-10-17T00:00:00+00:00,https://api-fxpractice.oanda.com/v3/instruments/XAU_USD/candles?from=2003-10-03T00%3A00%3A00%2B00%3A00&to=2003-10-17T00%3A00%3A00%2B00%3A00&granularity=M5&price=MBA&smooth=false,200,d0d52c2050dd3d4cade31b545776b45f302047e22b5f7090bb7b1667ea56ac1e,56,2026-10-05T11:08:56.313799+00:00,timestamp-only coverage; price payload quarantined,0,0,,
2003-10-17T00:00:00+00:00,2003-10-31T00:00:00+00:00,https://api-fxpractice.oanda.com/v3/instruments/XAU_USD/candles?from=2003-10-17T00%3A00%3A00%2B00%3A00&to=2003-10-31T00%3A00%3A00%2B00%3A00&granularity=M5&price=MBA&smooth=false,200,d0d52c2050dd3d4cade31b545776b45f302047e22b5f7090bb7b1667ea56ac1e,56,2026-10-05T11:08:56.850859+00:00,timestamp-only coverage; price payload quarantined,0,0,,
2003-10-31T00:00:00+00:00,2003-11-14T00:00:00+00:00,https://api-fxpractice.oanda.com/v3/instruments/XAU_USD/candles?from=2003-10-31T00%3A00%3A00%2B00%3A00&to=2003-11-14T00%3A00%3A00%2B00%3A00&granularity=M5&price=MBA&smooth=false,200,d0d52c2050dd3d4cade31b545776b45f302047e22b5f7090bb7b1667ea56ac1e,56,2026-10-05T11:08:56.999624+00:00,timestamp-only coverage; price payload quarantined,0,0,,
2003-11-14T00:00:00+00:00,2003-11-28T00:00:00+00:00,https://api-fxpractice.oanda.com/v3/instruments/XAU_USD/candles?from=2003-11-14T00%3A00%3A00%2B00%3A00&to=2003-11-28T00%3A00%3A00%2B00%3A00&granularity=M5&price=MBA&smooth=false,200,d0d52c2050dd3d4cade31b545776b45f302047e22b5f7090bb7b1667ea56ac1e,56,2026-10-05T11:08:57.980644+00:00,timestamp-only coverage; price payload quarantined,0,0,,
2003-11-28T00:00:00+00:00,2003-12-12T00:00:00+00:00,https://api-fxpractice.oanda.com/v3/instruments/XAU_USD/candles?from=2003-11-28T00%3A00%3A00%2B00%3A00&to=2003-12-12T00%3A00%3A00%2B00%3A00&granularity=M5&price=MBA&smooth=false,200,d0d52c2050dd3d4cade31b545776b45f302047e22b5f7090bb7b1667ea56ac1e,56,2026-10-05T11:08:56.728901+00:00,timestamp-only coverage; price payload quarantined,0,0,,
2003-12-12T00:00:00+00:00,2003-12-26T00:00:00+00:00,https://api-fxpractice.oanda.com/v3/instruments/XAU_USD/candles?from=2003-12-12T00%3A00%3A00%2B00%3A00&to=2003-12-26T00%3A00%3A00%2B00%3A00&granularity=M5&price=MBA&smooth=false,200,d0d52c2050dd3d4cade31b545776b45f302047e22b5f7090bb7b1667ea56ac1e,56,2026-10-05T11:08:57.338309+00:00,timestamp-only coverage; price payload quarantined,0,0,,
2003-12-26T00:00:00+00:00,2004-01-09T00:00:00+00:00,https://api-fxpractice.oanda.com/v3/instruments/XAU_USD/candles?from=2003-12-26T00%3A00%3A00%2B00%3A00&to=2004-01-09T00%3A00%3A00%2B00%3A00&granularity=M5&price=MBA&smooth=false,200,d0d52c2050dd3d4cade31b545776b45f302047e22b5f7090bb7b1667ea56ac1e,56,2026-10-05T11:08:57.540045+00:00,timestamp-only coverage; price payload quarantined,0,0,,
2004-01-09T00:00:00+00:00,2004-01-23T00:00:00+00:00,https://api-fxpractice.oanda.com/v3/instruments/XAU_USD/candles?from=2004-01-09T00%3A00%3A00%2B00%3A00&to=2004-01-23T00%3A00%3A00%2B00%3A00&granularity=M5&price=MBA&smooth=false,200,d0d52c2050dd3d4cade31b545776b45f302047e22b5f7090bb7b1667ea56ac1e,56,2026-10-05T11:08:58.199768+00:00,timestamp-only coverage; price payload quarantined,0,0,,
2004-01-23T00:00:00+00:00,2004-02-06T00:00:00+00:00,https://api-fxpractice.oanda.com/v3/instruments/XAU_USD/candles?from=2004-01-23T00%3A00%3A00%2B00%3A00&to=2004-02-06T00%3A00%3A00%2B00%3A00&granularity=M5&price=MBA&smooth=false,200,d0d52c2050dd3d4cade31b545776b45f302047e22b5f7090bb7b1667ea56ac1e,56,2026-10-05T11:08:56.936414+00:00,timestamp-only coverage; price payload quarantined,0,0,,
2004-02-06T00:00:00+00:00,2004-02-20T00:00:00+00:00,https://api-fxpractice.oanda.com/v3/instruments/XAU_USD/candles?from=2004-02-06T00%3A00%3A00%2B00%3A00&to=2004-02-20T00%3A00%3A00%2B00%3A00&granularity=M5&price=MBA&smooth=false,200,d0d52c2050dd3d4cade31b545776b45f302047e22b5f7090bb7b1667ea56ac1e,56,2026-10-05T11:08:57.956114+00:00,timestamp-only coverage; price payload quarantined,0,0,,
2004-02-20T00:00:00+00:00,2004-03-05T00:00:00+00:00,https://api-fxpractice.oanda.com/v3/instruments/XAU_USD/candles?from=2004-02-20T00%3A00%3A00%2B00%3A00&to=2004-03-05T00%3A00%3A00%2B00%3A00&granularity=M5&price=MBA&smooth=false,200,d0d52c2050dd3d4cade31b545776b45f302047e22b5f7090bb7b1667ea56ac1e,56,2026-10-05T11:08:57.983793+00:00,timestamp-only coverage; price payload quarantined,0,0,,
2004-03-05T00:00:00+00:00,2004-03-19T00:00:00+00:00,https://api-fxpractice.oanda.com/v3/instruments/XAU_USD/candles?from=2004-03-05T00%3A00%3A00%2B00%3A00&to=2004-03-19T00%3A00%3A00%2B00%3A00&granularity=M5&price=MBA&smooth=false,200,d0d52c2050dd3d4cade31b545776b45f302047e22b5f7090bb7b1667ea56ac1e,56,2026-10-05T11:08:58.924157+00:00,timestamp-only coverage; price payload quarantined,0,0,,
2004-03-19T00:00:00+00:00,2004-04-02T00:00:00+00:00,https://api-fxpractice.oanda.com/v3/instruments/XAU_USD/candles?from=2004-03-19T00%3A00%3A00%2B00%3A00&to=2004-04-02T00%3A00%3A00%2B00%3A00&granularity=M5&price=MBA&smooth=false,200,d0d52c2050dd3d4cade31b545776b45f302047e22b5f7090bb7b1667ea56ac1e,56,2026-10-05T11:08:57.238624+00:00,timestamp-only coverage; price payload quarantined,0,0,,
2004-04-02T00:00:00+00:00,2004-04-16T00:00:00+00:00,https://api-fxpractice.oanda.com/v3/instruments/XAU_USD/candles?from=2004-04-02T00%3A00%3A00%2B00%3A00&to=2004-04-16T00%3A00%3A00%2B00%3A00&granularity=M5&price=MBA&smooth=false,200,d0d52c2050dd3d4cade31b545776b45f302047e22b5f7090bb7b1667ea56ac1e,56,2026-10-05T11:08:58.324131+00:00,timestamp-only coverage; price payload quarantined,0,0,,
2004-04-16T00:00:00+00:00,2004-04-30T00:00:00+00:00,https://api-fxpractice.oanda.com/v3/instruments/XAU_USD/candles?from=2004-04-16T00%3A00%3A00%2B00%3A00&to=2004-04-30T00%3A00%3A00%2B00%3A00&granularity=M5&price=MBA&smooth=false,200,d0d52c2050dd3d4cade31b545776b45f302047e22b5f7090bb7b1667ea56ac1e,56,2026-10-05T11:08:58.258923+00:00,timestamp-only coverage; price payload quarantined,0,0,,
2004-04-30T00:00:00+00:00,2004-05-14T00:00:00+00:00,https://api-fxpractice.oanda.com/v3/instruments/XAU_USD/candles?from=2004-04-30T00%3A00%3A00%2B00%3A00&to=2004-05-14T00%3A00%3A00%2B00%3A00&granularity=M5&price=MBA&smooth=false,200,d0d52c2050dd3d4cade31b545776b45f302047e22b5f7090bb7b1667ea56ac1e,56,2026-10-05T11:08:59.374115+00:00,timestamp-only coverage; price payload quarantined,0,0,,
2004-05-14T00:00:00+00:00,2004-05-28T00:00:00+00:00,https://api-fxpractice.oanda.com/v3/instruments/XAU_USD/candles?from=2004-05-14T00%3A00%3A00%2B00%3A00&to=2004-05-28T00%3A00%3A00%2B00%3A00&granularity=M5&price=MBA&smooth=false,200,d0d52c2050dd3d4cade31b545776b45f302047e22b5f7090bb7b1667ea56ac1e,56,2026-10-05T11:08:57.658804+00:00,timestamp-only coverage; price payload quarantined,0,0,,
2004-05-28T00:00:00+00:00,2004-06-11T00:00:00+00:00,https://api-fxpractice.oanda.com/v3/instruments/XAU_USD/candles?from=2004-05-28T00%3A00%3A00%2B00%3A00&to=2004-06-11T00%3A00%3A00%2B00%3A00&granularity=M5&price=MBA&smooth=false,200,d0d52c2050dd3d4cade31b545776b45f302047e22b5f7090bb7b1667ea56ac1e,56,2026-10-05T11:08:58.924229+00:00,timestamp-only coverage; price payload quarantined,0,0,,
2004-06-11T00:00:00+00:00,2004-06-25T00:00:00+00:00,https://api-fxpractice.oanda.com/v3/instruments/XAU_USD/candles?from=2004-06-11T00%3A00%3A00%2B00%3A00&to=2004-06-25T00%3A00%3A00%2B00%3A00&granularity=M5&price=MBA&smooth=false,200,d0d52c2050dd3d4cade31b545776b45f302047e22b5f7090bb7b1667ea56ac1e,56,2026-10-05T11:08:58.803812+00:00,timestamp-only coverage; price payload quarantined,0,0,,
2004-06-25T00:00:00+00:00,2004-07-09T00:00:00+00:00,https://api-fxpractice.oanda.com/v3/instruments/XAU_USD/candles?from=2004-06-25T00%3A00%3A00%2B00%3A00&to=2004-07-09T00%3A00%3A00%2B00%3A00&granularity=M5&price=MBA&smooth=false,200,d0d52c2050dd3d4cade31b545776b45f302047e22b5f7090bb7b1667ea56ac1e,56,2026-10-05T11:08:59.645462+00:00,timestamp-only coverage; price payload quarantined,0,0,,
2004-07-09T00:00:00+00:00,2004-07-23T00:00:00+00:00,https://api-fxpractice.oanda.com/v3/instruments/XAU_USD/candles?from=2004-07-09T00%3A00%3A00%2B00%3A00&to=2004-07-23T00%3A00%3A00%2B00%3A00&granularity=M5&price=MBA&smooth=false,200,d0d52c2050dd3d4cade31b545776b45f302047e22b5f7090bb7b1667ea56ac1e,56,2026-10-05T11:08:58.028772+00:00,timestamp-only coverage; price payload quarantined,0,0,,
2004-07-23T00:00:00+00:00,2004-08-06T00:00:00+00:00,https://api-fxpractice.oanda.com/v3/instruments/XAU_USD/candles?from=2004-07-23T00%3A00%3A00%2B00%3A00&to=2004-08-06T00%3A00%3A00%2B00%3A00&granularity=M5&price=MBA&smooth=false,200,d0d52c2050dd3d4cade31b545776b45f302047e22b5f7090bb7b1667ea56ac1e,56,2026-10-05T11:08:59.216410+00:00,timestamp-only coverage; price payload quarantined,0,0,,
2004-08-06T00:00:00+00:00,2004-08-20T00:00:00+00:00,https://api-fxpractice.oanda.com/v3/instruments/XAU_USD/candles?from=2004-08-06T00%3A00%3A00%2B00%3A00&to=2004-08-20T00%3A00%3A00%2B00%3A00&granularity=M5&price=MBA&smooth=false,200,d0d52c2050dd3d4cade31b545776b45f302047e22b5f7090bb7b1667ea56ac1e,56,2026-10-05T11:08:59.055346+00:00,timestamp-only coverage; price payload quarantined,0,0,,
2004-08-20T00:00:00+00:00,2004-09-03T00:00:00+00:00,https://api-fxpractice.oanda.com/v3/instruments/XAU_USD/candles?from=2004-08-20T00%3A00%3A00%2B00%3A00&to=2004-09-03T00%3A00%3A00%2B00%3A00&granularity=M5&price=MBA&smooth=false,200,d0d52c2050dd3d4cade31b545776b45f302047e22b5f7090bb7b1667ea56ac1e,56,2026-10-05T11:09:00.036840+00:00,timestamp-only coverage; price payload quarantined,0,0,,
2004-09-03T00:00:00+00:00,2004-09-17T00:00:00+00:00,https://api-fxpractice.oanda.com/v3/instruments/XAU_USD/candles?from=2004-09-03T00%3A00%3A00%2B00%3A00&to=2004-09-17T00%3A00%3A00%2B00%3A00&granularity=M5&price=MBA&smooth=false,200,d0d52c2050dd3d4cade31b545776b45f302047e22b5f7090bb7b1667ea56ac1e,56,2026-10-05T11:08:58.324216+00:00,timestamp-only coverage; price payload quarantined,0,0,,
2004-09-17T00:00:00+00:00,2004-10-01T00:00:00+00:00,https://api-fxpractice.oanda.com/v3/instruments/XAU_USD/candles?from=2004-09-17T00%3A00%3A00%2B00%3A00&to=2004-10-01T00%3A00%3A00%2B00%3A00&granularity=M5&price=MBA&smooth=false,200,d0d52c2050dd3d4cade31b545776b45f302047e22b5f7090bb7b1667ea56ac1e,56,2026-10-05T11:08:59.454216+00:00,timestamp-only coverage; price payload quarantined,0,0,,
2004-10-01T00:00:00+00:00,2004-10-15T00:00:00+00:00,https://api-fxpractice.oanda.com/v3/instruments/XAU_USD/candles?from=2004-10-01T00%3A00%3A00%2B00%3A00&to=2004-10-15T00%3A00%3A00%2B00%3A00&granularity=M5&price=MBA&smooth=false,200,d0d52c2050dd3d4cade31b545776b45f302047e22b5f7090bb7b1667ea56ac1e,56,2026-10-05T11:08:59.264949+00:00,timestamp-only coverage; price payload quarantined,0,0,,
2004-10-15T00:00:00+00:00,2004-10-29T00:00:00+00:00,https://api-fxpractice.oanda.com/v3/instruments/XAU_USD/candles?from=2004-10-15T00%3A00%3A00%2B00%3A00&to=2004-10-29T00%3A00%3A00%2B00%3A00&granularity=M5&price=MBA&smooth=false,200,d0d52c2050dd3d4cade31b545776b45f302047e22b5f7090bb7b1667ea56ac1e,56,2026-10-05T11:09:00.467987+00:00,timestamp-only coverage; price payload quarantined,0,0,,
2004-10-29T00:00:00+00:00,2004-11-12T00:00:00+00:00,https://api-fxpractice.oanda.com/v3/instruments/XAU_USD/candles?from=2004-10-29T00%3A00%3A00%2B00%3A00&to=2004-11-12T00%3A00%3A00%2B00%3A00&granularity=M5&price=MBA&smooth=false,200,d0d52c2050dd3d4cade31b545776b45f302047e22b5f7090bb7b1667ea56ac1e,56,2026-10-05T11:08:58.846566+00:00,timestamp-only coverage; price payload quarantined,0,0,,
2004-11-12T00:00:00+00:00,2004-11-26T00:00:00+00:00,https://api-fxpractice.oanda.com/v3/instruments/XAU_USD/candles?from=2004-11-12T00%3A00%3A00%2B00%3A00&to=2004-11-26T00%3A00%3A00%2B00%3A00&granularity=M5&price=MBA&smooth=false,200,d0d52c2050dd3d4cade31b545776b45f302047e22b5f7090bb7b1667ea56ac1e,56,2026-10-05T11:08:59.663697+00:00,timestamp-only coverage; price payload quarantined,0,0,,
2004-11-26T00:00:00+00:00,2004-12-10T00:00:00+00:00,https://api-fxpractice.oanda.com/v3/instruments/XAU_USD/candles?from=2004-11-26T00%3A00%3A00%2B00%3A00&to=2004-12-10T00%3A00%3A00%2B00%3A00&granularity=M5&price=MBA&smooth=false,200,d0d52c2050dd3d4cade31b545776b45f302047e22b5f7090bb7b1667ea56ac1e,56,2026-10-05T11:08:59.532235+00:00,timestamp-only coverage; price payload quarantined,0,0,,
2004-12-10T00:00:00+00:00,2004-12-24T00:00:00+00:00,https://api-fxpractice.oanda.com/v3/instruments/XAU_USD/candles?from=2004-12-10T00%3A00%3A00%2B00%3A00&to=2004-12-24T00%3A00%3A00%2B00%3A00&granularity=M5&price=MBA&smooth=false,200,d0d52c2050dd3d4cade31b545776b45f302047e22b5f7090bb7b1667ea56ac1e,56,2026-10-05T11:09:01.091109+00:00,timestamp-only coverage; price payload quarantined,0,0,,
2004-12-24T00:00:00+00:00,2005-01-07T00:00:00+00:00,https://api-fxpractice.oanda.com/v3/instruments/XAU_USD/candles?from=2004-12-24T00%3A00%3A00%2B00%3A00&to=2005-01-07T00%3A00%3A00%2B00%3A00&granularity=M5&price=MBA&smooth=false,200,d0d52c2050dd3d4cade31b545776b45f302047e22b5f7090bb7b1667ea56ac1e,56,2026-10-05T11:08:59.252264+00:00,timestamp-only coverage; price payload quarantined,0,0,,
2005-01-07T00:00:00+00:00,2005-01-21T00:00:00+00:00,https://api-fxpractice.oanda.com/v3/instruments/XAU_USD/candles?from=2005-01-07T00%3A00%3A00%2B00%3A00&to=2005-01-21T00%3A00%3A00%2B00%3A00&granularity=M5&price=MBA&smooth=false,200,d0d52c2050dd3d4cade31b545776b45f302047e22b5f7090bb7b1667ea56ac1e,56,2026-10-05T11:09:00.124555+00:00,timestamp-only coverage; price payload quarantined,0,0,,
2005-01-21T00:00:00+00:00,2005-02-04T00:00:00+00:00,https://api-fxpractice.oanda.com/v3/instruments/XAU_USD/candles?from=2005-01-21T00%3A00%3A00%2B00%3A00&to=2005-02-04T00%3A00%3A00%2B00%3A00&granularity=M5&price=MBA&smooth=false,200,d0d52c2050dd3d4cade31b545776b45f302047e22b5f7090bb7b1667ea56ac1e,56,2026-10-05T11:08:59.785853+00:00,timestamp-only coverage; price payload quarantined,0,0,,
2005-02-04T00:00:00+00:00,2005-02-18T00:00:00+00:00,https://api-fxpractice.oanda.com/v3/instruments/XAU_USD/candles?from=2005-02-04T00%3A00%3A00%2B00%3A00&to=2005-02-18T00%3A00%3A00%2B00%3A00&granularity=M5&price=MBA&smooth=false,200,d0d52c2050dd3d4cade31b545776b45f302047e22b5f7090bb7b1667ea56ac1e,56,2026-10-05T11:09:01.740091+00:00,timestamp-only coverage; price payload quarantined,0,0,,
2005-02-18T00:00:00+00:00,2005-03-04T00:00:00+00:00,https://api-fxpractice.oanda.com/v3/instruments/XAU_USD/candles?from=2005-02-18T00%3A00%3A00%2B00%3A00&to=2005-03-04T00%3A00%3A00%2B00%3A00&granularity=M5&price=MBA&smooth=false,200,d0d52c2050dd3d4cade31b545776b45f302047e22b5f7090bb7b1667ea56ac1e,56,2026-10-05T11:08:59.461013+00:00,timestamp-only coverage; price payload quarantined,0,0,,
2005-03-04T00:00:00+00:00,2005-03-18T00:00:00+00:00,https://api-fxpractice.oanda.com/v3/instruments/XAU_USD/candles?from=2005-03-04T00%3A00%3A00%2B00%3A00&to=2005-03-18T00%3A00%3A00%2B00%3A00&granularity=M5&price=MBA&smooth=false,200,d0d52c2050dd3d4cade31b545776b45f302047e22b5f7090bb7b1667ea56ac1e,56,2026-10-05T11:09:00.653985+00:00,timestamp-only coverage; price payload quarantined,0,0,,
2005-03-18T00:00:00+00:00,2005-04-01T00:00:00+00:00,https://api-fxpractice.oanda.com/v3/instruments/XAU_USD/candles?from=2005-03-18T00%3A00%3A00%2B00%3A00&to=2005-04-01T00%3A00%3A00%2B00%3A00&granularity=M5&price=MBA&smooth=false,200,d0d52c2050dd3d4cade31b545776b45f302047e22b5f7090bb7b1667ea56ac1e,56,2026-10-05T11:09:00.049749+00:00,timestamp-only coverage; price payload quarantined,0,0,,
2005-04-01T00:00:00+00:00,2005-04-15T00:00:00+00:00,https://api-fxpractice.oanda.com/v3/instruments/XAU_USD/candles?from=2005-04-01T00%3A00%3A00%2B00%3A00&to=2005-04-15T00%3A00%3A00%2B00%3A00&granularity=M5&price=MBA&smooth=false,200,d0d52c2050dd3d4cade31b545776b45f302047e22b5f7090bb7b1667ea56ac1e,56,2026-10-05T11:09:02.154545+00:00,timestamp-only coverage; price payload quarantined,0,0,,
2005-04-15T00:00:00+00:00,2005-04-29T00:00:00+00:00,https://api-fxpractice.oanda.com/v3/instruments/XAU_USD/candles?from=2005-04-15T00%3A00%3A00%2B00%3A00&to=2005-04-29T00%3A00%3A00%2B00%3A00&granularity=M5&price=MBA&smooth=false,200,d0d52c2050dd3d4cade31b545776b45f302047e22b5f7090bb7b1667ea56ac1e,56,2026-10-05T11:08:59.673764+00:00,timestamp-only coverage; price payload quarantined,0,0,,
2005-04-29T00:00:00+00:00,2005-05-13T00:00:00+00:00,https://api-fxpractice.oanda.com/v3/instruments/XAU_USD/candles?from=2005-04-29T00%3A00%3A00%2B00%3A00&to=2005-05-13T00%3A00%3A00%2B00%3A00&granularity=M5&price=MBA&smooth=false,200,d0d52c2050dd3d4cade31b545776b45f302047e22b5f7090bb7b1667ea56ac1e,56,2026-10-05T11:09:01.705450+00:00,timestamp-only coverage; price payload quarantined,0,0,,
2005-05-13T00:00:00+00:00,2005-05-27T00:00:00+00:00,https://api-fxpractice.oanda.com/v3/instruments/XAU_USD/candles?from=2005-05-13T00%3A00%3A00%2B00%3A00&to=2005-05-27T00%3A00%3A00%2B00%3A00&granularity=M5&price=MBA&smooth=false,200,d0d52c2050dd3d4cade31b545776b45f302047e22b5f7090bb7b1667ea56ac1e,56,2026-10-05T11:09:00.495700+00:00,timestamp-only coverage; price payload quarantined,0,0,,
2005-05-27T00:00:00+00:00,2005-06-10T00:00:00+00:00,https://api-fxpractice.oanda.com/v3/instruments/XAU_USD/candles?from=2005-05-27T00%3A00%3A00%2B00%3A00&to=2005-06-10T00%3A00%3A00%2B00%3A00&granularity=M5&price=MBA&smooth=false,200,d0d52c2050dd3d4cade31b545776b45f302047e22b5f7090bb7b1667ea56ac1e,56,2026-10-05T11:09:03.244154+00:00,timestamp-only coverage; price payload quarantined,0,0,,
2005-06-10T00:00:00+00:00,2005-06-24T00:00:00+00:00,https://api-fxpractice.oanda.com/v3/instruments/XAU_USD/candles?from=2005-06-10T00%3A00%3A00%2B00%3A00&to=2005-06-24T00%3A00%3A00%2B00%3A00&granularity=M5&price=MBA&smooth=false,200,d0d52c2050dd3d4cade31b545776b45f302047e22b5f7090bb7b1667ea56ac1e,56,2026-10-05T11:08:59.877954+00:00,timestamp-only coverage; price payload quarantined,0,0,,
2005-06-24T00:00:00+00:00,2005-07-08T00:00:00+00:00,https://api-fxpractice.oanda.com/v3/instruments/XAU_USD/candles?from=2005-06-24T00%3A00%3A00%2B00%3A00&to=2005-07-08T00%3A00%3A00%2B00%3A00&granularity=M5&price=MBA&smooth=false,200,d0d52c2050dd3d4cade31b545776b45f302047e22b5f7090bb7b1667ea56ac1e,56,2026-10-05T11:09:01.916766+00:00,timestamp-only coverage; price payload quarantined,0,0,,
2005-07-08T00:00:00+00:00,2005-07-22T00:00:00+00:00,https://api-fxpractice.oanda.com/v3/instruments/XAU_USD/candles?from=2005-07-08T00%3A00%3A00%2B00%3A00&to=2005-07-22T00%3A00%3A00%2B00%3A00&granularity=M5&price=MBA&smooth=false,200,d0d52c2050dd3d4cade31b545776b45f302047e22b5f7090bb7b1667ea56ac1e,56,2026-10-05T11:09:01.355592+00:00,timestamp-only coverage; price payload quarantined,0,0,,
2005-07-22T00:00:00+00:00,2005-08-05T00:00:00+00:00,https://api-fxpractice.oanda.com/v3/instruments/XAU_USD/candles?from=2005-07-22T00%3A00%3A00%2B00%3A00&to=2005-08-05T00%3A00%3A00%2B00%3A00&granularity=M5&price=MBA&smooth=false,200,d0d52c2050dd3d4cade31b545776b45f302047e22b5f7090bb7b1667ea56ac1e,56,2026-10-05T11:09:04.436670+00:00,timestamp-only coverage; price payload quarantined,0,0,,
2005-08-05T00:00:00+00:00,2005-08-19T00:00:00+00:00,https://api-fxpractice.oanda.com/v3/instruments/XAU_USD/candles?from=2005-08-05T00%3A00%3A00%2B00%3A00&to=2005-08-19T00%3A00%3A00%2B00%3A00&granularity=M5&price=MBA&smooth=false,200,d0d52c2050dd3d4cade31b545776b45f302047e22b5f7090bb7b1667ea56ac1e,56,2026-10-05T11:09:00.394832+00:00,timestamp-only coverage; price payload quarantined,0,0,,
2005-08-19T00:00:00+00:00,2005-09-02T00:00:00+00:00,https://api-fxpractice.oanda.com/v3/instruments/XAU_USD/candles?from=2005-08-19T00%3A00%3A00%2B00%3A00&to=2005-09-02T00%3A00%3A00%2B00%3A00&granularity=M5&price=MBA&smooth=false,200,d0d52c2050dd3d4cade31b545776b45f302047e22b5f7090bb7b1667ea56ac1e,56,2026-10-05T11:09:02.242314+00:00,timestamp-only coverage; price payload quarantined,0,0,,
2005-09-02T00:00:00+00:00,2005-09-16T00:00:00+00:00,https://api-fxpractice.oanda.com/v3/instruments/XAU_USD/candles?from=2005-09-02T00%3A00%3A00%2B00%3A00&to=2005-09-16T00%3A00%3A00%2B00%3A00&granularity=M5&price=MBA&smooth=false,200,d0d52c2050dd3d4cade31b545776b45f302047e22b5f7090bb7b1667ea56ac1e,56,2026-10-05T11:09:01.915533+00:00,timestamp-only coverage; price payload quarantined,0,0,,
2005-09-16T00:00:00+00:00,2005-09-30T00:00:00+00:00,https://api-fxpractice.oanda.com/v3/instruments/XAU_USD/candles?from=2005-09-16T00%3A00%3A00%2B00%3A00&to=2005-09-30T00%3A00%3A00%2B00%3A00&granularity=M5&price=MBA&smooth=false,200,d0d52c2050dd3d4cade31b545776b45f302047e22b5f7090bb7b1667ea56ac1e,56,2026-10-05T11:09:04.748744+00:00,timestamp-only coverage; price payload quarantined,0,0,,
2005-09-30T00:00:00+00:00,2005-10-14T00:00:00+00:00,https://api-fxpractice.oanda.com/v3/instruments/XAU_USD/candles?from=2005-09-30T00%3A00%3A00%2B00%3A00&to=2005-10-14T00%3A00%3A00%2B00%3A00&granularity=M5&price=MBA&smooth=false,200,d0d52c2050dd3d4cade31b545776b45f302047e22b5f7090bb7b1667ea56ac1e,56,2026-10-05T11:09:01.220057+00:00,timestamp-only coverage; price payload quarantined,0,0,,
2005-10-14T00:00:00+00:00,2005-10-28T00:00:00+00:00,https://api-fxpractice.oanda.com/v3/instruments/XAU_USD/candles?from=2005-10-14T00%3A00%3A00%2B00%3A00&to=2005-10-28T00%3A00%3A00%2B00%3A00&granularity=M5&price=MBA&smooth=false,200,d0d52c2050dd3d4cade31b545776b45f302047e22b5f7090bb7b1667ea56ac1e,56,2026-10-05T11:09:03.190766+00:00,timestamp-only coverage; price payload quarantined,0,0,,
2005-10-28T00:00:00+00:00,2005-11-11T00:00:00+00:00,https://api-fxpractice.oanda.com/v3/instruments/XAU_USD/candles?from=2005-10-28T00%3A00%3A00%2B00%3A00&to=2005-11-11T00%3A00%3A00%2B00%3A00&granularity=M5&price=MBA&smooth=false,200,d0d52c2050dd3d4cade31b545776b45f302047e22b5f7090bb7b1667ea56ac1e,56,2026-10-05T11:09:02.289518+00:00,timestamp-only coverage; price payload quarantined,0,0,,
2005-11-11T00:00:00+00:00,2005-11-25T00:00:00+00:00,https://api-fxpractice.oanda.com/v3/instruments/XAU_USD/candles?from=2005-11-11T00%3A00%3A00%2B00%3A00&to=2005-11-25T00%3A00%3A00%2B00%3A00&granularity=M5&price=MBA&smooth=false,200,d0d52c2050dd3d4cade31b545776b45f302047e22b5f7090bb7b1667ea56ac1e,56,2026-10-05T11:09:05.650827+00:00,timestamp-only coverage; price payload quarantined,0,0,,
2005-11-25T00:00:00+00:00,2005-12-09T00:00:00+00:00,https://api-fxpractice.oanda.com/v3/instruments/XAU_USD/candles?from=2005-11-25T00%3A00%3A00%2B00%3A00&to=2005-12-09T00%3A00%3A00%2B00%3A00&granularity=M5&price=MBA&smooth=false,200,d0d52c2050dd3d4cade31b545776b45f302047e22b5f7090bb7b1667ea56ac1e,56,2026-10-05T11:09:01.420388+00:00,timestamp-only coverage; price payload quarantined,0,0,,
2005-12-09T00:00:00+00:00,2005-12-23T00:00:00+00:00,https://api-fxpractice.oanda.com/v3/instruments/XAU_USD/candles?from=2005-12-09T00%3A00%3A00%2B00%3A00&to=2005-12-23T00%3A00%3A00%2B00%3A00&granularity=M5&price=MBA&smooth=false,200,d0d52c2050dd3d4cade31b545776b45f302047e22b5f7090bb7b1667ea56ac1e,56,2026-10-05T11:09:04.419155+00:00,timestamp-only coverage; price payload quarantined,0,0,,
2005-12-23T00:00:00+00:00,2006-01-06T00:00:00+00:00,https://api-fxpractice.oanda.com/v3/instruments/XAU_USD/candles?from=2005-12-23T00%3A00%3A00%2B00%3A00&to=2006-01-06T00%3A00%3A00%2B00%3A00&granularity=M5&price=MBA&smooth=false,200,d0d52c2050dd3d4cade31b545776b45f302047e22b5f7090bb7b1667ea56ac1e,56,2026-10-05T11:09:02.498145+00:00,timestamp-only coverage; price payload quarantined,0,0,,
2006-01-06T00:00:00+00:00,2006-01-20T00:00:00+00:00,https://api-fxpractice.oanda.com/v3/instruments/XAU_USD/candles?from=2006-01-06T00%3A00%3A00%2B00%3A00&to=2006-01-20T00%3A00%3A00%2B00%3A00&granularity=M5&price=MBA&smooth=false,200,d0d52c2050dd3d4cade31b545776b45f302047e22b5f7090bb7b1667ea56ac1e,56,2026-10-05T11:09:05.887519+00:00,timestamp-only coverage; price payload quarantined,0,0,,
2006-01-20T00:00:00+00:00,2006-02-03T00:00:00+00:00,https://api-fxpractice.oanda.com/v3/instruments/XAU_USD/candles?from=2006-01-20T00%3A00%3A00%2B00%3A00&to=2006-02-03T00%3A00%3A00%2B00%3A00&granularity=M5&price=MBA&smooth=false,200,d0d52c2050dd3d4cade31b545776b45f302047e22b5f7090bb7b1667ea56ac1e,56,2026-10-05T11:09:01.906389+00:00,timestamp-only coverage; price payload quarantined,0,0,,
2006-02-03T00:00:00+00:00,2006-02-17T00:00:00+00:00,https://api-fxpractice.oanda.com/v3/instruments/XAU_USD/candles?from=2006-02-03T00%3A00%3A00%2B00%3A00&to=2006-02-17T00%3A00%3A00%2B00%3A00&granularity=M5&price=MBA&smooth=false,200,d0d52c2050dd3d4cade31b545776b45f302047e22b5f7090bb7b1667ea56ac1e,56,2026-10-05T11:09:04.837565+00:00,timestamp-only coverage; price payload quarantined,0,0,,
2006-02-17T00:00:00+00:00,2006-03-03T00:00:00+00:00,https://api-fxpractice.oanda.com/v3/instruments/XAU_USD/candles?from=2006-02-17T00%3A00%3A00%2B00%3A00&to=2006-03-03T00%3A00%3A00%2B00%3A00&granularity=M5&price=MBA&smooth=false,200,d0d52c2050dd3d4cade31b545776b45f302047e22b5f7090bb7b1667ea56ac1e,56,2026-10-05T11:09:02.791851+00:00,timestamp-only coverage; price payload quarantined,0,0,,
2006-03-03T00:00:00+00:00,2006-03-17T00:00:00+00:00,https://api-fxpractice.oanda.com/v3/instruments/XAU_USD/candles?from=2006-03-03T00%3A00%3A00%2B00%3A00&to=2006-03-17T00%3A00%3A00%2B00%3A00&granularity=M5&price=MBA&smooth=false,200,d0d52c2050dd3d4cade31b545776b45f302047e22b5f7090bb7b1667ea56ac1e,56,2026-10-05T11:09:06.991027+00:00,timestamp-only coverage; price payload quarantined,0,0,,
2006-03-17T00:00:00+00:00,2006-03-31T00:00:00+00:00,https://api-fxpractice.oanda.com/v3/instruments/XAU_USD/candles?from=2006-03-17T00%3A00%3A00%2B00%3A00&to=2006-03-31T00%3A00%3A00%2B00%3A00&granularity=M5&price=MBA&smooth=false,200,c6a8b19b83887687ae563afefdecc86946e7ab65d0872c6ab430e2ae9ec3df75,552189,2026-10-05T11:09:03.024441+00:00,timestamp-only coverage; price payload quarantined,2111,0,2006-03-19 20:25:00+00:00,2006-03-30 23:55:00+00:00
2006-03-31T00:00:00+00:00,2006-04-14T00:00:00+00:00,https://api-fxpractice.oanda.com/v3/instruments/XAU_USD/candles?from=2006-03-31T00%3A00%3A00%2B00%3A00&to=2006-04-14T00%3A00%3A00%2B00%3A00&granularity=M5&price=MBA&smooth=false,200,360c22f8acbbcacebc73152a6005eae182592b143710f4d66501739a4a5c7af0,672271,2026-10-05T11:09:05.592226+00:00,timestamp-only coverage; price payload quarantined,2568,0,2006-03-31 00:00:00+00:00,2006-04-13 22:45:00+00:00
2006-04-14T00:00:00+00:00,2006-04-28T00:00:00+00:00,https://api-fxpractice.oanda.com/v3/instruments/XAU_USD/candles?from=2006-04-14T00%3A00%3A00%2B00%3A00&to=2006-04-28T00%3A00%3A00%2B00%3A00&granularity=M5&price=MBA&smooth=false,200,e5483c6cfb46e5c696b45061941970a7456eb69259e859bf609903ca080af283,599699,2026-10-05T11:09:03.080565+00:00,timestamp-only coverage; price payload quarantined,2293,0,2006-04-14 00:10:00+00:00,2006-04-27 23:55:00+00:00
2006-04-28T00:00:00+00:00,2006-05-12T00:00:00+00:00,https://api-fxpractice.oanda.com/v3/instruments/XAU_USD/candles?from=2006-04-28T00%3A00%3A00%2B00%3A00&to=2006-05-12T00%3A00%3A00%2B00%3A00&granularity=M5&price=MBA&smooth=false,200,2441d549ebc58ab738e2b8677803890417be47764190ffa39dd39e6b95ee1db0,680628,2026-10-05T11:09:08.796281+00:00,timestamp-only coverage; price payload quarantined,2601,0,2006-04-28 00:00:00+00:00,2006-05-11 23:55:00+00:00
2006-05-12T00:00:00+00:00,2006-05-26T00:00:00+00:00,https://api-fxpractice.oanda.com/v3/instruments/XAU_USD/candles?from=2006-05-12T00%3A00%3A00%2B00%3A00&to=2006-05-26T00%3A00%3A00%2B00%3A00&granularity=M5&price=MBA&smooth=false,200,a1381f9b54290c3943536a70758d45652d518fa8c02446f5d0d10ed8ac0e3f78,715599,2026-10-05T11:09:04.065389+00:00,timestamp-only coverage; price payload quarantined,2734,0,2006-05-12 00:00:00+00:00,2006-05-25 23:55:00+00:00
2006-05-26T00:00:00+00:00,2006-06-09T00:00:00+00:00,https://api-fxpractice.oanda.com/v3/instruments/XAU_USD/candles?from=2006-05-26T00%3A00%3A00%2B00%3A00&to=2006-06-09T00%3A00%3A00%2B00%3A00&granularity=M5&price=MBA&smooth=false,200,2457f1b46fd875037e48866102dc3bf9a7527ff6d3bfdc8025f1386126dffd04,658130,2026-10-05T11:09:06.715663+00:00,timestamp-only coverage; price payload quarantined,2515,0,2006-05-26 00:00:00+00:00,2006-06-08 23:55:00+00:00
2006-06-09T00:00:00+00:00,2006-06-23T00:00:00+00:00,https://api-fxpractice.oanda.com/v3/instruments/XAU_USD/candles?from=2006-06-09T00%3A00%3A00%2B00%3A00&to=2006-06-23T00%3A00%3A00%2B00%3A00&granularity=M5&price=MBA&smooth=false,200,ac0367defeb1acbb4172a19df301d4992b198719d2d5ded73cbcd99eb376d2a6,685774,2026-10-05T11:09:03.572202+00:00,timestamp-only coverage; price payload quarantined,2621,0,2006-06-09 00:00:00+00:00,2006-06-22 23:55:00+00:00
2006-06-23T00:00:00+00:00,2006-07-07T00:00:00+00:00,https://api-fxpractice.oanda.com/v3/instruments/XAU_USD/candles?from=2006-06-23T00%3A00%3A00%2B00%3A00&to=2006-07-07T00%3A00%3A00%2B00%3A00&granularity=M5&price=MBA&smooth=false,200,d376eb7035d265e541df1cedfa24a31f8615ea61c2073badb060d1c361f2056e,580157,2026-10-05T11:09:09.330283+00:00,timestamp-only coverage; price payload quarantined,2219,0,2006-06-23 00:00:00+00:00,2006-07-06 23:55:00+00:00
2006-07-07T00:00:00+00:00,2006-07-21T00:00:00+00:00,https://api-fxpractice.oanda.com/v3/instruments/XAU_USD/candles?from=2006-07-07T00%3A00%3A00%2B00%3A00&to=2006-07-21T00%3A00%3A00%2B00%3A00&granularity=M5&price=MBA&smooth=false,200,bea53f09c3a062c7547e6f9ad9460876f122a256623575838a8005b98a8339e9,660948,2026-10-05T11:09:04.439827+00:00,timestamp-only coverage; price payload quarantined,2528,0,2006-07-07 00:00:00+00:00,2006-07-20 23:55:00+00:00
2006-07-21T00:00:00+00:00,2006-08-04T00:00:00+00:00,https://api-fxpractice.oanda.com/v3/instruments/XAU_USD/candles?from=2006-07-21T00%3A00%3A00%2B00%3A00&to=2006-08-04T00%3A00%3A00%2B00%3A00&granularity=M5&price=MBA&smooth=false,200,b759e25dbeb296a3fcbfa148786257b51a2321fa88825aedca2b17c1367db5ba,620782,2026-10-05T11:09:07.193662+00:00,timestamp-only coverage; price payload quarantined,2375,0,2006-07-21 00:00:00+00:00,2006-08-03 23:55:00+00:00
2006-08-04T00:00:00+00:00,2006-08-18T00:00:00+00:00,https://api-fxpractice.oanda.com/v3/instruments/XAU_USD/candles?from=2006-08-04T00%3A00%3A00%2B00%3A00&to=2006-08-18T00%3A00%3A00%2B00%3A00&granularity=M5&price=MBA&smooth=false,200,7561e1fd62090ec5e413e0ecb55d7a82a4d3bde8b5ff555a6fa45e0f52e339c0,703609,2026-10-05T11:09:04.031986+00:00,timestamp-only coverage; price payload quarantined,2689,0,2006-08-04 00:00:00+00:00,2006-08-17 23:55:00+00:00
2006-08-18T00:00:00+00:00,2006-09-01T00:00:00+00:00,https://api-fxpractice.oanda.com/v3/instruments/XAU_USD/candles?from=2006-08-18T00%3A00%3A00%2B00%3A00&to=2006-09-01T00%3A00%3A00%2B00%3A00&granularity=M5&price=MBA&smooth=false,200,5a18c244c68abfdf5e12a4516c9f60e9346953ec2420e7364eda907127bf98a4,690762,2026-10-05T11:09:10.059569+00:00,timestamp-only coverage; price payload quarantined,2639,0,2006-08-18 00:00:00+00:00,2006-08-31 23:55:00+00:00
2006-09-01T00:00:00+00:00,2006-09-15T00:00:00+00:00,https://api-fxpractice.oanda.com/v3/instruments/XAU_USD/candles?from=2006-09-01T00%3A00%3A00%2B00%3A00&to=2006-09-15T00%3A00%3A00%2B00%3A00&granularity=M5&price=MBA&smooth=false,200,4d47e014611f7d796eee4c3f4b5f93dce0e49acbcbf9e454de56510d62715b87,685604,2026-10-05T11:09:04.999935+00:00,timestamp-only coverage; price payload quarantined,2618,0,2006-09-01 00:00:00+00:00,2006-09-14 23:55:00+00:00
2006-09-15T00:00:00+00:00,2006-09-29T00:00:00+00:00,https://api-fxpractice.oanda.com/v3/instruments/XAU_USD/candles?from=2006-09-15T00%3A00%3A00%2B00%3A00&to=2006-09-29T00%3A00%3A00%2B00%3A00&granularity=M5&price=MBA&smooth=false,200,93c32a40bf1b168045a6b554751886a51530acb2e102d961e4b7cf0518227872,715281,2026-10-05T11:09:08.420300+00:00,timestamp-only coverage; price payload quarantined,2732,0,2006-09-15 00:00:00+00:00,2006-09-28 23:55:00+00:00
2006-09-29T00:00:00+00:00,2006-10-13T00:00:00+00:00,https://api-fxpractice.oanda.com/v3/instruments/XAU_USD/candles?from=2006-09-29T00%3A00%3A00%2B00%3A00&to=2006-10-13T00%3A00%3A00%2B00%3A00&granularity=M5&price=MBA&smooth=false,200,a09c2136a5d8fe3d5607f28b1ea395d6e0989df338a181a2d43696346cc68719,739104,2026-10-05T11:09:05.056789+00:00,timestamp-only coverage; price payload quarantined,2822,0,2006-09-29 00:00:00+00:00,2006-10-12 23:55:00+00:00
2006-10-13T00:00:00+00:00,2006-10-27T00:00:00+00:00,https://api-fxpractice.oanda.com/v3/instruments/XAU_USD/candles?from=2006-10-13T00%3A00%3A00%2B00%3A00&to=2006-10-27T00%3A00%3A00%2B00%3A00&granularity=M5&price=MBA&smooth=false,200,7009013b02a09b0ddf4ad2880f653946dfbdf47cda498a12781a8ff76e8ceb2a,746641,2026-10-05T11:09:10.533077+00:00,timestamp-only coverage; price payload quarantined,2849,0,2006-10-13 00:00:00+00:00,2006-10-26 23:55:00+00:00
2006-10-27T00:00:00+00:00,2006-11-10T00:00:00+00:00,https://api-fxpractice.oanda.com/v3/instruments/XAU_USD/candles?from=2006-10-27T00%3A00%3A00%2B00%3A00&to=2006-11-10T00%3A00%3A00%2B00%3A00&granularity=M5&price=MBA&smooth=false,200,4c06fc603cbb358f87c06c859d68fcfe9bdbe627f7aec5619cdd3b6bf1265c03,737323,2026-10-05T11:09:06.065586+00:00,timestamp-only coverage; price payload quarantined,2813,0,2006-10-27 00:00:00+00:00,2006-11-09 23:55:00+00:00
2006-11-10T00:00:00+00:00,2006-11-24T00:00:00+00:00,https://api-fxpractice.oanda.com/v3/instruments/XAU_USD/candles?from=2006-11-10T00%3A00%3A00%2B00%3A00&to=2006-11-24T00%3A00%3A00%2B00%3A00&granularity=M5&price=MBA&smooth=false,200,8f06ca01f0542d8130178b57f16abe9cde36a7ecf7d1f2c79cff9635923f5006,732613,2026-10-05T11:09:08.893707+00:00,timestamp-only coverage; price payload quarantined,2796,0,2006-11-10 00:00:00+00:00,2006-11-23 23:55:00+00:00
2006-11-24T00:00:00+00:00,2006-12-08T00:00:00+00:00,https://api-fxpractice.oanda.com/v3/instruments/XAU_USD/candles?from=2006-11-24T00%3A00%3A00%2B00%3A00&to=2006-12-08T00%3A00%3A00%2B00%3A00&granularity=M5&price=MBA&smooth=false,200,fa2e4f274456c7c8e376e503217ef8a855d977d3f1b37c9cc7bc9d4709b86fd1,737734,2026-10-05T11:09:05.724893+00:00,timestamp-only coverage; price payload quarantined,2815,0,2006-11-24 00:00:00+00:00,2006-12-07 23:55:00+00:00
2006-12-08T00:00:00+00:00,2006-12-22T00:00:00+00:00,https://api-fxpractice.oanda.com/v3/instruments/XAU_USD/candles?from=2006-12-08T00%3A00%3A00%2B00%3A00&to=2006-12-22T00%3A00%3A00%2B00%3A00&granularity=M5&price=MBA&smooth=false,200,71323938fec49630a4406fede607b17f5e44e1dbad966258345cc0cdb9d9dddc,744904,2026-10-05T11:09:10.995295+00:00,timestamp-only coverage; price payload quarantined,2843,0,2006-12-08 00:00:00+00:00,2006-12-21 23:55:00+00:00
2006-12-22T00:00:00+00:00,2007-01-05T00:00:00+00:00,https://api-fxpractice.oanda.com/v3/instruments/XAU_USD/candles?from=2006-12-22T00%3A00%3A00%2B00%3A00&to=2007-01-05T00%3A00%3A00%2B00%3A00&granularity=M5&price=MBA&smooth=false,200,0ca1a487f7e2766a5d8d0a5d0526e033e89b09a344e3468aea1679fb5b9f4d33,550990,2026-10-05T11:09:07.223206+00:00,timestamp-only coverage; price payload quarantined,2104,0,2006-12-22 00:00:00+00:00,2007-01-04 23:55:00+00:00
2007-01-05T00:00:00+00:00,2007-01-19T00:00:00+00:00,https://api-fxpractice.oanda.com/v3/instruments/XAU_USD/candles?from=2007-01-05T00%3A00%3A00%2B00%3A00&to=2007-01-19T00%3A00%3A00%2B00%3A00&granularity=M5&price=MBA&smooth=false,200,80d88b9114f2abd0a7e5b59207a77a71fc4eb56bf905aaab7d7183b456f9f94a,738888,2026-10-05T11:09:09.421305+00:00,timestamp-only coverage; price payload quarantined,2821,0,2007-01-05 00:00:00+00:00,2007-01-18 23:55:00+00:00
2007-01-19T00:00:00+00:00,2007-02-02T00:00:00+00:00,https://api-fxpractice.oanda.com/v3/instruments/XAU_USD/candles?from=2007-01-19T00%3A00%3A00%2B00%3A00&to=2007-02-02T00%3A00%3A00%2B00%3A00&granularity=M5&price=MBA&smooth=false,200,4354cecbff0a73b46c75893fff949225d19945aefe90188cec08f0790727a58e,741052,2026-10-05T11:09:06.360023+00:00,timestamp-only coverage; price payload quarantined,2829,0,2007-01-19 00:00:00+00:00,2007-02-01 23:55:00+00:00
2007-02-02T00:00:00+00:00,2007-02-16T00:00:00+00:00,https://api-fxpractice.oanda.com/v3/instruments/XAU_USD/candles?from=2007-02-02T00%3A00%3A00%2B00%3A00&to=2007-02-16T00%3A00%3A00%2B00%3A00&granularity=M5&price=MBA&smooth=false,200,6375075a1e5e6821c49a6bb67f207cd606bddd85e0a91b03bc824a9a144174c4,743137,2026-10-05T11:09:11.674878+00:00,timestamp-only coverage; price payload quarantined,2837,0,2007-02-02 00:00:00+00:00,2007-02-15 23:55:00+00:00
2007-02-16T00:00:00+00:00,2007-03-02T00:00:00+00:00,https://api-fxpractice.oanda.com/v3/instruments/XAU_USD/candles?from=2007-02-16T00%3A00%3A00%2B00%3A00&to=2007-03-02T00%3A00%3A00%2B00%3A00&granularity=M5&price=MBA&smooth=false,200,196632764c432c75fdd026c5d7f448f0785ca7a7282ee8f760b878109950083c,730747,2026-10-05T11:09:08.453616+00:00,timestamp-only coverage; price payload quarantined,2788,0,2007-02-16 00:00:00+00:00,2007-03-01 23:55:00+00:00
2007-03-02T00:00:00+00:00,2007-03-16T00:00:00+00:00,https://api-fxpractice.oanda.com/v3/instruments/XAU_USD/candles?from=2007-03-02T00%3A00%3A00%2B00%3A00&to=2007-03-16T00%3A00%3A00%2B00%3A00&granularity=M5&price=MBA&smooth=false,200,753c212550ffd2866b33600ee871da9c5fa7a2fb26e0c480c5c5141d646f8175,743606,2026-10-05T11:09:10.206326+00:00,timestamp-only coverage; price payload quarantined,2837,0,2007-03-02 00:00:00+00:00,2007-03-15 23:55:00+00:00
2007-03-16T00:00:00+00:00,2007-03-30T00:00:00+00:00,https://api-fxpractice.oanda.com/v3/instruments/XAU_USD/candles?from=2007-03-16T00%3A00%3A00%2B00%3A00&to=2007-03-30T00%3A00%3A00%2B00%3A00&granularity=M5&price=MBA&smooth=false,200,31c1eb757917ff55221e6be283f4ee6a543b304f1c802270076ee70685dc5fde,734988,2026-10-05T11:09:07.017060+00:00,timestamp-only coverage; price payload quarantined,2805,0,2007-03-16 00:00:00+00:00,2007-03-29 23:55:00+00:00
2007-03-30T00:00:00+00:00,2007-04-13T00:00:00+00:00,https://api-fxpractice.oanda.com/v3/instruments/XAU_USD/candles?from=2007-03-30T00%3A00%3A00%2B00%3A00&to=2007-04-13T00%3A00%3A00%2B00%3A00&granularity=M5&price=MBA&smooth=false,200,92d203f1c863c7f41139363b58e60bdd27db569be8a2160d23cffe68d4b6f6a4,681492,2026-10-05T11:09:12.068464+00:00,timestamp-only coverage; price payload quarantined,2601,0,2007-03-30 00:00:00+00:00,2007-04-12 23:55:00+00:00
2007-04-13T00:00:00+00:00,2007-04-27T00:00:00+00:00,https://api-fxpractice.oanda.com/v3/instruments/XAU_USD/candles?from=2007-04-13T00%3A00%3A00%2B00%3A00&to=2007-04-27T00%3A00%3A00%2B00%3A00&granularity=M5&price=MBA&smooth=false,200,f4b6cfb1492921581b4c329d9d6002d97adfdef9849b55e3838627178b2e10ef,737507,2026-10-05T11:09:08.950310+00:00,timestamp-only coverage; price payload quarantined,2814,0,2007-04-13 00:00:00+00:00,2007-04-26 23:55:00+00:00
2007-04-27T00:00:00+00:00,2007-05-11T00:00:00+00:00,https://api-fxpractice.oanda.com/v3/instruments/XAU_USD/candles?from=2007-04-27T00%3A00%3A00%2B00%3A00&to=2007-05-11T00%3A00%3A00%2B00%3A00&granularity=M5&price=MBA&smooth=false,200,7cb6750f62fbdaf76ccf0e206b604e908bbc75983be3a55baec5f35b09929b99,738724,2026-10-05T11:09:11.013810+00:00,timestamp-only coverage; price payload quarantined,2820,0,2007-04-27 00:00:00+00:00,2007-05-10 23:55:00+00:00
2007-05-11T00:00:00+00:00,2007-05-25T00:00:00+00:00,https://api-fxpractice.oanda.com/v3/instruments/XAU_USD/candles?from=2007-05-11T00%3A00%3A00%2B00%3A00&to=2007-05-25T00%3A00%3A00%2B00%3A00&granularity=M5&price=MBA&smooth=false,200,0e7563fec9868644d9d5878c35b0d12910add4c8e5334d41274e4ee2dcbdc80a,739448,2026-10-05T11:09:08.457321+00:00,timestamp-only coverage; price payload quarantined,2822,0,2007-05-11 00:00:00+00:00,2007-05-24 23:55:00+00:00
2007-05-25T00:00:00+00:00,2007-06-08T00:00:00+00:00,https://api-fxpractice.oanda.com/v3/instruments/XAU_USD/candles?from=2007-05-25T00%3A00%3A00%2B00%3A00&to=2007-06-08T00%3A00%3A00%2B00%3A00&granularity=M5&price=MBA&smooth=false,200,d86bc872bec20d30c0d4d54b7764e28e173a8ab1ba4dc5e8274e4fa98bb11326,742850,2026-10-05T11:09:12.763118+00:00,timestamp-only coverage; price payload quarantined,2836,0,2007-05-25 00:00:00+00:00,2007-06-07 23:55:00+00:00
2007-06-08T00:00:00+00:00,2007-06-22T00:00:00+00:00,https://api-fxpractice.oanda.com/v3/instruments/XAU_USD/candles?from=2007-06-08T00%3A00%3A00%2B00%3A00&to=2007-06-22T00%3A00%3A00%2B00%3A00&granularity=M5&price=MBA&smooth=false,200,a402445dd7b6c9cf7730cec9184ee0272906a487c8ab5b7bc810e5beb7817e05,733918,2026-10-05T11:09:09.747547+00:00,timestamp-only coverage; price payload quarantined,2801,0,2007-06-08 00:00:00+00:00,2007-06-21 23:55:00+00:00
2007-06-22T00:00:00+00:00,2007-07-06T00:00:00+00:00,https://api-fxpractice.oanda.com/v3/instruments/XAU_USD/candles?from=2007-06-22T00%3A00%3A00%2B00%3A00&to=2007-07-06T00%3A00%3A00%2B00%3A00&granularity=M5&price=MBA&smooth=false,200,62884bf30b605bdab8040eded420ccf55c463e49274765548881ec452207d989,741896,2026-10-05T11:09:11.618358+00:00,timestamp-only coverage; price payload quarantined,2832,0,2007-06-22 00:00:00+00:00,2007-07-05 23:55:00+00:00
2007-07-06T00:00:00+00:00,2007-07-20T00:00:00+00:00,https://api-fxpractice.oanda.com/v3/instruments/XAU_USD/candles?from=2007-07-06T00%3A00%3A00%2B00%3A00&to=2007-07-20T00%3A00%3A00%2B00%3A00&granularity=M5&price=MBA&smooth=false,200,96bfebd4c3b9b8e8c444de31a8c75977b6eb95589bbe644c3268520c1c566aa2,743783,2026-10-05T11:09:09.017592+00:00,timestamp-only coverage; price payload quarantined,2839,0,2007-07-06 00:00:00+00:00,2007-07-19 23:55:00+00:00
2007-07-20T00:00:00+00:00,2007-08-03T00:00:00+00:00,https://api-fxpractice.oanda.com/v3/instruments/XAU_USD/candles?from=2007-07-20T00%3A00%3A00%2B00%3A00&to=2007-08-03T00%3A00%3A00%2B00%3A00&granularity=M5&price=MBA&smooth=false,200,596cd4504026ade623c6703f680520caadf14d8da7889bac3188a54dfbbf4f44,744621,2026-10-05T11:09:13.220899+00:00,timestamp-only coverage; price payload quarantined,2842,0,2007-07-20 00:00:00+00:00,2007-08-02 23:55:00+00:00
2007-08-03T00:00:00+00:00,2007-08-17T00:00:00+00:00,https://api-fxpractice.oanda.com/v3/instruments/XAU_USD/candles?from=2007-08-03T00%3A00%3A00%2B00%3A00&to=2007-08-17T00%3A00%3A00%2B00%3A00&granularity=M5&price=MBA&smooth=false,200,85a2bcdff220d7b94a51b10cf54adea36989c30aa9f4370882ef8cc964cb2ec1,745164,2026-10-05T11:09:10.290453+00:00,timestamp-only coverage; price payload quarantined,2844,0,2007-08-03 00:00:00+00:00,2007-08-16 23:55:00+00:00
2007-08-17T00:00:00+00:00,2007-08-31T00:00:00+00:00,https://api-fxpractice.oanda.com/v3/instruments/XAU_USD/candles?from=2007-08-17T00%3A00%3A00%2B00%3A00&to=2007-08-31T00%3A00%3A00%2B00%3A00&granularity=M5&price=MBA&smooth=false,200,ead3b0359c87fffe998816bb1b603be6aa9ea3e479c15499e5a237babac9c556,738560,2026-10-05T11:09:12.225632+00:00,timestamp-only coverage; price payload quarantined,2819,0,2007-08-17 00:00:00+00:00,2007-08-30 23:55:00+00:00
2007-08-31T00:00:00+00:00,2007-09-14T00:00:00+00:00,https://api-fxpractice.oanda.com/v3/instruments/XAU_USD/candles?from=2007-08-31T00%3A00%3A00%2B00%3A00&to=2007-09-14T00%3A00%3A00%2B00%3A00&granularity=M5&price=MBA&smooth=false,200,d98f66ee2ac0d3fae1e26ae373d0da2416c609d22f699bae02a142dc5d9a8731,743960,2026-10-05T11:09:09.646591+00:00,timestamp-only coverage; price payload quarantined,2840,0,2007-08-31 00:00:00+00:00,2007-09-13 23:55:00+00:00
2007-09-14T00:00:00+00:00,2007-09-28T00:00:00+00:00,https://api-fxpractice.oanda.com/v3/instruments/XAU_USD/candles?from=2007-09-14T00%3A00%3A00%2B00%3A00&to=2007-09-28T00%3A00%3A00%2B00%3A00&granularity=M5&price=MBA&smooth=false,200,4cd0f1d8ca44b7bebe4a60d48df6731d06fd0cb0fe597ee6f0ac4d8ad1809008,746381,2026-10-05T11:09:13.797413+00:00,timestamp-only coverage; price payload quarantined,2848,0,2007-09-14 00:00:00+00:00,2007-09-27 23:55:00+00:00
2007-09-28T00:00:00+00:00,2007-10-12T00:00:00+00:00,https://api-fxpractice.oanda.com/v3/instruments/XAU_USD/candles?from=2007-09-28T00%3A00%3A00%2B00%3A00&to=2007-10-12T00%3A00%3A00%2B00%3A00&granularity=M5&price=MBA&smooth=false,200,acaedbe31dcef7fba87bc0357bb5eec16d36cb03f785f9d3e14712c8b4243335,740780,2026-10-05T11:09:11.252313+00:00,timestamp-only coverage; price payload quarantined,2826,0,2007-09-28 00:00:00+00:00,2007-10-11 23:55:00+00:00
2007-10-12T00:00:00+00:00,2007-10-26T00:00:00+00:00,https://api-fxpractice.oanda.com/v3/instruments/XAU_USD/candles?from=2007-10-12T00%3A00%3A00%2B00%3A00&to=2007-10-26T00%3A00%3A00%2B00%3A00&granularity=M5&price=MBA&smooth=false,200,715ee1fdd6c378b11b1384f05aeea0edf843dbbdf6ce5caa2c1bb61afdb5bdbf,742238,2026-10-05T11:09:13.041154+00:00,timestamp-only coverage; price payload quarantined,2831,0,2007-10-12 00:00:00+00:00,2007-10-25 23:55:00+00:00
2007-10-26T00:00:00+00:00,2007-11-09T00:00:00+00:00,https://api-fxpractice.oanda.com/v3/instruments/XAU_USD/candles?from=2007-10-26T00%3A00%3A00%2B00%3A00&to=2007-11-09T00%3A00%3A00%2B00%3A00&granularity=M5&price=MBA&smooth=false,200,37e1862add863c192f6985e1c89f143ca389ad9ede85e62df43e03e1417f0038,747247,2026-10-05T11:09:10.221440+00:00,timestamp-only coverage; price payload quarantined,2849,0,2007-10-26 00:00:00+00:00,2007-11-08 23:55:00+00:00
2007-11-09T00:00:00+00:00,2007-11-23T00:00:00+00:00,https://api-fxpractice.oanda.com/v3/instruments/XAU_USD/candles?from=2007-11-09T00%3A00%3A00%2B00%3A00&to=2007-11-23T00%3A00%3A00%2B00%3A00&granularity=M5&price=MBA&smooth=false,200,41165b5fded2ac351fe1bc9a0b23ee8a60c1af9d3d7b40125dce772878a7f987,742064,2026-10-05T11:09:14.383986+00:00,timestamp-only coverage; price payload quarantined,2830,0,2007-11-09 00:00:00+00:00,2007-11-22 23:55:00+00:00
2007-11-23T00:00:00+00:00,2007-12-07T00:00:00+00:00,https://api-fxpractice.oanda.com/v3/instruments/XAU_USD/candles?from=2007-11-23T00%3A00%3A00%2B00%3A00&to=2007-12-07T00%3A00%3A00%2B00%3A00&granularity=M5&price=MBA&smooth=false,200,0bf3cd537db6bb38ddb5c8f8c0c473f3ddf419ebd61c5b93218ab0ba00cf00de,742218,2026-10-05T11:09:11.725350+00:00,timestamp-only coverage; price payload quarantined,2831,0,2007-11-23 00:00:00+00:00,2007-12-06 23:55:00+00:00
2007-12-07T00:00:00+00:00,2007-12-21T00:00:00+00:00,https://api-fxpractice.oanda.com/v3/instruments/XAU_USD/candles?from=2007-12-07T00%3A00%3A00%2B00%3A00&to=2007-12-21T00%3A00%3A00%2B00%3A00&granularity=M5&price=MBA&smooth=false,200,938bda274471addf3b9eafe7bdea878c2a03c863374ab3fe62f1812219ef15a9,737011,2026-10-05T11:09:13.478232+00:00,timestamp-only coverage; price payload quarantined,2811,0,2007-12-07 00:00:00+00:00,2007-12-20 23:55:00+00:00
2007-12-21T00:00:00+00:00,2008-01-04T00:00:00+00:00,https://api-fxpractice.oanda.com/v3/instruments/XAU_USD/candles?from=2007-12-21T00%3A00%3A00%2B00%3A00&to=2008-01-04T00%3A00%3A00%2B00%3A00&granularity=M5&price=MBA&smooth=false,200,a32944a9588971701ca881a333d20767c4f2e2883f98e3a1dd17545771b6b164,569285,2026-10-05T11:09:10.884870+00:00,timestamp-only coverage; price payload quarantined,2172,0,2007-12-21 00:00:00+00:00,2008-01-03 23:55:00+00:00
2008-01-04T00:00:00+00:00,2008-01-18T00:00:00+00:00,https://api-fxpractice.oanda.com/v3/instruments/XAU_USD/candles?from=2008-01-04T00%3A00%3A00%2B00%3A00&to=2008-01-18T00%3A00%3A00%2B00%3A00&granularity=M5&price=MBA&smooth=false,200,7c395d7d1ec6852e0a2aa3c185883aeb60207894e5a95228a505bda0ff1f9592,750690,2026-10-05T11:09:14.971226+00:00,timestamp-only coverage; price payload quarantined,2862,0,2008-01-04 00:00:00+00:00,2008-01-17 23:55:00+00:00
2008-01-18T00:00:00+00:00,2008-02-01T00:00:00+00:00,https://api-fxpractice.oanda.com/v3/instruments/XAU_USD/candles?from=2008-01-18T00%3A00%3A00%2B00%3A00&to=2008-02-01T00%3A00%3A00%2B00%3A00&granularity=M5&price=MBA&smooth=false,200,4e005cc45cb4eae46383a5a6cd130703b7a92ff06b4c10a728f692d48fd539c3,740758,2026-10-05T11:09:12.200418+00:00,timestamp-only coverage; price payload quarantined,2825,0,2008-01-18 00:00:00+00:00,2008-01-31 23:55:00+00:00
2008-02-01T00:00:00+00:00,2008-02-15T00:00:00+00:00,https://api-fxpractice.oanda.com/v3/instruments/XAU_USD/candles?from=2008-02-01T00%3A00%3A00%2B00%3A00&to=2008-02-15T00%3A00%3A00%2B00%3A00&granularity=M5&price=MBA&smooth=false,200,d085a5b6e48a81c15fd576e0fc89e15d4592749162342bd88db7a2c64f028fae,745787,2026-10-05T11:09:13.973096+00:00,timestamp-only coverage; price payload quarantined,2844,0,2008-02-01 00:00:00+00:00,2008-02-14 23:55:00+00:00
2008-02-15T00:00:00+00:00,2008-02-29T00:00:00+00:00,https://api-fxpractice.oanda.com/v3/instruments/XAU_USD/candles?from=2008-02-15T00%3A00%3A00%2B00%3A00&to=2008-02-29T00%3A00%3A00%2B00%3A00&granularity=M5&price=MBA&smooth=false,200,7e4b7dc90e52106ded47897144947c3a3088bd061390f1cc8a9f55bacbf9ed47,737726,2026-10-05T11:09:11.322681+00:00,timestamp-only coverage; price payload quarantined,2813,0,2008-02-15 00:00:00+00:00,2008-02-28 23:55:00+00:00
2008-02-29T00:00:00+00:00,2008-03-14T00:00:00+00:00,https://api-fxpractice.oanda.com/v3/instruments/XAU_USD/candles?from=2008-02-29T00%3A00%3A00%2B00%3A00&to=2008-03-14T00%3A00%3A00%2B00%3A00&granularity=M5&price=MBA&smooth=false,200,8c0a6ae2903a6d8a8e14ec108661b9e5e3e5f3fe7f654186e35b1668625959d0,747348,2026-10-05T11:09:15.575174+00:00,timestamp-only coverage; price payload quarantined,2849,0,2008-02-29 00:00:00+00:00,2008-03-13 23:55:00+00:00
2008-03-14T00:00:00+00:00,2008-03-28T00:00:00+00:00,https://api-fxpractice.oanda.com/v3/instruments/XAU_USD/candles?from=2008-03-14T00%3A00%3A00%2B00%3A00&to=2008-03-28T00%3A00%3A00%2B00%3A00&granularity=M5&price=MBA&smooth=false,200,3d5b959c0cda2847372729b672d4097b9c5ad2b7faee3f48df4c72dc0010ed70,684809,2026-10-05T11:09:12.947620+00:00,timestamp-only coverage; price payload quarantined,2586,0,2008-03-14 00:00:00+00:00,2008-03-27 23:55:00+00:00
2008-03-28T00:00:00+00:00,2008-04-11T00:00:00+00:00,https://api-fxpractice.oanda.com/v3/instruments/XAU_USD/candles?from=2008-03-28T00%3A00%3A00%2B00%3A00&to=2008-04-11T00%3A00%3A00%2B00%3A00&granularity=M5&price=MBA&smooth=false,200,d20a9784062bc4043c99705b20b3114b7fd6bc5abaa5cbf9ef4dc8a82e1b5a2b,744213,2026-10-05T11:09:14.533688+00:00,timestamp-only coverage; price payload quarantined,2837,0,2008-03-28 00:00:00+00:00,2008-04-10 23:55:00+00:00
2008-04-11T00:00:00+00:00,2008-04-25T00:00:00+00:00,https://api-fxpractice.oanda.com/v3/instruments/XAU_USD/candles?from=2008-04-11T00%3A00%3A00%2B00%3A00&to=2008-04-25T00%3A00%3A00%2B00%3A00&granularity=M5&price=MBA&smooth=false,200,d5d7979140897ffb035b7619f01be28b2583d23c19a57ea9db4e839c12b9d7a2,739968,2026-10-05T11:09:11.789325+00:00,timestamp-only coverage; price payload quarantined,2821,0,2008-04-11 00:00:00+00:00,2008-04-24 23:55:00+00:00
2008-04-25T00:00:00+00:00,2008-05-09T00:00:00+00:00,https://api-fxpractice.oanda.com/v3/instruments/XAU_USD/candles?from=2008-04-25T00%3A00%3A00%2B00%3A00&to=2008-05-09T00%3A00%3A00%2B00%3A00&granularity=M5&price=MBA&smooth=false,200,c088c4b7318ee07801af7fafa7ef8a6482d6774b79fc538ced6ccc593deec5f3,740003,2026-10-05T11:09:16.190455+00:00,timestamp-only coverage; price payload quarantined,2820,0,2008-04-25 00:00:00+00:00,2008-05-08 23:55:00+00:00
2008-05-09T00:00:00+00:00,2008-05-23T00:00:00+00:00,https://api-fxpractice.oanda.com/v3/instruments/XAU_USD/candles?from=2008-05-09T00%3A00%3A00%2B00%3A00&to=2008-05-23T00%3A00%3A00%2B00%3A00&granularity=M5&price=MBA&smooth=false,200,5fe65e37a794b50e573956404bc6ea0476d33d861273caf7126fc7bedde50dcd,734438,2026-10-05T11:09:13.482486+00:00,timestamp-only coverage; price payload quarantined,2796,0,2008-05-09 00:00:00+00:00,2008-05-22 23:55:00+00:00
2008-05-23T00:00:00+00:00,2008-06-06T00:00:00+00:00,https://api-fxpractice.oanda.com/v3/instruments/XAU_USD/candles?from=2008-05-23T00%3A00%3A00%2B00%3A00&to=2008-06-06T00%3A00%3A00%2B00%3A00&granularity=M5&price=MBA&smooth=false,200,051b28a5f2f6d534bdc69cbaa73bbe93989f3d442f293f89c25c73caf5dbe407,731169,2026-10-05T11:09:15.041566+00:00,timestamp-only coverage; price payload quarantined,2784,0,2008-05-23 00:00:00+00:00,2008-06-05 23:55:00+00:00
2008-06-06T00:00:00+00:00,2008-06-20T00:00:00+00:00,https://api-fxpractice.oanda.com/v3/instruments/XAU_USD/candles?from=2008-06-06T00%3A00%3A00%2B00%3A00&to=2008-06-20T00%3A00%3A00%2B00%3A00&granularity=M5&price=MBA&smooth=false,200,f173135d0b4c2da0cbc943766167c62f51620395cc9e0c89543059cb891d827e,739095,2026-10-05T11:09:12.345695+00:00,timestamp-only coverage; price payload quarantined,2813,0,2008-06-06 00:00:00+00:00,2008-06-19 23:55:00+00:00
2008-06-20T00:00:00+00:00,2008-07-04T00:00:00+00:00,https://api-fxpractice.oanda.com/v3/instruments/XAU_USD/candles?from=2008-06-20T00%3A00%3A00%2B00%3A00&to=2008-07-04T00%3A00%3A00%2B00%3A00&granularity=M5&price=MBA&smooth=false,200,f6cb2ab617bdff52198aab3f4c94e483e0ca500abcd38dac9fc590086d1b1aae,735300,2026-10-05T11:09:17.091448+00:00,timestamp-only coverage; price payload quarantined,2800,0,2008-06-20 00:00:00+00:00,2008-07-03 23:55:00+00:00
2008-07-04T00:00:00+00:00,2008-07-18T00:00:00+00:00,https://api-fxpractice.oanda.com/v3/instruments/XAU_USD/candles?from=2008-07-04T00%3A00%3A00%2B00%3A00&to=2008-07-18T00%3A00%3A00%2B00%3A00&granularity=M5&price=MBA&smooth=false,200,7cfdcfd944608741cb4bbcbad2ff7bb39511a36aea807fad778ea6bbe7ff6bb3,725694,2026-10-05T11:09:13.978994+00:00,timestamp-only coverage; price payload quarantined,2762,0,2008-07-04 00:00:00+00:00,2008-07-17 23:55:00+00:00
2008-07-18T00:00:00+00:00,2008-08-01T00:00:00+00:00,https://api-fxpractice.oanda.com/v3/instruments/XAU_USD/candles?from=2008-07-18T00%3A00%3A00%2B00%3A00&to=2008-08-01T00%3A00%3A00%2B00%3A00&granularity=M5&price=MBA&smooth=false,200,417b12ef90e83da16047e5a0668b24380e728100a5c0640598314a807a209898,733564,2026-10-05T11:09:15.706872+00:00,timestamp-only coverage; price payload quarantined,2791,0,2008-07-18 00:00:00+00:00,2008-07-31 23:55:00+00:00
2008-08-01T00:00:00+00:00,2008-08-15T00:00:00+00:00,https://api-fxpractice.oanda.com/v3/instruments/XAU_USD/candles?from=2008-08-01T00%3A00%3A00%2B00%3A00&to=2008-08-15T00%3A00%3A00%2B00%3A00&granularity=M5&price=MBA&smooth=false,200,c612c792c2b159f45c8ba2e82801c2ce3c8e051ce411660177cecdc173d5abf2,731110,2026-10-05T11:09:12.864041+00:00,timestamp-only coverage; price payload quarantined,2782,0,2008-08-01 00:00:00+00:00,2008-08-14 23:55:00+00:00
2008-08-15T00:00:00+00:00,2008-08-29T00:00:00+00:00,https://api-fxpractice.oanda.com/v3/instruments/XAU_USD/candles?from=2008-08-15T00%3A00%3A00%2B00%3A00&to=2008-08-29T00%3A00%3A00%2B00%3A00&granularity=M5&price=MBA&smooth=false,200,32fa70d182e7b05897747aa6b5371be0c8940b3cf354dea2674edb5e2e06dd91,732326,2026-10-05T11:09:17.637809+00:00,timestamp-only coverage; price payload quarantined,2788,0,2008-08-15 00:00:00+00:00,2008-08-28 23:50:00+00:00
2008-08-29T00:00:00+00:00,2008-09-12T00:00:00+00:00,https://api-fxpractice.oanda.com/v3/instruments/XAU_USD/candles?from=2008-08-29T00%3A00%3A00%2B00%3A00&to=2008-09-12T00%3A00%3A00%2B00%3A00&granularity=M5&price=MBA&smooth=false,200,2067c671f1962c0b0665f65b6044e55e3d4bc89cea0953213e4bb68a5c1f836f,731096,2026-10-05T11:09:14.459653+00:00,timestamp-only coverage; price payload quarantined,2784,0,2008-08-29 00:00:00+00:00,2008-09-11 23:55:00+00:00
2008-09-12T00:00:00+00:00,2008-09-26T00:00:00+00:00,https://api-fxpractice.oanda.com/v3/instruments/XAU_USD/candles?from=2008-09-12T00%3A00%3A00%2B00%3A00&to=2008-09-26T00%3A00%3A00%2B00%3A00&granularity=M5&price=MBA&smooth=false,200,265c9b4f04f7486047c0ce9a6504833f78a48f42c3b007d7404820b4daf53491,735613,2026-10-05T11:09:16.268577+00:00,timestamp-only coverage; price payload quarantined,2801,0,2008-09-12 00:00:00+00:00,2008-09-25 23:55:00+00:00
2008-09-26T00:00:00+00:00,2008-10-10T00:00:00+00:00,https://api-fxpractice.oanda.com/v3/instruments/XAU_USD/candles?from=2008-09-26T00%3A00%3A00%2B00%3A00&to=2008-10-10T00%3A00%3A00%2B00%3A00&granularity=M5&price=MBA&smooth=false,200,e50cedeb4b8d19536d441a6805d2a02e98b7b877079006585cf3ac8aaf1f7675,732053,2026-10-05T11:09:13.313098+00:00,timestamp-only coverage; price payload quarantined,2787,0,2008-09-26 00:00:00+00:00,2008-10-09 23:55:00+00:00
2008-10-10T00:00:00+00:00,2008-10-24T00:00:00+00:00,https://api-fxpractice.oanda.com/v3/instruments/XAU_USD/candles?from=2008-10-10T00%3A00%3A00%2B00%3A00&to=2008-10-24T00%3A00%3A00%2B00%3A00&granularity=M5&price=MBA&smooth=false,200,ef47a69a67fe0b972f156ab9d741607713673df35e7d9885791954f4b96aaa7e,734458,2026-10-05T11:09:18.336450+00:00,timestamp-only coverage; price payload quarantined,2796,0,2008-10-10 00:00:00+00:00,2008-10-23 23:55:00+00:00
2008-10-24T00:00:00+00:00,2008-11-07T00:00:00+00:00,https://api-fxpractice.oanda.com/v3/instruments/XAU_USD/candles?from=2008-10-24T00%3A00%3A00%2B00%3A00&to=2008-11-07T00%3A00%3A00%2B00%3A00&granularity=M5&price=MBA&smooth=false,200,2684b4d5cb0d2c8146606bc1603c306304e1c9400f352437c49aece5443143b8,730614,2026-10-05T11:09:14.944261+00:00,timestamp-only coverage; price payload quarantined,2782,0,2008-10-24 00:00:00+00:00,2008-11-06 23:55:00+00:00
2008-11-07T00:00:00+00:00,2008-11-21T00:00:00+00:00,https://api-fxpractice.oanda.com/v3/instruments/XAU_USD/candles?from=2008-11-07T00%3A00%3A00%2B00%3A00&to=2008-11-21T00%3A00%3A00%2B00%3A00&granularity=M5&price=MBA&smooth=false,200,7d386e90debb1f7a824e690bcacab66fbc894352e2395b9eb4d952df8e8e15ab,727878,2026-10-05T11:09:17.128460+00:00,timestamp-only coverage; price payload quarantined,2770,0,2008-11-07 00:00:00+00:00,2008-11-20 23:55:00+00:00
2008-11-21T00:00:00+00:00,2008-12-05T00:00:00+00:00,https://api-fxpractice.oanda.com/v3/instruments/XAU_USD/candles?from=2008-11-21T00%3A00%3A00%2B00%3A00&to=2008-12-05T00%3A00%3A00%2B00%3A00&granularity=M5&price=MBA&smooth=false,200,de28a67327b3f06c707653aa6e03cb1633fdb72e8fbfa84f9a83e2fd4b131824,734190,2026-10-05T11:09:13.909747+00:00,timestamp-only coverage; price payload quarantined,2795,0,2008-11-21 00:00:00+00:00,2008-12-04 23:55:00+00:00
2008-12-05T00:00:00+00:00,2008-12-19T00:00:00+00:00,https://api-fxpractice.oanda.com/v3/instruments/XAU_USD/candles?from=2008-12-05T00%3A00%3A00%2B00%3A00&to=2008-12-19T00%3A00%3A00%2B00%3A00&granularity=M5&price=MBA&smooth=false,200,387b011ba060ace0fd43c85f26ce4e5d4c89638e8545917391523f14eb708f55,733073,2026-10-05T11:09:18.999194+00:00,timestamp-only coverage; price payload quarantined,2791,0,2008-12-05 00:00:00+00:00,2008-12-18 23:55:00+00:00
2008-12-19T00:00:00+00:00,2009-01-02T00:00:00+00:00,https://api-fxpractice.oanda.com/v3/instruments/XAU_USD/candles?from=2008-12-19T00%3A00%3A00%2B00%3A00&to=2009-01-02T00%3A00%3A00%2B00%3A00&granularity=M5&price=MBA&smooth=false,200,a69e092a13403bb71a88c788d785eb280d7559ca7eaf0e5a695c0a9e3ebe42f9,590794,2026-10-05T11:09:15.526717+00:00,timestamp-only coverage; price payload quarantined,2250,0,2008-12-19 00:00:00+00:00,2009-01-01 23:55:00+00:00
2009-01-02T00:00:00+00:00,2009-01-16T00:00:00+00:00,https://api-fxpractice.oanda.com/v3/instruments/XAU_USD/candles?from=2009-01-02T00%3A00%3A00%2B00%3A00&to=2009-01-16T00%3A00%3A00%2B00%3A00&granularity=M5&price=MBA&smooth=false,200,507d657b54a68a880b1d2815009c1bffb555ee39dce6f9e860888b850e402476,738355,2026-10-05T11:09:17.567621+00:00,timestamp-only coverage; price payload quarantined,2810,0,2009-01-02 00:00:00+00:00,2009-01-15 23:55:00+00:00
2009-01-16T00:00:00+00:00,2009-01-30T00:00:00+00:00,https://api-fxpractice.oanda.com/v3/instruments/XAU_USD/candles?from=2009-01-16T00%3A00%3A00%2B00%3A00&to=2009-01-30T00%3A00%3A00%2B00%3A00&granularity=M5&price=MBA&smooth=false,200,d6e6d14d6638c70e08a08a32fc8d8b09e22606590e733b739884011e6bca3aec,760615,2026-10-05T11:09:14.419112+00:00,timestamp-only coverage; price payload quarantined,2897,0,2009-01-16 00:00:00+00:00,2009-01-29 23:55:00+00:00
2009-01-30T00:00:00+00:00,2009-02-13T00:00:00+00:00,https://api-fxpractice.oanda.com/v3/instruments/XAU_USD/candles?from=2009-01-30T00%3A00%3A00%2B00%3A00&to=2009-02-13T00%3A00%3A00%2B00%3A00&granularity=M5&price=MBA&smooth=false,200,70a07c95e216e6032b0bb815ecb94509bf9fd193809dedf59e7ed1722b8e4f9d,754031,2026-10-05T11:09:19.500592+00:00,timestamp-only coverage; price payload quarantined,2871,0,2009-01-30 00:00:00+00:00,2009-02-12 23:55:00+00:00
2009-02-13T00:00:00+00:00,2009-02-27T00:00:00+00:00,https://api-fxpractice.oanda.com/v3/instruments/XAU_USD/candles?from=2009-02-13T00%3A00%3A00%2B00%3A00&to=2009-02-27T00%3A00%3A00%2B00%3A00&granularity=M5&price=MBA&smooth=false,200,fcb0c4e7f7c10f964906848e5cd9092df8cfbb8724ab683c9871349dd770355a,757990,2026-10-05T11:09:16.118288+00:00,timestamp-only coverage; price payload quarantined,2886,0,2009-02-13 00:00:00+00:00,2009-02-26 23:55:00+00:00
2009-02-27T00:00:00+00:00,2009-03-13T00:00:00+00:00,https://api-fxpractice.oanda.com/v3/instruments/XAU_USD/candles?from=2009-02-27T00%3A00%3A00%2B00%3A00&to=2009-03-13T00%3A00%3A00%2B00%3A00&granularity=M5&price=MBA&smooth=false,200,819720cf59654a1cf4f23c1bf517e617ec2ca17b716225de0c5f2ace72127684,760758,2026-10-05T11:09:18.098643+00:00,timestamp-only coverage; price payload quarantined,2896,0,2009-02-27 00:00:00+00:00,2009-03-12 23:55:00+00:00
2009-03-13T00:00:00+00:00,2009-03-27T00:00:00+00:00,https://api-fxpractice.oanda.com/v3/instruments/XAU_USD/candles?from=2009-03-13T00%3A00%3A00%2B00%3A00&to=2009-03-27T00%3A00%3A00%2B00%3A00&granularity=M5&price=MBA&smooth=false,200,e553842a5310b1e393c84e9ed24ae0630153b3e7f31abc7fda2f47adab316808,765283,2026-10-05T11:09:14.933139+00:00,timestamp-only coverage; price payload quarantined,2913,0,2009-03-13 00:00:00+00:00,2009-03-26 23:55:00+00:00
2009-03-27T00:00:00+00:00,2009-04-10T00:00:00+00:00,https://api-fxpractice.oanda.com/v3/instruments/XAU_USD/candles?from=2009-03-27T00%3A00%3A00%2B00%3A00&to=2009-04-10T00%3A00%3A00%2B00%3A00&granularity=M5&price=MBA&smooth=false,200,09152f6472cdf562c25e6cc723ca06d68a658e39659a28a420fc8f7ec037d5d9,759520,2026-10-05T11:09:20.109358+00:00,timestamp-only coverage; price payload quarantined,2893,0,2009-03-27 00:00:00+00:00,2009-04-09 23:55:00+00:00
2009-04-10T00:00:00+00:00,2009-04-24T00:00:00+00:00,https://api-fxpractice.oanda.com/v3/instruments/XAU_USD/candles?from=2009-04-10T00%3A00%3A00%2B00%3A00&to=2009-04-24T00%3A00%3A00%2B00%3A00&granularity=M5&price=MBA&smooth=false,200,7cbb3be244b27759b452f4ea7597107094888a26f20f0d4ee1daa05ee41820c2,730709,2026-10-05T11:09:16.667233+00:00,timestamp-only coverage; price payload quarantined,2783,0,2009-04-10 00:00:00+00:00,2009-04-23 23:55:00+00:00
2009-04-24T00:00:00+00:00,2009-05-08T00:00:00+00:00,https://api-fxpractice.oanda.com/v3/instruments/XAU_USD/candles?from=2009-04-24T00%3A00%3A00%2B00%3A00&to=2009-05-08T00%3A00%3A00%2B00%3A00&granularity=M5&price=MBA&smooth=false,200,5d3590dae5f825461577b9e71b1043d317ba612c6aa146a2cf67922c2d204bec,744077,2026-10-05T11:09:18.755903+00:00,timestamp-only coverage; price payload quarantined,2834,0,2009-04-24 00:00:00+00:00,2009-05-07 23:55:00+00:00
2009-05-08T00:00:00+00:00,2009-05-22T00:00:00+00:00,https://api-fxpractice.oanda.com/v3/instruments/XAU_USD/candles?from=2009-05-08T00%3A00%3A00%2B00%3A00&to=2009-05-22T00%3A00%3A00%2B00%3A00&granularity=M5&price=MBA&smooth=false,200,8ef9e4f686aeab166026aa8e1d103474cc2a5e608faa433c5d6affb6d5870593,741609,2026-10-05T11:09:15.669127+00:00,timestamp-only coverage; price payload quarantined,2825,0,2009-05-08 00:00:00+00:00,2009-05-21 23:55:00+00:00
2009-05-22T00:00:00+00:00,2009-06-05T00:00:00+00:00,https://api-fxpractice.oanda.com/v3/instruments/XAU_USD/candles?from=2009-05-22T00%3A00%3A00%2B00%3A00&to=2009-06-05T00%3A00%3A00%2B00%3A00&granularity=M5&price=MBA&smooth=false,200,10ff6142ff1113bacdabe988b6030157b2c37525d6334f51dd7241259251ed4a,733706,2026-10-05T11:09:20.879518+00:00,timestamp-only coverage; price payload quarantined,2795,0,2009-05-22 00:00:00+00:00,2009-06-04 23:55:00+00:00
2009-06-05T00:00:00+00:00,2009-06-19T00:00:00+00:00,https://api-fxpractice.oanda.com/v3/instruments/XAU_USD/candles?from=2009-06-05T00%3A00%3A00%2B00%3A00&to=2009-06-19T00%3A00%3A00%2B00%3A00&granularity=M5&price=MBA&smooth=false,200,0da55b09c1dbc19bcf6fa33098fe313cc6a1015c905191857ac9f5d2f6d0df45,732653,2026-10-05T11:09:17.447060+00:00,timestamp-only coverage; price payload quarantined,2793,0,2009-06-05 00:00:00+00:00,2009-06-18 23:55:00+00:00
2009-06-19T00:00:00+00:00,2009-07-03T00:00:00+00:00,https://api-fxpractice.oanda.com/v3/instruments/XAU_USD/candles?from=2009-06-19T00%3A00%3A00%2B00%3A00&to=2009-07-03T00%3A00%3A00%2B00%3A00&granularity=M5&price=MBA&smooth=false,200,edd3600433ecff9c7802bfc87a0d0c4efe1e15c51d0573fe346fad3f0c5e99fe,730852,2026-10-05T11:09:19.546285+00:00,timestamp-only coverage; price payload quarantined,2787,0,2009-06-19 00:00:00+00:00,2009-07-02 23:55:00+00:00
2009-07-03T00:00:00+00:00,2009-07-17T00:00:00+00:00,https://api-fxpractice.oanda.com/v3/instruments/XAU_USD/candles?from=2009-07-03T00%3A00%3A00%2B00%3A00&to=2009-07-17T00%3A00%3A00%2B00%3A00&granularity=M5&price=MBA&smooth=false,200,6ca438f77d777f9f7f15d72b13629f1917ce99059e148f0eb3a7ff03c3f42647,722316,2026-10-05T11:09:16.252552+00:00,timestamp-only coverage; price payload quarantined,2755,0,2009-07-03 00:00:00+00:00,2009-07-16 23:55:00+00:00
2009-07-17T00:00:00+00:00,2009-07-31T00:00:00+00:00,https://api-fxpractice.oanda.com/v3/instruments/XAU_USD/candles?from=2009-07-17T00%3A00%3A00%2B00%3A00&to=2009-07-31T00%3A00%3A00%2B00%3A00&granularity=M5&price=MBA&smooth=false,200,92258c14acbc2dc411928a041651424df5e183d6fcf1ac4246e453ff5e7d60ba,728244,2026-10-05T11:09:21.399272+00:00,timestamp-only coverage; price payload quarantined,2778,0,2009-07-17 00:00:00+00:00,2009-07-30 23:55:00+00:00
2009-07-31T00:00:00+00:00,2009-08-14T00:00:00+00:00,https://api-fxpractice.oanda.com/v3/instruments/XAU_USD/candles?from=2009-07-31T00%3A00%3A00%2B00%3A00&to=2009-08-14T00%3A00%3A00%2B00%3A00&granularity=M5&price=MBA&smooth=false,200,7016f4192b72dd56e4cea8daa1b6b2679976f968882092b7edb0ace230412705,733769,2026-10-05T11:09:18.168566+00:00,timestamp-only coverage; price payload quarantined,2798,0,2009-07-31 00:00:00+00:00,2009-08-13 23:55:00+00:00
2009-08-14T00:00:00+00:00,2009-08-28T00:00:00+00:00,https://api-fxpractice.oanda.com/v3/instruments/XAU_USD/candles?from=2009-08-14T00%3A00%3A00%2B00%3A00&to=2009-08-28T00%3A00%3A00%2B00%3A00&granularity=M5&price=MBA&smooth=false,200,6629ba7575979cac825f3f0073661472b83a7d11aeb4330fece14f5be327c7a1,729901,2026-10-05T11:09:20.086990+00:00,timestamp-only coverage; price payload quarantined,2784,0,2009-08-14 00:00:00+00:00,2009-08-27 23:55:00+00:00
2009-08-28T00:00:00+00:00,2009-09-11T00:00:00+00:00,https://api-fxpractice.oanda.com/v3/instruments/XAU_USD/candles?from=2009-08-28T00%3A00%3A00%2B00%3A00&to=2009-09-11T00%3A00%3A00%2B00%3A00&granularity=M5&price=MBA&smooth=false,200,3f06eaeb8b22ca0b5b9f5332687eb5bd766aeec9424f5ed3bf1c29584bcc2a55,719682,2026-10-05T11:09:16.763518+00:00,timestamp-only coverage; price payload quarantined,2734,0,2009-08-28 00:00:00+00:00,2009-09-10 23:55:00+00:00
2009-09-11T00:00:00+00:00,2009-09-25T00:00:00+00:00,https://api-fxpractice.oanda.com/v3/instruments/XAU_USD/candles?from=2009-09-11T00%3A00%3A00%2B00%3A00&to=2009-09-25T00%3A00%3A00%2B00%3A00&granularity=M5&price=MBA&smooth=false,200,0d4e379c6d37ad069e347e4572d15fa8b7d23bd8276efb559cb793bebd08c7bd,755247,2026-10-05T11:09:21.998302+00:00,timestamp-only coverage; price payload quarantined,2777,0,2009-09-11 00:00:00+00:00,2009-09-24 23:55:00+00:00
2009-09-25T00:00:00+00:00,2009-10-09T00:00:00+00:00,https://api-fxpractice.oanda.com/v3/instruments/XAU_USD/candles?from=2009-09-25T00%3A00%3A00%2B00%3A00&to=2009-10-09T00%3A00%3A00%2B00%3A00&granularity=M5&price=MBA&smooth=false,200,4d388d656f72f5587f5a438c3bd8f36558f2286f5a1d60969a3030a28402eafd,755835,2026-10-05T11:09:18.646579+00:00,timestamp-only coverage; price payload quarantined,2805,0,2009-09-25 00:00:00+00:00,2009-10-08 23:55:00+00:00
2009-10-09T00:00:00+00:00,2009-10-23T00:00:00+00:00,https://api-fxpractice.oanda.com/v3/instruments/XAU_USD/candles?from=2009-10-09T00%3A00%3A00%2B00%3A00&to=2009-10-23T00%3A00%3A00%2B00%3A00&granularity=M5&price=MBA&smooth=false,200,fac79db2146d19e5701f9153e81a99bad0bbe7daa65631fb012c6095f88f5388,761802,2026-10-05T11:09:20.692018+00:00,timestamp-only coverage; price payload quarantined,2778,0,2009-10-09 00:00:00+00:00,2009-10-22 23:55:00+00:00
2009-10-23T00:00:00+00:00,2009-11-06T00:00:00+00:00,https://api-fxpractice.oanda.com/v3/instruments/XAU_USD/candles?from=2009-10-23T00%3A00%3A00%2B00%3A00&to=2009-11-06T00%3A00%3A00%2B00%3A00&granularity=M5&price=MBA&smooth=false,200,d2ef9d617da106c1810b3f819afad3082f8d46c7b548108d9b25c190f3cb0c4a,760628,2026-10-05T11:09:17.487190+00:00,timestamp-only coverage; price payload quarantined,2773,0,2009-10-23 00:00:00+00:00,2009-11-05 23:55:00+00:00
2009-11-06T00:00:00+00:00,2009-11-20T00:00:00+00:00,https://api-fxpractice.oanda.com/v3/instruments/XAU_USD/candles?from=2009-11-06T00%3A00%3A00%2B00%3A00&to=2009-11-20T00%3A00%3A00%2B00%3A00&granularity=M5&price=MBA&smooth=false,200,14016492f99d345b1e1310e65c71f4e266ee7a53f81876e9bee0945be27dba30,770225,2026-10-05T11:09:22.500630+00:00,timestamp-only coverage; price payload quarantined,2808,0,2009-11-06 00:00:00+00:00,2009-11-19 23:55:00+00:00
2009-11-20T00:00:00+00:00,2009-12-04T00:00:00+00:00,https://api-fxpractice.oanda.com/v3/instruments/XAU_USD/candles?from=2009-11-20T00%3A00%3A00%2B00%3A00&to=2009-12-04T00%3A00%3A00%2B00%3A00&granularity=M5&price=MBA&smooth=false,200,36d7bef27a4ced8a0cf3da865788e86c7914cae6bd99efa9a392dd9cfda9d301,751432,2026-10-05T11:09:19.319314+00:00,timestamp-only coverage; price payload quarantined,2738,0,2009-11-20 00:00:00+00:00,2009-12-03 23:55:00+00:00
2009-12-04T00:00:00+00:00,2009-12-18T00:00:00+00:00,https://api-fxpractice.oanda.com/v3/instruments/XAU_USD/candles?from=2009-12-04T00%3A00%3A00%2B00%3A00&to=2009-12-18T00%3A00%3A00%2B00%3A00&granularity=M5&price=MBA&smooth=false,200,71089d6e96f8355fa5e297ac68ada587e956d95e86da97f3d7e6756ebb29791e,773614,2026-10-05T11:09:21.118827+00:00,timestamp-only coverage; price payload quarantined,2817,0,2009-12-04 00:00:00+00:00,2009-12-17 23:55:00+00:00
2009-12-18T00:00:00+00:00,2010-01-01T00:00:00+00:00,https://api-fxpractice.oanda.com/v3/instruments/XAU_USD/candles?from=2009-12-18T00%3A00%3A00%2B00%3A00&to=2010-01-01T00%3A00%3A00%2B00%3A00&granularity=M5&price=MBA&smooth=false,200,4a322cfd348957a6817c79dbaf325652d19cdcf5f4b1cde6715e3af80b7d95fb,680872,2026-10-05T11:09:18.208336+00:00,timestamp-only coverage; price payload quarantined,2482,0,2009-12-18 00:00:00+00:00,2009-12-31 22:05:00+00:00
2010-01-01T00:00:00+00:00,2010-01-15T00:00:00+00:00,https://api-fxpractice.oanda.com/v3/instruments/XAU_USD/candles?from=2010-01-01T00%3A00%3A00%2B00%3A00&to=2010-01-15T00%3A00%3A00%2B00%3A00&granularity=M5&price=MBA&smooth=false,200,76b1186668f272c8e8877bd81a81582f15b27ea11fd256e28f735e22507efc8a,698713,2026-10-05T11:09:23.184702+00:00,timestamp-only coverage; price payload quarantined,2546,0,2010-01-03 22:55:00+00:00,2010-01-14 23:55:00+00:00
2010-01-15T00:00:00+00:00,2010-01-29T00:00:00+00:00,https://api-fxpractice.oanda.com/v3/instruments/XAU_USD/candles?from=2010-01-15T00%3A00%3A00%2B00%3A00&to=2010-01-29T00%3A00%3A00%2B00%3A00&granularity=M5&price=MBA&smooth=false,200,0e10a209d773b34ec59d2c8e1b9f5b249841e8be9b2d92ac90cc49a969bab2e3,755626,2026-10-05T11:09:19.890263+00:00,timestamp-only coverage; price payload quarantined,2753,0,2010-01-15 00:00:00+00:00,2010-01-28 23:55:00+00:00
2010-01-29T00:00:00+00:00,2010-02-12T00:00:00+00:00,https://api-fxpractice.oanda.com/v3/instruments/XAU_USD/candles?from=2010-01-29T00%3A00%3A00%2B00%3A00&to=2010-02-12T00%3A00%3A00%2B00%3A00&granularity=M5&price=MBA&smooth=false,200,2e7988f47643f381f8e2cf8e1c23ce43d608adf25e941621f1beeff3daa0aecb,773530,2026-10-05T11:09:21.562882+00:00,timestamp-only coverage; price payload quarantined,2818,0,2010-01-29 00:00:00+00:00,2010-02-11 23:55:00+00:00
2010-02-12T00:00:00+00:00,2010-02-26T00:00:00+00:00,https://api-fxpractice.oanda.com/v3/instruments/XAU_USD/candles?from=2010-02-12T00%3A00%3A00%2B00%3A00&to=2010-02-26T00%3A00%3A00%2B00%3A00&granularity=M5&price=MBA&smooth=false,200,949e93e6a855f07b27d9feb58a6eb8241552de14c023aba4ddb4f88aa4a34ec7,761482,2026-10-05T11:09:18.692060+00:00,timestamp-only coverage; price payload quarantined,2774,0,2010-02-12 00:00:00+00:00,2010-02-25 23:55:00+00:00
2010-02-26T00:00:00+00:00,2010-03-12T00:00:00+00:00,https://api-fxpractice.oanda.com/v3/instruments/XAU_USD/candles?from=2010-02-26T00%3A00%3A00%2B00%3A00&to=2010-03-12T00%3A00%3A00%2B00%3A00&granularity=M5&price=MBA&smooth=false,200,56a42da9d27e9cd1767e0f6e3d93abed3ee3aa023d96d3e0524d1ab6328df2fb,770954,2026-10-05T11:09:23.670543+00:00,timestamp-only coverage; price payload quarantined,2809,0,2010-02-26 00:00:00+00:00,2010-03-11 23:55:00+00:00
2010-03-12T00:00:00+00:00,2010-03-26T00:00:00+00:00,https://api-fxpractice.oanda.com/v3/instruments/XAU_USD/candles?from=2010-03-12T00%3A00%3A00%2B00%3A00&to=2010-03-26T00%3A00%3A00%2B00%3A00&granularity=M5&price=MBA&smooth=false,200,a1e14dfbf4efa3f0b965537b109465c39c9edb376bff50e273a850048a37187f,778870,2026-10-05T11:09:20.412168+00:00,timestamp-only coverage; price payload quarantined,2839,0,2010-03-12 00:00:00+00:00,2010-03-25 23:55:00+00:00
2010-03-26T00:00:00+00:00,2010-04-09T00:00:00+00:00,https://api-fxpractice.oanda.com/v3/instruments/XAU_USD/candles?from=2010-03-26T00%3A00%3A00%2B00%3A00&to=2010-04-09T00%3A00%3A00%2B00%3A00&granularity=M5&price=MBA&smooth=false,200,da7946576bcbb084abe983688aab28c4a0af1d500629f11055b9495f08e2af18,751032,2026-10-05T11:09:21.979801+00:00,timestamp-only coverage; price payload quarantined,2739,0,2010-03-26 00:00:00+00:00,2010-04-08 23:55:00+00:00
2010-04-09T00:00:00+00:00,2010-04-23T00:00:00+00:00,https://api-fxpractice.oanda.com/v3/instruments/XAU_USD/candles?from=2010-04-09T00%3A00%3A00%2B00%3A00&to=2010-04-23T00%3A00%3A00%2B00%3A00&granularity=M5&price=MBA&smooth=false,200,263381819d9af42de6e00c3f6d1c9b4848a5ad2ddd54d5c89520310dadf14aa5,779126,2026-10-05T11:09:19.324067+00:00,timestamp-only coverage; price payload quarantined,2841,0,2010-04-09 00:00:00+00:00,2010-04-22 23:55:00+00:00
2010-04-23T00:00:00+00:00,2010-05-07T00:00:00+00:00,https://api-fxpractice.oanda.com/v3/instruments/XAU_USD/candles?from=2010-04-23T00%3A00%3A00%2B00%3A00&to=2010-05-07T00%3A00%3A00%2B00%3A00&granularity=M5&price=MBA&smooth=false,200,f087b09b3955c2d424d7c5eea772f4e68f83611b99d6b354501f8694b7a5038c,771737,2026-10-05T11:09:24.250006+00:00,timestamp-only coverage; price payload quarantined,2813,0,2010-04-23 00:00:00+00:00,2010-05-06 23:55:00+00:00
2010-05-07T00:00:00+00:00,2010-05-21T00:00:00+00:00,https://api-fxpractice.oanda.com/v3/instruments/XAU_USD/candles?from=2010-05-07T00%3A00%3A00%2B00%3A00&to=2010-05-21T00%3A00%3A00%2B00%3A00&granularity=M5&price=MBA&smooth=false,200,0a0ab83caadcb9e0edcb0bca3b95632a8f8a2102e30dd12c5299d43fa613832f,771341,2026-10-05T11:09:20.847622+00:00,timestamp-only coverage; price payload quarantined,2809,0,2010-05-07 00:00:00+00:00,2010-05-20 23:55:00+00:00
2010-05-21T00:00:00+00:00,2010-06-04T00:00:00+00:00,https://api-fxpractice.oanda.com/v3/instruments/XAU_USD/candles?from=2010-05-21T00%3A00%3A00%2B00%3A00&to=2010-06-04T00%3A00%3A00%2B00%3A00&granularity=M5&price=MBA&smooth=false,200,2e994125644378b3d1c37f2a47aaeffc8e8a933e3e3b0db90ae18469d67611aa,752761,2026-10-05T11:09:22.483154+00:00,timestamp-only coverage; price payload quarantined,2743,0,2010-05-21 00:00:00+00:00,2010-06-03 23:55:00+00:00
2010-06-04T00:00:00+00:00,2010-06-18T00:00:00+00:00,https://api-fxpractice.oanda.com/v3/instruments/XAU_USD/candles?from=2010-06-04T00%3A00%3A00%2B00%3A00&to=2010-06-18T00%3A00%3A00%2B00%3A00&granularity=M5&price=MBA&smooth=false,200,a948cbb494d4dc811c7fa6b0e9470c90c18b1dfd43df4246226c655fba69ae1b,768988,2026-10-05T11:09:20.062676+00:00,timestamp-only coverage; price payload quarantined,2802,0,2010-06-04 00:00:00+00:00,2010-06-17 23:55:00+00:00
2010-06-18T00:00:00+00:00,2010-07-02T00:00:00+00:00,https://api-fxpractice.oanda.com/v3/instruments/XAU_USD/candles?from=2010-06-18T00%3A00%3A00%2B00%3A00&to=2010-07-02T00%3A00%3A00%2B00%3A00&granularity=M5&price=MBA&smooth=false,200,8a5120b82182c01fa110dfb006fdc230c36bf9df5fa8f04babe286f44e48968c,767430,2026-10-05T11:09:28.060487+00:00,timestamp-only coverage; price payload quarantined,2797,0,2010-06-18 00:00:00+00:00,2010-07-01 23:55:00+00:00
2010-07-02T00:00:00+00:00,2010-07-16T00:00:00+00:00,https://api-fxpractice.oanda.com/v3/instruments/XAU_USD/candles?from=2010-07-02T00%3A00%3A00%2B00%3A00&to=2010-07-16T00%3A00%3A00%2B00%3A00&granularity=M5&price=MBA&smooth=false,200,8083184a23d5ce591c63d66fb75e19c10980949431b9c580f4118d942d5ac3d9,745755,2026-10-05T11:09:21.379598+00:00,timestamp-only coverage; price payload quarantined,2719,0,2010-07-02 00:00:00+00:00,2010-07-15 23:55:00+00:00
2010-07-16T00:00:00+00:00,2010-07-30T00:00:00+00:00,https://api-fxpractice.oanda.com/v3/instruments/XAU_USD/candles?from=2010-07-16T00%3A00%3A00%2B00%3A00&to=2010-07-30T00%3A00%3A00%2B00%3A00&granularity=M5&price=MBA&smooth=false,200,8644660ef0fa53a3ff1928c18c592fb36e64426ed8932ae3b97eaf1382e837b7,765833,2026-10-05T11:09:23.290747+00:00,timestamp-only coverage; price payload quarantined,2792,0,2010-07-16 00:00:00+00:00,2010-07-29 23:55:00+00:00
2010-07-30T00:00:00+00:00,2010-08-13T00:00:00+00:00,https://api-fxpractice.oanda.com/v3/instruments/XAU_USD/candles?from=2010-07-30T00%3A00%3A00%2B00%3A00&to=2010-08-13T00%3A00%3A00%2B00%3A00&granularity=M5&price=MBA&smooth=false,200,097a7657c2a96d659bf051e3d9624dadd11f05de3a2aeec3bab9574f3d98aab5,767033,2026-10-05T11:09:20.782712+00:00,timestamp-only coverage; price payload quarantined,2797,0,2010-07-30 00:00:00+00:00,2010-08-12 23:55:00+00:00
2010-08-13T00:00:00+00:00,2010-08-27T00:00:00+00:00,https://api-fxpractice.oanda.com/v3/instruments/XAU_USD/candles?from=2010-08-13T00%3A00%3A00%2B00%3A00&to=2010-08-27T00%3A00%3A00%2B00%3A00&granularity=M5&price=MBA&smooth=false,200,4ae4f2fab18604e2496b7ade78aa86d0cb763f0040d0442f5feb104b5bae77be,768574,2026-10-05T11:09:28.542263+00:00,timestamp-only coverage; price payload quarantined,2803,0,2010-08-13 00:00:00+00:00,2010-08-26 23:55:00+00:00
2010-08-27T00:00:00+00:00,2010-09-10T00:00:00+00:00,https://api-fxpractice.oanda.com/v3/instruments/XAU_USD/candles?from=2010-08-27T00%3A00%3A00%2B00%3A00&to=2010-09-10T00%3A00%3A00%2B00%3A00&granularity=M5&price=MBA&smooth=false,200,988637ccfcc39639c94829bd3effe9678377bb08a1c04cc77a09cd637e11f92e,753193,2026-10-05T11:09:22.001720+00:00,timestamp-only coverage; price payload quarantined,2747,0,2010-08-27 00:00:00+00:00,2010-09-09 23:55:00+00:00
2010-09-10T00:00:00+00:00,2010-09-24T00:00:00+00:00,https://api-fxpractice.oanda.com/v3/instruments/XAU_USD/candles?from=2010-09-10T00%3A00%3A00%2B00%3A00&to=2010-09-24T00%3A00%3A00%2B00%3A00&granularity=M5&price=MBA&smooth=false,200,5623aac8b176bf2f1983da68b9de6382f0003477baa0501df5406087bdc93d0c,766943,2026-10-05T11:09:23.723781+00:00,timestamp-only coverage; price payload quarantined,2796,0,2010-09-10 00:00:00+00:00,2010-09-23 23:55:00+00:00
2010-09-24T00:00:00+00:00,2010-10-08T00:00:00+00:00,https://api-fxpractice.oanda.com/v3/instruments/XAU_USD/candles?from=2010-09-24T00%3A00%3A00%2B00%3A00&to=2010-10-08T00%3A00%3A00%2B00%3A00&granularity=M5&price=MBA&smooth=false,200,daf35884fbd52a8fccba03474e68e8361afc97fe35b5b201ad4e2b00f479d00f,764224,2026-10-05T11:09:21.470711+00:00,timestamp-only coverage; price payload quarantined,2785,0,2010-09-24 00:00:00+00:00,2010-10-07 23:55:00+00:00
2010-10-08T00:00:00+00:00,2010-10-22T00:00:00+00:00,https://api-fxpractice.oanda.com/v3/instruments/XAU_USD/candles?from=2010-10-08T00%3A00%3A00%2B00%3A00&to=2010-10-22T00%3A00%3A00%2B00%3A00&granularity=M5&price=MBA&smooth=false,200,5ae8052d53be2fe784f4321d3856bd315c628fbd5c869aa59dad6d21a0770cf3,770240,2026-10-05T11:09:29.411144+00:00,timestamp-only coverage; price payload quarantined,2805,0,2010-10-08 00:00:00+00:00,2010-10-21 23:55:00+00:00
2010-10-22T00:00:00+00:00,2010-11-05T00:00:00+00:00,https://api-fxpractice.oanda.com/v3/instruments/XAU_USD/candles?from=2010-10-22T00%3A00%3A00%2B00%3A00&to=2010-11-05T00%3A00%3A00%2B00%3A00&granularity=M5&price=MBA&smooth=false,200,87c6dff29b106e34879093d4fc8f8f4b38da901abab0f3eee4a71bca376538d2,769287,2026-10-05T11:09:22.613789+00:00,timestamp-only coverage; price payload quarantined,2802,0,2010-10-22 00:00:00+00:00,2010-11-04 23:55:00+00:00
2010-11-05T00:00:00+00:00,2010-11-19T00:00:00+00:00,https://api-fxpractice.oanda.com/v3/instruments/XAU_USD/candles?from=2010-11-05T00%3A00%3A00%2B00%3A00&to=2010-11-19T00%3A00%3A00%2B00%3A00&granularity=M5&price=MBA&smooth=false,200,4df09153d67dd585a960cfbdd0c6b8687a4516b4e989352e34f3f5effd65f915,766143,2026-10-05T11:09:24.230922+00:00,timestamp-only coverage; price payload quarantined,2788,0,2010-11-05 00:00:00+00:00,2010-11-18 23:55:00+00:00
2010-11-19T00:00:00+00:00,2010-12-03T00:00:00+00:00,https://api-fxpractice.oanda.com/v3/instruments/XAU_USD/candles?from=2010-11-19T00%3A00%3A00%2B00%3A00&to=2010-12-03T00%3A00%3A00%2B00%3A00&granularity=M5&price=MBA&smooth=false,200,890d99a7a8d5fa363d1d00668ddcda08cee49089a5527fa6310d4be471cf8d5c,751724,2026-10-05T11:09:22.003823+00:00,timestamp-only coverage; price payload quarantined,2737,0,2010-11-19 00:00:00+00:00,2010-12-02 23:55:00+00:00
2010-12-03T00:00:00+00:00,2010-12-17T00:00:00+00:00,https://api-fxpractice.oanda.com/v3/instruments/XAU_USD/candles?from=2010-12-03T00%3A00%3A00%2B00%3A00&to=2010-12-17T00%3A00%3A00%2B00%3A00&granularity=M5&price=MBA&smooth=false,200,b9b609a56f0b3a3431eaa92b502823992f06dc23d25dc4c6e08e881d9cc34d8a,768611,2026-10-05T11:09:30.105954+00:00,timestamp-only coverage; price payload quarantined,2798,0,2010-12-03 00:00:00+00:00,2010-12-16 23:55:00+00:00
2010-12-17T00:00:00+00:00,2010-12-31T00:00:00+00:00,https://api-fxpractice.oanda.com/v3/instruments/XAU_USD/candles?from=2010-12-17T00%3A00%3A00%2B00%3A00&to=2010-12-31T00%3A00%3A00%2B00%3A00&granularity=M5&price=MBA&smooth=false,200,f510d1d0042b5a22a638c849bc6f3a44d43c8417beaf4c059d24e80272eeb5bc,730215,2026-10-05T11:09:23.271277+00:00,timestamp-only coverage; price payload quarantined,2662,0,2010-12-17 00:00:00+00:00,2010-12-30 23:50:00+00:00
2010-12-31T00:00:00+00:00,2011-01-14T00:00:00+00:00,https://api-fxpractice.oanda.com/v3/instruments/XAU_USD/candles?from=2010-12-31T00%3A00%3A00%2B00%3A00&to=2011-01-14T00%3A00%3A00%2B00%3A00&granularity=M5&price=MBA&smooth=false,200,3e6dd221d462820d2a660c5389f2f23b84d7ac56171173b4d16af2d259151b6f,767257,2026-10-05T11:09:27.912331+00:00,timestamp-only coverage; price payload quarantined,2795,0,2010-12-31 00:00:00+00:00,2011-01-13 23:55:00+00:00
2011-01-14T00:00:00+00:00,2011-01-28T00:00:00+00:00,https://api-fxpractice.oanda.com/v3/instruments/XAU_USD/candles?from=2011-01-14T00%3A00%3A00%2B00%3A00&to=2011-01-28T00%3A00%3A00%2B00%3A00&granularity=M5&price=MBA&smooth=false,200,c4cb952bf04cdea4a3628bb2227fd95014251a47135187097f593664ce28a8f3,758514,2026-10-05T11:09:22.484434+00:00,timestamp-only coverage; price payload quarantined,2763,0,2011-01-14 00:00:00+00:00,2011-01-27 23:55:00+00:00
2011-01-28T00:00:00+00:00,2011-02-11T00:00:00+00:00,https://api-fxpractice.oanda.com/v3/instruments/XAU_USD/candles?from=2011-01-28T00%3A00%3A00%2B00%3A00&to=2011-02-11T00%3A00%3A00%2B00%3A00&granularity=M5&price=MBA&smooth=false,200,e67f780996289b3e9a23b83153e018df2fc1a7687f75ecc43e87059902135330,779708,2026-10-05T11:09:30.886199+00:00,timestamp-only coverage; price payload quarantined,2841,0,2011-01-28 00:00:00+00:00,2011-02-10 23:55:00+00:00
2011-02-11T00:00:00+00:00,2011-02-25T00:00:00+00:00,https://api-fxpractice.oanda.com/v3/instruments/XAU_USD/candles?from=2011-02-11T00%3A00%3A00%2B00%3A00&to=2011-02-25T00%3A00%3A00%2B00%3A00&granularity=M5&price=MBA&smooth=false,200,853ea678a639f55f22d01af8103369373c96d3746ba83a4b4792bbe0aebee6e5,771735,2026-10-05T11:09:24.021881+00:00,timestamp-only coverage; price payload quarantined,2813,0,2011-02-11 00:00:00+00:00,2011-02-24 23:55:00+00:00
2011-02-25T00:00:00+00:00,2011-03-11T00:00:00+00:00,https://api-fxpractice.oanda.com/v3/instruments/XAU_USD/candles?from=2011-02-25T00%3A00%3A00%2B00%3A00&to=2011-03-11T00%3A00%3A00%2B00%3A00&granularity=M5&price=MBA&smooth=false,200,18996db22dd3e55f1ca13c160ee7768d1799ea302034d342baa1315a1e4871d1,775103,2026-10-05T11:09:28.418129+00:00,timestamp-only coverage; price payload quarantined,2824,0,2011-02-25 00:00:00+00:00,2011-03-10 23:55:00+00:00
2011-03-11T00:00:00+00:00,2011-03-25T00:00:00+00:00,https://api-fxpractice.oanda.com/v3/instruments/XAU_USD/candles?from=2011-03-11T00%3A00%3A00%2B00%3A00&to=2011-03-25T00%3A00%3A00%2B00%3A00&granularity=M5&price=MBA&smooth=false,200,11cfb7efa67a4e78b20f63d3c9674791805a9861abaea192fac02859bf9bb16f,786812,2026-10-05T11:09:23.209659+00:00,timestamp-only coverage; price payload quarantined,2866,0,2011-03-11 00:00:00+00:00,2011-03-24 23:55:00+00:00
2011-03-25T00:00:00+00:00,2011-04-08T00:00:00+00:00,https://api-fxpractice.oanda.com/v3/instruments/XAU_USD/candles?from=2011-03-25T00%3A00%3A00%2B00%3A00&to=2011-04-08T00%3A00%3A00%2B00%3A00&granularity=M5&price=MBA&smooth=false,200,134b2e5444119fff35db71d22a6849779e355e0bea15d6a173c5d2d8fcb36af9,781023,2026-10-05T11:09:31.407781+00:00,timestamp-only coverage; price payload quarantined,2846,0,2011-03-25 00:00:00+00:00,2011-04-07 23:55:00+00:00
2011-04-08T00:00:00+00:00,2011-04-22T00:00:00+00:00,https://api-fxpractice.oanda.com/v3/instruments/XAU_USD/candles?from=2011-04-08T00%3A00%3A00%2B00%3A00&to=2011-04-22T00%3A00%3A00%2B00%3A00&granularity=M5&price=MBA&smooth=false,200,95814f00e10af8abcd150de9252b27ae606fe3be10b8783767690ec7fb53a641,776638,2026-10-05T11:09:28.034991+00:00,timestamp-only coverage; price payload quarantined,2828,0,2011-04-08 00:00:00+00:00,2011-04-21 23:05:00+00:00
2011-04-22T00:00:00+00:00,2011-05-06T00:00:00+00:00,https://api-fxpractice.oanda.com/v3/instruments/XAU_USD/candles?from=2011-04-22T00%3A00%3A00%2B00%3A00&to=2011-05-06T00%3A00%3A00%2B00%3A00&granularity=M5&price=MBA&smooth=false,200,022eaa7e259f7e029f13ce17ebbdd21ff12bcbc8f7a8da41c3a4b1ce82e515f8,734830,2026-10-05T11:09:29.171381+00:00,timestamp-only coverage; price payload quarantined,2675,0,2011-04-22 01:00:00+00:00,2011-05-05 23:55:00+00:00
2011-05-06T00:00:00+00:00,2011-05-20T00:00:00+00:00,https://api-fxpractice.oanda.com/v3/instruments/XAU_USD/candles?from=2011-05-06T00%3A00%3A00%2B00%3A00&to=2011-05-20T00%3A00%3A00%2B00%3A00&granularity=M5&price=MBA&smooth=false,200,957738c78bb7d280328f1a85774c8aa942e896dabedcca8dffd617d3e50fff0e,782783,2026-10-05T11:09:24.056281+00:00,timestamp-only coverage; price payload quarantined,2849,0,2011-05-06 00:00:00+00:00,2011-05-19 23:55:00+00:00
2011-05-20T00:00:00+00:00,2011-06-03T00:00:00+00:00,https://api-fxpractice.oanda.com/v3/instruments/XAU_USD/candles?from=2011-05-20T00%3A00%3A00%2B00%3A00&to=2011-06-03T00%3A00%3A00%2B00%3A00&granularity=M5&price=MBA&smooth=false,200,5dae3cc410f2b5fb308e16a5f324abc0cd1c9b56b0a1a70ebde46c02ae0d6ba8,771478,2026-10-05T11:09:32.020403+00:00,timestamp-only coverage; price payload quarantined,2810,0,2011-05-20 00:00:00+00:00,2011-06-02 23:55:00+00:00
2011-06-03T00:00:00+00:00,2011-06-17T00:00:00+00:00,https://api-fxpractice.oanda.com/v3/instruments/XAU_USD/candles?from=2011-06-03T00%3A00%3A00%2B00%3A00&to=2011-06-17T00%3A00%3A00%2B00%3A00&granularity=M5&price=MBA&smooth=false,200,c5e5dd340d762c0ab7b4c411e849cb87b2814cb1b737d9139016aae50c449ed0,781614,2026-10-05T11:09:28.503235+00:00,timestamp-only coverage; price payload quarantined,2847,0,2011-06-03 00:00:00+00:00,2011-06-16 23:55:00+00:00
2011-06-17T00:00:00+00:00,2011-07-01T00:00:00+00:00,https://api-fxpractice.oanda.com/v3/instruments/XAU_USD/candles?from=2011-06-17T00%3A00%3A00%2B00%3A00&to=2011-07-01T00%3A00%3A00%2B00%3A00&granularity=M5&price=MBA&smooth=false,200,f45b11ec2e93910613e9aad08c830edf234fa6c0398aa0aa55e78fbf277fe085,782959,2026-10-05T11:09:29.645932+00:00,timestamp-only coverage; price payload quarantined,2852,0,2011-06-17 00:00:00+00:00,2011-06-30 23:55:00+00:00
2011-07-01T00:00:00+00:00,2011-07-15T00:00:00+00:00,https://api-fxpractice.oanda.com/v3/instruments/XAU_USD/candles?from=2011-07-01T00%3A00%3A00%2B00%3A00&to=2011-07-15T00%3A00%3A00%2B00%3A00&granularity=M5&price=MBA&smooth=false,200,d921f17fa8f8823f3341342f757046ed2ff9d0ae07d2e14bbd2720b938033c2d,771876,2026-10-05T11:09:27.911014+00:00,timestamp-only coverage; price payload quarantined,2812,0,2011-07-01 00:00:00+00:00,2011-07-14 23:55:00+00:00
2011-07-15T00:00:00+00:00,2011-07-29T00:00:00+00:00,https://api-fxpractice.oanda.com/v3/instruments/XAU_USD/candles?from=2011-07-15T00%3A00%3A00%2B00%3A00&to=2011-07-29T00%3A00%3A00%2B00%3A00&granularity=M5&price=MBA&smooth=false,200,37eec171a36aa10bb5b8c70aa791b79cb21171d684a47ed15b2b0b379d090551,778189,2026-10-05T11:09:32.504203+00:00,timestamp-only coverage; price payload quarantined,2834,0,2011-07-15 00:00:00+00:00,2011-07-28 23:55:00+00:00
2011-07-29T00:00:00+00:00,2011-08-12T00:00:00+00:00,https://api-fxpractice.oanda.com/v3/instruments/XAU_USD/candles?from=2011-07-29T00%3A00%3A00%2B00%3A00&to=2011-08-12T00%3A00%3A00%2B00%3A00&granularity=M5&price=MBA&smooth=false,200,267f6ffb4d393ae99b1f6edea4aeb997b88287cc99a041a3d3847a4c3b86b1c3,782637,2026-10-05T11:09:29.163269+00:00,timestamp-only coverage; price payload quarantined,2847,0,2011-07-29 00:00:00+00:00,2011-08-11 23:55:00+00:00
2011-08-12T00:00:00+00:00,2011-08-26T00:00:00+00:00,https://api-fxpractice.oanda.com/v3/instruments/XAU_USD/candles?from=2011-08-12T00%3A00%3A00%2B00%3A00&to=2011-08-26T00%3A00%3A00%2B00%3A00&granularity=M5&price=MBA&smooth=false,200,04038e3b166e5f049f43de6c77e4b301aa425b08c555d7472faa96bd3534e4c0,785492,2026-10-05T11:09:30.215775+00:00,timestamp-only coverage; price payload quarantined,2857,0,2011-08-12 00:00:00+00:00,2011-08-25 23:55:00+00:00
2011-08-26T00:00:00+00:00,2011-09-09T00:00:00+00:00,https://api-fxpractice.oanda.com/v3/instruments/XAU_USD/candles?from=2011-08-26T00%3A00%3A00%2B00%3A00&to=2011-09-09T00%3A00%3A00%2B00%3A00&granularity=M5&price=MBA&smooth=false,200,5dedaed2bfcdcb9fcb42e272bd686aab1b895a98404697cca0657cf074d583f9,780086,2026-10-05T11:09:28.494360+00:00,timestamp-only coverage; price payload quarantined,2838,0,2011-08-26 00:00:00+00:00,2011-09-08 23:55:00+00:00
2011-09-09T00:00:00+00:00,2011-09-23T00:00:00+00:00,https://api-fxpractice.oanda.com/v3/instruments/XAU_USD/candles?from=2011-09-09T00%3A00%3A00%2B00%3A00&to=2011-09-23T00%3A00%3A00%2B00%3A00&granularity=M5&price=MBA&smooth=false,200,c8747ee15236336c39b62bc0c7896a8ce4fe64c343c23816c987ffb1866ceb76,781333,2026-10-05T11:09:32.996967+00:00,timestamp-only coverage; price payload quarantined,2842,0,2011-09-09 00:00:00+00:00,2011-09-22 23:55:00+00:00
2011-09-23T00:00:00+00:00,2011-10-07T00:00:00+00:00,https://api-fxpractice.oanda.com/v3/instruments/XAU_USD/candles?from=2011-09-23T00%3A00%3A00%2B00%3A00&to=2011-10-07T00%3A00%3A00%2B00%3A00&granularity=M5&price=MBA&smooth=false,200,c92f35756a254657cdbfd9cc0e6d4fea4762aef611f59e6530f7731351453299,780858,2026-10-05T11:09:29.738719+00:00,timestamp-only coverage; price payload quarantined,2840,0,2011-09-23 00:00:00+00:00,2011-10-06 23:55:00+00:00
2011-10-07T00:00:00+00:00,2011-10-21T00:00:00+00:00,https://api-fxpractice.oanda.com/v3/instruments/XAU_USD/candles?from=2011-10-07T00%3A00%3A00%2B00%3A00&to=2011-10-21T00%3A00%3A00%2B00%3A00&granularity=M5&price=MBA&smooth=false,200,8e57c3dc9392abb35e7a9fc8ae1b5b5ca3f2a4c53ecda57b1d4057bd4de65d38,787590,2026-10-05T11:09:30.947299+00:00,timestamp-only coverage; price payload quarantined,2866,0,2011-10-07 00:00:00+00:00,2011-10-20 23:55:00+00:00
2011-10-21T00:00:00+00:00,2011-11-04T00:00:00+00:00,https://api-fxpractice.oanda.com/v3/instruments/XAU_USD/candles?from=2011-10-21T00%3A00%3A00%2B00%3A00&to=2011-11-04T00%3A00%3A00%2B00%3A00&granularity=M5&price=MBA&smooth=false,200,1c8c390bb8a73b27725e39cef7b247f6f9a3d1ea9e82a3f1597b1df7db4d9904,777888,2026-10-05T11:09:29.356979+00:00,timestamp-only coverage; price payload quarantined,2830,0,2011-10-21 00:00:00+00:00,2011-11-03 23:55:00+00:00
2011-11-04T00:00:00+00:00,2011-11-18T00:00:00+00:00,https://api-fxpractice.oanda.com/v3/instruments/XAU_USD/candles?from=2011-11-04T00%3A00%3A00%2B00%3A00&to=2011-11-18T00%3A00%3A00%2B00%3A00&granularity=M5&price=MBA&smooth=false,200,0b14caf8f91e4d56e8770bd660d6c25c9c2137f814d04b8802ba6fd8383aefe6,768606,2026-10-05T11:09:33.778730+00:00,timestamp-only coverage; price payload quarantined,2797,0,2011-11-04 00:00:00+00:00,2011-11-17 23:55:00+00:00
2011-11-18T00:00:00+00:00,2011-12-02T00:00:00+00:00,https://api-fxpractice.oanda.com/v3/instruments/XAU_USD/candles?from=2011-11-18T00%3A00%3A00%2B00%3A00&to=2011-12-02T00%3A00%3A00%2B00%3A00&granularity=M5&price=MBA&smooth=false,200,b764732d25c7f30f277bcdf02140cdf807a05877fd06606110d6115c467caed1,751817,2026-10-05T11:09:30.231064+00:00,timestamp-only coverage; price payload quarantined,2737,0,2011-11-18 00:00:00+00:00,2011-12-01 23:55:00+00:00
2011-12-02T00:00:00+00:00,2011-12-16T00:00:00+00:00,https://api-fxpractice.oanda.com/v3/instruments/XAU_USD/candles?from=2011-12-02T00%3A00%3A00%2B00%3A00&to=2011-12-16T00%3A00%3A00%2B00%3A00&granularity=M5&price=MBA&smooth=false,200,17f0da7f48b3adc6d420d6c5bf60e2b071a080b453894f2ec9e4306f3d444c55,772388,2026-10-05T11:09:31.628248+00:00,timestamp-only coverage; price payload quarantined,2812,0,2011-12-02 00:00:00+00:00,2011-12-15 23:55:00+00:00
2011-12-16T00:00:00+00:00,2011-12-30T00:00:00+00:00,https://api-fxpractice.oanda.com/v3/instruments/XAU_USD/candles?from=2011-12-16T00%3A00%3A00%2B00%3A00&to=2011-12-30T00%3A00%3A00%2B00%3A00&granularity=M5&price=MBA&smooth=false,200,f621a29ae83bc2b4d3fd7de73f42609c2999142ca3cbedd727aee11e1c1a63fe,695265,2026-10-05T11:09:30.114497+00:00,timestamp-only coverage; price payload quarantined,2533,0,2011-12-16 00:00:00+00:00,2011-12-29 23:55:00+00:00
2011-12-30T00:00:00+00:00,2012-01-13T00:00:00+00:00,https://api-fxpractice.oanda.com/v3/instruments/XAU_USD/candles?from=2011-12-30T00%3A00%3A00%2B00%3A00&to=2012-01-13T00%3A00%3A00%2B00%3A00&granularity=M5&price=MBA&smooth=false,200,cb92599f1da272a396fca8890e67f2b7fa6a4f6011e0716c4e15c25ce33fa98a,685631,2026-10-05T11:09:34.255172+00:00,timestamp-only coverage; price payload quarantined,2497,0,2011-12-30 00:00:00+00:00,2012-01-12 23:55:00+00:00
2012-01-13T00:00:00+00:00,2012-01-27T00:00:00+00:00,https://api-fxpractice.oanda.com/v3/instruments/XAU_USD/candles?from=2012-01-13T00%3A00%3A00%2B00%3A00&to=2012-01-27T00%3A00%3A00%2B00%3A00&granularity=M5&price=MBA&smooth=false,200,8856bb3f7b86a2836de9cdc0f42a5b6ddf0bb702adf6e66e115dad4e39e6f79c,759035,2026-10-05T11:09:30.715789+00:00,timestamp-only coverage; price payload quarantined,2765,0,2012-01-13 00:00:00+00:00,2012-01-26 23:55:00+00:00
2012-01-27T00:00:00+00:00,2012-02-10T00:00:00+00:00,https://api-fxpractice.oanda.com/v3/instruments/XAU_USD/candles?from=2012-01-27T00%3A00%3A00%2B00%3A00&to=2012-02-10T00%3A00%3A00%2B00%3A00&granularity=M5&price=MBA&smooth=false,200,e46cc59979886f37271c12591967d1a5e071e72415c376a07698d1e4ecccd3d2,763188,2026-10-05T11:09:32.187664+00:00,timestamp-only coverage; price payload quarantined,2780,0,2012-01-27 00:00:00+00:00,2012-02-09 23:55:00+00:00
2012-02-10T00:00:00+00:00,2012-02-24T00:00:00+00:00,https://api-fxpractice.oanda.com/v3/instruments/XAU_USD/candles?from=2012-02-10T00%3A00%3A00%2B00%3A00&to=2012-02-24T00%3A00%3A00%2B00%3A00&granularity=M5&price=MBA&smooth=false,200,6e8a6aa815ed9aece8cccc71431c00bcec05b01ea5149338d102b136ee740f61,761655,2026-10-05T11:09:30.855243+00:00,timestamp-only coverage; price payload quarantined,2775,0,2012-02-10 00:00:00+00:00,2012-02-23 23:55:00+00:00
2012-02-24T00:00:00+00:00,2012-03-09T00:00:00+00:00,https://api-fxpractice.oanda.com/v3/instruments/XAU_USD/candles?from=2012-02-24T00%3A00%3A00%2B00%3A00&to=2012-03-09T00%3A00%3A00%2B00%3A00&granularity=M5&price=MBA&smooth=false,200,98c8e7b525fc5ada9ac41aa748869bb51e17c3af80650f783b7025c3ec108178,767911,2026-10-05T11:09:34.884818+00:00,timestamp-only coverage; price payload quarantined,2797,0,2012-02-24 00:00:00+00:00,2012-03-08 23:55:00+00:00
2012-03-09T00:00:00+00:00,2012-03-23T00:00:00+00:00,https://api-fxpractice.oanda.com/v3/instruments/XAU_USD/candles?from=2012-03-09T00%3A00%3A00%2B00%3A00&to=2012-03-23T00%3A00%3A00%2B00%3A00&granularity=M5&price=MBA&smooth=false,200,8f209b76657ded39833c40bdc7be84624df5572895ee3d5a31ad7dc37c5efb63,769963,2026-10-05T11:09:31.201460+00:00,timestamp-only coverage; price payload quarantined,2805,0,2012-03-09 00:00:00+00:00,2012-03-22 23:55:00+00:00
2012-03-23T00:00:00+00:00,2012-04-06T00:00:00+00:00,https://api-fxpractice.oanda.com/v3/instruments/XAU_USD/candles?from=2012-03-23T00%3A00%3A00%2B00%3A00&to=2012-04-06T00%3A00%3A00%2B00%3A00&granularity=M5&price=MBA&smooth=false,200,a211dec29a5fe0553ecfd347fbeb12098ad97ee9581c26b88f3709fcc0a60133,767518,2026-10-05T11:09:32.613408+00:00,timestamp-only coverage; price payload quarantined,2797,0,2012-03-23 00:00:00+00:00,2012-04-05 23:35:00+00:00
2012-04-06T00:00:00+00:00,2012-04-20T00:00:00+00:00,https://api-fxpractice.oanda.com/v3/instruments/XAU_USD/candles?from=2012-04-06T00%3A00%3A00%2B00%3A00&to=2012-04-20T00%3A00%3A00%2B00%3A00&granularity=M5&price=MBA&smooth=false,200,dda4547f1711c2ccf18b14e0a796419abce64e2b3feca54217b7b8e645c805b5,722400,2026-10-05T11:09:31.434162+00:00,timestamp-only coverage; price payload quarantined,2633,0,2012-04-06 00:00:00+00:00,2012-04-19 23:55:00+00:00
2012-04-20T00:00:00+00:00,2012-05-04T00:00:00+00:00,https://api-fxpractice.oanda.com/v3/instruments/XAU_USD/candles?from=2012-04-20T00%3A00%3A00%2B00%3A00&to=2012-05-04T00%3A00%3A00%2B00%3A00&granularity=M5&price=MBA&smooth=false,200,5d9ae22a9499f7d6d9845b50767e3befc5073a47c31e86293307d0e0aa9cd1fe,768928,2026-10-05T11:09:35.645379+00:00,timestamp-only coverage; price payload quarantined,2804,0,2012-04-20 00:00:00+00:00,2012-05-03 23:55:00+00:00
2012-05-04T00:00:00+00:00,2012-05-18T00:00:00+00:00,https://api-fxpractice.oanda.com/v3/instruments/XAU_USD/candles?from=2012-05-04T00%3A00%3A00%2B00%3A00&to=2012-05-18T00%3A00%3A00%2B00%3A00&granularity=M5&price=MBA&smooth=false,200,d06c869614ccf5d6e32a958ccaa1806d8f7db86cf8577e656252772e76281374,772251,2026-10-05T11:09:31.664628+00:00,timestamp-only coverage; price payload quarantined,2814,0,2012-05-04 00:00:00+00:00,2012-05-17 23:55:00+00:00
2012-05-18T00:00:00+00:00,2012-06-01T00:00:00+00:00,https://api-fxpractice.oanda.com/v3/instruments/XAU_USD/candles?from=2012-05-18T00%3A00%3A00%2B00%3A00&to=2012-06-01T00%3A00%3A00%2B00%3A00&granularity=M5&price=MBA&smooth=false,200,8c817646f20e39641577e0a1ee3d622197e4ea7bd3f7f5029ee24e577b28692f,768280,2026-10-05T11:09:33.149143+00:00,timestamp-only coverage; price payload quarantined,2798,0,2012-05-18 00:00:00+00:00,2012-05-31 23:55:00+00:00
2012-06-01T00:00:00+00:00,2012-06-15T00:00:00+00:00,https://api-fxpractice.oanda.com/v3/instruments/XAU_USD/candles?from=2012-06-01T00%3A00%3A00%2B00%3A00&to=2012-06-15T00%3A00%3A00%2B00%3A00&granularity=M5&price=MBA&smooth=false,200,260823eb1c0bf485b1eba85ad25485f0c0722cca206d77a889f5508fc6b635dc,773878,2026-10-05T11:09:31.916933+00:00,timestamp-only coverage; price payload quarantined,2818,0,2012-06-01 00:00:00+00:00,2012-06-14 23:55:00+00:00
2012-06-15T00:00:00+00:00,2012-06-29T00:00:00+00:00,https://api-fxpractice.oanda.com/v3/instruments/XAU_USD/candles?from=2012-06-15T00%3A00%3A00%2B00%3A00&to=2012-06-29T00%3A00%3A00%2B00%3A00&granularity=M5&price=MBA&smooth=false,200,fce487cf6fbc85b0e2447f515c27ab6be2e0ae64aed17f264bdaa1c72482beba,770306,2026-10-05T11:09:36.833578+00:00,timestamp-only coverage; price payload quarantined,2807,0,2012-06-15 00:00:00+00:00,2012-06-28 23:55:00+00:00
2012-06-29T00:00:00+00:00,2012-07-13T00:00:00+00:00,https://api-fxpractice.oanda.com/v3/instruments/XAU_USD/candles?from=2012-06-29T00%3A00%3A00%2B00%3A00&to=2012-07-13T00%3A00%3A00%2B00%3A00&granularity=M5&price=MBA&smooth=false,200,785d096da4bdce07c4e02266b9ed832c32e5ce511559a905241568d4cc3bf049,760176,2026-10-05T11:09:32.151140+00:00,timestamp-only coverage; price payload quarantined,2771,0,2012-06-29 00:00:00+00:00,2012-07-12 23:55:00+00:00
2012-07-13T00:00:00+00:00,2012-07-27T00:00:00+00:00,https://api-fxpractice.oanda.com/v3/instruments/XAU_USD/candles?from=2012-07-13T00%3A00%3A00%2B00%3A00&to=2012-07-27T00%3A00%3A00%2B00%3A00&granularity=M5&price=MBA&smooth=false,200,71ebe29700636480344feaaadef96844e32f75335352a89d715e84d50f7818a1,767882,2026-10-05T11:09:33.609661+00:00,timestamp-only coverage; price payload quarantined,2799,0,2012-07-13 00:00:00+00:00,2012-07-26 23:55:00+00:00
2012-07-27T00:00:00+00:00,2012-08-10T00:00:00+00:00,https://api-fxpractice.oanda.com/v3/instruments/XAU_USD/candles?from=2012-07-27T00%3A00%3A00%2B00%3A00&to=2012-08-10T00%3A00%3A00%2B00%3A00&granularity=M5&price=MBA&smooth=false,200,717d9f83621c481380e8d2b6d82fcc1eef530e595afa49e0bad3522cf4f8e5e9,762737,2026-10-05T11:09:32.539653+00:00,timestamp-only coverage; price payload quarantined,2781,0,2012-07-27 00:00:00+00:00,2012-08-09 23:55:00+00:00
2012-08-10T00:00:00+00:00,2012-08-24T00:00:00+00:00,https://api-fxpractice.oanda.com/v3/instruments/XAU_USD/candles?from=2012-08-10T00%3A00%3A00%2B00%3A00&to=2012-08-24T00%3A00%3A00%2B00%3A00&granularity=M5&price=MBA&smooth=false,200,edd5f1f8577e18701ed2406db997c48585c6fcccc80299ca07d565cf8135847d,760877,2026-10-05T11:09:37.323740+00:00,timestamp-only coverage; price payload quarantined,2775,0,2012-08-10 00:00:00+00:00,2012-08-23 23:55:00+00:00
2012-08-24T00:00:00+00:00,2012-09-07T00:00:00+00:00,https://api-fxpractice.oanda.com/v3/instruments/XAU_USD/candles?from=2012-08-24T00%3A00%3A00%2B00%3A00&to=2012-09-07T00%3A00%3A00%2B00%3A00&granularity=M5&price=MBA&smooth=false,200,74dd21e9748f9966d5e77f62ae19bfae682f1207d5b7d7b998b59cf2f1da632a,749952,2026-10-05T11:09:32.684999+00:00,timestamp-only coverage; price payload quarantined,2735,0,2012-08-24 00:00:00+00:00,2012-09-06 23:55:00+00:00
2012-09-07T00:00:00+00:00,2012-09-21T00:00:00+00:00,https://api-fxpractice.oanda.com/v3/instruments/XAU_USD/candles?from=2012-09-07T00%3A00%3A00%2B00%3A00&to=2012-09-21T00%3A00%3A00%2B00%3A00&granularity=M5&price=MBA&smooth=false,200,c07c8ebe8187ce952f27043c484b88b62bed1e5dfc200b400ae914a70954929c,765774,2026-10-05T11:09:34.354969+00:00,timestamp-only coverage; price payload quarantined,2791,0,2012-09-07 00:00:00+00:00,2012-09-20 23:55:00+00:00
2012-09-21T00:00:00+00:00,2012-10-05T00:00:00+00:00,https://api-fxpractice.oanda.com/v3/instruments/XAU_USD/candles?from=2012-09-21T00%3A00%3A00%2B00%3A00&to=2012-10-05T00%3A00%3A00%2B00%3A00&granularity=M5&price=MBA&smooth=false,200,812f26b279ccf56f27d2beb8f6736fbacee0bc64d2677c0f5b336a7d6c737a96,765769,2026-10-05T11:09:33.039314+00:00,timestamp-only coverage; price payload quarantined,2791,0,2012-09-21 00:00:00+00:00,2012-10-04 23:55:00+00:00
2012-10-05T00:00:00+00:00,2012-10-19T00:00:00+00:00,https://api-fxpractice.oanda.com/v3/instruments/XAU_USD/candles?from=2012-10-05T00%3A00%3A00%2B00%3A00&to=2012-10-19T00%3A00%3A00%2B00%3A00&granularity=M5&price=MBA&smooth=false,200,4687974c53a7709ec1079cfe792a8d29add72e1751f25d30d0db97e4e519a327,765000,2026-10-05T11:09:37.886886+00:00,timestamp-only coverage; price payload quarantined,2789,0,2012-10-05 00:00:00+00:00,2012-10-18 23:55:00+00:00
2012-10-19T00:00:00+00:00,2012-11-02T00:00:00+00:00,https://api-fxpractice.oanda.com/v3/instruments/XAU_USD/candles?from=2012-10-19T00%3A00%3A00%2B00%3A00&to=2012-11-02T00%3A00%3A00%2B00%3A00&granularity=M5&price=MBA&smooth=false,200,3ed257d4ee476dd27e19659a9251395c9bb12391b38384fbe98129cf7c314531,762976,2026-10-05T11:09:33.215491+00:00,timestamp-only coverage; price payload quarantined,2782,0,2012-10-19 00:00:00+00:00,2012-11-01 23:55:00+00:00
2012-11-02T00:00:00+00:00,2012-11-16T00:00:00+00:00,https://api-fxpractice.oanda.com/v3/instruments/XAU_USD/candles?from=2012-11-02T00%3A00%3A00%2B00%3A00&to=2012-11-16T00%3A00%3A00%2B00%3A00&granularity=M5&price=MBA&smooth=false,200,3d1dfb1a8ecb2b533296c1504b0487a2e14a3d598cae1e165fc9d1838f3172ee,761066,2026-10-05T11:09:35.115048+00:00,timestamp-only coverage; price payload quarantined,2774,0,2012-11-02 00:00:00+00:00,2012-11-15 23:55:00+00:00
2012-11-16T00:00:00+00:00,2012-11-30T00:00:00+00:00,https://api-fxpractice.oanda.com/v3/instruments/XAU_USD/candles?from=2012-11-16T00%3A00%3A00%2B00%3A00&to=2012-11-30T00%3A00%3A00%2B00%3A00&granularity=M5&price=MBA&smooth=false,200,d4ca71c49085a64aef616b545cd14316605eb513219befb30915041692b0124e,736285,2026-10-05T11:09:33.628760+00:00,timestamp-only coverage; price payload quarantined,2685,0,2012-11-16 00:00:00+00:00,2012-11-29 23:55:00+00:00
2012-11-30T00:00:00+00:00,2012-12-14T00:00:00+00:00,https://api-fxpractice.oanda.com/v3/instruments/XAU_USD/candles?from=2012-11-30T00%3A00%3A00%2B00%3A00&to=2012-12-14T00%3A00%3A00%2B00%3A00&granularity=M5&price=MBA&smooth=false,200,4f160dbf1b532e3519a61bc92ad6fa7eb6ff8b34698c487647776b41fc1a2fae,764266,2026-10-05T11:09:38.619806+00:00,timestamp-only coverage; price payload quarantined,2786,0,2012-11-30 00:00:00+00:00,2012-12-13 23:55:00+00:00
2012-12-14T00:00:00+00:00,2012-12-28T00:00:00+00:00,https://api-fxpractice.oanda.com/v3/instruments/XAU_USD/candles?from=2012-12-14T00%3A00%3A00%2B00%3A00&to=2012-12-28T00%3A00%3A00%2B00%3A00&granularity=M5&price=MBA&smooth=false,200,5316b6813d4467bfeafb67b901a70046a5bfaa0659a19464ad40bb32a1f66555,628799,2026-10-05T11:09:33.918941+00:00,timestamp-only coverage; price payload quarantined,2287,0,2012-12-14 00:00:00+00:00,2012-12-27 23:55:00+00:00
2012-12-28T00:00:00+00:00,2013-01-11T00:00:00+00:00,https://api-fxpractice.oanda.com/v3/instruments/XAU_USD/candles?from=2012-12-28T00%3A00%3A00%2B00%3A00&to=2013-01-11T00%3A00%3A00%2B00%3A00&granularity=M5&price=MBA&smooth=false,200,cbd6855ef3e270af25a067e0903389ce62f4d83bc84e2124e4f346984efc9c25,668714,2026-10-05T11:09:35.640012+00:00,timestamp-only coverage; price payload quarantined,2432,0,2012-12-28 00:00:00+00:00,2013-01-10 23:55:00+00:00
2013-01-11T00:00:00+00:00,2013-01-25T00:00:00+00:00,https://api-fxpractice.oanda.com/v3/instruments/XAU_USD/candles?from=2013-01-11T00%3A00%3A00%2B00%3A00&to=2013-01-25T00%3A00%3A00%2B00%3A00&granularity=M5&price=MBA&smooth=false,200,64a26c5d93ab099a05b5e101543e04f4a6e8d7a0aee3f21f6e62a9750b06d437,756089,2026-10-05T11:09:34.082511+00:00,timestamp-only coverage; price payload quarantined,2750,0,2013-01-11 00:00:00+00:00,2013-01-24 23:55:00+00:00
2013-01-25T00:00:00+00:00,2013-02-08T00:00:00+00:00,https://api-fxpractice.oanda.com/v3/instruments/XAU_USD/candles?from=2013-01-25T00%3A00%3A00%2B00%3A00&to=2013-02-08T00%3A00%3A00%2B00%3A00&granularity=M5&price=MBA&smooth=false,200,545826008932f6d384a43c8bb716a7568a1b08887eba0ad6a7bb1d81d01ff377,765673,2026-10-05T11:09:39.415302+00:00,timestamp-only coverage; price payload quarantined,2785,0,2013-01-25 00:00:00+00:00,2013-02-07 23:55:00+00:00
2013-02-08T00:00:00+00:00,2013-02-22T00:00:00+00:00,https://api-fxpractice.oanda.com/v3/instruments/XAU_USD/candles?from=2013-02-08T00%3A00%3A00%2B00%3A00&to=2013-02-22T00%3A00%3A00%2B00%3A00&granularity=M5&price=MBA&smooth=false,200,6e2a0e93d4ea9a3dbf175584cd752023e6b938002c2db09ee8e1292cd04e5c1d,751876,2026-10-05T11:09:34.358143+00:00,timestamp-only coverage; price payload quarantined,2737,0,2013-02-08 00:00:00+00:00,2013-02-21 23:55:00+00:00
2013-02-22T00:00:00+00:00,2013-03-08T00:00:00+00:00,https://api-fxpractice.oanda.com/v3/instruments/XAU_USD/candles?from=2013-02-22T00%3A00%3A00%2B00%3A00&to=2013-03-08T00%3A00%3A00%2B00%3A00&granularity=M5&price=MBA&smooth=false,200,9f6fb109efee489aa6837b5b740d67f11037c4c94573df97e9901b43fecab504,765704,2026-10-05T11:09:36.357917+00:00,timestamp-only coverage; price payload quarantined,2785,0,2013-02-22 00:00:00+00:00,2013-03-07 23:55:00+00:00
2013-03-08T00:00:00+00:00,2013-03-22T00:00:00+00:00,https://api-fxpractice.oanda.com/v3/instruments/XAU_USD/candles?from=2013-03-08T00%3A00%3A00%2B00%3A00&to=2013-03-22T00%3A00%3A00%2B00%3A00&granularity=M5&price=MBA&smooth=false,200,c2da2f2e3968a5e360867be899c9af5829bce21a5b9cb2695b83afdb9011955b,769161,2026-10-05T11:09:34.635390+00:00,timestamp-only coverage; price payload quarantined,2797,0,2013-03-08 00:00:00+00:00,2013-03-21 23:55:00+00:00
2013-03-22T00:00:00+00:00,2013-04-05T00:00:00+00:00,https://api-fxpractice.oanda.com/v3/instruments/XAU_USD/candles?from=2013-03-22T00%3A00%3A00%2B00%3A00&to=2013-04-05T00%3A00%3A00%2B00%3A00&granularity=M5&price=MBA&smooth=false,200,a199c6a478afd0091977b92ee848ebb572a0498c8eb4338eac4ecb4d813d69b9,689565,2026-10-05T11:09:39.969717+00:00,timestamp-only coverage; price payload quarantined,2508,0,2013-03-22 00:00:00+00:00,2013-04-04 23:55:00+00:00
2013-04-05T00:00:00+00:00,2013-04-19T00:00:00+00:00,https://api-fxpractice.oanda.com/v3/instruments/XAU_USD/candles?from=2013-04-05T00%3A00%3A00%2B00%3A00&to=2013-04-19T00%3A00%3A00%2B00%3A00&granularity=M5&price=MBA&smooth=false,200,98445343426cf8c080b853bc3eaa92efb9dc13797d38a716e64c4e16c332a883,766981,2026-10-05T11:09:35.167261+00:00,timestamp-only coverage; price payload quarantined,2786,0,2013-04-05 00:00:00+00:00,2013-04-18 23:55:00+00:00
2013-04-19T00:00:00+00:00,2013-05-03T00:00:00+00:00,https://api-fxpractice.oanda.com/v3/instruments/XAU_USD/candles?from=2013-04-19T00%3A00%3A00%2B00%3A00&to=2013-05-03T00%3A00%3A00%2B00%3A00&granularity=M5&price=MBA&smooth=false,200,35863c0462335aae15fe3d17423bcabb231463d634e20f3375fa7d6a77f51ac8,766310,2026-10-05T11:09:37.084494+00:00,timestamp-only coverage; price payload quarantined,2784,0,2013-04-19 00:00:00+00:00,2013-05-02 23:55:00+00:00
2013-05-03T00:00:00+00:00,2013-05-17T00:00:00+00:00,https://api-fxpractice.oanda.com/v3/instruments/XAU_USD/candles?from=2013-05-03T00%3A00%3A00%2B00%3A00&to=2013-05-17T00%3A00%3A00%2B00%3A00&granularity=M5&price=MBA&smooth=false,200,c15901dad5e7d65cc8fb3c39a4dd93d2c1caef9f8abd19747ee2273903859858,766135,2026-10-05T11:09:35.194619+00:00,timestamp-only coverage; price payload quarantined,2784,0,2013-05-03 00:00:00+00:00,2013-05-16 23:55:00+00:00
2013-05-17T00:00:00+00:00,2013-05-31T00:00:00+00:00,https://api-fxpractice.oanda.com/v3/instruments/XAU_USD/candles?from=2013-05-17T00%3A00%3A00%2B00%3A00&to=2013-05-31T00%3A00%3A00%2B00%3A00&granularity=M5&price=MBA&smooth=false,200,73f844d3bcdfd0f51eba93df74dda3655daa580e9638ec09df8bef901ec00e0c,752287,2026-10-05T11:09:40.453267+00:00,timestamp-only coverage; price payload quarantined,2733,0,2013-05-17 00:00:00+00:00,2013-05-30 23:55:00+00:00
2013-05-31T00:00:00+00:00,2013-06-14T00:00:00+00:00,https://api-fxpractice.oanda.com/v3/instruments/XAU_USD/candles?from=2013-05-31T00%3A00%3A00%2B00%3A00&to=2013-06-14T00%3A00%3A00%2B00%3A00&granularity=M5&price=MBA&smooth=false,200,550fa8cdcf5e295316081040450789a76bd9fdc3f8ab2d0dd3769f5a11cf40a9,766211,2026-10-05T11:09:35.730905+00:00,timestamp-only coverage; price payload quarantined,2784,0,2013-05-31 00:00:00+00:00,2013-06-13 23:55:00+00:00
2013-06-14T00:00:00+00:00,2013-06-28T00:00:00+00:00,https://api-fxpractice.oanda.com/v3/instruments/XAU_USD/candles?from=2013-06-14T00%3A00%3A00%2B00%3A00&to=2013-06-28T00%3A00%3A00%2B00%3A00&granularity=M5&price=MBA&smooth=false,200,5bd90de2462f9504356938d5b332aecd2c64270f27d5e1b1e15cdb3a9571dc58,766589,2026-10-05T11:09:38.305931+00:00,timestamp-only coverage; price payload quarantined,2784,0,2013-06-14 00:00:00+00:00,2013-06-27 23:55:00+00:00
2013-06-28T00:00:00+00:00,2013-07-12T00:00:00+00:00,https://api-fxpractice.oanda.com/v3/instruments/XAU_USD/candles?from=2013-06-28T00%3A00%3A00%2B00%3A00&to=2013-07-12T00%3A00%3A00%2B00%3A00&granularity=M5&price=MBA&smooth=false,200,2249603ae3d076a19a72364d3db1e126aa7b0850d018529d8b69a36d6795bb40,752753,2026-10-05T11:09:35.641217+00:00,timestamp-only coverage; price payload quarantined,2734,0,2013-06-28 00:00:00+00:00,2013-07-11 23:55:00+00:00
2013-07-12T00:00:00+00:00,2013-07-26T00:00:00+00:00,https://api-fxpractice.oanda.com/v3/instruments/XAU_USD/candles?from=2013-07-12T00%3A00%3A00%2B00%3A00&to=2013-07-26T00%3A00%3A00%2B00%3A00&granularity=M5&price=MBA&smooth=false,200,d0f878952cfded1b411527096c01098b277e6697c5fd5646a7b586a2d7922741,763452,2026-10-05T11:09:41.110829+00:00,timestamp-only coverage; price payload quarantined,2774,0,2013-07-12 00:00:00+00:00,2013-07-25 23:55:00+00:00
2013-07-26T00:00:00+00:00,2013-08-09T00:00:00+00:00,https://api-fxpractice.oanda.com/v3/instruments/XAU_USD/candles?from=2013-07-26T00%3A00%3A00%2B00%3A00&to=2013-08-09T00%3A00%3A00%2B00%3A00&granularity=M5&price=MBA&smooth=false,200,129a968327b530ace2dc0446e1307f60a08d740af75873b87a19fa6b919386d3,763688,2026-10-05T11:09:36.412929+00:00,timestamp-only coverage; price payload quarantined,2775,0,2013-07-26 00:00:00+00:00,2013-08-08 23:55:00+00:00
2013-08-09T00:00:00+00:00,2013-08-23T00:00:00+00:00,https://api-fxpractice.oanda.com/v3/instruments/XAU_USD/candles?from=2013-08-09T00%3A00%3A00%2B00%3A00&to=2013-08-23T00%3A00%3A00%2B00%3A00&granularity=M5&price=MBA&smooth=false,200,6a8766075f15145aa23e621d23abca9d716cbc43eb14f69e0a28cd95770c4ffa,766461,2026-10-05T11:09:38.768608+00:00,timestamp-only coverage; price payload quarantined,2784,0,2013-08-09 00:00:00+00:00,2013-08-22 23:55:00+00:00
2013-08-23T00:00:00+00:00,2013-09-06T00:00:00+00:00,https://api-fxpractice.oanda.com/v3/instruments/XAU_USD/candles?from=2013-08-23T00%3A00%3A00%2B00%3A00&to=2013-09-06T00%3A00%3A00%2B00%3A00&granularity=M5&price=MBA&smooth=false,200,2495fce5af7bbd36eb2a96820248d40c551fadc3d55553125a568b13578201f2,752548,2026-10-05T11:09:36.579830+00:00,timestamp-only coverage; price payload quarantined,2734,0,2013-08-23 00:00:00+00:00,2013-09-05 23:55:00+00:00
2013-09-06T00:00:00+00:00,2013-09-20T00:00:00+00:00,https://api-fxpractice.oanda.com/v3/instruments/XAU_USD/candles?from=2013-09-06T00%3A00%3A00%2B00%3A00&to=2013-09-20T00%3A00%3A00%2B00%3A00&granularity=M5&price=MBA&smooth=false,200,5a1725b2f90f908c8a2fb83384927dd762e1841767b3c8bcb96cbde7c9407187,766133,2026-10-05T11:09:41.673313+00:00,timestamp-only coverage; price payload quarantined,2784,0,2013-09-06 00:00:00+00:00,2013-09-19 23:55:00+00:00
2013-09-20T00:00:00+00:00,2013-10-04T00:00:00+00:00,https://api-fxpractice.oanda.com/v3/instruments/XAU_USD/candles?from=2013-09-20T00%3A00%3A00%2B00%3A00&to=2013-10-04T00%3A00%3A00%2B00%3A00&granularity=M5&price=MBA&smooth=false,200,f559268d69a26d4e914592975bb7dfcb0d639b7790ccf491f2d0cbceb29cd740,766550,2026-10-05T11:09:37.139479+00:00,timestamp-only coverage; price payload quarantined,2785,0,2013-09-20 00:00:00+00:00,2013-10-03 23:55:00+00:00
2013-10-04T00:00:00+00:00,2013-10-18T00:00:00+00:00,https://api-fxpractice.oanda.com/v3/instruments/XAU_USD/candles?from=2013-10-04T00%3A00%3A00%2B00%3A00&to=2013-10-18T00%3A00%3A00%2B00%3A00&granularity=M5&price=MBA&smooth=false,200,d4d10cd17085393aa1a4e9f96adc4e4c8713576db623abc3d23cedbddda00013,761223,2026-10-05T11:09:39.413898+00:00,timestamp-only coverage; price payload quarantined,2765,0,2013-10-04 00:00:00+00:00,2013-10-17 23:55:00+00:00
2013-10-18T00:00:00+00:00,2013-11-01T00:00:00+00:00,https://api-fxpractice.oanda.com/v3/instruments/XAU_USD/candles?from=2013-10-18T00%3A00%3A00%2B00%3A00&to=2013-11-01T00%3A00%3A00%2B00%3A00&granularity=M5&price=MBA&smooth=false,200,293e9c3190132b66c64de72d85f967a4ac730b454882a7e72d9c660e6736170c,765945,2026-10-05T11:09:37.147738+00:00,timestamp-only coverage; price payload quarantined,2784,0,2013-10-18 00:00:00+00:00,2013-10-31 23:55:00+00:00
2013-11-01T00:00:00+00:00,2013-11-15T00:00:00+00:00,https://api-fxpractice.oanda.com/v3/instruments/XAU_USD/candles?from=2013-11-01T00%3A00%3A00%2B00%3A00&to=2013-11-15T00%3A00%3A00%2B00%3A00&granularity=M5&price=MBA&smooth=false,200,076793e59eadc96cf3dfb350354d7ec3052f80298464149961fca15c99bee8ef,762565,2026-10-05T11:09:42.281074+00:00,timestamp-only coverage; price payload quarantined,2772,0,2013-11-01 00:00:00+00:00,2013-11-14 23:55:00+00:00
2013-11-15T00:00:00+00:00,2013-11-29T00:00:00+00:00,https://api-fxpractice.oanda.com/v3/instruments/XAU_USD/candles?from=2013-11-15T00%3A00%3A00%2B00%3A00&to=2013-11-29T00%3A00%3A00%2B00%3A00&granularity=M5&price=MBA&smooth=false,200,b8b57704431677f6938a4c7ad0784930e9eb7f49cf89bad930278dfd95d5e14d,752063,2026-10-05T11:09:37.638963+00:00,timestamp-only coverage; price payload quarantined,2734,0,2013-11-15 00:00:00+00:00,2013-11-28 23:55:00+00:00
2013-11-29T00:00:00+00:00,2013-12-13T00:00:00+00:00,https://api-fxpractice.oanda.com/v3/instruments/XAU_USD/candles?from=2013-11-29T00%3A00%3A00%2B00%3A00&to=2013-12-13T00%3A00%3A00%2B00%3A00&granularity=M5&price=MBA&smooth=false,200,17d59ebc314a9e0162a8f9e0248a8221a9d32e26e9c861f3a22ae6fc7e4b372f,752894,2026-10-05T11:09:39.938995+00:00,timestamp-only coverage; price payload quarantined,2737,0,2013-11-29 00:00:00+00:00,2013-12-12 23:55:00+00:00
2013-12-13T00:00:00+00:00,2013-12-27T00:00:00+00:00,https://api-fxpractice.oanda.com/v3/instruments/XAU_USD/candles?from=2013-12-13T00%3A00%3A00%2B00%3A00&to=2013-12-27T00%3A00%3A00%2B00%3A00&granularity=M5&price=MBA&smooth=false,200,59f6ff37fdb267a326c5c796a528d2f1dd3748841ad3b032b82ceec1f2736a53,675397,2026-10-05T11:09:37.778830+00:00,timestamp-only coverage; price payload quarantined,2455,0,2013-12-13 00:00:00+00:00,2013-12-26 23:55:00+00:00
2013-12-27T00:00:00+00:00,2014-01-10T00:00:00+00:00,https://api-fxpractice.oanda.com/v3/instruments/XAU_USD/candles?from=2013-12-27T00%3A00%3A00%2B00%3A00&to=2014-01-10T00%3A00%3A00%2B00%3A00&granularity=M5&price=MBA&smooth=false,200,5ce50e1850c9a9cb4daa8cb3c8fc2c49437b1c1a8e3bb163d25e30c517c817f6,675365,2026-10-05T11:09:42.883651+00:00,timestamp-only coverage; price payload quarantined,2455,0,2013-12-27 00:00:00+00:00,2014-01-09 23:55:00+00:00
2014-01-10T00:00:00+00:00,2014-01-24T00:00:00+00:00,https://api-fxpractice.oanda.com/v3/instruments/XAU_USD/candles?from=2014-01-10T00%3A00%3A00%2B00%3A00&to=2014-01-24T00%3A00%3A00%2B00%3A00&granularity=M5&price=MBA&smooth=false,200,4681923a83c592b8292826990b3b85fba9fd5c29cf5ee0bb1d6bf73dd48abab1,751586,2026-10-05T11:09:38.233366+00:00,timestamp-only coverage; price payload quarantined,2733,0,2014-01-10 00:00:00+00:00,2014-01-23 23:55:00+00:00
2014-01-24T00:00:00+00:00,2014-02-07T00:00:00+00:00,https://api-fxpractice.oanda.com/v3/instruments/XAU_USD/candles?from=2014-01-24T00%3A00%3A00%2B00%3A00&to=2014-02-07T00%3A00%3A00%2B00%3A00&granularity=M5&price=MBA&smooth=false,200,f220ea17117afc167e4434c34a3c504286f4275f064a8d527cc6d9ab9009c081,765872,2026-10-05T11:09:40.500239+00:00,timestamp-only coverage; price payload quarantined,2784,0,2014-01-24 00:00:00+00:00,2014-02-06 23:55:00+00:00
2014-02-07T00:00:00+00:00,2014-02-21T00:00:00+00:00,https://api-fxpractice.oanda.com/v3/instruments/XAU_USD/candles?from=2014-02-07T00%3A00%3A00%2B00%3A00&to=2014-02-21T00%3A00%3A00%2B00%3A00&granularity=M5&price=MBA&smooth=false,200,75429eb875449f697ce6db2461f6b4c862d2e435315e6dad92c59b099eb3799f,750712,2026-10-05T11:09:38.403406+00:00,timestamp-only coverage; price payload quarantined,2729,0,2014-02-07 00:00:00+00:00,2014-02-20 23:55:00+00:00
2014-02-21T00:00:00+00:00,2014-03-07T00:00:00+00:00,https://api-fxpractice.oanda.com/v3/instruments/XAU_USD/candles?from=2014-02-21T00%3A00%3A00%2B00%3A00&to=2014-03-07T00%3A00%3A00%2B00%3A00&granularity=M5&price=MBA&smooth=false,200,bc46baaf4bb2cc10983932e5d03a08b93dc75b22ef5984f623e6d1705a59ba1a,758474,2026-10-05T11:09:43.345606+00:00,timestamp-only coverage; price payload quarantined,2758,0,2014-02-21 00:00:00+00:00,2014-03-06 23:55:00+00:00
2014-03-07T00:00:00+00:00,2014-03-21T00:00:00+00:00,https://api-fxpractice.oanda.com/v3/instruments/XAU_USD/candles?from=2014-03-07T00%3A00%3A00%2B00%3A00&to=2014-03-21T00%3A00%3A00%2B00%3A00&granularity=M5&price=MBA&smooth=false,200,8e2887cd5d5d088dc4988980ebcb531c672d7d24dfa919cb2980d4596e0236df,769094,2026-10-05T11:09:38.734778+00:00,timestamp-only coverage; price payload quarantined,2796,0,2014-03-07 00:00:00+00:00,2014-03-20 23:55:00+00:00
2014-03-21T00:00:00+00:00,2014-04-04T00:00:00+00:00,https://api-fxpractice.oanda.com/v3/instruments/XAU_USD/candles?from=2014-03-21T00%3A00%3A00%2B00%3A00&to=2014-04-04T00%3A00%3A00%2B00%3A00&granularity=M5&price=MBA&smooth=false,200,dbdb2437ec56b4c5d65165c50430ab717495910208724f53c961d62c79ffcf74,765303,2026-10-05T11:09:41.134314+00:00,timestamp-only coverage; price payload quarantined,2783,0,2014-03-21 00:00:00+00:00,2014-04-03 23:55:00+00:00
2014-04-04T00:00:00+00:00,2014-04-18T00:00:00+00:00,https://api-fxpractice.oanda.com/v3/instruments/XAU_USD/candles?from=2014-04-04T00%3A00%3A00%2B00%3A00&to=2014-04-18T00%3A00%3A00%2B00%3A00&granularity=M5&price=MBA&smooth=false,200,be986f9883a0565b6dc1fd8d5868f42f074788c4726f3cc76d9fb60884a8403c,758667,2026-10-05T11:09:38.946546+00:00,timestamp-only coverage; price payload quarantined,2760,0,2014-04-04 00:00:00+00:00,2014-04-17 21:10:00+00:00
2014-04-18T00:00:00+00:00,2014-05-02T00:00:00+00:00,https://api-fxpractice.oanda.com/v3/instruments/XAU_USD/candles?from=2014-04-18T00%3A00%3A00%2B00%3A00&to=2014-05-02T00%3A00%3A00%2B00%3A00&granularity=M5&price=MBA&smooth=false,200,b11ac0881c56c74790ab9dc10648ac5140d9b6d3d6af66f78b7067f537edabc0,695240,2026-10-05T11:09:44.326749+00:00,timestamp-only coverage; price payload quarantined,2529,0,2014-04-20 22:00:00+00:00,2014-05-01 23:55:00+00:00
2014-05-02T00:00:00+00:00,2014-05-16T00:00:00+00:00,https://api-fxpractice.oanda.com/v3/instruments/XAU_USD/candles?from=2014-05-02T00%3A00%3A00%2B00%3A00&to=2014-05-16T00%3A00%3A00%2B00%3A00&granularity=M5&price=MBA&smooth=false,200,83bb321748222c0650d0b9177e5e7fb4608b521ba43b44de4857a6687c614970,765981,2026-10-05T11:09:39.603636+00:00,timestamp-only coverage; price payload quarantined,2784,0,2014-05-02 00:00:00+00:00,2014-05-15 23:55:00+00:00
2014-05-16T00:00:00+00:00,2014-05-30T00:00:00+00:00,https://api-fxpractice.oanda.com/v3/instruments/XAU_USD/candles?from=2014-05-16T00%3A00%3A00%2B00%3A00&to=2014-05-30T00%3A00%3A00%2B00%3A00&granularity=M5&price=MBA&smooth=false,200,0032f81b145a81db6e0e38ee666c199a904782bc3ffa44342f6ecb0d8fedb071,751855,2026-10-05T11:09:41.573889+00:00,timestamp-only coverage; price payload quarantined,2733,0,2014-05-16 00:00:00+00:00,2014-05-29 23:55:00+00:00
2014-05-30T00:00:00+00:00,2014-06-13T00:00:00+00:00,https://api-fxpractice.oanda.com/v3/instruments/XAU_USD/candles?from=2014-05-30T00%3A00%3A00%2B00%3A00&to=2014-06-13T00%3A00%3A00%2B00%3A00&granularity=M5&price=MBA&smooth=false,200,c07705adfad5712f0ad8f7cd1c01dd053102332364f9acd283ade4ded673891e,764965,2026-10-05T11:09:39.525849+00:00,timestamp-only coverage; price payload quarantined,2784,0,2014-05-30 00:00:00+00:00,2014-06-12 23:55:00+00:00
2014-06-13T00:00:00+00:00,2014-06-27T00:00:00+00:00,https://api-fxpractice.oanda.com/v3/instruments/XAU_USD/candles?from=2014-06-13T00%3A00%3A00%2B00%3A00&to=2014-06-27T00%3A00%3A00%2B00%3A00&granularity=M5&price=MBA&smooth=false,200,6635e9d80c2cc69efb960295fe4680977d1d91d54678eed04307172351806ed6,765236,2026-10-05T11:09:44.789954+00:00,timestamp-only coverage; price payload quarantined,2784,0,2014-06-13 00:00:00+00:00,2014-06-26 23:55:00+00:00
2014-06-27T00:00:00+00:00,2014-07-11T00:00:00+00:00,https://api-fxpractice.oanda.com/v3/instruments/XAU_USD/candles?from=2014-06-27T00%3A00%3A00%2B00%3A00&to=2014-07-11T00%3A00%3A00%2B00%3A00&granularity=M5&price=MBA&smooth=false,200,e380ba47353a0338463f139fec0d009f9ae8baa4e78d8bd0066c433fc8bf02ee,751439,2026-10-05T11:09:40.198724+00:00,timestamp-only coverage; price payload quarantined,2735,0,2014-06-27 00:00:00+00:00,2014-07-10 23:55:00+00:00
2014-07-11T00:00:00+00:00,2014-07-25T00:00:00+00:00,https://api-fxpractice.oanda.com/v3/instruments/XAU_USD/candles?from=2014-07-11T00%3A00%3A00%2B00%3A00&to=2014-07-25T00%3A00%3A00%2B00%3A00&granularity=M5&price=MBA&smooth=false,200,7363fc9432fc5f0ac9cae2c5279fe35307f9daf80ac6401116f092ae360b825c,765295,2026-10-05T11:09:42.042863+00:00,timestamp-only coverage; price payload quarantined,2784,0,2014-07-11 00:00:00+00:00,2014-07-24 23:55:00+00:00
2014-07-25T00:00:00+00:00,2014-08-08T00:00:00+00:00,https://api-fxpractice.oanda.com/v3/instruments/XAU_USD/candles?from=2014-07-25T00%3A00%3A00%2B00%3A00&to=2014-08-08T00%3A00%3A00%2B00%3A00&granularity=M5&price=MBA&smooth=false,200,e9fa130fc2165e86936d1c8ff23772db924eb2f87396861612efe6e653d6b401,765233,2026-10-05T11:09:40.027477+00:00,timestamp-only coverage; price payload quarantined,2784,0,2014-07-25 00:00:00+00:00,2014-08-07 23:55:00+00:00
2014-08-08T00:00:00+00:00,2014-08-22T00:00:00+00:00,https://api-fxpractice.oanda.com/v3/instruments/XAU_USD/candles?from=2014-08-08T00%3A00%3A00%2B00%3A00&to=2014-08-22T00%3A00%3A00%2B00%3A00&granularity=M5&price=MBA&smooth=false,200,113b80fc9b8513a498a3cd88771f7a32e535516a23d2bbba6f496511c2e86d23,762934,2026-10-05T11:09:45.481332+00:00,timestamp-only coverage; price payload quarantined,2779,0,2014-08-08 00:00:00+00:00,2014-08-21 23:55:00+00:00
2014-08-22T00:00:00+00:00,2014-09-05T00:00:00+00:00,https://api-fxpractice.oanda.com/v3/instruments/XAU_USD/candles?from=2014-08-22T00%3A00%3A00%2B00%3A00&to=2014-09-05T00%3A00%3A00%2B00%3A00&granularity=M5&price=MBA&smooth=false,200,91ed8af9100971d687fb0bf1db298bd0946c7672880163f84547390261bfe52c,745583,2026-10-05T11:09:40.676260+00:00,timestamp-only coverage; price payload quarantined,2716,0,2014-08-22 00:00:00+00:00,2014-09-04 23:55:00+00:00
2014-09-05T00:00:00+00:00,2014-09-19T00:00:00+00:00,https://api-fxpractice.oanda.com/v3/instruments/XAU_USD/candles?from=2014-09-05T00%3A00%3A00%2B00%3A00&to=2014-09-19T00%3A00%3A00%2B00%3A00&granularity=M5&price=MBA&smooth=false,200,38a9922ceb0c02586c2169e762952e0f735e2814f7cb00756addba826b487fbe,763593,2026-10-05T11:09:42.500298+00:00,timestamp-only coverage; price payload quarantined,2780,0,2014-09-05 00:00:00+00:00,2014-09-18 23:55:00+00:00
2014-09-19T00:00:00+00:00,2014-10-03T00:00:00+00:00,https://api-fxpractice.oanda.com/v3/instruments/XAU_USD/candles?from=2014-09-19T00%3A00%3A00%2B00%3A00&to=2014-10-03T00%3A00%3A00%2B00%3A00&granularity=M5&price=MBA&smooth=false,200,e9b1c3cb344557e4b6ca5af8ef69b752055604b9defc2dfcbe63d990399b8733,764805,2026-10-05T11:09:40.497027+00:00,timestamp-only coverage; price payload quarantined,2783,0,2014-09-19 00:00:00+00:00,2014-10-02 23:55:00+00:00
2014-10-03T00:00:00+00:00,2014-10-17T00:00:00+00:00,https://api-fxpractice.oanda.com/v3/instruments/XAU_USD/candles?from=2014-10-03T00%3A00%3A00%2B00%3A00&to=2014-10-17T00%3A00%3A00%2B00%3A00&granularity=M5&price=MBA&smooth=false,200,850202a4a4111184b3337affc05987a11f11fbe62addda525481dc214dec8641,764833,2026-10-05T11:09:45.998756+00:00,timestamp-only coverage; price payload quarantined,2782,0,2014-10-03 00:00:00+00:00,2014-10-16 23:55:00+00:00
2014-10-17T00:00:00+00:00,2014-10-31T00:00:00+00:00,https://api-fxpractice.oanda.com/v3/instruments/XAU_USD/candles?from=2014-10-17T00%3A00%3A00%2B00%3A00&to=2014-10-31T00%3A00%3A00%2B00%3A00&granularity=M5&price=MBA&smooth=false,200,9d857892df595b1c149193487bfb101a8182bc491f157f7d5ed30641e15770f3,763467,2026-10-05T11:09:41.211442+00:00,timestamp-only coverage; price payload quarantined,2779,0,2014-10-17 00:00:00+00:00,2014-10-30 23:55:00+00:00
2014-10-31T00:00:00+00:00,2014-11-14T00:00:00+00:00,https://api-fxpractice.oanda.com/v3/instruments/XAU_USD/candles?from=2014-10-31T00%3A00%3A00%2B00%3A00&to=2014-11-14T00%3A00%3A00%2B00%3A00&granularity=M5&price=MBA&smooth=false,200,b02880c329cd099b81fd13a61d88bfe6a6c49bc31e8aff6f0311353f4a23be9d,762127,2026-10-05T11:09:43.104329+00:00,timestamp-only coverage; price payload quarantined,2771,0,2014-10-31 00:00:00+00:00,2014-11-13 23:55:00+00:00
2014-11-14T00:00:00+00:00,2014-11-28T00:00:00+00:00,https://api-fxpractice.oanda.com/v3/instruments/XAU_USD/candles?from=2014-11-14T00%3A00%3A00%2B00%3A00&to=2014-11-28T00%3A00%3A00%2B00%3A00&granularity=M5&price=MBA&smooth=false,200,3b5d7ec758cc44fb8d6d10e5f2ed41ca458df654856f48eaf61c1fcbd389f9aa,751122,2026-10-05T11:09:41.186276+00:00,timestamp-only coverage; price payload quarantined,2733,0,2014-11-14 00:00:00+00:00,2014-11-27 23:55:00+00:00
2014-11-28T00:00:00+00:00,2014-12-12T00:00:00+00:00,https://api-fxpractice.oanda.com/v3/instruments/XAU_USD/candles?from=2014-11-28T00%3A00%3A00%2B00%3A00&to=2014-12-12T00%3A00%3A00%2B00%3A00&granularity=M5&price=MBA&smooth=false,200,ded55d16346f8a32586b3bb24f9fd22526a744727edcafdd214aaccd067c8dbf,754262,2026-10-05T11:09:46.504972+00:00,timestamp-only coverage; price payload quarantined,2745,0,2014-11-28 00:00:00+00:00,2014-12-11 23:55:00+00:00
2014-12-12T00:00:00+00:00,2014-12-26T00:00:00+00:00,https://api-fxpractice.oanda.com/v3/instruments/XAU_USD/candles?from=2014-12-12T00%3A00%3A00%2B00%3A00&to=2014-12-26T00%3A00%3A00%2B00%3A00&granularity=M5&price=MBA&smooth=false,200,3ab64e7cfc083851d451fa2a33f3c43f9be6dd3dba0184ac72ef3ed1410796a7,676424,2026-10-05T11:09:41.713953+00:00,timestamp-only coverage; price payload quarantined,2460,0,2014-12-12 00:00:00+00:00,2014-12-25 23:55:00+00:00
2014-12-26T00:00:00+00:00,2015-01-09T00:00:00+00:00,https://api-fxpractice.oanda.com/v3/instruments/XAU_USD/candles?from=2014-12-26T00%3A00%3A00%2B00%3A00&to=2015-01-09T00%3A00%3A00%2B00%3A00&granularity=M5&price=MBA&smooth=false,200,0ce2263fc46cecced7943d8c9288877dd52b40a96ae45037715144ed1a7fa533,676609,2026-10-05T11:09:43.572578+00:00,timestamp-only coverage; price payload quarantined,2463,0,2014-12-26 00:00:00+00:00,2015-01-08 23:55:00+00:00
2015-01-09T00:00:00+00:00,2015-01-23T00:00:00+00:00,https://api-fxpractice.oanda.com/v3/instruments/XAU_USD/candles?from=2015-01-09T00%3A00%3A00%2B00%3A00&to=2015-01-23T00%3A00%3A00%2B00%3A00&granularity=M5&price=MBA&smooth=false,200,f16da41d44eafdebba68483b767fb74f3859ac572a0003f5a5f2ad195333fb29,751562,2026-10-05T11:09:41.671710+00:00,timestamp-only coverage; price payload quarantined,2733,0,2015-01-09 00:00:00+00:00,2015-01-22 23:55:00+00:00
2015-01-23T00:00:00+00:00,2015-02-06T00:00:00+00:00,https://api-fxpractice.oanda.com/v3/instruments/XAU_USD/candles?from=2015-01-23T00%3A00%3A00%2B00%3A00&to=2015-02-06T00%3A00%3A00%2B00%3A00&granularity=M5&price=MBA&smooth=false,200,bc212f57546c76ea9ee567ed3fda98114ffa5437b896f09619a4eeb44862d8f3,765519,2026-10-05T11:09:47.284755+00:00,timestamp-only coverage; price payload quarantined,2784,0,2015-01-23 00:00:00+00:00,2015-02-05 23:55:00+00:00
2015-02-06T00:00:00+00:00,2015-02-20T00:00:00+00:00,https://api-fxpractice.oanda.com/v3/instruments/XAU_USD/candles?from=2015-02-06T00%3A00%3A00%2B00%3A00&to=2015-02-20T00%3A00%3A00%2B00%3A00&granularity=M5&price=MBA&smooth=false,200,98ced23696091e2b820c91fc3cd419a21f4fc9f8025e16bd2f492b803b1aaf85,750368,2026-10-05T11:09:42.466059+00:00,timestamp-only coverage; price payload quarantined,2731,0,2015-02-06 00:00:00+00:00,2015-02-19 23:55:00+00:00
2015-02-20T00:00:00+00:00,2015-03-06T00:00:00+00:00,https://api-fxpractice.oanda.com/v3/instruments/XAU_USD/candles?from=2015-02-20T00%3A00%3A00%2B00%3A00&to=2015-03-06T00%3A00%3A00%2B00%3A00&granularity=M5&price=MBA&smooth=false,200,6a7f66a4b4ee77afc06bcf6de459858e9cdccc1c2c17cae0f1a1cdb601d03523,763848,2026-10-05T11:09:44.069315+00:00,timestamp-only coverage; price payload quarantined,2780,0,2015-02-20 00:00:00+00:00,2015-03-05 23:55:00+00:00
2015-03-06T00:00:00+00:00,2015-03-20T00:00:00+00:00,https://api-fxpractice.oanda.com/v3/instruments/XAU_USD/candles?from=2015-03-06T00%3A00%3A00%2B00%3A00&to=2015-03-20T00%3A00%3A00%2B00%3A00&granularity=M5&price=MBA&smooth=false,200,0b5b395a275a015d1ad1c92c967a2c8f8c03ac3b0550ee78a6c9aec240a9d067,767705,2026-10-05T11:09:42.324935+00:00,timestamp-only coverage; price payload quarantined,2794,0,2015-03-06 00:00:00+00:00,2015-03-19 23:55:00+00:00
2015-03-20T00:00:00+00:00,2015-04-03T00:00:00+00:00,https://api-fxpractice.oanda.com/v3/instruments/XAU_USD/candles?from=2015-03-20T00%3A00%3A00%2B00%3A00&to=2015-04-03T00%3A00%3A00%2B00%3A00&granularity=M5&price=MBA&smooth=false,200,d84c0bc92af0770eb5e5a922b10b2f5ea4d033be05f777edcc13b538b22e0fab,757951,2026-10-05T11:09:47.748498+00:00,timestamp-only coverage; price payload quarantined,2759,0,2015-03-20 00:00:00+00:00,2015-04-02 21:10:00+00:00
2015-04-03T00:00:00+00:00,2015-04-17T00:00:00+00:00,https://api-fxpractice.oanda.com/v3/instruments/XAU_USD/candles?from=2015-04-03T00%3A00%3A00%2B00%3A00&to=2015-04-17T00%3A00%3A00%2B00%3A00&granularity=M5&price=MBA&smooth=false,200,63a50a5877799a3c04b635b141fd77ef7a47e2625a401ab7ca1d8da87779580e,694138,2026-10-05T11:09:43.119651+00:00,timestamp-only coverage; price payload quarantined,2527,0,2015-04-05 22:00:00+00:00,2015-04-16 23:55:00+00:00
2015-04-17T00:00:00+00:00,2015-05-01T00:00:00+00:00,https://api-fxpractice.oanda.com/v3/instruments/XAU_USD/candles?from=2015-04-17T00%3A00%3A00%2B00%3A00&to=2015-05-01T00%3A00%3A00%2B00%3A00&granularity=M5&price=MBA&smooth=false,200,3eb9dfec70901c8fa7d697cb524e5e25d9475c449f9250a703d08ca8983ba58a,764262,2026-10-05T11:09:44.751923+00:00,timestamp-only coverage; price payload quarantined,2782,0,2015-04-17 00:00:00+00:00,2015-04-30 23:55:00+00:00
2015-05-01T00:00:00+00:00,2015-05-15T00:00:00+00:00,https://api-fxpractice.oanda.com/v3/instruments/XAU_USD/candles?from=2015-05-01T00%3A00%3A00%2B00%3A00&to=2015-05-15T00%3A00%3A00%2B00%3A00&granularity=M5&price=MBA&smooth=false,200,716c26911561d747248fc4e18220483bc4399549bc9c13d6ba121dfd208a069e,762271,2026-10-05T11:09:42.850338+00:00,timestamp-only coverage; price payload quarantined,2776,0,2015-05-01 00:00:00+00:00,2015-05-14 23:55:00+00:00
2015-05-15T00:00:00+00:00,2015-05-29T00:00:00+00:00,https://api-fxpractice.oanda.com/v3/instruments/XAU_USD/candles?from=2015-05-15T00%3A00%3A00%2B00%3A00&to=2015-05-29T00%3A00%3A00%2B00%3A00&granularity=M5&price=MBA&smooth=false,200,751df000edcfa7cf21e752981150707cc7c666072c30ffae46a477389cf2802c,748808,2026-10-05T11:09:48.231592+00:00,timestamp-only coverage; price payload quarantined,2727,0,2015-05-15 00:00:00+00:00,2015-05-28 23:55:00+00:00
2015-05-29T00:00:00+00:00,2015-06-12T00:00:00+00:00,https://api-fxpractice.oanda.com/v3/instruments/XAU_USD/candles?from=2015-05-29T00%3A00%3A00%2B00%3A00&to=2015-06-12T00%3A00%3A00%2B00%3A00&granularity=M5&price=MBA&smooth=false,200,6567c5542c4de26257bbce28444306e0055452430419df38cc802d02bb51cde7,762582,2026-10-05T11:09:43.618180+00:00,timestamp-only coverage; price payload quarantined,2777,0,2015-05-29 00:00:00+00:00,2015-06-11 23:55:00+00:00
2015-06-12T00:00:00+00:00,2015-06-26T00:00:00+00:00,https://api-fxpractice.oanda.com/v3/instruments/XAU_USD/candles?from=2015-06-12T00%3A00%3A00%2B00%3A00&to=2015-06-26T00%3A00%3A00%2B00%3A00&granularity=M5&price=MBA&smooth=false,200,e3af0b4e647192a106a01939aec15c39ec3b9548b4a39c0e62b4ff12757a1a54,761864,2026-10-05T11:09:45.470518+00:00,timestamp-only coverage; price payload quarantined,2776,0,2015-06-12 00:00:00+00:00,2015-06-25 23:55:00+00:00
2015-06-26T00:00:00+00:00,2015-07-10T00:00:00+00:00,https://api-fxpractice.oanda.com/v3/instruments/XAU_USD/candles?from=2015-06-26T00%3A00%3A00%2B00%3A00&to=2015-07-10T00%3A00%3A00%2B00%3A00&granularity=M5&price=MBA&smooth=false,200,6dfbf9d396a7c61983c227b99fd2c5f349ce3950bcd37d14619005719159fb12,739498,2026-10-05T11:09:43.338833+00:00,timestamp-only coverage; price payload quarantined,2693,0,2015-06-26 00:00:00+00:00,2015-07-09 23:55:00+00:00
2015-07-10T00:00:00+00:00,2015-07-24T00:00:00+00:00,https://api-fxpractice.oanda.com/v3/instruments/XAU_USD/candles?from=2015-07-10T00%3A00%3A00%2B00%3A00&to=2015-07-24T00%3A00%3A00%2B00%3A00&granularity=M5&price=MBA&smooth=false,200,0b020222e80ab1125b3712661327a0777498be5eec6831244269b2c054487de2,762954,2026-10-05T11:09:48.781739+00:00,timestamp-only coverage; price payload quarantined,2778,0,2015-07-10 00:00:00+00:00,2015-07-23 23:55:00+00:00
2015-07-24T00:00:00+00:00,2015-08-07T00:00:00+00:00,https://api-fxpractice.oanda.com/v3/instruments/XAU_USD/candles?from=2015-07-24T00%3A00%3A00%2B00%3A00&to=2015-08-07T00%3A00%3A00%2B00%3A00&granularity=M5&price=MBA&smooth=false,200,ea559dcb16f70b7ac68b8305267f3e712bbd4a71d0e387359260195307f37cff,762735,2026-10-05T11:09:44.075177+00:00,timestamp-only coverage; price payload quarantined,2777,0,2015-07-24 00:00:00+00:00,2015-08-06 23:55:00+00:00
2015-08-07T00:00:00+00:00,2015-08-21T00:00:00+00:00,https://api-fxpractice.oanda.com/v3/instruments/XAU_USD/candles?from=2015-08-07T00%3A00%3A00%2B00%3A00&to=2015-08-21T00%3A00%3A00%2B00%3A00&granularity=M5&price=MBA&smooth=false,200,a1c39008a2a00dc1beeb01b98a82304187ee2792f4d325f7ddbc2c632627a3ec,762013,2026-10-05T11:09:45.991856+00:00,timestamp-only coverage; price payload quarantined,2775,0,2015-08-07 00:00:00+00:00,2015-08-20 23:55:00+00:00
2015-08-21T00:00:00+00:00,2015-09-04T00:00:00+00:00,https://api-fxpractice.oanda.com/v3/instruments/XAU_USD/candles?from=2015-08-21T00%3A00%3A00%2B00%3A00&to=2015-09-04T00%3A00%3A00%2B00%3A00&granularity=M5&price=MBA&smooth=false,200,175e08ac66c4924c1ad4705caccadaada8908d32473a0076ee306ced195c856b,765446,2026-10-05T11:09:44.022692+00:00,timestamp-only coverage; price payload quarantined,2785,0,2015-08-21 00:00:00+00:00,2015-09-03 23:55:00+00:00
2015-09-04T00:00:00+00:00,2015-09-18T00:00:00+00:00,https://api-fxpractice.oanda.com/v3/instruments/XAU_USD/candles?from=2015-09-04T00%3A00%3A00%2B00%3A00&to=2015-09-18T00%3A00%3A00%2B00%3A00&granularity=M5&price=MBA&smooth=false,200,bb59416f101c556ea90fec60120c8a86b7eefea0018b9541e9db5bcc5da8bf7a,748247,2026-10-05T11:09:49.286102+00:00,timestamp-only coverage; price payload quarantined,2726,0,2015-09-04 00:00:00+00:00,2015-09-17 23:55:00+00:00
2015-09-18T00:00:00+00:00,2015-10-02T00:00:00+00:00,https://api-fxpractice.oanda.com/v3/instruments/XAU_USD/candles?from=2015-09-18T00%3A00%3A00%2B00%3A00&to=2015-10-02T00%3A00%3A00%2B00%3A00&granularity=M5&price=MBA&smooth=false,200,85d7f15972683eb95bfa0455d73e019c45d76a8fa80334e797598444d9517622,758558,2026-10-05T11:09:44.638510+00:00,timestamp-only coverage; price payload quarantined,2763,0,2015-09-18 00:00:00+00:00,2015-10-01 23:55:00+00:00
2015-10-02T00:00:00+00:00,2015-10-16T00:00:00+00:00,https://api-fxpractice.oanda.com/v3/instruments/XAU_USD/candles?from=2015-10-02T00%3A00%3A00%2B00%3A00&to=2015-10-16T00%3A00%3A00%2B00%3A00&granularity=M5&price=MBA&smooth=false,200,5b45689bbc6b4f53f234ec5a8a02652f878d54f40685a6056bc640298d1ca5f6,756096,2026-10-05T11:09:46.522845+00:00,timestamp-only coverage; price payload quarantined,2754,0,2015-10-02 00:00:00+00:00,2015-10-15 23:55:00+00:00
2015-10-16T00:00:00+00:00,2015-10-30T00:00:00+00:00,https://api-fxpractice.oanda.com/v3/instruments/XAU_USD/candles?from=2015-10-16T00%3A00%3A00%2B00%3A00&to=2015-10-30T00%3A00%3A00%2B00%3A00&granularity=M5&price=MBA&smooth=false,200,de8446a70893b4be0d2b68df49fe2388bb8a48f73b10269887731ca8cd41126f,757047,2026-10-05T11:09:44.539185+00:00,timestamp-only coverage; price payload quarantined,2757,0,2015-10-16 00:00:00+00:00,2015-10-29 23:55:00+00:00
2015-10-30T00:00:00+00:00,2015-11-13T00:00:00+00:00,https://api-fxpractice.oanda.com/v3/instruments/XAU_USD/candles?from=2015-10-30T00%3A00%3A00%2B00%3A00&to=2015-11-13T00%3A00%3A00%2B00%3A00&granularity=M5&price=MBA&smooth=false,200,ba6251d19f2557af44a8303cfc1119d99fec2fffd4dd7a4f59b80832e85760d9,753599,2026-10-05T11:09:49.884220+00:00,timestamp-only coverage; price payload quarantined,2745,0,2015-10-30 00:00:00+00:00,2015-11-12 23:55:00+00:00
2015-11-13T00:00:00+00:00,2015-11-27T00:00:00+00:00,https://api-fxpractice.oanda.com/v3/instruments/XAU_USD/candles?from=2015-11-13T00%3A00%3A00%2B00%3A00&to=2015-11-27T00%3A00%3A00%2B00%3A00&granularity=M5&price=MBA&smooth=false,200,968f3ad112d8634c4e0e58b48a746df147e44f826981e050097b96d24a4f0780,744512,2026-10-05T11:09:45.162771+00:00,timestamp-only coverage; price payload quarantined,2711,0,2015-11-13 00:00:00+00:00,2015-11-26 23:55:00+00:00
2015-11-27T00:00:00+00:00,2015-12-11T00:00:00+00:00,https://api-fxpractice.oanda.com/v3/instruments/XAU_USD/candles?from=2015-11-27T00%3A00%3A00%2B00%3A00&to=2015-12-11T00%3A00%3A00%2B00%3A00&granularity=M5&price=MBA&smooth=false,200,01fc7a320639a5a196e11b64e6531e9c2371b5f9caf9a3f50169029f77103510,746667,2026-10-05T11:09:47.099628+00:00,timestamp-only coverage; price payload quarantined,2718,0,2015-11-27 00:00:00+00:00,2015-12-10 23:55:00+00:00
2015-12-11T00:00:00+00:00,2015-12-25T00:00:00+00:00,https://api-fxpractice.oanda.com/v3/instruments/XAU_USD/candles?from=2015-12-11T00%3A00%3A00%2B00%3A00&to=2015-12-25T00%3A00%3A00%2B00%3A00&granularity=M5&price=MBA&smooth=false,200,c33e6b7d6452fc6c11ea06468cd834647b64082f61e33ecba3801e4aee5a9f97,744097,2026-10-05T11:09:45.056956+00:00,timestamp-only coverage; price payload quarantined,2708,0,2015-12-11 00:00:00+00:00,2015-12-24 18:40:00+00:00
2015-12-25T00:00:00+00:00,2016-01-01T00:00:00+00:00,https://api-fxpractice.oanda.com/v3/instruments/XAU_USD/candles?from=2015-12-25T00%3A00%3A00%2B00%3A00&to=2016-01-01T00%3A00%3A00%2B00%3A00&granularity=M5&price=MBA&smooth=false,200,45bfd42a638d211db56202d91c1dc8cf1ccab4714476b80414f85997b85dc2e4,293485,2026-10-05T11:09:50.255927+00:00,timestamp-only coverage; price payload quarantined,1068,0,2015-12-27 23:00:00+00:00,2015-12-31 23:00:00+00:00
