date,old_london,common_edge_london
2016-02-01,7.175265594412025e-06,7.011230257412788e-06
2016-02-02,6.095223742314572e-06,6.091049241324214e-06
2016-02-03,6.040819908554782e-06,6.1210957713484886e-06
2016-02-04,1.1663325786427353e-05,1.1741402701380097e-05
2016-02-05,1.036194750508113e-05,1.0332074684213455e-05
2016-02-08,2.113907937852436e-05,2.1140292280547456e-05
2016-02-09,3.938518425524402e-05,3.93839567678619e-05
2016-02-10,1.3409977322712322e-05,1.3329582086559575e-05
2016-02-11,9.825871217736784e-05,9.798633141155207e-05
2016-02-12,3.038399974683306e-05,3.0197883376912197e-05
2016-02-16,5.860827467009206e-05,5.847473020469035e-05
2016-02-17,1.9151206701241355e-05,1.9236881279165027e-05
2016-02-18,8.09971157149569e-06,8.099664204503828e-06
2016-02-19,2.5468179357465648e-05,2.547569734525961e-05
2016-02-22,2.259754385618161e-05,2.2575617286705956e-05
2016-02-23,1.6920095832448365e-05,1.69073746701739e-05
2016-02-24,2.9343273479321908e-05,2.9362691103117494e-05
2016-02-25,2.505946776513625e-05,2.4908629123127894e-05
2016-02-26,1.9166688218304773e-05,1.916486627601376e-05
2016-02-29,2.4145271952876668e-05,2.3818899050537964e-05
2016-03-01,1.715286597876774e-05,1.714418406834312e-05
2016-03-02,9.974474771040288e-06,9.974474771040283e-06
2016-03-03,1.0608355551214183e-05,1.0688982076787738e-05
2016-03-04,2.867371671963109e-05,2.873692562249814e-05
2016-03-07,1.3387664387699749e-05,1.3385365777799576e-05
2016-03-08,1.3870751033067126e-05,1.3812577686272244e-05
2016-03-09,9.54948389823776e-06,9.465503842987304e-06
2016-03-10,1.282230279320911e-05,1.282232533700947e-05
2016-03-11,2.250986913987102e-05,2.252232803277504e-05
2016-03-14,1.3002471539457956e-05,1.301497349072695e-05
2016-03-15,8.616242486282217e-06,8.46344367865952e-06
2016-03-16,2.3946944371887488e-06,2.4150079568330737e-06
2016-03-17,3.009907172677501e-05,3.0435293987961006e-05
2016-03-18,1.1181475305616207e-05,1.128284689297415e-05
2016-03-21,9.879568309854285e-06,9.87956830985428e-06
2016-03-22,2.586099464822226e-05,2.5773552733269035e-05
2016-03-23,1.2128960152965217e-05,1.2132591261567542e-05
2016-03-24,8.619497043034078e-06,8.64552459160537e-06
2016-03-28,7.723221938248972e-06,7.73556904571154e-06
2016-03-29,1.1954351433667014e-05,1.192497660017731e-05
2016-03-30,1.9164292185131804e-05,1.904843251665298e-05
2016-03-31,1.0995352563139857e-05,1.0972617344375804e-05
2016-04-01,7.003493256820041e-06,6.9972933099549865e-06
2016-04-04,5.606764427435695e-06,5.707331224023402e-06
2016-04-05,1.4987818796932332e-05,1.4958377961533116e-05
2016-04-06,4.9535546814990215e-06,4.903686419500223e-06
2016-04-07,3.989365473975362e-05,3.9893477260839504e-05
2016-04-08,4.914701289995928e-05,4.9548705222254285e-05
2016-04-11,1.676215835738431e-05,1.6762158357384317e-05
2016-04-12,1.1962803081424029e-05,1.1879338448712459e-05
2016-04-13,1.5668055681019996e-05,1.560302537268449e-05
2016-04-14,4.563055652779113e-05,4.54996579742598e-05
2016-04-15,8.409416477630744e-06,8.410005995886277e-06
2016-04-18,1.5207925336632227e-05,1.5160081378430365e-05
2016-04-19,9.961210997978772e-06,1.0134876445198599e-05
2016-04-20,6.768698645608858e-06,6.788224189179691e-06
2016-04-21,8.837825486736096e-06,8.86850201845095e-06
2016-04-22,1.545109665433782e-05,1.5422316956418e-05
2016-04-25,7.72795862020501e-06,7.731079880692778e-06
2016-04-26,4.380968313522889e-06,4.480636320421331e-06
2016-04-27,4.319834142286895e-06,4.3239462989132136e-06
2016-04-28,1.2172500917878248e-05,1.220868672082019e-05
2016-04-29,1.8766741650607403e-05,1.879322873298447e-05
2016-05-02,1.0937074727905103e-05,1.0995847828870898e-05
2016-05-03,1.9029891046286564e-05,1.8947487603413904e-05
2016-05-04,2.458642702670993e-05,2.4404542754481182e-05
2016-05-05,1.2926169352814905e-05,1.295809561989452e-05
2016-05-06,9.6720958990027e-06,9.672538089372293e-06
2016-05-09,1.215684370074002e-05,1.2184695689725802e-05
2016-05-10,1.113536801534404e-05,1.1147228104869918e-05
2016-05-11,8.257951650641218e-06,8.249398279802202e-06
2016-05-12,7.649964759625421e-06,7.655549993683899e-06
2016-05-13,5.277956928400481e-06,5.405730002314835e-06
2016-05-16,7.0645422445337496e-06,7.062889478061027e-06
2016-05-17,8.442388176200352e-06,8.498540604077443e-06
2016-05-18,6.905048838722606e-06,7.0750711738049004e-06
2016-05-19,5.241198312075434e-06,5.258541759495877e-06
2016-05-20,7.140686662032689e-06,7.137485208614337e-06
2016-05-23,6.138764047360469e-06,6.116384813105182e-06
2016-05-24,5.833162023850325e-06,5.61797643568889e-06
2016-05-25,6.314917443831023e-06,6.314917443831027e-06
2016-05-26,4.480258871381012e-06,4.52273224170469e-06
2016-05-27,9.355819346441788e-06,9.368185186007299e-06
2016-05-31,5.209812257277905e-06,5.346197798801798e-06
2016-06-01,5.7927018565456345e-06,5.642658121629803e-06
2016-06-02,5.210582287546977e-06,5.207234540064051e-06
2016-06-03,2.3205320244742844e-06,2.3634652289457436e-06
2016-06-06,3.6839911043715007e-06,3.6896951857155394e-06
2016-06-07,4.680574366442094e-06,4.687170289049837e-06
2016-06-08,5.682596761893276e-06,5.646383289480816e-06
2016-06-09,7.028888599834224e-06,7.218433114331791e-06
2016-06-10,8.078851571144185e-06,8.063021696444824e-06
2016-06-13,6.601051863667705e-06,6.584423939991704e-06
2016-06-14,6.973856999185575e-06,6.954641783796587e-06
2016-06-15,9.197534202199717e-06,9.204983121246667e-06
2016-06-16,9.990346821494303e-06,9.99393706658386e-06
2016-06-17,1.058848241721552e-05,1.0837999769607542e-05
2016-06-20,1.989641935309748e-05,1.991638545387412e-05
2016-06-21,8.659553718155977e-06,8.646613457397671e-06
2016-06-22,1.1823092190028056e-05,1.1801474479392929e-05
2016-06-23,2.5442586747619585e-05,2.5390162509083937e-05
2016-06-24,0.0001447728098923,0.00014487491760814354
2016-06-27,1.4774512993949282e-05,1.4829522072796437e-05
2016-06-28,1.4859102567242647e-05,1.4857717400434048e-05
2016-06-29,1.0846522367719366e-05,1.0846522367719365e-05
2016-06-30,9.187900908205467e-06,9.186080711405703e-06
2016-07-01,1.4861070541439544e-05,1.4860414495481884e-05
2016-07-05,1.1116961080461064e-05,1.120250675581501e-05
2016-07-06,1.4604291854277526e-05,1.4704228473636567e-05
2016-07-07,4.938243771595755e-06,4.9315262189791465e-06
2016-07-08,4.067308931523443e-06,4.0049624012932175e-06
2016-07-11,9.168798264813916e-06,9.118899200180107e-06
2016-07-12,1.116295414907963e-05,1.1170902460803549e-05
2016-07-13,1.1069648602045538e-05,1.1169466882771907e-05
2016-07-14,1.966926684166905e-05,1.985344445148952e-05
2016-07-15,5.879374831561912e-06,5.743451152337482e-06
2016-07-18,8.975578083233505e-06,8.780440198755469e-06
2016-07-19,1.2217004595612583e-05,1.2248838263386814e-05
2016-07-20,1.1595087644546765e-05,1.1869786026578563e-05
2016-07-21,1.396533201730814e-05,1.3963266214465392e-05
2016-07-22,1.5182959716532236e-05,1.5187097696038465e-05
2016-07-25,5.152971536319223e-06,5.1997662842237334e-06
2016-07-26,1.0973419193540614e-05,1.0994570727602548e-05
2016-07-27,2.4265685964784235e-06,2.478110170277398e-06
2016-07-28,1.0154456035062663e-05,1.0150576866567946e-05
2016-07-29,5.782973260883532e-06,5.87353764538546e-06
2016-08-01,2.9452658259916206e-06,2.9476079114279286e-06
2016-08-02,9.808434207751136e-06,9.774198555328658e-06
2016-08-03,4.121892050324174e-06,4.154877839927931e-06
2016-08-04,6.055703467994457e-06,6.062709753031634e-06
2016-08-05,2.168774234011742e-06,2.1658422276558276e-06
2016-08-08,6.020488960532438e-06,6.026260002017254e-06
2016-08-09,2.582680954460636e-06,2.518802682201088e-06
2016-08-10,3.0909863536715418e-06,3.091659217971205e-06
2016-08-11,6.7896155580300655e-06,6.771406185756747e-06
2016-08-12,6.649416018940887e-06,6.711727394068728e-06
2016-08-15,5.926478322560223e-06,6.051098789455342e-06
2016-08-16,9.58861646049085e-06,9.584404371666323e-06
2016-08-17,7.857209234105449e-06,7.863646752508739e-06
2016-08-18,9.439786649327064e-06,9.442519458821747e-06
2016-08-19,1.1332266072558262e-05,1.1322347613129022e-05
2016-08-22,3.81817517742039e-06,3.831567492598647e-06
2016-08-23,1.5927128619837916e-05,1.592606454466539e-05
2016-08-24,3.65677772314182e-06,3.5972505862658383e-06
2016-08-25,3.735156885557548e-06,3.7714826774731488e-06
2016-08-26,1.6276510807737863e-06,1.6114508481387526e-06
2016-08-29,8.0306155237139e-06,8.027974790344148e-06
2016-08-30,4.08286736955684e-06,4.075274973123784e-06
2016-08-31,2.543916163313637e-06,2.5456608494245797e-06
2016-09-01,6.050863068303783e-06,5.9835570850443335e-06
2016-09-02,2.048390142500472e-06,2.0400739691577278e-06
2016-09-06,2.6747659658722723e-06,2.670376990539884e-06
2016-09-07,4.90974539023416e-06,4.888908566329811e-06
2016-09-08,2.3732024227493536e-06,2.371220038353335e-06
2016-09-09,4.668045805161305e-06,4.67257285421071e-06
2016-09-12,6.139348407205594e-06,6.173064731091759e-06
2016-09-13,7.803963137484986e-06,7.752859254111654e-06
2016-09-14,4.7532767945101495e-06,4.752821149013734e-06
2016-09-15,3.773230088599394e-06,3.778143304857723e-06
2016-09-16,4.695611650442609e-06,4.67435419074647e-06
2016-09-19,4.171912628928987e-06,4.022225575900222e-06
2016-09-20,1.38432274741336e-06,1.3984874918858991e-06
2016-09-21,6.347394580661226e-06,6.340737853150628e-06
2016-09-22,2.2825920057196253e-06,2.2836422635043845e-06
2016-09-23,3.899189120683253e-06,3.898187525930563e-06
2016-09-26,6.223979634751303e-06,6.213041009287417e-06
2016-09-27,6.094450910589882e-06,6.109226107120765e-06
2016-09-28,2.606288016375537e-06,2.6736456114782594e-06
2016-09-29,2.2478126584382488e-06,2.1497781024458097e-06
2016-09-30,4.064823713269856e-06,4.061236638554603e-06
2016-10-03,4.154544555463227e-06,4.174140332392864e-06
2016-10-04,3.1389270970511443e-06,3.1804430518528657e-06
2016-10-05,4.328996476299854e-06,4.240026446586024e-06
2016-10-06,4.577367097479925e-06,4.6093380071653065e-06
2016-10-07,7.746312469201689e-06,7.543007201995294e-06
2016-10-10,3.7320230459083167e-06,3.84738200726597e-06
2016-10-11,7.34536439395371e-06,7.34562160326039e-06
2016-10-12,8.437907393440788e-06,8.426708892011957e-06
2016-10-13,4.293274321007616e-06,4.344114818631447e-06
2016-10-14,4.887997611118742e-06,4.886360439469228e-06
2016-10-17,7.343195145671244e-06,7.28282880809477e-06
2016-10-18,4.691030223778104e-06,4.6779233843577095e-06
2016-10-19,1.215198695260314e-05,1.2184975782508486e-05
2016-10-20,2.6983283560290905e-06,2.7568682698148823e-06
2016-10-21,7.23749252768111e-06,7.2523686606938085e-06
2016-10-24,2.9550484759311e-06,2.977784966662249e-06
2016-10-25,4.891497522443372e-06,4.891813359471616e-06
2016-10-26,5.213878879092712e-06,5.265090471604082e-06
2016-10-27,2.814244512079e-06,2.8206984653589194e-06
2016-10-28,3.584917236603429e-06,3.5284374846252094e-06
2016-10-31,4.255121233793274e-06,4.216641690175466e-06
2016-11-01,7.301455358842802e-06,7.301953620887121e-06
2016-11-02,4.399125374553369e-06,4.350168513279424e-06
2016-11-03,2.4977258604369948e-05,2.501406894357033e-05
2016-11-04,5.59249803282288e-06,5.658257110806386e-06
2016-11-07,1.112587641164227e-05,1.0964675621716574e-05
2016-11-08,4.094892353034542e-06,4.1186421354085535e-06
2016-11-09,0.000140970289158,0.0001405854389081083
2016-11-10,3.668320635143201e-05,3.663236206461526e-05
2016-11-11,2.9184646294910903e-05,2.919203347239662e-05
2016-11-14,3.869401830023524e-05,3.903842035251518e-05
2016-11-15,2.5101796045918262e-05,2.4941873521213134e-05
2016-11-16,6.857285884930882e-06,6.869456486910143e-06
2016-11-17,8.136132634238761e-06,8.104983557477109e-06
2016-11-18,2.0253340585537025e-05,2.009707490084787e-05
2016-11-21,6.9682571036209164e-06,6.957929800799751e-06
2016-11-22,5.654563464412882e-06,5.646975555931874e-06
2016-11-23,8.500449875444148e-06,8.644965877450878e-06
2016-11-29,8.738292426073944e-06,8.775910506259713e-06
2016-11-30,1.598130819732972e-05,1.6189517777525283e-05
2016-12-01,1.33002358121625e-05,1.346217211174501e-05
2016-12-02,1.0738305966168249e-05,1.0654131051462308e-05
2016-12-05,3.151031003644122e-05,3.150916508520204e-05
2016-12-06,6.652950275859056e-06,6.6358262844603236e-06
2016-12-07,7.585666229859044e-06,7.584927446547252e-06
2016-12-08,5.2185695421983295e-06,5.300202967914955e-06
2016-12-09,1.0051352531534312e-05,1.0069176783996302e-05
2016-12-12,1.5354299383543285e-05,1.529561927928445e-05
2016-12-13,5.98356233961746e-06,5.983117670547707e-06
2016-12-14,3.4994454417961486e-06,3.533961660787538e-06
2016-12-15,2.012218998666412e-05,2.013817334380397e-05
2016-12-16,8.098478695507317e-06,8.266102183732216e-06
2016-12-19,5.717941193658097e-06,5.7175076063815915e-06
2016-12-20,4.75365069828107e-06,4.570803276897498e-06
2016-12-21,4.88479842831754e-06,4.881624376583312e-06
2016-12-22,2.709586923967268e-06,2.7480433054605166e-06
2016-12-23,1.5812893423485046e-06,1.6008627131524246e-06
2016-12-27,3.563724921196853e-06,3.5438962036734733e-06
2016-12-28,3.1377020289081974e-06,3.110269323661962e-06
2016-12-29,5.25124953433018e-06,5.25110949402331e-06
2016-12-30,5.048029398706262e-06,4.9687676151668576e-06
2017-01-03,1.1556772691878367e-05,1.1548017201167628e-05
2017-01-04,1.501250743855483e-05,1.5075250170533287e-05
2017-01-05,9.909029188295862e-06,9.900670358226145e-06
2017-01-06,5.365511168430192e-06,5.349357595905776e-06
2017-01-09,7.295857616337762e-06,7.343119589499349e-06
2017-01-10,7.215612461975761e-06,7.3089647659330456e-06
2017-01-11,6.922241509869296e-06,6.918053707918329e-06
2017-01-12,1.3911365201483832e-05,1.3940981014443747e-05
2017-01-13,6.569570828711768e-06,6.569570828711762e-06
2017-01-17,1.1849877182411114e-05,1.2023522108112949e-05
2017-01-18,5.891055022930867e-06,5.912741125426255e-06
2017-01-19,7.568868956382476e-06,7.637955409839943e-06
2017-01-20,8.677608364610853e-06,8.673341147181088e-06
2017-01-23,7.525384383475739e-06,7.5668531701665534e-06
2017-01-24,3.302905236352732e-06,3.3084077103729933e-06
2017-01-25,7.461487112815812e-06,7.5618371492434865e-06
2017-01-26,1.1780680771861464e-05,1.177698282612804e-05
2017-01-27,7.316089477941379e-06,7.454856512755148e-06
2017-01-30,5.808371135561706e-06,5.916529018568585e-06
2017-01-31,1.4677163034795264e-05,1.4717845128347805e-05
2017-02-01,5.650496699865795e-06,5.680708447622518e-06
2017-02-02,1.4554179018987797e-05,1.4498089438316517e-05
2017-02-03,3.034016996279484e-06,3.034016996279486e-06
2017-02-06,5.743504924613348e-06,5.6546937685875e-06
2017-02-07,7.263887321113244e-06,7.353727359158048e-06
2017-02-08,8.556901157094864e-06,8.57907863840159e-06
2017-02-09,1.0816991299822543e-05,1.0823722743225573e-05
2017-02-10,5.504465254575174e-06,5.5037501597557294e-06
2017-02-13,3.807272105021145e-06,3.824355784572945e-06
2017-02-14,4.901589626254788e-06,4.920761055701587e-06
2017-02-15,3.372913501343482e-06,3.3643971072481414e-06
2017-02-16,8.434480944601726e-06,8.434163875209092e-06
2017-02-17,8.291625708855663e-06,8.278325326124551e-06
2017-02-21,6.343443601027317e-06,6.39073194963368e-06
2017-02-22,4.699140430890034e-06,4.644311498712216e-06
2017-02-23,2.8922079236919684e-06,2.918628323683989e-06
2017-02-24,4.554679571685578e-06,4.6081622030960616e-06
2017-02-27,4.104193076255745e-06,4.10536643253009e-06
2017-02-28,6.126493464978812e-06,6.117951787370395e-06
2017-03-01,1.0136792666368367e-05,1.0121027424559265e-05
2017-03-02,4.499991484733152e-06,4.478285199380703e-06
2017-03-03,8.25874443855701e-06,8.261661546036865e-06
2017-03-06,5.553904960415042e-06,5.547240585633599e-06
2017-03-07,2.7506051062221603e-06,2.685305593439954e-06
2017-03-08,4.577054511746852e-06,4.5155031214425705e-06
2017-03-09,4.16828291013074e-06,4.0164980772275725e-06
2017-03-10,2.1340862567368214e-06,2.176410069150811e-06
2017-03-13,4.407329213669992e-06,4.405005636737013e-06
2017-03-14,3.819969540085295e-06,3.822518602191189e-06
2017-03-15,3.6842623159518175e-06,3.688100395740135e-06
2017-03-16,6.164260919225454e-06,6.149296331122409e-06
2017-03-17,7.018044992794102e-06,6.9252449536687775e-06
2017-03-20,1.9155060896543445e-06,1.9045420560595445e-06
2017-03-21,4.191274665789414e-06,4.2208492712178704e-06
2017-03-22,5.504498187117058e-06,5.325138485970721e-06
2017-03-23,4.105061832900136e-06,4.124668330261237e-06
2017-03-24,4.915868067864397e-06,4.888581434826355e-06
2017-03-27,2.569290258701903e-06,2.5411735304486486e-06
2017-03-28,2.664140317880403e-06,2.633459635286063e-06
2017-03-29,4.936598648147549e-06,4.871744628622786e-06
2017-03-30,2.9888016806139094e-06,2.986868928440758e-06
2017-03-31,2.863573761729053e-06,2.8693959480168574e-06
2017-04-03,3.499868821333849e-06,3.324190423723904e-06
2017-04-04,4.263647626625474e-06,4.3069059398255495e-06
2017-04-05,3.6347447293417393e-06,3.692683670153109e-06
2017-04-06,5.4767362877587895e-06,5.456640776263128e-06
2017-04-07,4.081114405893299e-06,4.078401801124843e-06
2017-04-10,1.8600933948841173e-06,1.901269236371325e-06
2017-04-11,3.2386236650368103e-06,3.235620131906996e-06
2017-04-12,2.9097020746031823e-06,2.9153091880325275e-06
2017-04-13,2.934952540508031e-06,2.8612734225967148e-06
2017-04-17,2.652292273824424e-06,2.6747989892048628e-06
2017-04-18,3.020490679437493e-06,3.0729781386348785e-06
2017-04-19,4.256045764410951e-06,4.2564002642484285e-06
2017-04-20,7.146438678485485e-06,7.035263444459429e-06
2017-04-21,2.6732644460245672e-06,2.6752291029294375e-06
2017-04-24,3.834898481865345e-06,3.83784701173404e-06
2017-04-25,3.302106872754571e-06,3.334141177454241e-06
2017-04-26,4.444126246433064e-06,4.496324634652972e-06
2017-04-27,1.8807790131154365e-06,1.858422230431054e-06
2017-04-28,2.3859115188748626e-06,2.2814424397137152e-06
2017-05-01,1.4117275240832573e-06,1.418800728011162e-06
2017-05-02,2.745611207618836e-06,2.8185261057103315e-06
2017-05-03,2.7277546934828687e-06,2.682353163230155e-06
2017-05-04,3.691367438527754e-06,3.748113327678136e-06
2017-05-05,4.088473432931215e-06,4.081909153758431e-06
2017-05-08,6.840853562267832e-06,6.837063559956291e-06
2017-05-09,5.208310160749715e-06,5.0329182695555425e-06
2017-05-10,6.393963306143713e-06,6.391459418666592e-06
2017-05-11,3.118103785236752e-06,3.0603202490743384e-06
2017-05-12,2.408074786537722e-06,2.452289964645376e-06
2017-05-15,5.262793819564708e-06,5.297677996990143e-06
2017-05-16,2.109976610417031e-06,2.103402299922655e-06
2017-05-17,4.476637732286311e-06,4.54633770631268e-06
2017-05-18,1.3361699566788168e-05,1.3459368734340282e-05
2017-05-19,7.091246414839582e-06,6.997247607488581e-06
2017-05-22,3.2375784046394533e-06,3.1412189493688516e-06
2017-05-23,4.785512451356535e-06,4.756384686101365e-06
2017-05-24,4.502955941295333e-06,4.584278467113104e-06
2017-05-25,4.29811522531844e-06,4.2974913816707534e-06
2017-05-26,9.794661451688028e-06,9.856740743031876e-06
2017-05-30,6.238025254451594e-06,6.167872425870673e-06
2017-05-31,2.8636755635728994e-06,2.8306314569161134e-06
2017-06-01,3.564287846684913e-06,3.5636600198038586e-06
2017-06-02,3.380110170699929e-06,3.3241526541338997e-06
2017-06-05,2.3973240027844198e-06,2.3730443125550656e-06
2017-06-06,4.502567346006646e-06,4.490696924008916e-06
2017-06-07,6.523740927666722e-06,6.5139144801906066e-06
2017-06-08,3.5466327066637942e-06,3.5607927382993444e-06
2017-06-09,4.5964971734622045e-06,4.577085966392416e-06
2017-06-12,4.564458500518852e-06,4.589774435666538e-06
2017-06-13,4.330870694179598e-06,4.387883491137305e-06
2017-06-14,2.381405938045373e-06,2.371154511286066e-06
2017-06-15,7.77612295945873e-06,7.800618706363033e-06
2017-06-16,2.8400776101592304e-06,2.807851635004776e-06
2017-06-19,3.864063726961252e-06,3.727824639167362e-06
2017-06-20,2.5468405460106805e-06,2.5004357169107275e-06
2017-06-21,2.3902776740881227e-06,2.358699327065945e-06
2017-06-22,3.5725929266885635e-06,3.5833448991456545e-06
2017-06-23,9.845928321004238e-06,9.921886336662258e-06
2017-06-26,0.0001193136394133,0.00011940070846257527
2017-06-27,4.479705624739686e-06,4.448278159781739e-06
2017-06-28,5.015133969177871e-06,5.047835646309361e-06
2017-06-29,1.399113854537876e-05,1.3977790436455835e-05
2017-06-30,3.790743269929296e-06,3.888131417831297e-06
2017-07-03,2.7676827074129835e-06,2.772286586509646e-06
2017-07-05,1.0032367355980216e-05,1.001319290347041e-05
2017-07-06,2.6235109730699944e-06,2.5676211138893253e-06
2017-07-07,1.5692680551501777e-06,1.5690939571382965e-06
2017-07-10,3.290459231624371e-06,3.2996840515374824e-06
2017-07-11,4.3145872685222646e-06,4.155838549087057e-06
2017-07-12,2.718041818137682e-06,2.762479573259221e-06
2017-07-13,2.7595080099281526e-06,2.7286264206177853e-06
2017-07-14,2.296102988834929e-06,2.220496260680969e-06
2017-07-17,1.7423053712456331e-06,1.6999355226648539e-06
2017-07-18,3.0965563652098784e-06,3.1876284806773877e-06
2017-07-19,3.2358544917083216e-06,3.192470468788222e-06
2017-07-20,2.899993859745598e-06,2.903382958040472e-06
2017-07-21,2.248969883494466e-06,2.261690900194023e-06
2017-07-24,5.445426307559998e-06,5.479358744859494e-06
2017-07-25,7.285340568873352e-06,7.3087840834120106e-06
2017-07-26,4.066946227535885e-06,4.105476089315967e-06
2017-07-27,2.7591434084453736e-06,2.671879747197322e-06
2017-07-28,3.879862758853303e-06,3.9804386869419845e-06
2017-07-31,2.0929154322278205e-06,2.0848929760693395e-06
2017-08-01,5.399179748559056e-06,5.3976684159038175e-06
2017-08-02,3.799792401112363e-06,3.794009947895193e-06
2017-08-03,4.816475601434293e-06,4.807142632989475e-06
2017-08-04,1.1754224581600837e-06,1.175095360305587e-06
2017-08-07,1.865745014175826e-06,1.8666479939507506e-06
2017-08-08,4.48800464387186e-06,4.490937775022874e-06
2017-08-09,7.600548173610819e-06,7.56837380284506e-06
2017-08-10,3.2492274132521604e-06,3.2108495325284155e-06
2017-08-11,3.527898384212524e-06,3.657121662533361e-06
2017-08-14,5.667911286013255e-06,5.668314512153275e-06
2017-08-15,3.4346589413480504e-06,3.436959618674957e-06
2017-08-16,2.329398302157988e-06,2.2969025848944605e-06
2017-08-17,4.429555167202063e-06,4.40653800831937e-06
2017-08-18,1.4632048752540463e-05,1.4994513709166676e-05
2017-08-21,2.894183116923813e-06,2.98116986812924e-06
2017-08-22,2.807710299903903e-06,2.933306075632005e-06
2017-08-23,1.689114463715128e-06,1.6389230412417408e-06
2017-08-24,3.0052242928086184e-06,2.8143595321471375e-06
2017-08-25,2.7794579690939018e-06,2.7716433117607804e-06
2017-08-28,2.101058198183387e-06,2.07274777696312e-06
2017-08-29,1.7106778260942333e-05,1.7115842979584538e-05
2017-08-30,4.806762916791572e-06,4.912880048873783e-06
2017-08-31,5.57517388983517e-06,5.389994617546693e-06
2017-09-01,2.212854829226578e-06,2.2099986350403084e-06
2017-09-05,6.236505193763574e-06,6.2300392074503785e-06
2017-09-06,6.38508846779941e-06,6.398301242793818e-06
2017-09-07,4.115161377146857e-06,4.2843230344091204e-06
2017-09-08,5.178888838212743e-06,5.198995559424925e-06
2017-09-11,4.603255772343223e-06,4.675098493709955e-06
2017-09-12,6.64085091441555e-06,6.641287419490639e-06
2017-09-13,3.520043537715358e-06,3.5798480462541616e-06
2017-09-14,6.093922665151224e-06,6.094171663219586e-06
2017-09-15,1.1343018498596489e-05,1.130686652504789e-05
2017-09-18,4.202249856048577e-06,4.1972822786378555e-06
2017-09-19,4.769536325965902e-06,4.768862743423797e-06
2017-09-20,3.402047751973793e-06,3.429706852604851e-06
2017-09-21,8.125202884545851e-06,8.114086297742095e-06
2017-09-22,5.628182088042349e-06,5.616238163900646e-06
2017-09-25,6.048010451084861e-06,6.136209298623058e-06
2017-09-26,9.765543015807584e-06,9.771711655346498e-06
2017-09-27,7.6272186746979215e-06,7.650270618334199e-06
2017-09-28,1.0626171121487902e-05,1.0538326549343077e-05
2017-09-29,4.718091470211017e-06,4.707284727870245e-06
2017-10-02,5.2992272312384925e-06,5.286197823104434e-06
2017-10-03,4.61409038246771e-06,4.517388486084126e-06
2017-10-04,3.548929179569633e-06,3.5629152561746845e-06
2017-10-05,4.19094919504854e-06,4.188928396565593e-06
2017-10-06,3.201753752446965e-06,3.280128437322769e-06
2017-10-09,7.33583023408309e-06,7.527502859596219e-06
2017-10-10,4.9905988630519866e-06,4.8789034790677715e-06
2017-10-11,2.660174449964303e-06,2.5202220684654455e-06
2017-10-12,2.322784789465337e-06,2.321880928580896e-06
2017-10-13,4.051108699992144e-06,4.083178870668838e-06
2017-10-16,3.117370493507543e-06,3.103104402968437e-06
2017-10-17,4.714603795703063e-06,4.713954508197571e-06
2017-10-18,4.450555680727769e-06,4.474305716701047e-06
2017-10-19,1.3074982916503772e-05,1.317826712991707e-05
2017-10-20,9.896460112200147e-06,9.853037409130503e-06
2017-10-23,2.910724968366538e-06,2.912790339282537e-06
2017-10-24,6.20101834576455e-06,6.188141686517731e-06
2017-10-25,4.65624449050223e-06,4.643808842474039e-06
2017-10-26,4.410453014280781e-06,4.407734887066793e-06
2017-10-27,4.435076391207181e-06,4.48417217266554e-06
2017-10-30,2.9434357899178874e-06,2.9924657599029275e-06
2017-10-31,3.65033897483373e-06,3.5409407937256577e-06
2017-11-01,1.5868253105954992e-05,1.5868251262802947e-05
2017-11-02,3.028619971349405e-06,3.039406158435667e-06
2017-11-03,2.5595129636888863e-06,2.6558911503357174e-06
2017-11-06,3.196352591851298e-06,3.102770376159823e-06
2017-11-07,4.541700434761716e-06,4.474950680946686e-06
2017-11-08,3.45586420927476e-06,3.5397400382369256e-06
2017-11-09,3.788601018864776e-06,3.7336490835473425e-06
2017-11-10,3.223408218056638e-06,3.215290504734456e-06
2017-11-13,2.109686651690614e-06,2.0936093422473107e-06
2017-11-14,9.941951504162274e-06,9.859534378465575e-06
2017-11-15,5.1824295906676006e-06,5.306881761800108e-06
2017-11-16,5.178545553167779e-06,5.313315201409624e-06
2017-11-17,2.961937296596573e-06,2.8746444091393454e-06
2017-11-20,3.019436600834638e-06,2.9873636294573674e-06
2017-11-21,3.1943767070997366e-06,3.0982775165745753e-06
2017-11-22,6.084022679347557e-06,6.076231954661869e-06
2017-11-28,2.1534560531092083e-06,2.131004399255778e-06
2017-11-29,2.983659140590987e-06,2.9619370903590213e-06
2017-11-30,3.469733707694327e-06,3.503125089300716e-06
2017-12-01,3.391721122038141e-06,3.360628060638573e-06
2017-12-04,3.6001007510287813e-06,3.815972811065397e-06
2017-12-05,1.5337464744584465e-06,1.4947223333451705e-06
2017-12-06,1.5940218561521032e-06,1.6632013968312675e-06
2017-12-07,3.2244064273077e-06,3.2322707189879867e-06
2017-12-08,2.6514389693517757e-06,2.6452675236146867e-06
2017-12-11,2.4673658528987e-06,2.4932343997912495e-06
2017-12-12,1.905521948039776e-06,1.8375448385647298e-06
2017-12-13,1.943491910600629e-06,1.939586787520225e-06
2017-12-14,3.4532296277400957e-06,3.4383584790988392e-06
2017-12-15,2.0150643674006894e-06,2.008604356310838e-06
2017-12-18,1.6643233291753448e-06,1.6912989552115053e-06
2017-12-19,1.5066044833642224e-06,1.4568619691971393e-06
2017-12-20,2.00329610300984e-06,2.0131336028610234e-06
2017-12-21,1.517444910763603e-06,1.4454676730751006e-06
2017-12-22,1.204237450649856e-06,1.170655965491598e-06
2017-12-26,1.381514491377436e-06,1.3839426667223996e-06
2017-12-27,1.8939384053459256e-06,1.8935314419345388e-06
2017-12-28,1.5396344882271372e-06,1.4907998094105946e-06
2017-12-29,1.556226781643874e-06,1.4874293338978974e-06
2018-01-02,5.165890337868941e-06,5.102655327838352e-06
2018-01-03,2.5807481939813185e-06,2.6235254364420533e-06
2018-01-04,4.251023216930569e-06,4.250720555256239e-06
2018-01-05,2.5240728734919693e-06,2.4872939729952773e-06
2018-01-08,5.928502339899102e-06,5.899122743219468e-06
2018-01-09,5.500697967185018e-06,5.5606271171558055e-06
2018-01-10,3.916136896301307e-05,3.9421831393366194e-05
2018-01-11,2.919595687678453e-06,2.9028625969940284e-06
2018-01-12,7.155591061467843e-06,7.158411072632979e-06
2018-01-16,1.753370196829688e-05,1.7529581260484834e-05
2018-01-17,5.201202854945465e-06,5.242844011233755e-06
2018-01-18,5.936338952581091e-06,5.800800125978161e-06
2018-01-19,4.743900847474976e-06,4.636380312985057e-06
2018-01-22,3.296847993776349e-06,3.3051347188076983e-06
2018-01-23,2.08172394594871e-06,2.073048254448492e-06
2018-01-24,9.687383187800992e-06,9.576973836377021e-06
2018-01-25,6.350451696999457e-06,6.434418569142465e-06
2018-01-26,1.0010951715434314e-05,9.882558487441624e-06
2018-01-29,4.919797989508246e-06,4.902111705847023e-06
2018-01-30,1.431052211562175e-05,1.4306689315186706e-05
2018-01-31,2.5855600436343738e-06,2.582019247165693e-06
2018-02-01,4.162216851465913e-06,4.154681898236699e-06
2018-02-02,5.03003301647736e-06,5.029312259850415e-06
2018-02-05,7.209499478082563e-06,7.394014584025313e-06
2018-02-06,5.619272009065782e-06,5.619077488426646e-06
2018-02-07,4.479918410411999e-06,4.482232338488013e-06
2018-02-08,6.644664700738024e-06,6.648162977162628e-06
2018-02-09,7.482433763277198e-06,7.4769440728330325e-06
2018-02-12,4.731521108742697e-06,4.737611077308739e-06
2018-02-13,4.269062607429943e-06,4.268531277048706e-06
2018-02-14,3.28553854944945e-06,3.290402449281329e-06
2018-02-15,7.532958310055291e-06,7.594953482406022e-06
2018-02-16,7.16871811746282e-06,7.034634561262128e-06
2018-02-20,4.319193715359878e-06,4.334438378845528e-06
2018-02-21,4.971199905328352e-06,5.02043382557142e-06
2018-02-22,3.6672727478986206e-06,3.6089282636705642e-06
2018-02-23,3.9696878762266575e-06,3.923690341729252e-06
2018-02-26,3.4254816992197808e-06,3.3669157209160515e-06
2018-02-27,2.78118458310324e-06,2.793530357732746e-06
2018-02-28,4.25153410053774e-06,4.304815925361442e-06
2018-03-01,2.5701322518380827e-06,2.725064749591242e-06
2018-03-02,1.0165767157408076e-05,1.0255938424029996e-05
2018-03-05,2.459170244342599e-06,2.4975853622424328e-06
2018-03-06,4.630510819649783e-06,4.628453984286002e-06
2018-03-07,5.117465941771502e-06,5.203490209167881e-06
2018-03-08,3.191343821427787e-06,3.191955929110307e-06
2018-03-09,2.125026337321069e-06,2.054368800101744e-06
2018-03-12,5.385248684738371e-06,5.406879662301485e-06
2018-03-13,2.548717846818443e-06,2.54769012431693e-06
2018-03-14,4.396615989167872e-06,4.38202467277353e-06
2018-03-15,2.902328957085912e-06,2.8638968646470598e-06
2018-03-16,4.710602614443763e-06,4.713185174198619e-06
2018-03-19,3.462151597738716e-06,3.4660185946981015e-06
2018-03-20,5.4586067547125125e-06,5.546406722417075e-06
2018-03-21,3.4172218219716323e-06,3.348758716200643e-06
2018-03-22,5.296818990913742e-06,5.381509418097516e-06
2018-03-23,4.057199473839741e-06,4.0480731666422895e-06
2018-03-26,3.2324122265751327e-06,3.234101980897075e-06
2018-03-27,6.673166010607651e-06,6.635864127329138e-06
2018-03-28,5.301997464160946e-06,5.313432607524225e-06
2018-03-29,3.325552795624389e-06,3.325552795624391e-06
2018-04-02,1.9183280293167897e-06,1.9100387444183503e-06
2018-04-03,4.560284763030662e-06,4.5432718517246806e-06
2018-04-04,1.689728550992584e-05,1.684826933196598e-05
2018-04-05,6.22528264406323e-06,6.217470913018067e-06
2018-04-06,7.532196844096383e-06,7.583167968855445e-06
2018-04-09,5.412690202466177e-06,5.4373884362884696e-06
2018-04-10,8.58590047332344e-06,8.501438003891973e-06
2018-04-11,4.057879990897153e-06,4.062974771777603e-06
2018-04-12,1.3046718765653582e-05,1.3004578445423921e-05
2018-04-13,1.0155154615693692e-05,1.0171098650493639e-05
2018-04-16,5.638719926567763e-06,5.5135898144392e-06
2018-04-17,8.716412446637993e-06,8.79624478464227e-06
2018-04-18,9.537260849710578e-06,9.485930148854479e-06
2018-04-19,1.058037966350048e-05,1.0593462431057668e-05
2018-04-20,5.038152326755932e-06,5.037188318246405e-06
2018-04-23,6.204191045691764e-06,6.193917409401103e-06
2018-04-24,5.6570610582198326e-06,5.766803875305496e-06
2018-04-25,3.7163759850066553e-06,3.618894463744746e-06
2018-04-26,7.831576173721493e-06,8.036439741964536e-06
2018-04-27,5.439170457072887e-06,5.391036281246003e-06
2018-04-30,2.703957201519751e-06,2.5823335518756746e-06
2018-05-01,3.31236016563008e-06,3.3119692706527002e-06
2018-05-02,3.5303387565250227e-06,3.557364348289207e-06
2018-05-03,8.48579643195476e-06,8.770065000542542e-06
2018-05-04,4.67781925292437e-06,4.424602555284786e-06
2018-05-07,4.5159887781580735e-06,4.488066382490773e-06
2018-05-08,4.433378896023005e-06,4.375588169216828e-06
2018-05-09,7.968574790790548e-06,8.06075912563857e-06
2018-05-10,5.083687645387556e-06,5.218923842468414e-06
2018-05-11,5.433968380391842e-06,5.4463210844683394e-06
2018-05-14,3.1116248711226738e-06,3.1054359191441175e-06
2018-05-15,2.072820078290492e-06,2.0514918695395666e-06
2018-05-16,6.04889787644988e-06,6.050501611234535e-06
2018-05-17,7.822901978022483e-06,7.881251398937574e-06
2018-05-18,3.3068824917979103e-06,3.451645886408831e-06
2018-05-21,3.4943989891123094e-06,3.486603876757187e-06
2018-05-22,5.900039687194643e-06,5.897292083165942e-06
2018-05-23,7.93338057795351e-06,7.927401493234794e-06
2018-05-24,3.2237875430041693e-06,3.197664061193812e-06
2018-05-25,4.661233483493477e-06,4.693730051238895e-06
2018-05-29,1.5717328062856722e-05,1.5717328062856735e-05
2018-05-30,6.536909586320991e-06,6.42716168305362e-06
2018-05-31,2.7966628751884622e-06,2.7978092330233104e-06
2018-06-01,1.7889254862482502e-06,1.7906133167109904e-06
2018-06-04,4.560453514631596e-06,4.562212296298133e-06
2018-06-05,2.157294307205237e-06,2.159016540349325e-06
2018-06-06,3.861012894489452e-06,3.776140322274106e-06
2018-06-07,1.9934605439054195e-06,2.0021521097175537e-06
2018-06-08,7.773598793511362e-06,7.777461818397253e-06
2018-06-11,2.3072015380788443e-06,2.3027572879344725e-06
2018-06-12,3.0827373249894357e-06,3.0261646997682295e-06
2018-06-13,1.5682368478328682e-06,1.5159898767885988e-06
2018-06-14,4.135699911748153e-06,4.183418321194811e-06
2018-06-15,7.047316153785046e-06,7.375858593936675e-06
2018-06-18,2.941944942246959e-06,2.9452700057977233e-06
2018-06-19,3.127686333796156e-06,3.0278922519178015e-06
2018-06-20,3.4139961665313e-06,3.404469683876845e-06
2018-06-21,6.255925668552373e-06,6.224088355893189e-06
2018-06-22,4.0935531885775495e-06,4.137898756553784e-06
2018-06-25,5.255697176925934e-06,5.383475846764981e-06
2018-06-26,7.34718454556119e-06,7.409848459170953e-06
2018-06-27,4.054270601596651e-06,4.059788165031482e-06
2018-06-28,4.016067877805697e-06,3.974291477981458e-06
2018-06-29,4.168197007994895e-06,4.050966297038852e-06
2018-07-02,1.8191437679893848e-06,1.8245265307603266e-06
2018-07-03,7.493001623812794e-06,7.619755131436418e-06
2018-07-05,3.4726086831662178e-06,3.4639911677672776e-06
2018-07-06,2.861406612185077e-06,2.8491725470101502e-06
2018-07-09,4.05493795734753e-06,4.0544867440739e-06
2018-07-10,6.5541947903663145e-06,6.53850698449519e-06
2018-07-11,3.646526976119382e-06,3.65040226626056e-06
2018-07-12,3.845070452036612e-06,3.7736568724410236e-06
2018-07-13,4.801702897420656e-06,4.802157139091441e-06
2018-07-16,3.873194092293951e-06,3.892709419597898e-06
2018-07-17,2.492707189453862e-06,2.526116949146313e-06
2018-07-18,4.356229252697755e-06,4.3292316315840835e-06
2018-07-19,9.083575262835866e-06,9.163346645811131e-06
2018-07-20,6.400461730338205e-06,6.404308959177414e-06
2018-07-23,3.5939962206945247e-06,3.583483772679238e-06
2018-07-24,6.854316073050389e-06,6.863479751980649e-06
2018-07-25,5.338957919313929e-06,5.342160122340443e-06
2018-07-26,5.953521642903543e-06,5.934241568960257e-06
2018-07-27,8.335631293222488e-06,8.433043681870101e-06
2018-07-30,2.324648291750342e-06,2.32353069747752e-06
2018-07-31,4.554663249469962e-06,4.577342982771701e-06
2018-08-01,4.254447501613635e-06,4.1453982348333266e-06
2018-08-02,4.158799274586988e-06,4.154481668322445e-06
2018-08-03,5.341639150736327e-06,5.264387625088393e-06
2018-08-06,5.5337822604658485e-06,5.502525355668487e-06
2018-08-07,6.238539458669052e-06,6.367465633081215e-06
2018-08-08,5.2299196169997976e-06,5.2905181120562295e-06
2018-08-09,4.831634781023846e-06,4.8164575596886076e-06
2018-08-10,5.94885285007852e-06,6.0337750682448005e-06
2018-08-13,8.516636402087229e-06,8.565589886059168e-06
2018-08-14,3.7524138708020017e-06,3.7608261602113636e-06
2018-08-15,6.677645676290284e-06,6.551101666469124e-06
2018-08-16,1.2154651704430112e-05,1.2240972525447878e-05
2018-08-17,1.3441115386890166e-05,1.3306961575939239e-05
2018-08-20,5.400561431306633e-06,5.4008108445168595e-06
2018-08-21,4.669455263096196e-06,4.670402140716705e-06
2018-08-22,6.019150053161351e-06,6.012666131372006e-06
2018-08-23,1.553166965682939e-05,1.608262314812115e-05
2018-08-24,6.009942395605345e-06,5.994012256590858e-06
2018-08-27,4.876842741912292e-06,4.865771207655553e-06
2018-08-28,4.517889386469827e-06,4.628971731891757e-06
2018-08-29,9.751869075211814e-06,9.724925828801697e-06
2018-08-30,7.789591797855212e-06,7.9811134546062e-06
2018-08-31,8.87265935992473e-06,9.080997799937036e-06
2018-09-04,5.845912135134548e-06,5.833603096780897e-06
2018-09-05,1.3607204859218096e-05,1.3557786601394586e-05
2018-09-06,1.123244364039014e-05,1.1193300515619621e-05
2018-09-07,4.528185629936527e-06,4.543094998920528e-06
2018-09-10,5.2470038887567465e-06,5.286788188651371e-06
2018-09-11,4.336557824346783e-06,4.316596139193313e-06
2018-09-12,6.721293233149313e-06,6.712328264113201e-06
2018-09-13,4.0129122339656895e-06,4.012250608383723e-06
2018-09-14,4.367026818722872e-06,4.327009689712747e-06
2018-09-17,3.70481238153362e-06,3.6874840795097175e-06
2018-09-18,6.927243773999246e-06,7.21430594320822e-06
2018-09-19,4.237678496682028e-06,4.246317877308685e-06
2018-09-20,2.912865663804866e-06,2.8931507827579006e-06
2018-09-21,5.281033908746396e-06,5.3097278170687e-06
2018-09-24,3.0427428082895133e-06,3.0132449102615403e-06
2018-09-25,4.010158966770852e-06,3.999350323832423e-06
2018-09-26,2.573977957175251e-06,2.5799173562734425e-06
2018-09-27,2.467923055769887e-06,2.4679454625047614e-06
2018-10-01,5.504775538200768e-06,5.3525245162194616e-06
2018-10-02,5.318677789771885e-06,5.413669708493444e-06
2018-10-03,5.078105756408445e-06,5.069408764883825e-06
2018-10-04,4.160278287991705e-06,4.047029217392649e-06
2018-10-05,5.039055437834869e-06,5.112386301348882e-06
2018-10-08,4.555236836198676e-06,4.5511603468582024e-06
2018-10-09,4.91478439547521e-06,4.910873595879711e-06
2018-10-10,4.174780675946559e-06,4.178275373378819e-06
2018-10-11,1.364375491109507e-05,1.3680649264801225e-05
2018-10-12,6.871340386002365e-06,6.9059036139213776e-06
2018-10-15,1.228246878323015e-05,1.2280327889659224e-05
2018-10-16,6.485640955178986e-06,6.4718085189925145e-06
2018-10-17,1.4640231909346031e-05,1.4670002026834631e-05
2018-10-18,4.790433324249444e-06,4.6934003022225895e-06
2018-10-19,1.4499198087271156e-05,1.447632275784679e-05
2018-10-22,5.382767343215087e-06,5.375435644320402e-06
2018-10-23,1.4628122040379983e-05,1.43622490072576e-05
2018-10-24,5.813028239582824e-06,5.797589126244653e-06
2018-10-25,8.572641109996971e-06,8.565093138900862e-06
2018-10-26,6.507624493162563e-06,6.52016115202541e-06
2018-10-29,8.817687161242472e-06,8.840203782985481e-06
2018-10-30,6.580000686730722e-06,6.579267323496212e-06
2018-10-31,6.427787709097659e-06,6.428165971198028e-06
2018-11-01,7.243319247757058e-06,7.17482571367149e-06
2018-11-02,7.503267840439669e-06,7.378976987682387e-06
2018-11-05,2.7915499747251903e-06,2.7851591007045e-06
2018-11-06,3.5486022983381778e-06,3.5552733314945135e-06
2018-11-07,1.0613478161503898e-05,1.0587639793551206e-05
2018-11-08,4.95014954898716e-06,4.950575262270991e-06
2018-11-09,5.669075338237297e-06,5.661157712183253e-06
2018-11-12,4.444571160345256e-06,4.384725561413585e-06
2018-11-13,8.06705455829901e-06,8.066652962290786e-06
2018-11-14,5.816259097233904e-06,5.829971375204287e-06
2018-11-15,1.4350509761752288e-05,1.4185280346482625e-05
2018-11-16,5.933820036266731e-06,6.04307792258229e-06
2018-11-19,4.561911817759891e-06,4.64557396553174e-06
2018-11-20,5.968805182095129e-06,5.9782548217669565e-06
2018-11-21,5.8481739327261606e-06,5.780576136308685e-06
2018-11-27,4.892474310388247e-06,4.906723187585336e-06
2018-11-28,2.143325118084046e-06,2.165035364053683e-06
2018-11-29,2.936537355963107e-06,2.9652416589718802e-06
2018-11-30,2.671645886930542e-06,2.679917297867337e-06
2018-12-03,5.858930749878025e-06,5.8736197967000755e-06
2018-12-04,3.999859968902721e-06,4.020171365019021e-06
2018-12-05,3.4716118016827317e-06,3.5040858548282027e-06
2018-12-06,3.886549110926009e-06,3.843012125805583e-06
2018-12-07,2.934899876082384e-06,2.96510052668218e-06
2018-12-10,3.615218576667154e-06,3.7306664657389405e-06
2018-12-11,2.7609781656329896e-06,2.8045584077179093e-06
2018-12-12,3.002089698153621e-06,2.845574888067549e-06
2018-12-13,4.606794299582428e-06,4.640146262848533e-06
2018-12-14,3.157540411692325e-06,3.1575403024233963e-06
2018-12-17,1.660291813035718e-06,1.6287169009655077e-06
2018-12-18,2.8662988163655624e-06,2.8671136049625575e-06
2018-12-19,4.230460594205681e-06,4.2094962459977946e-06
2018-12-20,1.0947339483360176e-05,1.0871434978472236e-05
2018-12-21,1.4135658178028336e-05,1.4142502870429206e-05
2018-12-27,8.796607541069521e-06,8.83303272348371e-06
2018-12-28,7.4214589994212575e-06,7.512965164926741e-06
2018-12-31,4.431126213899208e-06,4.428187950418271e-06
2019-01-02,5.938405073882799e-06,5.942261859706843e-06
2019-01-03,5.2479207451053975e-06,5.243027362611518e-06
2019-01-04,5.8186663369027895e-06,5.8336370647664345e-06
2019-01-07,3.5066578036036378e-06,3.495738575515848e-06
2019-01-08,3.537011474149608e-06,3.4953457441456182e-06
2019-01-09,3.613496678298632e-06,3.6191795874453765e-06
2019-01-10,4.147796197382438e-06,4.0632609908864664e-06
2019-01-11,4.4495480054534505e-06,4.401820994259565e-06
2019-01-14,2.668660296593236e-06,2.6556644305057885e-06
2019-01-15,4.693742697838692e-06,4.595351110310181e-06
2019-01-16,3.606344567483478e-06,3.668532238474338e-06
2019-01-17,2.185916022516976e-06,2.2303057846261474e-06
2019-01-18,7.546298271200136e-06,7.5536399151785385e-06
2019-01-22,4.655393371730174e-06,4.951818880547631e-06
2019-01-23,1.3286110045409413e-06,1.3496005393487246e-06
2019-01-24,3.0575561872919915e-06,3.0974508145393064e-06
2019-01-25,1.965118702870704e-06,1.968781519473213e-06
2019-01-28,2.871382169817886e-06,2.7884458521794386e-06
2019-01-29,3.19294856270869e-06,3.1947031495623307e-06
2019-01-30,3.3625256928262074e-06,3.2843284732125103e-06
2019-01-31,2.80629396425694e-06,2.8132289843597448e-06
2019-02-01,1.959304175198326e-06,1.9626315626388733e-06
2019-02-04,3.741053947471185e-06,3.7629846614888837e-06
2019-02-05,3.897044944245759e-06,3.896314169926281e-06
2019-02-06,1.3583564651334436e-06,1.357436514691317e-06
2019-02-07,2.456801670729161e-06,2.4342231846924665e-06
2019-02-08,3.6805261567524848e-06,3.6582569948759263e-06
2019-02-11,4.251773570699413e-06,4.258807621525381e-06
2019-02-12,3.6516416780990255e-06,3.679772988693748e-06
2019-02-13,1.8783039368020963e-06,1.87613594024162e-06
2019-02-14,3.62068126838964e-06,3.5991713904297426e-06
2019-02-15,2.9992582139025637e-06,3.029754426727521e-06
2019-02-19,5.687777609289203e-06,5.670944313849161e-06
2019-02-20,3.777146588551427e-06,3.7689810125460885e-06
2019-02-21,6.56181801219868e-06,6.57137398059202e-06
2019-02-22,4.509183364753205e-06,4.505163986879225e-06
2019-02-25,2.79132069184577e-06,2.826971021435628e-06
2019-02-26,2.487115332739782e-06,2.507826231321175e-06
2019-02-27,3.034749709135265e-06,3.031698873058633e-06
2019-02-28,4.9660418464513245e-06,5.000590157305923e-06
2019-03-01,5.649355953295535e-06,5.673927172147479e-06
2019-03-04,9.70227749370425e-06,9.685657641235863e-06
2019-03-05,3.756751313106953e-06,3.724907533010231e-06
2019-03-06,4.091438051311007e-06,4.11231402222053e-06
2019-03-08,3.208116216832453e-06,3.1943046995641738e-06
2019-03-11,1.9052334448031248e-06,1.8836404704503017e-06
2019-03-12,3.103573779783348e-06,3.081109782146399e-06
2019-03-13,3.588643442936391e-06,3.585446067644397e-06
2019-03-14,5.618062196641937e-06,5.614855033077502e-06
2019-03-18,1.7339789132487553e-06,1.745780762292777e-06
2019-03-19,3.913615608500348e-06,3.896740547882693e-06
2019-03-20,2.8044785316128475e-06,2.8049305559365826e-06
2019-03-21,4.554907061566256e-06,4.554932936973351e-06
2019-03-22,6.218850530462292e-06,6.218899288873927e-06
2019-03-25,2.7565003246250503e-06,2.7672458278236856e-06
2019-03-26,4.469330758417765e-06,4.42226663649978e-06
2019-03-27,3.1456030557096728e-06,3.121699209081096e-06
2019-03-28,3.4666693654612432e-06,3.4924931076877256e-06
2019-03-29,6.0663062923548986e-06,6.069078340569659e-06
2019-04-01,4.219603600083533e-06,4.2424811219972865e-06
2019-04-02,3.701088339711343e-06,3.7027112864430607e-06
2019-04-03,2.1967916128743463e-06,2.217561304936853e-06
2019-04-04,2.283018081084417e-06,2.311934964034084e-06
2019-04-05,3.2046718490040546e-06,3.219356878765591e-06
2019-04-08,1.6407377467026023e-06,1.651972037975821e-06
2019-04-09,4.801224349892461e-06,4.826755537092166e-06
2019-04-10,2.383689932742921e-06,2.409665304946599e-06
2019-04-11,2.7682116169529475e-06,2.7838092905217786e-06
2019-04-12,5.49781189375539e-06,5.512639207780703e-06
2019-04-15,4.034829376293954e-06,4.022135325122625e-06
2019-04-16,3.75300176067658e-06,3.7354947022367403e-06
2019-04-17,3.357534949615407e-06,3.3658074635163137e-06
2019-04-18,5.051206461381946e-06,5.0475717201996445e-06
2019-04-22,1.5510793240731729e-06,1.5185853111939351e-06
2019-04-23,2.155280654206731e-06,2.151082621139842e-06
2019-04-24,3.48637656785551e-06,3.450978885626947e-06
2019-04-25,3.21709708354401e-06,3.2004656339806573e-06
2019-04-26,2.8290087077839776e-06,2.817407309423248e-06
2019-04-29,3.828223824369798e-06,3.839497364357939e-06
2019-04-30,1.703698796954008e-06,1.6861346103967333e-06
2019-05-01,2.085788311106328e-06,2.1243531780730504e-06
2019-05-02,2.147107646864951e-06,2.156845440165055e-06
2019-05-03,4.181125928352941e-06,4.1354521884422285e-06
2019-05-06,4.531058808198696e-06,4.472413821079818e-06
2019-05-07,2.3546702894532683e-06,2.3659716002095197e-06
2019-05-08,4.26384661734738e-06,4.2671917003018965e-06
2019-05-09,2.8411933824888514e-06,2.8793193908597795e-06
2019-05-10,2.211380144953144e-06,2.2191433644140558e-06
2019-05-13,1.3832707850208092e-06,1.3852895247523334e-06
2019-05-14,1.6823448630391492e-06,1.7182619916032982e-06
2019-05-15,3.1477620037035948e-06,3.155017267877351e-06
2019-05-16,8.231425784808008e-06,8.239918147259327e-06
2019-05-17,2.183396485938327e-06,2.2040259157914368e-06
2019-05-20,3.7447402206762738e-06,3.7438753224676934e-06
2019-05-21,2.140068412811833e-06,2.1611844384447277e-06
2019-05-22,1.3750744417641306e-06,1.371712838011712e-06
2019-05-23,3.116504437219039e-06,3.143911637564138e-06
2019-05-24,2.252003739680439e-06,2.2524136661222e-06
2019-05-28,2.9272820014426308e-06,2.9269267162700093e-06
2019-05-29,3.2860161915229094e-06,3.32397594134043e-06
2019-05-30,3.373610031800865e-06,3.3747426641957606e-06
2019-05-31,4.635328964629533e-06,4.6576229490546965e-06
2019-06-03,7.273812581820291e-06,7.3285357012146085e-06
2019-06-04,1.1140168438477655e-05,1.1191940593700172e-05
2019-06-05,1.1070856247289931e-05,1.1126608413885629e-05
2019-06-06,4.051292394951724e-06,4.079335334196466e-06
2019-06-07,3.6445184683475097e-06,3.6772995233215807e-06
2019-06-10,2.926004630873787e-06,2.9636338804911376e-06
2019-06-11,4.177098717721316e-06,4.164855643432019e-06
2019-06-12,4.054929180057197e-06,4.039581289772619e-06
2019-06-13,4.732459075011925e-06,4.722952824978361e-06
2019-06-14,7.327687206095357e-06,7.4012922099558875e-06
2019-06-17,8.13715687866993e-06,8.164955319315222e-06
2019-06-18,9.694448504507214e-06,9.681578174318403e-06
2019-06-19,4.660121566344273e-06,4.635561537903414e-06
2019-06-20,1.5094326163725592e-05,1.50741637221381e-05
2019-06-21,3.4192842374662185e-05,3.418652015274941e-05
2019-06-24,8.922996917387255e-06,8.957266166486825e-06
2019-06-25,1.769852477796998e-05,1.7710577433558734e-05
2019-06-26,1.6214362258086617e-05,1.62638642486289e-05
2019-06-27,7.449998151824207e-06,7.50281519661392e-06
2019-06-28,4.379407742475678e-06,4.413795682642765e-06
2019-07-01,8.172287277424162e-06,8.173207461301267e-06
2019-07-02,6.610702808772798e-06,6.566997256592941e-06
2019-07-03,8.829886822173814e-06,8.824256436376423e-06
2019-07-05,4.2841365483726574e-06,4.246285128635724e-06
2019-07-08,4.541529103682208e-06,4.582158178350875e-06
2019-07-09,9.697977129635514e-06,9.723141351353018e-06
2019-07-10,3.729477004262021e-06,3.738755515735396e-06
2019-07-11,4.655161654166808e-06,4.714821206375058e-06
2019-07-12,6.800232831883467e-06,6.804296248805324e-06
2019-07-15,3.383155104548945e-06,3.398844735570352e-06
2019-07-16,3.4044249466370065e-06,3.429287016147777e-06
2019-07-17,3.7240149161801713e-06,3.75881031078057e-06
2019-07-18,7.92018603173074e-06,7.884005558254944e-06
2019-07-19,6.865574828903706e-06,6.887037973160729e-06
2019-07-22,3.8431572812327564e-06,3.818733676609611e-06
2019-07-23,3.206618954817318e-06,3.231728583142607e-06
2019-07-24,4.099035188274389e-06,4.082140925591944e-06
2019-07-25,3.425918892958313e-06,3.4119337322817514e-06
2019-07-26,3.546000559898122e-06,3.5797772891837148e-06
2019-07-29,3.936544709889708e-06,3.9340395132921514e-06
2019-07-30,4.304789265167172e-06,4.325239888125673e-06
2019-07-31,1.4806983834730876e-06,1.4865065892837304e-06
2019-08-01,5.475606486303149e-06,5.470525463356233e-06
2019-08-02,1.4185154008287552e-05,1.4220880571421077e-05
2019-08-05,1.4306367382115872e-05,1.4219852160706188e-05
2019-08-06,8.084104331447379e-06,8.041293210301494e-06
2019-08-07,1.6729336807785243e-05,1.67778073750118e-05
2019-08-08,6.683489214569107e-06,6.639890523025203e-06
2019-08-09,4.368554761802308e-06,4.378692648856085e-06
2019-08-12,3.0491820523821417e-05,3.0550146754460225e-05
2019-08-13,1.319024248612724e-05,1.321400743629044e-05
2019-08-14,1.429285044386497e-05,1.4366981567876852e-05
2019-08-15,2.4208554255810853e-05,2.4310036539715036e-05
2019-08-16,1.4336719392341571e-05,1.4335813731513784e-05
2019-08-19,1.5793805383264616e-05,1.5789432739873175e-05
2019-08-20,7.077018231466763e-06,7.125167560652223e-06
2019-08-21,5.42725942416765e-06,5.462722333050815e-06
2019-08-22,4.038947886289275e-06,4.044538357829731e-06
2019-08-23,3.639154673501729e-06,3.6883064330290234e-06
2019-08-26,4.909650941175432e-05,4.8829159492643115e-05
2019-08-27,5.2713050224170575e-06,5.25576353876616e-06
2019-08-28,1.245843788465272e-05,1.2404831770513329e-05
2019-08-29,2.022051316391456e-05,2.0173485025500037e-05
2019-08-30,7.35800432456561e-06,7.357433909775306e-06
2019-09-03,6.75618146512629e-06,6.727948767368469e-06
2019-09-04,5.82411873053623e-06,5.872386795391857e-06
2019-09-05,1.3023545637393768e-05,1.299704374218618e-05
2019-09-06,2.080288129876769e-05,2.0938903382145052e-05
2019-09-09,7.0839111543494e-06,7.037521990359056e-06
2019-09-10,9.640964952940542e-06,9.642727781500362e-06
2019-09-11,7.225899729876153e-06,7.2242039489696525e-06
2019-09-12,6.142040902935129e-06,6.14633630378514e-06
2019-09-13,1.0652980405349704e-05,1.0682599848762996e-05
2019-09-16,1.14243515957775e-05,1.1463637226371786e-05
2019-09-17,6.309005127059109e-06,6.259216820946454e-06
2019-09-18,1.8014702771354244e-06,1.7851306467453484e-06
2019-09-19,6.07377551476904e-06,6.098602460285005e-06
2019-09-20,4.756938415825268e-06,4.75020535031259e-06
2019-09-23,1.0374441954168863e-05,1.0320087446527683e-05
2019-09-24,6.165735851876399e-06,6.222524490142504e-06
2019-09-25,5.170114673171872e-06,5.1797560437971044e-06
2019-09-26,7.694917935569811e-06,7.670345394332082e-06
2019-09-27,8.229115263098106e-06,8.250295498805832e-06
2019-09-30,1.2172300439871611e-05,1.2141280508010557e-05
2019-10-01,1.3996064426576236e-05,1.4048455049135032e-05
2019-10-02,1.17812211515349e-05,1.1765530508997671e-05
2019-10-03,1.1233252261612196e-05,1.1253193098655193e-05
2019-10-04,2.5211940895074567e-06,2.5181498360061465e-06
2019-10-07,1.2438800652174033e-05,1.2416247279100675e-05
2019-10-08,8.312929653708474e-06,8.363480706481617e-06
2019-10-09,1.4604275168711204e-05,1.4639309571444708e-05
2019-10-10,7.681637869306904e-06,7.659991987667167e-06
2019-10-11,1.4703705702575024e-05,1.463744855245316e-05
2019-10-14,9.03855915865378e-06,9.057435692928553e-06
2019-10-15,7.448429970718275e-06,7.468090414334291e-06
2019-10-16,9.494366828695404e-06,9.51966976952655e-06
2019-10-17,1.2537556211153936e-05,1.2548824935428589e-05
2019-10-18,7.327838171808933e-06,7.388804278024978e-06
2019-10-21,5.46952596680308e-06,5.468733469830759e-06
2019-10-22,3.4201071531234683e-06,3.462135637225489e-06
2019-10-23,4.5071362328236e-06,4.492938566836944e-06
2019-10-24,6.958542541185327e-06,6.944983193453885e-06
2019-10-25,3.956254374467605e-06,3.981144107175128e-06
2019-10-28,3.850049952692444e-06,3.896570890843775e-06
2019-10-29,1.7488007834306974e-05,1.7499465607794622e-05
2019-10-30,3.630959088720657e-06,3.630959081350542e-06
2019-10-31,6.505439908682606e-06,6.506012118837549e-06
2019-11-01,4.722647217808552e-06,4.712645329597373e-06
2019-11-04,6.838288404902282e-06,6.891083597086158e-06
2019-11-05,4.461604355827642e-06,4.4903406787652566e-06
2019-11-06,4.797287482672174e-06,4.816694167040764e-06
2019-11-07,6.489718343541889e-06,6.44596408422046e-06
2019-11-08,9.66268513980211e-06,9.696401902102171e-06
2019-11-11,5.4261117640961504e-06,5.526459808043593e-06
2019-11-12,1.0313174478894262e-05,1.0308956941474416e-05
2019-11-13,8.294301195779362e-06,8.316690440116316e-06
2019-11-14,5.341620197064555e-06,5.343011818501517e-06
2019-11-15,5.860613632044762e-06,5.852832753053848e-06
2019-11-18,5.142178216164798e-06,5.1620226695651055e-06
2019-11-19,3.898585053353444e-06,3.872087891456822e-06
2019-11-20,4.021970274978932e-06,4.0266827259881154e-06
2019-11-21,4.595920938256579e-06,4.615218771393487e-06
2019-11-22,9.211314370856275e-06,9.205070465119575e-06
2019-11-25,3.5378932735001697e-06,3.4819397370128293e-06
2019-11-26,4.406411504965462e-06,4.435642779416209e-06
2019-11-27,2.6413667795643816e-06,2.6140573646614277e-06
2019-12-03,9.52519066974146e-06,9.512681945405064e-06
2019-12-04,1.659340485217565e-05,1.6564978074366302e-05
2019-12-05,3.829371773812401e-06,3.8476210529406385e-06
2019-12-06,2.2149461409459662e-06,2.218002492863764e-06
2019-12-09,2.284898103998484e-06,2.2588306501643954e-06
2019-12-10,2.5297454474937693e-06,2.5561384958491683e-06
2019-12-11,5.000338321481143e-06,4.955317776966575e-06
2019-12-12,2.3688690009724392e-06,2.3722861068195932e-06
2019-12-13,7.989730075611232e-06,8.088293917759964e-06
2019-12-16,3.252692639639162e-06,3.277367836749355e-06
2019-12-17,2.2734982752129586e-06,2.3013783270218153e-06
2019-12-18,2.255042220987759e-06,2.245921463971775e-06
2019-12-19,2.289143261384009e-06,2.2911093893255737e-06
2019-12-20,1.0722133842957743e-06,1.087915459920065e-06
2019-12-23,2.0651289232665853e-06,2.064009585386022e-06
2019-12-26,1.8160271064695903e-06,1.8318341852091458e-06
2019-12-27,3.596230271173992e-06,3.612419452022985e-06
2019-12-30,1.747827818874517e-06,1.7206949388252275e-06
2019-12-31,1.1298754547543763e-06,1.1423479819309628e-06
2020-01-02,2.392887589677203e-06,2.399370310476766e-06
2020-01-03,8.083230920906968e-06,8.098565276500382e-06
2020-01-06,9.30919568813998e-06,9.354693567643593e-06
2020-01-07,1.1031788635785595e-05,1.1061023849045885e-05
2020-01-08,2.0401585900970843e-05,2.0379276627859466e-05
2020-01-09,8.173460909434149e-06,8.185662106465837e-06
2020-01-10,3.5111029475330467e-06,3.5248266831575875e-06
2020-01-14,6.5715871186144495e-06,6.563515048172103e-06
2020-01-15,2.1645553910360693e-06,2.148300466712106e-06
2020-01-16,2.411011418404444e-06,2.4133047658121933e-06
2020-01-17,2.234104215776623e-06,2.2361174863348653e-06
2020-01-21,9.686889826124327e-06,9.743672783323721e-06
2020-01-22,4.1957054553902665e-06,4.191562535556594e-06
2020-01-23,3.011745070016545e-06,2.9885357428165077e-06
2020-01-24,4.165356487150505e-06,4.161597673350446e-06
2020-01-27,7.928658495853566e-06,7.925645849392107e-06
2020-01-28,6.827735860743131e-06,6.880016148872525e-06
2020-01-29,5.61439837693626e-06,5.649062936924517e-06
2020-01-30,5.032394697043374e-06,5.032864799353452e-06
2020-01-31,5.447500564064814e-06,5.46278829343871e-06
2020-02-03,8.980199263708463e-06,8.975080662481709e-06
2020-02-04,7.477618150237523e-06,7.482080078394196e-06
2020-02-05,2.5488939807632934e-05,2.549806072993778e-05
2020-02-06,7.04341776366752e-06,7.047889604784375e-06
2020-02-07,5.59879792068701e-06,5.598353055006076e-06
2020-02-10,4.057561297544821e-06,4.074667364138874e-06
2020-02-11,4.8137794408282e-06,4.770812155891353e-06
2020-02-12,6.480162498307754e-06,6.4500583303536216e-06
2020-02-13,3.665305750985991e-06,3.654697785520575e-06
2020-02-14,1.2630437350624045e-06,1.2691983252185582e-06
2020-02-18,3.150607675160729e-06,3.1744836338483497e-06
2020-02-19,4.043614722466703e-06,4.067872722608903e-06
2020-02-20,8.269630921841266e-06,8.22874807397539e-06
2020-02-21,7.793391470667977e-06,7.76379964485924e-06
2020-02-24,4.36826183124781e-05,4.37570259398659e-05
2020-02-25,3.670974979712149e-05,3.667187532452232e-05
2020-02-26,2.3492814374473877e-05,2.3524994193609227e-05
2020-02-27,1.6947790226584522e-05,1.695562417882477e-05
2020-02-28,9.31598482325464e-05,9.317570992848208e-05
2020-03-02,3.215974408603473e-05,3.228449805099146e-05
2020-03-03,1.4514636282354406e-05,1.4488025241412102e-05
2020-03-04,1.768129327539269e-05,1.7657821064930052e-05
2020-03-05,1.1463350877757528e-05,1.149716536201956e-05
2020-03-06,3.745993379535184e-05,3.744162342128957e-05
2020-03-09,7.309497164147258e-05,7.308148965517658e-05
2020-03-10,4.1198755338592e-05,4.135307854858871e-05
2020-03-11,1.761228915767135e-05,1.763125050069835e-05
2020-03-12,2.969573968721258e-05,2.970254640735244e-05
2020-03-13,5.481546475198054e-05,5.483757990820069e-05
2020-03-16,0.0004596729846735,0.00045967408308060243
2020-03-17,0.000120206517905,0.00012032048031553359
2020-03-18,0.0003286013864718,0.0003282397093301938
2020-03-19,0.0001154373805498,0.00011553225194190181
2020-03-20,8.316087076115406e-05,8.304073082415388e-05
2020-03-23,2.7940135517704263e-05,2.7899697148045372e-05
2020-05-05,3.8348991666825296e-05,3.844723039720032e-05
2020-05-07,1.141611369553138e-05,1.1496954283269947e-05
2020-05-11,1.98479289439103e-05,1.9879425218304964e-05
2020-05-12,9.08148485739182e-06,9.070695596053725e-06
2020-05-13,6.330528958613554e-06,6.3262523101324115e-06
2020-05-14,1.3250071877382923e-05,1.333247755790805e-05
2020-05-15,1.4387360254404062e-05,1.4425758614514589e-05
2020-05-18,1.11191427378585e-05,1.1220393121180089e-05
2020-05-19,1.4620188060214523e-05,1.4680922266277953e-05
2020-05-20,1.356976670073764e-05,1.360590549105976e-05
2020-05-21,8.31748595892281e-06,8.227428242883203e-06
2020-05-22,7.158086029386704e-06,7.135127645950738e-06
2020-05-29,1.0451697217577713e-05,1.04787864121257e-05
2020-06-09,1.852544392487771e-05,1.8610495105485482e-05
2020-06-11,1.4307875877566665e-05,1.4319177296455704e-05
2020-06-12,8.191545682858727e-06,8.197575842894454e-06
2020-06-16,1.604642149859549e-05,1.625706381760478e-05
2020-06-17,1.8981667115644857e-05,1.9038453621865185e-05
2020-06-18,2.00051349013492e-05,1.9988561751646623e-05
2020-06-19,5.949529398308205e-06,5.9453553712329034e-06
2020-06-22,2.1457384649829462e-05,2.152708453983659e-05
2020-06-23,9.402309046016128e-06,9.381367241007224e-06
2020-06-24,8.319404729112708e-06,8.302158814341541e-06
2020-06-25,1.6311891663359756e-05,1.639687731777858e-05
2020-06-26,5.378621083775369e-06,5.402780838758653e-06
2020-06-29,6.918876499702996e-06,6.940492247205302e-06
2020-06-30,4.850964446531692e-06,4.84853254714372e-06
2020-07-02,5.851597790165403e-06,5.903709092984715e-06
2020-07-08,1.0352687667308224e-05,1.0357255289096877e-05
2020-07-10,7.054978558335532e-06,7.058296127472865e-06
2020-07-13,6.273142817130842e-06,6.268184603514703e-06
2020-07-14,1.883467385516065e-05,1.8835411062684486e-05
2020-07-15,7.74352821631828e-06,7.738029573349247e-06
2020-07-16,5.58543711495651e-06,5.557939151138495e-06
2020-07-17,3.451270909119248e-06,3.4517848528099954e-06
2020-07-20,4.224663594330788e-06,4.191131213139962e-06
2020-07-21,5.904974521328666e-06,5.932798519954058e-06
2020-07-22,3.365661419742577e-05,3.365685353674283e-05
2020-07-23,2.21302106697713e-05,2.211885707452219e-05
2020-07-24,1.933684907765197e-05,1.9319553860618416e-05
2020-07-27,2.1447272659472392e-05,2.1419598568158793e-05
2020-07-31,1.3048878428138129e-05,1.2969502053402307e-05
2020-08-04,5.735958158676648e-06,5.770391123554215e-06
2020-08-05,3.067306252942124e-05,3.076922068196404e-05
2020-08-21,3.84626358622211e-05,3.854049966700935e-05
2020-08-24,2.5925467211008874e-05,2.5939741468895807e-05
2020-08-25,2.531983863784452e-05,2.536249684792039e-05
2020-08-27,1.8621403765773183e-05,1.863404956897142e-05
2020-08-28,4.056364115472477e-05,4.047683142407747e-05
2020-08-31,1.6704039134295503e-05,1.6728215165348303e-05
2020-09-01,2.263858033255429e-05,2.26620535147588e-05
2020-09-02,2.044455900990909e-05,2.0461361811450984e-05
2020-09-03,2.407221777449904e-05,2.4108853156717457e-05
2020-09-04,1.216828528305091e-05,1.2129679536907212e-05
2020-09-08,3.639306548870723e-05,3.642448769538626e-05
2020-09-09,1.5096005359166005e-05,1.5095213749381276e-05
2020-09-10,7.790956036360829e-06,7.770370792187158e-06
2020-09-11,8.82903725238554e-06,8.833598076666195e-06
2020-09-14,7.523428388701184e-06,7.579997294369255e-06
2020-09-15,9.406075673980363e-06,9.363707280113515e-06
2020-09-16,9.340977117623496e-06,9.328558183770131e-06
2020-09-17,1.0134228182199316e-05,1.0122364890754467e-05
2020-09-18,3.8020350830094047e-06,3.799311745770187e-06
2020-09-21,2.6212127215214368e-05,2.6267020793792674e-05
2020-09-22,3.3728008457072593e-05,3.368730854530424e-05
2020-09-23,4.219127896821716e-05,4.2171804012360155e-05
2020-09-24,3.3561200189737535e-05,3.3500551267995785e-05
2020-09-25,3.170178684196649e-05,3.163605306772755e-05
2020-09-28,2.4725865526684017e-05,2.471209980199122e-05
2020-09-29,1.573168397904042e-05,1.574851565983578e-05
2020-09-30,1.3782477098356085e-05,1.3792586607342536e-05
2020-10-01,8.659150455490089e-06,8.574735420440965e-06
2020-10-02,2.160428226269628e-05,2.1575233805531196e-05
2020-10-05,1.0062266226777683e-05,1.0087587731864836e-05
2020-10-06,7.269658141589887e-06,7.248401202093917e-06
2020-10-07,1.3387464910870212e-05,1.3390167685657767e-05
2020-10-08,5.552398034520498e-06,5.5260601640701295e-06
2020-10-09,9.900298783524916e-06,9.932131156784625e-06
2020-10-12,9.890936024568476e-06,9.85232730277766e-06
2020-10-13,8.716190454898542e-06,8.687227348901366e-06
2020-10-14,1.0208816064513904e-05,1.0219230528614747e-05
2020-10-15,2.296090374723391e-05,2.297645921958972e-05
2020-10-16,6.553232131830861e-06,6.5586452328151785e-06
2020-10-19,5.813662681458605e-06,5.824842262839919e-06
2020-10-20,7.362056543529124e-06,7.331599428758304e-06
2020-10-21,7.763173103635794e-06,7.747706995098393e-06
2020-10-22,5.941434417872258e-06,5.997334212110268e-06
2020-10-23,4.643088120900608e-06,4.663605894487787e-06
2020-10-26,9.937588401054568e-06,9.970167682153239e-06
2020-10-27,7.243665375642264e-06,7.263052077874364e-06
2020-10-28,1.0412364674860125e-05,1.040246039551528e-05
2020-10-29,1.1263496634888254e-05,1.1278663415144523e-05
2020-10-30,1.4210109391537752e-05,1.4259540964531398e-05
2020-11-02,9.467068034828675e-06,9.456163587526198e-06
2020-11-03,9.345326720232484e-06,9.357771001386775e-06
2020-11-04,2.268407715999408e-05,2.2692113999302808e-05
2020-11-05,1.274155548184006e-05,1.2719724316095447e-05
2020-11-06,1.567833829638516e-05,1.5734716470287896e-05
2020-11-09,5.60616189545664e-05,5.610411305887752e-05
2020-11-10,4.318811086338145e-05,4.313510102705646e-05
2020-11-11,1.4919588073599798e-05,1.4906621937779612e-05
2020-11-12,1.2262416837505124e-05,1.2254425153719752e-05
2020-11-13,8.041420636503554e-06,8.02027243888891e-06
2020-11-16,0.0001099348069855,0.00010991897583736148
2020-11-17,9.947915894491828e-06,9.943172273133187e-06
2020-11-18,1.5168981475337708e-05,1.515855606438295e-05
2020-11-19,2.323840652121396e-05,2.3234647737082373e-05
2020-11-20,1.0736408856357302e-05,1.0757950340808918e-05
2020-11-23,1.248817603736996e-05,1.2460032364917908e-05
2020-11-24,3.283994310593085e-05,3.291966704226085e-05
2020-11-25,1.6206355971543207e-05,1.616309309033359e-05
2020-12-01,1.7671751868379125e-05,1.7656017877226638e-05
2020-12-02,2.454563097985306e-05,2.4573059483529498e-05
2020-12-03,1.0570812420312178e-05,1.0558698142009836e-05
2020-12-04,1.3725428966093083e-05,1.3750953701290126e-05
2020-12-07,3.216197339657379e-05,3.21411643355945e-05
2020-12-08,1.0557341424003043e-05,1.0533999566796388e-05
2020-12-09,1.9079005422865907e-05,1.909318085461174e-05
2020-12-10,2.011832282696839e-05,2.0153413896490647e-05
2020-12-11,2.082938015607906e-05,2.0882768375030565e-05
2020-12-14,3.12942462525314e-05,3.129449262081109e-05
2020-12-15,9.715138041028187e-06,9.699824236660813e-06
2020-12-16,1.3550329753295611e-05,1.3530116340456697e-05
2020-12-17,1.8015978211703317e-05,1.8017531502953862e-05
2020-12-18,8.975228294085497e-06,8.964465970181254e-06
2020-12-21,0.0001197969215615,0.00011977004020443135
2020-12-22,9.471656478843814e-06,9.478727116816811e-06
2020-12-23,6.3700721057039565e-06,6.396125717564526e-06
2020-12-29,1.469291749414346e-05,1.4705609630978248e-05
2020-12-30,5.495697362555296e-06,5.509412176881926e-06
2020-12-31,7.113726226083725e-06,7.111158263999833e-06
2021-01-04,1.873896955506327e-05,1.8811653594787917e-05
2021-01-05,1.1120473553607066e-05,1.1182248498016986e-05
2021-01-06,1.5767500600319186e-05,1.576442259419624e-05
2021-01-07,3.191375390152381e-05,3.1927393306922113e-05
2021-01-08,7.232031566391417e-05,7.254399416411139e-05
2021-01-11,3.049402504532845e-05,3.057630438458341e-05
2021-01-12,1.5289566724028666e-05,1.525648121241016e-05
2021-01-13,2.1739398416710867e-05,2.1766859450304146e-05
2021-01-14,9.995395711723832e-06,9.996011751418622e-06
2021-01-15,8.86867021095144e-06,8.894108696895257e-06
2021-01-19,1.2218935786814854e-05,1.2352291980521204e-05
2021-01-20,7.356253633173973e-06,7.3641568568973034e-06
2021-01-21,1.3560581657633282e-05,1.3491953606901272e-05
2021-01-22,2.0068482218869197e-05,2.007703399201087e-05
2021-01-25,1.1086090598216051e-05,1.1095257674337775e-05
2021-01-26,9.538525270997375e-06,9.596808089075395e-06
2021-01-27,2.2669425883427183e-05,2.2698902244438068e-05
2021-01-28,1.3110866584657116e-05,1.30923603289871e-05
2021-01-29,2.736726589211623e-05,2.736664219951426e-05
2021-02-01,4.327065577283432e-05,4.325942537670093e-05
2021-02-02,2.239951909149225e-05,2.2448240106471607e-05
2021-02-03,8.929417572970017e-06,8.958024392833171e-06
2021-02-04,2.6543932154453405e-05,2.6554251230993393e-05
2021-02-05,2.9314551918914275e-05,2.9305243596541228e-05
2021-02-08,1.5152116782879472e-05,1.5125758618098189e-05
2021-02-09,1.2552514162508843e-05,1.2611229697183198e-05
2021-02-10,1.0666259916776996e-05,1.0687747497119523e-05
2021-02-11,7.052930116637238e-06,7.067758740280433e-06
2021-02-12,1.204129496901634e-05,1.205421730195257e-05
2021-02-16,9.8900009908729e-06,9.875229671980157e-06
2021-02-17,2.421663873171245e-05,2.43526088094032e-05
2021-02-18,1.824601131864377e-05,1.830497039492172e-05
2021-02-19,1.0793215771640938e-05,1.0734964328065825e-05
2021-02-22,1.2364804414445994e-05,1.23937710372404e-05
2021-02-23,1.763205226561862e-05,1.7618613578138225e-05
2021-02-24,1.4803946482914449e-05,1.4854969855815316e-05
2021-02-25,3.09219436216144e-05,3.097426862422791e-05
2021-02-26,2.4703182255196995e-05,2.4678789396530436e-05
2021-03-01,1.5971953667683428e-05,1.5962857063152647e-05
2021-03-02,3.0184631759164853e-05,3.0182604338537384e-05
2021-03-03,1.4580357245095723e-05,1.4628787873047713e-05
2021-03-04,2.710406812680284e-05,2.7120003688412183e-05
2021-03-05,1.8371521390398545e-05,1.8438702460909674e-05
2021-03-08,2.230457193807351e-05,2.234164385499853e-05
2021-03-09,2.0480437623385515e-05,2.0559498979601874e-05
2021-03-10,1.7072628780815608e-05,1.7001938635102967e-05
2021-03-11,1.2169238434601805e-05,1.2149112384229191e-05
2021-03-12,1.711389350491785e-05,1.723821975351842e-05
2021-03-15,1.075605026834622e-05,1.078723207117564e-05
2021-03-16,8.807912264660066e-06,8.816732143514883e-06
2021-03-17,8.945411945330649e-06,8.909442926875243e-06
2021-03-18,1.782254168468842e-05,1.783339372438136e-05
2021-03-19,1.654843251813263e-05,1.6594268493959363e-05
2021-03-22,9.745707638973224e-06,9.747890473526135e-06
2021-03-23,1.0438661292670348e-05,1.0439005722655725e-05
2021-03-24,5.924436302596851e-06,5.910250713650903e-06
2021-03-25,5.16316947368049e-06,5.1776488584883714e-06
2021-03-26,1.1796299451838668e-05,1.183937352656683e-05
2021-03-29,6.464672342309e-06,6.417665261890288e-06
2021-03-30,1.49886523673735e-05,1.50265244275782e-05
2021-03-31,9.931610283228028e-06,9.895417795544549e-06
2021-04-01,1.0356928978161571e-05,1.0358865982626362e-05
2021-04-05,9.848409670445087e-06,9.858092115756513e-06
2021-04-06,7.521992259947259e-06,7.473303499217392e-06
2021-04-07,8.447969693692699e-06,8.446098788938505e-06
2021-04-08,7.76050607309592e-06,7.75608393900746e-06
2021-04-09,7.082474511022956e-06,7.096487510362523e-06
2021-04-12,7.103405388880591e-06,7.0983723235575655e-06
2021-04-13,7.901141501676854e-06,7.90198485485372e-06
2021-04-14,6.08706385865163e-06,6.059722721100997e-06
2021-04-15,4.021735206553033e-06,4.034095696764689e-06
2021-04-16,1.4557737204324045e-05,1.4605601625989143e-05
2021-04-19,1.1614256805855946e-05,1.161428331751077e-05
2021-04-20,2.548514119364846e-05,2.5503131947981434e-05
2021-04-21,1.0248453168776615e-05,1.0189328395691506e-05
2021-04-22,7.662395543451439e-06,7.651856908817802e-06
2021-04-23,7.16871955007478e-06,7.170131732908803e-06
2021-04-26,9.23942835429041e-06,9.177547429912618e-06
2021-04-27,6.871775859047995e-06,6.939689784213411e-06
2021-04-28,8.88459895401609e-06,8.955310976677116e-06
2021-04-29,9.717454763928812e-06,9.699053304697675e-06
2021-04-30,6.913319373271135e-06,6.937047779764142e-06
2021-05-03,9.619773108558848e-06,9.61753178781045e-06
2021-05-05,6.0640444592331055e-06,6.072580598628287e-06
2021-05-06,7.105099229127561e-06,7.128986262763144e-06
2021-05-07,6.449896236483337e-06,6.491607216930338e-06
2021-05-10,5.780325731222572e-06,5.74977106463574e-06
2021-05-11,7.488257248317603e-06,7.467202805140785e-06
2021-05-12,4.908095494589949e-06,4.904819474743507e-06
2021-05-13,1.1396975196059558e-05,1.1430612874234748e-05
2021-05-14,6.160788401636966e-06,6.147755883104567e-06
2021-05-17,4.62499244668797e-06,4.615506897347256e-06
2021-05-18,3.926100676771162e-06,3.906719615840027e-06
2021-05-19,1.7751891618964763e-05,1.77364342007272e-05
2021-05-20,1.2749456839845424e-05,1.2794024132538192e-05
2021-05-21,5.3424891088303845e-06,5.327813319095983e-06
2021-05-24,1.100404851796459e-05,1.1010493348293814e-05
2021-05-25,9.136828160527604e-06,9.079802517977628e-06
2021-05-26,9.176586781166044e-06,9.162178634055117e-06
2021-05-27,7.841487595417718e-06,7.8090331206129e-06
2021-05-28,4.755625500463832e-06,4.759322314225304e-06
2021-06-01,1.0373753717756878e-05,1.0394337913737523e-05
2021-06-02,5.980349637132118e-06,6.000463574470115e-06
2021-06-03,1.0724577624121903e-05,1.0714578162933927e-05
2021-06-04,7.002591709751078e-06,6.994553604099996e-06
2021-06-07,8.403930685693528e-06,8.421629313019532e-06
2021-06-08,6.684929391359204e-06,6.731473216217294e-06
2021-06-09,6.605401830365608e-06,6.603892496271915e-06
2021-06-10,7.14609283015134e-06,7.176303631135247e-06
2021-06-11,7.71877922021583e-06,7.744091536152748e-06
2021-06-14,8.845112888271865e-06,8.859661789707293e-06
2021-06-15,6.670093218273586e-06,6.697785974288145e-06
2021-06-16,5.085633838207165e-06,5.07003099306381e-06
2021-06-17,2.6179826872404004e-05,2.615220376612963e-05
2021-06-18,1.7100228446752708e-05,1.7073293862954682e-05
2021-06-21,2.362985765911233e-05,2.3586985041360858e-05
2021-06-22,1.2343543929748844e-05,1.2422719672504118e-05
2021-06-23,6.852400726291419e-06,6.838877369467227e-06
2021-06-24,9.991181799994722e-06,9.984848826350547e-06
2021-06-25,4.670417636698324e-06,4.698575992480929e-06
2021-06-28,1.1573869721272088e-05,1.1544833727582457e-05
2021-06-29,1.5605051107257783e-05,1.5612426707168476e-05
2021-06-30,8.941087646257336e-06,8.904687859136986e-06
2021-07-01,7.670705615059683e-06,7.677095117713545e-06
2021-07-02,1.1381591809395692e-05,1.1388620282960185e-05
2021-07-06,1.102372461588684e-05,1.1043222364536566e-05
2021-07-07,6.059833289747284e-06,6.060017805200751e-06
2021-07-08,3.47179940060701e-05,3.471163736933983e-05
2021-07-09,1.4654538720344436e-05,1.4690163901077301e-05
2021-07-12,6.754537968006725e-06,6.786735224368313e-06
2021-07-13,6.235437865495922e-06,6.223087015363585e-06
2021-07-14,5.4275994593644285e-06,5.438628678628535e-06
2021-07-15,1.0038981785056373e-05,1.0063450758116803e-05
2021-07-16,9.494366450107644e-06,9.486071137278951e-06
2021-07-19,9.063841958934704e-06,9.045515578096947e-06
2021-07-20,9.034466989072592e-06,9.038723304015946e-06
2021-07-21,8.924261745461884e-06,8.890303926176248e-06
2021-07-22,1.1914859697764793e-05,1.187030940451914e-05
2021-07-23,1.1332660742340893e-05,1.1269501447431745e-05
2021-07-26,7.787635748762965e-06,7.771287987862004e-06
2021-07-27,7.278860632329039e-06,7.267527944057828e-06
2021-07-28,6.226219484833534e-06,6.244772739977082e-06
2021-07-29,9.031776307925577e-06,9.003125040939208e-06
2021-07-30,3.3619506511771493e-06,3.3577631571293436e-06
2021-08-02,6.381593414450271e-06,6.362100967064316e-06
2021-08-03,4.246466563208925e-06,4.223697502312949e-06
2021-08-04,3.5141944537247018e-06,3.5053494673772347e-06
2021-08-05,7.347892011122923e-06,7.3518071907054816e-06
2021-08-06,5.535638277629867e-06,5.542790669064281e-06
2021-08-09,1.9443416703730424e-05,1.9439970491571537e-05
2021-08-10,1.574806729479378e-05,1.5808609905610972e-05
2021-08-11,6.304191800076666e-06,6.3413678873859676e-06
2021-08-12,6.6015217480547056e-06,6.611197818402153e-06
2021-08-13,5.962820691206088e-06,6.021610814132479e-06
2021-08-16,5.445395349044256e-06,5.411064807228439e-06
2021-08-17,4.924483520588237e-06,4.869494723293757e-06
2021-08-18,4.731989880054254e-06,4.73020990184085e-06
2021-08-19,1.876654666007896e-05,1.8802773608552663e-05
2021-08-20,6.587229121265519e-06,6.583703950504857e-06
2021-08-23,3.327987632651574e-06,3.321907096862946e-06
2021-08-24,4.471620298220326e-06,4.466663562209397e-06
2021-08-25,5.867280381648962e-06,5.887944411431805e-06
2021-08-26,5.430132409681242e-06,5.4112801565891866e-06
2021-08-27,6.428933833797625e-06,6.424157944457037e-06
2021-08-30,2.7147632635700088e-06,2.7081070666119957e-06
2021-08-31,5.694285293376578e-06,5.726860531523117e-06
2021-09-01,6.2604666858658055e-06,6.2537974899013615e-06
2021-09-02,2.9011787320763856e-06,2.8981050885458256e-06
2021-09-03,2.2037940987774885e-06,2.2291317164205834e-06
2021-09-07,8.688791993059838e-06,8.702548860416007e-06
2021-09-08,6.59619051151152e-06,6.571549003661911e-06
2021-09-09,2.840405242625198e-06,2.8139923975229924e-06
2021-09-10,6.834453308468817e-06,6.803452177033347e-06
2021-09-13,3.6539001911584462e-06,3.6681546339699065e-06
2021-09-14,5.317653040864579e-06,5.316742802618623e-06
2021-09-15,4.6132216543466695e-06,4.6081320328401645e-06
2021-09-16,8.96351326889385e-06,8.970341886604178e-06
2021-09-17,8.838118886369938e-06,8.848572188286673e-06
2021-09-20,7.783101615279064e-06,7.809239909862376e-06
2021-09-21,7.59668403405393e-06,7.57832362971969e-06
2021-09-22,5.41083421336935e-06,5.44688027240208e-06
2021-09-23,2.380151402209089e-05,2.3793033049267567e-05
2021-09-24,5.998358721885865e-06,6.00594073148694e-06
2021-09-27,9.463193920906443e-06,9.459828701584504e-06
2021-09-28,2.393350010315549e-05,2.4127736327159735e-05
2021-09-29,1.0521928036695065e-05,1.0538422980400439e-05
2021-09-30,1.1022746709088673e-05,1.0981797110793814e-05
2021-10-01,1.0061072024748711e-05,1.00862072677803e-05
2021-10-04,8.283166897508253e-06,8.30188395070717e-06
2021-10-05,8.08669334344652e-06,8.135130781889454e-06
2021-10-06,1.1698019422977507e-05,1.1646923225349665e-05
2021-10-07,8.706692492910518e-06,8.714542292357507e-06
2021-10-08,5.7809673199905e-06,5.807810656073168e-06
2021-10-11,6.209717606792981e-06,6.240865361718285e-06
2021-10-12,8.811222500520037e-06,8.840874923115614e-06
2021-10-13,6.245139155005309e-06,6.225189676885149e-06
2021-10-14,1.0061398656411262e-05,1.0037661572340786e-05
2021-10-15,9.207632675022743e-06,9.210365836918581e-06
2021-10-18,1.2426791371750245e-05,1.2442080496598333e-05
2021-10-19,9.459351424401102e-06,9.493843928929119e-06
2021-10-20,4.420518540713075e-06,4.425426859125078e-06
2021-10-21,6.135940074694611e-06,6.083475219019089e-06
2021-10-22,7.157123140859695e-06,7.181398886602794e-06
2021-10-25,8.972223095356762e-06,8.956959849088402e-06
2021-10-26,6.093103871323942e-06,6.0543203416554745e-06
2021-10-27,1.1033393192119593e-05,1.0955858232571312e-05
2021-10-28,5.600218486974973e-06,5.589467003044006e-06
2021-10-29,8.43642551552614e-06,8.461394549876004e-06
2021-11-01,6.994213890503236e-06,6.891906171561544e-06
2021-11-02,8.016147715081489e-06,8.062647440844355e-06
2021-11-03,4.831461149892938e-06,4.826696469434478e-06
2021-11-04,1.0255266433254244e-05,1.0223382004618876e-05
2021-11-05,9.4590536858397e-06,9.467107694463262e-06
2021-11-08,8.172336901488541e-06,8.207603889352183e-06
2021-11-09,9.6280244665861e-06,9.654265509976944e-06
2021-11-10,4.584207188011441e-06,4.555867340109986e-06
2021-11-11,7.19440326107803e-06,7.1818748190060114e-06
2021-11-12,1.6574098363562983e-05,1.6554392987981523e-05
2021-11-15,5.587174411817873e-06,5.595554396109735e-06
2021-11-16,1.2702560954647992e-05,1.2667922426052991e-05
2021-11-17,3.8691037442385016e-06,3.861359905837099e-06
2021-11-18,5.228277623844381e-06,5.203281829164549e-06
2021-11-19,2.883388531945065e-05,2.8813725116752152e-05
2021-11-22,9.33033340302471e-06,9.309489124587772e-06
2021-11-23,2.301660017923117e-05,2.300042195657059e-05
2021-11-24,1.3187401479519444e-05,1.3229485454691337e-05
2021-11-30,8.612225214125394e-06,8.645047598840906e-06
2021-12-01,1.4083496361411233e-05,1.4032460745318058e-05
2021-12-02,1.348691225585404e-05,1.3484984604609817e-05
2021-12-03,9.46388241591054e-06,9.515879597593324e-06
2021-12-06,8.153240203933212e-06,8.18014159864616e-06
2021-12-07,5.533075652736614e-06,5.542067621581011e-06
2021-12-08,7.022145262210994e-06,7.046100524661446e-06
2021-12-09,4.4568669889539e-06,4.461098085909737e-06
2021-12-10,3.9611360885746844e-06,3.9614633973515595e-06
2021-12-13,4.890763562185361e-06,4.901701773965227e-06
2021-12-14,5.123411584722764e-06,5.167416155257294e-06
2021-12-15,2.739819530365188e-06,2.7567345123886827e-06
2021-12-16,5.472835556210478e-06,5.498448817579717e-06
2021-12-17,5.375905224403857e-06,5.37461467252703e-06
2021-12-20,5.832442927057571e-06,5.8263897735374076e-06
2021-12-21,3.5290249388338447e-06,3.5464417623119086e-06
2021-12-22,4.063071192643251e-06,4.0939777675055775e-06
2021-12-23,2.8273551249774435e-06,2.8051846372407614e-06
2021-12-27,2.43787853727183e-06,2.446474694236102e-06
2021-12-28,2.684638623896621e-06,2.6753317814216556e-06
2021-12-29,5.296561652604772e-06,5.316536171510726e-06
2021-12-30,2.5637483856997256e-06,2.589713230547841e-06
2021-12-31,2.9116920173675544e-06,2.9258242805338654e-06
2022-01-03,3.283235300441498e-06,3.2978406093350602e-06
2022-01-04,6.949273081740949e-06,6.935625452188771e-06
2022-01-05,5.576081461210436e-06,5.591060672930463e-06
2022-01-06,2.2455638398069577e-05,2.2460571431057117e-05
2022-01-07,5.647974198531655e-06,5.623995534751353e-06
2022-01-10,7.386972401113006e-06,7.368888711741552e-06
2022-01-11,3.6401561376042393e-06,3.646548318596437e-06
2022-01-12,3.065768169715553e-06,3.0516639783516236e-06
2022-01-13,6.905635678613181e-06,6.900241761251595e-06
2022-01-14,8.219805921893501e-06,8.214614299350398e-06
2022-01-18,6.212292683015701e-06,6.198046838986828e-06
2022-01-19,5.834585450316505e-06,5.792026953576964e-06
2022-01-20,4.484937881443013e-06,4.443912508279911e-06
2022-01-21,1.4035626599411492e-05,1.4020643903628533e-05
2022-01-24,7.33514401804073e-06,7.3183579399547485e-06
2022-01-25,7.145869095352492e-06,7.141420662760837e-06
2022-01-26,5.267487503803036e-06,5.29520325895047e-06
2022-01-27,1.0862724082993544e-05,1.0838923940448923e-05
2022-01-28,1.247441858904744e-05,1.253893940057361e-05
2022-01-31,9.648375609612223e-06,9.601965984570239e-06
2022-02-01,4.392780502181159e-06,4.440199149464655e-06
2022-02-02,5.162092928242278e-06,5.1709428149292e-06
2022-02-03,3.0766257564811475e-06,3.0988092823912694e-06
2022-02-04,4.040101459938144e-06,4.044142265906342e-06
2022-02-07,3.5858157649693035e-06,3.5764378992761765e-06
2022-02-08,4.996202533661931e-06,5.036582421229993e-06
2022-02-09,1.247279611332822e-06,1.2415490699687619e-06
2022-02-10,3.006167700328761e-06,3.0562945672963617e-06
2022-02-11,3.683083666427204e-06,3.6889536143448104e-06
2022-02-14,1.0604051582113549e-05,1.0539854425228517e-05
2022-02-15,4.134880874475948e-05,4.134634679635956e-05
2022-02-16,4.432206497680669e-06,4.432555126978233e-06
2022-02-17,2.9725114596215337e-05,2.9723410052629662e-05
2022-02-18,1.0101494404343966e-05,1.0082953127110565e-05
2022-02-22,3.311903572331659e-05,3.310884908152469e-05
2022-02-23,9.060980364300989e-06,9.064550983897494e-06
2022-02-24,6.593785850010773e-05,6.598429513650246e-05
2022-02-25,5.530176445835021e-05,5.52958395453987e-05
2022-02-28,2.077765289795351e-05,2.0772919591769903e-05
2022-03-01,2.0642092887848648e-05,2.0608475287725165e-05
2022-03-02,6.280742594650455e-05,6.283705790372783e-05
2022-03-03,1.9138336934101752e-05,1.9132016060166424e-05
2022-03-04,1.2355579028073543e-05,1.2346191665974467e-05
2022-03-07,4.406497533919751e-05,4.403243845493884e-05
2022-03-08,8.023208925805562e-05,8.020528289157358e-05
2022-03-09,9.28363472504919e-05,9.284387822996243e-05
2022-03-10,7.448819859194134e-05,7.437461664367059e-05
2022-03-11,4.704386716605987e-05,4.705642601896047e-05
2022-03-14,4.319095614733326e-05,4.3201395557289006e-05
2022-03-15,2.421548678007614e-05,2.421806594862359e-05
2022-03-16,2.4121081372487638e-05,2.4115094058277804e-05
2022-03-17,1.710145284934991e-05,1.707461774785612e-05
2022-03-18,1.803273237297958e-05,1.801667827644291e-05
2022-03-21,9.886649233623896e-06,9.870286919573253e-06
2022-03-22,1.6022081792645126e-05,1.6022081792645133e-05
2022-03-23,1.45777270065233e-05,1.4548944681612465e-05
2022-03-24,1.7664526844613372e-05,1.766452684461336e-05
2022-03-25,1.2091741669376884e-05,1.2108380724915768e-05
2022-03-28,1.529305302778726e-05,1.5251834560207837e-05
2022-03-29,2.3407900699606626e-05,2.337441466477712e-05
2022-03-30,1.4050174038248942e-05,1.405035635839431e-05
2022-03-31,1.5104010637638045e-05,1.5104010637638051e-05
2022-04-01,1.3409472672648228e-05,1.3405053442249196e-05
2022-04-04,6.129244131782176e-06,6.1183736925713275e-06
2022-04-05,7.414236569111941e-06,7.411927701169071e-06
2022-04-06,1.974793162857497e-05,1.9747931628574987e-05
2022-04-07,5.92177146814186e-06,5.939899376815072e-06
2022-04-08,7.028555369424342e-06,7.028555369424343e-06
2022-04-11,1.364262508241313e-05,1.3644430394314848e-05
2022-04-12,9.394525182242555e-06,9.394525182242553e-06
2022-04-13,9.433067482454536e-06,9.440556509228561e-06
2022-04-14,1.548154913477442e-05,1.54856116699163e-05
2022-04-18,5.911551645902425e-06,5.906093590682963e-06
2022-04-19,8.435875902577844e-06,8.429901237611617e-06
2022-04-20,1.116315293122355e-05,1.1119757592552026e-05
2022-04-21,1.2118813221536692e-05,1.2105887087957388e-05
2022-04-22,3.727583747666587e-05,3.727575330779003e-05
2022-04-25,1.633019571482865e-05,1.6321601388324175e-05
2022-04-26,1.773303001606742e-05,1.7738500361332674e-05
2022-04-27,2.1880543116730863e-05,2.1868057416960537e-05
2022-04-28,1.9178774210719116e-05,1.9167345527559253e-05
2022-04-29,9.175115528085063e-06,9.175779139749917e-06
2022-05-02,9.282553519465863e-06,9.282553519465863e-06
2022-05-03,2.135121641306193e-05,2.137043810372882e-05
2022-05-05,1.3247638132347376e-05,1.3214328539828576e-05
2022-05-06,1.2933038000008384e-05,1.294649982268213e-05
2022-05-09,1.939507511530844e-05,1.939476424599515e-05
2022-05-10,8.724357389026552e-06,8.704066698991714e-06
2022-05-11,1.8345316000140156e-05,1.8333563486872463e-05
2022-05-13,1.4500296546580786e-05,1.450029654658078e-05
2022-05-16,6.780459420738038e-05,6.780459420738039e-05
2022-05-17,1.400720638783046e-05,1.3961682727897026e-05
2022-05-18,1.475322058624237e-05,1.4738330581174861e-05
2022-05-19,3.075597053584626e-05,3.0755970535846256e-05
2022-05-20,1.1006382977135488e-05,1.1006382977135493e-05
2022-05-23,1.3172829299112809e-05,1.3168440500268765e-05
2022-05-24,1.0882217829365668e-05,1.0854058748254274e-05
2022-05-25,1.20460310318891e-05,1.2045422599137619e-05
2022-05-26,1.0303829122766167e-05,1.0357422198621564e-05
2022-05-27,8.89350313187117e-06,8.898300587481279e-06
2022-05-31,9.14942612351741e-06,9.130714288455961e-06
2022-06-01,1.2982611448054729e-05,1.2982611448054737e-05
2022-06-02,6.384060036958927e-06,6.402072248514251e-06
2022-06-03,4.317814417855278e-06,4.31781441785528e-06
2022-06-06,5.735514589401681e-06,5.719286397006135e-06
2022-06-07,1.0177664294388458e-05,1.0175269439460264e-05
2022-06-08,6.375238201857618e-06,6.374500045598575e-06
2022-06-09,6.597492507550153e-06,6.593441649541155e-06
2022-06-10,7.230739033610508e-06,7.242993771579789e-06
2022-06-13,1.4695197104414103e-05,1.4676625243048397e-05
2022-06-14,1.6193861900196558e-05,1.6193861900196554e-05
2022-06-15,1.907358389974821e-05,1.9073221852633705e-05
2022-06-16,3.87208052966155e-05,3.8817210501558416e-05
2022-06-17,8.619039751261068e-06,8.65035805803657e-06
2022-06-21,1.1118225030069752e-05,1.1067748811669298e-05
2022-06-22,8.85366273589334e-06,8.86304062147347e-06
2022-06-23,1.6229058546280525e-05,1.6259988960539493e-05
2022-06-24,1.79477026542921e-05,1.7941813473585e-05
2022-06-27,1.2706293980513276e-05,1.2708032466125208e-05
2022-06-28,5.415007427883831e-06,5.395540290713854e-06
2022-06-29,9.262282287238065e-06,9.230747367944702e-06
2022-06-30,7.493418136859958e-06,7.498758279129309e-06
2022-07-01,1.226603219837649e-05,1.227115955802901e-05
2022-07-05,9.025767873718384e-06,9.031687831628497e-06
2022-07-06,1.4419927129971467e-05,1.4474694825223684e-05
2022-07-07,9.901322416872543e-06,9.903032844310759e-06
2022-07-08,3.87981369306682e-05,3.882122539165962e-05
2022-07-11,5.844674504088261e-06,5.847186005462134e-06
2022-07-12,1.626934696279792e-05,1.6265358604532744e-05
2022-07-13,8.408705799492932e-06,8.408235543553359e-06
2022-07-14,2.245422821948965e-05,2.245422821948966e-05
2022-07-15,8.669983434373302e-06,8.580597378818288e-06
2022-07-18,1.734979636522618e-05,1.733533979130761e-05
2022-07-19,5.998094081801071e-06,6.0229467649404575e-06
2022-07-20,9.613402042649089e-06,9.617244244465925e-06
2022-07-21,1.3113402932788404e-05,1.3118211195013774e-05
2022-07-22,1.2909845001620682e-05,1.30820863765376e-05
2022-07-25,1.438009912499559e-05,1.4379268315772824e-05
2022-07-26,1.1368734626064038e-05,1.1366113805746164e-05
2022-07-27,6.164570860139715e-06,6.133745997707417e-06
2022-07-28,2.0702441602892653e-05,2.0710554864249158e-05
2022-07-29,1.3908977749397535e-05,1.3937161560553398e-05
2022-08-01,1.3042549524568304e-05,1.3051069874445105e-05
2022-08-02,7.966022724537912e-06,7.941367779341128e-06
2022-08-03,9.75650538256055e-06,9.738418366112276e-06
2022-08-04,6.734521225765426e-06,6.736790930075622e-06
2022-08-05,7.982513898385308e-06,7.989374038977037e-06
2022-08-08,7.849953552980973e-06,7.858716054718415e-06
2022-08-09,1.6812439164840027e-05,1.6813536703377212e-05
2022-08-10,6.278942261821258e-06,6.345830649073295e-06
2022-08-11,5.85743155942341e-06,5.911616518257883e-06
2022-08-12,8.136755221832022e-06,8.13171794289662e-06
2022-08-15,9.429560881751751e-06,9.427318135384003e-06
2022-08-16,1.015075481992494e-05,1.0133464608571707e-05
2022-08-17,7.345214372333241e-06,7.344113657121834e-06
2022-08-18,5.756532193825844e-06,5.757241165103452e-06
2022-08-19,9.921119174765685e-06,1.0003101935851213e-05
2022-08-22,1.0433788275738508e-05,1.0507310862967447e-05
2022-08-23,1.1939782310276693e-05,1.1939782310276688e-05
2022-08-24,7.277324371936995e-06,7.273197171041442e-06
2022-08-25,6.735419464854878e-06,6.720515983097509e-06
2022-08-26,6.499830770160349e-06,6.498492577331569e-06
2022-08-29,1.1093762514896395e-05,1.108293210882798e-05
2022-08-30,1.526993983559589e-05,1.5267141529960885e-05
2022-08-31,1.3751800920352606e-05,1.3745639869057367e-05
2022-09-01,1.5438571308209186e-05,1.545697631061522e-05
2022-09-02,5.031320348954017e-06,5.0499458934322545e-06
2022-09-06,7.409687476032996e-06,7.425535381285186e-06
2022-09-07,9.114244297503631e-06,9.135291279345663e-06
2022-09-08,1.4488796303950589e-05,1.4442802661122507e-05
2022-09-09,1.5943964706201194e-05,1.5812902040199504e-05
2022-09-12,9.577739230435955e-06,9.57827963632939e-06
2022-09-13,7.099309898851542e-06,7.059579997513477e-06
2022-09-14,1.3393685834292646e-05,1.330828377558705e-05
2022-09-15,1.0254141003667091e-05,1.030200015482057e-05
2022-09-16,1.9324449154000485e-05,1.9299313046046997e-05
2022-09-19,1.6827441992171304e-05,1.683137899434088e-05
2022-09-20,1.1771700153644026e-05,1.1771700153644026e-05
2022-09-21,7.92411487736978e-06,7.94086345679723e-06
2022-09-22,6.093363093461552e-05,6.095668062431404e-05
2022-09-23,3.660431261140519e-05,3.661779706201445e-05
2022-09-26,3.463765015528929e-05,3.4648181947709094e-05
2022-09-27,1.7298212382236664e-05,1.7393958847875533e-05
2022-09-28,4.899311303637225e-05,4.901388751916678e-05
2022-09-29,2.1524181635411185e-05,2.1392060152474887e-05
2022-09-30,1.6625077336498273e-05,1.661956252609682e-05
2022-10-03,2.372470317670056e-05,2.3727593734892443e-05
2022-10-04,1.8056456172077683e-05,1.805521934691185e-05
2022-10-05,2.904338657255289e-05,2.9038115399886436e-05
2022-10-06,1.620059487506635e-05,1.6175140875106316e-05
2022-10-07,1.2008758587806372e-05,1.2009143690194759e-05
2022-10-10,2.087570069766525e-05,2.0928666278597097e-05
2022-10-11,1.6594384480801404e-05,1.6587331769849707e-05
2022-10-12,1.8981693255035904e-05,1.896447872276873e-05
2022-10-13,7.096932394785287e-06,7.103189157618815e-06
2022-10-14,2.3694261920851897e-05,2.370462162833145e-05
2022-10-17,1.86258477817766e-05,1.852672937833376e-05
2022-10-18,1.4005229459221108e-05,1.4018147502563812e-05
2022-10-19,1.892533792428042e-05,1.8794769613910422e-05
2022-10-20,2.3584579862450763e-05,2.3680755692821782e-05
2022-10-21,2.6846333902045804e-05,2.68182486219878e-05
2022-10-24,1.858818283338307e-05,1.86575224302457e-05
2022-10-25,1.639342267958916e-05,1.633299928125997e-05
2022-10-26,1.340081131727812e-05,1.3599237407918384e-05
2022-10-27,9.47599420537175e-06,9.426985453407538e-06
2022-10-28,1.2730452122827377e-05,1.2461043067096826e-05
2022-10-31,1.1802990064873448e-05,1.1815541161569383e-05
2022-11-01,9.534555053705123e-06,9.588801386522304e-06
2022-11-02,5.002330465545703e-06,4.990616573077194e-06
2022-11-03,2.080141763589752e-05,2.091803528931628e-05
2022-11-04,1.479418190577794e-05,1.4824174403651196e-05
2022-11-07,1.449286461999178e-05,1.4512527027739591e-05
2022-11-08,7.994085597449913e-06,7.968517719943424e-06
2022-11-09,1.2871950147157483e-05,1.289241026061868e-05
2022-11-10,1.3140899108614536e-05,1.3012312933185585e-05
2022-11-11,2.4944613075847173e-05,2.494832157550203e-05
2022-11-14,1.3819518254849123e-05,1.3916822719441991e-05
2022-11-15,1.051790796687682e-05,1.0534907846792392e-05
2022-11-16,7.855614227024144e-06,7.9394489942261e-06
2022-11-17,1.1727912249068875e-05,1.177518932326941e-05
2022-11-18,7.76481618192943e-06,7.797233610572112e-06
2022-11-21,8.864885079484141e-06,8.904753238582123e-06
2022-11-22,8.254170507759895e-06,8.275731226522984e-06
2022-11-23,8.086803996522567e-06,8.127568478508676e-06
2022-11-29,1.1218448013633726e-05,1.1226125749126477e-05
2022-11-30,6.289254510195143e-06,6.256316883433478e-06
2022-12-01,1.0133263117325451e-05,1.0158122875468125e-05
2022-12-02,5.728958329024537e-06,5.723326257335924e-06
2022-12-05,7.536706414512113e-06,7.515584489347606e-06
2022-12-06,9.173104843860192e-06,9.254154622268565e-06
2022-12-07,8.790983748040887e-06,8.814397336878257e-06
2022-12-08,4.585832892739896e-06,4.585832892739893e-06
2022-12-09,8.949951055105036e-06,8.92956926576815e-06
2022-12-12,6.053428842066434e-06,6.031830963185539e-06
2022-12-13,7.71956778001896e-06,7.64127907646731e-06
2022-12-14,8.160475636554974e-06,8.147640784277478e-06
2022-12-15,2.5375790297719085e-05,2.5345791200294265e-05
2022-12-16,1.5302460252941736e-05,1.543812747605258e-05
2022-12-19,5.673228517365305e-06,5.731484116791892e-06
2022-12-20,1.7881411191547683e-05,1.7761687634857016e-05
2022-12-21,5.623458974221589e-06,5.600882355508299e-06
2022-12-22,6.995108249954341e-06,6.967957932505092e-06
2022-12-23,4.735891179784867e-06,4.73085545182497e-06
2022-12-27,2.5534447656164126e-06,2.5957602580269245e-06
2022-12-28,1.3793799708835707e-05,1.377172933441119e-05
2022-12-29,6.694987051106984e-06,6.693860969936633e-06
2022-12-30,6.217626849606913e-06,6.226353712795196e-06
2023-01-03,2.4347404201967187e-05,2.4356089458186358e-05
2023-01-04,1.213027476259457e-05,1.2022271221938378e-05
2023-01-05,1.5556989123716206e-05,1.5508394127363915e-05
2023-01-06,8.071629417729477e-06,8.072716616906696e-06
2023-01-09,5.549377991820778e-06,5.548674066737385e-06
2023-01-10,5.696415223058925e-06,5.696736202748656e-06
2023-01-11,6.429037822864475e-06,6.419717960254587e-06
2023-01-12,2.3292693309965963e-06,2.3199569431280134e-06
2023-01-13,1.563204610909289e-05,1.5565717886762535e-05
2023-01-17,7.608345174905874e-06,7.604706915726265e-06
2023-01-18,1.1769339660747152e-05,1.203861272013501e-05
2023-01-19,9.42513938608302e-06,9.4270207569222e-06
2023-01-20,1.5233496710534204e-05,1.5228713855769405e-05
2023-01-23,9.69856546739174e-06,9.674644085272766e-06
2023-01-24,7.162310140542287e-06,7.19565972366783e-06
2023-01-25,9.392569439419386e-06,9.40590444009638e-06
2023-01-26,1.5323230174512e-05,1.5478798289588794e-05
2023-01-27,6.393710182050528e-06,6.484202892468449e-06
2023-01-30,1.0538822909034292e-05,1.0622136099217395e-05
2023-01-31,1.4176071640246894e-05,1.4148624437634784e-05
2023-02-01,4.721604635757089e-06,4.697036565580511e-06
2023-02-02,9.736295085781346e-06,9.766878892483755e-06
2023-02-03,1.1469875274322476e-05,1.143783331665347e-05
2023-02-06,2.1646522076023176e-05,2.178565309134393e-05
2023-02-07,1.6655171230289468e-05,1.668715653039999e-05
2023-02-08,1.816838754648157e-05,1.8267005826743445e-05
2023-02-09,1.4475984175132676e-05,1.4336676732586677e-05
2023-02-10,2.504296701267373e-05,2.515917815279949e-05
2023-02-13,1.1460613539046628e-05,1.1483997754496076e-05
2023-02-14,9.525217780789377e-06,9.459004780311672e-06
2023-02-15,1.911039346033868e-05,1.932438278267732e-05
2023-02-16,8.019552143400671e-06,8.025148779481348e-06
2023-02-17,1.616181068188292e-05,1.6339900763292992e-05
2023-02-21,1.0598789455708226e-05,1.0617332757842221e-05
2023-02-22,1.148829977292462e-05,1.1448007942726656e-05
2023-02-23,6.025896402787848e-06,6.091038510494428e-06
2023-02-24,9.646945925215468e-06,9.719834017213715e-06
2023-02-27,5.91382883986873e-06,5.948222399565574e-06
2023-02-28,1.0759367226084077e-05,1.0690499157156224e-05
2023-03-01,1.349455266346768e-05,1.3566922105599154e-05
2023-03-02,7.249130896997602e-06,7.24734258332993e-06
2023-03-03,7.413044005289731e-06,7.464118834634347e-06
2023-03-06,6.339162882492165e-06,6.341041944056108e-06
2023-03-07,5.659062229843468e-06,5.691626014355101e-06
2023-03-08,5.050822741464635e-06,5.062786767168653e-06
2023-03-09,5.557151964804705e-06,5.543032838645818e-06
2023-03-10,1.5219463390234544e-05,1.534760381503546e-05
2023-03-13,3.287964645025544e-05,3.2882288156903545e-05
2023-03-14,1.2022801766828094e-05,1.2022801766828091e-05
2023-03-15,5.404394647112829e-05,5.3974355248155364e-05
2023-03-16,1.4781834241645582e-05,1.4798373470925245e-05
2023-03-17,7.605155491365068e-06,7.577162982541172e-06
2023-03-20,5.664875699798049e-05,5.672634556717864e-05
2023-03-21,1.69682263897614e-05,1.6992211672220526e-05
2023-03-22,1.21666010430575e-05,1.2162349509221618e-05
2023-03-23,9.330409810373955e-06,9.356146672802078e-06
2023-03-24,2.2535343706938413e-05,2.256656155797897e-05
2023-03-27,2.2450268205221955e-05,2.24719222200991e-05
2023-03-28,1.067134538860239e-05,1.065687858675083e-05
2023-03-29,1.0546285348836116e-05,1.0516536664556995e-05
2023-03-30,5.662464975672261e-06,5.691965197074823e-06
2023-03-31,9.041918154435558e-06,9.005204582769214e-06
2023-04-03,1.1319536882714272e-05,1.1359514532471389e-05
2023-04-04,7.113263974794175e-06,7.129735821888766e-06
2023-04-05,6.003046638168037e-06,5.991701871963495e-06
2023-04-06,4.496328537078491e-06,4.511724290746369e-06
2023-04-10,4.198258668210062e-06,4.1780956660256744e-06
2023-04-11,6.378800658868444e-06,6.377674902236796e-06
2023-04-12,6.380445521715295e-06,6.380445521715293e-06
2023-04-13,6.143890171531193e-06,6.172143089421365e-06
2023-04-14,1.222327134787927e-05,1.2237762831820525e-05
2023-04-17,7.415349895155924e-06,7.4283955687776575e-06
2023-04-18,1.1927420675617596e-05,1.192747693053969e-05
2023-04-19,3.143547349294192e-05,3.1488294679224985e-05
2023-04-20,1.2718357657828756e-05,1.267789512777397e-05
2023-04-21,1.2178094280491924e-05,1.2194970275905313e-05
2023-04-24,8.892321135094103e-06,8.890540379819069e-06
2023-04-25,1.571320498279073e-05,1.574363524025837e-05
2023-04-26,8.288326345073661e-06,8.288551703250737e-06
2023-04-27,5.602854560298678e-06,5.5953711817081435e-06
2023-04-28,6.2317806604579966e-06,6.12264169345501e-06
2023-05-01,5.562530697272223e-06,5.531441192256733e-06
2023-05-02,6.598395573251763e-06,6.598395573219792e-06
2023-05-03,3.760985491500221e-06,3.7730374390090473e-06
2023-05-04,1.602047402365793e-05,1.6034783047953555e-05
2023-05-05,7.763532842639515e-06,7.755437744363253e-06
2023-05-08,3.972894290799999e-06,4.0035869049508775e-06
2023-05-09,6.424491846237148e-06,6.376635660514491e-06
2023-05-10,4.600691206596806e-06,4.640567745767469e-06
2023-05-11,1.037311478421825e-05,1.0373771572594384e-05
2023-05-12,8.050960945509552e-06,8.036969885822638e-06
2023-05-15,4.685270206269363e-06,4.617254157644296e-06
2023-05-16,2.863633599992603e-06,2.868194835749211e-06
2023-05-17,4.737392023537555e-06,4.734491230675809e-06
2023-05-18,7.63880069618698e-06,7.642253415087875e-06
2023-05-19,8.283276045909384e-06,8.283276045909379e-06
2023-05-22,7.774078707775812e-06,7.778226414032084e-06
2023-05-23,1.0632406082789585e-05,1.0670193134891207e-05
2023-05-24,7.386979597025774e-06,7.362583006631767e-06
2023-05-25,5.148705291006495e-06,5.144777653275611e-06
2023-05-26,6.642127917944215e-06,6.649904920668921e-06
2023-05-30,1.8878698494759524e-05,1.897989171935189e-05
2023-05-31,6.515375032857988e-06,6.546092145868002e-06
2023-06-01,7.225954430654045e-06,7.2455292388285624e-06
2023-06-02,4.4805022516330135e-06,4.5022707123851185e-06
2023-06-05,9.258835167787468e-06,9.262510882639162e-06
2023-06-06,7.562720733240897e-06,7.569597844184338e-06
2023-06-07,5.940541703304438e-06,5.94054170330444e-06
2023-06-08,3.5309680921503048e-06,3.5118039488048443e-06
2023-06-09,3.971010059496643e-06,4.010807436372517e-06
2023-06-12,6.210179619093108e-06,6.1579865465395476e-06
2023-06-13,2.935532773962469e-06,2.9274840693212623e-06
2023-06-14,6.011002900717968e-06,6.017206871695525e-06
2023-06-15,9.14720152145096e-06,9.092556761171868e-06
2023-06-16,6.004688797123761e-06,6.01326975382373e-06
2023-06-20,5.003929236478431e-06,5.003929236478432e-06
2023-06-21,6.070488511149728e-06,6.063817027883784e-06
2023-06-22,6.251383912114332e-06,6.25109475838678e-06
2023-06-23,6.231772126982833e-06,6.221021873464289e-06
2023-06-26,6.283639629634615e-06,6.255778869099667e-06
2023-06-27,3.1327312799161357e-06,3.1754215769207304e-06
2023-06-28,6.871463439554011e-06,6.863555628984132e-06
2023-06-29,6.041383305217881e-06,6.170602956375172e-06
2023-06-30,4.7822194758614505e-06,4.796247505137706e-06
2023-07-03,4.966593146539692e-06,4.938464455312326e-06
2023-07-05,3.1294871444461083e-06,3.1261586522667923e-06
2023-07-06,5.536558021505242e-06,5.529786601092937e-06
2023-07-07,4.166956867359204e-06,4.180295017017473e-06
2023-07-10,2.898284737698485e-06,2.8947170107993934e-06
2023-07-11,1.1285418863779993e-05,1.1295159218039096e-05
2023-07-12,2.3793575343762304e-06,2.3779754799831397e-06
2023-07-13,4.826494962159535e-06,4.826339233136741e-06
2023-07-14,4.6201673603927e-06,4.618096870330491e-06
2023-07-17,6.3427784159470834e-06,6.360565613872195e-06
2023-07-18,4.093680317710576e-06,4.09394016100586e-06
2023-07-19,4.961516917524617e-06,4.955548274445494e-06
2023-07-20,4.740504463759376e-06,4.732044572239759e-06
2023-07-21,7.2272626495146815e-06,7.227726096508004e-06
2023-07-24,6.62187322030085e-06,6.533933451389217e-06
2023-07-25,4.877187007407165e-06,4.939244301760642e-06
2023-07-26,1.964292858820731e-06,1.958590345089881e-06
2023-07-27,7.881071773979483e-06,7.875437979200247e-06
2023-07-28,5.769630940842817e-06,5.757715799854311e-06
2023-07-31,2.535489450083205e-06,2.531407249290439e-06
2023-08-01,4.028433853675673e-06,4.029627718378312e-06
2023-08-02,5.4708267672199656e-06,5.459770466273643e-06
2023-08-03,9.684533020420142e-06,9.678914500408342e-06
2023-08-04,3.5327587995643844e-06,3.524469786822202e-06
2023-08-07,4.556967519113143e-06,4.5569675191131435e-06
2023-08-08,4.989148383635517e-06,4.98848617482079e-06
2023-08-09,2.1258106736824927e-06,2.1203421692001346e-06
2023-08-10,3.5123621478862968e-06,3.498741301203877e-06
2023-08-11,2.1684003469496125e-06,2.1673110890648195e-06
2023-08-14,4.38481547786457e-06,4.3812930539354666e-06
2023-08-15,1.836304604645508e-06,1.836304604645509e-06
2023-08-16,2.065223469792243e-06,2.065905050368795e-06
2023-08-17,3.969508777952976e-06,3.972425371936857e-06
2023-08-18,3.770502738903799e-06,3.720866710457767e-06
2023-08-21,3.070671977347591e-06,3.085039039028624e-06
2023-08-22,4.076893095475115e-06,4.084658410643594e-06
2023-08-23,5.023369090946151e-06,5.019227203328421e-06
2023-08-24,3.255613130722378e-06,3.256344246894137e-06
2023-08-25,3.190469588136497e-06,3.220680920391178e-06
2023-08-28,1.5477364032519455e-06,1.546673990151497e-06
2023-08-29,2.381886665986738e-06,2.3858151694309652e-06
2023-08-30,1.698054622646655e-06,1.6992215060001906e-06
2023-08-31,1.5728412902731614e-06,1.5822665517643907e-06
2023-09-01,1.3132623241018018e-06,1.3115828183711038e-06
2023-09-05,3.217406209336437e-06,3.2144210175073973e-06
2023-09-06,3.193167335905983e-06,3.189508665487525e-06
2023-09-07,2.362153893448056e-06,2.3610671716263078e-06
2023-09-08,2.2905221525291557e-06,2.2894904398286362e-06
2023-09-11,3.801756848996001e-06,3.791911833752045e-06
2023-09-12,2.493585209454977e-06,2.494731377485788e-06
2023-09-13,1.45545026249918e-06,1.4575885800652733e-06
2023-09-14,1.6522282581384457e-06,1.6528811277407582e-06
2023-09-15,2.227582603995504e-06,2.2305511165456116e-06
2023-09-18,1.7615740458262349e-06,1.7594503757657753e-06
2023-09-19,1.9453975409344976e-06,1.966643789244802e-06
2023-09-20,1.9172086388843717e-06,1.916591467708386e-06
2023-09-21,2.7338766323252e-06,2.7354299063540305e-06
2023-09-22,2.642718097693736e-06,2.641969719767009e-06
2023-09-25,4.638616273340216e-06,4.619075091804452e-06
2023-09-26,3.6802349174093023e-06,3.6802349174093006e-06
2023-09-27,3.231375565824437e-06,3.229010064256357e-06
2023-09-28,5.140443343875178e-06,5.178399121853781e-06
2023-09-29,3.249548679658719e-06,3.24572476002642e-06
2023-10-02,1.520669225737274e-05,1.520669225737273e-05
2023-10-03,8.2558713451712e-06,8.246699121178152e-06
2023-10-04,6.01006290406058e-06,6.018290676977831e-06
2023-10-05,2.9255760148628238e-06,2.9153002248997606e-06
2023-10-06,5.812259994597436e-06,5.823860882205758e-06
2023-10-09,5.02207784764586e-06,5.041538850424998e-06
2023-10-10,5.4005250694269e-06,5.397015286387598e-06
2023-10-11,7.376982799358172e-06,7.365563760112986e-06
2023-10-12,3.514764319422253e-06,3.5170507463523145e-06
2023-10-13,8.252742736828936e-06,8.254580552197115e-06
2023-10-16,8.617135760947662e-06,8.618526960984734e-06
2023-10-17,9.030277744487011e-06,9.027524058601053e-06
2023-10-18,1.0379641536450672e-05,1.0408014703191102e-05
2023-10-19,9.099529224811617e-06,9.09588635027448e-06
2023-10-20,8.522228266104627e-06,8.52804856910387e-06
2023-10-23,8.083716882095773e-06,8.100059580843113e-06
2023-10-24,1.1597087259739023e-05,1.1582364557000014e-05
2023-10-25,9.261558379911842e-06,9.228603568479923e-06
2023-10-26,5.993050570788667e-06,5.98361198153075e-06
2023-10-27,4.454452413959303e-06,4.454167631863261e-06
2023-10-30,8.34953538884671e-06,8.179957545148305e-06
2023-10-31,3.696092283698928e-06,3.698244476849279e-06
2023-11-01,4.586121306455178e-06,4.604383443757987e-06
2023-11-02,5.364532170996105e-06,5.364119960239493e-06
2023-11-03,3.5135358994268167e-06,3.5126807504784822e-06
2023-11-06,3.5859167413459726e-06,3.603699402310006e-06
2023-11-07,5.874227476973284e-06,5.867653086503062e-06
2023-11-08,5.361462797616412e-06,5.3537151760082654e-06
2023-11-09,6.569645948621464e-06,6.584772914041061e-06
2023-11-10,5.50476003260751e-06,5.5062704080162846e-06
2023-11-13,3.825827159096435e-06,3.827323528120483e-06
2023-11-14,3.6874149553286456e-06,3.6878310193951155e-06
2023-11-15,3.8207130381486684e-06,3.820500546641096e-06
2023-11-16,2.180284116927637e-06,2.1786291395082453e-06
2023-11-17,9.160644690795937e-06,9.212300950792067e-06
2023-11-20,6.395091598919316e-06,6.399669282554151e-06
2023-11-21,7.872602170884439e-06,7.845122477691744e-06
2023-11-22,8.052997228817071e-06,8.057852720730145e-06
2023-11-28,2.646095200485249e-06,2.666051258403349e-06
2023-11-29,1.0512454943766284e-05,1.0589711477136988e-05
2023-11-30,4.511889268705965e-06,4.515267585588019e-06
2023-12-01,7.610532972243482e-06,7.6105329722140215e-06
2023-12-04,3.169695181158136e-05,3.1716816135918354e-05
2023-12-05,1.7944671794553827e-05,1.797683178728625e-05
2023-12-06,1.1953617535173377e-05,1.198191625682889e-05
2023-12-07,7.670751821469878e-06,7.691865879509565e-06
2023-12-08,6.782841841932923e-06,6.8146360787606285e-06
2023-12-11,7.61388969643601e-06,7.620106940929688e-06
2023-12-12,5.5633066427296095e-06,5.57687714715797e-06
2023-12-13,4.412238393637163e-06,4.4116449219838305e-06
2023-12-14,1.0627237665589367e-05,1.0620677619841005e-05
2023-12-15,1.063063912271991e-05,1.0620292608533068e-05
2023-12-18,4.277770202518815e-06,4.275479702040794e-06
2023-12-19,2.1647618590285537e-06,2.1662437493895177e-06
2023-12-20,5.054135174692759e-06,5.057966371665444e-06
2023-12-21,2.69247500281626e-06,2.6885158919307697e-06
2023-12-22,8.113092558445871e-06,8.143511817130244e-06
2023-12-26,1.6149119419484588e-06,1.608557140204083e-06
2023-12-27,5.1566565824719375e-06,5.1583900006735265e-06
2023-12-28,1.0284018068396665e-05,1.024526775236185e-05
2023-12-29,7.238098230896007e-06,7.234371553266939e-06
