date,lag_london,lag_daily,mean5,mean20,A,L,D,R
2016-01-01,,,,,,,,
2016-01-04,,,,,-11.532838645449806,-11.233539104103844,-9.349615837258838,-9.657052326704843
2016-01-05,-11.233539104103844,-9.349615837258838,,,-11.88985147199724,-11.26357234348408,-9.674378781481893,-10.050079373608352
2016-01-06,-11.26357234348408,-9.674378781481893,,,-11.767036830036902,-11.480858965395697,-9.471744705730101,-9.739414197936963
2016-01-07,-11.480858965395697,-9.471744705730101,,,-10.328140322439731,-10.854868099560601,-9.012407533765886,-9.568762021234686
2016-01-08,-10.854868099560601,-9.012407533765886,,,-10.929984843481646,-11.21340407480885,-8.959174066605055,-9.239282439061254
2016-01-11,-11.21340407480885,-8.959174066605055,-11.188186122008558,,-10.987662537199542,-11.074998434719184,-9.325783832294576,-9.777857298528993
2016-01-12,-11.074998434719184,-9.325783832294576,-11.155877317702101,,-11.555146530809601,-10.903697729233558,-9.376628097274837,-9.777673377877862
2016-01-13,-10.903697729233558,-9.376628097274837,-11.080969174097994,,-11.18256316563084,-11.624538606844595,-9.363089559731755,-9.672758853619738
2016-01-14,-11.624538606844595,-9.363089559731755,-11.099076536468283,,-11.718266016500682,-11.502793283767849,-9.45873929107366,-9.725185156933268
2016-01-15,-11.502793283767849,-9.45873929107366,-11.228906703754896,,-11.652434344719063,-11.767154131763359,-9.209520371630216,-9.389119775291254
2016-01-18,-11.767154131763359,-9.209520371630216,-11.31923695563914,,-11.638201241579925,-12.051977288654001,,
2016-01-19,-12.051977288654001,-9.209520371630216,-11.49265235304119,,-11.61542307792972,-10.83028295039437,-9.619184100250774,-10.187841939945958
2016-01-20,-10.83028295039437,-9.619184100250774,-11.465566797516026,,-11.634664799225645,-11.39777932593128,-9.386277024953538,-9.659867943597096
2016-01-21,-11.39777932593128,-9.386277024953538,-11.423059674420982,,-11.48972696471364,-11.390201224014898,-9.396524294628424,-9.696934182260831
2016-01-22,-11.390201224014898,-9.396524294628424,-11.40128997088728,,-11.881753453610951,-11.845409410315119,-10.061564529596234,-10.462021412645345
2016-01-25,-11.845409410315119,-10.061564529596234,-11.411786507946776,,-12.125898788917125,-11.67208000792194,-9.966227925808209,-10.31859879156916
2016-01-26,-11.67208000792194,-9.966227925808209,-11.364209750329362,,-11.581012430488991,-11.66506042379482,-9.851465563289485,-10.267635222341728
2016-01-27,-11.66506042379482,-9.851465563289485,-11.578747561816808,,-11.835496328809946,-12.031719869340842,-9.634160628325363,-9.859299796701775
2016-01-28,-12.031719869340842,-9.634160628325363,-11.698126179071595,,-11.497199372300617,-11.8267695660992,-9.484856209342817,-9.745985404101466
2016-01-29,-11.8267695660992,-9.484856209342817,-11.799342273404152,,-10.66011708550489,-11.823341427480683,-9.637326868750035,-10.275898520781078
2016-02-01,-11.823341427480683,-9.637326868750035,-11.795089590921373,-11.404526685361907,-11.785938434049463,-11.867997371971967,-10.051982213480251,-10.466372692414016
2016-02-02,-11.867997371971967,-10.051982213480251,-11.83616342912524,-11.432791372612801,-11.970402443260868,-12.008690201866752,-10.062717010748143,-10.406999999856318
2016-02-03,-12.008690201866752,-10.062717010748143,-11.907676017841583,-11.464394543642788,-11.641312925242772,-12.003769429861187,-9.304255426507861,-9.483202302571117
2016-02-04,-12.003769429861187,-9.304255426507861,-11.902680903349866,-11.484625706763886,-11.125598300128644,-11.35238927017514,-9.515469198689605,-9.960458918954776
2016-02-05,-11.35238927017514,-9.515469198689605,-11.779597866248869,-11.522108354168125,-11.523920205673406,-11.480257454319576,-8.898538898817336,-9.058773421381474
2016-02-08,-11.480257454319576,-8.898538898817336,-11.704162180219564,-11.538182892351935,-11.587831202842986,-10.764329751669441,-8.70533501788231,-8.908157662394698
2016-02-09,-10.764329751669441,-8.70533501788231,-11.409901212031473,-11.509645108822024,-11.404272284401339,-10.142152013217135,-8.733674687666594,-9.11015324923007
2016-02-10,-10.142152013217135,-8.733674687666594,-10.939476402857464,-11.41013876427719,-11.207945690207213,-11.225524775610989,-9.098914343308595,-9.3741360300884
2016-02-11,-11.225524775610989,-9.098914343308595,-10.861357768664268,-11.390545549273694,-9.564009445677222,-9.230682564413625,-7.572255390578807,-7.968108049567434
2016-02-12,-9.230682564413625,-7.572255390578807,-10.219995872425754,-11.062100916986136,-10.409060360530644,-10.40773872289686,-8.869190858908036,-9.42973508372621
2016-02-15,-10.40773872289686,-8.869190858908036,-10.11649244457647,-10.993049185074405,-9.810457841791557,-10.817664206254326,,
2016-02-16,-10.817664206254326,-8.869190858908036,-10.121941716579967,-10.951673222329122,-10.336242836378943,-9.746915859362044,-8.535670485548579,-9.157484375226469
2016-02-17,-9.746915859362044,-8.535670485548579,-10.03118069129904,-10.847003161110072,-10.26048153301596,-10.858681221543131,-8.637697273242189,-9.002765571155082
2016-02-18,-10.858681221543131,-8.637697273242189,-10.004687169816146,-10.826617973756743,-11.588690175393575,-11.72368795337931,-8.81332320393925,-8.93750695242111
2016-02-19,-11.72368795337931,-8.81332320393925,-10.511915087528116,-10.834720877667179,-11.010201284246534,-10.577785605520242,-8.8471517315178,-9.192669204048656
2016-02-22,-10.577785605520242,-8.8471517315178,-10.547240566066325,-10.789317721787283,-10.864175500144066,-10.698640115216413,-8.918970849919834,-9.292431452277405
2016-02-23,-10.698640115216413,-8.918970849919834,-10.528134641946986,-10.755821186918672,-10.398196923520464,-10.987760660201182,-8.935179144403959,-9.381371711445384
2016-02-24,-10.987760660201182,-8.935179144403959,-10.899955957678342,-10.736500854679955,-10.892928444881532,-10.435785699592845,-8.447824354391699,-8.701029630973236
2016-02-25,-10.435785699592845,-8.447824354391699,-10.795856265140833,-10.684051364115364,-10.013126899391985,-10.60029626339895,-8.472182641025364,-8.877508423723992
2016-02-26,-10.60029626339895,-8.472182641025364,-10.643893989664335,-10.646350473705533,-11.096672012988893,-10.862431836666468,-8.945559969305513,-9.25129872756577
2016-02-29,-10.862431836666468,-8.945559969305513,-10.698276142463401,-10.62178152727377,-11.097898713306327,-10.645031214646083,-9.276525316150854,-9.814876795602183
2016-03-01,-10.645031214646083,-9.276525316150854,-10.687325946805286,-10.587890981048833,-10.411945489577267,-10.973851563246393,-8.904736611684367,-9.332178864224524
2016-03-02,-10.973851563246393,-8.904736611684367,-10.68525377590365,-10.566213817183453,-10.937290048572866,-11.515481251106948,-9.178099475934802,-9.491118986127676
2016-03-03,-11.515481251106948,-9.178099475934802,-10.870955235154828,-10.558765781276765,-11.759294878225072,-11.446297059464241,-9.075182257401945,-9.25151179915174
2016-03-04,-11.446297059464241,-9.075182257401945,-11.03307786890992,-10.560794461133963,-11.142714367114698,-10.457327655112625,-8.210769572449294,-8.383999683328039
2016-03-07,-10.457327655112625,-8.210769572449294,-10.921108426399824,-10.525896738541736,-10.522936430230628,-11.221348553924212,-8.948620014569212,-9.31994428228559
2016-03-08,-11.221348553924212,-8.948620014569212,-11.04379806554588,-10.540452788353683,-10.539778723201229,-11.189930954356617,-9.098978644924811,-9.545746608773394
2016-03-09,-11.189930954356617,-9.098978644924811,-11.086373248532968,-10.59000936200034,-10.32763635196399,-11.56785654249713,-8.84374645380026,-9.189564094916916
2016-03-10,-11.56785654249713,-8.84374645380026,-11.093040096966268,-10.597716106638979,-10.889704227637482,-11.264322739377675,-8.464352149832902,-8.625999488037333
2016-03-11,-11.264322739377675,-8.464352149832902,-11.065388605800893,-10.784663104285091,-9.8110744150696,-10.701003383802389,-8.588727582684848,-9.12572691948539
2016-03-14,-10.701003383802389,-8.588727582684848,-11.14816984831042,-10.803363634818195,-11.191973792782512,-11.249410056344487,-9.119960798555757,-9.40077952644959
2016-03-15,-11.249410056344487,-9.119960798555757,-11.153326881576628,-10.820797075077461,-10.431554279759165,-11.67975441295516,-9.194848044679496,-9.662729622734245
2016-03-16,-11.67975441295516,-9.194848044679496,-11.230930920151582,-10.954506379301689,-11.554943771087895,-12.93380797611027,-8.434359349352395,-8.491190573998313
2016-03-17,-12.93380797611027,-8.434359349352395,-11.343383917446438,-11.003822730322186,-11.290408930654287,-10.399907636529603,-9.004101045849858,-9.433768057889429
2016-03-18,-10.399907636529603,-9.004101045849858,-11.083079374651616,-10.93885701828941,-10.917798712256305,-11.392226959608964,-9.485809164187879,-9.975925824807911
2016-03-21,-11.392226959608964,-9.485809164187879,-11.241196478904628,-10.979646874068415,-11.040043391773212,-11.525041740493666,-9.471895318096497,-9.882515655782862
2016-03-22,-11.525041740493666,-9.471895318096497,-11.290163413197202,-11.0176005739599,-11.67773380175226,-10.566161679656382,-9.335063347137776,-9.826155728834173
2016-03-23,-10.566161679656382,-9.335063347137776,-11.045597037376483,-10.990944969314109,-10.157507228921212,-11.31961523362094,-9.19169857255574,-9.884366608066026
2016-03-24,-11.31961523362094,-9.19169857255574,-10.930666793690927,-11.043414644706651,-11.116865188501773,-11.658468759165688,-9.622414588900694,-10.060787213276557
2016-03-25,-11.658468759165688,-9.622414588900694,-11.209654279778052,-11.095600182784032,,,,
2016-03-28,-11.658468759165688,-9.622414588900694,-11.209654279778052,-11.095600182784032,-10.85415384339894,-11.769681509003124,-9.981875540331435,-10.862135798225557
2016-03-29,-11.769681509003124,-9.981875540331435,-11.263462434816205,-11.133975674000938,-11.581155294062723,-11.336875483441077,-8.67409444406321,-8.80692898351147
2016-03-30,-11.336875483441077,-8.67409444406321,-11.232083519454267,-11.175539304087717,-11.213109675755215,-10.868525742367357,-9.398625508459212,-9.897638431502857
2016-03-31,-10.868525742367357,-9.398625508459212,-11.339189088673493,-11.168767609196086,-11.1311037495411,-11.420107721034663,-9.555364054866391,-10.004452588823062
2016-04-01,-11.420107721034663,-9.555364054866391,-11.358881303412588,-11.165236349176707,-11.308546939740587,-11.869987153691515,-8.859445808851948,-9.00520733149586
2016-04-04,-11.869987153691515,-8.859445808851948,-11.387546660269255,-11.17835962286604,-11.33226087943437,-12.07375902989105,-10.025354468975369,-10.535507848022972
2016-04-05,-12.07375902989105,-10.025354468975369,-11.423987343766546,-11.26435932903835,-10.92827296467309,-11.11023901632757,-9.522601995582615,-10.119731122325106
2016-04-06,-11.11023901632757,-9.522601995582615,-11.369967724054897,-11.258243961302728,-11.321365210450105,-12.225523305196182,-9.634562761497113,-9.935746902738641
2016-04-07,-12.225523305196182,-9.634562761497113,-11.651284348127557,-11.293383413123903,-10.930515971658432,-10.129297724604248,-9.213136864488215,-10.079657028942357
2016-04-08,-10.129297724604248,-9.213136864488215,-11.141911491588072,-11.178136007871451,-11.639895768453373,-9.912554428261188,-9.186688423189235,-10.030478462099666
2016-04-11,-9.912554428261188,-9.186688423189235,-10.679915668075521,-11.054692090949398,-10.866157087005163,-10.996386690928277,-9.470482570704673,-10.09613993105177
2016-04-12,-10.996386690928277,-9.470482570704673,-10.588139676708543,-11.073073654356648,-11.81741648766295,-11.34070993171562,-9.432105394185193,-9.706999590795657
2016-04-13,-11.34070993171562,-9.432105394185193,-10.612866838117315,-11.076737852942475,-11.582835569649841,-11.068045728365137,-9.41360677827006,-9.778119505546561
2016-04-14,-11.068045728365137,-9.41360677827006,-10.529449432806732,-11.053921565234978,-10.288212300598577,-9.997805749084858,-8.896177329951023,-9.765819308444133
2016-04-15,-9.997805749084858,-8.896177329951023,-10.488369665035425,-10.926294954726034,-11.408751707899926,-11.686088371032433,-9.780281556058684,-10.20329803947503
2016-04-18,-11.686088371032433,-9.780281556058684,-10.838408900061445,-10.989503301257006,-11.432653521744776,-11.096844809794115,-9.561374384293144,-10.022269227427534
2016-04-19,-11.096844809794115,-9.561374384293144,-10.854865616397637,-10.978082662535297,-11.260006377771548,-11.49952796903757,-9.444238330929497,-9.787811803255893
2016-04-20,-11.49952796903757,-9.444238330929497,-10.873098398077886,-10.977335193752767,-10.605535287850993,-11.900321183857233,-9.387324590827095,-9.860186656619804
2016-04-21,-11.900321183857233,-9.387324590827095,-10.970684363849747,-11.034501291601774,-10.812220462400877,-11.633004657703012,-8.79548070375328,-9.008252193277578
2016-04-22,-11.633004657703012,-8.79548070375328,-11.525773852587825,-11.04466754084134,-10.589197223641264,-11.079694944539437,-9.094241034473002,-9.542994769375532
2016-04-25,-11.079694944539437,-9.094241034473002,-11.392940393571969,-11.02367495706319,-11.402863749673477,-11.770262005161818,-9.893896099186849,-10.362754453944214
2016-04-26,-11.770262005161818,-9.893896099186849,-11.534251262106066,-11.023688718372826,-11.405089052893779,-12.315745485815178,-9.753383031059776,-10.066512661662589
2016-04-27,-12.315745485815178,-9.753383031059776,-11.657009267745533,-11.046773542165989,-11.875031124204432,-12.3513420775722,-9.5526761812118,-9.725760936375432
2016-04-28,-12.3513420775722,-9.5526761812118,-11.715617543776586,-11.09406600182724,-9.825100848870237,-11.313362833298786,-8.986584969999582,-9.74152556342687
2016-04-29,-11.313362833298786,-8.986584969999582,-11.636978124720988,-11.09000883191036,-10.298699666342891,-10.882013926783946,-8.959137914234637,-9.483633837981493
2016-05-02,-10.882013926783946,-8.959137914234637,-11.563427957306645,-11.052097102609936,-11.22179987092161,-11.417992826528321,-9.13152930865816,-9.38678149165065
2016-05-03,-11.417992826528321,-9.13152930865816,-11.497005937706737,-11.03555572046493,-10.862073109316396,-10.873839215520164,-9.251301150608136,-9.757355549531006
2016-05-04,-10.873839215520164,-9.251301150608136,-11.246428257734927,-11.02325717926535,-11.020918992468637,-10.620741264531834,-9.076997388012503,-9.51817489334087
2016-05-05,-10.620741264531834,-9.076997388012503,-10.978190438963184,-10.965220831853395,-11.415382925150002,-11.253789820746686,-9.32397304897968,-9.636887697235665
2016-05-06,-11.253789820746686,-9.32397304897968,-10.969448321032612,-11.046301151312033,-11.203578192714463,-11.546219812475925,-8.84458368131824,-9.02085659410973
2016-05-09,-11.546219812475925,-8.84458368131824,-11.08142215377622,-11.179872363411999,-11.272072117252058,-11.31532984537001,-9.303919644539835,-9.623456539285364
2016-05-10,-11.31532984537001,-9.303919644539835,-11.066096304393605,-11.19641247289051,-11.294065554853791,-11.40431969142446,-9.565489281038225,-9.975776416722214
2016-05-11,-11.40431969142446,-9.565489281038225,-11.171222642340947,-11.199083427839195,-11.361900597231237,-11.70537029605918,-9.719900268091719,-10.121734669322345
2016-05-12,-11.70537029605918,-9.719900268091719,-11.432046999863902,-11.226314928099875,-11.403548222407858,-11.780079683795584,-9.42438704595453,-9.689672347810813
2016-05-13,-11.780079683795584,-9.42438704595453,-11.534978655673372,-11.379544844767187,-11.04507128659365,-12.128051055435172,-9.485264587109453,-9.815630657310049
2016-05-16,-12.128051055435172,-9.485264587109453,-11.626259863916669,-11.39277770344797,-11.108183982129653,-11.860656315676199,-9.425286490420186,-9.744665784159498
2016-05-17,-11.860656315676199,-9.425286490420186,-11.74812145959567,-11.429340572059944,-11.440520979129849,-11.675616102846991,-9.569852839980582,-9.892503833032782
2016-05-18,-11.675616102846991,-9.569852839980582,-11.81749307622501,-11.436894647253853,-11.389313006257256,-11.85893305458382,-8.822978912435326,-8.956333688825495
2016-05-19,-11.85893305458382,-8.822978912435326,-11.849859933349704,-11.435566298693313,-10.63345904894808,-12.155656801685565,-9.364812622390389,-9.784246933060874
2016-05-20,-12.155656801685565,-9.364812622390389,-11.919367859935043,-11.452413546482841,-12.073058737792536,-11.850150055332547,-10.139962032194658,-10.533791895075831
2016-05-23,-11.850150055332547,-10.139962032194658,-11.86867146268304,-11.49218592306704,-11.703593805537777,-12.004539352794835,-10.127400472484196,-10.573356349539763
2016-05-24,-12.004539352794835,-10.127400472484196,-11.896061036429174,-11.500125114745034,-11.230190119358289,-12.089539023721619,-9.692253497231794,-10.057232030204622
2016-05-25,-12.089539023721619,-9.692253497231794,-11.984355410418788,-11.494526443876387,-11.309247736277356,-11.972595875274822,-9.867647147130192,-10.31143855362399
2016-05-26,-11.972595875274822,-9.867647147130192,-12.009016653620282,-11.484800523531893,-11.2188264533134,-12.306394268490273,-9.777916227156505,-10.158433949209192
2016-05-27,-12.306394268490273,-9.777916227156505,-12.033481740241543,-11.522880442452315,-10.193740318716841,-11.578191163930072,-9.300559332213162,-10.017749764656966
2016-05-30,-11.578191163930072,-9.300559332213162,-11.961083187356813,-11.571647132526943,-10.726039452972385,-11.997930060620872,,
2016-05-31,-11.997930060620872,-9.300559332213162,-11.959814155402322,-11.597639841245082,-11.470667000629696,-12.13912494153025,-10.01793174505244,-10.454605899996553
2016-06-01,-12.13912494153025,-10.01793174505244,-11.968348664212124,-11.67454101234787,-11.410076703442344,-12.08515530531909,-9.841422287758057,-10.218864452376799
2016-06-02,-12.08515530531909,-9.841422287758057,-11.989777546767213,-11.79137191922928,-11.779429853861268,-12.165461641574565,-10.132083375742571,-10.5228364053071
2016-06-03,-12.165461641574565,-10.132083375742571,-11.967962634303737,-11.843926406004298,-11.766786203271376,-12.955381698500736,-8.28113805856189,-8.321925134999908
2016-06-06,-12.955381698500736,-8.28113805856189,-12.21747745941211,-11.896151022077735,-11.312491980748865,-12.509966708821004,-9.892300996904481,-10.27011328599046
2016-06-07,-12.509966708821004,-9.892300996904481,-12.322640130885196,-11.960488183408204,-12.18531862379289,-12.270681507477637,-10.29052475635815,-10.63075975162616
2016-06-08,-12.270681507477637,-10.29052475635815,-12.352707880144491,-12.012343343061707,-11.945020306165834,-12.084495343529499,-10.067273429050639,-10.404088048907582
2016-06-09,-12.084495343529499,-10.067273429050639,-12.352535355457947,-12.034022387834536,-11.33866468360561,-11.838872648787477,-9.761057537123115,-10.164033783667001
2016-06-10,-11.838872648787477,-9.761057537123115,-12.263483684370243,-12.037709424730133,-11.967794725208478,-11.728222171399969,-9.831291550868325,-10.143396637231854
2016-06-13,-11.728222171399969,-9.831291550868325,-12.047200435688422,-12.015502474939066,-10.702676666477815,-11.930803707234757,-9.395997396430904,-9.826772032792281
2016-06-14,-11.930803707234757,-9.395997396430904,-11.95299964752829,-12.019464773597406,-11.45359082197584,-11.876101238761214,-9.707739570794601,-10.04862724429268
2016-06-15,-11.876101238761214,-9.707739570794601,-11.884948916240807,-12.03235833399819,-12.174242732777076,-11.595765576931466,-9.426634106696424,-9.623084299723452
2016-06-16,-11.595765576931466,-9.426634106696424,-11.786691386954503,-12.014614002087368,-10.958351101325373,-11.513531942181974,-8.615168801124492,-8.779023847612894
2016-06-17,-11.513531942181974,-8.615168801124492,-11.716241693017137,-11.976256444521836,-10.48311036543012,-11.43245210207819,-9.279912137652733,-9.8184878079171
2016-06-20,-11.43245210207819,-9.279912137652733,-11.650442258910171,-11.947273306801295,-10.945975563152729,-10.8239677753912,-9.324837167038002,-9.871286120706044
2016-06-21,-10.8239677753912,-9.324837167038002,-11.383513469509147,-11.84604164181083,-10.818317052655521,-11.658342821494978,-9.216101004351557,-9.55636179006519
2016-06-22,-11.658342821494978,-9.216101004351557,-11.354215158309373,-11.82513234435291,-10.896516679559346,-11.347286078418234,-9.495615093724856,-10.012038657791289
2016-06-23,-11.347286078418234,-9.495615093724856,-11.310859939024368,-11.788332653430688,-11.454123555586728,-10.581148761752852,-8.73509793437875,-8.988440834477771
2016-06-24,-10.581148761752852,-8.73509793437875,-11.086447538360316,-11.659570989129094,-7.062436083172199,-8.839639825014487,-6.721259076370921,-8.500058122389918
2016-06-27,-8.839639825014487,-6.721259076370921,-10.074847550496868,-11.080407143655368,-10.486919560350577,-11.118890629387247,-9.123553822359467,-9.620749799316146
2016-06-28,-11.118890629387247,-9.123553822359467,-10.099294720193225,-11.052658708949977,-10.638832399195945,-11.116991137442865,-9.30644651222044,-9.864035410827158
2016-06-29,-11.116991137442865,-9.30644651222044,-10.069524219341485,-11.023085997803287,-11.151308534123975,-11.431666048459238,-9.384415550318593,-9.741022477548622
2016-06-30,-11.431666048459238,-9.384415550318593,-10.07404414730329,-11.007269065530686,-12.03342778303674,-11.59782118574986,-9.674609540054318,-9.949926692479053
2016-07-01,-11.59782118574986,-9.674609540054318,-10.154029227214028,-10.995342074793301,-10.768862960864164,-11.116809625693426,-9.291391542283076,-9.78464623129097
2016-07-04,-11.116809625693426,-9.291391542283076,-11.257039724775185,-10.95878032862176,-9.659268839692002,-10.866565743918567,,
2016-07-05,-10.866565743918567,-9.291391542283076,-11.193213776292684,-10.915500375242042,-10.052745452473408,-11.399372987223138,-9.080244796539116,-9.727454573255304
2016-07-06,-11.399372987223138,-9.080244796539116,-11.247775417366206,-10.89773456881286,-9.866790111809156,-11.127375454275484,-8.910707958304062,-9.590677539764311
2016-07-07,-11.127375454275484,-8.910707958304062,-11.190276408899676,-10.873548880819998,-11.419397757844838,-12.219862039932785,-9.4182133978229,-9.636226362645422
2016-07-08,-12.219862039932785,-9.4182133978229,-11.253882402349317,-10.879600256881396,-11.48350730693424,-12.427976365429787,-8.296043142587461,-8.355080264842595
2016-07-11,-12.427976365429787,-8.296043142587461,-11.437279586862571,-10.890429250901583,-11.068107010469602,-11.605161462897712,-9.504791653433852,-9.908036777183518
2016-07-12,-11.605161462897712,-9.504791653433852,-11.641620046990358,-10.883652228098262,-11.367364986192191,-11.402198154878766,-9.418343180167046,-9.746779638041371
2016-07-13,-11.402198154878766,-9.418343180167046,-11.642339203809964,-10.87247898965497,-10.664867660054949,-11.402326673616441,-9.557123910177332,-10.227134127288346
2016-07-14,-11.402326673616441,-9.557123910177332,-11.726223711638708,-10.867315369004608,-11.127290038010635,-10.827133041880113,-9.132224373923648,-9.517329247777182
2016-07-15,-10.827133041880113,-9.132224373923648,-11.41185598551621,-10.841795005451088,-10.589626413784538,-12.067450282256964,-9.286729599469757,-9.69280080343361
2016-07-18,-12.067450282256964,-9.286729599469757,-11.380912351766115,-10.85490040158696,-10.807407697023073,-11.64298401504153,-9.629437106361799,-10.211789589884326
2016-07-19,-11.64298401504153,-9.629437106361799,-11.386862048334367,-10.884159331747925,-11.333598296398467,-11.310079461112615,-9.829165445290128,-10.42622632076455
2016-07-20,-11.310079461112615,-9.829165445290128,-11.368035113675724,-10.874600740731296,-11.330282026178645,-11.341514375909677,-9.677641054936084,-10.157205951361327
2016-07-21,-11.341514375909677,-9.677641054936084,-11.35599077679224,-10.874420354224005,-11.440686111875477,-11.179080518479068,-9.592209561997498,-10.041691755765422
2016-07-22,-11.179080518479068,-9.592209561997498,-11.462122435487927,-10.905056534904205,-11.326991404737745,-11.095064326364081,-9.781216959979831,-10.438863204677752
2016-07-25,-11.095064326364081,-9.781216959979831,-11.29701717072855,-11.34059163037013,-11.115363744434575,-12.166896878728554,-9.994838347858945,-10.574748336358502
2016-07-26,-12.166896878728554,-9.994838347858945,-11.356455970221623,-11.381962460470616,-10.620005600436212,-11.418108977229728,-9.850236859194569,-10.963785661680646
2016-07-27,-11.418108977229728,-9.850236859194569,-11.378141335742068,-11.399052396572444,-11.607289821254033,-12.908014316392343,-9.587737716990715,-9.772692009382466
2016-07-28,-12.908014316392343,-9.587737716990715,-11.557445725223364,-11.437105988076025,-12.00191113204923,-11.497980019946851,-10.000423996974789,-10.444853954892405
2016-07-29,-11.497980019946851,-10.000423996974789,-11.640528823282676,-11.432645590187914,-10.430263772465484,-12.045053440341393,-9.287675535938305,-9.769671212077188
2016-08-01,-12.045053440341393,-9.287675535938305,-11.878307874981562,-11.474997981343696,-11.411245140600194,-12.73451659403358,-10.196421038752097,-10.667671764064291
2016-08-02,-12.73451659403358,-10.196421038752097,-11.945420512962487,-11.555869574156711,-12.124139351668695,-11.535764444678835,-10.151272193909902,-10.644763131692985
2016-08-03,-11.535764444678835,-10.151272193909902,-11.98376044292296,-11.563352409476026,-11.76051128399351,-12.39122753082844,-10.173141082063058,-10.548969338912007
2016-08-04,-12.39122753082844,-10.173141082063058,-11.931451532720047,-11.620425338713396,-11.190977633407527,-12.013353703860977,-9.63536372787461,-9.997477098396294
2016-08-05,-12.013353703860977,-9.63536372787461,-12.064124166496432,-11.614147275219675,-12.196281394768812,-13.042701252455906,-9.406449411429186,-9.498326199317608
2016-08-08,-13.042701252455906,-9.406449411429186,-12.201872028991371,-11.624374530910883,-12.07298487343707,-12.01938397148645,-10.451522764875445,-10.972567400892206
2016-08-09,-12.01938397148645,-10.451522764875445,-12.086197989842681,-11.641811940060032,-12.454130721071204,-12.891726895459797,-10.486611280925128,-10.74805173222251
2016-08-10,-12.891726895459797,-10.486611280925128,-12.383836962103771,-11.692275531708104,-11.516528797596056,-12.686802647423338,-9.927931143107584,-10.239325502381844
2016-08-11,-12.686802647423338,-9.927931143107584,-12.435975294019354,-11.741805162266749,-11.703395327553693,-11.902801784224923,-9.574738764634173,-9.818699295122823
2016-08-12,-11.902801784224923,-9.574738764634173,-12.400921770501789,-11.827616993412802,-11.482093573165171,-11.911654204333834,-8.882360889253807,-9.013202450739268
2016-08-15,-11.911654204333834,-8.882360889253807,-12.201289881919424,-11.821006986114506,-12.229905964865194,-12.015270684320301,-10.288232971742767,-10.675770873318601
2016-08-16,-12.015270684320301,-10.288232971742767,-12.200301559549771,-11.839752186324894,-11.488596103732013,-11.555373325112063,-9.446847660497975,-9.736155594456951
2016-08-17,-11.555373325112063,-9.446847660497975,-11.95266231868027,-11.858396927497497,-11.61744155696454,-11.753260095697405,-9.854816277405911,-10.242532846835202
2016-08-18,-11.753260095697405,-9.854816277405911,-11.814509496928402,-11.887101468036812,-11.530488865704635,-11.570287721591814,-9.964913877769677,-10.492177691766386
2016-08-19,-11.570287721591814,-9.964913877769677,-11.744771857222164,-11.920514673393551,-11.512130528025587,-11.388732120371989,-9.805157177974783,-10.293983411066653
2016-08-22,-11.388732120371989,-9.805157177974783,-11.634776381069106,-11.94999215615798,-11.364447282324639,-12.472236571501577,-10.264047152756511,-10.848586360830963
2016-08-23,-12.472236571501577,-10.264047152756511,-11.686220229588747,-11.960639587984645,-12.102481807238611,-11.047553511351513,-10.184106478148694,-11.024713103005395
2016-08-24,-11.047553511351513,-10.184106478148694,-11.545734940177372,-11.922782964462643,-12.476382029817099,-12.53534073032678,-9.76685810950012,-9.905345362155643
2016-08-25,-12.53534073032678,-9.76685810950012,-11.638040949295696,-11.914387800692957,-11.942609161287663,-12.488042350670526,-10.662345695588806,-11.240503832431985
2016-08-26,-12.488042350670526,-10.662345695588806,-11.775623249281846,-11.963212653368187,-12.99496339310468,-13.338375636845647,-8.703324275922219,-8.72699020619354
2016-08-29,-13.338375636845647,-8.703324275922219,-12.066734579094536,-11.997215257997016,-11.464744655189179,-11.732578267251338,-10.375810415356025,-11.277376822980452
2016-08-30,-11.732578267251338,-10.375810415356025,-11.930436126938412,-11.956814727661103,-12.762123478211153,-12.410572335480804,-10.33424469776611,-10.574551728624055
2016-08-31,-12.410572335480804,-10.33424469776611,-12.376460862679126,-12.002247554221343,-12.092304203644977,-12.881120275883424,-9.896184010962406,-10.072654653497368
2016-09-01,-12.881120275883424,-9.896184010962406,-12.427625256136734,-12.015459300736888,-12.633999080811101,-12.026495336568166,-9.895462297568672,-10.098043081821519
2016-09-02,-12.026495336568166,-9.895462297568672,-12.32287982291776,-12.016113673661833,-12.309773969626216,-13.102524491374462,-8.071083804627609,-8.092262368296643
2016-09-05,-13.102524491374462,-8.071083804627609,-12.303793896279263,-12.017154309709273,-12.321665729339063,-12.26107303883244,,
2016-09-06,-12.26107303883244,-8.071083804627609,-12.460862151779468,-12.02792316173951,-12.642355747802611,-12.833290900560428,-10.122308843354775,-10.281219383590065
2016-09-07,-12.833290900560428,-10.122308843354775,-12.536128317137207,-12.026655565409133,-11.649687727638229,-12.228541476459235,-10.216616593899328,-10.682319261906349
2016-09-08,-12.228541476459235,-10.216616593899328,-12.413572180598733,-12.01174661646129,-11.650326229825588,-12.95210595115779,-9.928431225755206,-10.186359504653144
2016-09-09,-12.95210595115779,-9.928431225755206,-12.609359920267448,-12.04864991040836,-12.626320785077707,-12.273800705611826,-10.16339201363874,-10.394534376769146
2016-09-12,-12.273800705611826,-10.16339201363874,-12.463005565437248,-12.066224818758444,-11.821203834288848,-11.99531512844327,-9.930173732244834,-10.255511469823263
2016-09-13,-11.99531512844327,-9.930173732244834,-12.391143104430682,-12.065164898349853,-12.414253976572907,-11.767448846624768,-10.012989826306063,-10.318977293538387
2016-09-14,-11.767448846624768,-10.012989826306063,-12.172304252214579,-12.081201033709942,-12.155758199643406,-12.256772190113876,-10.325854346785112,-10.690336873761991
2016-09-15,-12.256772190113876,-10.325854346785112,-12.17758089678462,-12.109041471574086,-12.463711167301879,-12.486277858196784,-9.382510347802496,-9.477682826396686
2016-09-16,-12.486277858196784,-9.382510347802496,-12.124328200419864,-12.161815633956826,-12.561572462257192,-12.27341954578277,-10.016243395005556,-10.218473177441743
2016-09-19,-12.27341954578277,-10.016243395005556,-12.12426254198171,-12.22753019315726,-11.851135392326757,-12.423675182681768,-10.63894410882466,-11.265155803532961
2016-09-20,-12.423675182681768,-10.63894410882466,-12.206856813924666,-12.225584154461089,-12.990641594662192,-13.480119268294413,-11.335088040481741,-11.703330612907004
2016-09-21,-13.480119268294413,-11.335088040481741,-12.50038831371236,-12.385915072254056,-10.656059478581819,-11.968515415663711,-9.141250875885376,-9.468401361503362
2016-09-22,-11.968515415663711,-9.141250875885376,-12.418575588617125,-12.353602462555312,-12.565263001227214,-12.989738905625051,-10.342599997581253,-10.540044015688032
2016-09-23,-12.989738905625051,-10.342599997581253,-12.495385520340886,-12.370996456704798,-12.13784605915059,-12.454998849793236,-10.588848642493847,-11.046416361410971
2016-09-26,-12.454998849793236,-10.588848642493847,-12.537732759228458,-12.344386113096677,-12.249935406234984,-11.988860086343191,-10.629479214354776,-11.23576667795414
2016-09-27,-11.988860086343191,-10.629479214354776,-12.4225337669084,-12.365447891534089,-11.940858117599852,-12.005710452848533,-10.284758118585652,-10.746440733232319
2016-09-28,-12.005710452848533,-10.284758118585652,-12.212298596241887,-12.341874216624907,-13.24378651536944,-12.83206761930232,-10.603597315654566,-10.800879195501063
2016-09-29,-12.83206761930232,-10.603597315654566,-12.371997721490208,-12.340409282846235,-12.41071061584381,-13.050145929315772,-10.160052235173938,-10.335478650519633
2016-09-30,-13.050145929315772,-10.160052235173938,-12.37833876699402,-12.385249665953621,-11.795938836266805,-12.41402303995199,-9.598300136476425,-9.785746646747949
2016-10-03,-12.41402303995199,-9.598300136476425,-12.370620574696924,-12.361359517314035,-11.90334211014328,-12.386602129272397,-10.569813492395985,-11.125100673002732
2016-10-04,-12.386602129272397,-10.569813492395985,-12.47170485072047,-12.367901582646198,-12.547667573200911,-12.65849004639491,-9.035714997669785,-9.093923782401486
2016-10-05,-12.65849004639491,-9.035714997669785,-12.637517704684852,-12.361922852793821,-12.204570893164082,-12.370941051337496,-9.215368877227192,-9.312917312019387
2016-10-06,-12.370941051337496,-9.215368877227192,-12.545434075832187,-12.369534919455356,-12.535696683815454,-12.287426310580468,-9.620365618293993,-9.752346404899214
2016-10-07,-12.287426310580468,-9.620365618293993,-12.416044107149487,-12.3435205949884,-11.775979434110827,-11.794889622301337,-8.789957033461143,-8.89535082993867
2016-10-10,-11.794889622301337,-8.789957033461143,-12.257494156979607,-12.311117590440439,-11.05322602636528,-12.468117639080896,-9.930922426775883,-10.449472735032678
2016-10-11,-12.468117639080896,-9.930922426775883,-12.271349712824904,-12.337289882163272,-12.216498092957977,-11.821406122476091,-10.219509500117361,-10.630878109528945
2016-10-12,-11.821406122476091,-10.219509500117361,-12.107662719768944,-12.341944082788839,-12.497629230339854,-11.684104266447141,-10.098690937526406,-10.449209755227194
2016-10-13,-11.684104266447141,-10.098690937526406,-11.966361255196464,-12.300719939700409,-11.636779616754659,-12.346688544136954,-10.207268487339686,-10.649110854138316
2016-10-14,-12.346688544136954,-10.207268487339686,-11.974743979111787,-12.29451765260923,-12.030607940879356,-12.229062818003245,-9.61874479167426,-9.796866308155046
2016-10-17,-12.229062818003245,-9.61874479167426,-12.062831969297715,-12.292204217154183,-12.076559313851515,-11.829991198689948,-10.284018490302687,-10.761475384114467
2016-10-18,-11.829991198689948,-10.284018490302687,-11.95032608951952,-12.257282214874506,-11.659891190259504,-12.27265626779923,-10.217638339044063,-10.670958137487835
2016-10-19,-12.27265626779923,-10.217638339044063,-12.036568335067393,-12.22334709230319,-12.503106373605316,-11.315306858372995,-10.281893376426964,-10.906014334609377
2016-10-20,-11.315306858372995,-10.281893376426964,-11.917105302400875,-12.165587078469715,-12.187089427368074,-12.801415207327137,-10.283663720026226,-10.544636148507378
2016-10-21,-12.801415207327137,-10.283663720026226,-11.965829515006194,-12.16105287522587,-12.40748219526065,-11.83418243063654,-10.780514369830174,-11.568370277968906
2016-10-24,-11.83418243063654,-10.780514369830174,-11.894040509722933,-12.129490980283276,-12.215499619311714,-12.724330833608976,-9.872988471201818,-10.040050379300027
2016-10-25,-12.724330833608976,-9.872988471201818,-12.028766274984125,-12.159916622596398,-12.48385706753151,-12.227947493060208,-10.474320228582751,-10.841327667328546
2016-10-26,-12.227947493060208,-10.474320228582751,-12.021626313033371,-12.171609709741148,-12.270606392900046,-12.154412228935453,-10.487001235468014,-10.928248473270504
2016-10-27,-12.154412228935453,-10.487001235468014,-12.283216111844508,-12.14688141528322,-12.586635460618655,-12.77852602093117,-10.291885116133633,-10.495196003071763
2016-10-28,-12.77852602093117,-10.291885116133633,-12.280461940534321,-12.140577723067508,-12.56119378178745,-12.554655423928963,-9.457520968411886,-9.551900360767675
2016-10-31,-12.554655423928963,-9.457520968411886,-12.455363849171082,-12.145580432914057,-12.15309959165816,-12.376471554754943,-10.515918793867181,-10.946877551959487
2016-11-01,-12.376471554754943,-10.515918793867181,-12.393719646745536,-12.145180447171011,-12.254725183632043,-11.82736862631398,-10.045308491094094,-10.371115841765821
2016-11-02,-11.82736862631398,-10.045308491094094,-12.283696007101552,-12.107133201473948,-11.905316581255923,-12.34529597492908,-9.833217853486595,-10.065176089158978
2016-11-03,-12.34529597492908,-9.833217853486595,-12.324050210261435,-12.106136034659864,-11.182680171521573,-10.596072133642016,-9.458280986980661,-10.149043750464937
2016-11-04,-10.596072133642016,-9.458280986980661,-11.631455198654114,-11.93669596879977,-11.818797613812555,-12.082394644122589,-10.003789271264989,-10.343383938219088
2016-11-07,-12.082394644122589,-10.003789271264989,-11.584612894691022,-11.951197374528261,-10.91426393459223,-11.420831759594794,-9.840614893780637,-10.634001459445575
2016-11-08,-11.420831759594794,-9.840614893780637,-11.449216216141538,-11.897504996302851,-11.94945852313068,-12.399987027710194,-9.324180103804583,-9.450392021392194
2016-11-09,-12.399987027710194,-9.324180103804583,-11.510811454570021,-11.921492518346339,-7.66821674737498,-8.869695147904537,-6.957842609833304,-7.977458722153952
2016-11-10,-8.869695147904537,-6.957842609833304,-10.19736969794106,-11.231214516291013,-10.437863300733557,-10.214578498824102,-8.34993023797108,-8.676899034470019
2016-11-11,-10.214578498824102,-8.34993023797108,-10.136886633276545,-11.116274559059743,-9.526751069587155,-10.441614712201687,-7.941204848018996,-8.279320568455917
2016-11-14,-10.441614712201687,-7.941204848018996,-10.024556796956563,-11.037707231268588,-9.341107040221846,-10.150964259519888,-8.18655546628461,-8.79432824713912
2016-11-15,-10.150964259519888,-8.18655546628461,-9.905221467165475,-10.943561280915402,-10.844588994416174,-10.598962499394576,-9.10122803696435,-9.609669367449232
2016-11-16,-10.598962499394576,-9.10122803696435,-9.825082634592553,-10.887809368343294,-11.207073893062748,-11.888425568846571,-9.7778708400532,-10.225206063139606
2016-11-17,-11.888425568846571,-9.7778708400532,-10.50734887478518,-10.902135814310814,-11.633664444635178,-11.723031431467513,-9.35730346311394,-9.576128891009155
2016-11-18,-11.723031431467513,-9.35730346311394,-10.74145920850139,-10.887722145388267,-10.380930261655672,-10.814936280810374,-9.15673082203623,-9.819297322537262
2016-11-21,-10.814936280810374,-9.15673082203623,-10.829305435745004,-10.853930189022552,-11.201640880491574,-11.875628570276543,-9.931898892631638,-10.483673372642071
2016-11-22,-11.875628570276543,-9.931898892631638,-11.220684028225653,-10.843686777018515,-11.511702812378175,-12.084390455965098,-10.025742071247878,-10.462560379368698
2016-11-23,-12.084390455965098,-10.025742071247878,-11.560511528019163,-10.841755057620258,-12.364607641595136,-11.658533385921729,-8.826189567844013,-8.918232447740202
2016-11-24,-11.658533385921729,-8.826189567844013,-11.523947389986738,-10.833154705952925,-10.818241969626213,-10.795151532221873,,
2016-11-25,-10.795151532221873,-8.826189567844013,-11.300307577955145,-10.789338779021644,-9.490410424682437,-10.493858486269898,,
2016-11-28,-10.493858486269898,,-11.18427507727524,-10.732361316821079,-10.758268710440799,-10.814337338502265,-9.214257502552808,-9.751090568061809
2016-11-29,-10.814337338502265,-9.214257502552808,-11.01086867074247,-10.696602855975307,-11.086648198139894,-11.643500032598068,-9.31154991686085,-9.62157710869841
2016-11-30,-11.643500032598068,-9.31154991686085,-10.973690511079564,-10.693350306537667,-11.116249241177332,-11.031146575923675,-9.111531596457013,-9.441928763655268
2016-12-01,-11.031146575923675,-9.111531596457013,-10.889350478384399,-10.66760147165619,-9.940871901522499,-11.215626871451908,-8.776207384179036,-9.285765125990363
2016-12-02,-11.215626871451908,-8.776207384179036,-10.96778188348866,-10.692717222237277,-11.17857756852877,-11.449562848863469,-9.356519613633196,-9.691997875885617
2016-12-05,-11.449562848863469,-9.356519613633196,-11.1880798861515,-10.68177786148663,-10.590886548154742,-10.36523209936613,-8.900488832168302,-9.43763015756964
2016-12-06,-10.36523209936613,-8.900488832168302,-11.035562773515391,-10.638009163982028,-11.452471410948439,-11.923027363727314,-9.8100614472186,-10.187510745431926
2016-12-07,-11.923027363727314,-9.8100614472186,-11.062476636774598,-10.632775850193525,-11.595915851002536,-11.789347510595519,-9.818850439407777,-10.187773386453237
2016-12-08,-11.789347510595519,-9.818850439407777,-11.17865247378286,-10.95545031953857,-11.628657761033226,-12.147765442306454,-9.608638937588173,-9.84637378521945
2016-12-09,-12.147765442306454,-9.608638937588173,-11.30291979352694,-11.04944488535863,-11.580294166554458,-11.50603160393035,-9.592759203459476,-9.927713753240099
2016-12-12,-11.50603160393035,-9.592759203459476,-11.31244808435021,-11.11147988877433,-11.026290755796781,-11.08794409217914,-9.536592662934979,-10.111782666320076
2016-12-13,-11.08794409217914,-9.536592662934979,-11.620828036422404,-11.194276263485406,-11.65933869575946,-12.026568776267297,-9.793514972369588,-10.097284735298079
2016-12-14,-12.026568776267297,-9.793514972369588,-11.635476355467313,-11.265694347467955,-12.031352751092152,-12.553091032799205,-9.306889585088667,-9.417266186265072
2016-12-15,-12.553091032799205,-9.306889585088667,-11.731527386054399,-11.278804352454054,-10.586043562947708,-10.812893372711494,-9.060023736396264,-9.555427596729228
2016-12-16,-10.812893372711494,-9.060023736396264,-11.417250829071369,-11.232295580666737,-11.534300568993888,-11.703347480018863,-9.423081671037808,-9.675843677720367
2016-12-19,-11.703347480018863,-9.423081671037808,-11.450571062193179,-11.27800463487835,-11.692266485022685,-12.071977580681914,-10.046850491961077,-10.43975880305662
2016-12-20,-12.071977580681914,-10.046850491961077,-11.649000376105661,-11.282920293297355,-11.244351403052015,-12.295821596754205,-9.87539737726094,-10.295859568207005
2016-12-21,-12.295821596754205,-9.87539737726094,-11.681899345934813,-11.287204711401605,-11.240059599896393,-12.23003252943221,-10.2485953991969,-10.95971101478331
2016-12-22,-12.23003252943221,-10.2485953991969,-11.650482990747848,-11.302333192351014,-11.812873818732355,-12.804621424827134,-10.273666592807421,-10.621996624292697
2016-12-23,-12.804621424827134,-10.273666592807421,-12.159796849295942,-11.376948138610235,-12.714878557312689,-13.344967878312053,-10.460970639158132,-10.636394793910792
2016-12-26,-13.344967878312053,-10.460970639158132,-12.453568251909193,-11.497908974315946,,,,
2016-12-27,-13.344967878312053,-10.460970639158132,-12.453568251909193,-11.497908974315946,-11.801850234687523,-12.550283813552857,-9.555191638261313,-9.724538543197673
2016-12-28,-12.550283813552857,-9.555191638261313,-12.571630936921375,-11.58302211520714,-11.966373360678984,-12.68080123627441,-10.432257109420977,-10.81968433507428
2016-12-29,-12.68080123627441,-10.432257109420977,-12.659592345288084,-11.613878483192757,-11.21705720867614,-12.157071171493328,-9.456436454175472,-9.729691063614682
2016-12-30,-12.157071171493328,-9.456436454175472,-12.636598299949762,-11.67628773722086,-10.768399973839362,-12.21233871335924,-9.689587277155477,-10.234724018434864
2017-01-02,-12.21233871335924,-9.689587277155477,-12.508535126734039,-11.727584563310783,,,,
2017-01-03,-12.21233871335924,-9.689587277155477,-12.508535126734039,-11.727584563310783,-10.994439157238164,-11.368996806628184,-9.160345068108658,-9.474517350159337
2017-01-04,-11.368996806628184,-9.160345068108658,-12.077782871900782,-11.722060262289345,-11.400423553718719,-11.10245622042847,-9.614062829242265,-10.113790139360919
2017-01-05,-11.10245622042847,-9.614062829242265,-11.737234349908162,-11.828847498550207,-10.323280282400088,-11.522908090164012,-9.351873286817847,-10.030347782889063
2017-01-06,-11.522908090164012,-9.351873286817847,-11.580266526323063,-11.806705405140782,-11.409470050633029,-12.138534079797633,-9.539491499222732,-9.798873413385978
2017-01-09,-12.138534079797633,-9.539491499222732,-11.578166890345786,-11.82181392423759,-11.992238348067898,-11.821746793436578,-10.031311428715403,-10.398925146251342
2017-01-10,-11.821746793436578,-10.031311428715403,-11.528721266053898,-11.807998451378616,-11.419709348716427,-11.826408913118897,-9.799969704902924,-10.200080537473973
2017-01-11,-11.826408913118897,-9.799969704902924,-11.618789163201006,-11.826710352695727,-11.477885203949981,-11.881376083975772,-9.018255400864001,-9.172055865411266
2017-01-12,-11.881376083975772,-9.018255400864001,-11.818902785709456,-11.885746688752693,-11.38043616399227,-11.180677781044638,-9.54299101724902,-9.979409759334727
2017-01-13,-11.180677781044638,-9.54299101724902,-11.714785215053935,-11.82958649732355,-11.623832300519272,-11.933062050476309,-9.61039844305659,-9.873767210448804
2017-01-16,-11.933062050476309,-9.61039844305659,-11.685359506986725,-11.808968091828849,-11.382751427892517,-11.70223694948547,,
2017-01-17,-11.70223694948547,-9.61039844305659,-11.663449391057155,-11.892077870814775,-11.701906407139196,-11.3286456511377,-9.705181052311918,-10.11013643614281
2017-01-18,-11.3286456511377,-9.705181052311918,-11.55944250592455,-11.864999023701177,-11.839313008998621,-12.03840102266469,-9.884060142526579,-10.181803721533603
2017-01-19,-12.03840102266469,-9.884060142526579,-11.580731138918367,-11.863611863124383,-11.31960535553081,-11.78238060711463,-9.512229192514607,-9.823358196040433
2017-01-20,-11.78238060711463,-9.512229192514607,-11.725646605943206,-11.842068180632653,-11.308502169472524,-11.655256472643616,-9.351395223821314,-9.627331861865596
2017-01-23,-11.655256472643616,-9.351395223821314,-11.674906966384862,-11.816061126614898,-11.316406590199795,-11.791733274409152,-9.806632200058457,-10.250307953063148
2017-01-24,-11.791733274409152,-9.806632200058457,-11.691707382627278,-11.783956337428982,-12.163436755859172,-12.619043538587006,-10.391733772276593,-10.717271766836355
2017-01-25,-12.619043538587006,-10.391733772276593,-11.92543637969045,-11.772822893300683,-11.657955167273155,-11.792396388135584,-9.572761510816862,-9.837941102336119
2017-01-26,-11.792396388135584,-9.572761510816862,-11.876815098395667,-11.74710420230214,-11.838416154068417,-11.349363539361166,-9.564158497779175,-9.879740727124483
2017-01-27,-11.349363539361166,-9.564158497779175,-11.764277613883035,-11.69378335327158,-11.674455696760752,-11.80664485704814,-9.769688285808789,-10.097196054758452
2017-01-30,-11.80664485704814,-9.769688285808789,-11.796112658047276,-11.680666612138852,-12.75204506071134,-12.037760595448862,-9.949561736210656,-10.15360064072574
2017-01-31,-12.037760595448862,-9.949561736210656,-11.840912631750738,-11.675078000117304,-11.934385596929284,-11.126449846116955,-9.393327302146433,-9.68838944045778
2017-02-01,-11.126449846116955,-9.393327302146433,-11.565734631183927,-11.656610365413862,-12.080156496519217,-12.078434606314836,-9.562821600717871,-9.738947610365452
2017-02-02,-12.078434606314836,-9.562821600717871,-11.606205424531785,-11.712367231865073,-11.720791961866276,-11.141493680093959,-9.567776704813802,-9.95846174232605
2017-02-03,-11.141493680093959,-9.567776704813802,-11.548179063788949,-11.68469289064391,-11.268183812146377,-12.705623075115758,-9.655798913857428,-9.939195147791324
2017-02-06,-12.705623075115758,-9.655798913857428,-11.644237857873604,-11.698534440589723,-12.132643963987332,-12.083024602190067,-10.270149302722917,-10.653562875814618
2017-02-07,-12.083024602190067,-10.270149302722917,-11.650227298974459,-11.708750358942721,-11.829709636475512,-11.82030324958832,-10.089410658705898,-10.524192590809838
2017-02-08,-11.82030324958832,-10.089410658705898,-11.835302893457323,-11.708478169167396,-11.951421040264327,-11.666184035032243,-10.034204661276348,-10.453603041220102
2017-02-09,-11.666184035032243,-10.034204661276348,-11.758324691725596,-11.698429932819433,-12.499227869673906,-11.43377028242519,-9.435621345210054,-9.636887129107137
2017-02-10,-11.43377028242519,-9.435621345210054,-11.856959514007375,-11.717371370774622,-11.560250101434422,-12.110080850849743,-9.867504668315716,-10.210274218426656
2017-02-13,-12.110080850849743,-9.867504668315716,-11.789602379091615,-11.723930821275376,-12.022094578832279,-12.47412052720428,-10.350024343583357,-10.717325136118825
2017-02-14,-12.47412052720428,-10.350024343583357,-11.839081327657851,-11.75179823285123,-12.440896765035305,-12.222047353304513,-9.53616855575553,-9.667331259426545
2017-02-15,-12.222047353304513,-9.53616855575553,-11.908885835101122,-11.797942733902541,-12.576000400677874,-12.602261776670607,-9.787000483114344,-9.91639386511046
2017-02-16,-12.602261776670607,-9.787000483114344,-12.077257818667459,-11.815031669703094,-12.364236618102282,-11.68321997252169,-10.209539959554657,-10.632689416436781
2017-02-17,-11.68321997252169,-10.209539959554657,-12.165029440951148,-11.809660942518631,-12.953812162206644,-11.701869865322434,-10.46583079219162,-10.933613243499122
2017-02-20,-11.701869865322434,-10.46583079219162,-12.06380937673038,-11.81232186828914,-12.440709502308499,-13.381919264248685,,
2017-02-21,-13.381919264248685,-10.46583079219162,-12.146279030314043,-11.853804135011739,-12.636245465232808,-11.960661750026178,-10.179348888814514,-10.4725359495644
2017-02-22,-11.960661750026178,-10.179348888814514,-12.092372370334443,-11.832364070764996,-12.655874964769032,-12.279867420858665,-9.97623435017801,-10.160737953470516
2017-02-23,-12.279867420858665,-9.97623435017801,-12.047691355651688,-11.85264612121354,-12.735744128521503,-12.744396804215214,-10.323833569051615,-10.520475667530087
2017-02-24,-12.744396804215214,-10.323833569051615,-12.256322892915398,-11.916875611283334,-12.954222721181518,-12.287681434865535,-10.32599922620477,-10.56530809842196
2017-02-27,-12.287681434865535,-10.32599922620477,-12.423998723205534,-11.938424006349129,-12.218176189708403,-12.4032155541156,-10.293653999536842,-10.60458642369479
2017-02-28,-12.4032155541156,-10.293653999536842,-12.304029506771023,-11.952379525250972,-12.320306181264806,-12.00428319272258,-9.749226126278794,-9.949288712518033
2017-03-01,-12.00428319272258,-9.749226126278794,-12.316136638754813,-12.021439337167104,-11.084245802016323,-11.500895375092249,-9.666739731046478,-10.181014489762395
2017-03-02,-11.500895375092249,-9.666739731046478,-12.097356862916667,-11.98518724139881,-12.464642401187927,-12.316270352807127,-9.884263887142406,-10.062919007203442
2017-03-03,-12.316270352807127,-9.884263887142406,-12.042906961627283,-12.068938101089726,-12.066442263145797,-11.703884834965946,-9.654089367707597,-9.900457347575044
2017-03-06,-11.703884834965946,-9.654089367707597,-11.925889850804682,-12.024368859725737,-12.051075440885787,-12.102209945624477,-10.409327391070239,-10.883547342879183
2017-03-07,-12.102209945624477,-10.409327391070239,-11.883230983318125,-12.025265257911583,-12.566184882259458,-12.827716021418453,-10.58705435315755,-10.867532336370973
2017-03-08,-12.827716021418453,-10.58705435315755,-11.987949021825967,-12.065007071284311,-12.692762012404962,-12.307993943982943,-10.194463549150095,-10.421408681514182
2017-03-09,-12.307993943982943,-10.194463549150095,-12.186740872365123,-12.100934195342711,-12.132262860084895,-12.425100160051052,-10.150121849938815,-10.425313037992579
2017-03-10,-12.425100160051052,-10.150121849938815,-12.205024837721336,-12.164170767957172,-11.974540362808218,-13.037833795828705,-9.738694192838295,-9.893964807708308
2017-03-13,-13.037833795828705,-9.738694192838295,-12.483621832339752,-12.196598911867355,-12.327548730079638,-12.332769018954473,-10.501594236805154,-10.889154198783164
2017-03-14,-12.332769018954473,-10.501594236805154,-12.545821785451306,-12.190863640969088,-12.871876210381412,-12.47460103265636,-10.221579985412363,-10.41481476723855
2017-03-15,-12.47460103265636,-10.221579985412363,-12.483887004046466,-12.201739222869199,-11.797721375564434,-12.510399030368175,-9.063324813264826,-9.165104892604912
2017-03-16,-12.510399030368175,-9.063324813264826,-12.528565218844928,-12.198521369912942,-11.385736278030153,-11.999172900395726,-9.940714734128967,-10.392315353546456
2017-03-17,-11.999172900395726,-9.940714734128967,-12.417221865545448,-12.221459231289378,-12.658026853004195,-11.880337134145517,-10.628959734079942,-11.169503492105552
2017-03-20,-11.880337134145517,-10.628959734079942,-12.2064660861394,-12.23529511372762,-12.41119042865015,-13.171268968803966,-11.085088779527277,-11.578845573959336
2017-03-21,-13.171268968803966,-11.085088779527277,-12.311890939784544,-12.231577221852874,-11.456093116929138,-12.375474201060477,-9.984057985071237,-10.371130342575405
2017-03-22,-12.375474201060477,-9.984057985071237,-12.29433427250687,-12.254088064247872,-12.529279923776203,-12.14307183995189,-10.339807477244698,-10.663788426064837
2017-03-23,-12.14307183995189,-10.339807477244698,-12.225252565948528,-12.246970308577183,-12.633261803989857,-12.398524946195423,-10.02938081504922,-10.212758909399218
2017-03-24,-12.398524946195423,-10.02938081504922,-12.311413468173992,-12.234484711665747,-12.237980282275446,-12.22860839169076,-10.124559138821715,-10.402667818025295
2017-03-27,-12.22860839169076,-10.124559138821715,-12.406291996811467,-12.231603857467395,-11.658839466773049,-12.88288456377047,-9.96921714077263,-10.242162383161661
2017-03-28,-12.88288456377047,-9.96921714077263,-12.375655948934316,-12.247780423569118,-12.953369334582435,-12.847212125542725,-10.330138219942434,-10.496503823113631
2017-03-29,-12.847212125542725,-10.330138219942434,-12.453866462720748,-12.284785709534095,-12.303518641244006,-12.23205844505878,-10.431476430968507,-10.815686936990433
2017-03-30,-12.23205844505878,-10.431476430968507,-12.47737611279109,-12.343253804921101,-12.437821378357592,-12.7212849003624,-10.141685292924992,-10.335817927695082
2017-03-31,-12.7212849003624,-10.141685292924992,-12.538929050330458,-12.360508901972763,-11.753396504083831,-12.761409021419155,-10.321373811736922,-10.715873973797201
2017-04-03,-12.761409021419155,-10.321373811736922,-12.658463169271187,-12.425503776219413,-12.843019910248893,-12.614284395089706,-10.673130145746256,-10.97117018292669
2017-04-04,-12.614284395089706,-10.673130145746256,-12.610398828614318,-12.453579390699877,-12.824920934537719,-12.355290791038238,-10.640057242584861,-10.98595442113212
2017-04-05,-12.355290791038238,-10.640057242584861,-12.514822786357607,-12.433022233120443,-13.016415235254653,-12.509157082368837,-9.863609871182756,-9.984308064366862
2017-04-06,-12.509157082368837,-9.863609871182756,-12.581199939750212,-12.443400363844113,-11.675061796612955,-12.118677199989406,-10.33794735704766,-10.902028627539881
2017-04-07,-12.118677199989406,-10.33794735704766,-12.446880457420095,-12.425306113098381,-9.908006109049042,-12.409805361699304,-9.07245834629541,-9.705768005261332
2017-04-10,-12.409805361699304,-9.07245834629541,-12.387171464840037,-12.40190006795635,-12.280100280973201,-13.172988875674546,-10.511129796988598,-10.785996660085639
2017-04-11,-13.172988875674546,-10.511129796988598,-12.45782652570654,-12.43282677741102,-12.160743234547938,-12.641289953820797,-9.935621962638534,-10.1278483917609
2017-04-12,-12.641289953820797,-9.935621962638534,-12.514522721603372,-12.440216783171035,-11.472199181222427,-12.745534675850937,-9.578694506870299,-9.792729430643597
2017-04-13,-12.745534675850937,-9.578694506870299,-12.557774766832425,-12.450031531813792,-11.896099519394365,-12.764243779571869,-10.271324209327874,-10.599306443539845
2017-04-14,-12.764243779571869,-10.271324209327874,-12.717440164092471,-12.492902257525401,,,,
2017-04-17,-12.764243779571869,-10.271324209327874,-12.717440164092471,-12.492902257525401,-11.785971690964889,-12.831636324662254,-10.36261540147784,-10.756505503006553
2017-04-18,-12.831636324662254,-10.36261540147784,-12.815741478577321,-12.551192947507548,-12.329260144876725,-12.692863388855264,-9.660506593010377,-9.785548977206767
2017-04-19,-12.692863388855264,-9.660506593010377,-12.733029015022645,-12.534827411828422,-12.430483398159181,-12.367086763296225,-9.982707485098183,-10.179491379339579
2017-04-20,-12.367086763296225,-9.982707485098183,-12.666156993737541,-12.534333646156899,-11.965906825027426,-11.864575420414715,-9.952618375332444,-10.282984805041398
2017-04-21,-11.864575420414715,-9.952618375332444,-12.434192846892733,-12.510865233336212,-12.72212648136475,-12.83147553532878,-10.159953667562222,-10.318110204642657
2017-04-24,-12.83147553532878,-10.159953667562222,-12.443585444802787,-12.53072042649679,-11.29211117012331,-12.47059902262869,-9.967457951391827,-10.394743481047602
2017-04-25,-12.47059902262869,-9.967457951391827,-12.386266006364218,-12.54536449455665,-12.52920963061285,-12.611295429764867,-10.264750644704721,-10.487376175663954
2017-04-26,-12.611295429764867,-10.264750644704721,-12.373834424146981,-12.53429311578859,-12.447700957312883,-12.312250242763147,-9.793791886165721,-9.95744005769669
2017-04-27,-12.312250242763147,-9.793791886165721,-12.362548442357447,-12.50875618802691,-12.47220625788703,-13.195782693427097,-10.334458243296863,-10.526967187070184
2017-04-28,-13.195782693427097,-10.334458243296863,-12.639815991237818,-12.550396120174918,-12.815887941892802,-12.990702666038693,-10.770993956735634,-11.042848162930454
2017-05-01,-12.990702666038693,-10.770993956735634,-12.664421101344434,-12.560399805222787,-11.819745609525773,-13.465698600929539,-10.133382416574486,-10.383000990333393
2017-05-02,-13.465698600929539,-10.133382416574486,-12.83050519627581,-12.581290701623088,-12.916722869111966,-12.779296467196847,-11.185396926675342,-11.663725416973076
2017-05-03,-12.779296467196847,-11.185396926675342,-12.869776281867672,-12.58867688938055,-13.936058958944786,-12.828816102716981,-10.380367098415094,-10.502522459874703
2017-05-04,-12.828816102716981,-10.380367098415094,-13.021654644491955,-12.612782643339127,-11.856022638816754,-12.494257957204738,-9.838046617346263,-10.065120335687803
2017-05-05,-12.494257957204738,-9.838046617346263,-12.863911698330652,-12.611950509094326,-11.101835581190173,-12.40894574915048,-9.886602609550001,-10.359670443378231
2017-05-08,-12.40894574915048,-9.886602609550001,-12.733725558772713,-12.632795756994847,-11.912943667701784,-11.89315222260716,-10.29995932125739,-10.815073302183304
2017-05-09,-11.89315222260716,-10.29995932125739,-12.420853000549274,-12.59139569203422,-12.525580329026084,-12.199510569213976,-10.081194500238661,-10.313143379580929
2017-05-10,-12.199510569213976,-10.081194500238661,-12.316675434627154,-12.546385966906724,-12.352816098995156,-11.960547924624455,-10.523956285049296,-11.032007835163304
2017-05-11,-11.960547924624455,-10.523956285049296,-12.163340269733576,-12.502989578067178,-12.633551791560942,-12.69699099091586,-10.579530726622755,-10.86528819379837
2017-05-12,-12.69699099091586,-10.579530726622755,-12.190054792995662,-12.501040060672471,-13.328270202492465,-12.918488290501385,-10.855160328607434,-11.092596449205463
2017-05-15,-12.918488290501385,-10.855160328607434,-12.256353759212935,-12.50654818822843,-12.549749957346883,-12.148241947181523,-10.5018275905857,-10.890055731514286
2017-05-16,-12.148241947181523,-10.5018275905857,-12.323295872456768,-12.471739111307917,-12.515199670489334,-13.071954381430134,-10.572409667832893,-10.82785168594607
2017-05-17,-13.071954381430134,-10.572409667832893,-12.464576574366873,-12.484465932068755,-11.498268913842198,-12.301188548818613,-9.798202175414024,-10.105422632065963
2017-05-18,-12.301188548818613,-9.798202175414024,-12.565034303897436,-12.48064315825857,-11.882954712191589,-11.215835134227868,-9.451908008748468,-9.75208823114148
2017-05-19,-11.215835134227868,-9.451908008748468,-12.097789643220029,-12.399488145882916,-11.823232579819221,-11.869993685162132,-10.170736161342086,-10.639764717653373
2017-05-22,-11.869993685162132,-10.170736161342086,-11.946665538529002,-12.348374203538652,-11.882618869518357,-12.670899632938466,-10.587911546187279,-11.096299321654266
2017-05-23,-12.670899632938466,-10.587911546187279,-12.015532444590903,-12.356438224533745,-12.987695662755987,-12.256022698028788,-10.204822902313078,-10.416088627600942
2017-05-24,-12.256022698028788,-10.204822902313078,-11.931458861901055,-12.340043206282232,-11.984953712579982,-12.292877832771875,-9.775657440745617,-9.986948312350254
2017-05-25,-12.292877832771875,-9.775657440745617,-11.930306331253396,-12.339038083387955,-12.201127387166533,-12.35747910511998,-10.553165289641562,-10.994821011511306
2017-05-26,-12.35747910511998,-10.553165289641562,-12.256245679570355,-12.311559789101548,-12.44923844905938,-11.527354997439605,-10.255344465985653,-10.752512714851287
2017-05-29,-11.527354997439605,-10.255344465985653,-12.142680497704248,-12.230735257816136,-12.934816750027151,-13.844247101860063,,
2017-05-30,-13.844247101860063,-10.255344465985653,-12.227640868343983,-12.235328719252152,-12.111018252433517,-11.996156605141746,-10.453149330771524,-10.971137175939067
2017-05-31,-11.996156605141746,-10.453149330771524,-12.171553141089957,-12.201422270021808,-12.623826160643448,-12.77501074154651,-10.28306253873278,-10.48029800522094
2017-06-01,-12.77501074154651,-10.28306253873278,-12.241724344457642,-12.19994745464893,-12.096560678335804,-12.544722445777994,-10.2150606778244,-10.502329573370272
2017-06-02,-12.544722445777994,-10.2150606778244,-12.272615218477641,-12.201782406636644,-12.165815908821568,-12.614295757195892,-9.807891220027365,-9.976355109162498
2017-06-05,-12.614295757195892,-9.807891220027365,-12.600123802488977,-12.209356140155991,-12.375589201962251,-12.951336907041902,-11.057874778574998,-11.599668745626644
2017-06-06,-12.951336907041902,-11.057874778574998,-12.520270597526512,-12.255177076519168,-12.520133087524751,-12.313502651326523,-10.422998976513796,-10.74293377460672
2017-06-07,-12.313502651326523,-10.422998976513796,-12.616619521933284,-12.26088846914767,-13.119684836206408,-11.941569979813146,-10.35759463107916,-10.670003253182925
2017-06-08,-11.941569979813146,-10.35759463107916,-12.4160300973016,-12.259595755865071,-12.197837895214168,-12.545527358592121,-9.898903311662137,-10.086747107230316
2017-06-09,-12.545527358592121,-9.898903311662137,-12.416171593382943,-12.254329754087289,-11.767842469577362,-12.294448014211689,-10.10043447473148,-10.457401036110562
2017-06-12,-12.294448014211689,-10.10043447473148,-12.35617326493472,-12.23227626137473,-12.24417994276248,-12.291679677655665,-10.469466687879397,-10.871736368423608
2017-06-13,-12.291679677655665,-10.469466687879397,-12.258112974897504,-12.23956977817046,-12.558081532499132,-12.336663567604498,-10.667503011519338,-11.082094020384927
2017-06-14,-12.336663567604498,-10.667503011519338,-12.262454607921047,-12.216221475080669,-12.442158260698259,-12.952133585865504,-9.248993272844203,-9.316937883698005
2017-06-15,-12.952133585865504,-9.248993272844203,-12.455216743339955,-12.23844020462444,-12.037583028000157,-11.761307506085904,-10.255516212511807,-10.75002837030129
2017-06-16,-11.761307506085904,-10.255516212511807,-12.258355182284213,-12.29866703623741,-12.237015829035103,-12.78309090973337,-10.91516074329055,-11.46175725962494
2017-06-19,-12.78309090973337,-10.91516074329055,-12.335849596410222,-12.34571501035503,-12.755001172226006,-12.499685701097247,-10.694234373608708,-11.039201715913686
2017-06-20,-12.499685701097247,-10.694234373608708,-12.375896640023281,-12.338992498343375,-13.23139446468398,-12.899045554512002,-10.96355046799032,-11.24842042585847
2017-06-21,-12.899045554512002,-10.96355046799032,-12.469627587719065,-12.365096781535385,-13.246357170806062,-12.957400223455327,-10.867044317143664,-11.110718841094265
2017-06-22,-12.957400223455327,-10.867044317143664,-12.470276239252463,-12.391535154081545,-12.378999247117214,-12.539213864395366,-10.623582062351208,-11.009367924576306
2017-06-23,-12.539213864395366,-10.623582062351208,-12.718355582842277,-12.400169036309798,-12.792271106042033,-11.520767499839176,-10.80600270836979,-11.790876553239698
2017-06-26,-11.520767499839176,-10.80600270836979,-12.329724276401848,-12.399378342517707,-12.795427494000082,-9.03302542350097,-8.840636333219091,-10.699487866686203
2017-06-27,-9.03302542350097,-8.840636333219091,-10.499398592836755,-11.508674348089794,-12.653087541540863,-12.322993467049129,-10.246657986959693,-10.489399083901061
2017-06-28,-12.322993467049129,-10.246657986959693,-10.485358744664577,-11.517272706180103,-11.986464829290078,-12.196550991434995,-10.535397513605862,-11.087461618873832
2017-06-29,-12.196550991434995,-10.535397513605862,-10.466294050846988,-11.5061999169442,-12.605445949876433,-11.178040885405768,-9.923823554352895,-10.360394052947766
2017-06-30,-11.178040885405768,-9.923823554352895,-10.395841505958645,-11.455771454155277,-11.91835983564754,-12.457581871054783,-10.558475960510759,-11.080013738629088
2017-07-03,-12.457581871054783,-10.558475960510759,-10.436131173055617,-11.453111749530413,-12.220932775979625,-12.79583809579386,-10.239798548227707,-10.482538145748723
2017-07-04,-12.79583809579386,-10.239798548227707,-12.019283674279155,-11.45123320379292,-11.654547043172819,-12.767454495067431,,
2017-07-05,-12.767454495067431,-10.239798548227707,-12.073706839192052,-11.45896583311172,-12.139318781156048,-11.511607044122034,-9.84478979493356,-10.186795753684079
2017-07-06,-11.511607044122034,-9.84478979493356,-11.913298476908793,-11.442524424051674,-12.059764548919778,-12.872530724342207,-10.273171123893695,-10.550046545880106
2017-07-07,-12.872530724342207,-10.273171123893695,-12.32967256160737,-11.447163446619163,-11.582344484883993,-13.365012202552977,-9.920278502502676,-10.170870105099318
2017-07-10,-13.365012202552977,-9.920278502502676,-12.440565558849238,-11.46134627089507,-11.997610460547714,-12.621683836033732,-9.88375272562211,-10.08890317502698
2017-07-11,-12.621683836033732,-9.88375272562211,-12.4142441668476,-11.467491290515479,-11.99931471592971,-12.390996333151023,-10.276931828219618,-10.632730235815206
2017-07-12,-12.390996333151023,-10.276931828219618,-12.352003771792907,-11.468600595999142,-12.160468331969811,-12.799381885443045,-9.96561887451074,-10.15214911369886
2017-07-13,-12.799381885443045,-9.96561887451074,-12.760869854343525,-11.466730553471528,-12.553660054927363,-12.81171221801698,-10.747176253920633,-11.091227982158529
2017-07-14,-12.81171221801698,-10.747176253920633,-12.749716094509363,-11.491243666910526,-11.898390028790859,-13.017779846214335,-9.707342667575002,-9.867863366477831
2017-07-17,-13.017779846214335,-9.707342667575002,-12.705818223334086,-11.4941215917629,-12.325019486982303,-13.284920235465586,-10.845192439790129,-11.223326919326128
2017-07-18,-13.284920235465586,-10.845192439790129,-12.817280358921398,-11.504121995662416,-12.447937853306628,-12.656233340628567,-10.75633802931564,-11.162516651049382
2017-07-19,-12.656233340628567,-10.75633802931564,-12.891317828638195,-11.5007219342554,-12.810293688486821,-12.654715499266299,-10.853320760202685,-11.219114231228929
2017-07-20,-12.654715499266299,-10.853320760202685,-12.857758766432132,-11.496612101084478,-12.44056860259212,-12.749633963592412,-10.164780617316657,-10.360945239239749
2017-07-21,-12.749633963592412,-10.164780617316657,-12.844435193019834,-11.499962504735148,-12.823880687468524,-12.999397838505082,-11.01029701588484,-11.36681068412433
2017-07-24,-12.999397838505082,-11.01029701588484,-12.841320168744788,-11.538503443773369,-12.481748905893012,-12.114522481212822,-10.633375154697992,-11.119296390736677
2017-07-25,-12.114522481212822,-10.633375154697992,-12.59029313400951,-12.41644900080036,-12.666546650305555,-11.826433634096512,-10.47576870217871,-10.939230031604712
2017-07-26,-11.826433634096512,-10.47576870217871,-12.373512502707353,-12.381755135835066,-12.314283644033871,-12.403188843875917,-10.002813017513901,-10.21328623770191
2017-07-27,-12.403188843875917,-10.002813017513901,-12.33124171599782,-12.393052194686117,-11.875597280250627,-12.832728308094042,-10.08630417228116,-10.349274252772913
2017-07-28,-12.832728308094042,-10.08630417228116,-12.341792049994426,-12.539587031420941,-12.531380581513655,-12.434118521892275,-10.276575638909247,-10.525681871306398
2017-07-31,-12.434118521892275,-10.276575638909247,-12.265995176421745,-12.538299375826005,-12.061207133503599,-13.08079303445334,-10.97926330100821,-11.59768396429778
2017-08-01,-13.08079303445334,-10.97926330100821,-12.4216711532611,-12.547928326209481,-12.56020011420448,-12.129543472468265,-10.25611205902433,-10.548398746884374
2017-08-02,-12.129543472468265,-10.25611205902433,-12.521311973035305,-12.512724989091739,-12.534817542747003,-12.482087064447722,-9.872025447782848,-10.026673323707552
2017-08-03,-12.482087064447722,-9.872025447782848,-12.53853510472034,-12.601021390711995,-12.425076811046194,-12.245407697558084,-10.402447442461447,-10.74586085948373
2017-08-04,-12.245407697558084,-10.402447442461447,-12.426013697334476,-12.568320540018288,-13.280585335373772,-13.654161255954378,-9.889312078671718,-9.947828121912128
2017-08-07,-13.654161255954378,-9.889312078671718,-12.576625771296225,-12.573996625143625,-13.06249677453482,-13.191366252181982,-11.08337331510271,-11.384035069243808
2017-08-08,-13.191366252181982,-11.08337331510271,-12.589351830352863,-12.594917481537072,-12.970196185492654,-12.313449019438323,-10.179296502934566,-10.377394848170136
2017-08-09,-12.313449019438323,-10.179296502934566,-12.644029930732055,-12.589986023990587,-11.917490700079204,-11.791532334880946,-9.95983592830959,-10.318413861168793
2017-08-10,-11.791532334880946,-9.95983592830959,-12.433816885545655,-12.521812175986001,-12.074797512171605,-12.64897500395847,-10.301941258907592,-10.61050605249215
2017-08-11,-12.64897500395847,-10.301941258907592,-12.517397104851458,-12.515221347790872,-11.739674466140976,-12.518834150951898,-9.777584197057372,-10.007065267820126
2017-08-14,-12.518834150951898,-9.777584197057372,-12.390287316323928,-12.495839746381925,-12.131691866822395,-12.080618748586863,-10.372472805574688,-10.80847038977171
2017-08-15,-12.080618748586863,-10.372472805574688,-12.222381015628581,-12.44417547129465,-11.316118927724157,-12.580923309169101,-10.146898494196627,-10.654881827741395
2017-08-16,-12.580923309169101,-10.146898494196627,-12.266178588912286,-12.441016852634426,-12.73620360334394,-12.983949044867357,-10.331668534451781,-10.506972073343709
2017-08-17,-12.983949044867357,-10.331668534451781,-12.519680004212852,-12.452408981908938,-11.67439923108097,-12.332421208931727,-9.689467642705505,-9.923344620634051
2017-08-18,-12.332421208931727,-9.689467642705505,-12.45628752151645,-12.433361237216863,-12.1977619061959,-11.107826176488127,-9.658325145606552,-10.034617244711397
2017-08-21,-11.107826176488127,-9.658325145606552,-11.997328966651978,-12.285095226622532,-12.273969712828553,-12.723194761285926,-10.478602887177502,-10.796108361968694
2017-08-22,-12.723194761285926,-10.478602887177502,-12.088606680964505,-12.312503544863722,-12.103266915786307,-12.739380417589578,-10.228521257537093,-10.495868064410548
2017-08-23,-12.739380417589578,-10.228521257537093,-12.106682427824936,-12.362396229398975,-12.038160575344785,-13.321471214008014,-10.805130622775497,-11.270605109876998
2017-08-24,-13.321471214008014,-10.805130622775497,-12.130800040018501,-12.39165929551546,-12.597822275231358,-12.780775841922685,-10.701574714515447,-11.023380399328554
2017-08-25,-12.780775841922685,-10.701574714515447,-12.191685746013558,-12.389945415986041,-12.87797611909801,-12.796070160326982,-9.024019576192224,-9.069226744582123
2017-08-28,-12.796070160326982,-9.024019576192224,-12.849332981292045,-12.404580044845886,-12.70919932923351,-13.086635402456691,-9.798212515955086,-9.894431221486013
2017-08-29,-13.086635402456691,-9.798212515955086,-12.92097641452564,-12.40472817636378,-12.29253107237539,-10.975506033348458,-9.585717042308131,-9.965334589901364
2017-08-30,-10.975506033348458,-9.585717042308131,-12.151072597266628,-12.271129703999787,-12.281876761048704,-12.223650220122877,-10.246451732210934,-10.559905094740762
2017-08-31,-12.223650220122877,-10.246451732210934,-12.034223276205447,-12.259259628364767,-11.735688898904327,-12.130966171643738,-10.025484840240484,-10.385903826341082
2017-09-01,-12.130966171643738,-10.025484840240484,-11.951024037349423,-12.253131530200326,-12.666989098237693,-13.022518660063623,-9.318403899816456,-9.380019795433423
2017-09-04,-13.022518660063623,-9.318403899816456,-11.968585605786407,-12.242342256567106,-11.7016363041044,-12.098206955329148,,
2017-09-05,-12.098206955329148,-9.318403899816456,-11.86395332884825,-12.204664959459429,-11.823337680468104,-11.986127931853996,-9.995966343102507,-10.349089223691413
2017-09-06,-11.986127931853996,-9.995966343102507,-12.23396183263942,-12.18744748406692,-12.28219380276811,-11.959478033645107,-10.131706376097263,-10.456327459430158
2017-09-07,-11.959478033645107,-10.131706376097263,-12.174658309842146,-12.19899875851983,-12.668180445997622,-12.36054800336417,-10.06912211931168,-10.262058684227904
2017-09-08,-12.36054800336417,-10.06912211931168,-12.218462979298257,-12.188396099225248,-11.423541407303354,-12.16704511268406,-10.050518961762915,-10.518587536363304
2017-09-11,-12.16704511268406,-10.050518961762915,-12.104196805699106,-12.173361109606356,-12.337703486981491,-12.273260327272302,-10.354921756605995,-10.689746369138183
2017-09-12,-12.273260327272302,-10.354921756605995,-12.137040826724254,-12.1830201285246,-12.054568785763827,-11.922204724792367,-10.354420432536505,-10.850625271318442
2017-09-13,-11.922204724792367,-10.354420432536505,-12.121804817805334,-12.152187333357032,-12.5593182826948,-12.54019020363289,-10.348432197803941,-10.598591996897701
2017-09-14,-12.54019020363289,-10.348432197803941,-12.231203699537097,-12.140104198029778,-12.119674348226532,-12.008177708578666,-9.716741125377197,-9.929406435449259
2017-09-15,-12.008177708578666,-9.716741125377197,-12.159593676512074,-12.12442874442946,-12.179829249146321,-11.390100359710903,-10.156611036448432,-10.70739737556725
2017-09-18,-11.390100359710903,-10.156611036448432,-11.949965697367062,-12.159005033452132,-12.270671456737533,-12.381073318634112,-10.517163182339392,-10.915003159684037
2017-09-19,-12.381073318634112,-10.517163182339392,-11.964870545917433,-12.147469829680757,-12.077839894954412,-12.253402700059684,-10.531057889017132,-11.027945845238097
2017-09-20,-12.253402700059684,-10.531057889017132,-12.02551827406938,-12.130307163266234,-12.602643101041235,-12.5830357661517,-9.268407930741294,-9.343120064355944
2017-09-21,-12.5830357661517,-9.268407930741294,-12.03054444263716,-12.113842288898764,-11.353799491970406,-11.721908957576964,-9.946927152010467,-10.482036262290226
2017-09-22,-11.721908957576964,-9.946927152010467,-11.964953870587014,-12.066645825619617,-11.670429988380942,-12.089848484037995,-10.548506525918253,-11.324484195103397
2017-09-25,-12.089848484037995,-10.548506525918253,-12.162010733899947,-12.042203099607537,-12.079156682465154,-12.001303384535962,-9.784584463012752,-10.020016402425918
2017-09-26,-12.001303384535962,-9.784584463012752,-12.090421539263998,-12.008291836565228,-11.954995368193254,-11.536018912234326,-9.683418327869148,-9.984493921156362
2017-09-27,-11.536018912234326,-9.683418327869148,-11.926383866452282,-12.070446265223781,-11.839537965950395,-11.780769535805861,-10.048199568935418,-10.469133057989271
2017-09-28,-11.780769535805861,-10.048199568935418,-11.806263072281169,-12.046825406744063,-11.897378678914427,-11.460491798866148,-10.316033371641602,-11.058569325746717
2017-09-29,-11.460491798866148,-10.316033371641602,-11.743276017300177,-12.00385765735759,-12.487418136252833,-12.266399307068754,-10.189550458023916,-10.44547209277106
2017-10-02,-12.266399307068754,-10.189550458023916,-11.766430216986477,-11.983662154701925,-12.035893761698574,-12.150411318512623,-10.304360181008885,-10.71213601710671
2017-10-03,-12.150411318512623,-10.304360181008885,-11.788579067093666,-11.985932735026157,-11.624072629847962,-12.307576499658168,-10.513615837174779,-11.198216959406807
2017-10-04,-12.307576499658168,-10.513615837174779,-11.937589655479515,-11.999770457354368,-12.745786401127702,-12.544931456025706,-10.34855385290459,-10.574419377664674
2017-10-05,-12.544931456025706,-10.34855385290459,-12.071118316270159,-12.023109032458922,-13.267514792724441,-12.383065609350147,-10.56318557632347,-10.823201100765855
2017-10-06,-12.383065609350147,-10.56318557632347,-12.322035178267091,-12.023903793270776,-12.807295482990375,-12.627627978614509,-9.907920398385846,-10.03683575956224
2017-10-09,-12.627627978614509,-9.907920398385846,-12.388287404863103,-12.040026062795286,-11.178609175409763,-11.796947196704016,-10.237965597178105,-11.156074730216524
2017-10-10,-11.796947196704016,-10.237965597178105,-12.28611793765817,-12.016153241461678,-11.673494354701264,-12.230590060259694,-10.47525332915139,-11.118798294203865
2017-10-11,-12.230590060259694,-10.47525332915139,-12.270573687744402,-12.030835875353691,-12.175127872175501,-12.89116353791657,-10.414550166795435,-10.710227872473174
2017-10-12,-12.89116353791657,-10.414550166795435,-12.316080153260454,-12.039768652896306,-12.550412456808475,-12.973132955684346,-10.845317315587526,-11.203210506919406
2017-10-13,-12.973132955684346,-10.845317315587526,-12.403127594562994,-12.072233307674585,-12.89980367757926,-12.408634737948434,-9.704999105749716,-9.819216678483144
2017-10-16,-12.408634737948434,-9.704999105749716,-12.364754794006329,-12.137505757374306,-12.534915942001643,-12.683107527247591,-10.181932156573257,-10.376820668055126
2017-10-17,-12.683107527247591,-10.181932156573257,-12.597203595333214,-12.147774983897058,-12.151297039858795,-12.264983403858043,-10.346226674266422,-10.719106832312656
2017-10-18,-12.264983403858043,-10.346226674266422,-12.60700758363817,-12.148293105423786,-11.930943104540768,-12.317159365379924,-10.532568332328516,-11.068478910027478
2017-10-19,-12.317159365379924,-10.532568332328516,-12.496616171926297,-12.138481863427849,-11.932034981654333,-11.236941514778335,-9.978292612882345,-10.533035562834185
2017-10-20,-11.236941514778335,-9.978292612882345,-12.0387696167393,-12.092235880595767,-11.795741584431022,-11.527730783906238,-10.098258333259993,-10.64744210469723
2017-10-23,-11.527730783906238,-10.098258333259993,-11.86042352654076,-12.055123783580685,-12.170126643518833,-12.746399056733596,-10.408445703194921,-10.7208042827569
2017-10-24,-12.746399056733596,-10.408445703194921,-11.865825966708467,-12.08323308533387,-12.336862641629937,-11.992875728534699,-10.560497536794944,-11.084733884710422
2017-10-25,-11.992875728534699,-10.560497536794944,-11.824721495103095,-12.11543947961592,-12.359052765099666,-12.279975657233777,-10.155641088870224,-10.416925657736218
2017-10-26,-12.279975657233777,-10.155641088870224,-11.820101777195354,-12.14328314129978,-12.29403501244547,-12.332149631509747,-10.274923717720684,-10.576814846588153
2017-10-27,-12.332149631509747,-10.274923717720684,-12.092547080874054,-12.202581982432026,-12.222251761629945,-12.314956656376092,-9.96334299833463,-10.186086393578739
2017-10-30,-12.314956656376092,-9.96334299833463,-12.305378287742336,-12.204807808768027,-12.640112729334048,-12.71941284155036,-10.56874551551597,-10.846371424349446
2017-10-31,-12.71941284155036,-10.56874551551597,-12.301864714084646,-12.227982608999339,-13.003359519490171,-12.551118105187323,-10.73317140673254,-11.041943012293787
2017-11-01,-12.551118105187323,-10.73317140673254,-12.425766032719702,-12.238013528040067,-12.24634096385542,-11.051190220877249,-9.716560944548064,-10.136529163424102
2017-11-02,-11.051190220877249,-9.716560944548064,-11.981535989000559,-12.118412379558023,-11.892935305197911,-12.703848404247845,-10.03673471952413,-10.292553356867256
2017-11-03,-12.703848404247845,-10.03673471952413,-12.026246327672768,-12.12899866897991,-12.801078667953067,-12.838730309744218,-10.10123059180045,-10.242733923609617
2017-11-06,-12.838730309744218,-10.10123059180045,-12.089287258463589,-12.134794756039097,-12.069014078808513,-12.683215175829242,-10.610025806814345,-11.053590561143663
2017-11-07,-12.683215175829242,-10.610025806814345,-12.085369087945272,-12.176870917293451,-12.684293770338359,-12.317015227315688,-10.330702434041688,-10.594964448127135
2017-11-08,-12.317015227315688,-10.330702434041688,-12.052793100618866,-12.180801905990364,-12.931562196654744,-12.551457269041403,-10.482567390121268,-10.721721317290402
2017-11-09,-12.551457269041403,-10.482567390121268,-12.602810443392956,-12.170910222311608,-12.515116352506693,-12.498124495957498,-10.225048511248279,-10.453524346066224
2017-11-10,-12.498124495957498,-10.225048511248279,-12.562347593522153,-12.157372378071008,-12.842697401467312,-12.647592845185931,-10.17384961327113,-10.34061388814337
2017-11-13,-12.647592845185931,-10.17384961327113,-12.530894573037825,-12.165673080344634,-13.161005445852917,-13.07662102345188,-11.342950146222712,-11.756915221021078
2017-11-14,-13.07662102345188,-11.342950146222712,-12.588373743905015,-12.175415632532891,-13.055801958103594,-11.527071613744138,-9.887896672363894,-10.15738764918755
2017-11-15,-11.527071613744138,-9.887896672363894,-12.314022138711875,-12.126718565244865,-12.5415609908677,-12.146506134035054,-10.150572889237877,-10.40860033037964
2017-11-16,-12.146506134035054,-10.150572889237877,-12.238225448367302,-12.11905737576283,-13.027147472801241,-12.14529458580883,-10.638467272123416,-11.014416295713927
2017-11-17,-12.14529458580883,-10.638467272123416,-12.17501472718869,-12.193883418619983,-12.424449531976348,-12.759581575142048,-10.460262901699236,-10.735485724036323
2017-11-20,-12.759581575142048,-10.460262901699236,-12.18831190173204,-12.265313344092654,-12.427943689550762,-12.721119288792062,-10.213691616275408,-10.425292961477037
2017-11-21,-12.721119288792062,-10.213691616275408,-12.153793740566005,-12.264522411535191,-13.303095987193968,-12.684664240712834,-10.632056725395966,-10.852179785640224
2017-11-22,-12.684664240712834,-10.632056725395966,-12.45041519016855,-12.297829468539641,-12.627557912361599,-12.011125798406113,-10.421215458036494,-10.798160917364582
2017-11-23,-12.011125798406113,-10.421215458036494,-12.411875779121312,-12.282250685818475,-12.980714908809253,-12.343944023719477,,
2017-11-24,-12.343944023719477,-10.421215458036494,-12.460058404672273,-12.282808561289123,-12.45546801830097,-12.241927120507443,,
2017-11-27,-12.241927120507443,,-12.364279463352306,-12.279147001485317,-12.437903227475614,-12.461068315293973,-10.52488564654169,-10.870038340546978
2017-11-28,-12.461068315293973,-10.52488564654169,-12.32354776489126,-12.269701664320166,-12.326810337758005,-13.058917140440832,-10.213306258254914,-10.410432034909912
2017-11-29,-13.058917140440832,-10.213306258254914,-12.368036776353756,-12.284841342531296,-12.831426101291754,-12.72966708125069,-10.23412784553327,-10.404828977074274
2017-11-30,-12.72966708125069,-10.23412784553327,-12.526415777123558,-12.435246164805681,-13.00517052416572,-12.561855105194157,-10.266901879609609,-10.447762517324366
2017-12-01,-12.561855105194157,-10.266901879609609,-12.57455593369044,-12.429431557588622,-12.783940464336327,-12.603382678647954,-9.438501686358276,-9.519130471564152
2017-12-04,-12.603382678647954,-9.438501686358276,-12.66295986217977,-12.420659040143441,-12.824203505266308,-12.47631492938648,-10.610927312031055,-10.9176943726592
2017-12-05,-12.47631492938648,-10.610927312031055,-12.666669936573138,-12.411858807433244,-12.934277074072144,-13.413570098575514,-10.146312839239265,-10.25129253006171
2017-12-06,-13.413570098575514,-10.146312839239265,-12.707846996949666,-12.449157662865618,-12.44841444109426,-13.306766260557321,-10.54642082152058,-10.78536434004638
2017-12-07,-13.306766260557321,-10.54642082152058,-12.797555354631266,-12.473377806576126,-12.642046138020438,-12.642325658750156,-10.34183907781994,-10.56554298335794
2017-12-08,-12.642325658750156,-10.34183907781994,-12.817323183552208,-12.479949556088306,-13.195726947174029,-12.842738354625086,-10.239156645734031,-10.373837239329342
2017-12-11,-12.842738354625086,-10.239156645734031,-12.87149300895994,-12.487473896950876,-12.879511896981471,-12.901929734661348,-10.890891113707365,-11.206607393522244
2017-12-12,-12.901929734661348,-10.890891113707365,-12.98010920646709,-12.482192893363768,-13.637792126036887,-13.207080204217153,-10.503020232943392,-10.62005180337491
2017-12-13,-13.207080204217153,-10.503020232943392,-12.950806310587172,-12.593940799349907,-12.775502923504058,-13.153035603699529,-9.635696515149268,-9.71146530508018
2017-12-14,-13.153035603699529,-9.635696515149268,-12.927791803680655,-12.644842998752521,-11.705713178065833,-12.580516386777063,-10.267799766133837,-10.67789749998313
2017-12-15,-12.580516386777063,-10.267799766133837,-12.91096921837421,-12.674350918825082,-13.085873342318205,-13.118070427160072,-10.551828750806242,-10.721622566180443
2017-12-18,-13.118070427160072,-10.551828750806242,-12.963879625085157,-12.688280236716622,-12.720677914708228,-13.290013711709463,-10.898550369554147,-11.190477568659876
2017-12-19,-13.290013711709463,-10.898550369554147,-13.03477443737162,-12.70949535361832,-13.486906577007634,-13.439225771548418,-10.958441154249513,-11.136920783142926
2017-12-20,-13.439225771548418,-10.958441154249513,-13.070272898855363,-12.737026021044343,-12.937800351634978,-13.115818043483666,-11.051760957462244,-11.378335299878438
2017-12-21,-13.115818043483666,-11.051760957462244,-13.063315776061446,-12.808624211478914,-12.771065898641398,-13.447077639576058,-10.917963417795571,-11.187778995838078
2017-12-22,-13.447077639576058,-10.917963417795571,-13.27140105266949,-12.863259746727872,-13.395548438418821,-13.65794631199617,-11.29606618223552,-11.540385763154104
2017-12-25,-13.65794631199617,-11.29606618223552,-13.373724042575184,-12.936351228435097,,,,
2017-12-26,-13.65794631199617,-11.29606618223552,-13.373724042575184,-12.936351228435097,-12.028796916768794,-13.49057412740548,-11.119654337709376,-11.805357866982826
2017-12-27,-13.49057412740548,-11.119654337709376,-13.414045187841204,-12.989432997161874,-13.382111856499574,-13.177066984548585,-11.086880576956172,-11.341001735125303
2017-12-28,-13.177066984548585,-11.086880576956172,-13.357234004099684,-12.994644396918563,-13.032821493298838,-13.416197797185028,-10.864119707323583,-11.077616827810742
2017-12-29,-13.416197797185028,-10.864119707323583,-13.425579134366252,-13.027548573028755,-13.50415364975602,-13.418461207278364,-10.612155626286272,-10.735332930394888
2018-01-01,-13.418461207278364,-10.612155626286272,-13.419912742872803,-13.074466156466954,,,,
2018-01-02,-13.418461207278364,-10.612155626286272,-13.419912742872803,-13.074466156466954,-12.23811101695442,-12.185749501209164,-10.684180258859868,-11.2536871119236
2018-01-03,-12.185749501209164,-10.684180258859868,-12.994994558759688,-13.033790835711558,-11.226627748534145,-12.850991558253133,-9.76244872662023,-10.086568095563075
2018-01-04,-12.850991558253133,-9.76244872662023,-12.891415054748176,-13.06145425450576,-11.821503982711972,-12.368422046985406,-9.984681673200372,-10.274403092757712
2018-01-05,-12.368422046985406,-9.984681673200372,-12.719894054660424,-12.99864043490767,-12.202112181233247,-12.904315196270359,-9.972871320810327,-10.148332565832122
2018-01-08,-12.904315196270359,-9.972871320810327,-12.655387788898226,-12.980599444389066,-12.25450327665658,-12.040706905697617,-10.615020390849546,-11.184930609359597
2018-01-09,-12.040706905697617,-10.615020390849546,-12.411213323636812,-12.924352300717311,-12.68114073091321,-12.099799665206833,-10.467940089227467,-10.831662183376968
2018-01-10,-12.099799665206833,-10.467940089227467,-12.388972457878346,-12.866280425448096,-11.914313249066758,-10.141190798836716,-9.552061959891615,-10.599083149384493
2018-01-11,-10.141190798836716,-9.552061959891615,-11.371085756004486,-12.327077199922613,-12.158621487897161,-12.749813205425333,-10.539458873776164,-10.907232713293052
2018-01-12,-12.749813205425333,-10.539458873776164,-11.394756053766834,-12.315125411562933,-12.016640073431622,-11.847222518849023,-10.155205302529643,-10.570110507464335
2018-01-15,-11.847222518849023,-10.155205302529643,-11.315011849835615,-12.25855470443824,-11.909888506471924,-12.598211564251791,,
2018-01-16,-12.598211564251791,-10.155205302529643,-11.357259645955551,-12.259190474393595,-12.433742422429964,-10.951620746339543,-10.127380406056746,-10.899984404241488
2018-01-17,-10.951620746339543,-10.127380406056746,-11.170886784269218,-12.10760559790947,-11.242314341255051,-12.15864645663151,-9.846396374555097,-10.272029182882688
2018-01-18,-12.15864645663151,-9.846396374555097,-11.835564812964591,-12.075927674752634,-11.39715165435848,-12.057514697171651,-10.045574157469868,-10.544076934968542
2018-01-19,-12.057514697171651,-10.045574157469868,-11.75857826598978,-12.03849857218766,-11.662925948933905,-12.281576601126442,-10.500054356551207,-11.155845834468222
2018-01-22,-12.281576601126442,-10.500054356551207,-11.825237528035629,-12.016555918834587,-12.052328429396926,-12.620033323371045,-10.78515605000664,-11.367226941792515
2018-01-23,-12.620033323371045,-10.78515605000664,-11.827232443951061,-12.001286964492362,-12.37557224478576,-13.086490447189417,-10.569318243034413,-10.85029721378763
2018-01-24,-13.086490447189417,-10.569318243034413,-12.37765808491007,-11.993960974944667,-12.32542124923842,-11.556148899351149,-10.06203893515029,-10.46020040644389
2018-01-25,-11.556148899351149,-10.06203893515029,-12.190501025015518,-11.929793151708509,-11.904193928451459,-11.953849075444008,-9.16282946030732,-9.297322369468246
2018-01-26,-11.953849075444008,-9.16282946030732,-12.165854134505848,-11.895925964710742,-11.648856007616448,-11.524739123509084,-9.8004933571188,-10.20966881400941
2018-01-29,-11.524739123509084,-9.8004933571188,-11.982221061211547,-11.836205213674145,-11.545458162518049,-12.225844485307501,-10.056653114682698,-10.472035397324948
2018-01-30,-12.225844485307501,-10.056653114682698,-11.932415133491018,-11.81288963614139,-11.444202068474443,-11.154783345796579,-9.768885098168269,-10.343978818747567
2018-01-31,-11.154783345796579,-9.768885098168269,-11.616005207702601,-11.75262413193685,-11.52545743360824,-12.866938811204442,-9.684766701728979,-9.908164270655664
2018-02-01,-12.866938811204442,-9.684766701728979,-11.78452955501074,-11.752887910775911,-11.688219699917191,-12.391274691375434,-10.04530600088905,-10.386628071723315
2018-02-02,-12.391274691375434,-10.04530600088905,-11.846217066868535,-11.753498519540825,-11.836532005686061,-12.200227310864639,-9.290847128099532,-9.43348134748538
2018-02-05,-12.200227310864639,-9.290847128099532,-11.991774033981454,-11.737460858264775,-11.706000115949204,-11.814839725038293,-9.776473242444087,-10.098689034359282
2018-02-06,-11.814839725038293,-9.776473242444087,-11.914397038728383,-11.728148268208535,-10.682830996704702,-12.089343055499215,-9.35019375288156,-9.74829502463377
2018-02-07,-12.089343055499215,-9.35019375288156,-12.214947693408078,-11.727785901188204,-11.914853142295316,-12.315389345801464,-9.78590676167394,-10.007380229485651
2018-02-08,-12.315389345801464,-9.78590676167394,-12.141059790568166,-11.971860946005782,-11.278741979493612,-11.921169985494618,-9.676070550551916,-10.043192580858848
2018-02-09,-11.921169985494618,-9.676070550551916,-12.051711714163217,-11.9426589032913,-11.704956682343601,-11.803686395868407,-9.690001226650105,-9.983189561979737
2018-02-12,-11.803686395868407,-9.690001226650105,-11.971144993519264,-11.940214210280242,-10.961456863067104,-12.259977541432969,-9.900087717177932,-10.48064293543646
2018-02-13,-12.259977541432969,-9.900087717177932,-12.058893825735577,-11.929846467923126,-12.011981477431238,-12.364240753113101,-10.383625909008165,-10.790446541888574
2018-02-14,-12.364240753113101,-10.383625909008165,-12.106644347993871,-12.03587810331773,-11.964700304465389,-12.624500675658565,-8.796105053522139,-8.86203880662895
2018-02-15,-12.624500675658565,-8.796105053522139,-12.150764650411036,-12.052484080836816,-12.07823979773055,-11.788026546700795,-9.988086312984215,-10.329136702777992
2018-02-16,-11.788026546700795,-9.988086312984215,-12.115557859492187,-12.037214157569029,-12.107356505257918,-11.864664814552109,-10.090143197804512,-10.450525286969341
2018-02-19,-11.864664814552109,-10.090143197804512,-12.13185117406063,-12.017160251095849,-12.00720032221735,-12.84192634747031,,
2018-02-20,-12.84192634747031,-10.090143197804512,-12.212656747553911,-12.022620109750537,-11.924588983208498,-12.348918511177684,-9.789558540537069,-10.007211224708769
2018-02-21,-12.348918511177684,-9.789558540537069,-12.210006563493229,-12.003971465148839,-11.818172898843393,-12.201994208558043,-9.514508779202432,-9.698364313265747
2018-02-22,-12.201994208558043,-9.514508779202432,-12.142839602902328,-12.041909591221827,-11.578126566997371,-12.532099709566687,-10.218033308959813,-10.657306438199182
2018-02-23,-12.532099709566687,-10.218033308959813,-12.304971796329616,-12.066178937383023,-12.37349460460582,-12.448477933307428,-10.897865103985291,-11.479028606760533
2018-02-26,-12.448477933307428,-10.897865103985291,-12.452745493276623,-12.119378698015266,-11.123492770175119,-12.601513449011579,-10.286115914363043,-11.044487457125177
2018-02-27,-12.601513449011579,-10.286115914363043,-12.416576094062737,-12.13355581778302,-11.932682021243021,-12.788204400831244,-9.64729251749672,-9.80392033428573
2018-02-28,-12.788204400831244,-9.64729251749672,-12.495703361508717,-12.24681202914975,-11.859586395737677,-12.355776179335226,-10.440125205526591,-10.932931225267533
2018-03-01,-12.355776179335226,-10.440125205526591,-12.534694463356235,-12.229026811659079,-12.432382739522907,-12.813018368813475,-9.208463151926283,-9.277811405246496
2018-03-02,-12.813018368813475,-9.208463151926283,-12.585050629493889,-12.243762981071397,-12.1035853051424,-11.487653661701215,-10.081538077685998,-10.555513822921135
2018-03-05,-11.487653661701215,-10.081538077685998,-12.270237255668901,-12.190910802704343,-12.172650201606524,-12.900186147931745,-10.690017357848392,-11.100577336643981
2018-03-06,-12.900186147931745,-10.690017357848392,-12.30801966850177,-12.2403400491629,-12.962303388850362,-12.283287658308593,-10.34211649405763,-10.585877385815651
2018-03-07,-12.283287658308593,-10.34211649405763,-12.229879454294666,-12.250644537742298,-11.606581768503906,-12.166180963456146,-10.119725343297437,-10.558655581397216
2018-03-08,-12.166180963456146,-10.119725343297437,-12.193727847887525,-12.243131502329353,-12.351488174261075,-12.654876685141728,-10.477424422379855,-10.787800070933125
2018-03-09,-12.654876685141728,-10.477424422379855,-12.175449403836952,-12.279657457092558,-12.340495578818436,-13.095541910432454,-10.03663470470948,-10.195409434909276
2018-03-12,-13.095541910432454,-10.03663470470948,-12.558422425922329,-12.339796519629429,-12.83208691591442,-12.127838403720805,-10.590798231092169,-10.978430258626826
2018-03-13,-12.127838403720805,-10.590798231092169,-12.405248306071323,-12.33217537822392,-12.80280246547384,-12.880323442910324,-9.76868593712166,-9.865907591158651
2018-03-14,-12.880323442910324,-9.76868593712166,-12.512359533900787,-12.351889633121434,-12.149838169892764,-12.33799968632453,-10.35861264084882,-10.72232597319924
2018-03-15,-12.33799968632453,-10.35861264084882,-12.558020540242442,-12.339338825926466,-12.851131997084789,-12.76332732046154,-10.68754214981778,-10.962465622641588
2018-03-16,-12.76332732046154,-10.68754214981778,-12.57685462027705,-12.394909550829349,-12.274981493272122,-12.265146620703572,-10.453678880532348,-10.84706070065184
2018-03-19,-12.265146620703572,-10.453678880532348,-12.4335417135058,-12.423349649450264,-12.191029704173042,-12.57250400179832,-10.495134508120564,-10.864307542822106
2018-03-20,-12.57250400179832,-10.495134508120564,-12.536088107938747,-12.413228368939702,-12.928479570591755,-12.102360277286362,-10.393947635194698,-10.695663653612414
2018-03-21,-12.102360277286362,-10.393947635194698,-12.381782570035165,-12.398429099401488,-12.530933131007448,-12.60692081326884,-9.70375323385118,-9.824823973877502
2018-03-22,-12.60692081326884,-9.70375323385118,-12.432307666909402,-12.418899613769092,-12.165579408194601,-12.132541662155786,-10.037308470339449,-10.314491843096743
2018-03-23,-12.132541662155786,-10.037308470339449,-12.3133960363404,-12.397206762066883,-11.424649335694411,-12.417269551379045,-9.605231279032456,-9.856520313695771
2018-03-26,-12.417269551379045,-9.605231279032456,-12.343462139956289,-12.395702089054492,-12.350531856867194,-12.641759263324765,-10.631310028222812,-11.006926146189128
2018-03-27,-12.641759263324765,-10.631310028222812,-12.354162065100459,-12.397308833772707,-11.923565222950277,-11.923021660931719,-10.111687214367844,-10.507374743320721
2018-03-28,-11.923021660931719,-10.111687214367844,-12.304863349333726,-12.351837620105849,-12.089534243642929,-12.145272489469157,-10.078217662387992,-10.37982335643517
2018-03-29,-12.145272489469157,-10.078217662387992,-12.221674471500299,-12.340236246063743,-12.40817818511384,-12.61387464335205,-10.488723113965284,-10.798107992876606
2018-03-30,-12.61387464335205,-10.488723113965284,-12.308901937305754,-12.333392656370762,,,,
2018-04-02,-12.61387464335205,-10.488723113965284,-12.308901937305754,-12.333392656370762,-12.501330843944128,-13.168387031075689,-10.442267326757916,-10.656756232393416
2018-04-03,-13.168387031075689,-10.442267326757916,-12.408483107670326,-12.43298218356637,-12.111643940958084,-12.301863133284467,-10.347115259261358,-10.722343633194335
2018-04-04,-12.301863133284467,-10.347115259261358,-12.346339349451455,-12.407638501961328,-12.179681246595115,-10.991262616710046,-9.597636129975646,-9.988891971435704
2018-04-05,-10.991262616710046,-9.597636129975646,-11.961071627979244,-12.268322699270211,-12.145588086748791,-11.988147339523772,-10.022877734626766,-10.323746160833004
2018-04-06,-11.988147339523772,-10.022877734626766,-11.933161011815855,-12.257589436491147,-11.747727806650733,-11.789579507777962,-9.043791512216176,-9.184363846237348
2018-04-09,-11.789579507777962,-9.043791512216176,-11.811271696374316,-12.212392753023602,-12.639987999271494,-12.122211679224147,-10.439541760163152,-10.791415051918564
2018-04-10,-12.122211679224147,-10.439541760163152,-11.720452380640893,-12.178914763250539,-12.18395574560909,-11.675275231848339,-10.214554740397562,-10.679148112969036
2018-04-11,-11.675275231848339,-10.214554740397562,-11.627489656951326,-12.149242883654809,-12.730685824739794,-12.41359515023772,-9.308059123025131,-9.388648026197496
2018-04-12,-12.41359515023772,-9.308059123025131,-11.965405451045607,-12.135028660294719,-11.801814078768754,-11.25020907439688,-9.734124046743004,-10.158844484495992
2018-04-13,-11.25020907439688,-9.734124046743004,-11.77196701748202,-12.05777852216536,-12.279644415115737,-11.495960325174691,-10.159162915614434,-10.641497369193782
2018-04-16,-11.495960325174691,-10.159162915614434,-11.707057006519385,-11.99668243595102,-11.489230345309554,-12.108294637966655,-10.321497501512935,-10.972672310969127
2018-04-17,-12.108294637966655,-10.321497501512935,-11.705208157086442,-11.99021150623289,-12.226980023069714,-11.641185656572775,-10.251909974254163,-10.742945016792207
2018-04-18,-11.641185656572775,-10.251909974254163,-11.698087376552769,-11.94815493502672,-12.380823870989945,-11.565700894139782,-10.11934766786684,-10.534293320269311
2018-04-19,-11.565700894139782,-10.11934766786684,-11.575408673707912,-11.91816993733443,-12.085901906950802,-11.455273498902885,-9.870708013140376,-10.247832367289318
2018-04-20,-11.455273498902885,-9.870708013140376,-11.628104562654212,-11.865270806656985,-12.058449304556246,-12.198662504914049,-10.21365922023486,-10.563839101733178
2018-04-23,-12.198662504914049,-10.21365922023486,-11.750512434649337,-11.867722620963125,-12.320804248896518,-11.99194281047034,-10.38195243049427,-10.803178969601356
2018-04-24,-11.99194281047034,-10.38195243049427,-11.733403993309874,-11.852539761945996,-11.64723951431423,-12.063392552006132,-10.167082662704725,-10.641453493373387
2018-04-25,-12.063392552006132,-10.167082662704725,-11.811943489012524,-11.834911353234492,-12.258794666916023,-12.529341975525275,-10.537689971659603,-10.916520306747746
2018-04-26,-12.529341975525275,-10.537689971659603,-11.984201375294232,-11.855946099256196,-12.756854542124884,-11.73152439100993,-10.383973427504774,-10.819517989607665
2018-04-27,-11.73152439100993,-10.383973427504774,-12.06968181170391,-11.836941556175045,-12.624478733819865,-12.130772931551519,-10.652952773442488,-11.110836003017525
2018-04-30,-12.130772931551519,-10.652952773442488,-12.057408126457466,-11.822763140966904,-12.773145574232363,-12.866817090352827,-10.186019929449495,-10.341206400888208
2018-05-01,-12.866817090352827,-10.186019929449495,-12.190376165788512,-11.818191233846504,-12.75418971268931,-12.617967599668875,-10.451349220442617,-10.692833488165407
2018-05-02,-12.617967599668875,-10.451349220442617,-12.292037008234956,-11.82658062594873,-12.19448263700287,-12.546490638900082,-9.917968226927172,-10.110129708760622
2018-05-03,-12.546490638900082,-9.917968226927172,-12.294722752401421,-11.92192211441519,-12.313892301120141,-11.644166339915227,-10.234686846214947,-10.695611666734777
2018-05-04,-11.644166339915227,-10.234686846214947,-12.26316086854671,-11.902892153572031,-12.887444062042915,-12.328330101552998,-10.10943344653533,-10.296837163986172
2018-05-07,-12.328330101552998,-10.10943344653533,-12.304950453787143,-11.926493410300967,-12.015826433991682,-12.314088598745697,-10.56163413216918,-11.08408861179649
2018-05-08,-12.314088598745697,-10.56163413216918,-12.22415240148567,-11.933697136226083,-12.108855842123374,-12.339469608512633,-9.749160695080718,-9.93482288257502
2018-05-09,-12.339469608512633,-9.749160695080718,-12.181743554388191,-11.965622533110961,-11.961957242924525,-11.728502821558399,-10.22141924764677,-10.72722612448925
2018-05-10,-11.728502821558399,-10.22141924764677,-12.019789571478622,-11.93467291816378,-12.031441558108027,-12.163219337770377,-10.155467602521174,-10.494437262994946
2018-05-11,-12.163219337770377,-10.155467602521174,-12.145243241855706,-11.995858089307955,-12.266281249359695,-12.120570207597487,-10.824529542904399,-11.538136751325974
2018-05-14,-12.120570207597487,-10.824529542904399,-12.107507456139071,-12.034900508160263,-12.724128684590221,-12.682356459793949,-11.03553832702144,-11.509456444857674
2018-05-15,-12.682356459793949,-11.03553832702144,-12.158920845949773,-12.055402185753447,-12.827935622549608,-13.096943288250397,-9.953129467872381,-10.05798468458536
2018-05-16,-13.096943288250397,-9.953129467872381,-12.251784415488006,-12.115166752286957,-12.503779116275137,-12.01536937841059,-10.396519079748419,-10.781736018454406
2018-05-17,-12.01536937841059,-10.396519079748419,-12.339710360293324,-12.147038320489724,-12.124568834298062,-11.751023859731205,-10.31767069543261,-10.83295688825059
2018-05-18,-11.751023859731205,-10.31767069543261,-12.224847724095797,-12.172938163853786,-12.629140822111795,-12.576659372157716,-10.635055561371809,-10.963020591248704
2018-05-21,-12.576659372157716,-10.635055561371809,-12.309642468313044,-12.188395689718238,-12.397450762246729,-12.566582396736008,-10.541796329272696,-10.881997249873312
2018-05-22,-12.566582396736008,-10.541796329272696,-12.292873369383162,-12.215354607414026,-12.717732787881967,-12.041017281366015,-10.601678180796359,-11.044207558383878
2018-05-23,-12.041017281366015,-10.601678180796359,-12.137767669279423,-12.214038423634456,-11.86723915114402,-11.745185256566987,-9.952797007171913,-10.32965418335911
2018-05-24,-11.745185256566987,-9.952797007171913,-12.069997674697532,-12.171525398599126,-12.518942627185599,-12.6530899956013,-10.616210649448723,-10.944153315730215
2018-05-25,-12.6530899956013,-10.616210649448723,-12.248537346856397,-12.219397854985917,-12.631290810523394,-12.269282971511942,-10.821387760169944,-11.330106492843926
2018-05-28,-12.269282971511942,-10.821387760169944,-12.197997673426224,-12.22648954331766,-12.472194224555967,-12.559477795238854,,
2018-05-29,-12.559477795238854,-10.821387760169944,-12.19701179136123,-12.217051280399284,-11.941152307962035,-11.060746755966033,-9.493099195490592,-9.842652311715206
2018-05-30,-11.060746755966033,-9.493099195490592,-11.86824171295566,-12.098892288296069,-11.813239117051365,-11.954977535044872,-10.376575150728108,-10.963605135997945
2018-05-31,-11.954977535044872,-10.376575150728108,-11.911990690024869,-12.073437804473958,-12.67991193806781,-12.786673863808264,-10.23999700386792,-10.42093133144659
2018-06-01,-12.786673863808264,-10.23999700386792,-11.92398141151212,-12.127159424103452,-12.249999337920686,-13.232952361763516,-10.327302102669021,-10.551602901771519
2018-06-04,-13.232952361763516,-10.327302102669021,-12.01563824350546,-12.151801792940521,-12.398382513712045,-12.29770289938954,-10.844889201671105,-11.434431651785157
2018-06-05,-12.29770289938954,-10.844889201671105,-11.981486148820407,-12.1510997474824,-12.620084795618048,-13.045857745345005,-10.624260925522723,-10.87874213924833
2018-06-06,-13.045857745345005,-10.624260925522723,-12.549306156248594,-12.172303046913726,-13.018318022374743,-12.486808148752294,-10.9424744691167,-11.356331608900277
2018-06-07,-12.486808148752294,-10.9424744691167,-12.711195115992131,-12.214608899469326,-12.681545387183556,-13.121287901077597,-10.534823898006117,-10.74820582354913
2018-06-08,-13.121287901077597,-10.534823898006117,-12.765379060351888,-12.247590341264804,-12.629871135872053,-11.76428051742521,-10.793146405366663,-11.56531906163569
2018-06-11,-11.76428051742521,-10.793146405366663,-12.415462065708349,-12.22358126430857,-12.698653914175331,-12.981403332200012,-11.119791994353815,-11.56863178823073
2018-06-12,-12.981403332200012,-11.119791994353815,-12.533603404171991,-12.231783371591417,-12.174887929962244,-12.708214515867695,-10.594113924274838,-10.989466691304653
2018-06-13,-12.708214515867695,-10.594113924274838,-12.48659765824686,-12.221832473365474,-13.344577972841188,-13.39944194834647,-10.395605003947695,-10.50317895883397
2018-06-14,-13.39944194834647,-10.395605003947695,-12.614069408016285,-12.268992646687005,-12.736029178230453,-12.384381865437494,-10.316874673991505,-10.559580274616216
2018-06-15,-12.384381865437494,-10.316874673991505,-12.490783562687426,-12.309168770957957,-12.177712551689076,-11.81729824299778,-9.582706210590771,-9.783209486624726
2018-06-18,-11.81729824299778,-9.582706210590771,-12.51237018062555,-12.266584737083628,-12.590231101754052,-12.735310062279726,-10.951992893857934,-11.402039819746244
2018-06-19,-12.735310062279726,-10.951992893857934,-12.478054533556078,-12.272352363085517,-12.32780471609765,-12.707643806933092,-10.37253997392974,-10.644778493634067
2018-06-20,-12.707643806933092,-10.37253997392974,-12.477963836812114,-12.303492493723425,-12.052313434603464,-12.590421376784187,-10.643950558852676,-11.133863670079894
2018-06-21,-12.590421376784187,-10.643950558852676,-12.38343489492038,-12.354635611436395,-12.244524573305604,-11.987083575190683,-10.532596163447796,-11.067095440172277
2018-06-22,-11.987083575190683,-10.532596163447796,-12.290429560733525,-12.320126421411436,-12.288094010514143,-12.395322445698628,-10.807173406909266,-11.372334914693177
2018-06-25,-12.395322445698628,-10.807173406909266,-12.442320734753551,-12.326375733802243,-11.937203779904022,-12.132176324230846,-10.55502715848231,-11.166768918771679
2018-06-26,-12.132176324230846,-10.55502715848231,-12.325855559335142,-12.305482246798265,-12.188595749501376,-11.812700569719523,-10.552725508495143,-11.203663925579153
2018-06-27,-11.812700569719523,-10.552725508495143,-12.145550387455891,-12.40172628741965,-11.365520831458175,-12.414379761812473,-10.219375164467483,-10.780122387802985
2018-06-28,-12.414379761812473,-10.219375164467483,-12.121176519381873,-12.430938605070654,-12.081129367223426,-12.43566407027839,-10.432954787739755,-10.82951454434929
2018-06-29,-12.43566407027839,-10.432954787739755,-12.207461501323932,-12.416314678172178,-11.792162026994957,-12.416555113442893,-10.702359664087794,-11.428839285247442
2018-07-02,-12.416555113442893,-10.702359664087794,-12.210949709255402,-12.388804352423948,-12.38020436405099,-13.214190039788773,-10.732885419980875,-11.056124951987714
2018-07-03,-13.214190039788773,-10.732885419980875,-12.36533003235219,-12.422222268961507,-11.798367177881802,-11.784766323764156,-10.25896806514442,-10.824526870667405
2018-07-04,-11.784766323764156,-10.25896806514442,-12.355532390246044,-12.35663726638374,-11.442249958625181,-12.490373030901594,,
2018-07-05,-12.490373030901594,-10.25896806514442,-12.369427584146298,-12.35679348857818,-12.418376287059713,-12.573089116988099,-10.713910578152282,-11.12590207702079
2018-07-06,-12.573089116988099,-10.713910578152282,-12.393755335396603,-12.339939917174114,-12.075148417773077,-12.768481940221305,-11.06686344227045,-11.859239421012118
2018-07-09,-12.768481940221305,-11.06686344227045,-12.453501298773423,-12.397931624291903,-12.4633402958102,-12.41568645200261,-10.895359615006138,-11.45241441595994
2018-07-10,-12.41568645200261,-10.895359615006138,-12.345329729741898,-12.376931482571452,-12.21916320030213,-11.937801708389797,-10.344638206945596,-10.785796827880095
2018-07-11,-11.937801708389797,-10.344638206945596,-12.396320239191269,-12.336108463482297,-11.477737197370676,-12.520673186508143,-10.396793547096136,-11.010837664933504
2018-07-12,-12.520673186508143,-10.396793547096136,-12.401768373111787,-12.312091039988994,-12.172884700527135,-12.487466033953341,-10.681148801452444,-11.174199536752567
2018-07-13,-12.487466033953341,-10.681148801452444,-12.38681662746449,-12.31665735096753,-12.402180875488334,-12.246445337024769,-10.579641606403603,-11.01113948948291
2018-07-16,-12.246445337024769,-10.579641606403603,-12.297345745040362,-12.345825091973607,-11.99169476893684,-12.456405133889605,-10.779256648787833,-11.441636644614347
2018-07-17,-12.456405133889605,-10.779256648787833,-12.304460518574334,-12.334988569947654,-12.436920225190605,-12.888827236950016,-10.264719546572692,-10.471044144678302
2018-07-18,-12.888827236950016,-10.264719546572692,-12.499368169479393,-12.340713091930134,-12.188068610055687,-12.350120483986446,-10.613300822258946,-11.096406114943722
2018-07-19,-12.350120483986446,-10.613300822258946,-12.46360724700176,-12.330188237294458,-12.287507959653416,-11.60029909165769,-9.553691715814093,-9.769541017099597
2018-07-20,-11.60029909165769,-9.553691715814093,-12.217596317312001,-12.297453206336762,-10.561396993671657,-11.958539519275023,-9.75905675213135,-10.578082714516379
2018-07-23,-11.958539519275023,-9.75905675213135,-12.15478223414474,-12.27292379042829,-11.542817371928995,-12.5391751098667,-10.34815529886395,-10.8836304687382
2018-07-24,-12.5391751098667,-10.34815529886395,-12.16660242664457,-12.292355742833267,-11.886199193293479,-11.889295992360214,-10.486353308933566,-11.16462635021699
2018-07-25,-11.889295992360214,-10.486353308933566,-12.012354584253751,-12.298329597473403,-11.878832707898175,-12.139880469495015,-10.392062493726485,-10.903313664858194
2018-07-26,-12.139880469495015,-10.392062493726485,-11.979517982614247,-12.284364477176926,-11.820371134565876,-12.034771327628617,-10.393206525256524,-10.961776308423678
2018-07-27,-12.034771327628617,-10.393206525256524,-12.088194532611093,-12.263390331287571,-12.119228724951986,-11.683352797512056,-10.407453076952374,-11.023129337300404
2018-07-30,-11.683352797512056,-10.407453076952374,-12.018551002722136,-12.218029032307134,-12.197819049027167,-12.972422676768812,-10.921445556436058,-11.44511431943866
2018-07-31,-12.972422676768812,-10.921445556436058,-12.061229518695576,-12.212991678467276,-11.954353321087591,-12.294391862947469,-9.996261264478324,-10.272771139540557
2018-08-01,-12.294391862947469,-9.996261264478324,-12.143649395498693,-12.244106107691774,-12.182734132852813,-12.39351169803705,-10.56747978474669,-11.013597302872373
2018-08-02,-12.39351169803705,-10.56747978474669,-12.189665692076499,-12.240138678255883,-12.09062743606003,-12.391322886338186,-10.546694159672557,-11.011309992888723
2018-08-03,-12.391322886338186,-10.546694159672557,-12.262270695314514,-12.23301989685009,-12.311128865360887,-12.15454572966745,-10.546971710440259,-11.01171600628075
2018-08-06,-12.15454572966745,-10.546971710440259,-12.406225460478137,-12.208510878425567,-12.152834021316897,-12.110303415529426,-10.66700178053357,-11.287755212403786
2018-08-07,-12.110303415529426,-10.66700178053357,-12.261833341103399,-12.194099487421795,-12.200557200072701,-11.964309027346278,-10.695806695521764,-11.395626533867903
2018-08-08,-11.964309027346278,-10.695806695521764,-12.188851444622731,-12.195790973752873,-12.198287779532187,-12.149594375102483,-10.334217502564073,-10.716674594131808
2018-08-09,-12.149594375102483,-10.334217502564073,-12.144812803608831,-12.179687935354687,-12.172571205927849,-12.243471846229761,-10.594427859149425,-11.10290869470559
2018-08-10,-12.243471846229761,-10.594427859149425,-12.120212273554705,-12.169582700694356,-11.995458662325463,-12.018137695309562,-10.13476289045201,-10.502412648380371
2018-08-13,-12.018137695309562,-10.13476289045201,-12.092360400622299,-12.157777790288051,-11.956497706627845,-11.66775755686573,-9.865879558347475,-10.206399205985003
2018-08-14,-11.66775755686573,-9.865879558347475,-11.988583248570361,-12.114214910316079,-11.756071480856896,-12.490871901237666,-10.683865143985594,-11.389889453142864
2018-08-15,-12.490871901237666,-10.683865143985594,-12.0761970898223,-12.103014422053098,-11.61889816685338,-11.935877329105965,-9.79475929983239,-10.121708893294
2018-08-16,-11.935877329105965,-9.79475929983239,-12.032867505922736,-12.083169715350286,-9.604073982778468,-11.310721829342997,-9.144293101950357,-10.514745973857066
2018-08-17,-11.310721829342997,-9.144293101950357,-11.809923723800717,-12.056316541730537,-11.017486273170183,-11.227223232914222,-9.844565743369062,-10.66639370203952
2018-08-20,-11.227223232914222,-9.844565743369062,-11.631135926142033,-11.99858912574546,-11.977109012069848,-12.128961459274377,-10.290692128454783,-10.712704982445096
2018-08-21,-12.128961459274377,-10.290692128454783,-11.705038657202689,-11.983929028215151,-12.112466764211707,-12.274265378488344,-10.340773169467731,-10.718652711075661
2018-08-22,-12.274265378488344,-10.340773169467731,-11.683233503840853,-12.001647245992677,-12.189049685348516,-12.0216422919167,-10.261560366759669,-10.643617365172524
2018-08-23,-12.0216422919167,-10.261560366759669,-11.696083854579289,-11.99619672836066,-11.907456781810497,-11.037771176415824,-9.957996667873521,-10.615821134700418
2018-08-24,-11.037771176415824,-9.957996667873521,-11.607819526868969,-11.917134756711285,-11.611777122424355,-12.02474954426194,-9.898950572888648,-10.255186857583748
2018-08-27,-12.02474954426194,-9.898950572888648,-11.783147140646149,-11.935573487883792,-11.675397784026979,-12.233285333274821,-10.501583297711568,-11.167442656945457
2018-08-28,-12.233285333274821,-10.501583297711568,-11.797267125895198,-11.916361958737143,-12.273801355675378,-12.283175802675684,-10.195510210501453,-10.482019759454213
2018-08-29,-12.283175802675684,-10.195510210501453,-11.798368859116424,-11.91597560247888,-11.979597476537291,-11.540818295347286,-10.35973354375506,-11.062670945841942
2018-08-30,-11.540818295347286,-10.35973354375506,-11.704175461770703,-11.87507791074115,-12.067263250716909,-11.738432625583647,-10.06324687991124,-10.451952527178337
2018-08-31,-11.738432625583647,-10.06324687991124,-11.922555399553964,-11.84796558217857,-11.595730223105917,-11.609326481527614,-9.916807603283951,-10.37984389135906
2018-09-03,-11.609326481527614,-9.916807603283951,-11.833632782879482,-11.821637198223874,-11.252998558303366,-11.738279553179373,,
2018-09-04,-11.738279553179373,-9.916807603283951,-11.751224684125546,-11.804894727852224,-12.0744731378361,-12.05187572160975,-10.107514069043427,-10.440137872120724
2018-09-05,-12.05187572160975,-10.107514069043427,-11.721107120356146,-11.80847550599216,-12.210906844175033,-11.208549518761139,-10.331128777550619,-11.171565792671295
2018-09-06,-11.208549518761139,-10.331128777550619,-11.630902205132307,-11.75441309528451,-12.157324293878306,-11.400195126885475,-9.98736346471793,-10.42996209558537
2018-09-07,-11.400195126885475,-9.98736346471793,-11.561107325942064,-11.714622233529893,-11.805446749865121,-12.301902060351155,-9.809814649118644,-10.056565660212584
2018-09-10,-12.301902060351155,-9.809814649118644,-11.66119068764984,-11.723783130265607,-11.712817244049747,-12.150299644185825,-10.470506914229496,-11.115109725498817
2018-09-11,-12.150299644185825,-10.470506914229496,-11.725758022721276,-11.74423309492963,-12.42428415590886,-12.353043397031126,-10.121224548181727,-10.353516808746331
2018-09-12,-12.353043397031126,-10.121224548181727,-11.764016781016764,-11.740737175900737,-12.13682517755132,-11.911564682946233,-9.984932756671164,-10.288611186955789
2018-09-13,-11.911564682946233,-9.984932756671164,-11.957585513641051,-11.739725306834362,-12.246944727235466,-12.426158225113598,-10.078453291893739,-10.314097506173834
2018-09-14,-12.426158225113598,-10.078453291893739,-12.211243664261792,-11.792723102961423,-12.648979710172938,-12.350633857363565,-10.280998125431024,-10.529333025135506
2018-09-17,-12.350633857363565,-10.280998125431024,-12.219969850294808,-11.853956361326267,-12.422505311701117,-12.51056615372875,-10.70372031706289,-11.124484344227069
2018-09-18,-12.51056615372875,-10.70372031706289,-12.287036797096555,-11.866077613258403,-12.13001893576207,-11.839444566733144,-10.322926807680636,-10.806794965542885
2018-09-19,-11.839444566733144,-10.322926807680636,-12.168646673310267,-11.848132747537644,-12.734394851711967,-12.369458332363305,-10.246405469563975,-10.472983137872188
2018-09-20,-12.369458332363305,-10.246405469563975,-12.268485717249924,-11.860558434852283,-12.516105576050238,-12.75316441346746,-10.499595816865499,-10.771592275764407
2018-09-21,-12.75316441346746,-10.499595816865499,-12.317305106363817,-11.958571021079122,-12.085879208741192,-12.145969982579992,-9.677956731093609,-9.87003188801986
2018-09-24,-12.145969982579992,-9.677956731093609,-12.274309238788188,-11.963927887093865,-12.590807043047787,-12.712493016598595,-10.60623463459166,-10.906167187722941
2018-09-25,-12.712493016598595,-10.60623463459166,-12.303608417582002,-11.978575914550769,-12.583707000440612,-12.429378629077679,-10.840004687295504,-11.316308266174413
2018-09-26,-12.429378629077679,-10.840004687295504,-12.456495326387097,-11.983603624409099,-13.039802642277108,-12.867753191995952,-9.65513340748255,-9.732165516958622
2018-09-27,-12.867753191995952,-9.65513340748255,-12.54600896852561,-12.04250328661368,-12.431023795769532,-12.912124550015877,-10.168391502761969,-10.35280234098423
2018-09-28,-12.912124550015877,-10.168391502761969,-12.570193189572741,-12.090447174037672,,-12.901552505532123,-10.448311182509494,-10.637083890869492
2018-10-01,-12.901552505532123,-10.448311182509494,-12.747039097865851,-12.150915053764477,-12.674864150552661,-12.137942236162477,-10.356162635110882,-10.666416996645534
2018-10-02,-12.137942236162477,-10.356162635110882,-12.597995105266396,-12.176116812702444,-12.378648462395688,-12.12658337556086,-10.023396271682369,-10.26793756354606
2018-10-03,-12.12658337556086,-10.023396271682369,-12.517597667911197,-12.18020054460214,-12.166222452160403,-12.192286361582509,-10.154590122116515,-10.461249463309796
2018-10-04,-12.192286361582509,-10.154590122116515,-12.390104934394435,-12.266538500100138,-12.377486711496433,-12.41752747257779,-10.293490164301438,-10.573177506421027
2018-10-05,-12.41752747257779,-10.293490164301438,-12.316923436098763,-12.345491969520497,-12.710258781917926,-12.183844276187614,-10.006605595451404,-10.205440207935789
2018-10-08,-12.183844276187614,-10.006605595451404,-12.206271925051489,-12.338968685188783,-11.381657289135681,-12.3001283362263,-9.970876266052871,-10.388395566028276
2018-10-09,-12.3001283362263,-9.970876266052871,-12.238858089018372,-12.347406015067985,-12.521434149993834,-12.224058710216283,-10.628541570007725,-11.064629419206298
2018-10-10,-12.224058710216283,-10.628541570007725,-12.259859225515228,-12.340584396676402,-12.739948690471664,-12.385611986667085,-10.341562128634568,-10.59049490311243
2018-10-11,-12.385611986667085,-10.341562128634568,-12.298200003157374,-12.370001889370013,-11.977642132816825,-11.199528186018819,-9.23231041273681,-9.460557451074791
2018-10-12,-11.199528186018819,-9.23231041273681,-11.945761413792363,-12.262128775501314,-11.70464457114228,-11.883133915954373,-9.879604924922244,-10.23068097275757
2018-10-15,-11.883133915954373,-9.879604924922244,-11.891937690336212,-12.235218279493822,-12.70704735727501,-11.307511934489431,-9.995735004843743,-10.404892785128308
2018-10-16,-11.307511934489431,-9.995735004843743,-11.68832631151768,-12.15044548635895,-12.438881595919117,-11.948054964709957,-10.398865160452553,-10.818094431117231
2018-10-17,-11.948054964709957,-10.398865160452553,-11.651797616129707,-12.157493487052422,-12.271299555108428,-11.129705827647523,-10.009510205098595,-10.572295846073228
2018-10-18,-11.129705827647523,-10.009510205098595,-11.435803486522076,-12.06282521159453,-12.281717610684089,-12.269353227064816,-10.3532412172748,-10.699326139509624
2018-10-19,-12.269353227064816,-10.3532412172748,-11.617809597413663,-12.04734576329041,-11.903615901199037,-11.142996156445651,-10.222004382813306,-11.099550161718264
2018-10-22,-11.142996156445651,-10.222004382813306,-11.46238708704486,-11.972041576129627,-12.395928469959825,-12.133670937128809,-10.723343969150926,-11.288669141642975
2018-10-23,-12.133670937128809,-10.723343969150926,-11.60313534991417,-11.953521246408124,-12.842396479314967,-11.150907390502928,-10.01075402581016,-10.486672688805918
2018-10-24,-11.150907390502928,-10.01075402581016,-11.443820951263838,-11.876096715957555,-12.391041479745763,-12.058068394714597,-10.12817922217249,-10.414817199360849
2018-10-25,-12.058068394714597,-10.12817922217249,-11.624863188943854,-11.853227068508499,-12.001698810608112,-11.667815551886445,-10.033581240612492,-10.441280827090775
2018-10-26,-11.667815551886445,-10.033581240612492,-11.541804690879937,-11.81127567880325,-12.644763860011679,-11.940611465762847,-9.558531472144697,-9.707068586069363
2018-10-29,-11.940611465762847,-9.558531472144697,-11.720674914115254,-11.784509343023768,-12.518549508375724,-11.6362006292065,-10.293145450290504,-10.753706863432562
2018-10-30,-11.6362006292065,-10.293145450290504,-11.638822162875174,-11.761887272970702,-12.114962632540323,-11.931587167839544,-10.39792876407078,-10.901022704219503
2018-10-31,-11.931587167839544,-10.39792876407078,-11.833066970178049,-11.754439556430626,-11.779794943448893,-11.95482129038531,-10.119042424830083,-10.549033629042736
2018-11-01,-11.95482129038531,-10.119042424830083,-11.815845951378892,-11.745827069379652,-12.588556119109795,-11.844932087391108,-10.088931369029781,-10.383101247430098
2018-11-02,-11.844932087391108,-10.088931369029781,-11.85421581968882,-11.726278965281313,-11.80780919205412,-11.816875548515704,-9.943723419706876,-10.312870813844727
2018-11-05,-11.816875548515704,-9.943723419706876,-11.830340142168879,-11.712348268861957,-12.810102628212436,-12.791205558495209,-10.573532162776077,-10.816478409215089
2018-11-06,-12.791205558495209,-10.573532162776077,-12.012270737649224,-11.723185551351989,-12.732593688626489,-12.547078611168338,-10.568702215690797,-10.86062098061614
2018-11-07,-12.547078611168338,-10.568702215690797,-12.117241551389682,-11.731584772876552,-10.401589298194864,-11.455823294432069,-9.66796549405786,-10.710624823386407
2018-11-08,-11.455823294432069,-9.66796549405786,-11.975536489311954,-11.692480126464982,-12.390018358673359,-12.216006773535868,-10.201890030797305,-10.483675691740428
2018-11-09,-12.216006773535868,-10.201890030797305,-12.048808264851926,-11.746129576651821,-12.051930148825424,-12.081882143876646,-10.116903478430201,-10.451787987525089
2018-11-12,-12.081882143876646,-10.116903478430201,-12.109316050463317,-11.754018940679947,-12.102568474162195,-12.33738351986527,-10.399674905383797,-10.794480957446005
2018-11-13,-12.33738351986527,-10.399674905383797,-12.05285823263272,-11.805566263505726,-12.592177544096725,-11.727771912360758,-10.21312600479663,-10.5878549905526
2018-11-14,-11.727771912360758,-10.21312600479663,-11.908913087908736,-11.794937796432471,-12.329180791281928,-12.052498467527428,-9.630140753175414,-9.799722531962118
2018-11-15,-12.052498467527428,-9.630140753175414,-12.0613462508705,-11.855325313170919,-12.060001924829638,-11.163305726311684,-9.941730903240222,-10.47788277548337
2018-11-16,-11.163305726311684,-9.941730903240222,-11.784005111388376,-11.790626011997805,-12.38990399403833,-12.01659708598285,-10.350515329468553,-10.734846838695303
2018-11-19,-12.01659708598285,-10.350515329468553,-11.774038100684571,-11.84789845750799,-12.547396563894312,-12.27959562701747,-10.650022541060057,-11.074632451292546
2018-11-20,-12.27959562701747,-10.650022541060057,-11.76728736307724,-11.853012891763491,-12.78808364737999,-12.027381868419019,-10.43481600343698,-10.78929489647764
2018-11-21,-12.027381868419019,-10.43481600343698,-11.822657979824069,-11.913719310296996,-12.917450170664786,-12.06100720268541,-10.605488252043545,-11.009473413853167
2018-11-22,-12.06100720268541,-10.605488252043545,-11.824005461217357,-11.913846321135917,-12.874694148234731,-12.576833707356975,,
2018-11-23,-12.576833707356975,-10.605488252043545,-12.170762374287914,-11.952775801392137,-13.074340409224803,-12.22297794861155,,
2018-11-26,-12.22297794861155,,-12.215249299813344,-11.965304631792362,-12.500073416690123,-12.76932215652608,-10.776134179617838,-11.153919661045274
2018-11-27,-12.76932215652608,-10.776134179617838,-12.290635876946288,-12.013560175743345,-12.787862062941995,-12.224904214189031,-10.266300921005385,-10.516545140672193
2018-11-28,-12.224904214189031,-10.266300921005385,-12.338402150462572,-12.02745278216392,-12.941380121020567,-13.043073862207345,-9.597863932928552,-9.667439801313051
2018-11-29,-13.043073862207345,-9.597863932928552,-12.518825509533984,-12.063761890486687,-12.672909598234968,-12.728552024966746,-10.427956342985073,-10.658793956788445
2018-11-30,-12.728552024966746,-10.427956342985073,-12.545752047348486,-12.100957030469699,-13.137154757526982,-12.829724622922383,-10.801109057314278,-11.060173577063914
2018-12-03,-12.829724622922383,-10.801109057314278,-12.680007374493702,-12.144179712355488,-12.140609028072438,-12.045039453755273,-10.251808432582358,-10.634057191087033
2018-12-04,-12.045039453755273,-10.251808432582358,-12.502295766168325,-12.115562108591755,-12.360399615625361,-12.424186028127712,-10.41423814487412,-10.738330986419651
2018-12-05,-12.424186028127712,-10.41423814487412,-12.551158687656065,-12.111324420819608,-12.230012671679454,-12.561580883241609,-10.855922706873868,-11.426361367626663
2018-12-06,-12.561580883241609,-10.855922706873868,-12.478247001362591,-12.177926020851338,-12.487627585574366,-12.46925409108975,-10.035419764542414,-10.226342033033765
2018-12-07,-12.46925409108975,-10.035419764542414,-12.433183735114579,-12.188752653995172,-12.757610821089727,-12.728599621643399,-9.997756613960185,-10.135256245634936
2018-12-10,-12.728599621643399,-9.997756613960185,-12.418969391675008,-12.21560767938276,-12.08530352894841,-12.498923663127602,-10.588870446358145,-11.054085518373922
2018-12-11,-12.498923663127602,-10.588870446358145,-12.531080811509186,-12.222232831301225,-12.964881979822927,-12.784264461786679,-10.692479371257571,-10.949348799164044
2018-12-12,-12.784264461786679,-10.692479371257571,-12.600750740380375,-12.277194126677141,-12.67493201872119,-12.76974544117977,-10.810278774844813,-11.161090222587005
2018-12-13,-12.76974544117977,-10.810278774844813,-12.640621881369706,-12.309762580640575,-13.35247264369609,-12.280764670057291,-10.649964393677678,-10.95487400471636
2018-12-14,-12.280764670057291,-10.649964393677678,-12.592556254490027,-12.421677883665382,-12.711704234843422,-12.665717218773645,-10.63068866632785,-10.925704435007676
2018-12-17,-12.665717218773645,-10.63068866632785,-12.581290664429575,-12.458132700537472,-12.63751739465483,-13.327718030454133,-10.916781857312182,-11.229666513961057
2018-12-18,-13.327718030454133,-10.916781857312182,-12.711808791884721,-12.497723260391135,-12.905694243429277,-12.762204746817552,-10.91134702391066,-11.258361393862149
2018-12-19,-12.762204746817552,-10.91134702391066,-12.707668200458029,-12.540262178596942,-12.84455439032951,-12.378167573961989,-9.692895409978552,-9.810535145558113
2018-12-20,-12.378167573961989,-9.692895409978552,-12.621405480881094,-12.562451518566089,-12.152715503771608,-11.429371852805135,-9.81707877235337,-10.16830947835903
2018-12-21,-11.429371852805135,-9.81707877235337,-12.301073583710474,-12.461724941152802,-12.58713872654018,-11.166325906764355,-10.24673844382452,-10.929880971307965
2018-12-24,-11.166325906764355,-10.24673844382452,-11.906879146493427,-12.349164592252631,-11.958412991527299,-12.266783696291725,,
2018-12-25,-12.266783696291725,-10.24673844382452,-11.819558692314397,-12.327945026472047,,,,
2018-12-26,-12.266783696291725,,-11.819558692314397,-12.327945026472047,-11.576400753835173,-12.507938544519174,-9.935441679320117,-10.25034254499998
2018-12-27,-12.507938544519174,-9.935441679320117,-11.797250622741723,-12.341702276189093,-12.386407277975364,-11.637012145523016,-9.86636768456142,-10.154956397714791
2018-12-28,-11.637012145523016,-9.86636768456142,-11.681352819448387,-12.268111956184002,-12.40810881531879,-11.798880341227592,-10.356070053047866,-10.809783993376952
2018-12-31,-11.798880341227592,-10.356070053047866,-11.764181430867055,-12.220858240536879,-13.133278865835859,-12.327520098124767,-10.598187400843683,-10.894785397945062
2019-01-01,-12.327520098124767,-10.598187400843683,-12.051572966981617,-12.203270692976577,,,,
2019-01-02,-12.327520098124767,-10.598187400843683,-12.051572966981617,-12.203270692976577,-11.834928146353045,-12.033420712607294,-10.086788302113057,-10.467831308538747
2019-01-03,-12.033420712607294,-10.086788302113057,-12.010057482716187,-12.202586427135817,-12.056406345335438,-12.15861148550298,-9.871578901561675,-10.112459518632745
2019-01-04,-12.15861148550298,-9.871578901561675,-11.960479774505432,-12.190474075955464,-11.992171401746138,-12.051869898812745,-9.899772885746664,-10.17372428436102
2019-01-07,-12.051869898812745,-9.899772885746664,-12.059030161088009,-12.16779817377122,-11.80730005035824,-12.563965881137536,-10.44464461443697,-10.916398992047188
2019-01-08,-12.563965881137536,-10.44464461443697,-12.20836114963851,-12.171146101740874,-11.984940336357154,-12.564078261807738,-10.501410123715917,-10.93828827669064
2019-01-09,-12.564078261807738,-10.501410123715917,-12.246477618401618,-12.166038714024108,-12.339630392698265,-12.529263191114184,-10.37053458209674,-10.664979264542959
2019-01-10,-12.529263191114184,-10.37053458209674,-12.348238772255547,-12.167110405888174,-12.258194185026168,-12.413524707017183,-10.668346396541882,-11.144079213703675
2019-01-11,-12.413524707017183,-10.668346396541882,-12.404174281230357,-12.155077059741892,-12.212513211447327,-12.333492240325732,-10.635159129829615,-11.128651028363663
2019-01-14,-12.333492240325732,-10.635159129829615,-12.47655176011557,-12.140396606755552,-12.143512198675094,-12.838815678268228,-10.478963643458604,-10.812634202595737
2019-01-15,-12.838815678268228,-10.478963643458604,-12.521590743740257,-12.159154813217832,-12.713055104468376,-12.290465393691672,-10.676317990207368,-11.076070430028404
2019-01-16,-12.290465393691672,-10.676317990207368,-12.46301721322525,-12.145528969168774,-12.549396166158555,-12.515718910913751,-10.87617416647044,-11.356971652542114
2019-01-17,-12.515718910913751,-10.87617416647044,-12.460467998532604,-12.12651114379316,-12.8365565245821,-13.013371858742028,-10.668351316872322,-10.904362248105146
2019-01-18,-13.013371858742028,-10.668351316872322,-12.559799108618073,-12.132409560653807,-12.963497535075883,-11.793481002909383,-10.576450310540624,-11.06748759550996
2019-01-21,-11.793481002909383,-10.576450310540624,-12.39464601726058,-12.101815778950533,-13.204804160298872,-12.344120954521989,,
2019-01-22,-12.344120954521989,-10.576450310540624,-12.315748588022405,-12.162319917912235,-12.794414913565825,-12.215755598261437,-10.71376950611765,-11.140770429427603
2019-01-23,-12.215755598261437,-10.71376950611765,-12.299962320311492,-12.25440490531303,-12.677880672627003,-13.515701906078748,-10.654162372166141,-10.864073594427552
2019-01-24,-13.515701906078748,-10.654162372166141,-12.407422994508199,-12.290260665845961,-13.062370372769934,-12.684931102652543,-11.020224622256356,-11.404412012333383
2019-01-25,-12.684931102652543,-11.020224622256356,-12.365875586481407,-12.296806161609128,-12.38464844892621,-13.13809572460947,-10.032597808535993,-10.183392791693377
2019-01-28,-13.13809572460947,-10.032597808535993,-12.669828008187212,-12.37494283598286,-11.902432291999792,-12.790026159566255,-10.711798799283606,-11.272480974598592
2019-01-29,-12.790026159566255,-10.711798799283606,-12.774803012905847,-12.432504920406622,-12.750141249376712,-12.654016385386372,-10.646477309556419,-10.942631694799527
2019-01-30,-12.654016385386372,-10.646477309556419,-12.907334108004868,-12.448095170118245,-12.296155812334932,-12.626348349082289,-9.749362065221133,-9.89396782097279
2019-01-31,-12.626348349082289,-9.749362065221133,-12.762334377975993,-12.482538969204867,-12.600987788568863,-12.78117762957979,-10.71996709145144,-11.048102076941502
2019-02-01,-12.78117762957979,-10.71996709145144,-12.78236251807362,-12.515099332760348,-12.451606305043533,-13.14122435124949,-10.293409749615021,-10.483970148430238
2019-02-04,-13.14122435124949,-10.293409749615021,-12.78280034920762,-12.569267193094696,-12.446762333722058,-12.490298122500297,-10.638994963046862,-11.026206169982864
2019-02-05,-12.490298122500297,-10.638994963046862,-12.715707190161803,-12.565431784592484,-13.348530232913227,-12.455479536337021,-10.939771796735082,-11.310226313231405
2019-02-06,-12.455479536337021,-10.939771796735082,-12.670047263341122,-12.559704699283218,-12.582384018437699,-13.509912552573471,-10.91288749473088,-11.217833378577364
2019-02-07,-13.509912552573471,-10.91288749473088,-12.800816551703802,-12.592447385224736,-12.354269413080845,-12.925882872987815,-10.575437075889639,-10.882182139619802
2019-02-08,-12.925882872987815,-10.575437075889639,-12.828680091303303,-12.616712934299997,-13.155146839849097,-12.51852375489317,-11.260524321521634,-11.830741117162471
2019-02-11,-12.51852375489317,-11.260524321521634,-12.709643613021063,-12.627987585764448,-12.130822461490855,-12.366521337912985,-10.709232237825141,-11.27483981348619
2019-02-12,-12.366521337912985,-10.709232237825141,-12.677354628436357,-12.603835616009972,-12.505640821006534,-12.512659495541168,-10.811689942145819,-11.267867097377549
2019-02-13,-12.512659495541168,-10.811689942145819,-12.691328168349298,-12.617557633243981,-12.870434834885826,-13.186296247190182,-10.302693654739041,-10.444996567005274
2019-02-14,-13.186296247190182,-10.302693654739041,-12.65817683904564,-12.644978453841272,-12.892107211705465,-12.534806908320306,-10.053159039341358,-10.2064180258034
2019-02-15,-12.534806908320306,-10.053159039341358,-12.587500286197976,-12.623969464960615,-12.986373358995014,-12.707028989012151,-10.756190133720931,-11.043423645840132
2019-02-18,-12.707028989012151,-10.756190133720931,-12.625009550102165,-12.695150953683822,-12.348319238388955,-13.005216162833685,,
2019-02-19,-13.005216162833685,-10.756190133720931,-12.75540318619342,-12.73011155611011,-12.988105192444252,-12.080154908439392,-10.644638120548155,-11.051083582557899
2019-02-20,-12.080154908439392,-10.644638120548155,-12.626169725020933,-12.718039871347242,-11.978424590938099,-12.488705881488174,-10.280222420468231,-10.626776458762516
2019-02-21,-12.488705881488174,-10.280222420468231,-12.517095896126802,-12.6784643490301,-12.206712085578795,-11.932787617866213,-10.44646809514798,-10.954309101377493
2019-02-22,-11.932787617866213,-10.44646809514798,-12.366728671734885,-12.624245456575842,-12.567942804948112,-12.310286266483407,-10.411550746159431,-10.720115790087755
2019-02-25,-12.310286266483407,-10.411550746159431,-12.29972274538035,-12.586436994111626,-12.669713072660167,-12.77630472994716,-10.469367622020552,-10.705508564775615
2019-02-26,-12.77630472994716,-10.469367622020552,-12.27463271146373,-12.585873599942543,-13.042091021368401,-12.896094223351076,-10.674492371960891,-10.900315445564612
2019-02-27,-12.896094223351076,-10.674492371960891,-12.420240784992417,-12.59596645820508,-12.916538662043683,-12.706387411389874,-10.544954451210195,-10.778770670143315
2019-02-28,-12.706387411389874,-10.544954451210195,-12.457459608786936,-12.599704329830487,-12.77539126191979,-12.205954621034154,-10.446062430101854,-10.759985106970158
2019-03-01,-12.205954621034154,-10.446062430101854,-12.541699224700432,-12.56779446224525,-12.735808383285807,-12.079629057023492,-9.935019348807243,-10.130883194223115
2019-03-04,-12.079629057023492,-9.935019348807243,-12.478353214759009,-12.515878936891877,-12.576547375460963,-11.544864360340323,-10.011783955363697,-10.358235702121773
2019-03-05,-11.544864360340323,-10.011783955363697,-12.170717081873097,-12.438237044123372,-12.552256413626537,-12.500468529793814,-10.240245838950054,-10.467634800953864
2019-03-06,-12.500468529793814,-10.240245838950054,-12.124795695167307,-12.440401382930702,-12.234888131292227,-12.401524665455712,-10.652400225343337,-11.129451749613759
2019-03-07,-12.401524665455712,-10.652400225343337,-12.085718818492111,-12.406170691819874,,-11.69965125561323,-10.450126501307613,-10.858200251053908
2019-03-08,-11.69965125561323,-10.450126501307613,-11.975166709019419,-12.337006987658352,-12.87075926707005,-12.654141115237417,-10.369091522201435,-10.57208597539745
2019-03-11,-12.654141115237417,-10.369091522201435,-12.057173583313178,-12.342309581030472,-12.755233015206862,-13.182304233115374,-10.921541974293817,-11.228194233786198
2019-03-12,-13.182304233115374,-10.921541974293817,-12.370387124259906,-12.36990516909707,-13.077532679978734,-12.690220706999348,-11.067874630864525,-11.470547826864012
2019-03-13,-12.690220706999348,-11.067874630864525,-12.401208059250763,-12.376982508884856,-12.442912390390758,-12.538627665531807,-11.06387537419234,-11.719064831824918
2019-03-14,-12.538627665531807,-11.06387537419234,-12.427157661689659,-12.35690641058112,-12.273910447994178,-12.090094787902789,-10.534636100688024,-11.023602958662917
2019-03-15,-12.090094787902789,-10.534636100688024,-12.570816855582112,-12.333738435962935,,-12.463255769714605,-10.439120499636338,-11.012688199836996
2019-03-18,-12.463255769714605,-10.439120499636338,-12.532845746219063,-12.324280593088746,-12.58072213690891,-13.258308674128045,-10.84629935902714,-11.155732357494868
2019-03-19,-13.258308674128045,-10.84629935902714,-12.54052075075283,-12.329955445941737,-12.885791823283418,-12.455370111221383,-10.823342441927544,-11.212946304471691
2019-03-20,-12.455370111221383,-10.823342441927544,-12.495946161043433,-12.35024174296152,-13.229305511543672,-12.78413177653794,-9.169457657012083,-9.21464054435806
2019-03-21,-12.78413177653794,-9.169457657012083,-12.538560196007365,-12.361439755684623,-12.565116417834215,-12.299299750308409,-10.23803519996268,-10.492763652453851
2019-03-22,-12.299299750308409,-10.23803519996268,-12.599499436347132,-12.385275359723794,-12.406800452808186,-11.98791763007657,-10.211326520512488,-10.54055278539195
2019-03-25,-11.98791763007657,-10.211326520512488,-12.468930258892335,-12.364981887136471,-12.409010146059122,-12.797658018379462,-10.762718102145518,-11.153469506116968
2019-03-26,-12.797658018379462,-10.762718102145518,-12.417151807263648,-12.365682249897237,-12.683590831949275,-12.328858179630938,-10.559040344304378,-10.901320375691725
2019-03-27,-12.328858179630938,-10.559040344304378,-12.391521876588783,-12.34347330707051,-12.369448984149509,-12.67713308609838,-10.137493558707535,-10.34355042963594
2019-03-28,-12.67713308609838,-10.137493558707535,-12.376384501188653,-12.342441276984198,-12.415321627341957,-12.564894719278165,-9.930073953769842,-10.098536091078158
2019-03-29,-12.564894719278165,-9.930073953769842,-12.428086631545229,-12.359876760702907,-11.914702147094914,-12.012303802877891,-10.267398392190836,-10.725046553952412
2019-04-01,-12.012303802877891,-10.267398392190836,-12.4355973571276,-12.355278847778687,-12.361110257666887,-12.370362289583396,-10.315303658278387,-10.612849147514146
2019-04-02,-12.370362289583396,-10.315303658278387,-12.363989549277829,-12.420554182478421,-12.076460020864975,-12.506445226546614,-10.560512195060438,-11.010640756744015
2019-04-03,-12.506445226546614,-10.560512195060438,-12.398276646052723,-12.420829280472644,-12.737415479150155,-13.01910247717555,-10.87143816512575,-11.1882078061168
2019-04-04,-13.01910247717555,-10.87143816512575,-12.44309581658961,-12.444596087235146,-12.996206390022573,-12.977425737292835,-10.354739354488377,-10.510065631735586
2019-04-05,-12.977425737292835,-10.354739354488377,-12.504814747621225,-12.523605932112735,-12.522799759030185,-12.6463289454475,-9.989551196704673,-10.15156982652529
2019-04-08,-12.6463289454475,-9.989551196704673,-12.67166709392065,-12.523261840772252,-12.587413976141958,-13.313540809173494,-10.840605956283984,-11.139910632204872
2019-04-09,-13.313540809173494,-10.840605956283984,-12.852066316917314,-12.52644832762126,-12.498305595390155,-12.241336047463346,-10.595782026441782,-11.014480269150352
2019-04-10,-12.241336047463346,-10.595782026441782,-12.769766085202617,-12.502684140648581,-12.740424669281744,-12.936022697721619,-10.847843761605501,-11.168868910498084
2019-04-11,-12.936022697721619,-10.847843761605501,-12.756354202663097,-12.518628266312962,-13.385303282737611,-12.79169031980622,-10.353719379949911,-10.499412492591807
2019-04-12,-12.79169031980622,-10.353719379949911,-12.724153924730803,-12.558094887779092,-12.861419136763411,-12.108467064398019,-10.687290347923083,-11.126007625361419
2019-04-15,-12.108467064398019,-10.687290347923083,-12.580920790379674,-12.53495241990313,-12.383327622511677,-12.423697620953424,-10.612523213683541,-11.018475559826028
2019-04-16,-12.423697620953424,-10.612523213683541,-12.451717223609291,-12.503814364169099,-12.714528901352708,-12.497630297752217,-10.17172542081696,-10.365723618331433
2019-04-17,-12.497630297752217,-10.17172542081696,-12.509139454161108,-12.50598840712864,-12.445758883815575,-12.601842664213033,-10.958435078230849,-11.501950519010236
2019-04-18,-12.601842664213033,-10.958435078230849,-12.458650878346551,-12.49844651027453,-12.703979127729921,-12.19660327780645,-10.816498793338052,-11.332345681943803
2019-04-19,-12.19660327780645,-10.816498793338052,-12.348390022982677,-12.491868783393683,,,,
2019-04-22,-12.19660327780645,-10.816498793338052,-12.348390022982677,-12.491868783393683,-13.032516286461128,-13.39773137281123,-11.381110473034397,-11.77398210000113
2019-04-23,-13.39773137281123,-11.381110473034397,-12.551971883785633,-12.556463595490003,-12.837838494254749,-13.049539297844595,-10.393108481732064,-10.563834976524275
2019-04-24,-13.049539297844595,-10.393108481732064,-12.663765685613885,-12.565249267890852,-12.897636322905022,-12.576852632201826,-10.669053437206655,-10.964885376136897
2019-04-25,-12.576852632201826,-10.669053437206655,-12.681915626546477,-12.579257217596272,-12.601284783590906,-12.652214248125281,-10.523346726187631,-10.803272328114806
2019-04-26,-12.652214248125281,-10.523346726187631,-12.692616526653095,-12.578113905381132,-12.67163819774501,-12.779693489737523,-10.538140458853864,-10.792665882185872
2019-04-29,-12.779693489737523,-10.538140458853864,-12.849400115029663,-12.587955597657187,-13.629378648737127,-12.47016909463055,-11.123759819553529,-11.542003017914613
2019-04-30,-12.47016909463055,-11.123759819553529,-12.68672917988545,-12.621165250547921,-13.184349710873446,-13.2930718614787,-10.734609931660934,-10.913425374284166
2019-05-01,-13.2930718614787,-10.734609931660934,-12.71726608334576,-12.660650793461366,-13.417641933864143,-13.062043188712108,-9.633491783641574,-9.690233642355045
2019-05-02,-13.062043188712108,-9.633491783641574,-12.809901518388893,-12.685832372688164,-12.483156377499903,-13.046863848124572,-10.525458801990597,-10.775883301237993
2019-05-03,-13.046863848124572,-10.525458801990597,-12.88932986122401,-12.686813831979807,-13.292648235718188,-12.395913879133312,-10.26142433246293,-10.443619702931498
2019-05-06,-12.395913879133312,-10.26142433246293,-12.790022320837593,-12.657749088176523,-12.049874315610664,-12.317582290373032,-10.822491668113017,-11.550824457874894
2019-05-07,-12.317582290373032,-10.822491668113017,-12.74562706839886,-12.63825551104436,-13.17222137991756,-12.954321795772799,-10.80060962879912,-11.035550913862917
2019-05-08,-12.954321795772799,-10.80060962879912,-12.700038777406625,-12.627315573661377,-13.084442186616982,-12.364554628519171,-10.803333476212806,-11.177373300276486
2019-05-09,-12.364554628519171,-10.803333476212806,-12.568600412430875,-12.635879074253713,-12.507179959514799,-12.757956614363142,-10.617149657031739,-10.929981578835703
2019-05-10,-12.757956614363142,-10.617149657031739,-12.52791292599005,-12.628686606811193,-12.556403454611344,-13.01838930843336,-10.599442871037787,-10.861200635668123
2019-05-13,-13.01838930843336,-10.599442871037787,-12.639687884133716,-12.637340435485413,-12.598541501413331,-13.489601397028967,-10.124593258867874,-10.25107900556418
2019-05-14,-13.489601397028967,-10.124593258867874,-12.851045807467942,-12.70297660763818,-12.088535682785045,-13.274197248005978,-10.752494816294837,-11.172881425943
2019-05-15,-13.274197248005978,-10.752494816294837,-12.901686387799423,-12.741579223329124,-12.966409214954114,-12.666516588807834,-10.503785700415705,-10.727206434562813
2019-05-16,-12.666516588807834,-10.503785700415705,-12.995111399394297,-12.751545091934277,-13.086017126713026,-11.706520147677265,-10.41545783123726,-10.83734507351739
2019-05-17,-11.706520147677265,-10.41545783123726,-12.608484601500018,-12.670795823787232,-12.812427725316343,-13.025224908216677,-10.850833453966006,-11.144280570745833
2019-05-20,-13.025224908216677,-10.850833453966006,-12.609389292397896,-12.717109037056987,-12.811711938550637,-12.495389300526352,-10.974606436386573,-11.449129898310863
2019-05-21,-12.495389300526352,-10.974606436386573,-12.477298932437975,-12.680684552142875,-13.146586427965081,-13.044854135425926,-10.930456338826453,-11.19147854856124
2019-05-22,-13.044854135425926,-10.930456338826453,-12.454327816249025,-12.68052218969704,-13.104549950255835,-13.499450352307981,-11.484274044274693,-11.886456055389212
2019-05-23,-13.499450352307981,-11.484274044274693,-12.550214082361222,-12.714509773226753,-13.690675954744014,-12.670042788892735,-10.399857637886189,-10.55128120789176
2019-05-24,-12.670042788892735,-10.399857637886189,-12.889292453735768,-12.715450533579839,-12.969651702150394,-13.003508176224116,-11.058881931107747,-11.402791723047425
2019-05-27,-13.003508176224116,-11.058881931107747,-12.885466999037476,-12.724897958184403,-13.340686916921038,-13.421673093908682,,
2019-05-28,-13.421673093908682,-11.058881931107747,-13.082000804520796,-12.765299336393193,-12.954083666013931,-12.741557587715207,-10.689567519533098,-10.9540009512761
2019-05-29,-12.741557587715207,-10.689567519533098,-13.011034511690992,-12.743826130099137,-12.349275173405525,-12.614348918861156,-10.449126634067062,-10.756019843448682
2019-05-30,-12.614348918861156,-10.449126634067062,-12.850057349910404,-12.72349480439542,-13.131386062214142,-12.599191484192481,-10.32748246361666,-10.506261002907161
2019-05-31,-12.599191484192481,-10.32748246361666,-12.832629521434555,-12.703268121890437,-12.526875005333629,-12.277005336739714,-10.18850203226288,-10.437421047379871
2019-06-03,-12.277005336739714,-10.18850203226288,-12.667097326327463,-12.694719734006014,-11.880220051679578,-11.823734829932675,-10.106990071829614,-10.53690214503928
2019-06-04,-11.823734829932675,-10.106990071829614,-12.351708824785495,-12.649213136416442,-12.19814214897937,-11.40031662854047,-9.863898652889246,-10.237914723790444
2019-06-05,-11.40031662854047,-9.863898652889246,-12.027865613478879,-12.520404430473757,-12.331444091752642,-11.406171163833104,-9.433677679539315,-9.649666651643193
2019-06-06,-11.406171163833104,-9.433677679539315,-11.795833608852595,-12.430628618486764,-12.302024969431383,-12.40957649110438,-10.212408495299787,-10.480094469312418
2019-06-07,-12.40957649110438,-10.212408495299787,-11.7773066442503,-12.415718921617175,-12.710207989816121,-12.513331900349282,-9.904512036731267,-10.048481778980328
2019-06-10,-12.513331900349282,-9.904512036731267,-11.803178317278196,-12.397896105192148,-11.32649736787059,-12.729094380261422,-10.267559433790499,-10.833418457058622
2019-06-11,-12.729094380261422,-10.267559433790499,-11.92726530490412,-12.378955656036887,-12.520023860506011,-12.388828942386212,-10.803030715962786,-11.288171776812927
2019-06-12,-12.388828942386212,-10.803030715962786,-12.166400772805956,-12.350287230632283,-11.764552167644522,-12.419369512507721,-10.234645418705057,-10.633727886782035
2019-06-13,-12.419369512507721,-10.234645418705057,-12.484480223575522,-12.340121198600178,-11.813129554510294,-12.263076355459619,-10.496806495556298,-11.074999334283754
2019-06-14,-12.263076355459619,-10.496806495556298,-12.451036376770032,-12.381166844652737,-11.804096425765833,-11.813855950031954,-9.407908283538118,-9.60787795017043
2019-06-17,-11.813855950031954,-9.407908283538118,-12.27682495612432,-12.321090071278135,-11.646704740857423,-11.715659303777857,-10.238240270932732,-10.8783101722562
2019-06-18,-11.715659303777857,-10.238240270932732,-12.075267661120233,-12.272681135534373,-11.740011564989482,-11.54528563542745,-9.211155629805733,-9.40552339320668
2019-06-19,-11.54528563542745,-9.211155629805733,-11.89828329165457,-12.195364830702214,-11.711222102475256,-12.281753214633502,-9.222690428613316,-9.361910490493871
2019-06-20,-12.281753214633502,-9.222690428613316,-11.88091156620554,-12.163584357827144,-8.823815654496602,-11.102528291374826,-8.340527368765361,-9.479703091593208
2019-06-21,-11.102528291374826,-8.340527368765361,-11.61922973774605,-12.055322291842915,-9.948022756637275,-10.283679139172715,-8.832559726177658,-9.6582589693765
2019-06-24,-10.283679139172715,-8.832559726177658,-11.151861263242603,-11.812648120950572,-11.063908829710948,-11.623045492882046,-9.464364232079717,-9.84630685808737
2019-06-25,-11.623045492882046,-9.464364232079717,-11.140878029024996,-11.763444396293837,-9.563332286087691,-10.941348501757034,-8.284096612391828,-8.712406595593114
2019-06-26,-10.941348501757034,-8.284096612391828,-11.035895465917235,-11.67272457021609,-10.281057150484239,-11.026564828412555,-9.217945555340444,-9.9297857876387
2019-06-27,-11.026564828412555,-9.217945555340444,-10.901070862507952,-11.599557526000355,-11.060056846486155,-11.800232248303258,-9.772319574008023,-10.295731234942963
2019-06-28,-11.800232248303258,-9.772319574008023,-10.986765497150799,-11.577298878055066,-10.375418561038556,-12.33077553968255,-9.495077241512472,-10.136237277391551
2019-07-01,-12.33077553968255,-9.495077241512472,-11.420376936326848,-11.57859992144183,-10.711472151775924,-11.714649136013147,-9.480219478659032,-9.989346261763519
2019-07-02,-11.714649136013147,-9.480219478659032,-11.434775130902167,-11.574100024925036,-10.958541478684515,-11.933453868512045,-8.892091848598605,-9.083742021039805
2019-07-03,-11.933453868512045,-8.892091848598605,-11.665594712924891,-11.598990772503182,-10.001171926545965,-11.638006215195947,-9.106557859269744,-9.776592315193254
2019-07-04,-11.638006215195947,-9.106557859269744,-11.855949098263315,-11.611616551382555,-11.365405052921737,-11.592346506125631,,
2019-07-05,-11.592346506125631,-9.106557859269744,-11.808242844011726,-11.583553510292017,-11.133032434548221,-12.369466044644907,-8.595162312348512,-8.702733738217304
2019-07-08,-12.369466044644907,-8.595162312348512,-11.812754190011724,-11.580505036131907,-11.284959188337881,-12.293340452845968,-9.993643915332603,-10.463964775681745
2019-07-09,-12.293340452845968,-9.993643915332603,-11.914711156193404,-11.57188388499747,-11.56225092610195,-11.541001807409144,-9.900531290602107,-10.384554470865323
2019-07-10,-11.541001807409144,-9.900531290602107,-11.824562839653286,-11.542830809130068,-12.282968340348354,-12.496757751714703,-8.678422252032489,-8.728836057948662
2019-07-11,-12.496757751714703,-8.678422252032489,-11.974108917815402,-11.544381801006715,-11.371731954156264,-12.264799562772803,-9.396701765481904,-9.614315640378422
2019-07-12,-12.264799562772803,-9.396701765481904,-12.128920460424327,-11.544423759262807,-11.962196897463784,-11.897956343989724,-10.074056212541475,-10.44911048360577
2019-07-15,-11.897956343989724,-10.074056212541475,-12.038419055969628,-11.5475090117747,-11.579453586261344,-12.592074967737483,-10.070899911152816,-10.429855789318612
2019-07-16,-12.592074967737483,-10.070899911152816,-12.079268764928312,-11.57248750769399,-12.278038301279217,-12.583158185406077,-9.703479873690862,-9.845435544007367
2019-07-17,-12.583158185406077,-9.703479873690862,-12.33000433294416,-11.606230473644189,-12.51164906959475,-12.49140805733693,-9.797642247119793,-9.941393146957667
2019-07-18,-12.49140805733693,-9.797642247119793,-12.329096713136547,-11.611054563112956,-11.183193897942605,-11.750674463669617,-9.013531405469632,-9.210728549549984
2019-07-19,-11.750674463669617,-9.013531405469632,-12.195123056891148,-11.651519854330918,-10.945775638360555,-11.885869467672071,-9.07426779179562,-9.315066383681952
2019-07-22,-11.885869467672071,-9.07426779179562,-12.191854776400897,-11.822057739678131,-11.661288251315034,-12.475591688573223,-10.25433273369831,-10.6902985448734
2019-07-23,-12.475591688573223,-10.25433273369831,-12.175431922564197,-11.857684542172203,-11.589317061912924,-12.642493398819829,-9.805527494847714,-10.062490914069471
2019-07-24,-12.642493398819829,-9.805527494847714,-12.18312531693746,-11.965487280939017,-12.347136307938555,-12.408888970509652,-10.476679191864381,-10.831756887417153
2019-07-25,-12.408888970509652,-10.476679191864381,-12.170564711729359,-12.066157428666916,-12.469851955717356,-12.588231350480733,-9.408778434502352,-9.501382658144768
2019-07-26,-12.588231350480733,-9.408778434502352,-12.360083173609105,-12.10237278993081,-12.203168641921408,-12.54020996921199,-9.894306487557895,-10.081016247044019
2019-07-29,-12.54020996921199,-9.894306487557895,-12.527694107239146,-12.109919838479009,-12.255674689295041,-12.445843793997987,-10.241219305598426,-10.520516582287039
2019-07-30,-12.445843793997987,-10.241219305598426,-12.521352316918053,-12.149186200953137,-12.566880736556042,-12.351042953656,-10.657031694336672,-11.060324552983989
2019-07-31,-12.351042953656,-10.657031694336672,-12.463128196067302,-12.170591582093316,-12.356809950931275,-13.419081761767508,-8.72648319556134,-8.762805294868404
2019-08-01,-13.419081761767508,-8.72648319556134,-12.607296937892407,-12.244043989355253,-11.58680064234477,-12.116135883373325,-8.861181165305473,-8.971094449818121
2019-08-02,-12.116135883373325,-8.861181165305473,-12.491299667779215,-12.283946959625524,-10.367847368885597,-11.160799210652641,-9.112903249932385,-9.647505700444475
2019-08-05,-11.160799210652641,-9.112903249932385,-12.042689560655953,-12.181549175762449,-10.304834217448096,-11.160871530218035,-8.886766009744727,-9.30999340050404
2019-08-06,-11.160871530218035,-8.886766009744727,-11.743017987735694,-12.09166990946173,-10.156805201330439,-11.730920640655475,-9.183589239884352,-9.79268243241459
2019-08-07,-11.730920640655475,-9.183589239884352,-11.653589480204214,-12.106783934513562,-10.039885233510153,-10.995453534413574,-8.522905029865377,-8.884941347612276
2019-08-08,-10.995453534413574,-8.522905029865377,-11.351991691895773,-11.99518337594541,-10.037627659744272,-11.922415082108056,-9.10894843012983,-9.716049691014605
2019-08-09,-11.922415082108056,-9.10894843012983,-11.332276575630408,-11.97971321993471,-11.220288278046656,-12.338760360126864,-9.40997372112956,-9.654678726047733
2019-08-12,-12.338760360126864,-9.40997372112956,-11.511775408181112,-11.999245259896947,-12.012315461781162,-10.396141068611556,-9.020201822084903,-9.380861104445874
2019-08-13,-10.396141068611556,-9.020201822084903,-11.229434706139866,-11.799752371427413,-10.951473365751683,-11.234233121598267,-8.125556625396388,-8.235275887780444
2019-08-14,-11.234233121598267,-8.125556625396388,-11.154404599466487,-11.736612600354892,-10.233776502584874,-11.150577930885158,-8.74269044428828,-9.121221431963345
2019-08-15,-11.150577930885158,-8.74269044428828,-11.188674476930592,-11.672383076614818,-10.4068071074872,-10.624621266563944,-8.78266844315589,-9.222086910318497
2019-08-16,-10.624621266563944,-8.78266844315589,-10.961113016077565,-11.58041632706491,-11.081252106467213,-11.15274969487458,-9.465822653196767,-9.950156781606793
2019-08-19,-11.15274969487458,-9.465822653196767,-10.852539252007741,-11.54134537087325,-11.047466512094871,-11.056169655619241,-9.50135830452286,-10.053535290981339
2019-08-20,-11.056169655619241,-9.50135830452286,-11.018030803609976,-11.481588016122341,-11.918754656162026,-11.851877314801564,-10.243490613807845,-10.733646472542238
2019-08-21,-11.851877314801564,-10.243490613807845,-11.095170426530414,-11.46289718082196,-11.964801714900732,-12.117563296668191,-10.078331475023198,-10.409247661042917
2019-08-22,-12.117563296668191,-10.078331475023198,-11.21991004655384,-11.456352580941429,-12.526128516623706,-12.41814314058487,-10.145344535266238,-10.362880715172855
2019-08-23,-12.41814314058487,-10.145344535266238,-11.579970062941166,-11.453367989981535,-12.512213247299146,-12.510343166505532,-9.158614335219962,-9.23116574555758
2019-08-26,-12.510343166505532,-9.158614335219962,-11.838373998608127,-11.45285684994318,-10.760451775376472,-9.927182892968542,-9.065165424323759,-9.996204097940828
2019-08-27,-9.927182892968542,-9.065165424323759,-11.188671942625657,-11.261089500691115,-11.893911992871136,-12.156185266613216,-9.902053652575104,-10.178342592238065
2019-08-28,-12.156185266613216,-9.902053652575104,-11.216078169455244,-11.25747920934891,-11.183843641193207,-11.297424502338236,-9.47131098944825,-9.889020548180914
2019-08-29,-11.297424502338236,-9.47131098944825,-11.117879789876994,-11.216063716678887,-11.942066183302156,-10.811141438300643,-9.305659230698739,-9.653131501403195
2019-08-30,-10.811141438300643,-9.305659230698739,-10.921240339389795,-11.16287155759982,-10.959444640550988,-11.819799339580412,-9.598281423818852,-10.052107455427047
2019-09-02,-11.819799339580412,-9.598281423818852,-10.881433778935724,-11.187350376075836,-11.180058996951908,-11.801196509828475,,
2019-09-03,-11.801196509828475,-9.598281423818852,-11.46057785977412,-11.2119283266752,-11.855476000392692,-11.909240250160838,-9.553294130792095,-9.77001348511669
2019-09-04,-11.909240250160838,-9.553294130792095,-11.433019071559025,-11.216800073444453,-11.053952971342301,-12.045249397671629,-9.682758759098345,-10.110452654509471
2019-09-05,-12.045249397671629,-9.682758759098345,-11.561552033905254,-11.258196700211434,-10.934208327625116,-11.250788630810266,-8.876096613048821,-9.12550458328168
2019-09-06,-11.250788630810266,-8.876096613048821,-11.72487200686175,-11.233857324309463,-11.191018505199978,-10.773901723418284,-8.643220598822433,-8.862633837667772
2019-09-09,-10.773901723418284,-8.643220598822433,-11.435374473914344,-11.173102797722029,-11.336920699657274,-11.864254439763162,-9.734850450748494,-10.121082384261781
2019-09-10,-11.864254439763162,-9.734850450748494,-11.443888240487809,-11.260506378241384,-10.80282574634268,-11.549306524482903,-9.405911824234543,-9.859436420269136
2019-09-11,-11.549306524482903,-9.405911824234543,-11.390909911218623,-11.274476483738415,-11.171889293279424,-11.838073510109453,-9.76931212480258,-10.23501212291732
2019-09-12,-11.838073510109453,-9.76931212480258,-11.36726096233052,-11.303017065764971,-11.734949376960566,-11.99965437662104,-8.81895313877109,-8.919554510148066
2019-09-13,-11.99965437662104,-8.81895313877109,-11.493324948160542,-11.379490838723257,-12.301624578920055,-11.446894322524757,-9.40835500376054,-9.613675310587462
2019-09-16,-11.446894322524757,-9.40835500376054,-11.717900324276503,-11.395604323839011,-10.71802604193149,-11.37633051253333,-9.56514668194126,-10.217510682381901
2019-09-17,-11.37633051253333,-9.56514668194126,-11.614747689782142,-11.415026356534993,-12.127170498628002,-11.981455489153992,-10.036632734909718,-10.346742039764484
2019-09-18,-11.981455489153992,-10.036632734909718,-11.692626598502029,-11.418960045876771,-12.660141218272335,-13.236018953957059,-9.01993548394759,-9.061803096373263
2019-09-19,-13.236018953957059,-9.01993548394759,-11.832114142814135,-11.435840543590366,-11.899575407511167,-12.00745091790485,-10.1677311023269,-10.576932695285361
2019-09-20,-12.00745091790485,-10.1677311023269,-11.833428652204404,-11.426377085639851,-12.176287007360735,-12.257322709207429,-10.242645446390693,-10.568353469641638
2019-09-23,-12.257322709207429,-10.242645446390693,-12.01192817217874,-11.4215196116394,-11.44733163509236,-11.481418324446013,-9.840433073134475,-10.341799464818802
2019-09-24,-11.481418324446013,-9.840433073134475,-12.050326345959146,-11.614771880296749,-12.579274043684682,-11.987334866972352,-9.513311173346352,-9.65355549434581
2019-09-25,-11.987334866972352,-9.513311173346352,-12.051583152454729,-11.609434098199916,-11.894369940819567,-12.170752598593989,-9.491453976348664,-9.664694968101536
2019-09-26,-12.170752598593989,-9.491453976348664,-11.941520751330001,-11.65003275212929,-12.247557280437361,-11.778148911743461,-9.9101174173696,-10.1991362763181
2019-09-27,-11.778148911743461,-9.9101174173696,-11.894393263859438,-11.724435719015332,-12.558356582257915,-11.705261540222065,-9.435751172483403,-9.595221867970473
2019-09-30,-11.705261540222065,-9.435751172483403,-11.796801220682534,-11.718935032766232,-12.030296379906154,-11.318899299476058,-9.283462474385777,-9.500069925195698
2019-10-01,-11.318899299476058,-9.283462474385777,-11.749554489535774,-11.690792431519604,-11.261993413588266,-11.17299812914632,-9.022917989611843,-9.275273848327576
2019-10-02,-11.17299812914632,-9.022917989611843,-11.56864681201083,-11.647993690898252,-12.244436645852318,-11.35033644466407,-9.432971154264806,-9.665042647940203
2019-10-03,-11.35033644466407,-9.432971154264806,-11.438265087605142,-11.61482306986327,-11.775931790215498,-11.394858638594668,-8.455976699636377,-8.549276159022739
2019-10-04,-11.394858638594668,-8.455976699636377,-11.373881090183309,-11.624524545633989,-12.489742431630795,-12.891986118152978,-9.26680423766713,-9.335599363356597
2019-10-07,-12.891986118152978,-9.26680423766713,-11.478976140420134,-11.733199386036805,-12.789917358005162,-11.296504678557055,-9.839069965651927,-10.174721969348639
2019-10-08,-11.296504678557055,-9.839069965651927,-11.473674448970415,-11.700228254281749,-11.543079238765895,-11.69163586506834,-9.749398669401934,-10.12007055211283
2019-10-09,-11.69163586506834,-9.749398669401934,-11.589448011387608,-11.707971970807804,-12.178523234967662,-11.13180021096364,-9.444052719134973,-9.731553475676924
2019-10-10,-11.13180021096364,-9.444052719134973,-11.529250384477958,-11.663897295513117,-10.920905182736346,-11.779499620208775,-9.461499261481137,-9.863238185170871
2019-10-11,-11.779499620208775,-9.461499261481137,-11.605102611477573,-11.655134169536135,-11.472434962299635,-11.131927343823513,-9.144277027220506,-9.411492812133734
2019-10-14,-11.131927343823513,-9.144277027220506,-11.369405755382259,-11.63259402944062,-11.316687536395095,-11.611924514072264,-10.092637995579803,-10.811934154633805
2019-10-15,-11.611924514072264,-10.092637995579803,-11.429362808619306,-11.646247239893077,-12.192323089529477,-11.804871225457404,-9.986165115864337,-10.304111861010991
2019-10-16,-11.804871225457404,-9.986165115864337,-11.4459721826137,-11.639364578590424,-12.044418931954022,-11.562150397837588,-9.624749064703314,-9.890055160178367
2019-10-17,-11.562150397837588,-9.624749064703314,-11.546634557576109,-11.596415233785825,-11.526780044939802,-11.285883527413244,-9.999625360784465,-10.679768239018644
2019-10-18,-11.285883527413244,-9.999625360784465,-11.450298719524223,-11.561956466934793,-12.589509733598149,-11.815544638798613,-10.426161300078245,-10.878983075098043
2019-10-21,-11.815544638798613,-10.426161300078245,-11.596680511231732,-11.548195602412667,-12.97954794830118,-12.116463509504573,-10.384046422661276,-10.67368355733972
2019-10-22,-12.116463509504573,-10.384046422661276,-11.677938729391878,-11.573644266081784,-12.345043816237162,-12.573624923114213,-10.59713780606043,-10.972112483197774
2019-10-23,-12.573624923114213,-10.59713780606043,-11.777199180939535,-11.588418821229117,-12.619291213261072,-12.313003601052982,-10.732747345842764,-11.17516251521016
2019-10-24,-12.313003601052982,-10.732747345842764,-11.917547821672736,-11.592129070697483,-13.159563919114241,-11.87749100170994,-10.400351884242628,-10.745142760348028
2019-10-25,-11.87749100170994,-10.400351884242628,-12.101438968722325,-11.596062546447971,-12.755009168667412,-12.433941315863466,-10.008220370290683,-10.173741248825962
2019-10-28,-12.433941315863466,-10.008220370290683,-12.232419291324176,-11.619532050190834,-12.807347739778553,-12.455413650361395,-10.26463024639449,-10.475945872642905
2019-10-29,-12.455413650361395,-10.26463024639449,-12.29916330488979,-11.666478021359936,-12.682335920632529,-10.95334021419851,-10.156639561222432,-10.913400863538074
2019-10-30,-10.95334021419851,-10.156639561222432,-11.81904031902732,-11.646558873631296,-12.980455320263319,-12.52601373484632,-9.847621033899541,-9.966705863229526
2019-10-31,-12.52601373484632,-9.847621033899541,-11.842732522671161,-11.694162150390618,-12.231913376550162,-11.942783867197734,-10.226597286848206,-10.604011588824411
2019-11-01,-11.942783867197734,-10.226597286848206,-11.855017210931203,-11.723026961713945,-12.90158550779077,-12.265261166493806,-9.920596686637099,-10.079149374261316
2019-11-04,-12.265261166493806,-9.920596686637099,-11.834629012745516,-11.709579901356923,-13.027151906542269,-11.885282214319563,-10.410249228743835,-10.769498751349168
2019-11-05,-11.885282214319563,-10.410249228743835,-11.755247612094784,-11.743787933697106,-12.933913159454352,-12.313581984085076,-9.608293497083698,-9.716771389216477
2019-11-06,-12.313581984085076,-9.608293497083698,-12.158004997335915,-11.768485114805479,-12.633922800888346,-12.243422722670013,-10.538275261859061,-10.901739142153898
2019-11-07,-12.243422722670013,-10.538275261859061,-12.113793385550746,-11.833999066931444,-13.289354525747205,-11.95205634637984,-9.370640426352589,-9.471050344073236
2019-11-08,-11.95205634637984,-9.370640426352589,-12.115985980676665,-11.84240261514562,-11.983644891732565,-11.543755679197039,-9.54142484708033,-9.792437884605437
2019-11-11,-11.543755679197039,-9.54142484708033,-11.94862863710326,-11.877352539734897,-12.723668562285502,-12.105963126809634,-10.096643570951743,-10.327785389648854
2019-11-12,-12.105963126809634,-10.096643570951743,-11.99174025827571,-11.903098680059578,-12.491044319463496,-11.482497434648504,-9.799486361362714,-10.091965120113493
2019-11-13,-11.482497434648504,-9.799486361362714,-11.819600720648076,-11.882332633884602,-12.314137307614056,-11.697246165907922,-10.221263409145593,-10.654952367520606
2019-11-14,-11.697246165907922,-10.221263409145593,-11.728734152886375,-11.89107353777374,-12.24144499469946,-12.139721053031229,-10.133020073243467,-10.428546851326091
2019-11-15,-12.139721053031229,-10.133020073243467,-11.756488050309148,-11.945093988894596,-12.038506117230597,-12.04858478263139,-10.564357000093477,-11.172521309997363
2019-11-18,-12.04858478263139,-10.564357000093477,-11.859708021426425,-11.956996086797524,-12.60309410620698,-12.174182065053104,-10.333589217542881,-10.637518081628189
2019-11-19,-12.174182065053104,-10.333589217542881,-11.870071530649062,-11.95938982242388,-12.26755579924043,-12.461716689567686,-10.532283315049655,-10.920275871653798
2019-11-20,-12.461716689567686,-10.532283315049655,-12.07340903427474,-11.956191622382375,-12.275810055529831,-12.422567665891586,-9.82845982274835,-10.004284588565403
2019-11-21,-12.422567665891586,-9.82845982274835,-12.236258164344635,-11.959829868976918,-11.880695842359362,-12.286151286714055,-10.106602118534596,-10.4389045328579
2019-11-22,-12.286151286714055,-10.106602118534596,-12.266721363149973,-11.978210282266936,-12.939833779264621,-11.595756088216781,-10.163975632929917,-10.522336593332897
2019-11-25,-11.595756088216781,-10.163975632929917,-12.133525683101844,-11.937457407307706,-12.637139103853066,-12.567921023771827,-10.762425822503003,-11.14484646325976
2019-11-26,-12.567921023771827,-10.762425822503003,-12.198064810359318,-11.940632036416817,-12.612657801060575,-12.325838019352535,-10.632223561615074,-11.020629633586546
2019-11-27,-12.325838019352535,-10.632223561615074,-12.175948780483964,-12.046195100457608,-13.082049827583493,-12.85460699783799,-10.861094508249089,-11.141763269474165
2019-11-28,-12.85460699783799,-10.861094508249089,-12.232337399465635,-12.054899399203933,-12.909480870180278,-13.41857584043922,,
2019-11-29,-13.41857584043922,-10.861094508249089,-12.369817305639263,-12.09900402467894,-13.039390745259794,-13.273397343793995,,
2019-12-02,-13.273397343793995,,-12.804743761153713,-12.126263308933897,-13.144906373571649,-12.20042786222596,-10.219243216670373,-10.431860967406818
2019-12-03,-12.20042786222596,-10.219243216670373,-12.6980830776513,-12.14361183247544,-13.262174680970485,-11.562884707978567,-10.213974786644657,-10.580652822588236
2019-12-04,-11.562884707978567,-10.213974786644657,-12.41128105451513,-12.09750872395633,-12.683386173739803,-11.008219845825346,-9.874173508533591,-10.355409923363123
2019-12-05,-11.008219845825346,-9.874173508533591,-11.889428272006926,-11.99730473258619,-12.647076857548125,-12.468055508975716,-10.533418055172609,-10.841672740038087
2019-12-06,-12.468055508975716,-10.533418055172609,-11.822901633305035,-12.018617979979865,-13.492331402019465,-13.01890354511258,-9.427119515433183,-9.472858255619837
2019-12-09,-13.01890354511258,-9.427119515433183,-11.809403783445946,-12.082624290116456,-13.105604176654758,-13.000663290015249,-11.029433533817196,-11.336903427483376
2019-12-10,-13.000663290015249,-11.029433533817196,-11.886830448147707,-12.111931074460623,-13.065743119984703,-12.877012838312393,-10.782616733552501,-11.037650301231766
2019-12-11,-12.877012838312393,-10.782616733552501,-12.112743671885344,-12.185106874606218,-13.768374920385686,-12.215049259652135,-10.329683230958949,-10.532877301980557
2019-12-12,-12.215049259652135,-10.329683230958949,-12.662668294821362,-12.218577131644391,-13.402945418489855,-12.951656465713235,-9.50850858357124,-9.5622456431346
2019-12-13,-12.951656465713235,-9.50850858357124,-12.760461829401498,-12.249119913093113,-11.964515474992805,-11.725092736926172,-9.689116356576658,-9.954787574212753
2019-12-16,-11.725092736926172,-9.689116356576658,-12.417738965586299,-12.226050148976102,-13.459639571405344,-12.628469946530652,-10.953552372414125,-11.266771720036797
2019-12-17,-12.628469946530652,-10.953552372414125,-12.368619616167233,-12.245464229909256,-13.409517246829626,-12.982002341903119,-11.25478522604244,-11.602518428892171
2019-12-18,-12.982002341903119,-11.25478522604244,-12.380681114476154,-12.261937340576731,-14.002507759783304,-13.00639466932449,-11.024645233311414,-11.233798880640487
2019-12-19,-13.00639466932449,-11.024645233311414,-12.518853874873301,-12.280947638479606,-13.569551210179704,-12.986474408218744,-11.31327105740511,-11.659125306137744
2019-12-20,-12.986474408218744,-11.31327105740511,-12.523303223589933,-12.306314755676292,-13.756195598520536,-13.731247114828854,-11.496611452500748,-11.73413922061313
2019-12-23,-13.731247114828854,-11.496611452500748,-13.008705060986223,-12.400328949921974,-13.445126224538615,-13.090860066273367,-11.2989167068351,-11.63238103879186
2019-12-24,-13.090860066273367,-11.2989167068351,-13.123330422279011,-12.417698378970796,-12.950008266347139,-12.752262066417138,,
2019-12-25,-12.752262066417138,-11.2989167068351,-13.065537161759359,-12.436909816051315,,,,
2019-12-26,-12.752262066417138,-11.2989167068351,-13.065537161759359,-12.436909816051315,-12.173650185298195,-13.210192806065653,-10.578465319029021,-10.899807697973406
2019-12-27,-13.210192806065653,-10.578465319029021,-13.105444196691291,-12.44681198758882,-12.188506059888,-12.531132801792165,-10.804756403343264,-11.364360888188733
2019-12-30,-12.531132801792165,-10.804756403343264,-12.9833024398434,-12.420134937685457,-13.154710411959472,-13.272782314538038,-11.42901443783105,-11.838893129459331
2019-12-31,-13.272782314538038,-11.42901443783105,-12.929702064893577,-12.42012183291743,-12.131881001737417,-13.682424780421814,-10.438164318287441,-10.69026355581692
2020-01-01,-13.682424780421814,-10.438164318287441,-13.00876159144441,-12.469453574258779,,,,
2020-01-02,-13.682424780421814,-10.438164318287441,-13.00876159144441,-12.469453574258779,-12.464397287914762,-12.940304225670252,-10.755423826885352,-11.102916401911585
2020-01-03,-12.940304225670252,-10.755423826885352,-13.054081851140003,-12.566589243673493,-11.013499778214811,-11.723823638332584,-9.706111341627725,-10.222762095765264
2020-01-06,-11.723823638332584,-9.706111341627725,-12.593301177857644,-12.696031057111217,-10.761779639861496,-11.579632354772189,-9.35638296456405,-9.792606056091687
2020-01-07,-11.579632354772189,-9.35638296456405,-12.301893384330981,-12.609955109643701,-11.021655820808942,-11.412082993908168,-9.06480752363916,-9.335216200882895
2020-01-08,-11.412082993908168,-9.06480752363916,-11.957464066318414,-12.485584437030841,-9.083949147290406,-10.800992025016535,-8.098277862412754,-8.678474965613471
2020-01-09,-10.800992025016535,-8.098277862412754,-11.487395551667104,-12.270763422137307,-11.226217819906212,-11.713126457747467,-9.18631570493444,-9.421980973636263
2020-01-10,-11.713126457747467,-9.18631570493444,-11.380508317905274,-12.212440369047682,-12.002929951084347,-12.55567929080738,-9.721400811900537,-9.896812886908576
2020-01-13,-12.55567929080738,-9.721400811900537,-11.464030871317128,-12.226941292361458,,-11.799342230595487,,
2020-01-14,-11.799342230595487,-9.721400811900537,-11.499806198639419,-12.17581535569768,-11.276055579926044,-11.933984268000145,-10.107688445000408,-10.746125897549886
2020-01-15,-11.933984268000145,-10.107688445000408,-11.592774705441673,-12.190719210204437,-11.907859392126456,-13.050833509018256,-10.346387745040932,-10.670366578240191
2020-01-16,-13.050833509018256,-10.346387745040932,-12.095182641676958,-12.201900131445196,-12.33074544536868,-12.93451347767546,-10.595941992713701,-10.91463355011126
2020-01-17,-12.93451347767546,-10.595941992713701,-12.326684754533057,-12.200786148183946,-12.240164943759964,-13.01076946096819,-10.54971919461903,-10.864132122877564
2020-01-20,-13.01076946096819,-10.54971919461903,-12.386600600213619,-12.200883675796511,-12.604680089592385,-13.343660507296883,,
2020-01-21,-13.343660507296883,-10.54971919461903,-12.719288138065412,-12.207753124851266,-11.160906379281968,-11.538892428910792,-9.799134285346746,-10.364361906297624
2020-01-22,-11.538892428910792,-9.799134285346746,-12.526589114825565,-12.124604641648453,-11.965119004943297,-12.382436973367104,-10.500099380012799,-10.983483790509288
2020-01-23,-12.382436973367104,-10.500099380012799,-12.419879193919575,-12.105183480310625,-11.490261463302101,-12.72072700863433,-10.008264918669429,-10.35577745395897
2020-01-24,-12.72072700863433,-10.008264918669429,-12.39178335254371,-12.104345131670293,-12.46195292892237,-12.38961150132791,-9.999466003562794,-10.194069593728251
2020-01-27,-12.38961150132791,-9.999466003562794,-12.303097962851874,-12.083519316000297,-11.69860323239926,-11.74540674633005,-9.909211549368623,-10.304455984095432
2020-01-28,-11.74540674633005,-9.909211549368623,-12.057272899266167,-12.046071968885165,-12.116210421177446,-11.886889558801933,-10.061318983934825,-10.402728786803957
2020-01-29,-11.886889558801933,-10.061318983934825,-12.161200319409042,-12.00304619120401,-11.97049196225586,-12.084020878432634,-10.190881595564488,-10.57551837088738
2020-01-30,-12.084020878432634,-10.190881595564488,-12.106956685943198,-11.966920300143963,-12.044685292519736,-12.199521193365465,-9.678594391381747,-9.870035732912834
2020-01-31,-12.199521193365465,-9.678594391381747,-12.035513751472083,-11.946398942315865,-11.722914205937162,-12.117551222104328,-9.740452859956996,-10.002531300508574
2020-02-03,-12.117551222104328,-9.740452859956996,-11.992563257191108,-11.966938270266478,-11.049313493831926,-11.621058636167175,-9.790994048810896,-10.378942522404186
2020-02-04,-11.621058636167175,-9.790994048810896,-11.959218416332288,-11.969931472302262,-11.986628213878806,-11.802999719289634,-9.70515254236773,-9.959856060634461
2020-02-05,-11.802999719289634,-9.70515254236773,-11.940578614032702,-11.998600341274132,-11.570843282277078,-10.576908158498188,-9.766013286112335,-10.70496528931563
2020-02-06,-10.576908158498188,-9.766013286112335,-11.465071461460461,-11.957845162287972,-11.82047961173181,-11.862782332792401,-10.22136137522335,-10.725176996747368
2020-02-07,-11.862782332792401,-10.22136137522335,-11.427373664211595,-11.966761496231687,-11.907229200204858,-12.093038100798612,-10.173857969592172,-10.564555102337906
2020-02-10,-12.093038100798612,-10.173857969592172,-11.424887772428216,-11.950571095158486,-11.720997556791565,-12.410721443035408,-10.647197357350755,-11.366990654054865
2020-02-11,-12.410721443035408,-10.647197357350755,-11.518922394013048,-11.977535083856525,-12.402122954328183,-12.252994004267581,-10.259003328649273,-10.55128178998139
2020-02-12,-12.252994004267581,-10.259003328649273,-11.575018277218595,-11.991902271940768,-12.655430888147142,-11.951421383731807,-10.611273650481083,-11.107697251075964
2020-02-13,-11.951421383731807,-10.611273650481083,-12.094825392394752,-11.957767300004814,-12.056163244780905,-12.519497153401232,-10.304436103406974,-10.636586979898542
2020-02-14,-12.519497153401232,-10.304436103406974,-12.224294104942249,-11.948129516670758,-12.715363508257164,-13.577125096795003,-10.913526674869274,-11.181004254697363
2020-02-17,-13.577125096795003,-10.913526674869274,-12.418304251207633,-11.95562835903853,-12.911615591254218,-13.367119417524279,,
2020-02-18,-13.367119417524279,-10.913526674869274,-12.550787533098973,-11.955917721298945,-12.98380810553928,-12.66036557385452,-10.182609932711443,-10.338876252702429
2020-02-19,-12.66036557385452,-10.182609932711443,-12.645245794002635,-12.00842540653849,-12.38362725309829,-12.412390367728362,-10.308092550211928,-10.592341286337206
2020-02-20,-12.412390367728362,-10.308092550211928,-12.805216427951098,-12.009440994024402,-11.808266388651363,-11.707876672224764,-9.823130230791717,-10.164535877224711
2020-02-21,-11.707876672224764,-9.823130230791717,-12.517714472771479,-11.967293810847263,-11.848017822690887,-11.766038698650034,-9.513728299429019,-9.739419192375479
2020-02-24,-11.766038698650034,-9.513728299429019,-12.214076789580954,-11.939318253213868,-10.625012987596268,-10.036858365143091,-8.445619040296487,-8.82656193871591
2020-02-25,-10.036858365143091,-8.445619040296487,-11.220376305796753,-11.696828163276537,-10.085328422477382,-10.21350043662357,-8.180370561854593,-8.508533040064608
2020-02-26,-10.21350043662357,-8.180370561854593,-10.81489700022762,-11.532132696095742,-10.627518133984974,-10.657447119310747,-8.580847478576327,-8.874574402505393
2020-02-27,-10.657447119310747,-8.580847478576327,-10.637903134100611,-11.444934433714165,-10.623384324023041,-10.984910969214402,-8.565984991194522,-8.81035605942704
2020-02-28,-10.984910969214402,-8.565984991194522,-10.5676716866765,-11.390734818816478,-9.953382936253771,-9.281023493325783,-7.470588204044524,-7.754401008910075
2020-03-02,-9.281023493325783,-7.470588204044524,-10.05857426566782,-11.062783967267723,-9.373563313812825,-10.340923379443861,-8.392856492569093,-9.12182835046168
2020-03-03,-10.340923379443861,-8.392856492569093,-10.113652187180579,-10.991111711997895,-10.548765141337814,-11.142188095155793,-8.064013549283148,-8.202574122029539
2020-03-04,-11.142188095155793,-8.064013549283148,-10.229611944330658,-10.970536684061802,-10.205078344376588,-10.9443317529075,-8.82479390365383,-9.289362916159877
2020-03-05,-10.9443317529075,-8.82479390365383,-10.262670332957455,-10.993590313238167,-11.892980909307376,-11.373410043237955,-9.361939796022403,-9.601934473804324
2020-03-06,-11.373410043237955,-9.361939796022403,-10.29443917477069,-10.980442401618275,-10.564853747698036,-10.19272754668356,-7.443406503706149,-7.557768061541348
2020-03-09,-10.19272754668356,-7.443406503706149,-10.694299310683336,-10.891074274533494,-8.388359407060015,-9.523935442765438,-7.579783294210971,-8.467973694069832
2020-03-10,-9.523935442765438,-7.579783294210971,-10.386917717288867,-10.7211071361446,-10.077173454065637,-10.09336368827223,-8.316925349637174,-8.734324436483787
2020-03-11,-10.09336368827223,-8.316925349637174,-10.226279199535677,-10.641499094386589,-11.08242744522269,-10.945837633797758,-8.616692700964053,-8.817983500742285
2020-03-12,-10.945837633797758,-8.616692700964053,-10.226425983722988,-10.618379909782504,-9.818546114463592,-10.424277778209586,-7.229612403772972,-7.353001474846066
2020-03-13,-10.424277778209586,-7.229612403772972,-10.130588983266524,-10.566507895637754,-8.32697733228703,-9.811134834291318,-6.72389455380511,-7.007455495926114
2020-03-16,-9.811134834291318,-6.72389455380511,-10.046868689208992,-10.467606710500494,-8.569256684823193,-7.684992834638704,-6.212038973482269,-6.603498537658563
2020-03-17,-7.684992834638704,-6.212038973482269,-9.02270207670915,-9.87687551991216,-8.423556805380299,-9.025351705786557,-6.766256837475518,-7.115953378053457
2020-03-18,-9.025351705786557,-6.766256837475518,-8.899675528056576,-9.768855885317656,-9.79851782190073,-8.021766395371213,-6.92326706704357,-7.417191299998884
2020-03-19,-8.021766395371213,-6.92326706704357,-8.52444502346225,-9.51939105007208,-8.560136507069446,-9.065960829389763,-7.067209882885116,-7.513838400925243
2020-03-20,-9.065960829389763,-7.067209882885116,-8.441525482035743,-9.448857346085893,-9.61448576925546,-9.396179337716518,-7.724913202308557,-8.139134432478317
2020-03-23,-9.396179337716518,-7.724913202308557,-8.415713667129076,-9.402186606915954,-9.63899413755058,-10.486894724104637,-7.583788073022879,-7.78580510693826
2020-03-24,-10.486894724104637,-7.583788073022879,-8.91018708506725,-9.411838488618411,-9.060985023336364,-8.461065442775572,,
2020-03-25,-8.461065442775572,-7.583788073022879,-8.783428304193702,-9.310224289993178,,,,
2020-03-26,-8.461065442775572,-7.583788073022879,-8.783428304193702,-9.310224289993178,,,,
2020-03-27,-8.461065442775572,-7.583788073022879,-8.783428304193702,-9.310224289993178,,,,
2020-03-30,,,-8.783428304193702,-9.310224289993178,,,,
2020-03-31,,,-8.783428304193702,-9.310224289993178,-10.284401445788093,,,
2020-04-01,,,-8.783428304193702,-9.310224289993178,-11.782887554072246,-10.391486400124647,,
2020-04-02,-10.391486400124647,,-9.27496013642782,-9.306271812667319,-10.891580423259084,-10.849347409682164,,
2020-04-03,-10.849347409682164,,-9.504451219232967,-9.304917980014219,,-10.582341915520379,,
2020-04-06,-10.582341915520379,,-9.672642224302352,-9.34290170319432,-11.269456913079436,-11.044576325730096,,
2020-04-07,-11.044576325730096,,-9.711248832552341,-9.352256830865093,,,,
2020-04-08,-11.044576325730096,,-9.711248832552341,-9.352256830865093,,-10.685646615624389,,
2020-04-09,-10.685646615624389,,-10.685997164315017,-9.347437929845984,-12.038334417982288,-10.700156558427777,,
2020-04-10,-10.700156558427777,,-10.759972937413528,-9.344641253168595,,,,
2020-04-13,-10.700156558427777,,-10.759972937413528,-9.344641253168595,,,,
2020-04-14,,,-10.759972937413528,-9.344641253168595,,,,
2020-04-15,,,-10.759972937413528,-9.344641253168595,,,,
2020-04-16,,,-10.759972937413528,-9.344641253168595,-11.289402415626883,,,
2020-04-17,,,-10.759972937413528,-9.344641253168595,-9.985285971197044,-10.322184807235528,,
2020-04-20,-10.322184807235528,,-10.640453885191974,-9.332478676028437,-10.83208400900896,-10.438876865380735,,
2020-04-21,-10.438876865380735,,-10.608277774040838,-9.337104793653417,-10.810378826694205,-9.556765023565758,,
2020-04-22,-9.556765023565758,,-10.241476907215546,-9.338445326723539,-10.427242833939161,-9.740044457963833,,
2020-04-23,-9.740044457963833,,-10.057535312627607,-9.328534601323222,-10.422822183641337,-10.594071705075553,,
2020-04-24,-10.594071705075553,,-10.045832440698922,-9.324360594659783,-11.142978670309816,-11.030942823875503,,
2020-04-27,-11.030942823875503,,-10.125990466139381,-9.331960079940847,,-10.841985786861718,,
2020-04-28,-10.841985786861718,,-10.175732866280132,-9.352080645313452,,,,
2020-04-29,-10.841985786861718,,-10.175732866280132,-9.352080645313452,-11.831067089588108,-10.904822471958816,,
2020-04-30,-10.904822471958816,,-10.497223366059936,-9.645449083815015,-11.27361643834894,-11.521665190981107,,
2020-05-01,-11.521665190981107,,-10.935187592303366,-9.734604966903191,-10.566573942692495,,,
2020-05-04,-11.521665190981107,,-10.935187592303366,-9.734604966903191,-11.099418704685382,-11.047054026465629,-9.085386902155673,-9.405693182998741
2020-05-05,-11.047054026465629,-9.085386902155673,-11.043296893399098,-10.040825694331472,-11.697432207739931,-10.166223895889175,-9.151753996123642,-9.733385632449
2020-05-06,-10.166223895889175,-9.151753996123642,-10.797777930275565,-10.133416063651751,-11.246976580188374,-11.25683923441958,,
2020-05-07,-11.25683923441958,-9.151753996123642,-10.864960704241676,-10.22580480398745,-11.428374480059544,-11.37342840260573,-9.158737418918518,-9.39767622680242
2020-05-08,-11.37342840260573,-9.158737418918518,-10.939577755236268,-10.248706125759353,-10.729078041865519,-11.84062005801829,,
2020-05-11,-11.84062005801829,-9.158737418918518,-10.970570037125526,-10.589212658673349,-11.555705497588391,-10.825825269713935,-9.477261908520216,-9.962968619129574
2020-05-12,-10.825825269713935,-9.477261908520216,-10.92571583670538,-10.610913005526607,-11.500439260332847,-11.610461604820495,-9.600452591037945,-9.933910686777928
2020-05-13,-11.610461604820495,-9.600452591037945,-11.321123210977706,-10.632127184782483,-11.818620696465887,-11.970802549252031,-9.26534904959974,-9.42161303252826
2020-05-14,-11.970802549252031,-9.26534904959974,-11.436350461678915,-10.672368755693089,-11.779748584879476,-11.22530757773517,-9.305305627502724,-9.567731424337612
2020-05-15,-11.22530757773517,-9.305305627502724,-11.402911530703495,-10.678082770702606,-11.460936563363427,-11.146495156691953,-9.309257979601142,-9.63159445339627
2020-05-18,-11.146495156691953,-9.309257979601142,-11.2812645409272,-10.69657619326385,-10.84650613710005,-11.397777620945192,-8.783689278427907,-9.007245387741072
2020-05-19,-11.397777620945192,-8.783689278427907,-11.429033365877338,-10.721916411037203,-11.556934892060204,-11.128961712072957,-9.625785287070537,-10.083708514543911
2020-05-20,-11.128961712072957,-9.625785287070537,-11.330840538337432,-10.764083597144952,-11.550129219711815,-11.205006632187846,-9.512907453927035,-9.89054786577541
2020-05-21,-11.205006632187846,-9.512907453927035,-11.216301633703006,-10.801830874055954,-11.367246525983536,-11.708037077785521,-9.359551804448836,-9.62067197780772
2020-05-22,-11.708037077785521,-9.359551804448836,-11.295230204902396,-10.968423341034445,-11.671384525737537,-11.850480417083274,-9.659280466901862,-9.940966664762671
2020-05-25,-11.850480417083274,-9.659280466901862,-11.41998578772739,-11.131045644557128,-12.035847420770173,-11.830836288119857,,
2020-05-26,-11.830836288119857,-9.659280466901862,-11.494573685478253,-11.193673069931123,-11.769331372339147,-11.700591975783603,,
2020-05-27,-11.700591975783603,,-11.62869442728875,-11.222812046560415,-11.426744564830669,-11.633797413102041,-9.337637966393345,-9.591810888965039
2020-05-28,-11.633797413102041,-9.337637966393345,-11.74134245192746,-11.263659910273983,-11.353481722187174,-11.447922071152556,,
2020-05-29,-11.447922071152556,-9.337637966393345,-11.681727243261117,-11.29411635062552,-11.148871719065307,-11.466157686146444,-9.48890745245133,-9.887290486419024
2020-06-01,-11.466157686146444,-9.48890745245133,-11.605534850375387,-11.29184588756704,-11.181994152062346,,,
2020-06-02,-11.466157686146444,-9.48890745245133,-11.605534850375387,-11.29184588756704,-11.705613375068957,-11.41495953553576,,
2020-06-03,-11.41495953553576,,-11.526415040142115,-11.311701320736228,-10.846181699795357,-10.94323439900732,-8.948611485401708,-9.285480207528625
2020-06-04,-10.94323439900732,-8.948611485401708,-11.35219622381457,-11.400446481859966,-11.353842729485304,-11.111871687682951,,
2020-06-05,-11.111871687682951,-8.948611485401708,-11.253784091569258,-11.3914821048932,-11.03284933376193,,,
2020-06-08,-11.111871687682951,,-11.253784091569258,-11.3914821048932,-11.067945768410572,-11.490217852112298,-9.549945776108947,-10.000640400777634
2020-06-09,-11.490217852112298,-9.549945776108947,-11.260628680739707,-11.39710968862325,-11.224879459180222,-10.891784883392885,-9.50416536379662,-10.063843846511098
2020-06-10,-10.891784883392885,-9.50416536379662,-11.141629455197704,-11.347570080280846,-11.281496763725208,-11.913394354562977,,
2020-06-11,-11.913394354562977,-9.50416536379662,-11.203216600421987,-11.405044182675939,-11.311570418823996,-11.153910849446993,-8.873850476303803,-9.084124498442186
2020-06-12,-11.153910849446993,-8.873850476303803,-11.25374502899818,-11.381758699395816,-10.850429124578326,-11.71167207631622,-9.415499553047475,-9.829161340535945
2020-06-15,-11.71167207631622,-9.415499553047475,-11.363523522902076,-11.37358576632721,-11.211395113163947,,,
2020-06-16,-11.71167207631622,-9.415499553047475,-11.363523522902076,-11.37358576632721,-11.185168171829629,-11.02698304717368,-8.947162215902717,-9.210637773613119
2020-06-17,-11.02698304717368,-8.947162215902717,-11.264747970859137,-11.36094503542593,-11.995030180905518,-10.869049749238375,-9.795743422853217,-10.398608512570112
2020-06-18,-10.869049749238375,-9.795743422853217,-11.258092121993876,-11.34132708940894,-11.015372288045917,-10.82035036043224,-9.470460710999133,-10.110255963799455
2020-06-19,-10.82035036043224,-9.470460710999133,-11.070796340936209,-11.30506468520163,-12.589306562742845,-12.032900253118097,-10.127356928169721,-10.393943551640875
2020-06-22,-12.032900253118097,-10.127356928169721,-11.184672479681048,-11.341189793789257,-11.024157160029995,-10.746198669606027,-9.358298064481323,-9.935667696816319
2020-06-23,-10.746198669606027,-9.358298064481323,-11.009045678553168,-11.30837788596061,-10.283637812273753,-11.576785044266877,-9.332007940772659,-10.00940452099303
2020-06-24,-11.576785044266877,-9.332007940772659,-11.095784485569693,-11.303686514153267,-11.294271894576628,-11.698994978867933,-9.18273630558223,-9.408148846433887
2020-06-25,-11.698994978867933,-9.18273630558223,-11.24834016547327,-11.298964195428791,-11.31001324522945,-11.018419648716447,-9.644811489611898,-10.228824922871688
2020-06-26,-11.018419648716447,-9.644811489611898,-11.305052424128164,-11.262808441915801,-12.262864344771748,-12.128596766805172,-9.748302551458126,-9.93876318851372
2020-06-29,-12.128596766805172,-9.748302551458126,-11.313906280200511,-11.274109343802506,-11.140821312408669,-11.878137856968785,-9.976310925729987,-10.59503925305542
2020-06-30,-11.878137856968785,-9.976310925729987,-11.587138872793975,-11.281702539190285,-12.379472397348804,-12.236834466396926,-9.846134929700387,-10.033620853314522
2020-07-01,-12.236834466396926,-9.846134929700387,-11.689881240983228,-11.305078588489136,-12.074686649417007,-11.055534844116421,,
2020-07-02,-11.055534844116421,-9.846134929700387,-11.52523811173014,-11.283698041668355,-11.626342406938114,-12.039929744748493,-9.579966386499352,-9.821579917747892
2020-07-03,-12.039929744748493,-9.579966386499352,-11.76408343219294,-11.304286351878492,-11.965684642494633,-12.306561544430371,,
2020-07-06,-12.306561544430371,-9.579966386499352,-11.786989514812337,-11.359154164453392,-12.251721701012718,-12.279219815938221,,
2020-07-07,-12.279219815938221,,-11.849209809176324,-11.40425864418246,-12.2917365850802,-11.73770780559231,-10.00731607011493,-10.334498830843017
2020-07-08,-11.73770780559231,-10.00731607011493,-11.764999375960192,-11.414368746549982,-11.648551124281788,-11.47782328971887,-9.666390205895484,-10.024767995659584
2020-07-09,-11.47782328971887,-9.666390205895484,-11.915878908447688,-11.452478932722602,-12.087194848386876,-11.331133893361198,,
2020-07-10,-11.331133893361198,-9.666390205895484,-11.7484682326759,-11.427868841562391,-11.938941031924069,-11.861306877304447,-9.996216167290903,-10.350315956731889
2020-07-13,-11.861306877304447,-9.996216167290903,-11.686245722802013,-11.461781587749002,-12.159617245907308,-11.980023782162856,-9.896716401580075,-10.156220458744412
2020-07-14,-11.980023782162856,-9.896716401580075,-11.648418132665004,-11.470989831634395,-11.94436372264678,-10.879771892652553,-9.66668248564307,-10.177173337115338
2020-07-15,-10.879771892652553,-9.66668248564307,-11.426513136705902,-11.458703328807202,-11.996215053986509,-11.769363479859546,-10.131484947110295,-10.56123765923155
2020-07-16,-11.769363479859546,-10.131484947110295,-11.475753710464973,-11.513708802443679,-12.481762513551171,-12.100283174681852,-10.117502611640743,-10.381083749786137
2020-07-17,-12.100283174681852,-10.117502611640743,-11.608162716034405,-11.588658295912456,-12.182801532697562,-12.576619112059097,-10.799574980541703,-11.344139215405505
2020-07-20,-12.576619112059097,-10.799574980541703,-11.69082443399461,-11.602198302232166,-12.524783155584245,-12.382539881198392,-10.478922193729392,-10.805064261838973
2020-07-21,-12.382539881198392,-10.478922193729392,-11.741727599583973,-11.701768757695161,-12.074042958773312,-12.03501453048333,-9.681353492594956,-9.887645126561356
2020-07-22,-12.03501453048333,-9.681353492594956,-12.133875403272754,-11.722815491762288,-9.477971111339762,-10.299293851386064,-8.569228952726919,-9.43745301792164
2020-07-23,-10.299293851386064,-8.569228952726919,-11.458617082331024,-11.577520662877786,-10.773795139385111,-10.719080051970444,-8.852659122671907,-9.21093073826233
2020-07-24,-10.719080051970444,-8.852659122671907,-11.185761773060394,-11.547458147680064,-10.931946953900404,-10.854392821547025,-9.464298780111715,-10.117300192188944
2020-07-27,-10.854392821547025,-9.464298780111715,-10.979721777839776,-11.477905262654907,-9.776853251742754,-10.751204234102602,-8.72072142821384,-9.372862345955916
2020-07-28,-10.751204234102602,-8.72072142821384,-10.795596421157017,-11.4103362395138,-8.352230720859767,-8.633224208776978,,
2020-07-29,-8.633224208776978,-8.72072142821384,-9.809617013073357,-10.832741391938884,-10.294526109500103,-11.60473115598616,,
2020-07-30,-11.60473115598616,-8.72072142821384,-9.903206175405922,-10.849795359236458,,-10.401872590731292,,
2020-07-31,-10.401872590731292,-8.72072142821384,-9.870722068645554,-10.788658989075067,-10.507905148032133,-11.2529099525547,-9.07926173191425,-9.515282365309258
2020-08-03,-11.2529099525547,-9.07926173191425,-9.89561068052631,-10.768393984714923,-10.983605054980618,,,
2020-08-04,-11.2529099525547,-9.07926173191425,-9.89561068052631,-10.768393984714923,-11.71396741059146,-12.062770694030311,-8.869418366520836,-8.97388435913497
2020-08-05,-12.062770694030311,-8.869418366520836,-9.959728702765405,-10.765730484152792,-10.275846493825672,-10.388995696154051,-8.615686488655584,-9.06178425382662
2020-08-06,-10.388995696154051,-8.615686488655584,-10.936227985377803,-10.713176768310646,-11.025352546669332,-10.836699640218425,,
2020-08-07,-10.836699640218425,-8.615686488655584,-10.824297654094835,-10.69247733830359,,,,
2020-08-10,-10.836699640218425,,-10.824297654094835,-10.69247733830359,-10.954350638820104,-11.189665848982704,-9.22678040834717,-9.609752778544888
2020-08-11,-11.189665848982704,-9.22678040834717,-11.006231075692133,-10.688473513062442,-10.01050259663442,-9.661727925091757,,
2020-08-12,-9.661727925091757,-9.22678040834717,-10.529389821695306,-10.571469624137945,-8.203345225421062,-8.415658927485751,,
2020-08-13,-8.415658927485751,-9.22678040834717,-9.5690234690027,-10.221151151831709,,-10.62297917453683,,
2020-08-14,-10.62297917453683,-9.22678040834717,-9.587571964479201,-10.213603154430619,-10.65406354732761,-10.613098877620107,,
2020-08-17,-10.613098877620107,,-9.573303715869377,-10.19088178653422,-10.409082051747196,-10.766588903049232,,
2020-08-18,-10.766588903049232,,-9.55259884065843,-10.170386357332598,-10.310861664949886,-10.433777350131265,,
2020-08-19,-10.433777350131265,,-9.654038231099065,-10.137034413759775,-10.235842529683673,-10.309827668463672,-7.802308107877026,-7.987669832799755
2020-08-20,-10.309827668463672,-7.802308107877026,-10.536403660685833,-10.100922493134547,-9.785518869964685,-9.785727473427565,,
2020-08-21,-9.785727473427565,-7.802308107877026,-10.321072032071687,-10.041429282681676,-10.477886115662114,-10.163800930168238,-8.341019760759778,-8.668968240065118
2020-08-24,-10.163800930168238,-8.341019760759778,-10.239756714920345,-10.03583895802061,-10.83644553604049,-10.559734345629273,-8.663450401088571,-8.969923401902724
2020-08-25,-10.559734345629273,-8.663450401088571,-10.212979882703506,-10.031486866741806,-11.287520031190056,-10.582238977093457,-9.02568507493465,-9.404051664417883
2020-08-26,-10.582238977093457,-9.02568507493465,-10.23535490314575,-10.02464222455375,-11.233003158940726,-11.082461426994424,,
2020-08-27,-11.082461426994424,-9.02568507493465,-10.340621937850427,-10.031483394843704,-10.869016708455579,-10.89052002880373,-7.553584680446114,-7.628161772794703
2020-08-28,-10.89052002880373,-7.553584680446114,-10.605824849934338,-10.231434044184914,-10.36587238818279,-10.11478081114562,-8.727569098555406,-9.314700368710154
2020-08-31,-10.11478081114562,-8.727569098555406,-10.5903121256945,-10.188831595472642,-10.834221551054897,-10.998413733334084,-9.161533923093607,-9.58779714126879
2020-09-01,-10.998413733334084,-9.161533923093607,-10.666359557916811,-10.207152350942165,-10.410003687369523,-10.69481868357727,-8.754335594577956,-9.161700970848502
2020-09-02,-10.69481868357727,-8.754335594577956,-10.689795656008906,-10.194106210526762,-10.233538567166368,-10.79697223995633,-8.750269716014914,-9.19041151173128
2020-09-03,-10.79697223995633,-8.750269716014914,-10.646140056460192,-10.174651126772309,-10.818959656743074,-10.632931434023348,-8.847509713770542,-9.214207736716876
2020-09-04,-10.632931434023348,-8.847509713770542,-10.601146374683728,-10.183424503134198,-10.728534660844353,-11.319855254408647,-8.645686297324978,-8.86078602284494
2020-09-07,-11.319855254408647,-8.645686297324978,-10.859661519857099,-10.193443335799104,-11.055291623308237,-11.659900115910533,,
2020-09-08,-11.659900115910533,-8.645686297324978,-10.947667263901753,-10.200393941500765,-11.607174055419872,-10.220269270624707,-8.777646259409968,-9.12769724061042
2020-09-09,-10.220269270624707,-8.777646259409968,-10.802355537624674,-10.237753104184437,-11.02379480701841,-11.10113283462873,-9.281587036468022,-9.692918336091433
2020-09-10,-11.10113283462873,-9.281587036468022,-10.856531559570723,-10.577645567388856,-11.360730335109707,-11.76519267372112,-9.29428599595664,-9.531456791547077
2020-09-11,-11.76519267372112,-9.29428599595664,-11.042260674493452,-10.610722125241525,-11.162909757155854,-11.636948143145984,-9.557213518088231,-9.951313118533221
2020-09-14,-11.636948143145984,-9.557213518088231,-11.084306111635625,-10.643207571058168,-11.658882255028612,-11.789997715253428,-10.066983692052595,-10.548357419507727
2020-09-15,-11.789997715253428,-10.066983692052595,-11.098121861881701,-10.671929719451482,-11.770436205774535,-11.578669268957333,-9.55451717713817,-9.830480258569507
2020-09-16,-11.578669268957333,-9.55451717713817,-11.540442876099197,-10.716146205396484,-11.659201572290435,-11.582430090548456,-9.19654621424183,-9.391607795755078
2020-09-17,-11.582430090548456,-9.19654621424183,-11.666630839328208,-10.77169958063471,-10.385513588268719,-11.500763236547847,-9.344754722982492,-9.977696981671729
2020-09-18,-11.500763236547847,-9.344754722982492,-11.61322711549867,-10.888124180173866,-11.186002415945778,-12.480690627170219,-9.882051581559177,-10.306442537862
2020-09-21,-12.480690627170219,-9.882051581559177,-11.731232247462973,-10.985733224452305,-11.57912193671902,-10.547196367862249,-8.293616451594795,-8.44728553086692
2020-09-22,-10.547196367862249,-8.293616451594795,-11.349430642609418,-10.984767791238019,-10.251062686544186,-10.298389392567483,-8.706901263383768,-9.246663533370896
2020-09-23,-10.298389392567483,-8.706901263383768,-11.003646266390843,-10.960518880467108,-10.010973112508553,-10.073758711600782,-8.344001698760247,-8.799937616469753
2020-09-24,-10.073758711600782,-8.344001698760247,-10.670946209135773,-10.886244139391271,-10.004862955312726,-10.30394866350758,-8.55003271736474,-9.071809376227014
2020-09-25,-10.30394866350758,-8.55003271736474,-10.487414501903192,-10.847292226360736,-10.726296313094517,-10.36121316786106,-9.007184396978232,-9.582411993658104
2020-09-28,-10.36121316786106,-9.007184396978232,-10.305382614725424,-10.870272768472288,-11.198192552847882,-10.608217563751777,-9.259355089924547,-9.775874273128599
2020-09-29,-10.608217563751777,-9.259355089924547,-10.314722373298308,-10.849496648265644,-11.281174924292788,-11.05876444095381,-9.51793749593144,-10.005197442426894
2020-09-30,-11.05876444095381,-9.51793749593144,-10.429298065649943,-10.8674622686845,-11.133560360345207,-11.191379312512487,-9.114091726466281,-9.412491707129297
2020-10-01,-11.191379312512487,-9.114091726466281,-10.642554646577757,-10.885103139234594,-11.74415205143239,-11.66669042014736,-9.48939342415826,-9.735609045581338
2020-10-02,-11.66669042014736,-9.48939342415826,-10.876729760820856,-10.927443890760788,-9.93120887649511,-10.743964484180676,-8.934763765340556,-9.69613525644853
2020-10-05,-10.743964484180676,-8.934763765340556,-10.989343494915383,-10.901485542312678,-11.41857462347993,-11.504204827319054,-9.588431884401201,-9.956050292910156
2020-10-06,-11.504204827319054,-9.588431884401201,-11.179620249140548,-10.897547664823612,-12.022404775794618,-11.834729637265765,-9.172799556794516,-9.309399088458363
2020-10-07,-11.834729637265765,-9.172799556794516,-11.309518692518353,-10.979668261078084,-11.046395372655754,-11.220989875138878,-9.304434401162169,-9.693469285260349
2020-10-08,-11.220989875138878,-9.304434401162169,-11.316107394783254,-10.984682486216704,-11.825785211338653,-12.10603544406844,-9.496336237877086,-9.683758027045702
2020-10-09,-12.10603544406844,-9.496336237877086,-11.367484883771715,-10.991321150850052,-11.199013723399059,-11.519735484929848,-9.684524642258012,-10.161754912352743
2020-10-12,-11.519735484929848,-9.684524642258012,-11.592307518879986,-10.988066186247364,-10.988836254625767,-11.527802856295004,-9.727149080884258,-10.322020866887863
2020-10-13,-11.527802856295004,-9.727149080884258,-11.597414480088002,-10.981366687200062,-10.886716094627557,-11.653656731864984,-9.18044954020668,-9.48950006176918
2020-10-14,-11.653656731864984,-9.18044954020668,-11.566581260325934,-10.98335646178728,-10.855329856346188,-11.491239266765403,-9.521655639933412,-10.037531045786388
2020-10-15,-11.491239266765403,-9.521655639933412,-11.635839671319609,-10.980737493435232,-10.903998381836866,-10.681040378373156,-9.292753045187915,-9.889029618198474
2020-10-16,-10.681040378373156,-9.292753045187915,-11.303193438540696,-10.943685246329563,-11.788572230943288,-11.934726495724272,-9.89748749366247,-10.227793517085914
2020-10-19,-11.934726495724272,-9.89748749366247,-11.3594511915794,-10.935907276563817,-11.7041764431847,-12.053378638219948,-10.02796223920031,-10.41218425751215
2020-10-20,-12.053378638219948,-10.02796223920031,-11.431043134881433,-10.995019065099239,-11.152091676956681,-11.823316862763733,-9.707074376776296,-10.147481139416515
2020-10-21,-11.823316862763733,-9.707074376776296,-11.456341434462916,-11.076781603010245,-11.481825051244302,-11.768113629977863,-9.838752889826424,-10.252188731485315
2020-10-22,-11.768113629977863,-9.838752889826424,-11.50417876632838,-11.194754821587313,-11.446465238124494,-12.024195485447434,-9.643795461350914,-9.94135512783545
2020-10-23,-12.024195485447434,-9.643795461350914,-11.914593945450077,-11.300159798764705,-11.946703512152755,-12.275721611952962,-9.832716984279408,-10.065475320606195
2020-10-26,-12.275721611952962,-9.832716984279408,-11.972896745552658,-11.4155878070639,-11.517323259224503,-11.515913155460622,-9.823764819130352,-10.28261112927942
2020-10-27,-11.515913155460622,-9.823764819130352,-11.849506109514346,-11.484801839958514,-11.970186447110772,-11.83271042106795,-10.267215651993762,-10.763359913903802
2020-10-28,-11.83271042106795,-10.267215651993762,-11.851427488086687,-11.52692752811899,-12.196990304911658,-11.473468203304899,-9.518091662147084,-9.754003748043722
2020-10-29,-11.473468203304899,-9.518091662147084,-11.779586821913819,-11.544266629574187,-11.978726598527267,-11.392597810480243,-9.372989760968368,-9.604362293029034
2020-10-30,-11.392597810480243,-9.372989760968368,-11.650397194187716,-11.5304129651548,-11.286790702856564,-11.158084333921815,-9.45004132251723,-9.866397441892785
2020-11-02,-11.158084333921815,-9.45004132251723,-11.451381086772932,-11.568347212326907,-11.374604959369547,-11.568843797584881,-9.923016965653336,-10.479975759400283
2020-11-03,-11.568843797584881,-9.923016965653336,-11.461094586735529,-11.571689825996799,-11.556815735708103,-11.579303436712296,-9.664049667275918,-10.017813079203496
2020-11-04,-11.579303436712296,-9.664049667275918,-11.422087098579821,-11.56056671746916,-9.12091564729356,-10.693493094746364,-8.463102593772714,-9.44518421989636
2020-11-05,-10.693493094746364,-8.463102593772714,-11.219595576978204,-11.512939950723734,-11.233759453297441,-11.272356673550103,-8.985609451622661,-9.217782129235959
2020-11-06,-11.272356673550103,-8.985609451622661,-11.198329144191609,-11.477602882828942,-10.685736174953924,-11.05964104665773,-9.107326364550314,-9.535417570248727
2020-11-09,-11.05964104665773,-9.107326364550314,-11.177017825209559,-11.4499818759869,-11.362965136854768,-9.78830143156562,-7.707910839514504,-7.871302524211246
2020-11-10,-9.78830143156562,-7.707910839514504,-10.666126824778832,-11.253468738328316,-10.479071089852717,-10.051173483325192,-8.921583005580512,-9.684788235363028
2020-11-11,-10.051173483325192,-8.921583005580512,-10.411744685223795,-11.128707787365693,-11.368324166187003,-11.113705018386222,-9.244545737636022,-9.564519960091584
2020-11-12,-11.113705018386222,-9.244545737636022,-10.464903021255289,-11.112873638337078,-11.158547673560593,-11.309623449165581,-9.510012830926552,-9.952704472668213
2020-11-13,-11.309623449165581,-9.510012830926552,-10.468171317465718,-11.149469273852576,-11.878238615814269,-11.733538166726543,-9.857739007334143,-10.194361588466181
2020-11-16,-11.733538166726543,-9.857739007334143,-10.523975274095633,-11.144401017404581,-11.280151206720417,-9.115767046879334,-8.681333395332686,-9.961441603264703
2020-11-17,-9.115767046879334,-8.681333395332686,-10.187255182319513,-10.836888508250139,-11.856190037340554,-11.518624446044504,-9.916717551968432,-10.340282984976774
2020-11-18,-11.518624446044504,-9.916717551968432,-10.381242956401271,-10.830268861756025,-11.537121821955088,-11.09694542869901,-9.729172145878591,-10.271597557472749
2020-11-19,-11.09694542869901,-9.729172145878591,-10.379619349391119,-10.811719464585197,-11.246951582785211,-10.6698659564167,-9.388007436799247,-9.956035229432725
2020-11-20,-10.6698659564167,-9.388007436799247,-10.311301671305763,-10.76986050544557,-11.307296687822888,-11.439865510148332,-9.790129338306466,-10.32019364960541
2020-11-23,-11.439865510148332,-9.790129338306466,-10.294971047018048,-10.755470548232195,-11.833438115327626,-11.29298444710289,-8.96234137992412,-9.129423618967685
2020-11-24,-11.29298444710289,-8.96234137992412,-11.154491046889785,-10.749650550046637,-10.439412701122155,-10.321440296354158,-9.088784696244119,-9.888615273372244
2020-11-25,-10.321440296354158,-9.088784696244119,-10.87602219659898,-10.691572665455745,-10.844262748268834,-11.032780119081952,-9.572853506755031,-10.29170720583847
2020-11-26,-11.032780119081952,-9.572853506755031,-10.865451709618819,-10.678983566572915,-11.419251077601272,-11.904894881594851,,
2020-11-27,-11.904894881594851,-9.572853506755031,-11.05476682855971,-10.68885110934631,-11.506750493089369,-12.115500948132302,,
2020-11-30,-12.115500948132302,,-11.12394155827345,-10.708307651149108,-9.919751612219988,-10.626221622504586,-8.777312731224805,-9.424433170852481
2020-12-01,-10.626221622504586,-8.777312731224805,-10.975436439797807,-10.675713947821414,-11.21052755546837,-10.944433876480524,-9.516418905781778,-10.067281038325058
2020-12-02,-10.944433876480524,-9.516418905781778,-11.17187057758606,-10.65791114228228,-11.216160661732266,-10.613859858079124,-9.195750375597642,-9.665390012294159
2020-12-03,-10.613859858079124,-9.195750375597642,-11.05890529213895,-10.653919504276493,-11.055097402536761,-11.458560569292654,-9.387020559177598,-9.764774755502394
2020-12-04,-11.458560569292654,-9.387020559177598,-11.011751002909554,-10.658506879215938,-11.559779418784366,-11.194402376163167,-9.47346311917824,-9.834492731133187
2020-12-07,-11.194402376163167,-9.47346311917824,-10.916180246380742,-10.662736569858376,-11.662086738247858,-10.345372971316861,-9.2188690368291,-9.748275253778809
2020-12-08,-10.345372971316861,-9.2188690368291,-10.833067257582039,-10.715294809181904,-11.301742256725596,-11.4609024780274,-9.335028284593983,-9.635112919108446
2020-12-09,-11.4609024780274,-9.335028284593983,-10.907977181904595,-10.791546288878093,-11.277522822275083,-10.866179309978445,-8.799704819724948,-9.036133210830165
2020-12-10,-10.866179309978445,-8.799704819724948,-10.969694647951107,-10.781422664000624,-11.32025093891227,-10.812136859778775,-9.28384326848779,-9.710637439394192
2020-12-11,-10.812136859778775,-9.28384326848779,-10.864015349957437,-10.762596604414293,-11.777897767802772,-10.77658621872741,-9.632319875262612,-10.204060148733735
2020-12-14,-10.77658621872741,-9.632319875262612,-10.792119081104472,-10.7326795406361,-12.128659156814576,-10.372068430506669,-9.398670701542784,-9.983891701569265
2020-12-15,-10.372068430506669,-9.398670701542784,-10.800388925696424,-10.931332165813027,-11.541991337520384,-11.54340279255098,-9.736132507703068,-10.134276586920288
2020-12-16,-11.54340279255098,-9.736132507703068,-10.808604148419082,-10.932012563499546,-11.704154307252713,-11.210592517115169,-9.237196201404975,-9.490575491659149
2020-12-17,-11.210592517115169,-9.237196201404975,-10.865187707301715,-10.936577611360763,-11.888505576434468,-10.924165301685136,-9.428779941814366,-9.799293918583915
2020-12-18,-10.924165301685136,-9.428779941814366,-10.887792352125766,-10.951344824320547,-11.75901485949454,-11.62224202098247,-9.61218292871059,-9.900978327385854
2020-12-21,-11.62224202098247,-9.61218292871059,-11.024266549324878,-10.956472129075786,-10.599339509861558,-9.0299369853246,-8.366063847535868,-9.339004694179682
2020-12-22,-9.0299369853246,-8.366063847535868,-10.289256049234163,-10.688300785262065,-11.334929370413576,-11.566460521090391,-9.437761070744653,-9.751081961546884
2020-12-23,-11.566460521090391,-9.437761070744653,-10.290557605072328,-10.741050383680022,-11.204811935043159,-11.959818107531495,-9.650899165172724,-10.023105144656437
2020-12-24,-11.959818107531495,-9.650899165172724,-10.333489908655887,-10.763877766737346,-11.819138588199495,-11.06154433077966,,
2020-12-25,-11.06154433077966,-9.650899165172724,-10.347813103237186,-10.742945630690953,,,,
2020-12-28,-11.06154433077966,,-10.347813103237186,-10.742945630690953,-10.505291531465065,-11.15606853989879,-9.164763694666917,-9.672634801756057
2020-12-29,-11.15606853989879,-9.164763694666917,-10.315143758357296,-10.722744920928198,-11.039424515815979,-11.127281529423685,-9.567929167949357,-10.147487216824933
2020-12-30,-11.127281529423685,-9.567929167949357,-11.321089744480814,-10.744686347429575,-11.62697594801118,-12.10905262345202,-10.116600504151526,-10.558503009469339
2020-12-31,-12.10905262345202,-10.116600504151526,-11.388864239013301,-10.773260472837968,-11.122288988614049,-11.85384542108783,-9.757500251825219,-10.23286130868599
2021-01-01,-11.85384542108783,-9.757500251825219,-11.376311225500954,-10.815824126850766,,,,
2021-01-04,-11.85384542108783,-9.757500251825219,-11.376311225500954,-10.815824126850766,-10.997487335756393,-10.881034008106514,-9.09533619511458,-9.476490079603252
2021-01-05,-10.881034008106514,-9.09533619511458,-11.323526546564457,-10.795481482643389,-10.999351872383517,-11.401182992568206,-9.425458301626454,-9.849949526217037
2021-01-06,-11.401182992568206,-9.425458301626454,-11.376297434001453,-10.801768821540945,-10.206245945614834,-11.057754891442226,-8.2573386915687,-8.484508317566855
2021-01-07,-11.057754891442226,-8.2573386915687,-11.357994030675941,-10.842810750061762,-10.842819444063558,-10.352046192311368,-8.900159013931688,-9.374090624611073
2021-01-08,-10.352046192311368,-8.900159013931688,-10.984689764860097,-10.789526284451423,-11.39359586647915,-9.531317364085352,-7.990522612713645,-8.274852513063276
2021-01-11,-9.531317364085352,-7.990522612713645,-10.412782933334434,-10.667622786965625,-9.207627381046144,-10.395285215499444,-8.410075194360534,-9.296278014222441
2021-01-12,-10.395285215499444,-8.410075194360534,-10.33738693238974,-10.645490158832706,-10.830525193718266,-11.090506147661634,-8.900591604242335,-9.1977641036293
2021-01-13,-11.090506147661634,-8.900591604242335,-10.312547540515682,-10.657376496424893,-11.252266470968475,-10.735121953560546,-9.287110661486778,-9.757388399899439
2021-01-14,-10.735121953560546,-9.287110661486778,-10.277041099079852,-10.677832901532334,-10.297145466720952,-11.513324369380152,-9.068417106020712,-9.545483510533861
2021-01-15,-11.513324369380152,-9.068417106020712,-10.413382603000942,-10.677190626286436,-11.005082749517262,-11.630121444577023,-9.203363182911533,-9.49550529063291
2021-01-18,-11.630121444577023,-9.203363182911533,-10.964922381430473,-10.687291306171396,-10.491060531076531,-11.193963809994623,,
2021-01-19,-11.193963809994623,-9.203363182911533,-11.181172247740896,-10.696664783118564,-11.283854081523913,-11.301668926641836,-9.632090252346195,-10.110187119076853
2021-01-20,-11.301668926641836,-9.632090252346195,-11.223750643131417,-10.689204203988103,-11.800646407957641,-11.818885994318217,-9.140820701316311,-9.290082422504222
2021-01-21,-11.818885994318217,-9.140820701316311,-11.466737636078483,-10.97238457539986,-11.624969125008484,-11.213417079334281,-9.585381484032434,-9.980496110416944
2021-01-22,-11.213417079334281,-9.585381484032434,-11.402108916935724,-10.960765162562614,-11.369244390826463,-10.815933983612089,-9.226566940173841,-9.614282966265424
2021-01-25,-10.815933983612089,-9.226566940173841,-11.219622884756046,-10.92213999138953,-11.447874324420521,-11.408992777483668,-9.476249112628897,-9.810297548542566
2021-01-26,-11.408992777483668,-9.476249112628897,-11.260134663121583,-10.934988112873567,-11.680515920048164,-11.554080005499092,-9.983118050262085,-10.47906270987421
2021-01-27,-11.554080005499092,-9.983118050262085,-11.303877426776063,-10.948236437270612,-11.684470790534492,-10.69319399392212,-9.156453191881347,-9.505866061196881
2021-01-28,-10.69319399392212,-9.156453191881347,-11.081663240876285,-10.925768336335315,-11.294520732281375,-11.243481678866697,-8.93472922747423,-9.150183757079638
2021-01-29,-11.243481678866697,-8.93472922747423,-11.086868990651903,-10.904910374499496,-12.244907837827757,-10.506185724223819,-8.786719007325582,-9.023262443118439
2021-02-01,-10.506185724223819,-8.786719007325582,-10.995919333514399,-10.851238326704028,-10.733775256537193,-10.048295420544203,-8.885459852295137,-9.520528329850748
2021-02-02,-10.048295420544203,-8.885459852295137,-10.671236405350701,-10.790074730181649,-11.424281605264097,-10.704298338542715,-8.967494246171904,-9.271024045202408
2021-02-03,-10.704298338542715,-8.967494246171904,-10.566178700428976,-10.763101128906172,-11.506549423692134,-11.62296084716064,-9.81598026109374,-10.244555700692734
2021-02-04,-11.62296084716064,-9.81598026109374,-10.678932647665716,-10.77931018720271,-10.799963652937222,-10.53632070139977,-8.746206648414507,-9.096038320804096
2021-02-05,-10.53632070139977,-8.746206648414507,-10.568345992913748,-10.792294221626742,-11.550761008593257,-10.43774409561381,-9.125002952434452,-9.567379783309857
2021-02-08,-10.43774409561381,-9.125002952434452,-10.553382276021049,-10.90341171065366,-11.151722633823718,-11.099111398736692,-9.606724237989622,-10.183240174537204
2021-02-09,-11.099111398736692,-9.606724237989622,-10.796144593792743,-10.946314778103881,-11.546479954648191,-11.280922895122377,-9.448175779506869,-9.780350139027359
2021-02-10,-11.280922895122377,-9.448175779506869,-10.897150728776106,-10.953848263140221,-11.394982548098893,-11.44641256634431,-9.110876463448701,-9.332301088256074
2021-02-11,-11.44641256634431,-9.110876463448701,-10.87863452019407,-10.986032317011578,-12.091193276475693,-11.859967138175366,-9.758809046282405,-10.00647423862619
2021-02-12,-11.859967138175366,-9.758809046282405,-11.110160824521898,-10.994714637122682,-12.061742596328955,-11.326095975693043,-9.464570253149684,-9.725830079726537
2021-02-15,-11.326095975693043,-9.464570253149684,-11.372351472316574,-10.98534807110888,-11.867600532950156,-12.00698536523199,,
2021-02-16,-12.00698536523199,-9.464570253149684,-11.542923014530146,-11.008192123910613,-11.963429033130735,-11.525480989525509,-8.639610102277945,-8.735924102851683
2021-02-17,-11.525480989525509,-8.639610102277945,-11.600961463724417,-11.015696811773442,-11.769727248332108,-10.622871576211367,-9.123525976700169,-9.471944148443837
2021-02-18,-10.622871576211367,-9.123525976700169,-11.33979170592773,-10.965324031170814,-11.48182777690965,-10.908337928715332,-9.285634767082724,-9.654657428649347
2021-02-19,-10.908337928715332,-9.285634767082724,-11.16666601518036,-10.951502304731394,-10.226583032679644,-11.442004449595192,-8.6523480229579,-8.965154133815645
2021-02-22,-11.442004449595192,-8.6523480229579,-11.185505281320287,-10.978507103574053,-10.766558422776647,-11.298316547272552,-9.19218316331694,-9.590937698266194
2021-02-23,-11.298316547272552,-9.19218316331694,-11.098678441124072,-10.974709613854191,-11.234479157430993,-10.946554625107185,-9.303373765666791,-9.71639511162972
2021-02-24,-10.946554625107185,-9.303373765666791,-11.001241072278617,-10.95156433961457,-11.59092611885542,-11.117176078279947,-9.079665635180138,-9.317312217012505
2021-02-25,-11.117176078279947,-9.079665635180138,-11.122137011392569,-10.974190546893363,-10.904151300019217,-10.382353742536454,-8.632806867714404,-8.957188996860864
2021-02-26,-10.382353742536454,-8.632806867714404,-10.963919044459477,-10.923336598899068,-10.106491959594802,-10.609566412134615,-8.34528604471992,-8.667894053098134
2021-03-01,-10.609566412134615,-8.34528604471992,-10.8145876541505,-10.930817324087455,-11.374780575887332,-11.045245967981707,-8.988303181018852,-9.23650463603547
2021-03-02,-11.045245967981707,-8.988303181018852,-10.779697378656985,-11.010137185446384,-9.615412103601301,-10.408244814824204,-8.603685187221748,-9.354752728895775
2021-03-03,-10.408244814824204,-8.603685187221748,-10.665740560005704,-10.987016211722663,-11.25622822383243,-11.132519198514519,-8.692003843443915,-8.871243923497353
2021-03-04,-11.132519198514519,-8.692003843443915,-10.667681363856465,-10.970397462351347,-10.719260154709708,-10.51523895888869,-8.651843575353428,-8.982651895802356
2021-03-05,-10.51523895888869,-8.651843575353428,-10.701346194016125,-10.96875451848262,-10.758182952039407,-10.901058707772021,-8.829935987096384,-9.146630975056105
2021-03-08,-10.901058707772021,-8.829935987096384,-10.758373210293664,-11.000792809791106,-10.760182353991555,-10.709058183547874,-9.038884157205246,-9.496245074093158
2021-03-09,-10.709058183547874,-9.038884157205246,-10.700114864754267,-10.979403813965373,-11.038598876768418,-10.792187486370638,-9.218781730655916,-9.679854506442853
2021-03-10,-10.792187486370638,-9.218781730655916,-10.789359300221912,-10.956361615647264,-11.077523290187262,-10.982183183050825,-8.9878777988319,-9.288765558433427
2021-03-11,-10.982183183050825,-8.9878777988319,-10.76659978575675,-10.938427705029573,-11.104346464917988,-11.3182544456423,-9.294676776688426,-9.645497345720567
2021-03-12,-11.3182544456423,-9.294676776688426,-10.919699217958494,-10.924225343457119,-11.367203323544075,-10.968381560617608,-9.276567960819806,-9.644439289970247
2021-03-15,-10.968381560617608,-9.276567960819806,-10.933054338698872,-10.909940993262166,-10.82880091763882,-11.437147338834142,-9.643612393672555,-10.282384200231506
2021-03-16,-11.437147338834142,-9.643612393672555,-11.07162997640199,-10.897202708534401,-11.75204787021221,-11.638859261870032,-9.723157892440268,-10.049885642441533
2021-03-17,-11.638859261870032,-9.723157892440268,-11.235396233814225,-10.900066072005727,-11.749472232135481,-11.628398840672377,-9.283066636634087,-9.482377463068849
2021-03-18,-11.628398840672377,-9.283066636634087,-11.366218317691727,-10.942801868254756,-11.283704621074591,-10.934437806322249,-9.065342304127551,-9.370577876745747
2021-03-19,-10.934437806322249,-9.065342304127551,-11.272570552643803,-10.944136036079422,-11.274077979722376,-11.006453193669918,-9.602219476225912,-10.17041415081191
2021-03-22,-11.006453193669918,-9.602219476225912,-11.282749588758582,-10.92768411752149,-11.477398009374332,-11.538459658053712,-9.907270801558102,-10.424308177459915
2021-03-23,-11.538459658053712,-9.907270801558102,-11.299400378944583,-10.935079797568024,-11.588966381528532,-11.469961217338653,-9.683415728206533,-10.063620553059193
2021-03-24,-11.469961217338653,-9.683415728206533,-11.273530662033581,-10.955428026398565,-11.34252044692065,-12.038822305508505,-10.078208531780193,-10.628477863892002
2021-03-25,-12.038822305508505,-10.078208531780193,-11.321895121182306,-10.981372220311254,-11.775428334869005,-12.171159493054075,-9.306834316834648,-9.459665576776326
2021-03-26,-12.171159493054075,-9.306834316834648,-11.556479014661917,-11.060201448414858,-11.751833044112395,-11.344079841515814,-10.13252289649269,-10.817242947209396
2021-03-29,-11.344079841515814,-10.13252289649269,-11.661096773374693,-11.10188059377934,-11.793584048782169,-11.956456172777285,-9.481427686553443,-9.683798531940186
2021-03-30,-11.956456172777285,-9.481427686553443,-11.741485054495369,-11.134032229882802,-11.490572556452156,-11.105693623283457,-9.361640059744216,-9.709460858124928
2021-03-31,-11.105693623283457,-9.361640059744216,-11.632351937595734,-11.187307148266479,-10.97641250502922,-11.523438756906256,-9.369017936839551,-9.749370167779878
2021-04-01,-11.523438756906256,-9.369017936839551,-11.546345135457544,-11.204544233783396,-11.702792497414496,-11.477667788260696,-9.564971107341428,-9.873663077337422
2021-04-02,-11.477667788260696,-9.564971107341428,-11.444559646147864,-11.268087632779705,,,,
2021-04-05,-11.477667788260696,-9.564971107341428,-11.444559646147864,-11.268087632779705,-12.234490570739363,-11.527217905460542,-9.85213148700177,-10.180114153228981
2021-04-06,-11.527217905460542,-9.85213148700177,-11.482268904642993,-11.302250452438576,-11.495760906867757,-11.804173421072512,-9.762782761766148,-10.128938546620304
2021-04-07,-11.804173421072512,-9.762782761766148,-11.46200036576447,-11.364359446849182,-12.018377396330992,-11.681805904985465,-9.949788139476217,-10.311175563030217
2021-04-08,-11.681805904985465,-9.949788139476217,-11.595616482377224,-11.417976817332615,-11.784064638132755,-11.767032998181438,-9.960469349556682,-10.35449278122282
2021-04-09,-11.767032998181438,-9.960469349556682,-11.643206276165447,-11.460927961231565,-11.861028029997383,-11.855910613180109,-9.756440087995912,-10.036705962041948
2021-04-12,-11.855910613180109,-9.756440087995912,-11.720440139595663,-11.485203310814109,-11.565675515571751,-11.855645050402009,-9.961722691111753,-10.394940019120765
2021-04-13,-11.855645050402009,-9.961722691111753,-11.790780090393774,-11.535773759078214,-11.458316505340221,-11.748396582598815,-9.579453904429972,-9.890148292194665
2021-04-14,-11.748396582598815,-9.579453904429972,-11.77952396835353,-11.550643411811285,-11.635811576241906,-12.013846514523765,-9.851538616874544,-10.184187888347568
2021-04-15,-12.013846514523765,-9.851538616874544,-11.843858831722947,-11.565061779544001,-11.385920650163563,-12.420728396164128,-9.797513533144327,-10.121610502915253
2021-04-16,-12.420728396164128,-9.797513533144327,-11.95327202552849,-11.591078665722016,-12.028705255076792,-11.134105429820698,-9.777812459030356,-10.228671180290101
2021-04-19,-11.134105429820698,-9.777812459030356,-11.743602894250795,-11.608683596263647,-11.022764540728653,-11.36327489683023,-9.46839649799087,-9.917279940894188
2021-04-20,-11.36327489683023,-9.46839649799087,-11.635868807271429,-11.636468229564962,-10.917028764799477,-10.576709291852367,-9.349213261005133,-10.045416184374526
2021-04-21,-10.576709291852367,-9.349213261005133,-11.300772727024382,-11.551084286853447,-11.12705158531948,-11.494169621077194,-9.746654457574559,-10.301231613254371
2021-04-22,-11.494169621077194,-9.746654457574559,-11.236105558059885,-11.55238207276846,-11.739757175965474,-11.780562206401964,-9.757145666842236,-10.071736082517104
2021-04-23,-11.780562206401964,-9.757145666842236,-11.182698371638772,-11.543364365969133,-12.001715107232254,-11.845586530730895,-9.80643359136604,-10.082801400781248
2021-04-26,-11.845586530730895,-9.80643359136604,-11.295739910475724,-11.533146425655028,-11.551090638158277,-11.598750553524203,-9.70627688475173,-10.075535420102185
2021-04-27,-11.598750553524203,-9.70627688475173,-11.335750522382225,-11.54682048420512,-11.573256427872622,-11.878253484125686,-9.912813226962472,-10.313513093740587
2021-04-28,-11.878253484125686,-9.912813226962472,-11.708245839477852,-11.544124013750192,-11.22075562132804,-11.623263796457444,-9.614460689657328,-10.022096240224837
2021-04-29,-11.623263796457444,-9.614460689657328,-11.738709077367643,-11.575942970918458,-12.325748460889113,-11.543482274671726,-9.62601632793039,-9.867072430849468
2021-04-30,-11.543482274671726,-9.62601632793039,-11.68866711939774,-11.576989203599728,-11.620633880547013,-11.878634265915212,-9.91914669095866,-10.309736969536814
2021-05-03,-11.878634265915212,-9.91914669095866,-11.694239946428462,-11.59539865700508,-12.228289537082187,-11.551922897120281,-9.877821073974367,-10.210222986956113
2021-05-04,-11.551922897120281,-9.877821073974367,-11.683746203245512,-11.59670571680366,,-11.75907327154813,-8.725623497754608,-8.806556738099937
2021-05-05,-11.75907327154813,-8.725623497754608,-11.663120401882187,-11.5948330118036,-12.183246068307122,-12.011726903432223,-9.945699598102179,-10.211500291037265
2021-05-06,-12.011726903432223,-9.945699598102179,-11.732468504087779,-11.60779724007657,-11.545005591443195,-11.851341512782085,-9.392931202279085,-9.618344388225506
2021-05-07,-11.851341512782085,-9.392931202279085,-11.798630478926862,-11.611250721963007,-11.583569550608825,-11.945000412771625,-8.618289795062672,-8.709809957434175
2021-05-10,-11.945000412771625,-8.618289795062672,-11.81055626312991,-11.614593189223164,-11.162756428520279,-12.066350518793605,-9.679042028930938,-10.062751062681953
2021-05-11,-12.066350518793605,-9.679042028930938,-11.920562577819702,-11.622085801869915,-11.626981457991704,-11.804990086089266,-9.614995285958338,-9.896881049235674
2021-05-12,-11.804990086089266,-9.614995285958338,-11.931167411916972,-11.624513397689874,-11.356773462973122,-12.225292269957881,-9.046472964485012,-9.198303585366858
2021-05-13,-12.225292269957881,-9.046472964485012,-11.96729555887685,-11.63099053888075,-11.284518398241138,-11.379215461801978,-9.53580818677078,-9.93968770059879
2021-05-14,-11.379215461801978,-9.53580818677078,-11.840207683267773,-11.590216086199257,-11.622101275300178,-11.999423439793146,-10.066300696475222,-10.505916386054285
2021-05-17,-11.999423439793146,-10.066300696475222,-11.849793240954762,-11.636980097708134,-11.325024246417653,-12.286088859129443,-10.046510893451531,-10.53256975158059
2021-05-18,-12.286088859129443,-10.046510893451531,-11.882080883193893,-11.677401957903411,-11.561101384819775,-12.452812509032697,-9.877648891848741,-10.181288266762504
2021-05-19,-12.452812509032697,-9.877648891848741,-11.990786611963857,-11.813550082686984,-11.426742113416871,-10.939889604627915,-8.580671408822544,-8.746213875913053
2021-05-20,-10.939889604627915,-8.580671408822544,-11.644469588465503,-11.763837046683493,-10.88727208584889,-11.266532360699387,-9.59806019116499,-10.221723671966963
2021-05-21,-11.266532360699387,-9.59806019116499,-11.613841632953806,-11.731327771116788,-11.80665508764386,-12.142569663047231,-9.68652037455064,-9.916925989934654
2021-05-24,-12.142569663047231,-9.68652037455064,-11.63214832795583,-11.742853969541088,-11.729316501730354,-11.416661799124245,-9.948549044268427,-10.457490768648722
2021-05-25,-11.416661799124245,-9.948549044268427,-11.497534818585644,-11.73138607383705,-11.639309081279272,-11.609458114708994,-9.555949525342921,-9.847365524922395
2021-05-26,-11.609458114708994,-9.555949525342921,-11.400515638852333,-11.71816070251423,-11.420120895895415,-11.60042656541244,-9.391195265342347,-9.66729363226534
2021-05-27,-11.60042656541244,-9.391195265342347,-11.566868330542713,-11.716891533366782,-11.519161982793232,-11.76022940195416,-9.69017932431956,-10.028111458641847
2021-05-28,-11.76022940195416,-9.69017932431956,-11.67805200450549,-11.728547448477325,-11.936354971458083,-12.255405270817723,-9.915629454280072,-10.175577679168462
2021-05-31,-12.255405270817723,-9.915629454280072,-11.691553931181971,-11.7421483161453,-11.74910735847159,-12.563782133439933,,
2021-06-01,-12.563782133439933,-9.915629454280072,-11.889607288308177,-11.781399126823732,-12.035400819943368,-11.474249331444911,-9.939229769902953,-10.352290174123205
2021-06-02,-11.474249331444911,-9.939229769902953,-11.852006017661997,-11.76469110326841,-11.529057528332379,-12.02367382930912,-10.120965156046127,-10.621466751542748
2021-06-03,-12.02367382930912,-10.120965156046127,-11.944954144658071,-11.765155029539002,-11.830518276531873,-11.443905298648618,-9.681987213891446,-10.022185187333008
2021-06-04,-11.443905298648618,-9.681987213891446,-11.859223494831461,-11.742345811467898,-10.566852606171501,-11.870378768309203,-9.111430467863872,-9.463345649975249
2021-06-07,-11.870378768309203,-9.111430467863872,-11.79793606302443,-11.73918759634004,-11.641740537661883,-11.68470724332053,-10.26109769499145,-10.938883450332277
2021-06-08,-11.68470724332053,-10.26109769499145,-11.674843103085527,-11.722575078640006,-11.988187575365952,-11.908716535407905,-9.657261476930932,-9.883474305421984
2021-06-09,-11.908716535407905,-9.657261476930932,-11.764913603466713,-11.727122077982274,-12.142211640156717,-11.927851310616735,-10.213001494906369,-10.606419916940407
2021-06-10,-11.927851310616735,-10.213001494906369,-11.749505715953148,-11.716652455492227,-11.828259991929102,-11.844726122071798,-9.595674878205543,-9.834884406545088
2021-06-11,-11.844726122071798,-9.595674878205543,-11.843435646713802,-11.743076657144973,-12.409769713449048,-11.768580387792198,-9.923560584086124,-10.19963963992086
2021-06-14,-11.768580387792198,-9.923560584086124,-11.822787976228554,-11.73307953600427,-10.966359499488334,-11.634001966795148,-9.434762074182832,-9.83088712162592
2021-06-15,-11.634001966795148,-9.434762074182832,-11.810915881789587,-11.706976418515092,-11.342900080506269,-11.913733537777299,-9.89935262853383,-10.360581626462542
2021-06-16,-11.913733537777299,-9.89935262853383,-11.811823928542532,-11.690174386751265,-11.992013763918363,-12.19216362734953,-8.524499999414633,-8.582903302989688
2021-06-17,-12.19216362734953,-8.524499999414633,-11.854068121159829,-11.768799805981027,-11.12078732850139,-10.551577096964825,-8.614221953136921,-8.86993050250095
2021-06-18,-10.551577096964825,-8.614221953136921,-11.426311642573692,-11.686053233290695,-11.152835623163384,-10.977995077678123,-8.856529735457844,-9.10561406566723
2021-06-21,-10.977995077678123,-8.856529735457844,-11.268365273718212,-11.618555401708687,-10.902844666588054,-10.65481547935272,-9.333777112597884,-9.978319527585281
2021-06-22,-10.65481547935272,-9.333777112597884,-11.060827443119349,-11.551001221196444,-11.563765478403553,-11.295983530188643,-9.843351550280232,-10.375989608767593
2021-06-23,-11.295983530188643,-9.843351550280232,-10.990504527412186,-11.533786962786502,-11.829627405440908,-11.892886967071043,-9.696475425117672,-9.95740495392016
2021-06-24,-11.892886967071043,-9.696475425117672,-10.969740152925205,-11.545719259810307,-11.757958031534987,-11.514441731286166,-9.98622421563074,-10.47554914744654
2021-06-25,-11.514441731286166,-9.98622421563074,-11.177786620168943,-11.53454021964255,-11.846939756128386,-12.268251075479279,-10.025940848351734,-10.338020575012877
2021-06-28,-12.268251075479279,-10.025940848351734,-11.372607035685876,-11.53485063597496,-11.108933345152286,-11.369272517376515,-9.840540859625392,-10.529883105365188
2021-06-29,-11.369272517376515,-9.840540859625392,-11.607459123400853,-11.494539819236413,-11.962946724979801,-11.067443377020412,-9.232124149300805,-9.486665777528545
2021-06-30,-11.067443377020412,-9.232124149300805,-11.53968918705545,-11.469247252890293,-11.695543153064362,-11.628932694151764,-9.615430228960935,-9.914424456919743
2021-07-01,-11.628932694151764,-9.615430228960935,-11.498128026825455,-11.45544246208877,-11.534392063990339,-11.777269322236489,-9.6213084909733,-9.927040968038364
2021-07-02,-11.777269322236489,-9.6213084909733,-11.544671698171308,-11.469885274082944,-12.332614239864913,-11.382895921910972,-9.483309775051604,-9.715891600963614
2021-07-05,-11.382895921910972,-9.483309775051604,-11.415296816809006,-11.449058870263736,-12.092967264194206,-11.737597678261778,,
2021-07-06,-11.737597678261778,-9.483309775051604,-11.481996533558673,-11.45109597913266,-11.674550898695228,-11.413693678858548,-9.6661886062382,-10.034959739015871
2021-07-07,-11.413693678858548,-9.6661886062382,-11.57477096124199,-11.431032452977016,-11.422839244759516,-12.013797819735428,-9.812332052176432,-10.184014945418467
2021-07-08,-12.013797819735428,-9.812332052176432,-11.637202992876984,-11.433541147680955,-11.790648293034211,-10.268435556361355,-9.356780687014636,-10.029254341776888
2021-07-09,-10.268435556361355,-9.356780687014636,-11.159578161328689,-11.313831209189718,-11.416550781211123,-11.128332410517565,-9.854731916019825,-10.527246454182306
2021-07-12,-11.128332410517565,-9.854731916019825,-11.114245705537208,-11.285768105892043,-11.993899101073847,-11.900540553178642,-9.841422574138134,-10.120822339902418
2021-07-13,-11.900540553178642,-9.841422574138134,-11.130500055186383,-11.29406088780479,-12.05507207563701,-11.987244469610806,-9.307001038678306,-9.449253504399902
2021-07-14,-11.987244469610806,-9.307001038678306,-11.198528806246303,-11.29596964646804,-12.106984695079245,-12.121983610008673,-9.817200920916608,-10.041681418459893
2021-07-15,-12.121983610008673,-9.817200920916608,-11.207645367266961,-11.294487203667243,-12.038758182183267,-11.506600434404357,-10.036625003502255,-10.49072068720272
2021-07-16,-11.506600434404357,-10.036625003502255,-11.659060161996134,-11.361330816339432,-12.190788170228878,-11.565686031350944,-9.91248904927571,-10.260480711856951
2021-07-19,-11.565686031350944,-9.91248904927571,-11.787415659101407,-11.394473919939212,-11.580664111090563,-11.61324143929356,-9.565123399274475,-9.869240781987978
2021-07-20,-11.61324143929356,-9.565123399274475,-11.729670700048757,-11.461239519368652,-11.762674029114459,-11.613992620965586,-9.632440381471463,-9.929048328724289
2021-07-21,-11.613992620965586,-9.632440381471463,-11.662066294437581,-11.477437676550103,-11.801756914421835,-11.630549321601437,-9.902255686608594,-10.298608069942016
2021-07-22,-11.630549321601437,-9.902255686608594,-11.584978771163266,-11.467586842799706,-12.036491891427275,-11.341470283589814,-9.873112005144485,-10.296597400800556
2021-07-23,-11.341470283589814,-9.873112005144485,-11.54687687961138,-11.45861775903781,-12.318900655073588,-11.39341046803112,-9.895020962876005,-10.26908493332605
2021-07-26,-11.39341046803112,-9.895020962876005,-11.510641003136511,-11.427974155041975,-11.752433532689498,-11.765074643118481,-10.280810465078979,-10.89002406310354
2021-07-27,-11.765074643118481,-10.280810465078979,-11.536396239873268,-11.445457180803139,-12.183725007231509,-11.832094359449176,-10.081552378686862,-10.432345300773482
2021-07-28,-11.832094359449176,-10.081552378686862,-11.57333533225957,-11.485240421232136,-11.857316931142652,-11.983765805765131,-9.967209365555119,-10.30152000686561
2021-07-29,-11.983765805765131,-9.967209365555119,-11.631182123481636,-11.498261251871986,-11.201786958891775,-11.617938814126296,-10.116206904319954,-10.938210467071787
2021-07-30,-11.617938814126296,-10.116206904319954,-11.697901377605364,-11.491748870447514,-12.237794222752562,-12.604235532728646,-10.418120507684465,-10.738919631584835
2021-08-02,-12.604235532728646,-10.418120507684465,-11.909099562401327,-11.531855386547939,-11.496509326334428,-11.965151894429347,-10.0134809951095,-10.473908087321433
2021-08-03,-11.965151894429347,-10.0134809951095,-11.951886659922913,-11.54017361819994,-12.389699692333632,-12.374799628160481,-10.608304097868245,-11.022810844309053
2021-08-04,-12.374799628160481,-10.608304097868245,-12.051072289953687,-11.575841724611394,-12.508633722198816,-12.56122033706217,-9.962972591889312,-10.12882061757231
2021-08-05,-12.56122033706217,-9.962972591889312,-12.149615334534305,-11.589537903099327,-12.396135686690648,-11.820564398675689,-9.806355723457362,-10.040133738172813
2021-08-06,-11.820564398675689,-9.806355723457362,-12.214075854558581,-11.749344735140179,-12.488875127323624,-12.103012453156861,-8.96759310482256,-9.043441236192493
2021-08-09,-12.103012453156861,-8.96759310482256,-12.129639677262048,-11.809025878158922,-8.820050947849216,-10.848179276856408,-8.344335149337471,-9.559066049985445
2021-08-10,-10.848179276856408,-8.344335149337471,-11.734479896578472,-11.727383194934989,-11.588260179449582,-11.054955835617317,-9.418825834423384,-9.78840427096737
2021-08-11,-11.054955835617317,-9.418825834423384,-11.480486780092251,-11.669688595037975,-11.39791681140019,-11.968416057678729,-9.317495587642789,-9.534984917193743
2021-08-12,-11.968416057678729,-9.317495587642789,-11.42703136592368,-11.664422730261796,-12.08043811101924,-11.926745707446354,-10.03022389202982,-10.357058632743824
2021-08-13,-11.926745707446354,-10.03022389202982,-11.440717613994691,-11.684711949626442,-12.248227423610977,-12.020155757337493,-9.974593416062403,-10.23887786533941
2021-08-16,-12.020155757337493,-9.974593416062403,-11.431847780753987,-11.705495357558785,-11.62259603570518,-12.127064662434272,-10.078535187883178,-10.497749355258941
2021-08-17,-12.127064662434272,-10.078535187883178,-11.731234440881074,-11.727773008062712,-11.809265269806488,-12.232520379169575,-9.880192507172898,-10.155195646015262
2021-08-18,-12.232520379169575,-9.880192507172898,-12.048906993573079,-11.753955187593041,-12.15312224484351,-12.26154097973451,-9.756701745365511,-9.946328306602604
2021-08-19,-12.26154097973451,-9.756701745365511,-12.105555027456827,-11.780781643286003,-11.448479388351364,-10.881506166640378,-9.65276662325637,-10.266493413006668
2021-08-20,-10.881506166640378,-9.65276662325637,-11.740198685265279,-11.73646894579596,-11.860280326875841,-11.93091306059061,-10.334044481498994,-10.878568244685846
2021-08-23,-11.93091306059061,-10.334044481498994,-11.726186831529883,-11.766204651285365,-11.163608964454724,-12.61497151318983,-9.827727382776757,-10.220054668979973
2021-08-24,-12.61497151318983,-9.827727382776757,-11.779287388130486,-11.795282767975953,-12.321484606380546,-12.318868834703506,-10.029754674476669,-10.255962461606549
2021-08-25,-12.318868834703506,-10.029754674476669,-11.78985863125835,-11.814030684090875,-11.2615999690112,-12.042603617575505,-9.785131066742341,-10.190182478972003
2021-08-26,-12.042603617575505,-9.785131066742341,-11.759772931664498,-11.81644459776209,-12.599166398455765,-12.127024865262495,-9.923608591303054,-10.12119852599362
2021-08-27,-12.127024865262495,-9.923608591303054,-12.179567075288507,-11.841073289228746,-12.149856138188998,-11.955444995000478,-9.574319955755245,-9.758915513445507
2021-08-30,-11.955444995000478,-9.574319955755245,-12.185801376238308,-11.82000986528783,-11.895964527213936,-12.8192606665422,-10.630643629972427,-11.131882641368922
2021-08-31,-12.8192606665422,-10.630643629972427,-12.210154840710674,-11.845160727423899,-12.738573431546602,-12.070343077647566,-9.836205227258175,-10.01291553363268
2021-09-01,-12.070343077647566,-9.836205227258175,-12.160780014964486,-11.83473758412927,-11.784372851693668,-11.982321680344908,-10.020555159035117,-10.394520310468456
2021-09-02,-11.982321680344908,-10.020555159035117,-12.146890826346421,-11.815955923406738,-12.552923853867306,-12.751453452285077,-10.146526832405447,-10.325710965547355
2021-09-03,-12.751453452285077,-10.146526832405447,-12.246435240547237,-11.846570376763731,-12.514557546135164,-13.013898413148235,-9.393917213482887,-9.467469121115458
2021-09-06,-13.013898413148235,-9.393917213482887,-12.438458682682311,-11.869972199635448,-12.139888083723713,-12.676840862283052,,
2021-09-07,-12.676840862283052,-9.393917213482887,-12.417756787222261,-11.9939447438451,-12.203851358973669,-11.651894602750177,-9.45580635151132,-9.648530310093886
2021-09-08,-11.651894602750177,-9.45580635151132,-12.280529213035361,-12.053140945383603,-12.368604816689878,-11.93276098405422,-9.59431726318175,-9.767328195655322
2021-09-09,-11.93276098405422,-9.59431726318175,-12.266929578861943,-12.051167506409014,-12.030942136530651,-12.780906300937776,-9.94833983898825,-10.151027940441594
2021-09-10,-12.780906300937776,-9.94833983898825,-12.27051160659971,-12.084231059529687,-11.454173524392605,-11.89808040151146,-9.847735809662051,-10.2471564585634
2021-09-13,-11.89808040151146,-9.847735809662051,-12.09223858737876,-12.077333351060211,-12.047805264297912,-12.515821846887803,-10.536667465344618,-10.981151211157925
2021-09-14,-12.515821846887803,-10.536667465344618,-12.07295193968478,-12.092775693775021,-12.604157193657176,-12.144649697262317,-9.430343158249265,-9.544738340875607
2021-09-15,-12.144649697262317,-9.430343158249265,-12.199141083814402,-12.088790233138841,-12.463484145155876,-12.287687982021067,-10.123047781406083,-10.36013413654427
2021-09-16,-12.287687982021067,-10.123047781406083,-12.280344826193714,-12.089876502910254,-11.812327755108656,-11.62158676817128,-9.479909240729844,-9.721367435295525
2021-09-17,-11.62158676817128,-9.479909240729844,-12.045082884490506,-12.181485556683228,-12.157400780279838,-11.635254446617145,-9.636903438988439,-9.880221936527915
2021-09-20,-11.635254446617145,-9.636903438988439,-11.977760282152117,-12.159627584922704,-10.977790485568448,-11.760202921529713,-9.69806304939647,-10.217752205112866
2021-09-21,-11.760202921529713,-9.69806304939647,-11.853923118897557,-12.117682852479982,-12.357563956358204,-11.79021853979788,-10.041520328834931,-10.359886335647728
2021-09-22,-11.79021853979788,-10.041520328834931,-11.792252943838015,-12.089596725953456,-11.230772050697274,-12.12046754027024,-8.978382986568217,-9.138951332826778
2021-09-23,-12.12046754027024,-8.978382986568217,-11.770314819788801,-12.093530149847986,-11.196775669563099,-10.64611774916272,-9.254634330945445,-9.752383584143173
2021-09-24,-10.64611774916272,-9.254634330945445,-11.445714598052653,-11.94145143558205,-11.991400731980374,-12.02276145666912,-9.695575618104776,-9.916531846595358
2021-09-27,-12.02276145666912,-9.695575618104776,-11.500336685356755,-11.944666401002422,-11.709059984976715,-11.568456282719348,-9.950502145893298,-10.413485906388779
2021-09-28,-11.568456282719348,-9.950502145893298,-11.468257951363901,-11.893986499568223,-11.906402925199645,-10.632148494283664,-9.195092317863011,-9.557607022978043
2021-09-29,-10.632148494283664,-9.195092317863011,-11.193259100924273,-11.767636347327443,-11.834465466931631,-11.460482648398498,-9.736511788707135,-10.094707576116006
2021-09-30,-11.460482648398498,-9.736511788707135,-11.121897921536542,-11.740373643116833,-12.082992922468069,-11.419271463982877,-9.362889366739356,-9.578292768172028
2021-10-01,-11.419271463982877,-9.362889366739356,-11.312211983763712,-11.690877987971481,-11.649550121636903,-11.50434168447327,-9.621927047245592,-9.955820845676936
2021-10-04,-11.50434168447327,-9.621927047245592,-11.247581147003693,-11.64500929130658,-12.383729525134713,-11.69902808690533,-9.493164919320616,-9.674327441454697
2021-10-05,-11.69902808690533,-9.493164919320616,-11.265502301275603,-11.61588453355542,-12.080443239761392,-11.719318740976345,-9.954234347717763,-10.297374183083896
2021-10-06,-11.719318740976345,-9.954234347717763,-11.552842825221079,-11.61903425031427,-11.727662858452465,-11.360468513661685,-9.7195066829188,-10.117047536310052
2021-10-07,-11.360468513661685,-9.7195066829188,-11.530032106040352,-11.59120740339789,-12.303487576641869,-11.650517399894436,-10.016058567565675,-10.367866878159324
2021-10-08,-11.650517399894436,-10.016058567565675,-11.577257340408034,-11.559800712514765,-12.032947459572659,-12.056306881511555,-9.221615287620946,-9.348155722796484
2021-10-11,-12.056306881511555,-9.221615287620946,-11.672946554167147,-11.565031487262418,-11.724815234565895,-11.984391705435542,-10.204818725074173,-10.694899069274253
2021-10-12,-11.984391705435542,-10.204818725074173,-11.722529285600977,-11.551570896803252,-11.804771247299549,-11.636124713009123,-9.602228955245856,-9.878439329639491
2021-10-13,-11.636124713009123,-9.602228955245856,-11.705272716500328,-11.533421647595377,-12.20164938971414,-11.986906645895356,-9.023219778376273,-9.121140517389952
2021-10-14,-11.986906645895356,-9.023219778376273,-11.846182952953301,-11.525202799333792,-12.07304353397697,-11.509166381950134,-10.135222246990494,-10.641266124948787
2021-10-15,-11.509166381950134,-10.135222246990494,-11.809920039410347,-11.519814819119892,-12.380654265705898,-11.595180986779258,-9.766684468547632,-10.033124601311018
2021-10-18,-11.595180986779258,-9.766684468547632,-11.72229044401758,-11.517995002097306,-12.084041040443696,-11.29442624214488,-9.833890246642484,-10.245617666198719
2021-10-19,-11.29442624214488,-9.833890246642484,-11.580002191168289,-11.494979958877462,-11.75774773848111,-11.564866976886519,-9.658822509649607,-9.975254454135838
2021-10-20,-11.564866976886519,-9.658822509649607,-11.566133401396197,-11.48561667198679,-11.892565167178144,-12.328143818817862,-9.720255198588065,-9.928022746010003
2021-10-21,-12.328143818817862,-9.720255198588065,-11.604835101913746,-11.490598742890615,-11.446925655374606,-12.009934443201505,-9.979139210583394,-10.428033023403449
2021-10-22,-12.009934443201505,-9.979139210583394,-11.695522443515108,-11.581172144033902,-12.460188228503966,-11.844016362878062,-9.22471166444382,-9.343714765216584
2021-10-25,-11.844016362878062,-9.22471166444382,-11.745457314003394,-11.574899458360093,-11.522820952788258,-11.62307969111067,-10.145182135278215,-10.799666575941503
2021-10-26,-11.62307969111067,-10.145182135278215,-11.83751761727968,-11.57757814087466,-12.077249699321921,-12.014738434715179,-9.69992952881181,-9.912608017091898
2021-10-27,-12.014738434715179,-9.69992952881181,-11.93752504028523,-11.678949464069412,-11.882828953592364,-11.421636246354051,-9.718388044460244,-10.07065159285227
2021-10-28,-11.421636246354051,-9.718388044460244,-11.755455410729637,-11.676488371754944,-11.623447389961864,-12.094626623635868,-9.53210362024644,-9.756036215986757
2021-10-29,-12.094626623635868,-9.53210362024644,-11.768127328641611,-11.708756142251536,-11.734515906884837,-11.679996557519955,-9.379656809256195,-9.596733383125185
2021-11-01,-11.679996557519955,-9.379656809256195,-11.735619118097928,-11.718686756623965,-11.7820673075378,-11.885162853500152,-9.888454394297515,-10.22575882539144
2021-11-02,-11.885162853500152,-9.888454394297515,-11.78860133324068,-11.727384982734025,-12.071490636151756,-11.728268588773084,-10.160104665081754,-10.600631536156069
2021-11-03,-11.728268588773084,-10.160104665081754,-11.737037650311514,-11.727834187476732,-11.566117856072342,-12.241348285087286,-9.450792291200255,-9.651662123298289
2021-11-04,-12.241348285087286,-9.450792291200255,-11.903538070554028,-11.771030704483737,-11.911604474131497,-11.490833107713623,-9.838695526055327,-10.220628311864544
2021-11-05,-11.490833107713623,-9.838695526055327,-11.775173043701049,-11.761312304737555,-11.880050063402702,-11.567687115107082,-9.396650744590575,-9.616697080799943
2021-11-08,-11.567687115107082,-9.396650744590575,-11.749363503131015,-11.738127868526863,-11.27255768505402,-11.710449529794888,-9.902580003399667,-10.444063823785449
2021-11-09,-11.710449529794888,-9.902580003399667,-11.71657434084387,-11.725885661555939,-12.079586990304618,-11.54811071851695,-9.966382316801628,-10.361604253077312
2021-11-10,-11.54811071851695,-9.966382316801628,-11.678294202661519,-11.720866095845127,-12.265207760163594,-12.299094630426183,-8.725320829807357,-8.784080249777093
2021-11-11,-12.299094630426183,-8.725320829807357,-11.684705346458419,-11.731195105009352,-10.577498347443152,-11.843950092136009,-9.656257791592338,-10.370016496815056
2021-11-12,-11.843950092136009,-9.656257791592338,-11.759677535860272,-11.749116626457527,-11.506926000402768,-11.008859054023187,-9.722193589000785,-10.309238458177617
2021-11-15,-11.008859054023187,-9.722193589000785,-11.59296474081041,-11.703662514739065,-11.307290931377246,-12.093538133332716,-10.097325659017448,-10.666586646291185
2021-11-16,-12.093538133332716,-10.097325659017448,-11.65122351313832,-11.745971360605829,-11.691370520518044,-11.276437552921013,-9.51890986752334,-9.856297372705107
2021-11-17,-11.276437552921013,-9.51890986752334,-11.58430091606297,-11.726134019147258,-11.795646782608257,-12.464491129321464,-10.211539654956933,-10.582921455247986
2021-11-18,-12.464491129321464,-10.211539654956933,-11.599331108326528,-11.729630692237109,-11.68219048124639,-12.166221010456809,-9.775836500489309,-10.050557247152067
2021-11-19,-12.166221010456809,-9.775836500489309,-11.64343259995779,-11.735111588843452,-12.706543021568287,-10.454658717790254,-9.02665657578851,-9.334559511603734
2021-11-22,-10.454658717790254,-9.02665657578851,-11.397067059356988,-11.60841492696839,-12.186894352410482,-11.584476342016822,-8.959658391216403,-9.07857699751243
2021-11-23,-11.584476342016822,-8.959658391216403,-11.33301049497809,-11.606477546244358,-11.868229560985354,-10.679997996265557,-9.240094886153422,-9.609947349453469
2021-11-24,-10.679997996265557,-9.240094886153422,-11.173767154322139,-11.517514885930497,-11.559876862790244,-11.233062472907315,-9.830142555156153,-10.380418702259165
2021-11-25,-11.233062472907315,-9.830142555156153,-11.048482222540388,-11.50615917755992,-12.082089625983379,-12.640863637998079,,
2021-11-26,-12.640863637998079,-9.830142555156153,-11.073508351897166,-11.51791097746546,-11.461073680573325,-10.078672137115591,,
2021-11-29,-10.078672137115591,,-10.916933659267299,-11.362313516624555,-11.218988966891242,-11.871133973911594,-9.945057041593909,-10.499222277659124
2021-11-30,-11.871133973911594,-9.945057041593909,-10.942835752385788,-11.361894837424444,-11.847882629795059,-11.65852393290538,-8.932354773491966,-9.059784862902616
2021-12-01,-11.65852393290538,-8.932354773491966,-11.11999309307263,-11.359394166219255,-10.386601664409746,-11.17413728754583,-9.13758353397565,-9.677604285213658
2021-12-02,-11.17413728754583,-9.13758353397565,-11.1092100780552,-11.320675771851505,-11.712756225744222,-11.213933743041025,-9.571527878419127,-9.944077190712866
2021-12-03,-11.213933743041025,-9.571527878419127,-10.98092321200683,-11.307309741630679,-11.608360598104557,-11.562548618231464,-9.479312276766791,-9.758334608604194
2021-12-06,-11.562548618231464,-9.479312276766791,-11.460947134721582,-11.307111224118218,-12.116900608253573,-11.7138010971515,-10.127290291635925,-10.544909605368716
2021-12-07,-11.7138010971515,-10.127290291635925,-11.438587970751415,-11.307222999727768,-12.374617653917541,-12.103142909941303,-10.050980592160641,-10.3076468612279
2021-12-08,-12.103142909941303,-10.050980592160641,-11.497927810781379,-11.324102859071703,-12.421344401309693,-11.863036211235071,-10.219954564423205,-10.582406809803484
2021-12-09,-11.863036211235071,-10.219954564423205,-11.646018691955526,-11.313846896027634,-12.67693559737169,-12.32011561463334,-9.993303192937633,-10.174730273751448
2021-12-10,-12.32011561463334,-9.993303192937633,-11.876904521155389,-11.3250576882547,-12.598193265943117,-12.438897056176994,-9.974570790667668,-10.146077932702763
2021-12-13,-12.438897056176994,-9.974570790667668,-12.051092439175775,-11.378648707051921,-12.317920949351912,-12.22592811233343,-10.421070939578833,-10.79873381365164
2021-12-14,-12.22592811233343,-10.421070939578833,-12.170225639877069,-11.3816866603929,-12.42404045222871,-12.173137770919839,-10.263054098598127,-10.568600692493037
2021-12-15,-12.173137770919839,-10.263054098598127,-12.184789548507755,-11.41512972945709,-12.31300709698035,-12.80146372639226,-9.570073911354193,-9.67975908370143
2021-12-16,-12.80146372639226,-9.570073911354193,-12.368666216643096,-11.420150874309194,-11.736884259783638,-12.111044538672006,-10.060262248877894,-10.439531744908965
2021-12-17,-12.111044538672006,-10.060262248877894,-12.321000351977236,-11.418806703746469,-11.853761191097254,-12.133823675352495,-9.95928822953682,-10.265892907275536
2021-12-20,-12.133823675352495,-9.95928822953682,-12.259519164581178,-11.531604163013398,-12.711932272324344,-12.053112999238293,-9.929237639324745,-10.129444905253708
2021-12-21,-12.053112999238293,-9.929237639324745,-12.221242978092919,-11.54950732513312,-12.403312593535421,-12.549565777611548,-10.34180039790331,-10.612569559529595
2021-12-22,-12.549565777611548,-10.34180039790331,-12.289339933250027,-11.655861779819457,-13.173439332103431,-12.40599350124662,-10.644044449444271,-10.933617781158345
2021-12-23,-12.40599350124662,-10.644044449444271,-12.232832609086767,-11.70999719477565,-12.214118742390504,-12.784041196827683,-10.482032600033456,-10.806340789241078
2021-12-24,-12.784041196827683,-10.482032600033456,-12.350099674265293,-11.712630048133022,,,,
2021-12-27,-12.784041196827683,-10.482032600033456,-12.350099674265293,-11.712630048133022,-12.17182302150391,-12.92086246993061,-10.763026307012431,-11.209332425508222
2021-12-28,-12.92086246993061,-10.763026307012431,-12.49543780638992,-11.988738724579234,-13.109784905822009,-12.831437154869441,-10.429265323571245,-10.60248683035038
2021-12-29,-12.831437154869441,-10.429265323571245,-12.679768802639718,-12.024068137970321,-12.849536389822843,-12.14468856224619,-10.199227073988432,-10.439453986692133
2021-12-30,-12.14468856224619,-10.199227073988432,-12.57207639337089,-12.052206731715023,-11.967791996049074,-12.863963410179139,-10.296462021850019,-10.603971206111535
2021-12-31,-12.863963410179139,-10.296462021850019,-12.662836910256312,-12.155467926942897,-12.388346137193249,-12.74193431166939,-10.398511948988356,-10.663411038034836
2022-01-03,-12.74193431166939,-10.398511948988356,-12.655246400643168,-12.26125199817278,-12.195202314055022,-12.622242664486873,-9.94568414579599,-10.137146804586619
2022-01-04,-12.622242664486873,-9.94568414579599,-12.603257366463346,-12.329218137473733,-12.384646921760515,-11.8788393204936,-10.169306454808428,-10.511890653207647
2022-01-05,-11.8788393204936,-10.169306454808428,-12.377309952503524,-12.343394232198687,-12.708944319501036,-12.094341544086237,-9.739372396034945,-9.897456129695254
2022-01-06,-12.094341544086237,-9.739372396034945,-12.364362213960604,-12.342832343266444,-11.815143790037375,-10.703749166811233,-9.497619351918017,-10.004902530156585
2022-01-07,-10.703749166811233,-9.497619351918017,-11.706245141264068,-12.180088675107829,-12.688896200330953,-12.088468197419356,-9.317513162621534,-9.419484203453521
2022-01-10,-12.088468197419356,-9.317513162621534,-11.642827025977114,-12.168821687145902,-12.042036751940264,-11.818243648513352,-10.116011735534618,-10.513512473730097
2022-01-11,-11.818243648513352,-10.116011735534618,-11.55416125753748,-12.136520720878599,-12.322356226389966,-12.521729503932157,-10.345310358796928,-10.635562072258002
2022-01-12,-12.521729503932157,-10.345310358796928,-11.625174884307008,-12.148298020041855,-12.547719585490862,-12.699823549439682,-10.530328373788556,-10.814333558302577
2022-01-13,-12.699823549439682,-10.530328373788556,-11.683674214384766,-12.168469905876005,-12.648844023717446,-11.883954109112322,-10.210073906136035,-10.531362620805783
2022-01-14,-11.883954109112322,-10.210073906136035,-12.144362935282052,-12.129339648364867,-12.302277389406918,-11.70959575835628,-10.092750921588365,-10.461320173858477
2022-01-17,-11.70959575835628,-10.092750921588365,-12.051397860694232,-12.104495421635585,-12.267142131328495,-13.031960273325351,,
2022-01-18,-13.031960273325351,-10.092750921588365,-12.246798843180194,-12.133694722837776,-12.133898154370158,-11.9912763415142,-9.299596237929983,-9.434873746924334
2022-01-19,-11.9912763415142,-9.299596237929983,-12.145775691305102,-12.130243607726333,-12.317799607678188,-12.059028249304504,-9.970207752404175,-10.217941444418136
2022-01-20,-12.059028249304504,-9.970207752404175,-12.047560266706725,-12.109641294449881,-11.992977307628955,-12.323975373986475,-10.101046394336722,-10.400898008319642
2022-01-21,-12.323975373986475,-10.101046394336722,-12.13513595598302,-12.106468672325208,-12.354984301357545,-11.174979749906864,-9.841962031620536,-10.264629264452719
2022-01-24,-11.174979749906864,-9.841962031620536,-11.939291654347063,-12.009775931002126,-12.178601297253914,-11.825124580298496,-9.819466112148264,-10.079628443516622
2022-01-25,-11.825124580298496,-9.819466112148264,-11.793354222574438,-11.970520992055988,-12.462152539542902,-11.849598829029691,-9.543795036976,-9.710677583303971
2022-01-26,-11.849598829029691,-9.543795036976,-11.768686169837101,-11.935841222797048,-12.681561155324596,-12.14870919268818,-9.305272200452757,-9.402222892695455
2022-01-27,-12.14870919268818,-9.305272200452757,-11.781601612413422,-11.936004049449537,-11.096753327830774,-11.432366834366379,-9.196496932895887,-9.492788458174994
2022-01-28,-11.432366834366379,-9.196496932895887,-11.626888437986503,-11.874938618012338,-12.441344460229843,-11.286671603643091,-9.542810428342209,-9.804107576298726
2022-01-31,-11.286671603643091,-9.542810428342209,-11.660663693848374,-11.808184456215704,-12.480717695560076,-11.553542690397705,-10.084071151378861,-10.471307968670112
2022-02-01,-11.553542690397705,-10.084071151378861,-11.6090740246761,-11.766709410095968,-12.441924607909836,-12.324811329042998,-10.219270303657144,-10.480766219191993
2022-02-02,-12.324811329042998,-10.219270303657144,-11.670392898689343,-11.7829218150274,-13.020267129922836,-12.172455523414433,-10.26646876317373,-10.505184640104993
2022-02-03,-12.172455523414433,-10.26646876317373,-11.673306181135445,-11.785677295130169,-12.645282221268332,-12.684492622713845,-9.92159171901378,-10.05940715808207
2022-02-04,-12.684492622713845,-9.92159171901378,-11.873870752950785,-11.921686678369865,-13.074863963509484,-12.41824107792277,-9.2133359378192,-9.276913407203
2022-02-07,-12.41824107792277,-9.2133359378192,-12.153250259902785,-11.933645925108276,-11.518830513341369,-12.541143253095155,-10.291872316630718,-10.800465639031719
2022-02-08,-12.541143253095155,-10.291872316630718,-12.412824703799814,-11.962951799518455,-12.650982577746765,-12.198782796914495,-10.655462202994334,-11.085650379003319
2022-02-09,-12.198782796914495,-10.655462202994334,-12.383912355999447,-11.952110455677493,-12.875126334587906,-13.599150708036008,-10.728806024636814,-10.919473866623488
2022-02-10,-13.599150708036008,-10.728806024636814,-12.591880964106998,-11.966251413243592,-13.408485390990581,-12.698307301483093,-9.609913507752227,-9.68031219702
2022-02-11,-12.698307301483093,-9.609913507752227,-12.594385327750501,-11.996961132077791,-12.181997134279,-12.510167713474653,-9.154367346825572,-9.241355160440637
2022-02-14,-12.510167713474653,-9.154367346825572,-12.615556764727826,-12.03436906585271,-11.45597407783694,-11.460346826594588,-9.465951701742632,-9.784489372400625
2022-02-15,-11.460346826594588,-9.465951701742632,-12.265260850319775,-11.966400787136589,-11.31878373394899,-10.093526488732232,-9.125547999804088,-9.80165191498191
2022-02-16,-10.093526488732232,-9.125547999804088,-11.332722843648618,-11.722218461726717,-13.120436254732294,-12.326534362080862,-10.024917013645494,-10.181978311630647
2022-02-17,-12.326534362080862,-10.024917013645494,-11.28079831480569,-11.730633596027968,-11.283383931593729,-10.423575605375447,-9.336924140798304,-9.991086901082497
2022-02-18,-10.423575605375447,-9.336924140798304,-10.928130827102999,-11.58468179821226,-11.312559507800048,-11.504664369268696,-9.818556373994102,-10.345699975104631
2022-02-21,-11.504664369268696,-9.818556373994102,-10.859297799105912,-11.606061879213723,-10.656155100724035,-11.609378665643295,,
2022-02-22,-11.609378665643295,-9.818556373994102,-10.874595791741847,-11.596437474862853,-11.194540342540009,-10.315709967458547,-9.423634226404756,-10.291094173725876
2022-02-23,-10.315709967458547,-9.423634226404756,-10.965633402391845,-11.46440468847457,-12.302345973607572,-11.611139247924411,-9.975551458940492,-10.321492703821399
2022-02-24,-11.611139247924411,-9.975551458940492,-10.913426686821946,-11.44660984911723,-9.28245719614556,-9.626093796730267,-7.679252911076641,-8.100809081291153
2022-02-25,-9.626093796730267,-7.679252911076641,-10.578235660852057,-11.21705889534474,-10.136888994781105,-9.802812886526645,-8.690470589743772,-9.521042147181225
2022-02-28,-9.802812886526645,-8.690470589743772,-10.274353811817234,-11.069474202663597,-10.208324552756485,-10.781860362224114,-8.73420230743074,-9.177394787394404
2022-03-01,-10.781860362224114,-8.73420230743074,-10.208782739413094,-11.034253239058494,-12.144589932637974,-10.789808145045223,-9.086481319820589,-9.346617280349049
2022-03-02,-10.789808145045223,-9.086481319820589,-10.279047818017782,-10.985377585682759,-10.735488489239259,-9.674965564518724,-8.480094673610202,-9.003626158652617
2022-03-03,-9.674965564518724,-8.480094673610202,-10.006634575488015,-10.828263179267463,-11.47319700148803,-10.864147392706558,-9.373083011512534,-9.80014266905694
2022-03-04,-10.864147392706558,-9.373083011512534,-10.239540550073116,-10.788634314731382,-10.248560054379189,-11.30216290957278,-8.862419370630782,-9.273733998853592
2022-03-07,-11.30216290957278,-8.862419370630782,-10.514526513223935,-10.768715332871377,-10.00682127152721,-10.030583958059921,-8.050531752699419,-8.378263997923494
2022-03-08,-10.030583958059921,-8.050531752699419,-10.356319907593809,-10.67695222202918,-10.404684472626945,-9.43092117379523,-7.235009615514916,-7.4013881664052485
2022-03-09,-9.43092117379523,-7.235009615514916,-10.03791998193751,-10.526026500026834,-10.074850480716037,-9.284591204165087,-7.704530768819665,-8.060368198656546
2022-03-10,-9.284591204165087,-7.704530768819665,-9.909264980568889,-10.36841180532906,-10.234263838783669,-9.50639584848258,-8.193445079463721,-8.702517816209092
2022-03-11,-9.50639584848258,-8.193445079463721,-9.708570954375682,-10.260875595601123,-10.686194576997787,-9.9641631227475,-8.405006393834528,-8.77966507169939
2022-03-14,-9.9641631227475,-8.405006393834528,-9.600387030917442,-10.20072381329978,-10.961778398593749,-10.049637758669116,-8.962514693678228,-9.602348860387572
2022-03-15,-10.049637758669116,-8.962514693678228,-9.602845032671855,-10.15769613645356,-10.262191903557673,-10.628411676511536,-8.685069324028543,-9.11553393846131
2022-03-16,-10.628411676511536,-8.685069324028543,-9.78412573750223,-10.180029584645377,-11.657939407728755,-10.63267260404548,-8.52506327432224,-8.70553102190359
2022-03-17,-10.63267260404548,-8.52506327432224,-10.063817828405401,-10.154407983942045,-11.218792009717072,-10.977917539413577,-9.37969537886123,-9.827885444943206
2022-03-18,-10.977917539413577,-9.37969537886123,-10.377238357967087,-10.170797894480755,-11.138437691879117,-10.924212658156463,-9.125533436426604,-9.48094839947942
2022-03-21,-10.924212658156463,-9.125533436426604,-10.583711782572857,-10.160486260465117,-11.620841089182225,-11.525981635075826,-9.73819414496642,-10.123146175240272
2022-03-22,-11.525981635075826,-9.73819414496642,-10.889184709783425,-10.159465583665456,-11.537641843630883,-11.041542675163463,-9.45446276262347,-9.853531832368628
2022-03-23,-11.041542675163463,-9.45446276262347,-10.981136020180463,-10.181784194631314,-11.750311214957307,-11.137992097450605,-9.690309029068258,-10.14061684895654
2022-03-24,-11.137992097450605,-9.690309029068258,-11.100383994567979,-10.174566093119426,-11.588352694469508,-10.943952062419141,-9.236919705498105,-9.560762337313648
2022-03-25,-10.943952062419141,-9.236919705498105,-11.092604342405211,-10.24002822372981,-11.395145489086188,-11.321612723219559,-9.606477220028793,-10.03284221799549
2022-03-28,-11.321612723219559,-9.606477220028793,-11.173397602057086,-10.302400112603548,-10.573619994811057,-11.09081076311618,-8.954562930930495,-9.3346271786503
2022-03-29,-11.09081076311618,-8.954562930930495,-11.099548159625947,-10.310661684791338,-11.302508046846317,-10.66386852418211,-8.792685593079122,-9.06085805021157
2022-03-30,-10.66386852418211,-8.792685593079122,-11.006733341593145,-10.30651429141558,-11.369157041288792,-11.172862798919386,-9.566975655894897,-10.02213026643144
2022-03-31,-11.172862798919386,-9.566975655894897,-11.012762326165708,-10.382317978625442,-10.891258618177863,-11.100550244268604,-9.506760416943969,-10.111171113511551
2022-04-01,-11.100550244268604,-9.506760416943969,-11.04431033742281,-10.388841155857518,-11.640578348271646,-11.219878799544336,-9.40871658818827,-9.724513499167358
2022-04-04,-11.219878799544336,-9.40871658818827,-11.028209720784997,-10.38712224896362,-12.252810453915284,-12.004214233262195,-9.630272609115272,-9.811472379737188
2022-04-05,-12.004214233262195,-9.630272609115272,-11.147557491994846,-10.450589407899896,-12.218427064607424,-11.812420003883247,-9.46330415641057,-9.636532845869608
2022-04-06,-11.812420003883247,-9.46330415641057,-11.397995886205422,-10.585040280292121,-11.307727574860673,-10.832461799768557,-8.956968533783144,-9.242753927773407
2022-04-07,-10.832461799768557,-8.956968533783144,-11.301250675570769,-10.741117258742799,-11.723094249305648,-12.033818364663325,-9.859374831796,-10.172396708764019
2022-04-08,-12.033818364663325,-9.859374831796,-11.461791652313,-10.913264302268823,-12.026438035407555,-11.865529368361935,-9.792492450280127,-10.057641183533148
2022-04-11,-11.865529368361935,-9.792492450280127,-11.590958624819507,-11.029658835745275,-11.237305760243004,-11.202179149320607,-9.34991323680145,-9.718584887247758
2022-04-12,-11.202179149320607,-9.34991323680145,-11.440181739958776,-11.125232466664535,-11.531485179918581,-11.575383465786057,-9.045742349523493,-9.223615369129213
2022-04-13,-11.575383465786057,-9.045742349523493,-11.403975244893019,-11.176839288380902,-11.512181860507601,-11.570495627295692,-9.823557345625971,-10.26840846121997
2022-04-14,-11.570495627295692,-9.823557345625971,-11.608380384944349,-11.23069301538091,-11.714745295740576,-11.075599244517417,-9.563486933945486,-9.974137730590906
2022-04-15,-11.075599244517417,-9.563486933945486,-11.417730216767985,-11.23670236993828,,,,
2022-04-18,-11.075599244517417,-9.563486933945486,-11.417730216767985,-11.23670236993828,-11.156810365938425,-12.039525928055781,-9.802657202756613,-10.256721664362711
2022-04-19,-12.039525928055781,-9.802657202756613,-11.438352136107442,-11.283729086065959,-11.918001273052054,-11.683725501604949,-9.365981064771177,-9.560075145059727
2022-04-20,-11.683725501604949,-9.365981064771177,-11.540159195579465,-11.289472321346244,-11.06398654868212,-11.406787068610377,-9.764833136225144,-10.3928744588681
2022-04-21,-11.406787068610377,-9.764833136225144,-11.505316077929974,-11.309270240043096,-11.889747448281243,-11.321818687487111,-9.522270939806779,-9.822147846480217
2022-04-22,-11.321818687487111,-9.522270939806779,-11.453765422350601,-11.319284761007738,-11.454493306344212,-10.197167488053159,-8.996726433149627,-9.485606872369278
2022-04-25,-10.197167488053159,-8.996726433149627,-11.109630806363143,-11.241589052678405,-11.098185756328752,-11.023021088957616,-8.968565457179892,-9.252315283417076
2022-04-26,-11.023021088957616,-8.968565457179892,-10.979326330013166,-11.225656695194576,-11.249377641061606,-10.939773118966514,-9.455174930095854,-9.954159811100524
2022-04-27,-10.939773118966514,-9.455174930095854,-10.875698056693386,-11.21637108859105,-11.966881308918271,-10.730483551319432,-9.095064588612557,-9.384704208653924
2022-04-28,-10.730483551319432,-9.095064588612557,-10.768041992318242,-11.221985764558278,-10.952402732813008,-10.862302480627132,-9.213241774347267,-9.671946463256752
2022-04-29,-10.862302480627132,-9.213241774347267,-10.703140277364877,-11.203040071566301,-11.06994191345236,-11.598943247765376,-9.302693084856449,-9.619375296561568
2022-05-02,-11.598943247765376,-9.302693084856449,-10.990907305961837,-11.22502263582315,-10.734001672976824,-11.587373885281217,-9.105457620291922,-9.43368110172547
2022-05-03,-11.587373885281217,-9.105457620291922,-11.078131536209005,-11.24059928672258,-11.381510383765079,-10.753501987966951,-9.36511482927212,-9.847372149176515
2022-05-04,-10.753501987966951,-9.36511482927212,-11.032177591051541,-11.184143054759822,-11.754494800235157,-11.526616680598984,,
2022-05-05,-11.526616680598984,-9.36511482927212,-11.192871021226637,-11.175356689652656,-11.230398616350845,-11.234208821654567,-9.013053425018672,-9.258163384738149
2022-05-06,-11.234208821654567,-9.013053425018672,-11.283289115472543,-11.198941358144676,-10.967993211352438,-11.25468509031479,-9.184863536085842,-9.53345621639773
2022-05-09,-11.25468509031479,-9.184863536085842,-11.225075794359874,-11.173670686820696,-11.159827943371676,-10.850507412547348,-9.40177016779749,-9.924746004555047
2022-05-10,-10.850507412547348,-9.40177016779749,-11.083873375873381,-11.130570669940633,-11.349244031215193,-11.651720204852507,-9.26561650043491,-9.509556355653192
2022-05-11,-11.651720204852507,-9.26561650043491,-11.264134749803283,-11.147567184361025,-11.534170827991293,-10.906777107649305,-9.02234615634831,-9.28766100888536
2022-05-12,-10.906777107649305,-9.02234615634831,-11.14007690286481,-11.117022326884157,,,,
2022-05-13,-10.906777107649305,-9.02234615634831,-11.14007690286481,-11.117022326884157,-11.504200070631246,-11.141341457258545,-9.157502145379361,-9.423063705792583
2022-05-16,-11.141341457258545,-9.157502145379361,-11.122517268008718,-11.100137831732464,-11.361989914014588,-9.598880604142806,-8.94454558697722,-9.883431580411491
2022-05-17,-9.598880604142806,-8.94454558697722,-10.567174691569496,-10.94046734351261,-11.544692864683823,-11.179193928646681,-9.388328993204523,-9.72039640641569
2022-05-18,-11.179193928646681,-9.388328993204523,-10.61029396780256,-10.917999369376503,-11.337862870053922,-11.125058935339418,-9.476384840556523,-9.903708253895273
2022-05-19,-11.125058935339418,-9.476384840556523,-10.562515722680322,-10.900750241473313,-12.171793709947716,-10.389426418791734,-9.25036439891864,-9.718730650659385
2022-05-20,-10.389426418791734,-9.25036439891864,-10.47080681398615,-10.848887799855687,-11.447144009012943,-11.417035182809135,-9.762598930494665,-10.235372195779428
2022-05-23,-11.417035182809135,-9.762598930494665,-10.49576215376376,-10.85172176307865,-11.237774923654758,-11.23768746226004,-9.655892619282284,-10.185550277681262
2022-05-24,-11.23768746226004,-9.655892619282284,-10.998536509550132,-10.915966502399261,-11.813140981014877,-11.430971469747487,-9.748769314632483,-10.12398945258993
2022-05-25,-11.430971469747487,-9.748769314632483,-11.036403335601015,-10.931129836889486,-11.727582558639421,-11.32682583748695,-9.768753988663189,-10.201947746302931
2022-05-26,-11.32682583748695,-9.768753988663189,-11.070417971457719,-10.947166877708323,-11.905089652889094,-11.477807174621274,-9.835592892019474,-10.220961725013497
2022-05-27,-11.477807174621274,-9.835592892019474,-11.374351584175297,-10.980399129542615,-11.317361932218876,-11.629650244685363,-9.783619699646097,-10.251368923779062
2022-05-30,-11.629650244685363,-9.783619699646097,-11.411748083021385,-11.011008657339408,-11.260418541909226,-11.948834478088338,,
2022-05-31,-11.948834478088338,-9.783619699646097,-11.540872989025363,-11.019242226662827,-11.532611014666514,-11.603866631099333,-9.653957212770525,-10.003631887565406
2022-06-01,-11.603866631099333,-9.653957212770525,-11.576960106737696,-11.019705727729377,-11.604207098679742,-11.251899676781461,-9.692984743206079,-10.136562545635542
2022-06-02,-11.251899676781461,-9.692984743206079,-11.557173861531387,-11.045649812045744,-12.098447143162975,-11.958888831176587,-9.940615857648229,-10.226247050890766
2022-06-03,-11.958888831176587,-9.940615857648229,-11.643479256288561,-11.05655722463797,-11.53581474078648,-12.352761205522626,-9.685219140928348,-9.942134333304054
2022-06-06,-12.352761205522626,-9.685219140928348,-11.753724510650352,-11.08514528548787,-12.093173997080774,-12.071666516123374,-10.310643177392288,-10.726281034667327
2022-06-07,-12.071666516123374,-10.310643177392288,-11.772927552778036,-11.108986316997406,-11.662956334274357,-11.495550346449583,-9.91291066853757,-10.389653942862921
2022-06-08,-11.495550346449583,-9.91291066853757,-11.746193750084927,-11.140248507018576,-11.671547343105408,-11.963204894214956,-10.142854158931446,-10.618936638656608
2022-06-09,-11.963204894214956,-10.142854158931446,-11.928776039371693,-11.148304922452935,-12.30767880349427,-11.929435092432037,-10.006218390065998,-10.288911143316977
2022-06-10,-11.929435092432037,-10.006218390065998,-11.922991783948465,-11.18992435154769,-12.3136575488198,-11.835475932674168,-8.704335795042534,-8.777700547418032
2022-06-13,-11.835475932674168,-8.704335795042534,-11.83850350296599,-11.216546043128115,-11.3625466314587,-11.129254449281941,-9.231985819690642,-9.544983473989072
2022-06-14,-11.129254449281941,-9.231985819690642,-11.616890728906188,-11.436575230577644,-11.275500551294272,-11.030878282574397,-9.57737040301214,-10.116551469387062
2022-06-15,-11.030878282574397,-9.57737040301214,-11.491527588996085,-11.42628785065148,-11.658387689063996,-10.867225203873689,-8.668610562294576,-8.844459606095125
2022-06-16,-10.867225203873689,-8.668610562294576,-11.26950654451988,-11.406607114058557,-11.607014294614132,-10.156646840055178,-8.910920467739592,-9.349736135961146
2022-06-17,-10.156646840055178,-8.910920467739592,-10.860559516542411,-11.37100751610988,-11.566559359803065,-11.657909843884527,-9.82136329780795,-10.22779526416592
2022-06-20,-11.657909843884527,-9.82136329780795,-10.846006480462076,-11.381281639786337,-11.054303911827326,-11.520698703284983,,
2022-06-21,-11.520698703284983,-9.82136329780795,-10.89604157937498,-11.395611339367447,-11.931164227114373,-11.411475191303518,-9.872993082267618,-10.292142444674566
2022-06-22,-11.411475191303518,-9.872993082267618,-10.952954218210559,-11.394661611442572,-11.607382544073682,-11.633620666953993,-9.662075502625628,-9.993618719140478
2022-06-23,-11.633620666953993,-9.662075502625628,-11.076983827712212,-11.408899613328547,-11.91534292783165,-11.02680313277845,-9.55934152593348,-9.952841100531774
2022-06-24,-11.02680313277845,-9.55934152593348,-11.42192080602464,-11.382650140257894,-11.786148244393598,-10.928376620958304,-9.53004393624927,-9.963547869004492
2022-06-27,-10.928376620958304,-9.53004393624927,-11.265203870453819,-11.343723310314678,-12.087520979839779,-11.273276286781766,-9.928163993055358,-10.399624287506139
2022-06-28,-11.273276286781766,-9.928163993055358,-11.222637425999778,-11.317715757725235,-12.337239872988267,-12.12993781770431,-10.287596528709958,-10.626188599727454
2022-06-29,-12.12993781770431,-10.287596528709958,-11.311317495592114,-11.333198936731685,-12.435773202795415,-11.592970541119227,-9.879148796228456,-10.177207209989684
2022-06-30,-11.592970541119227,-9.879148796228456,-11.305324109332064,-11.3489964501178,-12.243385183905671,-11.800773113911799,-9.047743921623763,-9.158312160561225
2022-07-01,-11.800773113911799,-9.047743921623763,-11.458912925410797,-11.344352900130424,-11.111010516788086,-11.308258800199782,-9.325898022601628,-9.690492611248898
2022-07-04,-11.308258800199782,-9.325898022601628,-11.572585495463224,-11.311307260011361,-11.807121983577568,-11.813671753385098,,
2022-07-05,-11.813671753385098,-9.325898022601628,-11.692079377063122,-11.30445083058703,-11.845088408768246,-11.614771294199983,-8.948172366577836,-9.0813396305303
2022-07-06,-11.614771294199983,-8.948172366577836,-11.608665546528961,-11.309103559167434,-11.459952248183905,-11.143108617613564,-9.140916319018025,-9.406715950520406
2022-07-07,-11.143108617613564,-9.140916319018025,-11.499437712577878,-11.276604517983639,-11.369578391274752,-11.522669499828492,-9.754041617103407,-10.215047140270432
2022-07-08,-11.522669499828492,-9.754041617103407,-11.453087398281639,-11.26362406777462,-11.720121034977156,-10.156543414733465,-9.162068372685024,-9.75514039909033
2022-07-11,-10.156543414733465,-9.162068372685024,-11.04751616700083,-11.147574362975103,-11.654967403319226,-12.049550037157335,-10.226976756046824,-10.740137789471351
2022-07-12,-12.049550037157335,-10.226976756046824,-11.067242360413882,-11.178689535519588,-10.396169489054149,-11.026472950662408,-9.38898008110137,-10.209304203595812
2022-07-13,-11.026472950662408,-9.38898008110137,-10.978639233997256,-11.178433651218477,-11.829443366192166,-11.686298910563014,-8.65048651548099,-8.74442878031694
2022-07-14,-11.686298910563014,-8.65048651548099,-11.05240366667321,-11.217345746131137,-11.311926472054864,-10.704031622111446,-9.103541238422716,-9.47703608725543
2022-07-15,-10.704031622111446,-9.103541238422716,-10.90537720014189,-11.280156143452828,-10.853141209632753,-11.666007022317185,-9.063658607428698,-9.33960439961107
2022-07-18,-11.666007022317185,-9.063658607428698,-11.305007545524276,-11.280432551251785,-11.482947271485608,-10.96276337755948,-9.6135992325384,-10.147490869338943
2022-07-19,-10.96276337755948,-9.6135992325384,-11.133889763123861,-11.251480577254194,-11.705164150135507,-12.019933922570265,-10.250991974721535,-10.768686072279703
2022-07-20,-12.019933922570265,-10.250991974721535,-11.28497193699351,-11.271092573099518,-12.073962992132346,-11.551952795398698,-10.110619417155904,-10.583828645412304
2022-07-21,-11.551952795398698,-10.110619417155904,-11.265903581395225,-11.268135992269974,-10.871395139282733,-11.241509125587188,-8.829022012948144,-9.07660259812472
2022-07-22,-11.241509125587188,-8.829022012948144,-11.423553986678618,-11.280510245895384,-12.231335963405467,-11.244266715745812,-9.249789715822837,-9.456566885235773
2022-07-25,-11.244266715745812,-9.249789715822837,-11.344435316409948,-11.299957636733344,-11.630743699946581,-11.149723089040123,-9.892683322425587,-10.50952917382743
2022-07-26,-11.149723089040123,-9.892683322425587,-11.395680229071449,-11.293227023408564,-11.48415095443781,-11.384874102316477,-9.776537018295421,-10.257024454507528
2022-07-27,-11.384874102316477,-9.776537018295421,-11.304888665194772,-11.269544957273611,-11.707150560407431,-12.001704902045887,-9.301339787081169,-9.472571052996601
2022-07-28,-12.001704902045887,-9.301339787081169,-11.363136988174908,-11.28175907644536,-11.673415640237712,-10.784867090822532,-9.256384143355476,-9.621740067251249
2022-07-29,-10.784867090822532,-9.256384143355476,-11.240279327357403,-11.230662148039713,-11.47190012184589,-11.180951791689642,-9.546803128489481,-9.963804555763256
2022-08-01,-11.180951791689642,-9.546803128489481,-11.22734292683853,-11.224400341024865,-11.734978709276712,-11.246640444839871,-9.538396206434824,-9.884224622074049
2022-08-02,-11.246640444839871,-9.538396206434824,-11.247509766977362,-11.20345747796001,-10.952407129544104,-11.743425033140392,-9.00531293763986,-9.23772488144256
2022-08-03,-11.743425033140392,-9.00531293763986,-11.301467524003202,-11.207466089133542,-11.32142026060826,-11.539431838905186,-9.75893767697879,-10.234026005274606
2022-08-04,-11.539431838905186,-9.75893767697879,-11.244753904080657,-11.225068184403213,-11.352136151645421,-11.90792686955685,-9.790093275598682,-10.190569610963939
2022-08-05,-11.90792686955685,-9.790093275598682,-11.485216751524385,-11.237010538331315,-11.94821004612951,-11.73739814431176,-9.317582592119084,-9.493092923114945
2022-08-08,-11.73739814431176,-9.317582592119084,-11.608181184500616,-11.36142701495235,-12.140988363357183,-11.753887316683516,-10.192378959413409,-10.626693341999061
2022-08-09,-11.753887316683516,-10.192378959413409,-11.729474131192122,-11.3528204202976,-12.078388842769513,-10.993326239848873,-9.756168345834826,-10.247621925072146
2022-08-10,-10.993326239848873,-9.756168345834826,-11.530339490944716,-11.350487755598609,-12.362151132877482,-11.967712551406866,-9.186143252217706,-9.295615798012347
2022-08-11,-11.967712551406866,-9.186143252217706,-11.601882405132619,-11.359292335145774,-11.590497667959635,-12.038591241398874,-9.950793468990586,-10.33351506295994
2022-08-12,-12.038591241398874,-9.950793468990586,-11.620085955958709,-11.432867413370609,-12.16290765734603,-11.7197383476378,-9.853977050365396,-10.147202177633131
2022-08-15,-11.7197383476378,-9.853977050365396,-11.616922069659337,-11.434941281804086,-11.841405034238996,-11.571898898863507,-9.577984685707005,-9.85262628345667
2022-08-16,-11.571898898863507,-9.577984685707005,-11.582703931763762,-11.472200642606337,-12.089847393422083,-11.49966728351086,-10.060396903890089,-10.52006754331953
2022-08-17,-11.49966728351086,-10.060396903890089,-11.737321103463952,-11.452660399733448,-12.379336968222185,-11.821611428578226,-9.546599018814225,-9.722915203854704
2022-08-18,-11.821611428578226,-9.546599018814225,-11.712639863420042,-11.463418998483078,-12.332570917721055,-12.06505216238832,-10.178382138179735,-10.489773691648924
2022-08-19,-12.06505216238832,-10.178382138179735,-11.716417000597323,-11.499074300074543,-11.598395996885852,-11.51261531948519,-9.97268672005204,-10.502301881319502
2022-08-22,-11.51261531948519,-9.97268672005204,-11.671563944877423,-11.514373898927738,-11.8632890268251,-11.463439270422583,-9.862391818932776,-10.273219880569004
2022-08-23,-11.463439270422583,-9.862391818932776,-11.646565841142028,-11.533952157330761,-12.059262963320641,-11.335634682136149,-9.538835643409175,-9.821535591819863
2022-08-24,-11.335634682136149,-9.538835643409175,-11.606103820239028,-11.531027146524355,-12.52562635546759,-11.831314587157767,-10.154507302811291,-10.483492236756778
2022-08-25,-11.831314587157767,-10.154507302811291,-11.607661873617426,-11.525242584561104,-11.931139945008109,-11.91034562317786,-10.279871394307888,-10.770311421406042
2022-08-26,-11.91034562317786,-10.279871394307888,-11.586703159847987,-11.598692273589686,-12.300134415058443,-11.943940319137997,-9.270527795786032,-9.39535540679707
2022-08-29,-11.943940319137997,-9.270527795786032,-11.665161005404865,-11.64006034602671,-11.189120911895138,-11.410104280893032,-9.73455918326183,-10.280509149242418
2022-08-30,-11.410104280893032,-9.73455918326183,-11.65184459914479,-11.651298045839402,-11.674426582090032,-11.089807651413391,-9.69453072918341,-10.182043607322058
2022-08-31,-11.089807651413391,-9.69453072918341,-11.57816226995236,-11.610093997573351,-11.629401941491603,-11.194788884570858,-9.784501978518,-10.298857787861069
2022-09-01,-11.194788884570858,-9.784501978518,-11.448735965953631,-11.588253532473212,-11.501127288924916,-11.077450115394399,-9.270450767840119,-9.587357968297162
2022-09-02,-11.077450115394399,-9.270450767840119,-11.296988903396791,-11.542312978200153,-12.084766472894632,-12.196133028906234,-9.883531562428411,-10.118835974641309
2022-09-05,-12.196133028906234,-9.883531562428411,-11.32061008467332,-11.557564150532764,-11.556794235558824,-11.839174934313062,,
2022-09-06,-11.839174934313062,-9.883531562428411,-11.386540333313679,-11.560928770214764,-10.729855750918805,-11.810585770651373,-9.41726240540573,-9.864248028070667
2022-09-07,-11.810585770651373,-9.41726240540573,-11.535286645613319,-11.61143105150793,-10.788505840698031,-11.603365482562122,-9.559583152051559,-10.108016264822993
2022-09-08,-11.603365482562122,-9.559583152051559,-11.634325026057402,-11.596157157665356,-11.727806612940304,-11.145314353227205,-9.660767753988713,-10.096431870960012
2022-09-09,-11.145314353227205,-9.660767753988713,-11.657492922838571,-11.550841411144672,-11.639070128320938,-11.054684366332594,-9.683469204886169,-10.186455303096107
2022-09-12,-11.054684366332594,-9.683469204886169,-11.435357519552559,-11.511726399652252,-11.717825875016265,-11.556012560778939,-9.691744211510843,-10.029822757782158
2022-09-13,-11.556012560778939,-9.691744211510843,-11.392571319703507,-11.51097278071073,-11.486945878750001,-11.861124998665934,-8.772874027931906,-8.891486450069527
2022-09-14,-11.861124998665934,-8.772874027931906,-11.399081633543231,-11.526431087767596,-11.093959573464304,-11.227123876351362,-9.756761845794566,-10.434868151002307
2022-09-15,-11.227123876351362,-9.756761845794566,-11.327245419040668,-11.49665257012526,-11.666177992421217,-11.483172491792676,-9.068808634219323,-9.247807832140571
2022-09-16,-11.483172491792676,-9.068808634219323,-11.398507273311411,-11.474541818911263,-11.731129342682893,-10.855441056155964,-9.304043735163424,-9.661069287837874
2022-09-19,-10.855441056155964,-9.304043735163424,-11.338174885663705,-11.43078262256222,-11.36746469949903,-10.992265616437207,-9.67571745177137,-10.277665448414474
2022-09-20,-10.992265616437207,-9.67571745177137,-11.223237067011533,-11.402071973749539,-11.53549495308183,-11.349812199065589,-9.80708052363437,-10.30361214654615
2022-09-21,-11.349812199065589,-9.80708052363437,-11.155073747958454,-11.402824483188326,-11.58972225762837,-11.743488540910374,-8.35888135309598,-8.435131064583956
2022-09-22,-11.743488540910374,-8.35888135309598,-11.233095301144775,-11.399838655941489,-10.604468336322904,-9.705347099769316,-8.662439394595872,-9.347303199462228
2022-09-23,-9.705347099769316,-8.662439394595872,-10.664485945593924,-11.182967288463532,-11.766608996580496,-10.214976177217334,-9.015587559842526,-9.470097454340987
2022-09-26,-10.214976177217334,-9.015587559842526,-10.526225327194267,-11.080165294911007,-9.039193283511217,-10.270265302746495,-8.363641488181694,-9.434998770928823
2022-09-27,-10.270265302746495,-8.363641488181694,-10.40149420325057,-11.006509915611895,-11.410566205466035,-10.959387604679945,-9.335130805087005,-9.724564869553584
2022-09-28,-10.959387604679945,-9.335130805087005,-10.365158114025874,-11.00012171134891,-11.358861952001268,-9.923406881250651,-8.764573808390772,-9.256497933097805
2022-09-29,-9.923406881250651,-8.764573808390772,-10.133502125341286,-10.899737467951368,-10.938048756771547,-10.752490725694145,-8.783597974663751,-9.078745470032187
2022-09-30,-10.752490725694145,-8.783597974663751,-10.355629979609764,-10.88379242561833,-11.540437197221765,-11.004930091019578,-9.412862978912585,-9.80240123603751
2022-10-03,-11.004930091019578,-9.412862978912585,-10.489987957872948,-10.853422169268706,-11.42083314426877,-10.648871894474699,-8.735612055821658,-8.978709068872998
2022-10-04,-10.648871894474699,-8.735612055821658,-10.571769938018686,-10.811617541559533,-11.04843002197065,-10.922075754490491,-9.028405302696775,-9.361322578859275
2022-10-05,-10.922075754490491,-9.028405302696775,-10.566623037080435,-10.785600706520102,-11.395065878168612,-10.446901266811686,-9.063102968696573,-9.490399272944565
2022-10-06,-10.446901266811686,-9.063102968696573,-10.735137997264685,-10.738635809984084,-11.352477585645296,-11.032035008180534,-9.45044726386248,-9.888818245513246
2022-10-07,-11.032035008180534,-9.45044726386248,-10.784260265054757,-10.7346504526352,-11.623755751961912,-11.32984222414832,-9.040815356085432,-9.235513080046967
2022-10-10,-11.32984222414832,-9.040815356085432,-10.829775964609796,-10.743422192557684,-11.314388839894807,-10.774390746489598,-9.373567454854843,-9.867830971044553
2022-10-11,-10.774390746489598,-9.373567454854843,-10.858453776080571,-10.717471890774794,-10.721724739007888,-11.006871300340817,-9.234097381206151,-9.737896370825224
2022-10-12,-11.006871300340817,-9.234097381206151,-10.873829082338172,-10.69619680481113,-10.519918152364909,-10.872942869477532,-9.269911913285616,-9.938929594461685
2022-10-13,-10.872942869477532,-9.269911913285616,-10.986248996200574,-10.683777592976089,-12.239832646175834,-11.854966697637442,-8.174576240010166,-8.217871830301904
2022-10-14,-11.854966697637442,-8.174576240010166,-11.099587302595616,-10.69078220982779,-10.969650527322056,-10.649840523419444,-9.015175092505284,-9.425637209721096
2022-10-17,-10.649840523419444,-9.015175092505284,-10.955732179701657,-10.681148347971732,-11.694329484041532,-10.896296037383106,-9.570653183768512,-10.057149363225788
2022-10-18,-10.896296037383106,-9.570653183768512,-10.98363515965369,-10.677465419552764,-11.201137995458456,-11.175157817572845,-9.78358649544333,-10.458875709382252
2022-10-19,-11.175157817572845,-9.78358649544333,-11.01436880135987,-10.672606105733216,-11.956095329783347,-10.881931938862557,-9.544053418493524,-9.977970232903687
2022-10-20,-10.881931938862557,-9.544053418493524,-11.016432578545578,-10.649454927805749,-10.736272185180242,-10.650847835754046,-9.354995402856554,-10.099271746531448
2022-10-21,-10.650847835754046,-9.354995402856554,-10.832610021990329,-10.731311121899465,-11.460476185902543,-10.526427983436552,-8.685335240574842,-8.935059786750536
2022-10-24,-10.526427983436552,-8.685335240574842,-10.801558764375065,-10.753991006402588,-11.144121968482558,-10.889261145730915,-9.393053411898048,-9.899831057986962
2022-10-25,-10.889261145730915,-9.393053411898048,-10.80027527197916,-10.792140882970715,-11.544996437512847,-11.022323000898663,-9.496974218090708,-9.922440419980221
2022-10-26,-11.022323000898663,-9.496974218090708,-10.77782768885367,-10.794724314378305,-11.498223439346846,-11.205496839741592,-9.589167537233017,-10.015110975144191
2022-10-27,-11.205496839741592,-9.589167537233017,-10.828932421623986,-10.885027636230078,-11.085956341474933,-11.571934188629044,-9.465499826061507,-9.850397018271385
2022-10-28,-11.571934188629044,-9.465499826061507,-10.984240357120138,-10.917478056106582,-11.472165245706258,-11.292903334858579,-9.447213582018126,-9.78958640983177
2022-10-31,-11.292903334858579,-9.447213582018126,-11.169650879161983,-10.929007554463325,-11.674844267796603,-11.346094845448436,-9.944647714927202,-10.49541018977141
2022-11-01,-11.346094845448436,-9.944647714927202,-11.271772165214864,-10.962789074950916,-11.897125020349087,-11.554914662644396,-9.669492833325624,-9.96998779606627
2022-11-02,-11.554914662644396,-9.669492833325624,-11.383800618586491,-10.987512352309684,-11.498516152437302,-12.207951094095053,-8.764173903416767,-8.866074306161332
2022-11-03,-12.207951094095053,-8.764173903416767,-11.547869194524532,-11.061264126434367,-11.857315034700655,-10.774898838602534,-9.406334851237832,-9.822882899177387
2022-11-04,-10.774898838602534,-9.406334851237832,-11.334377059608025,-11.046281021139945,-11.204939618294246,-11.119251304098237,-9.35466782538278,-9.752838413982285
2022-11-07,-11.119251304098237,-9.35466782538278,-11.295604128878953,-11.037493176281322,-11.055731410884517,-11.140498348565455,-9.75031226614663,-10.484464497000987
2022-11-08,-11.140498348565455,-9.75031226614663,-11.253115927497383,-11.05763658238522,-11.844186839323918,-11.740012064900256,-8.737862926602824,-8.837070629740346
2022-11-09,-11.740012064900256,-8.737862926602824,-11.27842471526204,-11.085350127722702,-11.475598745897976,-11.258871771633563,-9.253482457167419,-9.531857817502289
2022-11-10,-11.258871771633563,-9.253482457167419,-11.160640838569424,-11.105346349424764,-11.668741329583133,-11.249614500058465,-8.478723498941044,-8.588289885237504
2022-11-11,-11.249614500058465,-8.478723498941044,-11.278486866030729,-11.0858815404943,-10.557139892783317,-10.598704009552542,-9.162171547752644,-9.826909367806513
2022-11-14,-10.598704009552542,-9.162171547752644,-11.129922901171978,-11.081832582385168,-11.142830650187063,-11.182412182025312,-9.546537088084621,-10.053085319110735
2022-11-15,-11.182412182025312,-9.546537088084621,-11.138079230581521,-11.09692343201032,-11.73159976493965,-11.460816258084549,-8.680470826674135,-8.796243775481663
2022-11-16,-11.460816258084549,-8.680470826674135,-11.10340492013267,-11.108479040657567,-11.349258617944697,-11.743666681306443,-9.779641980999743,-10.207993396775866
2022-11-17,-11.743666681306443,-9.779641980999743,-11.171439900828604,-11.145372596306641,-11.816884559533047,-11.349515839781757,-9.668186218648437,-10.0288149873701
2022-11-18,-11.349515839781757,-9.668186218648437,-11.189181165125783,-11.187464836044644,-11.91390075891433,-11.761741552488612,-9.980205089852829,-10.355614444627896
2022-11-21,-11.761741552488612,-9.980205089852829,-11.474404948930395,-11.258621875764739,-11.482530086087046,-11.62892535204094,-9.881101403505369,-10.352323012791373
2022-11-22,-11.62892535204094,-9.881101403505369,-11.575832613233674,-11.29716961857592,-12.16275987936706,-11.702183274862211,-10.39509024122873,-10.977297201881031
2022-11-23,-11.702183274862211,-10.39509024122873,-11.625145981316262,-11.330176452802693,-11.718588505328174,-11.720248759272172,-9.334849692843548,-9.538506146550533
2022-11-24,-11.720248759272172,-9.334849692843548,-11.62094560591004,-11.353229010178785,-11.938493898330087,-12.023548595088997,,
2022-11-25,-12.023548595088997,-9.334849692843548,-11.7586597349008,-11.36793732506955,-11.861492807706895,-11.619790965265526,,
2022-11-28,-11.619790965265526,,-11.72870287915797,-11.383079505684673,-11.753493979447507,-11.283499016393831,-9.985532708424234,-10.572101091191566
2022-11-29,-11.283499016393831,-9.985532708424234,-11.641446264380269,-11.379733595426545,-11.66520302798534,-11.397266839910133,-9.894754077637286,-10.393695146433483
2022-11-30,-11.397266839910133,-9.894754077637286,-11.576501077290741,-11.372593420650103,-11.85335168464464,-11.981918903281327,-9.119823881849,-9.250090348225807
2022-12-01,-11.981918903281327,-9.119823881849,-11.6171997598063,-11.367108581493435,-11.27401118960345,-11.497236889235058,-9.556635392834348,-9.946947208217507
2022-12-02,-11.497236889235058,-9.556635392834348,-11.52893667737099,-11.414724246757528,-12.271543255352844,-12.070960408065769,-9.280018141657191,-9.398322251087826
2022-12-05,-12.070960408065769,-9.280018141657191,-11.59755404200438,-11.456847159268897,-11.468195158366854,-11.798531761423467,-9.603803840786123,-9.913567098318545
2022-12-06,-11.798531761423467,-9.603803840786123,-11.714320336358197,-11.490483392492308,-11.283816703761921,-11.590437958923511,-9.904609908887986,-10.479208345009761
2022-12-07,-11.590437958923511,-9.904609908887986,-11.763761304505335,-11.4842175345911,-11.631571729869696,-11.639124112361076,-9.778287733265241,-10.152638158500988
2022-12-08,-11.639124112361076,-9.778287733265241,-11.700084650291817,-11.504229474821571,-11.92569932688724,-12.292538812757684,-10.056940243995577,-10.359726671170842
2022-12-09,-12.292538812757684,-10.056940243995577,-11.844397944473455,-11.546894422462877,-11.478598618341534,-11.626142398755633,-9.800380477550624,-10.22778636383719
2022-12-12,-11.626142398755633,-9.800380477550624,-11.758837803809097,-11.633390878084205,-11.85951782975542,-12.018459950995853,-9.984800204487813,-10.319230157985972
2022-12-13,-12.018459950995853,-9.984800204487813,-11.7975246921208,-11.678882309594925,-12.517136928407274,-11.781945550412965,-8.886637075694352,-8.971960680945188
2022-12-14,-11.781945550412965,-8.886637075694352,-11.841348714790305,-11.69610981899707,-12.22381768269879,-11.717782146939063,-9.227671934976621,-9.370250022939699
2022-12-15,-11.717782146939063,-9.227671934976621,-11.860041866748615,-11.694860370913327,-11.190582607046412,-10.582897869312994,-9.31534841808836,-9.885994314631198
2022-12-16,-10.582897869312994,-9.31534841808836,-11.397881977741227,-11.616611146102214,-11.922839367387553,-11.078670298180084,-9.776559136491379,-10.269013385613478
2022-12-19,-11.078670298180084,-9.776559136491379,-11.288108602418031,-11.57510614571947,-12.008739860562772,-12.069536052608326,-10.288855626760638,-10.715968852812585
2022-12-20,-12.069536052608326,-10.288855626760638,-11.292917662519448,-11.5921345542734,-10.868408344154746,-10.938466800429598,-9.456044092807273,-10.092156343667872
2022-12-21,-10.938466800429598,-9.456044092807273,-11.142400638005999,-11.542069537809109,-12.26299650037088,-12.092586409151368,-10.338291793723235,-10.722408544464631
2022-12-22,-12.092586409151368,-10.338291793723235,-11.178197995520344,-11.555161908096037,-12.408600180428408,-11.874188355673242,-9.684795828046196,-9.880335612384707
2022-12-23,-11.874188355673242,-9.684795828046196,-11.483363953689347,-11.55013233169321,-11.870590123253542,-12.261404515190405,-10.14777866935993,-10.503543443290381
2022-12-26,-12.261404515190405,-10.14777866935993,-11.71644122065554,-11.572464500045033,,,,
2022-12-27,-12.261404515190405,-10.14777866935993,-11.71644122065554,-11.572464500045033,-12.209944264820104,-12.861631113915923,-9.545851710686266,-9.657865734787881
2022-12-28,-12.861631113915923,-9.545851710686266,-11.796425796229524,-11.626896681972433,-12.047523008946522,-11.192892666005902,-9.855279778394587,-10.323904271368228
2022-12-29,-11.192892666005902,-9.855279778394587,-11.908424836434694,-11.612732920736251,-12.408464203761357,-11.914319724745974,-10.162706949833568,-10.490296529188548
2022-12-30,-11.914319724745974,-10.162706949833568,-11.876476453478796,-11.610318498292024,-12.56892379424046,-11.986719675352507,-10.016505923454613,-10.26153746989123
2023-01-02,-11.986719675352507,-10.016505923454613,-11.898042220394025,-11.632226555300363,,,,
2023-01-03,-11.986719675352507,-10.016505923454613,-11.898042220394025,-11.632226555300363,-10.817805621088977,-10.62272865928224,-9.134051698388472,-9.663969564287774
2023-01-04,-10.62272865928224,-9.134051698388472,-11.442582688658925,-11.532409709361795,-12.141481142666485,-11.328749693134446,-9.523915228038767,-9.79504435573729
2023-01-05,-11.328749693134446,-9.523915228038767,-11.280698418637803,-11.509692914970652,-11.457193512083201,-11.074129124023806,-9.38207425879418,-9.752677475063825
2023-01-06,-11.074129124023806,-9.38207425879418,-11.253535318962221,-11.478998568361654,-11.757508753304517,-11.727020500743166,-9.048303501888297,-9.193607792468057
2023-01-09,-11.727020500743166,-9.048303501888297,-11.232482152177463,-11.482589708083518,-11.728355856513756,-12.101951565642894,-9.938075139390097,-10.269071538442851
2023-01-10,-12.101951565642894,-9.938075139390097,-11.242773976845816,-11.477930224142089,-11.632473141659464,-12.075617143128477,-10.071038823087711,-10.49347509476151
2023-01-11,-12.075617143128477,-10.071038823087711,-11.578023241433751,-11.49366159571528,-11.65698165712675,-11.956136372651937,-9.883691538424808,-10.234173057248478
2023-01-12,-11.956136372651937,-9.883691538424808,-11.705388538162111,-11.491760971523668,-11.955996509555211,-12.973961931454822,-9.31178289746358,-9.413525205852373
2023-01-13,-12.973961931454822,-9.31178289746358,-12.090681738430144,-11.518155679605668,-11.633770990607033,-11.070439633273535,-9.802119228345521,-10.384534884255414
2023-01-16,-11.070439633273535,-9.802119228345521,-11.853985724822518,-11.481549068336015,-10.99615499525736,-11.787835560512859,,
2023-01-17,-11.787835560512859,-9.802119228345521,-11.797983432863585,-11.571479911098237,-11.043139131945209,-11.78674317136168,-9.800350722970045,-10.355072283517138
2023-01-18,-11.78674317136168,-9.800350722970045,-11.74848315741209,-11.613895868407182,-11.267914776712509,-11.32739134730238,-9.552393716477344,-9.982183009817254
2023-01-19,-11.32739134730238,-9.552393716477344,-11.615503220146772,-11.579604483755784,-11.340578807647052,-11.57193044369396,-9.786383642400857,-10.262912125152234
2023-01-20,-11.57193044369396,-9.786383642400857,-11.469244283135986,-11.625173987217266,-11.244796967559397,-11.092327842701318,-9.790454851729208,-10.494816249245188
2023-01-23,-11.092327842701318,-9.790454851729208,-11.475717190785785,-11.572716603214433,-11.789097011056894,-11.546002106777,-9.596355026985695,-9.889297024428133
2023-01-24,-11.546002106777,-9.596355026985695,-11.436451610382315,-11.558451544405829,-12.088420837464309,-11.842032529866222,-9.750276728034875,-9.998708259625516
2023-01-25,-11.842032529866222,-9.750276728034875,-11.444059113506944,-11.545635962600572,-11.328867592469424,-11.574172933955456,-9.628910889382585,-10.0229038446187
2023-01-26,-11.574172933955456,-9.628910889382585,-11.494458182541884,-11.51105778441736,-11.888342816105158,-11.076039322687572,-9.222322668363423,-9.478741557408059
2023-01-27,-11.076039322687572,-9.222322668363423,-11.382182850473178,-11.502574451499672,-11.464672487704792,-11.946141663329874,-9.666332398157298,-9.978139438393528
2023-01-30,-11.946141663329874,-9.666332398157298,-11.54877630635805,-11.50361248555555,-11.372258030564945,-11.452570423090268,-9.982464013287867,-10.634522294703581
2023-01-31,-11.452570423090268,-9.982464013287867,-11.52932517926916,-11.48207100529504,-11.70821409995297,-11.165893151488508,-9.471637961240194,-9.814916827076441
2023-02-01,-11.165893151488508,-9.471637961240194,-11.397105846062194,-11.53282406856012,-12.2106510667298,-12.268578766069899,-9.24610430867211,-9.351758706415318
2023-02-02,-12.268578766069899,-9.24610430867211,-11.484711288964757,-11.570902208466382,-11.278905133806518,-11.536513601239601,-9.17084353584879,-9.413373254919822
2023-02-03,-11.536513601239601,-9.17084353584879,-11.602437153045713,-11.601795676687283,-12.194890548591072,-11.37858398534762,-8.508320382810341,-8.593597026943259
2023-02-06,-11.37858398534762,-8.508320382810341,-11.499564929508582,-11.583573382775043,-10.857627599740024,-10.734258919897984,-9.517588683337998,-10.334147957092535
2023-02-07,-10.734258919897984,-9.517588683337998,-11.300462325886015,-11.500034120429797,-11.772168916745892,-11.000871204463568,-9.295321357768072,-9.604131878048427
2023-02-08,-11.000871204463568,-9.295321357768072,-11.260229971298793,-11.44720617454993,-11.957103722314194,-10.910414085693294,-9.27797050155629,-9.584596206600127
2023-02-09,-10.910414085693294,-9.27797050155629,-11.06895108059661,-11.393221309527902,-12.325847029512296,-11.152689497726778,-9.380687374313336,-9.632469580778345
2023-02-10,-11.152689497726778,-9.380687374313336,-11.011976549735138,-11.34128833723315,-11.193007340211555,-10.59028779149863,-9.3773263100675,-9.993591209452815
2023-02-13,-10.59028779149863,-9.3773263100675,-10.858148387962224,-11.30168103836699,-11.828105153220179,-11.374555991238733,-9.93132846162732,-10.419440344705711
2023-02-14,-11.374555991238733,-9.93132846162732,-10.971368736121653,-11.286067057966275,-12.492102724538041,-11.568543383361588,-8.818118213956785,-8.91163343786901
2023-02-15,-11.568543383361588,-8.818118213956785,-11.059230816518363,-11.278704539168375,-11.341849169500927,-10.854142902801499,-9.419547156004684,-9.904837435312004
2023-02-16,-10.854142902801499,-9.419547156004684,-11.045885721160824,-11.250290048780325,-11.578788688697468,-11.732930349620815,-9.497488671854065,-9.761080317004462
2023-02-17,-11.732930349620815,-9.497488671854065,-11.128320256276671,-11.255694982650956,-11.460368098666223,-11.021900541788742,-9.577973374081898,-10.06936287551115
2023-02-20,-11.021900541788742,-9.577973374081898,-11.256232097993518,-11.251408390278995,-11.816220577314278,-11.95982381802609,,
2023-02-21,-11.95982381802609,-9.577973374081898,-11.338224096564987,-11.264109219379128,-11.650772018420003,-11.453022726440167,-9.728939938954426,-10.121501400919765
2023-02-22,-11.453022726440167,-9.728939938954426,-11.318957750770887,-11.250857621052791,-11.914008555980969,-11.377694821901258,-9.80630179989042,-10.205693219693758
2023-02-23,-11.377694821901258,-9.80630179989042,-11.457935900928355,-11.243031750470726,-12.131320343742503,-12.008691963605791,-9.792169289875138,-10.022081805854492
2023-02-24,-12.008691963605791,-9.792169289875138,-11.49523547621466,-11.279525547252895,-12.062648278324874,-11.541342016056072,-9.81442002251065,-10.147681309002376
2023-02-27,-11.541342016056072,-9.81442002251065,-11.634589216402604,-11.2667964474537,-12.062378440348427,-12.032418139418846,-10.338163344373193,-10.787657230883827
2023-02-28,-12.032418139418846,-10.338163344373193,-11.644756917532694,-11.28523624795889,-12.293375924998895,-11.446155140176824,-9.831561426311245,-10.165987945458832
2023-03-01,-11.446155140176824,-9.831561426311245,-11.643088775336354,-11.299101696442643,-11.992443810039509,-11.207875925938545,-9.703221899977633,-10.093955165917809
2023-03-02,-11.207875925938545,-9.703221899977633,-11.59594809074212,-11.263916278159293,-11.875415087111078,-11.834875696520335,-9.993960589138418,-10.366533354526082
2023-03-03,-11.834875696520335,-9.993960589138418,-11.571130585555943,-11.273785630413355,-11.96409588695067,-11.80540317350707,-10.230427995839555,-10.714365098322096
2023-03-06,-11.80540317350707,-10.230427995839555,-11.62012978872497,-11.289551889332351,-12.09943288711697,-11.96846745852987,-10.59436597882007,-11.238855039996293
2023-03-07,-11.96846745852987,-10.59436597882007,-11.611422375265718,-11.353305903000104,-12.16161257149105,-12.076514583627667,-9.778471684329519,-9.99255093474273
2023-03-08,-12.076514583627667,-9.778471684329519,-11.72832280871805,-11.401306405276388,-11.999835400151715,-12.193593481769257,-10.166029911411107,-10.510578925149243
2023-03-09,-12.193593481769257,-10.166029911411107,-11.965264715468807,-11.462169843233744,-12.453357629387472,-12.102968763198888,-10.131350945500404,-10.402251947256065
2023-03-10,-12.102968763198888,-10.131350945500404,-12.020336711068106,-11.504860533740331,-11.595962257509443,-11.084551199371468,-9.217346373698957,-9.501347009522512
2023-03-13,-11.084551199371468,-9.217346373698957,-11.787728394007551,-11.55474830527004,-10.533989737745829,-10.322576399050945,-8.650517969153995,-9.065914083184397
2023-03-14,-10.322576399050945,-8.650517969153995,-11.25785949775353,-11.448982945735647,-11.299635506266478,-11.328705563936747,-9.237810411884151,-9.526557094936969
2023-03-15,-11.328705563936747,-9.237810411884151,-11.164263351359212,-11.437029708040322,-12.048128391075329,-9.827001527013993,-8.479609763243815,-8.819448515931995
2023-03-16,-9.827001527013993,-8.479609763243815,-10.639374550250011,-11.288103348854046,-10.80236881550215,-11.120993283846879,-8.974637028772339,-9.299934026480418
2023-03-17,-11.120993283846879,-8.974637028772339,-10.564939012136449,-11.26141520697305,-11.567643629336262,-11.790371705078611,-9.113417603660519,-9.281483638187375
2023-03-20,-11.790371705078611,-9.113417603660519,-10.627052855854846,-11.296079781636614,-10.671926383038485,-9.77727180669511,-8.483807321057265,-8.972294673366818
2023-03-21,-9.77727180669511,-8.483807321057265,-10.447531933303226,-11.111599789569878,-11.323724793832907,-10.982755455813049,-9.029066928866328,-9.306859569554367
2023-03-22,-10.982755455813049,-9.029066928866328,-10.413856954113816,-11.090486511784846,-11.250840736497521,-11.31716548387122,-8.164513429902987,-8.257076195742377
2023-03-23,-11.31716548387122,-8.164513429902987,-10.740445583789768,-11.08814818524043,-10.890393736173184,-11.579477032494543,-9.07696407759283,-9.35796558423007
2023-03-24,-11.579477032494543,-9.07696407759283,-10.792024835071395,-11.0775292436018,-11.550447692957162,-10.69904132442165,-9.22477994600367,-9.620293646460429
2023-03-27,-10.69904132442165,-9.22477994600367,-10.655929512220483,-11.036809948093737,-11.196453653252957,-10.703243929360067,-9.383832538045692,-9.94686121823519
2023-03-28,-10.703243929360067,-9.383832538045692,-10.999512890660244,-10.986761597145374,-11.935666545506326,-11.449304997607204,-9.792699262625229,-10.161001115001788
2023-03-29,-11.449304997607204,-9.792699262625229,-11.078369514622905,-10.98686092855227,-11.94546012587729,-11.462561619253389,-9.766445809446969,-10.118200719782799
2023-03-30,-11.462561619253389,-9.766445809446969,-11.099914952462507,-10.995914549004256,-11.440159663602095,-12.076454992113263,-9.80578267577356,-10.160055666430479
2023-03-31,-12.076454992113263,-9.80578267577356,-11.149618462658522,-11.000562694758004,-12.363862766535089,-11.617707860797175,-9.460268980567642,-9.64713688955166
2023-04-03,-11.617707860797175,-9.460268980567642,-11.358617530343853,-10.99595716045106,-11.07464727201092,-11.385454880402087,-9.283236052494493,-9.624191959127836
2023-04-04,-11.385454880402087,-9.283236052494493,-11.569917078433642,-10.98110478447681,-11.705645765459016,-11.851236375853002,-9.120444522325698,-9.271905492532081
2023-04-05,-11.851236375853002,-9.120444522325698,-11.647532709286871,-10.976888989368245,-12.499070000965357,-12.025135067332355,-9.348025292412009,-9.466323570039474
2023-04-06,-12.025135067332355,-9.348025292412009,-11.756829991492042,-10.974175307430835,-11.687332000301154,-12.308831151409848,-9.907997305323226,-10.208282086565163
2023-04-07,-12.308831151409848,-9.907997305323226,-11.787418072757212,-10.97718856709342,,,,
2023-04-10,-12.308831151409848,-9.907997305323226,-11.787418072757212,-10.97718856709342,-11.304127847173806,-12.38565499752726,-9.691578776984128,-10.002165899001922
2023-04-11,-12.38565499752726,-9.691578776984128,-11.923279338147651,-11.010418719202155,-11.525459336724207,-11.962706962416371,-10.305537463811019,-10.970935564979397
2023-04-12,-11.962706962416371,-10.305537463811019,-12.086019032152436,-11.093993895426914,-11.041501739152793,-11.962272632055788,-8.8715870803458,-9.045533565206462
2023-04-13,-11.962272632055788,-8.8715870803458,-12.112959705064176,-11.112724499716998,-11.841407373080106,-11.99546444009286,-9.62534677987708,-9.851629673906615
2023-04-14,-11.99546444009286,-9.62534677987708,-12.106405300331083,-11.287294232978697,-11.39871751823033,-11.310984072763574,-8.928164054443878,-9.122754172982212
2023-04-17,-11.310984072763574,-8.928164054443878,-11.85975978672648,-11.297563779015256,-10.844617861867643,-11.810200662152157,-9.578992627151425,-10.072406544869462
2023-04-18,-11.810200662152157,-9.578992627151425,-11.771788894753412,-11.298163677390072,-11.640170005852445,-11.336665833698477,-9.633844340938593,-10.014593485251103
2023-04-19,-11.336665833698477,-9.633844340938593,-11.637441074927429,-11.497473229612226,-11.821087835257089,-10.365894678677062,-9.463382245373353,-10.156902642256114
2023-04-20,-10.365894678677062,-9.463382245373353,-11.187166509735194,-11.428535922955234,-11.730563991425193,-11.275650622121528,-9.322564604815346,-9.586309925201604
2023-04-21,-11.275650622121528,-9.322564604815346,-11.09738032962595,-11.426169604170823,-11.597505057815416,-11.3144869636995,-8.721242199139626,-8.86179469765879
2023-04-24,-11.3144869636995,-8.721242199139626,-11.09794533417777,-11.413238966506936,-11.688555895861125,-11.630522725154298,-9.929960101277771,-10.368259488780932
2023-04-25,-11.630522725154298,-9.929960101277771,-11.078818772634598,-11.477129461650804,-11.249580043301949,-11.059074386097409,-9.490928474322672,-9.970107323829097
2023-04-26,-11.059074386097409,-9.490928474322672,-11.03055690129776,-11.510126427125408,-11.449421108055947,-11.700635308150686,-9.42911472148633,-9.698001251085362
2023-04-27,-11.700635308150686,-9.42911472148633,-11.368035948025048,-11.522005237234396,-11.253058981448953,-12.09357087671937,-9.382315555825452,-9.631369987098202
2023-04-28,-12.09357087671937,-9.382315555825452,-11.498764826134934,-11.547148968145741,-11.463516963480158,-12.003516905316426,-9.79837475149352,-10.154190933702859
2023-05-01,-12.003516905316426,-9.79837475149352,-11.62630157095537,-11.544923092888325,-11.723669750749801,-12.10506216295583,-9.412897435993516,-9.595521568354567
2023-05-02,-12.10506216295583,-9.412897435993516,-11.704530596843474,-11.563019413065058,-12.443399341217628,-11.928684033450963,-9.55145892415045,-9.711951940183498
2023-05-03,-11.928684033450963,-9.55145892415045,-11.95495908450071,-11.58836643687036,-12.420935080225224,-12.487630194155889,-8.778454903246532,-8.83046954470718
2023-05-04,-12.487630194155889,-8.778454903246532,-12.106376205639398,-11.606630859755914,-10.706386618304728,-11.040750254816919,-9.188515319415187,-9.6602229578672
2023-05-05,-11.040750254816919,-9.188515319415187,-11.785776753965997,-11.552949463728405,-11.84167090616472,-11.767116316202426,-9.081885081557974,-9.222885148069949
2023-05-08,-11.767116316202426,-9.081885081557974,-11.743771227384308,-11.536209497408313,-11.907235305503013,-12.42831987242544,-10.243440161665852,-10.60284741671003
2023-05-09,-12.42831987242544,-10.243440161665852,-11.783023298093378,-11.537102994971658,-12.215998273155575,-11.962869925630963,-10.374798856032188,-10.82570034111237
2023-05-10,-11.962869925630963,-10.374798856032188,-11.78885076532407,-11.537108318356971,-12.573330292475212,-12.280673840209753,-9.37072664041037,-9.470695956624104
2023-05-11,-12.280673840209753,-9.37072664041037,-11.766244472701691,-11.546060600021676,-12.2064068164408,-11.476229901499163,-9.375716399646493,-9.575834198832988
2023-05-12,-11.476229901499163,-9.375716399646493,-11.923905764982477,-11.52457712016478,-11.581303041564471,-11.731458425683273,-9.97059893203977,-10.435247289146954
2023-05-15,-11.731458425683273,-9.97059893203977,-11.915448950805198,-11.546056281597979,-11.436827947551107,-12.2857103677318,-10.220846263490788,-10.771200287464515
2023-05-16,-12.2857103677318,-10.220846263490788,-11.89725944561937,-11.560692047963489,-11.896972598209938,-12.761827703172685,-9.593410749821267,-9.746529897619792
2023-05-17,-12.761827703172685,-9.593410749821267,-12.006017325633819,-11.60937042016184,-12.203413949771676,-12.260636285742164,-10.195905470351342,-10.498600149004872
2023-05-18,-12.260636285742164,-10.195905470351342,-12.00294629441491,-11.76873314901229,-12.49250368246679,-11.7818180486561,-9.856636115846078,-10.101905133901676
2023-05-19,-11.7818180486561,-9.856636115846078,-12.09635176320402,-11.80179136533647,-11.556971306550942,-11.701272010100457,-9.322177121804874,-9.544881440563886
2023-05-22,-11.701272010100457,-9.322177121804874,-12.087562063575207,-11.828247104244586,-11.37048114871506,-11.76418221311054,-9.802547141509953,-10.23195214891997
2023-05-23,-11.76418221311054,-9.802547141509953,-11.981124581202804,-11.835899554075716,-11.483685977290728,-11.448056392074859,-9.813343435880121,-10.296539193414993
2023-05-24,-11.448056392074859,-9.813343435880121,-11.758610163771252,-11.871566049666617,-12.021820878082806,-11.819099734804722,-9.738026850930952,-9.995106163168089
2023-05-25,-11.819099734804722,-9.738026850930952,-11.69357165757359,-11.878215182008992,-11.859937633625968,-12.177528405690701,-9.314040096790878,-9.459611668966016
2023-05-26,-12.177528405690701,-9.314040096790878,-11.755275886583195,-11.881466834747776,-11.529656279403952,-11.920908001042495,-9.731831100783525,-10.057116577447092
2023-05-29,-11.920908001042495,-9.731831100783525,-11.797793231179485,-11.87766295562818,-11.979006716488836,-12.300314633730071,,
2023-05-30,-12.300314633730071,-9.731831100783525,-11.887538298854269,-11.884752822345458,-11.476357883621956,-10.872130469785494,-9.8039885523103,-10.562096790133031
2023-05-31,-10.872130469785494,-9.8039885523103,-11.67104303922404,-11.79876823603493,-11.783856545933757,-11.936642305316472,-9.501277712750973,-9.711488489100397
2023-06-01,-11.936642305316472,-9.501277712750973,-11.690355508859353,-11.780483368376428,-11.874807007457557,-11.835125936021944,-9.899465583150434,-10.232204818537099
2023-06-02,-11.835125936021944,-9.899465583150434,-11.641401529764641,-11.839625951117918,-11.744785067114114,-12.310928685704909,-9.83994182560165,-10.105663339872672
2023-06-05,-12.310928685704909,-9.83994182560165,-11.691475828721149,-11.86243483622149,-11.925746324764699,-11.58953539242895,-9.37279713741646,-9.579594604612154
2023-06-06,-11.58953539242895,-9.37279713741646,-11.584715931098243,-11.825817953331274,-11.885033495220835,-11.79137061686872,-10.038890184731143,-10.441142751434665
2023-06-07,-11.79137061686872,-10.038890184731143,-11.866006849943124,-11.817694904373678,-12.426130005417734,-12.03371023290531,-9.92183501646691,-10.148414504510116
2023-06-08,-12.03371023290531,-9.92183501646691,-11.88339655730008,-11.808917684070865,-12.393496653645844,-12.559380706982823,-9.914178917332988,-10.082350743905499
2023-06-09,-12.559380706982823,-9.914178917332988,-11.997864876856205,-11.856143676437336,-12.462260517763237,-12.426517981211266,-10.465893788000495,-10.789684553271329
2023-06-12,-12.426517981211266,-10.465893788000495,-12.013957145843511,-11.884927898428293,-12.191311054353815,-11.997760693176994,-10.10704073155459,-10.429122327116394
2023-06-13,-11.997760693176994,-10.10704073155459,-12.122072088943975,-11.873814666494127,-12.465389895572732,-12.741367183224183,-9.519628944856377,-9.616633044636103
2023-06-14,-12.741367183224183,-9.519628944856377,-12.309274439379129,-11.873389473894868,-12.184148270380353,-12.020887381114566,-9.575993027510389,-9.750829412264277
2023-06-15,-12.020887381114566,-9.575993027510389,-12.305880213038263,-11.864234472290411,-11.40722376318864,-11.608054417468308,-9.61925949737596,-9.981895970309816
2023-06-16,-11.608054417468308,-9.61925949737596,-12.085412271248801,-11.85398332422301,-11.753213120017103,-12.021541905142982,-9.960358776188444,-10.308197945108537
2023-06-19,-12.021541905142982,-9.960358776188444,-12.016824996167957,-11.870075183597987,-12.304645112118369,-12.21182137911634,,
2023-06-20,-12.21182137911634,-9.960358776188444,-12.056899260486473,-11.890337809443892,-11.916311679729663,-12.2052871068508,-10.065127122860467,-10.386279173724065
2023-06-21,-12.2052871068508,-10.065127122860467,-11.987795269521756,-11.932537197876579,-12.222067198047233,-12.013171083581447,-9.658564047576018,-9.847264153357672
2023-06-22,-12.013171083581447,-9.658564047576018,-11.986297590894273,-11.942465847001504,-12.41282010755169,-11.982753948213036,-9.796064660859397,-10.001033558883533
2023-06-23,-11.982753948213036,-9.796064660859397,-12.081964780230743,-11.934002200898773,-12.150464633079583,-11.987576376368727,-10.024056150392903,-10.324659080894655
2023-06-26,-11.987576376368727,-10.024056150392903,-12.074651418588852,-11.937274783563797,-12.083230247401715,-11.982004902356907,-10.54610692260362,-11.149231206110155
2023-06-27,-11.982004902356907,-10.54610692260362,-12.030586337068659,-11.92432416562168,-12.032142157105701,-12.660070154301607,-10.04204703319125,-10.277300300389827
2023-06-28,-12.660070154301607,-10.04204703319125,-12.093918431582043,-12.051293077343285,-12.692828961538202,-11.88928493724141,-10.258104476527828,-10.591230748737523
2023-06-29,-11.88928493724141,-10.258104476527828,-12.065723998539639,-12.048577363405112,-11.680131535998953,-11.99571400093588,-9.36901166797273,-9.557109917326839
2023-06-30,-11.99571400093588,-9.36901166797273,-12.068525993191448,-12.057802675359197,-12.376789604463616,-12.247676715554745,-10.13381225241995,-10.391175115667995
2023-07-03,-12.247676715554745,-10.13381225241995,-12.119469112025088,-12.055271219244009,-12.572170053935194,-12.218456114090502,-10.416210920126293,-10.74571584015984
2023-07-04,-12.218456114090502,-10.416210920126293,-12.16899684171538,-12.093167910639215,-12.698970459218685,-12.800882023647015,,
2023-07-05,-12.800882023647015,-10.416210920126293,-12.185203562600735,-12.137094602869514,-13.102989835463902,-12.675705574768275,-10.19973638421314,-10.34931116407186
2023-07-06,-12.675705574768275,-10.19973638421314,-12.343505942497174,-12.163713733784979,-12.283263616069585,-12.105361332488734,-9.39253083868761,-9.522507691629812
2023-07-07,-12.105361332488734,-9.39253083868761,-12.373356046282392,-12.144555547236946,-12.605721956168935,-12.38512873568429,-9.779938832507451,-9.922829697912269
2023-07-10,-12.38512873568429,-9.779938832507451,-12.402913013402172,-12.142963061708837,-12.219799624131179,-12.752623202736466,-10.434532857739669,-10.744070346572851
2023-07-11,-12.752623202736466,-10.434532857739669,-12.507756507925745,-12.174079081592241,-12.298126829772874,-11.39113631181439,-10.276315700151663,-10.893223460301373
2023-07-12,-11.39113631181439,-10.276315700151663,-12.128144794156988,-12.096153685066612,-11.984968883229628,-12.949261070941805,-9.741608760464812,-9.900080432834542
2023-07-13,-12.949261070941805,-9.741608760464812,-12.156218920401995,-12.129301161664623,-11.637917631401482,-12.241422300414465,-9.970016614761404,-10.315059002459174
2023-07-14,-12.241422300414465,-9.970016614761404,-12.183353258118464,-12.169612352034404,-12.447599815977673,-12.28552787056716,-10.165127051804165,-10.416175243391722
2023-07-17,-12.28552787056716,-10.165127051804165,-12.166379435856003,-12.1831558590939,-12.316324065431552,-11.965393251567775,-10.34484715731784,-10.755890344801971
2023-07-18,-11.965393251567775,-10.34484715731784,-12.041299620293803,-12.169669685406275,-11.868183888802815,-12.406002687098272,-9.629292154635623,-9.81420041946087
2023-07-19,-12.406002687098272,-9.629292154635623,-12.321397424053256,-12.178482993530578,-12.358806919062236,-12.215002745557854,-10.243735898985756,-10.54471264879877
2023-07-20,-12.215002745557854,-10.243735898985756,-12.211910043925107,-12.189322630220644,-12.017850537392151,-12.261153192568793,-10.070051596999459,-10.363592263804392
2023-07-21,-12.261153192568793,-10.070051596999459,-12.215711127140864,-12.20437350839715,-12.866171901896601,-11.837586080735383,-10.391843133770493,-10.777197569199833
2023-07-24,-11.837586080735383,-10.391843133770493,-12.115507351528834,-12.194373721866887,-12.401131669391654,-11.938501429809834,-10.289992538754662,-10.666048994846472
2023-07-25,-11.938501429809834,-10.289992538754662,-12.10919305950327,-12.191628299651288,-12.367708701247679,-12.218298213818462,-10.199362962523148,-10.483270086230483
2023-07-26,-12.218298213818462,-10.199362962523148,-12.078964453187877,-12.174392408922424,-12.761502633029503,-13.143285555167486,-10.009524634469164,-10.123091198774329
2023-07-27,-13.143285555167486,-10.009524634469164,-12.190532471280422,-12.2230786880911,-12.000673164430056,-11.751761758392732,-9.529837595786185,-9.744163314003991
2023-07-28,-11.751761758392732,-9.529837595786185,-12.073819443354951,-12.20588656866805,-11.546278069713546,-12.06496972443348,-10.133066521028185,-10.624469781728854
2023-07-31,-12.06496972443348,-10.133066521028185,-12.126709976638201,-12.196319584507021,-12.057856675087304,-12.886735184844657,-10.37442005574202,-10.684777126300071
2023-08-01,-12.886735184844657,-10.37442005574202,-12.28674507217662,-12.220445233049336,-12.498868874004632,-12.421836563846373,-10.132786912513344,-10.34996137913717
2023-08-02,-12.421836563846373,-10.132786912513344,-12.32698551487853,-12.207630762306913,-11.964269220685907,-12.118103808235151,-10.191788192399336,-10.570993445844461
2023-08-03,-12.118103808235151,-10.191788192399336,-12.180250555410616,-12.184527209770964,-12.150598585775924,-11.545560801351336,-9.889010285336488,-10.238540627665996
2023-08-04,-11.545560801351336,-9.889010285336488,-12.112311456275972,-12.144723116084913,-12.163439913338832,-12.555780548099426,-10.203503303626416,-10.472716422926208
2023-08-07,-12.555780548099426,-10.203503303626416,-12.197145026729219,-12.150910216682464,-12.360213790480138,-12.298853173398705,-10.416639290470265,-10.766826553233727
2023-08-08,-12.298853173398705,-10.416639290470265,-12.119904123973573,-12.135302258147728,-12.681668982081225,-12.208378066006775,-10.353148336664809,-10.645986068032986
2023-08-09,-12.208378066006775,-10.353148336664809,-12.085321274944361,-12.195856987563289,-12.324038521285559,-13.063933081737922,-10.405857880553048,-10.65042545012576
2023-08-10,-13.063933081737922,-10.405857880553048,-12.211319178531959,-12.198410392875775,-12.691549538298274,-12.563107282378109,-10.167406399229305,-10.355225931359733
2023-08-11,-12.563107282378109,-10.167406399229305,-12.497012982971698,-12.211672592493528,-12.733296458989466,-13.04202328823083,-10.744634729095894,-11.015655690888389
2023-08-14,-13.04202328823083,-10.744634729095894,-12.572402721843904,-12.236626861961684,-12.57322765533825,-12.338166659350632,-10.460402507391544,-10.780370320878513
2023-08-15,-12.338166659350632,-10.460402507391544,-12.582590373914828,-12.257244768206633,-12.016302710130416,-13.207755372857298,-10.08723594906507,-10.297238667752897
2023-08-16,-13.207755372857298,-10.08723594906507,-12.785606023000929,-12.281293336255636,-12.588140694268033,-13.0899421465181,-10.570086915118422,-10.810103454198657
2023-08-17,-13.0899421465181,-10.570086915118422,-12.789500855168722,-12.312942819820845,-12.355432316621869,-12.436133724882712,-10.425963655284798,-10.753345062442659
2023-08-18,-12.436133724882712,-10.425963655284798,-12.756107733396085,-12.321431713542058,-12.557839504563397,-12.501553930134206,-10.60529437012928,-10.95066423600248
2023-08-21,-12.501553930134206,-10.60529437012928,-12.65381112643966,-12.361583779518172,-11.913864330477061,-12.688946246220661,-10.587595334421406,-11.078221321830426
2023-08-22,-12.688946246220661,-10.587595334421406,-12.738425610258512,-12.402709861375255,-12.25186343926055,-12.408272453554174,-10.513437769416708,-10.908170870693192
2023-08-23,-12.408272453554174,-10.513437769416708,-12.5959265698029,-12.41316724377005,-12.532869851319475,-12.202234579671238,-10.07326771933687,-10.301963006033612
2023-08-24,-12.202234579671238,-10.07326771933687,-12.435122769581668,-12.376209800178856,-12.67668964230918,-12.63490538847959,-10.626889367010163,-10.932077631760441
2023-08-25,-12.63490538847959,-10.626889367010163,-12.47180351893299,-12.432523943089336,-13.243750638919868,-12.645917754803738,-9.960718397417041,-10.072456905529132
2023-08-28,-12.645917754803738,-9.960718397417041,-12.498247471553412,-12.464859144220606,-12.9677949273392,-13.379403745393686,-10.861205045214284,-11.087173554417555
2023-08-29,-13.379403745393686,-10.861205045214284,-12.584258162082993,-12.477697011449571,-13.102110508703563,-12.9459697019031,-10.111758285108724,-10.227207943164611
2023-08-30,-12.9459697019031,-10.111758285108724,-12.688716367284938,-12.49950137472126,-13.170288656744269,-13.285340349434517,-10.802683114968955,-10.997756624322687
2023-08-31,-13.285340349434517,-10.802683114968955,-12.931021308631895,-12.551247006594052,-13.36139050015788,-13.35665221244232,-11.080608528670945,-11.309888282507558
2023-09-01,-13.35665221244232,-11.080608528670945,-13.079815691523434,-12.672673433107079,-12.41517415515015,-13.544275891809278,-10.03130096180313,-10.161410683498552
2023-09-04,-13.544275891809278,-10.03130096180313,-13.28187975604714,-12.708596939199518,-12.672388460461969,-13.237064133481331,,
2023-09-05,-13.237064133481331,-10.03130096180313,-13.254506946643009,-12.7555273363411,-12.970617288862993,-12.64786330435952,-10.700499721403894,-10.982795916973648
2023-09-06,-12.64786330435952,-10.700499721403894,-13.164148571789422,-12.786741751310968,-13.258282790159964,-12.655643676388479,-10.315439258899028,-10.476810101935664
2023-09-07,-12.655643676388479,-10.315439258899028,-13.01971248914163,-12.767813520062504,-12.76192527779352,-12.956396849767382,-10.469781156786771,-10.673416979200352
2023-09-08,-12.956396849767382,-10.469781156786771,-12.951790102846477,-12.787966893122865,-12.745130693356232,-12.987181280517015,-10.684556905957704,-10.942520876637467
2023-09-11,-12.987181280517015,-10.684556905957704,-12.872558177021139,-12.785782971968528,-12.449443332885517,-12.482640224434613,-10.752469342053706,-11.199524366151708
2023-09-12,-12.482640224434613,-10.752469342053706,-12.727191117502779,-12.796362262105,-12.585685556071427,-12.901329498891366,-10.7601217953383,-11.086738225830398
2023-09-13,-12.901329498891366,-10.7601217953383,-12.776881174977014,-12.784550908333497,-12.491543216633232,-13.438727145223554,-10.451637817677591,-10.650668232213084
2023-09-14,-13.438727145223554,-10.451637817677591,-12.907672295555116,-12.79545842478967,-12.773124893692819,-13.312990654753747,-10.202769144982362,-10.331852615417445
2023-09-15,-13.312990654753747,-10.202769144982362,-12.966505296683978,-12.838176607297157,-12.736509403822108,-13.01326186556128,-10.599804772056283,-10.832428782980585
2023-09-18,-13.01326186556128,-10.599804772056283,-12.971561380827314,-12.866618530221327,-12.507317121851017,-13.250509084182514,-11.000892319958865,-11.397111523692693
2023-09-19,-13.250509084182514,-11.000892319958865,-13.163685228331655,-12.892614919344533,-13.528315889316808,-13.139182128375758,-11.256381224368006,-11.551122571436478
2023-09-20,-13.139182128375758,-11.256381224368006,-13.22029433963089,-12.935607422502166,-13.420084866365064,-13.16496222683191,-10.204942736092827,-10.30141788175411
2023-09-21,-13.16496222683191,-10.204942736092827,-13.170911193856785,-13.00212362849168,-12.370136391428584,-12.809221947476168,-10.45134259455202,-10.727629274125347
2023-09-22,-12.809221947476168,-10.45134259455202,-13.063277194319914,-13.013738288813139,-12.72093665174588,-12.84398581303239,-11.22394904575978,-11.771602485688044
2023-09-25,-12.84398581303239,-11.22394904575978,-13.025228929966696,-13.026801809563313,-13.12004382689796,-12.28531606949176,-10.67718429463661,-11.015701333400601
2023-09-26,-12.28531606949176,-10.67718429463661,-12.794520410719677,-12.959320984166595,-13.278162767622963,-12.512533971568354,-10.465930125227013,-10.675717736095242
2023-09-27,-12.512533971568354,-10.465930125227013,-12.678107064840132,-12.93220007856111,-12.081041932965817,-12.643334949359188,-10.301704203940826,-10.609480892680434
2023-09-28,-12.643334949359188,-10.301704203940826,-12.59729646196573,-12.901068095649892,-12.571012847786568,-12.171014599293802,-9.870364871673544,-10.053513614354099
2023-09-29,-12.171014599293802,-9.870364871673544,-12.4623238095442,-12.831490069078809,-12.426963208508482,-12.638171886051028,-9.917432183068973,-10.07658315006355
2023-10-02,-12.638171886051028,-9.917432183068973,-12.431596830537925,-12.795978519464219,-12.109118814461228,-11.093774946916572,-9.558798091258895,-9.906254662715595
2023-10-03,-11.093774946916572,-9.558798091258895,-12.005909169270057,-12.579147437681103,-11.470289592574991,-11.705697544205517,-9.328521055883163,-9.5645715627576
2023-10-04,-11.705697544205517,-9.328521055883163,-11.86656145051881,-12.508615921933293,-11.76070725069196,-12.020707279663695,-9.960623621431907,-10.306964111333286
2023-10-05,-12.020707279663695,-9.960623621431907,-11.790108025715492,-12.47104868980924,-12.286320745100682,-12.745537750360695,-9.999098609949993,-10.180265708499272
2023-10-06,-12.745537750360695,-9.999098609949993,-11.851684517229566,-12.463850784754321,-12.603321889869324,-12.05354713433909,-9.405687342840498,-9.524089557956968
2023-10-09,-12.05354713433909,-9.405687342840498,-11.781829142639344,-12.41912928605613,-11.185521103519916,-12.197799195018664,-9.991166665560106,-10.523846216921996
2023-10-10,-12.197799195018664,-9.991166665560106,-12.0911135131359,-12.403784059853907,-11.898155853576936,-12.129664481945714,-10.176831774063889,-10.563525415716947
2023-10-11,-12.129664481945714,-10.176831774063889,-12.198262983645233,-12.369027583736653,-12.633349052868722,-11.818694965138976,-10.311618094342988,-10.69678113568067
2023-10-12,-11.818694965138976,-10.311618094342988,-12.146171899614583,-12.301802765798753,-12.196408017044703,-12.557887775701825,-10.326156244841695,-10.629191936640261
2023-10-13,-12.557887775701825,-10.326156244841695,-12.123754515346446,-12.281495874629785,-12.401116503086815,-11.704742293246284,-9.119246822973224,-9.239063214324851
2023-10-16,-11.704742293246284,-9.119246822973224,-12.037993728801522,-12.218559061650511,-11.49567059476378,-11.661596374088049,-9.825771607193888,-10.253095886658489
2023-10-17,-11.661596374088049,-9.825771607193888,-11.923823183841114,-12.151412144056284,-11.654373250755835,-11.615232418763616,-9.716305689496037,-10.064036679202333
2023-10-18,-11.615232418763616,-9.716305689496037,-11.819905998502987,-12.086699067218772,-10.811253465763404,-11.47293440407337,-9.379666263406671,-9.829417108666973
2023-10-19,-11.47293440407337,-9.379666263406671,-11.740436112650556,-12.014044173130252,-11.568341048218912,-11.607688296066998,-9.387068385215768,-9.637377039581617
2023-10-20,-11.607688296066998,-9.387068385215768,-11.609336532773971,-11.962883687716351,-11.376615796460268,-11.672149995305611,-9.000877353469177,-9.177745777758817
2023-10-23,-11.672149995305611,-9.000877353469177,-11.60333167478794,-11.917762992880936,-11.064397203072891,-11.72363914065329,-9.602867529303676,-10.036454908114946
2023-10-24,-11.72363914065329,-9.602867529303676,-11.61474706637817,-11.892006551887443,-11.36040201484061,-11.36602691348612,-9.469776990620693,-9.828036018407133
2023-10-25,-11.36602691348612,-9.469776990620693,-11.559715781200582,-11.835888308167718,-11.535316831385604,-11.593202813584472,-9.19418846324054,-9.401245130105343
2023-10-26,-11.593202813584472,-9.19418846324054,-11.584744555904864,-11.79529006965627,-11.798053868406798,-12.026486162053105,-9.827135173243812,-10.115089137190422
2023-10-27,-12.026486162053105,-9.827135173243812,-11.653966394991476,-11.789964657999374,-11.910157879844055,-12.32167035358603,-9.451050595693248,-9.604405819330463
2023-10-30,-12.32167035358603,-9.451050595693248,-11.752482805531358,-11.782025260201928,-12.255015566020932,-11.713823597442756,-10.01452264279246,-10.355911184551754
2023-10-31,-11.713823597442756,-10.01452264279246,-11.750454358857679,-11.82909847286305,-12.41652958681076,-12.50765231662498,-10.12273920927482,-10.337146448588328
2023-11-01,-12.50765231662498,-10.12273920927482,-11.97354652200834,-11.860794927180695,-11.690685287129664,-12.288501785655608,-9.692425795262688,-9.92832110770732
2023-11-02,-12.288501785655608,-9.692425795262688,-12.132065404081207,-11.87085617040314,-12.659619507994673,-12.135778228842732,-10.39820271465704,-10.726914039198284
2023-11-03,-12.135778228842732,-10.39820271465704,-12.15534633564935,-11.853494216604387,-12.928258696643512,-12.559131065417434,-9.282721000626271,-9.348722939581476
2023-11-06,-12.559131065417434,-9.282721000626271,-12.191799545520013,-11.869872279192188,-11.457597500096233,-12.533549628380952,-10.388911365622704,-11.00615338311548
2023-11-07,-12.533549628380952,-10.388911365622704,-12.39080696508216,-11.880198485757399,-12.600784465631346,-12.04605581897734,-10.399252073219458,-10.760649903117024
2023-11-08,-12.04605581897734,-10.399252073219458,-12.291520010880367,-11.876806728701538,-12.628702048784538,-12.137719812636021,-10.133688477922657,-10.378676557454437
2023-11-09,-12.137719812636021,-10.133688477922657,-12.259394590953619,-11.891386781357463,-12.082185972429475,-11.93075070870291,-10.02059241857838,-10.342600926971805
2023-11-10,-11.93075070870291,-10.02059241857838,-12.209176604657323,-11.869238936609335,-12.40167522051142,-12.10962304093212,-10.190799947141123,-10.487030828508322
2023-11-13,-12.10962304093212,-10.190799947141123,-12.132223441627147,-11.88905772991787,-12.02577911177116,-12.47334481678175,-10.4268025638268,-10.829198479670872
2023-11-14,-12.47334481678175,-10.4268025638268,-12.123949576072842,-11.924576403244433,-12.53434651042271,-12.510472072355682,-9.354749222218897,-9.442717416612123
2023-11-15,-12.510472072355682,-9.354749222218897,-12.20767741065397,-11.965706980617224,-12.500592093730594,-12.475129110777765,-10.30114898484999,-10.555511000403559
2023-11-16,-12.475129110777765,-10.30114898484999,-12.271072140474717,-12.018897100947358,-12.325120832120804,-13.036814714050948,-9.942387839218004,-10.090422701571724
2023-11-17,-13.036814714050948,-9.942387839218004,-12.479428252734632,-12.077972901385253,-12.444225036539782,-11.594970907109154,-10.383063317833725,-10.936335473566121
2023-11-20,-11.594970907109154,-10.383063317833725,-12.30141307767599,-12.071971130865256,-11.380563050263593,-11.95926424353474,-9.988512098622978,-10.47939946803534
2023-11-21,-11.95926424353474,-9.988512098622978,-12.1941863309375,-12.086952731722741,-11.294537483069222,-11.755618559703347,-9.9747330989264,-10.546860627545017
2023-11-22,-11.755618559703347,-9.9747330989264,-12.042043295787211,-12.120691070789311,-12.221413058967757,-11.728863448759752,-10.147866693101388,-10.55059898919394
2023-11-23,-11.728863448759752,-10.147866693101388,-11.907641316759806,-12.131498650733066,-12.2595859940354,-12.45077701789373,,
2023-11-24,-12.45077701789373,-10.147866693101388,-11.857400129068605,-12.150887976820956,-12.235004601565214,-13.369690385547866,,
2023-11-27,-13.369690385547866,,-12.100664715297484,-12.17864059615389,-10.505485172313593,-12.569802979551273,-9.905088443690394,-10.867981318215495
2023-11-28,-12.569802979551273,-9.905088443690394,-12.21189682757519,-12.225493895756518,-11.842340748141096,-12.834912109684655,-10.057403315298561,-10.318769132209752
2023-11-29,-12.834912109684655,-10.057403315298561,-12.445561688439733,-12.236074024768564,-11.531787913168886,-11.455627643562806,-9.913627365534092,-10.445022715556485
2023-11-30,-11.455627643562806,-9.913627365534092,-12.324513619583222,-12.176225073911292,-12.282054529885782,-12.308046106940512,-10.071336128358578,-10.315232537837668
2023-12-01,-12.308046106940512,-10.071336128358578,-12.297828614983201,-12.184498106975802,-12.465532145274649,-11.785977352772502,-9.68847707469684,-9.893025091991813
2023-12-04,-11.785977352772502,-9.68847707469684,-12.062597385678362,-12.145177496659294,-9.342078516620003,-10.358663540260709,-8.180404289326974,-8.73587910363019
2023-12-05,-10.358663540260709,-8.180404289326974,-11.38017273541306,-11.91048294007223,-11.162000705536746,-10.92642675205084,-9.181314116428313,-9.556152728172087
2023-12-06,-10.92642675205084,-9.181314116428313,-11.142615660250637,-11.82421028484604,-12.142963822283955,-11.332112023408179,-9.834090952687943,-10.224094239948469
2023-12-07,-11.332112023408179,-9.834090952687943,-11.123571246580335,-11.779960535318146,-12.02771260465976,-11.775347166750967,-9.96009895657933,-10.30158239280053
2023-12-08,-11.775347166750967,-9.96009895657933,-11.081429283898887,-11.772756750493857,-12.034024421351466,-11.896437894276735,-9.372353449750591,-9.534828947284044
2023-12-11,-11.896437894276735,-9.372353449750591,-11.091822387921225,-11.764309665075618,-11.664313153926434,-11.784720154121457,-9.976399865667702,-10.405390887557555
2023-12-12,-11.784720154121457,-9.976399865667702,-11.472064617893096,-11.740218325573869,-12.131567817698617,-12.096881589281114,-10.061535846748532,-10.358348887906358
2023-12-13,-12.096881589281114,-10.061535846748532,-11.743965050495133,-11.72843242392342,-12.64583785302813,-12.331262939869774,-8.99344934838793,-9.05686172528041
2023-12-14,-12.331262939869774,-8.99344934838793,-11.955621181591948,-11.724772584065215,-10.951998839214864,-11.452707738174604,-9.26909857305124,-9.62358805747778
2023-12-15,-11.452707738174604,-9.26909857305124,-11.86834569043542,-11.673917766619251,-11.912853859900354,-11.45274398993748,-9.473972617460527,-9.729506873283551
2023-12-18,-11.45274398993748,-9.473972617460527,-11.765250709250651,-11.66568210346418,-11.887654319165557,-12.36261425086704,-10.207568524722957,-10.567471355261047
2023-12-19,-12.36261425086704,-10.207568524722957,-11.855275727398437,-11.67813314112905,-12.260722496629775,-13.042515881372799,-10.33498154129357,-10.57383380051221
2023-12-20,-13.042515881372799,-10.33498154129357,-11.956268823362528,-11.712202059793112,-13.124493700958377,-12.194546058282405,-10.28851151255187,-10.520859343456502
2023-12-21,-12.194546058282405,-10.28851151255187,-11.936330738259404,-11.730678807500484,-12.662960358352377,-12.826521229637054,-9.874449821154267,-9.995199441709838
2023-12-22,-12.826521229637054,-9.874449821154267,-12.2137622015898,-11.73833033351364,-11.511314113993418,-11.718289043821889,-9.693093627460323,-10.041633729960306
2023-12-25,-11.718289043821889,-9.693093627460323,-12.318940491599271,-11.697928578456493,,,,
2023-12-26,-11.718289043821889,-9.693093627460323,-12.318940491599271,-11.697928578456493,-12.132413268588207,-13.340172966991492,-10.587396165532903,-10.911823574810255
2023-12-27,-13.340172966991492,-10.587396165532903,-12.44611849069049,-11.709223215283219,-12.750925964204454,-12.174886042531075,-10.124966315527463,-10.349505229409164
2023-12-28,-12.174886042531075,-10.124966315527463,-12.304482209717332,-11.69417254671097,-11.80024413243205,-11.488694641684532,-10.014647387102903,-10.519977733525774
2023-12-29,-11.488694641684532,-10.014647387102903,-12.098322254218676,-11.696239123574792,-12.252747516797319,-11.836667063676089,-10.156613188278543,-10.526655154192639
