date,split,label_valid,actual_variance,actual_log_variance,asia_variance,lag_log_london_variance,lag_log_daily_variance,baseline,baseline_log,enhanced,enhanced_log,har_baseline,har_baseline_log,har_enhanced,har_enhanced_log
2021-03-11,development_oos,True,1.2167677141109767e-05,-11.316727536798668,1.4496269842977263e-05,-10.978051049746576,-8.98814219346512,1.97809427080377e-05,-11.068111032410348,1.7057661669704026e-05,-11.166625694311158,2.1018831597801896e-05,-10.993176629486346,1.800147236726953e-05,-11.098979171167525
2021-03-12,development_oos,True,1.7115626892277107e-05,-10.975518658415874,1.157034136075436e-05,-11.316727536798668,-9.300660014914099,1.5591993679123695e-05,-11.305740022028955,1.3483497994792887e-05,-11.401413639255793,1.728400271400274e-05,-11.188599901242066,1.4857842503122004e-05,-11.29064684561256
2021-03-15,development_oos,True,1.0755320267376189e-05,-11.440110017224335,1.982301188660839e-05,-10.975518658415874,-9.28726672885207,1.6489545593127935e-05,-11.24919084281279,1.732880509181422e-05,-11.150137335854051,1.7217302189555024e-05,-11.191904863449647,1.8086166146506837e-05,-11.093609533377478
2021-03-16,development_oos,True,8.805687345405845e-06,-11.640112755984408,7.219835055459431e-06,-11.440110017224335,-9.645016188636285,1.2427294332581717e-05,-11.531631610828661,9.910119879886339e-06,-11.708742483789612,1.3929456091960982e-05,-11.403489839760722,1.1136421894560325e-05,-11.578413246615959
2021-03-17,development_oos,True,8.947711848341477e-06,-11.624112717767133,7.89535707685077e-06,-11.640112755984408,-9.736524617522672,1.1424492748664216e-05,-11.615310648704156,9.671901315819537e-06,-11.73263447957984,1.2740704782370177e-05,-11.492352150695712,1.0858765599208714e-05,-11.603294446427402
2021-03-18,development_oos,True,1.78205221271098e-05,-10.935159836288571,1.2573799024188485e-05,-11.624112717767133,-9.285894498784483,1.5047849770334184e-05,-11.33932104676968,1.3414713021325738e-05,-11.405061905766324,1.5447603674556272e-05,-11.299273984611563,1.3972669222275705e-05,-11.350780088104065
2021-03-19,development_oos,True,1.6547725339391383e-05,-11.0092619073158,1.2695040795365878e-05,-10.935159836288571,-9.065395384884596,1.89348729912671e-05,-11.109001480914058,1.5901037620599164e-05,-11.234692985121875,1.7480237585929614e-05,-11.17518232396908,1.5081221700720956e-05,-11.274108170470011
2021-03-22,development_oos,True,9.74521631479598e-06,-11.538734027734849,1.036256401406607e-05,-11.0092619073158,-9.065395384884596,1.8738369562852176e-05,-11.118876681561034,1.4614191270349005e-05,-11.318640038021986,1.7502439958828923e-05,-11.173401419875734,1.404137477198971e-05,-11.345175655038666
2021-03-23,development_oos,True,1.0439036669211275e-05,-11.469958252831256,9.268959778442049e-06,-11.538734027734849,-9.910745048901086,1.0402684944229897e-05,-11.707247489597133,9.803316498739835e-06,-11.717617746712182,1.1357103747157974e-05,-11.60564673206549,1.08066903121341e-05,-11.606709784556669
2021-03-24,development_oos,True,5.924260266789337e-06,-12.036454728224458,1.1804935463225905e-05,-11.469958252831256,-9.684812810575798,1.2053799378554955e-05,-11.559374486127584,1.1689319361002046e-05,-11.541222945887164,1.2824371420465963e-05,-11.483636888069734,1.2547000013696291e-05,-11.456977072677581
2021-03-25,development_oos,True,5.1628095395377074e-06,-12.17402964224212,7.690911789089822e-06,-12.036454728224458,-10.085200388807582,8.726065357718484e-06,-11.882344732234124,8.068761100746903e-06,-11.911899492171873,1.037688430395805e-05,-11.695360874303145,9.562728467199024e-06,-11.728710439000777
2021-03-26,development_oos,True,1.1795829154953252e-05,-11.347764550419514,7.80800768075013e-06,-12.17402964224212,-9.30852939241132,1.3726897579097795e-05,-11.428998559005608,1.036972503785676e-05,-11.66075805813868,1.4506403232008955e-05,-11.360241608329288,1.1097625961514392e-05,-11.579835209259656
2021-03-29,development_oos,True,6.465254141209915e-06,-11.949068236194458,7.545127127051026e-06,-11.347764550419514,-9.30852939241132,1.536782475963588e-05,-11.31553831212718,1.1421503665728876e-05,-11.563755877755977,1.3750823775711515e-05,-11.413250105061444,1.061944262541111e-05,-11.623492599818153
2021-03-30,development_oos,True,1.4989311365225612e-05,-11.10817318651639,1.0226845186035383e-05,-11.949068236194458,-9.485906353239404,1.2686541893630486e-05,-11.507406547756643,1.1114096117829542e-05,-11.59087863189225,1.2382196274476756e-05,-11.517972012734496,1.1117126601202094e-05,-11.577453088014398
2021-03-31,development_oos,True,9.930962810422641e-06,-11.519853124846898,1.709995380078474e-05,-11.10817318651639,-9.361755616451987,1.534892756602423e-05,-11.316374807136341,1.5635027330388653e-05,-11.249275565547343,1.3275594948235933e-05,-11.447899730619948,1.397927188407453e-05,-11.348123817135644
2021-04-01,development_oos,True,1.0356075817851785e-05,-11.47793717494962,8.242061877382255e-06,-11.519853124846898,-9.370540284933934,1.4431957571673853e-05,-11.377612995293422,1.1287462854135848e-05,-11.57487738512004,1.3670349836693419e-05,-11.418147044248588,1.0919601225610065e-05,-11.594835318802552
2021-04-06,development_oos,True,7.424930468897893e-06,-11.810667237777555,1.0171972958540664e-05,-11.527954144618764,-9.861265073648593,1.0669309006835343e-05,-11.67924914181975,1.0283231191895265e-05,-11.667632709009059,1.0680975434852063e-05,-11.664465509367526,1.0358255855389167e-05,-11.647223458951546
2021-04-07,development_oos,True,8.448300262836424e-06,-11.681545289156086,6.011876602815058e-06,-11.810667237777555,-9.767293765812006,1.0870711989649302e-05,-11.660126684570342,8.435499823862867e-06,-11.865372140197652,1.1311995128814606e-05,-11.606670243344903,8.775597668863686e-06,-11.812741595972675
2021-04-08,development_oos,True,7.760621023812352e-06,-11.766448198129487,7.570182152455378e-06,-11.681545289156086,-9.959109908904436,9.82870369301736e-06,-11.760409092405526,8.736668665447662e-06,-11.829876204227077,9.773239233422524e-06,-11.752458175979477,8.741434286045322e-06,-11.81624813374778
2021-04-09,development_oos,True,7.081525579140332e-06,-11.858021196190833,6.9983457229375435e-06,-11.766448198129487,-9.967336066652466,9.663742084575407e-06,-11.776846926180985,8.372715474946737e-06,-11.872012530143076,9.590266716208138e-06,-11.770897868656176,8.358099735909946e-06,-11.860707621317317
2021-04-12,development_oos,True,7.104819855837698e-06,-11.854737151298544,9.484852932918968e-06,-11.858021196190833,-9.967336066652466,9.538432518449952e-06,-11.789450626728229,9.257123114943903e-06,-11.77119790460549,9.386502375543764e-06,-11.791950398560912,9.159320415081896e-06,-11.768796808040992
2021-04-13,development_oos,True,7.900772242520658e-06,-11.74855005105093,1.0561671764385478e-05,-11.854737151298544,-9.975239031637006,9.48961924201617e-06,-11.794126367786088,9.602620011312347e-06,-11.734199567698827,9.126551781971607e-06,-11.819600347040755,9.301013189996488e-06,-11.753113811032751
2021-04-14,development_oos,True,6.085437512414879e-06,-12.009611933959125,8.844859892208714e-06,-11.74855005105093,-9.58518590965478,1.222165651447503e-05,-11.540613238093307,1.0431736454586864e-05,-11.650996718897552,1.1194693706805895e-05,-11.614869995492022,9.678734969311774e-06,-11.7129384646489
2021-04-15,development_oos,True,4.023620777882077e-06,-12.423328369696659,1.1351467199343164e-05,-12.009611933959125,-9.85361210091017,9.99550206410422e-06,-11.741601850094085,1.0073315166157546e-05,-11.685800273954431,9.599311530403561e-06,-11.768440954405133,9.730535066734534e-06,-11.707388833442096
2021-04-16,development_oos,True,1.4558640240248403e-05,-11.13732590964969,5.918142208860357e-06,-12.423328369696659,-9.802013946875476,9.728586897355819e-06,-11.768839065844862,7.63241226674734e-06,-11.963608773849156,9.636196561348497e-06,-11.76471940887014,7.614684096087062e-06,-11.952862308719583
2021-04-19,development_oos,True,1.161375526389752e-05,-11.363320363743977,1.6328304359268223e-05,-11.13732590964969,-9.802013946875476,1.1577753129391079e-05,-11.594513495073556,1.3045611023738853e-05,-11.427831386898916,9.825458472795312e-06,-11.74503042419175,1.1254795167616813e-05,-11.562458337124466
2021-04-20,development_oos,True,2.5486983703724346e-05,-10.577342679111469,1.814763834571681e-05,-11.363320363743977,-9.474166032083982,1.375343123915075e-05,-11.421789517099977,1.4806299561029762e-05,-11.300817996822317,1.2126469540739843e-05,-11.534206588638398,1.3104483053318705e-05,-11.409916760901773
2021-04-21,development_oos,True,1.0249398993033536e-05,-11.488291488924942,1.4706236590740972e-05,-10.577342679111469,-9.356416761230328,1.646187323767002e-05,-11.242060277356442,1.576197569830124e-05,-11.23822837089621,1.4001173494701589e-05,-11.390812758219587,1.349602069644154e-05,-11.380747046081208
2021-04-22,development_oos,True,7.661514199694026e-06,-11.779300917546875,7.040420534047081e-06,-11.488291488924942,-9.75263598616371,1.1413150033048103e-05,-11.608026916145057,9.345464993126038e-06,-11.760703261020108,1.184795478317292e-05,-11.557398587067057,9.53056615944396e-06,-11.728318726468986
2021-04-23,development_oos,True,7.1709419584012795e-06,-11.845473537030314,6.133709341957582e-06,-11.779300917546875,-9.775408301377249,1.081991253394463e-05,-11.661029934034051,8.5039462719979e-06,-11.854685757668062,1.1965290104836815e-05,-11.547262732349797,9.15578718289046e-06,-11.768098274483162
2021-04-26,development_oos,True,9.240153694539825e-06,-11.591952038840812,9.507659989842907e-06,-11.845473537030314,-9.775408301377249,1.0715782653206616e-05,-11.670338031299487,9.909246401963708e-06,-11.70136271502791,1.1605868798156786e-05,-11.57757582933693,1.0490510941168724e-05,-11.631691471103764
2021-04-27,development_oos,True,6.8719657692186e-06,-11.888060354491088,9.380494391322538e-06,-11.591952038840812,-9.71651619992367,1.1486141683582326e-05,-11.60041571065511,1.0378741745138272e-05,-11.654664368470304,1.1750532129970317e-05,-11.564750388190566,1.0466077332305679e-05,-11.6336515582144
2021-04-28,development_oos,True,8.883822976413914e-06,-11.631278578243418,1.3282679496462114e-05,-11.888060354491088,-9.922975740796058,9.717189384733619e-06,-11.767385576553677,1.057512171420012e-05,-11.635667928244779,9.586950689059576e-06,-11.768060099348128,1.0421226532745635e-05,-11.637745000119523
2021-04-30,development_oos,True,6.913939680566519e-06,-11.881970940748412,8.980739775546565e-06,-11.541586953144009,-9.640723059151844,1.2100191856686289e-05,-11.54755534137861,1.0539478230806759e-05,-11.638664426902125,1.1050952912070773e-05,-11.625469581440036,9.710677976382741e-06,-11.708007753809223
2021-05-05,development_oos,True,6.065036798319034e-06,-12.012969948262835,5.098327965967676e-06,-11.758525878967161,-8.726372004659467,2.0633133595366507e-05,-11.01365140677191,1.1488350491883674e-05,-11.552213546730442,1.8095724620796687e-05,-11.132022164672964,1.0196940042388402e-05,-11.658865227183393
2021-05-06,development_oos,True,7.106078666286792e-06,-11.854559990023283,9.58123881354074e-06,-12.012969948262835,-9.961711240761927,9.315632414021067e-06,-11.80962164089365,9.095032984859507e-06,-11.785698270467226,9.297972716113388e-06,-11.798472021839343,9.047386893347087e-06,-11.778265104028602
2021-05-07,development_oos,True,6.449886331743744e-06,-11.951448050297346,9.290120979122574e-06,-11.854559990023283,-9.395027527176643,1.3412058282363347e-05,-11.444717804369596,1.1138961730874552e-05,-11.58263260956136,1.218815853002639e-05,-11.527389273347199,1.0222245394872008e-05,-11.655857232838322
2021-05-10,development_oos,True,5.779846858373465e-06,-12.061133370722086,1.4189804062700518e-05,-11.951448050297346,-9.395027527176643,1.3199124369534154e-05,-11.460700206003704,1.2862052429797808e-05,-11.438659062923318,1.2138097827743627e-05,-11.531387346532348,1.1887304198433177e-05,-11.50475069116915
2021-05-11,development_oos,True,7.4900719737657e-06,-11.801932151166802,8.921658055740346e-06,-12.061133370722086,-9.680831853246366,1.0909014530034497e-05,-11.651358610864962,9.649851628021432e-06,-11.726166728440493,1.01562147818301e-05,-11.709655866653733,9.076051107724782e-06,-11.774656994723284
2021-05-12,development_oos,True,4.9073399674380366e-06,-12.22477852112108,1.1020327185547486e-05,-11.801932151166802,-9.617726268586818,1.1756508323115363e-05,-11.576167473032775,1.1023726280320004e-05,-11.592718521511959,1.0405417138635829e-05,-11.685020096856558,9.91504417548137e-06,-11.685904417017644
2021-05-13,development_oos,True,1.1394580097717629e-05,-11.382372745641282,1.2564963202292037e-05,-12.22477852112108,-9.052177361967212,1.5476431437572587e-05,-11.301394113759047,1.324691351153419e-05,-11.409166564222382,1.3814339756800952e-05,-11.401603740596949,1.1963197802064725e-05,-11.498142044780472
2021-05-14,development_oos,True,6.159233837340257e-06,-11.997558165209465,8.961436439892716e-06,-11.382372745641282,-9.536672131963497,1.3102275338141763e-05,-11.4675173081381,1.1058058296165455e-05,-11.589394635143476,1.1041280677168686e-05,-11.625228994393964,9.550361059117503e-06,-11.723039959173153
2021-05-17,development_oos,True,4.564316692312997e-06,-12.297241739170845,1.203950628250278e-05,-11.997558165209465,-9.536672131963497,1.1946905288423053e-05,-11.559819646261275,1.1384827502579866e-05,-11.560168859902285,1.1079247737265527e-05,-11.62158622031688,1.0616046141162878e-05,-11.617021678173206
2021-05-18,development_oos,True,3.925943701749435e-06,-12.447903802062685,9.517454190889716e-06,-12.297241739170845,-10.05471221475532,8.353834016850403e-06,-11.917837940721931,8.388600553815592e-06,-11.865880069154663,8.41763684331167e-06,-11.896504915063263,8.415120312721394e-06,-11.849571361513892
2021-05-19,development_oos,True,1.775055124273251e-05,-10.939093986596482,1.0899096820613132e-05,-12.447903802062685,-9.887164582032229,8.998868695214196e-06,-11.84342724676551,9.123182310435119e-06,-11.782039165916434,8.79203275020794e-06,-11.85300129783752,8.857060195698534e-06,-11.79853429949734
2021-05-20,development_oos,True,1.2747852958285101e-05,-11.27014769596856,1.8378811137008204e-05,-10.939093986596482,-8.581845359623008,2.476319514858459e-05,-10.831342119480517,2.115360077590434e-05,-10.941270806306555,1.8547971641412955e-05,-11.106715695215115,1.6145061557245397e-05,-11.198445893200264
2021-05-21,development_oos,True,5.34367277140005e-06,-12.139597356501437,7.066451696002376e-06,-11.27014769596856,-9.604815929065303,1.275858563071547e-05,-11.494429075745149,1.0004283434380801e-05,-11.689910796667714,1.1166802566447856e-05,-11.613804372281567,8.834792739291775e-06,-11.801039974924937
2021-05-24,development_oos,True,1.1001807823226542e-05,-11.417450951103437,7.952898856669273e-06,-12.139597356501437,-9.604815929065303,1.1208900749827907e-05,-11.62404618779949,9.325586473808636e-06,-11.760083378405351,1.1294217897921248e-05,-11.602463478442528,9.2684436625071e-06,-11.752948217843862
2021-05-25,development_oos,True,9.137022916250577e-06,-11.603175945879295,8.812180664645851e-06,-11.417450951103437,-9.958770132819685,1.007121222056763e-05,-11.730571892065672,9.438639977205895e-06,-11.747692066312183,9.635246781688189e-06,-11.760834181493237,8.958717908858032e-06,-11.786609213502988
2021-05-26,development_oos,True,9.176893813958036e-06,-11.598821775082644,1.0973146725073522e-05,-11.603175945879295,-9.556152964867824,1.2483127613925412e-05,-11.515393932510985,1.147557374052743e-05,-11.551895315429814,1.2251027455077887e-05,-11.520181639558778,1.1078469425146549e-05,-11.57387069378152
2021-05-27,development_oos,True,7.840490282944746e-06,-11.756209189467366,9.762515853414073e-06,-11.598821775082644,-9.394905893053577,1.3751519642472945e-05,-11.418217894151203,1.1600762494174707e-05,-11.540703186550424,1.2679083397838565e-05,-11.485465257597296,1.0672590394826092e-05,-11.610869952228265
2021-05-28,development_oos,True,4.75506437730559e-06,-12.256300323193042,6.453125250090756e-06,-11.756209189467366,-9.699827103824079,1.118106563119536e-05,-11.624942953396207,8.768839622406774e-06,-11.820317343037491,1.0531386481201788e-05,-11.670833344988498,8.271204029859515e-06,-11.865493698073728
2021-05-31,development_oos,True,3.5022217885400614e-06,-12.562112994141389,7.783615377307847e-06,-12.256300323193042,-9.699827103824079,1.037123992088444e-05,-11.700234163901264,8.806753059044519e-06,-11.81591210258149,1.057939442167822e-05,-11.666379295097268,8.868620556619944e-06,-11.795639859404988
2021-06-02,development_oos,True,5.980256796587536e-06,-12.027047048350573,9.57700907644085e-06,-11.476259996822828,-9.949015151327165,1.001469975805108e-05,-11.73564275715512,9.677415004336952e-06,-11.72190483798575,8.723408899964667e-06,-11.859857865170536,8.536041702753275e-06,-11.834207835535784
2021-06-04,development_oos,True,7.00065710454914e-06,-11.86950654123622,2.575313693023465e-05,-11.443266201635526,-9.690470205458519,1.1728843022781098e-05,-11.577379378423121,1.5386837089803837e-05,-11.258010296672413,9.923705555010663e-06,-11.73059869691553,1.3126334173534845e-05,-11.403632175826804
2021-06-07,development_oos,True,8.40418864598021e-06,-11.686780328067794,8.758019570677738e-06,-11.86950654123622,-9.690470205458519,1.0990014887585386e-05,-11.642187934700857,9.668532272554179e-06,-11.722859745751936,1.0169096588522749e-05,-11.705815813609181,8.972464747515152e-06,-11.78409742648485
2021-06-10,development_oos,True,7.146513152417521e-06,-11.848885991199086,7.081380273203953e-06,-11.935603612024758,-9.666096531007893,1.1035789887788688e-05,-11.637612063347008,8.922276701093946e-06,-11.802820885077715,1.04597090381248e-05,-11.677216303884725,8.468217234739438e-06,-11.8415923360196
2021-06-14,development_oos,True,8.843682824028548e-06,-11.635807159019175,1.7272293909722955e-05,-11.771876172866483,-9.611700424867522,1.1674501330094644e-05,-11.581035456314506,1.2970076478144931e-05,-11.428388588470135,1.0471618654634308e-05,-11.675763093665612,1.16596515783232e-05,-11.521451792955983
2021-06-15,development_oos,True,6.671390630819756e-06,-11.917682229390065,1.1853640124923884e-05,-11.635807159019175,-9.44422505624663,1.3167873197158193e-05,-11.46025162313974,1.2125515944489716e-05,-11.49549017846747,1.1436214606687456e-05,-11.587221150611319,1.0644451177202956e-05,-11.612269711736532
2021-06-16,development_oos,True,5.072310721735724e-06,-12.191714080533929,6.097682459542528e-06,-11.917682229390065,-9.899776384993432,9.592226403448204e-06,-11.776999726994553,7.790498916590799e-06,-11.937829359072893,9.116761770446089e-06,-11.81369087316283,7.447585382926043e-06,-11.969243011805922
2021-06-17,development_oos,True,2.617976362566904e-05,-10.550523826336534,1.480118502703375e-05,-12.191714080533929,-8.525076855824064,2.0959282573928778e-05,-10.99522732695452,1.6710183826358155e-05,-11.17448583582831,1.80825262312049e-05,-11.12869711151998,1.4486679343606281e-05,-11.30367026975437
2021-06-18,development_oos,True,1.710011138299651e-05,-10.976425580851346,1.4335144329717666e-05,-10.550523826336534,-8.614342260502596,2.5498218563518994e-05,-10.798717904692342,1.9926864473054886e-05,-10.99831977648761,1.913766737615901e-05,-11.0716144027969,1.5282846760522153e-05,-11.250333961559804
2021-06-21,development_oos,True,2.3628639476482497e-05,-10.653051044534642,1.840842918449177e-05,-10.976425580851346,-8.614342260502596,2.39400899200114e-05,-10.861455626762046,2.076040314624162e-05,-10.956987628408783,2.0358728107002374e-05,-11.009322287074664,1.769572834780618e-05,-11.103455190989164
2021-06-22,development_oos,True,1.2346817374581395e-05,-11.302112230564319,9.4353055976505e-06,-10.653051044534642,-9.342752003812114,1.6121181183838708e-05,-11.256381699441496,1.3026048684618464e-05,-11.422727266324731,1.4760049642096793e-05,-11.330432183403877,1.1907654736555011e-05,-11.49937046983013
2021-06-23,development_oos,True,6.851524350600364e-06,-11.89103939751256,7.284284207967756e-06,-11.302112230564319,-9.844737828607508,1.0809265272759182e-05,-11.655705231603001,9.151350527567732e-06,-11.775412633774955,1.1785343517723717e-05,-11.555083468993832,9.730681402229668e-06,-11.700934348060041
2021-06-25,development_oos,True,4.596076310531873e-06,-12.290307594431559,7.1515703894355286e-06,-11.513889927413173,-10.002470593865581,9.509788150678805e-06,-11.78349238406044,8.367318882115405e-06,-11.864680389444505,1.0316530561717211e-05,-11.688069374232006,8.898750538987725e-06,-11.79008954892897
2021-06-28,development_oos,True,1.1573726746306712e-05,-11.36677296436153,1.4960940968852432e-05,-12.290307594431559,-10.002470593865581,8.497004117677563e-06,-11.896043253188687,1.0014339763941004e-05,-11.68491461729322,9.924087348511637e-06,-11.727012999631786,1.1299597132584068e-05,-11.551288996879926
2021-06-29,development_oos,True,1.560573794872065e-05,-11.067871894111272,6.273077772683099e-06,-11.36677296436153,-9.84998178621788,1.0638151612756485e-05,-11.670976007449188,8.538537497492082e-06,-11.843975696439657,9.876319477248814e-06,-11.731375398669181,8.0545745169337e-06,-11.889436347183832
2021-06-30,development_oos,True,8.941169855299022e-06,-11.62484412104236,8.175555353663066e-06,-11.067871894111272,-9.238271578743264,1.6157151452855714e-05,-11.252800477665375,1.2187546773461796e-05,-11.488327403475427,1.3849689899356013e-05,-11.393140167057332,1.0709829824931289e-05,-11.604862489075408
2021-07-01,development_oos,True,7.669679941311246e-06,-11.778235672098376,9.514986219340232e-06,-11.62484412104236,-9.62817422671597,1.1760394800044928e-05,-11.570269341422446,1.0491700072098741e-05,-11.63786824111633,1.1585221581608219e-05,-11.571395125013032,1.0355099245144116e-05,-11.63823231038738
2021-07-07,development_oos,True,6.060256877500188e-06,-12.013758369755006,1.0886730552572239e-05,-11.415569766615889,-9.684852942836681,1.1692749042626233e-05,-11.575735534333397,1.108988317131933e-05,-11.582140278091206,1.0964730125333552e-05,-11.626160027557548,1.0515073964268185e-05,-11.622642913920203
2021-07-08,development_oos,True,3.4720296472968205e-05,-10.268186129240604,7.576480208678425e-06,-12.013758369755006,-9.819793663696684,9.88472770526333e-06,-11.743605140152452,8.57300233530494e-06,-11.839501397698319,1.0184379174871718e-05,-11.699827714920588,8.84553236795251e-06,-11.795449182912293
2021-07-09,development_oos,True,1.4655225420397175e-05,-11.130713602111653,1.042862390389098e-05,-10.268186129240604,-9.35850158214734,1.6778835201373584e-05,-11.216702110457272,1.411582767140883e-05,-11.344012020268547,1.4285637202802123e-05,-11.3635347326694,1.2298120243343692e-05,-11.468898852162788
2021-07-12,development_oos,True,6.753738707162673e-06,-11.905414323873535,6.181351906798575e-06,-11.130713602111653,-9.35850158214734,1.4901945338066863e-05,-11.334882438958045,1.0501457822926173e-05,-11.639437290666004,1.4905684102131941e-05,-11.320630560571356,1.054777735839034e-05,-11.622167527017812
2021-07-13,development_oos,True,6.236475028869358e-06,-11.98509543441827,5.7762619789799096e-06,-11.905414323873535,-9.857113158966616,9.865061752707224e-06,-11.747420511539875,7.809849274966471e-06,-11.935340610788998,1.166017182307177e-05,-11.566299883421472,9.03586983690446e-06,-11.776691758202041
2021-07-14,development_oos,True,5.427657619572092e-06,-12.12400289469955,5.191482388605688e-06,-11.98509543441827,-9.309846177662052,1.3623542813832714e-05,-11.424337262302505,9.011056733503582e-06,-11.791949895030616,1.524231975525714e-05,-11.298349894879545,9.974736475662483e-06,-11.67763370426955
2021-07-15,development_oos,True,1.0037209798842547e-05,-11.509211390806227,5.91059105428299e-06,-12.12400289469955,-9.82358872702502,9.737678446904293e-06,-11.760359366102463,7.741316190264707e-06,-11.943646672320803,1.1587834957145906e-05,-11.572968751509695,9.023488157271999e-06,-11.777820447556767
2021-07-16,development_oos,True,9.494644605828228e-06,-11.564782644013144,4.8661290612145985e-06,-11.509211390806227,-10.037989376742424,9.32349540940013e-06,-11.803368944268513,7.207949150134186e-06,-12.014781253246024,9.013834186098827e-06,-11.823742679448243,7.097545967320318e-06,-12.0175605122108
2021-07-19,development_oos,True,9.062742468362135e-06,-11.611338783011778,9.267691390267876e-06,-11.564782644013144,-10.037989376742424,9.259396966124769e-06,-11.809824623079004,9.125087754345384e-06,-11.77871085985954,8.70870830430991e-06,-11.857792496919453,8.734218696084642e-06,-11.809885129009636
2021-07-20,development_oos,True,9.034406489282615e-06,-11.614470326251256,7.790612444652005e-06,-11.611338783011778,-9.573940037953866,1.2189261922496554e-05,-11.534464046077067,1.0000080190869543e-05,-11.686784758695893,1.1208726620686424e-05,-11.605042963659645,9.357183213890887e-06,-11.740668921454272
2021-07-21,development_oos,True,8.924534663210167e-06,-11.626706370233725,7.4919988147520125e-06,-11.614470326251256,-9.635580053256755,1.1731084468010777e-05,-11.572403488399715,9.642082444707559e-06,-11.722893795614537,1.1030883442266806e-05,-11.620651148266571,9.182049182760259e-06,-11.75924381853359
2021-07-22,development_oos,True,1.191391348812312e-05,-11.337803640146982,5.895352286254841e-06,-11.626706370233725,-9.906660085570266,9.933079010398772e-06,-11.738389287468678,8.01514336551142e-06,-11.907350288494442,9.79170784045875e-06,-11.739429263253855,7.95850238476834e-06,-11.901933511684117
2021-07-23,development_oos,True,1.1332557962106476e-05,-11.387830739464896,4.299793901176569e-06,-11.337803640146982,-9.878210488874947,1.0543030390709884e-05,-11.678399487639833,7.486340420652071e-06,-11.975481572575536,1.0012645910199456e-05,-11.716760399317735,7.218995313254683e-06,-11.999369491953185
2021-07-26,development_oos,True,7.788492191658243e-06,-11.762863273727824,7.798235697793762e-06,-11.387830739464896,-9.878210488874947,1.0478682755548731e-05,-11.684093440248242,9.304393528333014e-06,-11.758005336420304,1.0162981905162271e-05,-11.701481212769774,9.089799642292603e-06,-11.768944979848083
2021-07-27,development_oos,True,7.278627392540349e-06,-11.83056825851324,5.052579081772937e-06,-11.762863273727824,-10.28952148418056,7.742979404474188e-06,-11.986277050971875,6.561545123163406e-06,-12.106939017614295,8.194658775474143e-06,-11.916389221124614,6.934919120111419e-06,-12.03922047513371
2021-07-28,development_oos,True,6.224114953078044e-06,-11.98707930193386,7.0872204102229135e-06,-11.83056825851324,-10.094977405211662,8.625169275565209e-06,-11.87795017927569,7.887289586674563e-06,-11.922594148785107,8.949481612580132e-06,-11.827875365504982,8.159550202555292e-06,-11.876282715699553
2021-07-29,development_oos,True,9.032230798880329e-06,-11.61471117798012,1.3507568120794498e-05,-11.98707930193386,-9.980593394248627,9.025739474033048e-06,-11.832197747691605,1.018056967735637e-05,-11.667060986445149,9.347519456310218e-06,-11.784052855068998,1.0456762010580416e-05,-11.627960736338764
2021-07-30,development_oos,True,3.3613243237364123e-06,-12.603175517674321,4.669141201436345e-06,-11.61471117798012,-10.134490789398157,8.684898571460063e-06,-11.870258823514067,6.8580812211086176e-06,-12.061772974980752,8.442946975081451e-06,-11.88542100745097,6.7540487855177e-06,-12.064759537247971
2021-08-02,development_oos,True,6.340728084613922e-06,-11.968516956264262,1.0166509501758274e-05,-12.603175517674321,-10.134490789398157,7.51919194249421e-06,-12.014564369694565,8.033022341309845e-06,-11.903638670282113,8.062840156636026e-06,-11.931624380346005,8.559752268919069e-06,-11.827831161401718
2021-08-03,development_oos,True,4.247084125187729e-06,-12.369277898685281,4.113544341468228e-06,-11.968516956264262,-10.026444069203496,8.780421212083418e-06,-11.859086148950535,6.468238513366197e-06,-12.119998569836682,8.319769704370184e-06,-11.899892035444896,6.260094544010975e-06,-12.140471761200299
2021-08-04,development_oos,True,3.5147669115222824e-06,-12.558537347411859,3.5944071825621883e-06,-12.369277898685281,-10.026444069203496,8.280781600916496e-06,-11.917629693453101,5.839285186655858e-06,-12.222068299921494,8.120022232570794e-06,-11.92407753665879,5.8301425539171605e-06,-12.211395616311416
2021-08-09,development_oos,True,1.9441907486164247e-05,-10.848079642029335,0.0001477389187175633,-12.104406646903861,-9.815473725591216,9.746371207016713e-06,-11.75477605417679,2.569403850143538e-05,-10.740242726782865,8.622531733662469e-06,-11.864087141450739,2.246100455517873e-05,-10.862495996197243
2021-08-10,development_oos,True,1.545100487199451e-05,-11.077836516477001,9.274706634701407e-06,-10.848079642029335,-8.345765559025228,2.85376075018018e-05,-10.68064647410921,1.794142691351389e-05,-11.099151820855583,2.0438746371253017e-05,-11.001610843584189,1.3309328109400847e-05,-11.385505108653483
2021-08-11,development_oos,True,6.302711944475448e-06,-11.974530549814233,1.1068570800052835e-05,-11.077836516477001,-9.425509568115661,1.4323186835069243e-05,-11.369908739336411,1.28046054823485e-05,-11.436136644062724,1.2514565010901802e-05,-11.491809234376312,1.1274586363087792e-05,-11.551206348325504
2021-08-12,development_oos,True,6.600856855478328e-06,-11.928311090771011,5.563377360831439e-06,-11.974530549814233,-9.324204607189403,1.340568628017031e-05,-11.436189359105185,9.16903921592977e-06,-11.770154397782159,1.360235217151906e-05,-11.408432393047542,9.214503355230478e-06,-11.752909976957582
2021-08-16,development_oos,True,5.445140942195997e-06,-12.120786917213527,8.921804100863937e-06,-12.065255134332304,-10.050083597251652,8.511387922093653e-06,-11.890446633013289,8.387444032079913e-06,-11.858986362240449,9.244139678516058e-06,-11.794780304225108,8.884103387835307e-06,-11.789197022094102
2021-08-17,development_oos,True,4.924145238041754e-06,-12.221359854130323,7.435091279152379e-06,-12.120786917213527,-10.083328667423453,8.266202966597817e-06,-11.919400991011766,7.686310136993473e-06,-11.9460971182232,8.364300572369741e-06,-11.894662695939626,7.719787810492076e-06,-11.92958968033181
2021-08-18,development_oos,True,4.7323621777054845e-06,-12.26108607680037,5.271291014305833e-06,-12.221359854130323,-9.88349665930168,9.182155607290334e-06,-11.814089995901337,7.15040379903109e-06,-12.018188554717558,8.543839765486737e-06,-11.873255802820294,6.7442367737932455e-06,-12.064545415278753
2021-08-19,development_oos,True,1.8767613014238494e-05,-10.883377885711683,1.0468374463941375e-05,-12.26108607680037,-9.759413818763502,9.82170300795605e-06,-11.746667685325427,9.564411231426092e-06,-11.727093779287593,8.947458895016668e-06,-11.82694983160564,8.802791056323607e-06,-11.797934803743352
2021-08-20,development_oos,True,6.587167715526423e-06,-11.930387087034836,7.066717383760229e-06,-10.883377885711683,-9.662335325494404,1.2707232008734416e-05,-11.48919270189161,1.0190440870073134e-05,-11.663929226618308,1.0210250500418777e-05,-11.695294545661206,8.41834193596513e-06,-11.843072183333604
2021-08-23,development_oos,True,3.328039288242522e-06,-12.61312722971366,1.3819842092562555e-05,-11.930387087034836,-9.662335325494404,1.0959873882540139e-05,-11.637017462889883,1.1476838830245788e-05,-11.544851130831091,1.0411983395305038e-05,-11.675458048853896,1.0834977751556646e-05,-11.590427713515133
2021-08-25,development_oos,True,5.8679024759341265e-06,-12.046013317464775,1.2849677294140948e-05,-12.317936037128804,-10.0422796757942,8.215225334855693e-06,-11.925814633455534,9.29472468299458e-06,-11.756476030422215,8.381411518770737e-06,-11.892950712084025,9.318858662344465e-06,-11.741851320283732
2021-08-26,development_oos,True,5.430356973010312e-06,-12.12350568529339,3.274045002088789e-06,-12.046013317464775,-9.788945085176366,9.951488588979345e-06,-11.733746347515334,6.325353027788598e-06,-12.141209996376887,9.586413751726839e-06,-11.75833506747614,6.1164522480268766e-06,-12.162803005107461
2021-08-27,development_oos,True,6.428577243388795e-06,-11.954757312722531,5.200842879312302e-06,-12.12350568529339,-9.930348766414214,9.017704685736133e-06,-11.83214062246794,7.073773736540118e-06,-12.029068118649235,7.976061563724099e-06,-11.942117892389456,6.38874821396323e-06,-12.118951287264562
2021-08-30,development_oos,True,2.714594054317673e-06,-12.816868135345878,6.808213244714939e-06,-11.954757312722531,-9.930348766414214,9.229335368888692e-06,-11.808612110840503,7.982457155216862e-06,-11.907894505965144,7.95654962898883e-06,-11.944205821762308,7.047345643223577e-06,-12.020551560694884
2021-09-01,development_oos,True,6.260340671618103e-06,-11.981275953946724,7.519047674229778e-06,-12.075983879986568,-9.84137402777443,9.552249092396879e-06,-11.774774787939213,8.391090996079759e-06,-11.858407891603228,8.353819414886089e-06,-11.895776234081918,7.4811336080702506e-06,-11.961057482160356
2021-09-08,development_oos,True,6.5967234593313275e-06,-11.928937477757648,4.170080201142109e-06,-11.65357775295285,-9.462219479996632,1.2779556958584701e-05,-11.483425510361984,8.117594852872193e-06,-11.891279595817899,9.575481644418006e-06,-11.758953913058194,6.348074123868961e-06,-12.125005313166053
2021-09-09,development_oos,True,2.839522315278716e-06,-12.771874718783694,5.879028599403384e-06,-11.928937477757648,-9.600935769893388,1.1274052576983756e-05,-11.608693631611128,8.478121409202432e-06,-11.847523591481686,8.967328281437923e-06,-11.824274711115292,6.966408095116908e-06,-12.031805391697972
2021-09-10,development_oos,True,6.834382192936631e-06,-11.893544480617397,1.060688332797581e-05,-12.771874718783694,-9.953371680472578,8.01526296126707e-06,-11.950660282600301,8.356785368789045e-06,-11.862361351737936,7.501634802684971e-06,-12.003185294082096,7.791262685221132e-06,-11.920040711469401
2021-09-13,development_oos,True,3.5490330295292733e-06,-12.548835377628858,5.84343389543576e-06,-11.893544480617397,-9.953371680472578,9.119001911413326e-06,-11.821246825336225,7.485153424037744e-06,-11.972217397113727,7.75538320127984e-06,-11.969526982410757,6.473166870155117e-06,-12.105084625517595
2021-09-16,development_oos,True,8.964438479616298e-06,-11.622245087602078,7.412707579036223e-06,-12.286657067626903,-10.135015169311856,7.688431682829844e-06,-11.9920827740685,7.287315765549999e-06,-11.999057515298803,6.724784399693611e-06,-12.112162401966852,6.452578124375927e-06,-12.10819638950229
2021-09-17,development_oos,True,8.838618526690812e-06,-11.636379968788193,5.0477937435132825e-06,-11.622245087602078,-9.48303098284468,1.2623406143496182e-05,-11.495868636895317,8.624687700847466e-06,-11.830288843960881,9.852245995658561e-06,-11.72998963980287,6.9265793443202415e-06,-12.037159096379948
2021-09-20,development_oos,True,7.782875961638131e-06,-11.763584627202786,1.681863364204064e-05,-11.636379968788193,-9.48303098284468,1.2589711164378911e-05,-11.498229977807432,1.3524511193934601e-05,-11.380106847183438,1.005843375245194e-05,-11.708892273286171,1.0920381504253956e-05,-11.581729704193533
2021-09-22,development_oos,True,5.410761483477958e-06,-12.12712072020907,1.3160569127773815e-05,-11.787585338630972,-10.056178725540606,8.676776326366996e-06,-11.870232366588334,9.90593213135488e-06,-11.691411740760358,7.928491897761794e-06,-11.94650827729996,8.941562832888072e-06,-11.781438197775515
2021-09-24,development_oos,True,5.99800962493963e-06,-12.024082872947242,5.863708973277567e-06,-10.645776578741007,-9.262294431523202,1.6622078279208515e-05,-11.219901037444297,1.1173125622257267e-05,-11.57101269720237,1.3025398687758959e-05,-11.449812229512087,8.98227466330572e-06,-11.776813518167028
2021-09-27,development_oos,True,9.462751709487461e-06,-11.568147338816063,7.998767314638328e-06,-12.024082872947242,-9.262294431523202,1.3617808610494657e-05,-11.419566497291573,1.050948213856279e-05,-11.632169429896729,1.3191594988448299e-05,-11.437228793898447,1.0045377461826336e-05,-11.664741623766083
2021-09-29,development_oos,True,1.0524316254126986e-05,-11.461822144484513,7.2076819285819024e-06,-10.640205357215237,-9.201144972753182,1.7197878242282468e-05,-11.185860780191776,1.2281962539260935e-05,-11.476002548858439,1.4537036097216956e-05,-11.339843774991799,1.0544347075280775e-05,-11.615964949090767
2021-10-01,development_oos,True,1.006028614393514e-05,-11.506914949966069,8.64259285413772e-06,-11.415549939226057,-9.377907568691734,1.3807682801485259e-05,-11.405204478759309,1.1210613639925614e-05,-11.566970405382666,1.318797168412483e-05,-11.436952117754224,1.0682210036507865e-05,-11.602691633269782
2021-10-04,development_oos,True,8.28243129823644e-06,-11.70137399761673,4.141138401575754e-06,-11.506914949966069,-9.377907568691734,1.362365623844089e-05,-11.418294679243349,8.411623507136327e-06,-11.853906162887748,1.3507922918202566e-05,-11.412666520932667,8.366126708744523e-06,-11.846785474319471
2021-10-05,development_oos,True,8.08540539524625e-06,-11.725449924541513,5.671291367738841e-06,-11.70137399761673,-9.500861995633326,1.2281484649474214e-05,-11.521801448318312,8.851651584214053e-06,-11.802616355763718,1.2690591751850903e-05,-11.474933906718963,9.084947551906763e-06,-11.764072248580142
2021-10-06,development_oos,True,1.1698483741371848e-05,-11.356051319313233,8.067468725692231e-06,-11.725449924541513,-9.965893840222702,9.195567983512613e-06,-11.810906828475442,8.547304521952676e-06,-11.837297530210066,9.22867019617407e-06,-11.793298923670804,8.544182791903855e-06,-11.825155859944488
2021-10-07,development_oos,True,8.706648196736528e-06,-11.651423663581319,4.353583760101466e-06,-11.356051319313233,-9.724448332119348,1.1249007173774131e-05,-11.609022682326653,7.751480670144743e-06,-11.934829566661136,1.0486507653814149e-05,-11.66519949406311,7.3677817613506515e-06,-11.973100529024826
2021-10-08,development_oos,True,5.780481694325429e-06,-12.06102354063383,5.872644236673369e-06,-11.651423663581319,-10.026629106678477,8.960977832957565e-06,-11.836069725476015,7.521665123033857e-06,-11.964656588749307,8.939847527153723e-06,-11.824419212873647,7.534942858425528e-06,-11.950444342381962
2021-10-11,development_oos,True,6.210354288934095e-06,-11.989292612288105,8.070988286192468e-06,-12.06102354063383,-10.026629106678477,8.445235450845162e-06,-11.895083036675167,8.033631861464578e-06,-11.898541571671672,8.783692178673159e-06,-11.841806715283386,8.301963717320758e-06,-11.853262962945252
2021-10-12,development_oos,True,8.810966217407938e-06,-11.639513451225275,7.326194576050694e-06,-11.989292612288105,-10.215689482904086,7.5927484020739665e-06,-12.001161549343312,7.314041425982264e-06,-11.992119739026073,7.849169469251057e-06,-11.95401470166623,7.5342217698847686e-06,-11.950078953205157
2021-10-14,development_oos,True,1.006103708538503e-05,-11.506840308607577,5.666171825530532e-06,-11.983800387943232,-9.028928413394336,1.572150126255569e-05,-11.272970483825867,1.0078579528109623e-05,-11.671233297457324,1.4119474727168132e-05,-11.366524392998723,9.350288631319156e-06,-11.733861543231978
2021-10-18,development_oos,True,1.2427292640156555e-05,-11.295615484680534,4.532180331401599e-06,-11.595405202125322,-10.142354632150797,8.413670538239744e-06,-11.897916554151145,6.604019331381364e-06,-12.09367092619567,8.124662057029566e-06,-11.918893577993748,6.487331238033878e-06,-12.099170198283392
2021-10-20,development_oos,True,4.419844626995599e-06,-12.329406014755962,6.8044081670178556e-06,-11.568388543475926,-9.69415837516228,1.1118993839826014e-05,-11.618929084386075,9.05167182630337e-06,-11.778638555522445,1.0732780147796807e-05,-11.640394117713278,8.839722268814408e-06,-11.790072551720517
2021-10-21,development_oos,True,6.135203987773734e-06,-12.001467230513294,9.406556342642368e-06,-12.329406014755962,-9.72728847251727,9.740281556932793e-06,-11.751497662432008,9.13379080663536e-06,-11.769641242647836,1.0582355017290594e-05,-11.654671670852679,9.7891436785454e-06,-11.688084799248308
2021-10-25,development_oos,True,8.971720046299389e-06,-11.621433144836006,9.899695848696165e-06,-11.847464290145929,-10.056712425802083,8.548655023423934e-06,-11.881763801136124,8.826309053569427e-06,-11.803698282822891,8.43510515803525e-06,-11.8813333029634,8.710525748103665e-06,-11.804725154064887
2021-10-26,development_oos,True,6.093150393150562e-06,-12.008345304063004,5.446524707996115e-06,-11.621433144836006,-10.155328408737228,8.330803705061746e-06,-11.90719634982138,7.0414096047889686e-06,-12.029314190018674,7.801644125728269e-06,-11.959050671967198,6.722800446526894e-06,-12.063463907859585
2021-10-27,development_oos,True,1.1033569527888614e-05,-11.414568157116996,6.8870505370120526e-06,-12.008345304063004,-9.716997497621888,1.0255472116595529e-05,-11.699020997533916,8.498951611154089e-06,-11.840888301283977,9.47154319003841e-06,-11.764766282620572,7.992755372755921e-06,-11.890159435486968
2021-10-28,development_oos,True,5.600132630274123e-06,-12.09272027652611,8.810279470504756e-06,-11.414568157116996,-9.734576281499889,1.1071659948568517e-05,-11.622056612181204,1.0002684372612371e-05,-11.677763413264339,9.755296682938988e-06,-11.734921543408037,8.989889511792973e-06,-11.772462335021121
2021-10-29,development_oos,True,8.438704875520673e-06,-11.682681711898875,8.01237315288531e-06,-12.09272027652611,-9.536585634983352,1.1301549381963706e-05,-11.60144308205215,9.473953076571983e-06,-11.732007999988532,1.0847845715920019e-05,-11.628609058393092,9.148718537567978e-06,-11.754813155743435
2021-11-01,development_oos,True,6.994815423963381e-06,-11.870341337047952,7.544295406005472e-06,-11.682681711898875,-9.536585634983352,1.1987405122261898e-05,-11.542204506728165,9.762411813439102e-06,-11.701720215913234,1.0835709398195899e-05,-11.62941554086093,8.973710304119295e-06,-11.773850756853035
2021-11-02,development_oos,True,8.017780073522016e-06,-11.73384897321443,5.651112469504263e-06,-11.870341337047952,-9.892946899427042,9.386166354431093e-06,-11.786656774818024,7.559594888373726e-06,-11.957216688221688,8.918538471626371e-06,-11.823916656549583,7.265453369827674e-06,-11.984778475407497
2021-11-03,development_oos,True,4.831353661242216e-06,-12.240383868438853,9.233189644354106e-06,-11.73384897321443,-10.169457166330451,8.09302238796829e-06,-11.934523179684867,8.384270746004853e-06,-11.85339185339756,7.815752256244071e-06,-11.955553840277076,8.087385011599653e-06,-11.877350891900317
2021-11-04,development_oos,True,1.0257787551953512e-05,-11.48747337968607,6.696086100465058e-06,-12.240383868438853,-9.45418568132893,1.1604748600381956e-05,-11.573905090342578,8.950917753554595e-06,-11.787921324093949,1.0850903189158129e-05,-11.627249210730067,8.487904622392498e-06,-11.828938095569628
2021-11-05,development_oos,True,9.459143462413443e-06,-11.56852872208502,6.927060526678865e-06,-11.48747337968607,-9.84395254496847,1.0203319499581253e-05,-11.702228324312266,8.698229948038574e-06,-11.81629344032187,9.050245222874797e-06,-11.808340566339398,7.867338905796479e-06,-11.904643225077272
2021-11-08,development_oos,True,7.985862773341259e-06,-11.73783773287418,1.2703367781426868e-05,-11.56852872208502,-9.84395254496847,1.0085181276997627e-05,-11.713497218393913,1.0773120098205124e-05,-11.602076737049913,9.15840359017917e-06,-11.796114520557861,9.845680581223093e-06,-11.680116445885908
2021-11-09,development_oos,True,9.62951536316927e-06,-11.5506776591559,5.656908354469188e-06,-11.73783773287418,-9.907453411679688,9.464066029173207e-06,-11.776720676738552,7.651327049739838e-06,-11.944026717880082,8.961220936074348e-06,-11.8175378127171,7.326877069186065e-06,-11.975356250838583
2021-11-11,development_oos,True,7.1946720747825424e-06,-11.842169795483258,2.5470085528067594e-05,-12.292851617438227,-8.728048280777383,1.7901196728083358e-05,-11.138980641419309,1.8804125003844473e-05,-11.044613246563454,1.676875791028138e-05,-11.19057899283566,1.7521629127520774e-05,-11.103302374582263
2021-11-12,development_oos,True,1.6575194797116578e-05,-11.007603269495853,9.96728889664641e-06,-11.842169795483258,-9.665687297611127,1.0779768704332672e-05,-11.646438520360363,1.011485676713228e-05,-11.665067435871723,1.001001652852432e-05,-11.70675873573906,9.456459062064961e-06,-11.72036160191097
2021-11-15,development_oos,True,5.585878117590168e-06,-12.095268909943535,1.2284165585435477e-05,-11.007603269495853,-9.72664106360729,1.1814086726037141e-05,-11.554640974737062,1.1977322865985684e-05,-11.496033614696252,1.0108518230505387e-05,-11.696887331200838,1.0421601657267982e-05,-11.623274144830642
2021-11-16,development_oos,True,1.2700444936364896e-05,-11.273873530753976,8.286091116103144e-06,-12.095268909943535,-10.097347640320644,8.009156916777145e-06,-11.943346021274753,7.884538548500225e-06,-11.914265900382013,8.325568074429195e-06,-11.890816324709348,8.081685825731988e-06,-11.877541151057043
2021-11-17,development_oos,True,3.869458030150303e-06,-12.462396104618456,7.538004197080169e-06,-11.273873530753976,-9.520514991705294,1.2829366982222609e-05,-11.472081455825926,1.0365437981251108e-05,-11.640650985828149,1.1258827788322056e-05,-11.588808168944382,9.27812340775494e-06,-11.739402453545086
2021-11-18,development_oos,True,5.228880635695681e-06,-12.161313330386264,8.442033986732961e-06,-12.462396104618456,-10.214424142620004,7.078981680169492e-06,-12.06720732708127,7.281810014516127e-06,-11.99404905155935,8.042176315065887e-06,-11.925654978985824,8.022104641193077e-06,-11.885041629038376
2021-11-23,development_oos,True,2.301819058178618e-05,-10.679225759767387,7.010667113282571e-06,-11.582132335606659,-8.96170213694063,1.713710847853369e-05,-11.18277897147373,1.1729851567823927e-05,-11.51707980978939,1.624544049105594e-05,-11.222350848734331,1.1239346384886493e-05,-11.547714928859977
2021-11-24,development_oos,True,1.3189616444890917e-05,-11.236080670892816,9.481701167361978e-06,-10.679225759767387,-9.240968977760366,1.6526180172200355e-05,-11.218755786167549,1.339561635787068e-05,-11.38458790029018,1.461499953143968e-05,-11.327805166247058,1.206202642113227e-05,-11.477456211964874
2021-11-26,development_oos,True,4.1940815064647036e-05,-10.07925109861527,1.0531167983287895e-05,-12.642108838355002,-9.83638054094933,8.668031102524553e-06,-11.86372371218798,8.808564783519378e-06,-11.803500425080642,1.1517649850040345e-05,-11.565624763613151,1.1029034744554465e-05,-11.566736798825877
2021-11-30,development_oos,True,8.613394788449169e-06,-11.662192032861567,7.140349224690259e-06,-11.866279509739611,-9.94562067919033,9.149881939926937e-06,-11.813303003451729,8.178965758348713e-06,-11.88126802890817,1.1551790150613613e-05,-11.564275388562667,9.938839995693915e-06,-11.672775303755733
2021-12-01,development_oos,True,1.408259901684666e-05,-11.170570635004202,3.084721139357958e-05,-11.662192032861567,-8.933263942652948,1.7486967672202213e-05,-11.165214505064315,2.0527627180229018e-05,-10.960771392369221,1.8307222240687746e-05,-11.103552526998206,2.099576539837056e-05,-10.924642258703525
2021-12-02,development_oos,True,1.3485773210607803e-05,-11.213875264447015,8.189926892656326e-06,-11.170570635004202,-9.140165341255152,1.6439486356816555e-05,-11.226641634799638,1.2430382290616582e-05,-11.462234808004512,1.625598054573269e-05,-11.22210201789773,1.240028194560241e-05,-11.451133010675097
2021-12-03,development_oos,True,9.464092129463453e-06,-11.568005696607818,9.084984899086246e-06,-11.213875264447015,-9.572999034422347,1.2532402974527419e-05,-11.497661888072924,1.100873709735208e-05,-11.583412019315382,1.3540635854820939e-05,-11.40454395293689,1.1754332412638632e-05,-11.504371190444171
2021-12-06,development_oos,True,7.912760301183266e-06,-11.74703387357117,5.4673979226814315e-06,-11.568005696607818,-9.479696275577355,1.2653725701581636e-05,-11.48771053591291,9.07981373976782e-06,-11.775767223440305,1.2535481765165431e-05,-11.481440908567475,9.158175246314282e-06,-11.753711099969244
2021-12-07,development_oos,True,5.533087980947193e-06,-12.104764493045645,4.189081469917178e-06,-11.74703387357117,-10.136347806240119,8.255706073455998e-06,-11.914549665094405,6.380778149934875e-06,-12.12825050029394,9.039722611883651e-06,-11.808181503987917,6.996251171834389e-06,-12.022727234566439
2021-12-09,development_oos,True,4.456074344047576e-06,-12.321242371446248,3.0044686839987893e-06,-11.86624633480501,-10.244658822092362,7.5947546673351e-06,-11.997730303799756,5.364289153250169e-06,-12.30149829296493,8.064733525101856e-06,-11.922126013306471,5.7745598597448595e-06,-12.214405281952917
2021-12-10,development_oos,True,3.961164488295452e-06,-12.438972513224975,3.2832740796019593e-06,-12.321242371446248,-9.999982580503623,8.300151383894412e-06,-11.908724771778484,5.732854612515982e-06,-12.234776884431131,8.686200820902943e-06,-11.847752117006308,6.114282556464229e-06,-12.157006941257658
2021-12-16,development_oos,True,5.472351368479246e-06,-12.115802167629646,7.75331021684034e-06,-12.80746719344929,-9.576505597029634,1.0073367227704351e-05,-11.715100185050682,8.600585646123923e-06,-11.828944592331034,9.455355300721163e-06,-11.762918479254958,8.309501120184995e-06,-11.850069267732867
2021-12-17,development_oos,True,5.376228537959032e-06,-12.133523444865913,6.8837074099993125e-06,-12.115802167629646,-10.070344447840428,8.13995673907921e-06,-11.928127846874357,7.476997750436143e-06,-11.968802017661405,7.197493992492565e-06,-12.035586595655378,6.85905835665463e-06,-12.041733998313859
2022-01-04,validation,True,6.949882156661416e-06,-11.87678585440738,4.052609826254828e-06,-12.62687430348531,-9.987187094719266,7.977353011386287e-06,-11.948056012464264,5.9662184601522256e-06,-12.194305702097115,6.420163693353468e-06,-12.149570942676057,4.987308856021271e-06,-12.360170552929123
2022-01-06,validation,True,2.2455638398069987e-05,-10.70396882172093,7.260120967531842e-06,-12.09700970584217,-9.756504095565031,9.882471701635208e-06,-11.733900013364423,8.534450121858765e-06,-11.836308077134422,7.626268708079519e-06,-11.977415860862564,6.7936340762006596e-06,-12.051081001362363
2022-01-11,validation,True,3.6339102296604026e-06,-12.52520129119569,4.097050191849862e-06,-11.86385680258583,-10.139825503051174,8.067307990736682e-06,-11.936842821748407,6.216661452530923e-06,-12.153185986357553,8.019400948235615e-06,-11.927150833105037,6.129098636138261e-06,-12.15401931207997
2022-01-14,validation,True,8.220229071836159e-06,-11.70891248166451,4.541398052109929e-06,-11.883172714715647,-10.22564702556761,7.63362560600349e-06,-11.99209975591146,6.246467927741879e-06,-12.148402832603962,6.443383130872363e-06,-12.145960824400852,5.401875555751894e-06,-12.28032079139738
2022-01-18,validation,True,6.212690379994704e-06,-11.98891652234391,5.372270519048132e-06,-13.057885760421806,-10.09351062096821,7.044528154579018e-06,-12.07241149888814,6.047290135150149e-06,-12.180808744888964,7.019765241889773e-06,-12.060284781307653,6.010071027908951e-06,-12.173630443038475
2022-01-21,validation,True,1.4037241868460855e-05,-11.17379662678039,4.219685121452031e-06,-12.317326804556366,-10.111934187312885,7.711000092555093e-06,-11.98201477321281,6.011151003522064e-06,-12.186802760104303,7.01814748550337e-06,-12.060515265201516,5.554692839257392e-06,-12.252423882703752
2022-01-27,validation,True,1.0862681796995408e-05,-11.430177331310704,1.516041200205626e-05,-12.15395706359114,-9.309063993301345,1.2899683864309151e-05,-11.467459861641997,1.2997093113491534e-05,-11.4156932792406,1.190343543858416e-05,-11.532187506688084,1.19566649283939e-05,-11.485778152308415
2022-01-31,validation,True,9.64889913315928e-06,-11.548666728586296,3.7991935877215998e-06,-11.291763532781042,-9.550272851625524,1.2525226907377681e-05,-11.4969179029023,7.98419465577681e-06,-11.902955085598418,1.067852715036699e-05,-11.640779640706997,7.041605510735295e-06,-12.015230810132014
2022-02-08,validation,True,4.996263113567439e-06,-12.206820302242322,2.9839646982395005e-06,-12.5385729996814,-10.301817011928575,6.658393805606883e-06,-12.128784380929869,4.822655171957203e-06,-12.407094363100878,5.981198868712054e-06,-12.220393529873053,4.465353836016808e-06,-12.470718552026506
2022-02-14,validation,True,1.0604499185828807e-05,-11.454232195407023,1.058558105738139e-05,-12.51193539628246,-9.15594742980692,1.3489349743817079e-05,-11.42276219983922,1.1532901267671866e-05,-11.535215074690695,1.0075065046573162e-05,-11.6989509934125,9.027935841074006e-06,-11.766743257533344
2022-02-15,validation,True,4.134880874475943e-05,-10.093466945984305,1.2141161831779852e-05,-11.454232195407023,-9.466522095295248,1.2894111700615707e-05,-11.467891916223968,1.2324211427894616e-05,-11.468853268671658,9.231361614540307e-06,-11.786407999290034,9.245669022854413e-06,-11.742911781670852
2022-02-16,validation,True,4.4252678668951265e-06,-12.32817974644499,2.0036674273677267e-06,-10.093466945984305,-9.138447154035473,1.9005305778136188e-05,-11.079944474402774,8.445992911282975e-06,-11.846726887831268,1.4040114040137328e-05,-11.367096036378374,6.682982670467942e-06,-12.067502614354634
2022-02-17,validation,True,2.972761420119843e-05,-10.423434173040897,1.2580649999847352e-05,-12.32817974644499,-10.026499427891306,8.113465891884647e-06,-11.931137528949996,9.217850949677516e-06,-11.759277080362413,9.765669415825068e-06,-11.730141442913082,1.0576637548108094e-05,-11.608419445974327
2022-02-18,validation,True,1.0100550499072622e-05,-11.50292063074372,1.2218978745699911e-05,-10.423434173040897,-9.337026801422416,1.6081810654089785e-05,-11.246973805788755,1.4632506093901075e-05,-11.297173506397366,1.4648991887528785e-05,-11.324643037502579,1.3354933566775007e-05,-11.375181137662343
2022-02-21,validation,True,9.087125926510257e-06,-11.608651879472069,2.3554770877444437e-05,-11.50292063074372,-9.818659694246806,1.0321625367189426e-05,-11.690421421593854,1.3769913288505196e-05,-11.357932989454275,1.2097177759137353e-05,-11.51604237510915,1.5281074273732575e-05,-11.240451922663851
2022-02-22,validation,True,3.312012494355154e-05,-10.315369456004102,1.3750063091187269e-05,-11.608651879472069,-9.818659694246806,1.0172854071557606e-05,-11.704939859039158,1.1172665170724491e-05,-11.566948819642409,1.2098503562221159e-05,-11.515932785049046,1.2672023793055643e-05,-11.42767029712457
2022-02-23,validation,True,9.061801195514403e-06,-11.611442650217048,4.411290643013706e-06,-10.315369456004102,-9.424231006765927,1.5472675825594835e-05,-11.285587047751564,9.910224953585905e-06,-11.68685195730419,1.3956888611303655e-05,-11.373041363813353,9.160799432579529e-06,-11.7521335606265
2022-02-24,validation,True,6.593611996903557e-05,-9.626824163892467,9.304788334253771e-05,-11.611442650217048,-9.983843577902753,9.189757973188968e-06,-11.806573065933863,2.1157603816718902e-05,-10.928419645641966,1.1145602135941698e-05,-11.597969564630526,2.3729728211615282e-05,-10.800338392787754
2022-02-25,validation,True,5.530592991186412e-05,-9.802630423505612,3.95887777747432e-05,-9.626824163892467,-7.679337591175991,4.955885410473194e-05,-10.121501730946438,4.451820803860432e-05,-10.184520730151885,3.84904343434693e-05,-10.358604805648358,3.547927143059703e-05,-10.398118387223485
2022-02-28,validation,True,2.0774452490662088e-05,-10.781786571810134,3.686222842657295e-05,-9.802630423505612,-8.691585888570046,2.601203527027936e-05,-10.766103340137247,2.9650524628720667e-05,-10.590939185702087,2.5465873376462498e-05,-10.771675300579673,2.8553929205337155e-05,-10.615272457765068
2022-03-01,validation,True,2.0641643613382724e-05,-10.788199988090073,5.3167605577162464e-06,-10.781786571810134,-8.736251079231044,2.2125466612251996e-05,-10.927933385575724,1.2808080175180898e-05,-11.430342769595473,2.6379369376440624e-05,-10.736432315822688,1.5027261741769479e-05,-11.257201008812817
2022-03-02,validation,True,6.28109300752632e-05,-9.675381453849885,2.1759116406451125e-05,-10.788199988090073,-9.086802395915925,1.7831687417091053e-05,-11.143685599460891,1.8895307133304993e-05,-11.041505413634985,2.1667479191734142e-05,-10.933202075778619,2.2007290210785746e-05,-10.875693238119563
2022-03-03,validation,True,1.9136223278500067e-05,-10.863927512282306,1.0405881277149881e-05,-9.675381453849885,-8.480863562570935,3.0120180260604047e-05,-10.619467278405034,2.0452904470899317e-05,-10.962294104723306,3.130368773500215e-05,-10.565278647844309,2.1266038499027804e-05,-10.909955646220315
2022-03-04,validation,True,1.2355239926183043e-05,-11.301430299353044,3.54065526969808e-05,-10.863927512282306,-9.37520465927186,1.4787784679833535e-05,-11.330861185563927,2.0187638739147106e-05,-10.975348531557273,1.9303955762675066e-05,-11.04870452075428,2.486447906798855e-05,-10.753626768268882
2022-03-07,validation,True,4.406372068972276e-05,-10.029873774178979,4.5095091782241e-05,-11.301430299353044,-8.863447357220709,1.9056519509164567e-05,-11.077253391589537,2.5093552212020094e-05,-10.75780807588981,2.3614744074690284e-05,-10.847143291575204,2.9699093977656987e-05,-10.575950470262887
2022-03-08,validation,True,8.023609463863574e-05,-9.430537086499108,3.02918710998784e-05,-10.029873774178979,-8.050640771643984,3.734596539649374e-05,-10.404437781835432,3.372377218290019e-05,-10.462216010346737,3.6273863536197684e-05,-10.417917088299763,3.295698673208575e-05,-10.471863730904824
2022-03-09,validation,True,9.283631517456687e-05,-9.28467266740854,4.2123573965161575e-05,-9.430537086499108,-7.235147404106768,6.684535451924176e-05,-9.822280856044115,5.458275577427176e-05,-9.98070100048739,6.027642442843125e-05,-9.910073501512167,5.012877922423578e-05,-10.052471731024108
2022-03-10,validation,True,7.449176599004338e-05,-9.504821962310524,3.591914072804612e-05,-9.28467266740854,-7.70461679141552,5.11441615492684e-05,-10.0900143238932,4.436239586424224e-05,-10.18802683445662,4.960757915148539e-05,-10.104870929929145,4.343905496249329e-05,-10.195708089421458
2022-03-11,validation,True,4.7041894021617505e-05,-9.964471991119481,2.2856098769044422e-05,-9.504821962310524,-8.194859947638445,3.674207375126885e-05,-10.420740143907693,3.078733159653888e-05,-10.553315711477001,4.161055212710972e-05,-10.280660765456535,3.450170383430376e-05,-10.426058300484035
2022-03-14,validation,True,4.319291226943529e-05,-10.049834144011955,1.7354427358662896e-05,-9.964471991119481,-8.414821849533503,3.01438081870063e-05,-10.618683130915908,2.437477311628415e-05,-10.786870296253234,3.9212868357795774e-05,-10.340009590100236,3.079122256761983e-05,-10.539837342009655
2022-03-15,validation,True,2.4216963514625232e-05,-10.628457198688801,3.4929217444985795e-05,-10.049834144011955,-8.965299154468497,2.126029468144121e-05,-10.967821432409696,2.561236169002602e-05,-10.737343891590099,2.969670676903136e-05,-10.617978400996895,3.38722598937494e-05,-10.444470622620646
2022-03-16,validation,True,2.4121651495031515e-05,-10.632400718505986,8.64991685669616e-06,-10.628457198688801,-8.689883498138315,2.324766717660569e-05,-10.878457875557384,1.5838229686322767e-05,-11.217992387130625,3.3082121169028105e-05,-10.510021566959127,2.1855830854119906e-05,-10.882599265550057
2022-03-17,validation,True,1.710165278735104e-05,-10.976335444895325,1.3420194305385763e-05,-10.632400718505986,-8.534580786838266,2.5555602920454907e-05,-10.783806081072266,1.96348496732962e-05,-11.003112973101532,3.3107358919126055e-05,-10.509258975946555,2.5005051096492074e-05,-10.747989161483662
2022-03-18,validation,True,1.8032635358620912e-05,-10.923327366226541,1.4542507309425912e-05,-10.976335444895325,-9.37984800161852,1.4519899467632897e-05,-11.34914258041069,1.4373274397852345e-05,-11.315048467454666,1.9720026651438005e-05,-11.02737985679358,1.898829514051208e-05,-11.023244265707035
2022-03-21,validation,True,9.887103953537878e-06,-11.524279280940712,8.97629604537405e-06,-10.923327366226541,-9.37984800161852,1.4625972189809022e-05,-11.341863800641185,1.213032524317168e-05,-11.4847104693253,1.8543374948176533e-05,-11.08890197784907,1.529931577724408e-05,-11.239258902846597
2022-03-22,validation,True,1.6022259563680574e-05,-11.041531579848163,9.75621169037437e-06,-11.524279280940712,-9.7417462430642,1.0788197785313776e-05,-11.646209927131311,1.0233835794503907e-05,-11.654719539884168,1.4373951557506421e-05,-11.343596908566425,1.346393702682581e-05,-11.367052230077842
2022-03-23,validation,True,1.4579278332018041e-05,-11.13590932972689,7.865352721614247e-06,-11.041531579848163,-9.455204496202983,1.3740912582423634e-05,-11.404284963543237,1.109631551220243e-05,-11.573805887666168,1.5907061634234804e-05,-11.242251418890095,1.3054421529865196e-05,-11.397940118870363
2022-03-24,validation,True,1.766708215730715e-05,-10.943807415018673,9.273583970377542e-06,-11.13590932972689,-9.691196947428034,1.1737231072645941e-05,-11.56189673360338,1.0714756934758328e-05,-11.60879706095262,1.365389252204345e-05,-11.394989910031141,1.2627244112321538e-05,-11.431210298966919
2022-03-25,validation,True,1.209100997073241e-05,-11.323048359131663,1.1041996850831032e-05,-10.943807415018673,-9.23896707436249,1.590033336113053e-05,-11.25832259095139,1.3719582108490142e-05,-11.361594841774934,1.7057362031317556e-05,-11.172432656232093,1.5073192748502326e-05,-11.25414915838996
2022-03-28,validation,True,1.5293517766657962e-05,-11.08808149472349,2.5581916799673252e-05,-11.323048359131663,-9.23896707436249,1.5093508949948774e-05,-11.310397885531037,1.781285703605053e-05,-11.100498503086802,1.6784735385540058e-05,-11.188544692088772,1.9870034043199908e-05,-10.977854239944755
2022-03-29,validation,True,2.3411633115238787e-05,-10.66227751745773,1.23414123506666e-05,-11.08808149472349,-8.955853781388194,1.854248065691189e-05,-11.104598314614442,1.5527994193749877e-05,-11.237774533098616,1.9672452256645234e-05,-11.029795262944262,1.686445504852486e-05,-11.141858854380821
2022-03-30,validation,True,1.404898634644962e-05,-11.172960310947348,1.1545392778276855e-05,-10.66227751745773,-8.792775471984113,2.17256328843962e-05,-10.946169863721714,1.6897747443942803e-05,-11.153238679339125,2.1666818677700402e-05,-10.933232560363175,1.7442071078165045e-05,-11.108181843891415
2022-03-31,validation,True,1.5103375962219665e-05,-11.10059226547533,1.8619869229550228e-05,-11.172960310947348,-9.568250083181585,1.2591713898961463e-05,-11.491623695507275,1.4369569835574406e-05,-11.315306240294985,1.4648853063539344e-05,-11.324652514239839,1.6619229778112144e-05,-11.156506564523884
2022-04-01,validation,True,1.3410835295658612e-05,-11.219447573597993,8.802519913897047e-06,-11.10059226547533,-9.507122415710036,1.3203006328984792e-05,-11.44421811021008,1.1270377992971491e-05,-11.55824113780568,1.4930550855461364e-05,-11.305605050711304,1.2897276974428322e-05,-11.410050807971476
2022-04-04,validation,True,6.129892409732003e-06,-12.002333359600524,4.771244764520334e-06,-11.219447573597993,-9.507122415710036,1.298927470530867e-05,-11.460538671792161,8.886591603418812e-06,-11.79587542572423,1.5070133602153596e-05,-11.296299679422654,1.0495293226229768e-05,-11.616140117308968
2022-04-05,validation,True,7.4131718117199635e-06,-11.81225216547478,4.938038243895413e-06,-12.002333359600524,-9.630774137066549,1.0813871134432515e-05,-11.643832991727429,7.841864144216687e-06,-11.920942425448239,1.3957200747249262e-05,-11.373018999770478,1.010897945606647e-05,-11.653642925875495
2022-04-06,validation,True,1.974716030312276e-05,-10.83250085907515,1.2277792562528825e-05,-11.81225216547478,-9.464502706024586,1.2290753044447614e-05,-11.515815471424574,1.18640469728834e-05,-11.506906440937374,1.3849162606340972e-05,-11.380789788290517,1.3445637726146072e-05,-11.368412288991333
2022-04-07,validation,True,5.921837966860316e-06,-12.036863689878329,8.10472008474858e-06,-10.83250085907515,-8.957167721246503,1.9189320577907497e-05,-11.070308761681218,1.3727074793508796e-05,-11.36104886014726,1.760191935770523e-05,-11.14100660694678,1.314293210673633e-05,-11.391182878052557
2022-04-08,validation,True,7.028609763848164e-06,-11.865521629330159,5.983259912845214e-06,-12.036863689878329,-9.859838765688144,9.352860722763089e-06,-11.788980409908337,7.721934571742416e-06,-11.936354080205625,1.0819411115633928e-05,-11.627672711064895,8.9436898715725e-06,-11.776118768458266
2022-04-11,validation,True,1.3642466356048323e-05,-11.202323104002437,1.3172848771923688e-05,-11.865521629330159,-9.859838765688144,9.575521629295772e-06,-11.765452654228373,1.051141870246096e-05,-11.627956843302837,1.0234959892539627e-05,-11.683205257011965,1.1222576295029408e-05,-11.549139519753894
2022-04-12,validation,True,9.395493329916847e-06,-11.575280416640627,9.815688361803927e-06,-11.202323104002437,-9.35154667676921,1.4322562386632094e-05,-11.362826582927582,1.2243215450178573e-05,-11.475447062281425,1.345436357710615e-05,-11.409711074503365,1.1765637588230225e-05,-11.501883795447803
2022-04-13,validation,True,9.432780711461117e-06,-11.571319625523083,1.0008308833207466e-05,-11.575280416640627,-9.046317362031347,1.640711224079007e-05,-11.226947752026621,1.3141516763412896e-05,-11.404642567643577,1.6058815107529275e-05,-11.232756630770918,1.3063983261628644e-05,-11.39720793539538
2022-04-14,validation,True,1.5481959288878428e-05,-11.075835128762884,8.172689900550636e-06,-11.571319625523083,-9.830596314246806,1.0150596563732988e-05,-11.707130187553982,9.243505389572823e-06,-11.756497820167507,1.0028437856208798e-05,-11.703589714753663,9.256451292988674e-06,-11.741746264295461
2022-04-19,validation,True,8.435383235366257e-06,-11.68307540904867,6.66894882303335e-06,-12.038697746746369,-9.80436117081601,9.673939146323868e-06,-11.755227082121444,8.191673498000461e-06,-11.877300793742187,1.0814910784884926e-05,-11.628088747290537,9.093333603733762e-06,-11.759525435760166
2022-04-20,validation,True,1.1163370414522282e-05,-11.40287263813675,1.5667390972165373e-05,-11.68307540904867,-9.368497079174745,1.3269020059430186e-05,-11.439230666762008,1.3626106001059485e-05,-11.368431493399411,1.2972081912031496e-05,-11.446215054508803,1.3380031830097701e-05,-11.373303576175113
2022-04-21,validation,True,1.2119561758121445e-05,-11.320689736547681,6.86032499148145e-06,-11.40287263813675,-9.766895685661204,1.0801750496631365e-05,-11.644954462049066,9.050704747931452e-06,-11.777576377664422,1.054108890795249e-05,-11.6537337077331,8.964138910843043e-06,-11.773834957460611
2022-04-22,validation,True,3.727462223009872e-05,-10.197197832036895,1.0599315079870748e-05,-11.320689736547681,-9.523478321783346,1.268216363664593e-05,-11.484466097808957,1.1678945286647143e-05,-11.522631332521984,1.208980854044043e-05,-11.516651729150507,1.1266005618168122e-05,-11.545277170647553
2022-04-25,validation,True,1.633002404573909e-05,-11.022505178494368,1.5140084763562357e-05,-10.197197832036895,-9.523478321783346,1.4797649324557238e-05,-11.330194327333096,1.5215720590080707e-05,-11.258089862311671,1.2936137331937793e-05,-11.448989818981623,1.3537656599105638e-05,-11.361591829742261
2022-04-26,validation,True,1.7732707933870636e-05,-10.94009971779367,1.3016170364615399e-05,-11.022505178494368,-8.968731211190224,1.8563098730206494e-05,-11.103486995197947,1.5884447327098532e-05,-11.215078530052462,1.847835161634166e-05,-11.092414693474728,1.5833029036990517e-05,-11.204968806332019
2022-04-27,validation,True,2.1880943959579916e-05,-10.72989443876433,6.351294771340653e-06,-10.94009971779367,-9.457115963138936,1.3917320337212042e-05,-11.391528534202356,1.0382067687698457e-05,-11.64033894794349,1.476814927137642e-05,-11.316541771992117,1.100236047242275e-05,-11.568957171623794
2022-04-28,validation,True,1.9182058359267987e-05,-10.861535176265688,1.751514556836801e-05,-10.72989443876433,-9.095012559761116,1.7884793376182093e-05,-11.140711846333645,1.752854258782853e-05,-11.1165884477399,1.822749840945793e-05,-11.106083202022083,1.766704356315136e-05,-11.0953660513837
2022-04-29,validation,True,9.17456121020559e-06,-11.599075989668021,1.5573309710650343e-05,-10.861535176265688,-9.214405522927365,1.6324912765440963e-05,-11.231970334536117,1.5844533731791154e-05,-11.21759443916956,1.7583059090673236e-05,-11.142078670632483,1.674185050814191e-05,-11.149155406757155
2022-05-02,validation,True,9.282542090655422e-06,-11.58737511649604,2.179181934065013e-05,-11.599075989668021,-9.214405522927365,1.4752569283976444e-05,-11.333245409705732,1.6397141087135822e-05,-11.18331200936511,1.6562238810411084e-05,-11.201889223775305,1.7897353546776214e-05,-11.082414154435918
2022-05-03,validation,True,2.1351404795245256e-05,-10.754393022082116,1.1391976634816304e-05,-11.58737511649604,-9.105720506280134,1.579420005227697e-05,-11.265019878724935,1.3470185554385789e-05,-11.379940239335275,1.7042343301787843e-05,-11.173313527802925,1.4397642379531705e-05,-11.30000254026929
2022-05-04,validation,True,9.82762516680335e-06,-11.530313243348562,7.856119664124754e-06,-10.754393022082116,-9.365388441361551,1.510248108627527e-05,-11.309803625393862,1.185129781296315e-05,-11.507981623378411,1.4733106966452371e-05,-11.318917421430383,1.1707963400899885e-05,-11.506797766969466
2022-05-05,validation,True,1.3248226398389245e-05,-11.231646871216993,1.3265306633232793e-05,-11.530313243348562,-9.365388441361551,1.3576141014065835e-05,-11.416348751177317,1.3074501268975874e-05,-11.40975513968463,1.4465527434422182e-05,-11.337246156895214,1.3821306224452241e-05,-11.340855678965651
2022-05-06,validation,True,1.2933592440578235e-05,-11.255682566138507,1.7246224581267324e-05,-11.231646871216993,-9.013066311203644,1.755400508521608e-05,-11.15938053220687,1.6898434270229152e-05,-11.153198034138892,1.6679857459870886e-05,-11.194812706137158,1.620243048559629e-05,-11.181905748843388
2022-05-09,validation,True,1.9393642042284107e-05,-10.850565275389302,1.4236485424075147e-05,-11.255682566138507,-9.013066311203644,1.749616446615219e-05,-11.162680982521884,1.571134235834506e-05,-11.226036110319464,1.7023485991872264e-05,-11.174420637903145,1.541578192982867e-05,-11.231675224495321
2022-05-10,validation,True,8.724181584075961e-06,-11.649411895527434,1.1779704935908526e-05,-10.850565275389302,-9.402286240691673,1.4571048307119047e-05,-11.345626098748454,1.3404607323247005e-05,-11.384820527090039,1.4359092815795356e-05,-11.344631170222973,1.329468730065854e-05,-11.379702505455866
2022-05-11,validation,True,1.8343368419156013e-05,-10.906242442833706,9.789591210170205e-06,-11.649411895527434,-9.267308965896305,1.4183482296776002e-05,-11.372584597060097,1.1945943438547815e-05,-11.50002724550581,1.5010810259139077e-05,-11.30024393198311,1.2652902565072035e-05,-11.42918036916559
2022-05-13,validation,True,1.4498290288160713e-05,-11.141479826651143,1.0087283819171612e-05,-10.906242442833706,-9.022496011278589,1.8250362214236747e-05,-11.120477738879647,1.4399290935139475e-05,-11.313240040289662,1.7250476386967152e-05,-11.161174797728142,1.3877311020789692e-05,-11.336811803983608
2022-05-17,validation,True,1.4009975801440577e-05,-11.175740924851642,9.688689129751662e-06,-9.598933756181316,-8.94569008372419,2.2891733311592803e-05,-10.893886811439424,1.705106702486952e-05,-11.144206221168812,2.0599707733102928e-05,-10.983737669478517,1.575178651482343e-05,-11.210113221451834
2022-05-18,validation,True,1.4752650319233504e-05,-11.124087808659542,1.1914654323852352e-05,-11.175740924851642,-9.38929016035384,1.4046190397548624e-05,-11.382311453135568,1.300646163793846e-05,-11.41497272199819,1.716857054255664e-05,-11.165934139216274,1.5453635966402237e-05,-11.229222696516024
2022-05-19,validation,True,3.0756292005147243e-05,-10.389415966589597,5.174690897580459e-06,-11.124087808659542,-9.483421647909942,1.335306221821583e-05,-11.432916927882223,9.336971393530224e-06,-11.746437067322127,1.6580831365509408e-05,-11.200767266337447,1.1391121615865207e-05,-11.534232763455496
2022-05-20,validation,True,1.1005921962629004e-05,-11.417077069790786,1.067913469650941e-05,-10.389415966589597,-9.253377269541952,1.700714082721108e-05,-11.19102936154668,1.4409330541748419e-05,-11.312543054005648,1.8771264351974112e-05,-11.07668734887579,1.5764375122450796e-05,-11.209314354607468
2022-05-23,validation,True,1.3171562689671758e-05,-11.237450393995841,1.3166191896703164e-05,-11.417077069790786,-9.253377269541952,1.4768853886482307e-05,-11.332142169928737,1.3752837440603945e-05,-11.359173842903868,1.933934244306345e-05,-11.046873067854415,1.730714600624517e-05,-11.11594752964232
2022-05-24,validation,True,1.0883617701984954e-05,-11.428251862431852,7.407365856987208e-06,-11.237450393995841,-9.657131045731788,1.181894405357707e-05,-11.554958993648112,9.870941040324007e-06,-11.690823812645583,1.3370751561776398e-05,-11.415944955377249,1.1121821912378278e-05,-11.558157893360264
2022-05-25,validation,True,1.2046172575311515e-05,-11.326763577087114,8.066265517318954e-06,-11.428251862431852,-9.74956131986482,1.0879153367723615e-05,-11.637814243133192,9.63142335897631e-06,-11.715387985485506,1.2674533337097032e-05,-11.469419826246526,1.1100525686213385e-05,-11.56007454348823
2022-05-26,validation,True,1.0304415224710062e-05,-11.482938091985035,6.755370397575335e-06,-11.326763577087114,-9.770744717323128,1.0889508558279754e-05,-11.636862857938052,9.069906460123173e-06,-11.775457054076675,1.2346285680825135e-05,-11.495659294210759,1.0246407682730558e-05,-11.64013983562548
2022-05-27,validation,True,8.893067298352124e-06,-11.63023854001079,1.2159919477298167e-05,-11.482938091985035,-9.836960490723618,1.023453315412816e-05,-11.69889506068266,1.0774567711508844e-05,-11.60323048944049,1.0935777548485672e-05,-11.616974799459012,1.1500759044987412e-05,-11.524653972700444
2022-05-30,validation,True,6.468127769723599e-06,-11.94862386231286,1.2873138016374293e-05,-11.63023854001079,-9.836960490723618,1.0029603929316919e-05,-11.71912155347498,1.0808683795545474e-05,-11.600069138849836,1.0841760200922452e-05,-11.625609194471789,1.1633234822004388e-05,-11.513200937321562
2022-06-01,validation,True,1.298266768722543e-05,-11.251895344906545,9.127772802264763e-06,-11.601875387713463,-9.657320731519592,1.1240761088691816e-05,-11.605116111376407,1.0197004772273765e-05,-11.658324977654338,1.1310399019249815e-05,-11.583291987737653,1.0427894372116835e-05,-11.622582643039634
2022-06-02,validation,True,6.384471157810534e-06,-11.961641897624883,5.4932241578594755e-06,-11.251895344906545,-9.694602406619929,1.1527690138851535e-05,-11.579910686733818,8.719019464712793e-06,-11.814912220152909,1.0990270034858162e-05,-11.61200421838558,8.583553451036335e-06,-11.817219026909688
2022-06-06,validation,True,5.735952606517326e-06,-12.0687567171632,5.597645251093027e-06,-12.352794529268213,-9.94422381801165,8.504337008629472e-06,-11.884086396387293,7.042701715871497e-06,-12.028427142034486,9.456911253617603e-06,-11.762268733670929,7.88423199206917e-06,-11.902202195264866
2022-06-07,validation,True,1.0177788567632258e-05,-11.49530280348243,8.607826825418645e-06,-12.0687567171632,-10.310835252438286,7.062952256845865e-06,-12.069799535276754,7.484403938191631e-06,-11.967597624519456,7.683708593741967e-06,-11.969912237043987,8.14380877049259e-06,-11.86980903130084
2022-06-08,validation,True,6.374958241314209e-06,-11.963133017323322,8.532268342168719e-06,-11.49530280348243,-9.915966181749882,9.734175666885118e-06,-11.749019708086635,9.192800033476527e-06,-11.761998432441054,9.271941064051985e-06,-11.782021807778774,8.960158265737545e-06,-11.774279119385815
2022-06-09,validation,True,6.597895315694095e-06,-11.92875985135012,4.516430214609158e-06,-11.963133017323322,-10.148930048205829,7.913792447278845e-06,-11.956055549467163,6.3450103791089436e-06,-12.132750268085559,7.918465687926973e-06,-11.939817096672826,6.519184672232023e-06,-12.092317691955472
2022-06-10,validation,True,7.230817130211637e-06,-11.837158508786777,4.489866412011897e-06,-11.92875985135012,-10.006836684677172,8.674811849553792e-06,-11.864239029281155,6.686387721236847e-06,-12.080345228712908,8.492894241499717e-06,-11.869784715171063,6.7427347684270585e-06,-12.058601415182153
2022-06-13,validation,True,1.4695421840139721e-05,-11.127974552133198,1.1623061853131466e-05,-11.837158508786777,-10.006836684677172,8.784614444224216e-06,-11.851660833356044,9.564073856505705e-06,-11.722405233132879,8.653936157351293e-06,-11.851000292926063,9.522409084368832e-06,-11.713419137932437
2022-06-14,validation,True,1.61925538734281e-05,-11.030959058834314,1.2680456421903036e-05,-11.127974552133198,-9.233968506617767,1.5550847491252413e-05,-11.280547527881343,1.4140259754999569e-05,-11.33139297451797,1.313602139492767e-05,-11.433656376026509,1.2293110628726266e-05,-11.458028015831768
2022-06-15,validation,True,1.9073583899747982e-05,-10.867206222094893,8.646225513573876e-06,-11.030959058834314,-9.581625842666863,1.2734808765437219e-05,-11.480323574203613,1.0995968296674276e-05,-11.582890317914046,1.1358124521631633e-05,-11.57908125272341,1.0032500606995303e-05,-11.661237126141605
2022-06-16,validation,True,3.872080529661533e-05,-10.159133497822395,9.102019057383217e-06,-10.867206222094893,-8.668766501843656,2.2790979229406993e-05,-10.898297856228515,1.5798758983734413e-05,-11.220487613429134,1.9353559679911183e-05,-11.046138192117136,1.3868440179135832e-05,-11.337451241848685
2022-06-17,validation,True,8.619039751260514e-06,-11.661536877259467,9.47779029792917e-06,-10.159133497822395,-8.91368918935945,2.1616725372358385e-05,-10.95119532821537,1.5998469620326654e-05,-11.207925936108378,1.87983985810497e-05,-11.075242873111291,1.4228935531737255e-05,-11.311789405015675
2022-06-20,validation,True,9.920095589535607e-06,-11.520948000672023,1.581865643185912e-05,-11.661536877259467,-8.91368918935945,1.758709709722079e-05,-11.157497152362112,1.611138215674856e-05,-11.200893016578778,1.9919278975944884e-05,-11.017326501945297,1.7718779538699e-05,-11.09244194178973
2022-06-22,validation,True,8.853662735893699e-06,-11.634679316101801,9.097610905346073e-06,-11.40692490148049,-9.878681542526008,1.0080796409026397e-05,-11.714030397712456,9.637274200476892e-06,-11.714780695692063,1.1600470854445642e-05,-11.557968869270939,1.0785276689513428e-05,-11.58888507526002
2022-06-23,validation,True,1.6229058546281125e-05,-11.028707185126954,6.6870152935931585e-06,-11.634679316101801,-9.663737113961776,1.1146317298001978e-05,-11.613553509892034,9.046556293777876e-06,-11.778034839772769,1.2585169225457961e-05,-11.476495482363323,1.0042376190565467e-05,-11.66025325117526
2022-06-24,validation,True,1.7947702654290698e-05,-10.92804843705426,7.609232507018928e-06,-11.028707185126954,-9.565459198512963,1.2865607985026322e-05,-11.47010496260572,1.0558504455316054e-05,-11.623487360345006,1.1736052332863899e-05,-11.546349057455402,9.843120631573876e-06,-11.680294211661625
2022-06-27,validation,True,1.270629398051328e-05,-11.273413098246612,5.623726540647757e-06,-10.92804843705426,-9.565459198512963,1.3044669890531509e-05,-11.456283053238408,9.57044020843202e-06,-11.721739801845768,1.2292965760831582e-05,-11.499987348035965,9.206431513180195e-06,-11.74716469246972
2022-06-28,validation,True,5.415007427884089e-06,-12.126336305788515,4.385355458787436e-06,-11.273413098246612,-9.93162455224797,9.939470915635198e-06,-11.728148874618096,7.3641401159909365e-06,-11.983796714696204,1.0458346029682935e-05,-11.661614234683267,7.785680501767979e-06,-11.914780796421425
2022-06-29,validation,True,9.262282287238185e-06,-11.589560072369922,3.914949123990675e-06,-12.126336305788515,-10.290678831204906,7.094441283299707e-06,-12.065351106504707,5.616331111323237e-06,-12.25474038148947,8.716254370141132e-06,-11.843824956528408,6.763729081159373e-06,-12.055492632620787
2022-06-30,validation,True,7.493418136860015e-06,-11.80148550447431,4.8168749831814006e-06,-11.589560072369922,-9.885576348302356,9.789668658251448e-06,-11.743335055015098,7.458587440390016e-06,-11.97105295991162,1.0542757128423298e-05,-11.653575461417754,8.031460035565612e-06,-11.883700675761581
2022-07-01,validation,True,1.2265932397692707e-05,-11.308684862132859,1.494684201661347e-05,-11.80148550447431,-9.048789960214528,1.588123272238614e-05,-11.259524585906195,1.4792716561837403e-05,-11.286284069606907,1.5659906078171744e-05,-11.257910864477752,1.4628904680135927e-05,-11.284067665644153
2022-07-04,validation,True,7.402675799414496e-06,-11.81366902859822,7.451300451352361e-06,-11.308684862132859,-9.048789960214528,1.6993089681651463e-05,-11.19185589396421,1.217257451964519e-05,-11.48123357402081,1.4923442331430782e-05,-11.30608127003114,1.1081644903756036e-05,-11.561776882485256
2022-07-06,validation,True,1.4419927129972635e-05,-11.146899479520195,1.0544014044830226e-05,-11.615426974404278,-8.951198083438925,1.7296529530815618e-05,-11.174156789841968,1.3787458037436029e-05,-11.356659663991273,1.5705293972548418e-05,-11.255016706239667,1.2848498686478137e-05,-11.413840039024908
2022-07-07,validation,True,9.901322416872721e-06,-11.522842232282514,1.1541303004291637e-05,-11.146899479520195,-9.141880127299286,1.6411172276135136e-05,-11.226700326822925,1.4085056547947951e-05,-11.335304588959879,1.4484998588116575e-05,-11.33590102371075,1.2776842737946136e-05,-11.419432638484276
2022-07-08,validation,True,3.879646296268879e-05,-10.157181476245885,8.128606632759573e-06,-11.522842232282514,-9.755219096750814,1.0701584745383892e-05,-11.65427082852031,9.530615047368557e-06,-11.725909751436339,1.085625029188164e-05,-11.624273579566632,9.731582956921905e-06,-11.69169043856219
2022-07-11,validation,True,5.844674504087971e-06,-12.04997965251423,8.675848706458076e-06,-10.157181476245885,-9.755219096750814,1.2908898912266767e-05,-11.466745754367762,1.1492973738106109e-05,-11.53868313569377,1.1769561926230557e-05,-11.543497856402052,1.0698693615660467e-05,-11.596945367783757
2022-07-12,validation,True,1.6269346962798142e-05,-11.026227775043584,3.0222367182039944e-05,-12.04997965251423,-10.23651399279045,7.411233948409711e-06,-12.021665715870693,1.2177565307831566e-05,-11.480823655368052,9.745981183103254e-06,-11.732159543770727,1.5032525244901385e-05,-11.256850806518434
2022-07-13,validation,True,8.40870579949242e-06,-11.68624298411009,7.2868196714541276e-06,-11.026227775043584,-9.394618168834315,1.4290796403086467e-05,-11.365046944181191,1.1046159987332216e-05,-11.578336149935252,1.4891663491970763e-05,-11.308212998268667,1.1538334091212447e-05,-11.521392118657971
2022-07-14,validation,True,2.2454228219490037e-05,-10.70403162211143,1.2226235405374086e-05,-11.68624298411009,-8.650516133884086,2.0595771300602483e-05,-10.999576888013015,1.605503629879896e-05,-11.204396416601941,2.184820648037133e-05,-10.924895722565573,1.6953139116674986e-05,-11.13661399450023
2022-07-15,validation,True,8.669983434373415e-06,-11.655643677857222,1.9343749583077098e-05,-10.70403162211143,-9.105341281451018,1.7835148359019773e-05,-11.143491528870424,1.8164775148230814e-05,-11.08093471774462,1.7295460246158475e-05,-11.158570503909525,1.7531545100351435e-05,-11.103065174403515
2022-07-18,validation,True,1.7349796365227136e-05,-10.9619297885148,1.0304320635758904e-05,-11.655643677857222,-9.105341281451018,1.5650470313887544e-05,-11.274161697526425,1.2882077511895433e-05,-11.424581999867371,1.5929911743313056e-05,-11.240815973835012,1.3158543229479295e-05,-11.38999578688169
2022-07-19,validation,True,5.998094081801698e-06,-12.024068792231681,8.251099034927353e-06,-10.9619297885148,-9.615506291601385,1.259186139020937e-05,-11.49161198221826,1.0769305032653099e-05,-11.603719044030736,1.258341644793831e-05,-11.476634765320675,1.0821348034487647e-05,-11.58554615685454
2022-07-20,validation,True,9.613402042649028e-06,-11.55235238694759,5.7061672626610285e-06,-12.024068792231681,-10.25781249190019,7.341182288241079e-06,-12.031162761719095,6.599668042488783e-06,-12.093399653869088,8.959495699442473e-06,-11.816300615601461,7.868576292897871e-06,-11.904189866801588
2022-07-21,validation,True,1.3113402932788387e-05,-11.241875726152125,1.8993853345248748e-05,-11.55235238694759,-10.114001286776832,8.554204918650687e-06,-11.878239700662634,1.1395478590839861e-05,-11.54720234315457,9.54222032903547e-06,-11.753288360186648,1.2358744625329117e-05,-11.452703130462227
2022-07-22,validation,True,1.290984500162118e-05,-11.257520359248968,4.87526564651897e-06,-11.241875726152125,-8.831856592728215,1.9588656407081386e-05,-11.049712022114075,1.1352567588222525e-05,-11.550975067473589,1.7453903728097382e-05,-11.149451224484169,1.0539031543376706e-05,-11.611981354841909
2022-07-25,validation,True,1.4380099124996945e-05,-11.149665312440824,8.888761181885033e-06,-11.257520359248968,-8.831856592728215,1.954662052671742e-05,-11.051860257661307,1.4106964686724507e-05,-11.33375038019959,1.7815905488321704e-05,-11.12892293239538,1.3191378441494572e-05,-11.387503541977054
2022-07-26,validation,True,1.1368734626063838e-05,-11.384643546978742,1.0291924962403127e-05,-11.149665312440824,-9.895266796611534,1.0337641670249358e-05,-11.688870901312601,1.0335024534257553e-05,-11.644880438012928,1.0095203073632413e-05,-11.696954189638701,1.0154422409864512e-05,-11.649157693802305
2022-07-27,validation,True,6.164570860140255e-06,-11.996692032831575,8.23472523497488e-06,-11.384643546978742,-9.778006718838038,1.0755322836982207e-05,-11.649261886411841,9.657091789631794e-06,-11.7127264591202,1.1138599085575098e-05,-11.598598086203054,1.000673813719735e-05,-11.663808330000194
2022-07-28,validation,True,2.0702545197422384e-05,-10.785253908854253,8.517261915127776e-06,-11.996692032831575,-9.302145559725885,1.3237295409328581e-05,-11.441624410644483,1.0758222627016696e-05,-11.60474864731734,1.4302777987862766e-05,-11.348560774175565,1.1584571957536803e-05,-11.517392800591606
2022-07-29,validation,True,1.390897774939808e-05,-11.182976045067495,1.0418785096675599e-05,-10.785253908854253,-9.256732203013463,1.607431382797237e-05,-11.247440082516688,1.3603167226804056e-05,-11.370116355091454,1.4598950218188096e-05,-11.328064934194629,1.2624022191091575e-05,-11.431465487852002
2022-08-01,validation,True,1.304254952456852e-05,-11.247293504888699,8.009083190042412e-06,-11.182976045067495,-9.256732203013463,1.5219987827107342e-05,-11.302053113429247,1.1784042396716376e-05,-11.51367272806962,1.4886857090750099e-05,-11.308535808211428,1.1688044721042621e-05,-11.508500509126677
2022-08-02,validation,True,7.966022724537914e-06,-11.740325220517715,1.7515801710912762e-05,-11.247293504888699,-9.540617146784495,1.2676750416039656e-05,-11.484893026239508,1.406553115727766e-05,-11.336691799344678,1.2834951977636504e-05,-11.45684248466029,1.4161708099728774e-05,-11.316525300300976
2022-08-03,validation,True,9.75650538256119e-06,-11.537576276721746,1.2110711359760747e-05,-11.740325220517715,-9.010344907899064,1.6397047610297407e-05,-11.227561371205052,1.3990073062205716e-05,-11.342070993920883,1.691232826396106e-05,-11.18097171839976,1.4452993203939348e-05,-11.296165474554833
2022-08-04,validation,True,6.734521225764819e-06,-11.908263838117302,1.1744375044130019e-05,-11.537576276721746,-9.76609147440308,1.0609017851594255e-05,-11.662958285906939,1.0838699188146213e-05,-11.597296017326673,1.1530574842598374e-05,-11.564012368168658,1.1633144781591549e-05,-11.513208677280625
2022-08-05,validation,True,7.982513898384588e-06,-11.738257171252245,6.470804939560691e-06,-11.908263838117302,-9.793562019709864,9.914173799358045e-06,-11.730697235922085,8.26112808506373e-06,-11.868857854794555,1.0724342533502297e-05,-11.636498396762482,8.945077060742319e-06,-11.775963677928232
2022-08-08,validation,True,7.849953552980529e-06,-11.755002943005229,5.335922120426327e-06,-11.738257171252245,-9.793562019709864,1.0148336666726781e-05,-11.707352849207172,7.858251548791716e-06,-11.918854872611476,1.0157845583606693e-05,-11.690768186652766,7.980238815361314e-06,-11.890098672052506
2022-08-09,validation,True,1.6812439164840396e-05,-10.993391519056917,5.67719150273558e-06,-11.755002943005229,-10.205798908982223,7.864260044228182e-06,-11.96233421608942,6.929807619050978e-06,-12.044586952826169,7.932923949523137e-06,-11.937992869783402,7.071249365690344e-06,-12.01102983183083
2022-08-10,validation,True,6.2789422618216194e-06,-11.97830902131627,4.277460212174035e-06,-10.993391519056917,-9.75677282979717,1.1497627978107022e-05,-11.582521914745818,8.02950771150961e-06,-11.89729578512776,1.0318111357096938e-05,-11.675113822187795,7.465080596357729e-06,-11.956830782305563
2022-08-11,validation,True,5.857431559423514e-06,-12.04779935089674,9.253602082111863e-06,-11.97830902131627,-9.186963587129672,1.4241548901030051e-05,-11.3684989948582,1.1576851002828226e-05,-11.531411504005252,1.4038370291990021e-05,-11.367220241668726,1.1545235496099704e-05,-11.520794169101965
2022-08-12,validation,True,8.136755221831847e-06,-11.719119078817032,5.220550732388295e-06,-12.04779935089674,-9.952163805215978,8.825009687889604e-06,-11.847072965470012,7.101011692234349e-06,-12.020181739283682,9.355668664223705e-06,-11.773032123620819,7.5459816089908045e-06,-11.946051825450768
2022-08-15,validation,True,9.429560881751826e-06,-11.571661028495207,7.200295479419775e-06,-11.719119078817032,-9.952163805215978,9.232429945631871e-06,-11.801940386151337,8.305056618746407e-06,-11.863554444573097,9.251493558340155e-06,-11.784229553203312,8.372307897104396e-06,-11.842137428888725
2022-08-16,validation,True,1.0150754819924788e-05,-11.497962488746476,5.452842991698554e-06,-11.571661028495207,-9.581887852635527,1.1821645925659979e-05,-11.554730414573136,8.710725374060535e-06,-11.815863937043204,1.121550850933536e-05,-11.591717048622218,8.432623352152598e-06,-11.834959093773822
2022-08-17,validation,True,7.3452143723333604e-06,-11.821461562605952,4.204576562335307e-06,-11.497962488746476,-10.066109361197299,8.875076891139518e-06,-11.841415666952312,6.730484698818654e-06,-12.073771843353825,8.33836853057634e-06,-11.888146980060327,6.488879574334302e-06,-12.096977132768682
2022-08-18,validation,True,5.756532193825132e-06,-12.065175314244295,4.405878360228269e-06,-11.821461562605952,-9.547008765486309,1.1669869406008345e-05,-11.567652410404186,7.919005587511839e-06,-11.91115336423291,1.1107677744192665e-05,-11.601377999582015,7.732531365770325e-06,-11.92163072787889
2022-08-19,validation,True,9.921119174765693e-06,-11.52084482299433,9.180801967202218e-06,-12.065175314244295,-10.20111417388563,7.558016574925836e-06,-12.002053868111062,7.970192870320636e-06,-11.904710312996276,7.958731978205918e-06,-11.934744869513494,8.322362674731744e-06,-11.848120819955344
2022-08-22,validation,True,1.0433788275738852e-05,-11.470461145333529,7.044319385759077e-06,-11.52084482299433,-10.20111417388563,8.144584983550258e-06,-11.927309378834398,7.723215503495973e-06,-11.93618821172908,7.889843228741626e-06,-11.943438292414072,7.5450438253116664e-06,-11.946176109076745
2022-08-23,validation,True,1.1939782310276388e-05,-11.335634682136174,5.7906676432000005e-06,-11.470461145333529,-9.866304961510954,1.0069329127967665e-05,-11.715168582412659,8.146825854320246e-06,-11.882790619380224,9.409112996881718e-06,-11.767335870060982,7.756547329564981e-06,-11.918529706376901
2022-08-24,validation,True,7.2773243719370854e-06,-11.830747294639194,3.632365912495008e-06,-11.335634682136174,-9.539827076227096,1.252997017083025e-05,-11.496539277781578,7.84236435562253e-06,-11.920878640174259,1.1218829045617711e-05,-11.591421025947293,7.27234541524852e-06,-11.982988154709709
2022-08-25,validation,True,6.7354194648546455e-06,-11.908130468696932,6.582210380109379e-06,-11.830747294639194,-10.162963562576087,7.989943696106905e-06,-11.946478953108405,7.359042809229442e-06,-11.984489133854622,8.278724033500961e-06,-11.89532570317194,7.607328262395003e-06,-11.93795498204481
2022-08-26,validation,True,6.499830770160201e-06,-11.943734416761577,4.5511326812025194e-06,-11.908130468696932,-10.28592440956012,7.331562300683054e-06,-12.03247403499563,6.100750108154544e-06,-12.172007272874765,7.784235557729967e-06,-11.956913951249705,6.454283007761074e-06,-12.102323067156572
2022-08-29,validation,True,1.1093762514896195e-05,-11.409127543185901,1.382371156678537e-05,-11.943734416761577,-10.28592440956012,7.295806211051055e-06,-12.037362974632675,9.110562732768028e-06,-11.770984524794196,7.5900227986038405e-06,-11.982179962288306,9.298419126147356e-06,-11.737222610529324
2022-08-30,validation,True,1.5269939835596126e-05,-11.089624378781041,8.508655809459825e-06,-11.409127543185901,-9.735530368920067,1.1001974828453347e-05,-11.62658787952242,9.89251417989618e-06,-11.688640677368875,9.926637499379967e-06,-11.713792757152547,9.0606050667808e-06,-11.763131107565634
2022-08-31,validation,True,1.3751800920352208e-05,-11.19434076640269,8.851947478034205e-06,-11.089624378781041,-9.694986226204716,1.1784662270839725e-05,-11.55786378763353,1.0578696191495465e-05,-11.621576819525648,1.0279911783373745e-05,-11.678822878853634,9.417897836453597e-06,-11.724455105731119
2022-09-01,validation,True,1.543857130820924e-05,-11.078641549500713,1.0118680490452114e-05,-11.19434076640269,-9.78733992751219,1.0977100141443623e-05,-11.628851368560426,1.0615467916878908e-05,-11.618106830136849,1.0241102262327113e-05,-11.682605300836283,9.958851680971274e-06,-11.668605237928858
2022-09-02,validation,True,4.905511640713433e-06,-12.22515116035354,5.533375741295712e-06,-11.078641549500713,-9.275776358666565,1.5260427181737544e-05,-11.299399647041348,1.0356170958693252e-05,-11.642836435112729,1.3949478921834636e-05,-11.373572403163735,9.673280671130447e-06,-11.69769949508989
2022-09-05,validation,True,7.175794474109747e-06,-11.844797074349573,9.187531200356275e-06,-12.22515116035354,-9.275776358666565,1.3037509941590127e-05,-11.456832083201956,1.0862539825876837e-05,-11.595098848095349,1.4410933251820063e-05,-11.341027385366587,1.179501550631181e-05,-11.499389982293383
2022-09-07,validation,True,9.114244297503382e-06,-11.60567206084024,2.063533127822134e-05,-11.812722295519666,-9.41824657614097,1.2643401806164323e-05,-11.487527183322443,1.4574599709633192e-05,-11.301138737360645,1.230987007740192e-05,-11.498613171551465,1.4043127983993492e-05,-11.324933845137245
2022-09-08,validation,True,1.4489672365718718e-05,-11.142074412948828,8.066373049615067e-06,-11.60567206084024,-9.561896064174487,1.191164000198432e-05,-11.547146592600269,1.0078663007692361e-05,-11.669998389323693,1.1031105104064637e-05,-11.60829553845495,9.468988353747277e-06,-11.719044934737639
2022-09-09,validation,True,1.5943964706201644e-05,-11.046430188666262,8.814873186501217e-06,-11.142074412948828,-9.665351965997097,1.191455952219483e-05,-11.546901524542129,1.0607415606660132e-05,-11.618865662987837,1.0261879683700113e-05,-11.680578529458328,9.374795222933871e-06,-11.729042281072573
2022-09-12,validation,True,9.57773923043671e-06,-11.556068982303326,8.147284511402468e-06,-11.046430188666262,-9.665351965997097,1.207206956407081e-05,-11.533768182186371,1.0425679848074573e-05,-11.636147026240806,1.0977293269960894e-05,-11.613185666343794,9.637092298728975e-06,-11.70144757544264
2022-09-13,validation,True,7.099309898851542e-06,-11.855512975985826,1.0263199971891729e-05,-11.556068982303326,-9.69232348264527,1.1071579184740358e-05,-11.620281275072172,1.0568943213423184e-05,-11.622499189968703,1.1170490149546725e-05,-11.595739064451099,1.0609687180886685e-05,-11.605299541034743
2022-09-14,validation,True,1.339368583429225e-05,-11.220727168456131,1.520388495743774e-05,-11.855512975985826,-8.773181185804669,1.866508392753275e-05,-11.09800805719089,1.630918630355812e-05,-11.188690479075643,1.8103229949579204e-05,-11.112924184855533,1.582217613682196e-05,-11.20565450086688
2022-09-15,validation,True,1.0254141003666485e-05,-11.487828933608322,8.57913047859352e-06,-11.220727168456131,-9.758857069861023,1.1130028436920569e-05,-11.615015945803053,1.0064924101747783e-05,-11.671362486790578,1.089234487252807e-05,-11.620954320229387,9.869611180836696e-06,-11.677606551172845
2022-09-16,validation,True,1.9324449154000485e-05,-10.854139468217847,8.039615151218784e-06,-11.487828933608322,-9.068993299401082,1.6376116871385613e-05,-11.228838680985085,1.2161709116664015e-05,-11.482126586025242,1.541154500040864e-05,-11.273897653555364,1.1624995660392203e-05,-11.51390943162968
2022-09-19,validation,True,1.6827441992170836e-05,-10.992499552271713,1.15657235612061e-05,-10.854139468217847,-9.068993299401082,1.7864915481360377e-05,-11.141823905564642,1.4981277104209829e-05,-11.27361777663619,1.5386467831827207e-05,-11.275526146553277,1.3222449556899815e-05,-11.385150900796951
2022-09-20,validation,True,1.1771700153644033e-05,-11.349812199065589,9.776832974667695e-06,-10.992499552271713,-9.676394769736442,1.2079758760119028e-05,-11.53313144394819,1.1170979243033901e-05,-11.567099728568685,1.1718152354197748e-05,-11.547875434698229,1.087392847155296e-05,-11.580698969034671
2022-09-21,validation,True,7.92411487736954e-06,-11.745599931836598,9.26114199905655e-06,-11.349812199065589,-9.807747126598814,1.0611668009421395e-05,-11.662708514730053,1.0015708206215727e-05,-11.67626432387657,1.1313870748489984e-05,-11.582985084637304,1.0542977544478095e-05,-11.611607007109582
2022-09-22,validation,True,6.093363093461485e-05,-9.70572530357697,2.4804924987022807e-05,-11.745599931836598,-8.360630742386196,2.440093352128893e-05,-10.830041275430114,2.2871682963972768e-05,-10.850519411436338,2.3694578615940538e-05,-10.843768285868485,2.212945755160047e-05,-10.870157367943271
2022-09-23,validation,True,3.660367491884768e-05,-10.215361914978672,7.75937322829764e-06,-9.70572530357697,-8.663488400164486,2.681840092518859e-05,-10.735574412466777,1.716044706911906e-05,-11.137811858344534,2.2708320623570388e-05,-10.886283152840797,1.5049713113091099e-05,-11.25570808104332
2022-09-26,validation,True,3.463765015528897e-05,-10.270569312734729,0.00011866657846954166,-10.215361914978672,-8.663488400164486,2.500579850976124e-05,-10.805554927701992,4.366468818297263e-05,-10.203879280324262,2.433266661186717e-05,-10.817194804867356,4.116602172547113e-05,-10.24945380911398
2022-09-27,validation,True,1.7298212382237213e-05,-10.964907392306024,1.1077813812370551e-05,-10.270569312734729,-8.366467954330604,2.97725431807296e-05,-10.63107606705148,2.029392411274646e-05,-10.970097468587635,2.9699712625888978e-05,-10.617877187594107,2.0377287933767905e-05,-10.952646065752823
2022-09-28,validation,True,4.8993113036374264e-05,-9.92383082000984,1.1665649764306532e-05,-10.964907392306024,-9.337023918566176,1.4929490469969723e-05,-11.32132418303027,1.3484370698045997e-05,-11.378887716352748,1.8651414142594087e-05,-11.083092588904561,1.622928144200942e-05,-11.180249902700691
2022-09-29,validation,True,2.1524181635411755e-05,-10.746333527634008,1.776911434796696e-05,-9.92383082000984,-8.765425509553134,2.4450643048374506e-05,-10.828006149944587,2.1814265041341818e-05,-10.897854889554276,2.6083365527601938e-05,-10.747716782423506,2.2922534023293507e-05,-10.834946564587625
2022-09-30,validation,True,1.66250773364982e-05,-11.004598319613736,9.728632686097973e-06,-10.746333527634008,-8.785689302103673,2.1569799841930653e-05,-10.95336848517405,1.5755323640432326e-05,-11.223240687968108,2.4961180650227504e-05,-10.791692713385611,1.7966853192470552e-05,-11.078538438840322
2022-10-03,validation,True,2.372470317670164e-05,-10.6489937245391,1.0964660439225791e-05,-11.004598319613736,-8.785689302103673,2.081826383890081e-05,-10.988831995458657,1.5956978433793223e-05,-11.2105227521367,2.4295121807094813e-05,-10.818738975945392,1.8341869360659687e-05,-11.057880620107285
2022-10-04,validation,True,1.8057030738030414e-05,-10.92197543445417,1.5912111295949425e-05,-10.6489937245391,-8.736428707916195,2.253015852809435e-05,-10.909807875335897,1.9410137265511578e-05,-11.014623535991504,2.411526879939334e-05,-10.82616935743704,2.0681318887035454e-05,-10.937836186227974
2022-10-05,validation,True,2.9043386572553627e-05,-10.446719757294796,1.1250861233347295e-05,-10.92197543445417,-9.030408405922804,1.812286917278787e-05,-11.127488035117617,1.491415377914845e-05,-11.278108324915525,2.1012545333751973e-05,-10.96389490126166,1.707175851690255e-05,-11.129641460324013
2022-10-06,validation,True,1.6200594875067216e-05,-11.030462595716962,1.1740365799667794e-05,-10.446719757294796,-9.065555131682741,1.8932704914458742e-05,-11.083771820696214,1.5835495412969085e-05,-11.21816503959584,1.939125105747275e-05,-11.044192569530052,1.6385457981589257e-05,-11.170672776771436
2022-10-07,validation,True,1.2008758587806653e-05,-11.329874292093612,8.950906445653196e-06,-11.030462595716962,-9.451083980050317,1.3796615639881745e-05,-11.400239347467402,1.1664656180441369e-05,-11.52385557446345,1.5998550642734092e-05,-11.236516424152347,1.3431940028302148e-05,-11.369431554875703
2022-10-10,validation,True,2.0875700697666528e-05,-10.77692472143541,1.2196166951496601e-05,-11.329874292093612,-9.451083980050317,1.3240889621347456e-05,-11.441352925870373,1.2598526388721034e-05,-11.446839151202187,1.594478646501791e-05,-11.23988264905889,1.490141599106461e-05,-11.26561076841001
2022-10-11,validation,True,1.6593795763692532e-05,-11.006481681638556,2.2060436905517525e-05,-10.77692472143541,-9.375735346416576,1.4960642837351327e-05,-11.319239724032315,1.7162208633629964e-05,-11.13770921101283,1.6149221486019487e-05,-11.22714271415323,1.83705285564958e-05,-11.05631933818163
2022-10-12,validation,True,1.8981693255034833e-05,-10.872035556167662,2.699340037577436e-05,-11.006481681638556,-9.235358907400325,1.579898385175979e-05,-11.26471704128165,1.889096281896462e-05,-11.041735355058947,1.746736992810348e-05,-11.148679992552244,2.059840828632689e-05,-10.941853204647233
2022-10-13,validation,True,7.096932394785668e-06,-11.855847924352995,4.833965913101628e-06,-10.872035556167662,-9.274357073518237,1.571322918357748e-05,-11.27015968536216,1.0109962284610913e-05,-11.666897702521894,1.650197224814553e-05,-11.205534653505946,1.0885842426079531e-05,-11.579603924810801
2022-10-14,validation,True,2.369426192085218e-05,-10.650277652181495,1.7216358899888808e-05,-11.855847924352995,-9.11192303962791,1.5164781081949994e-05,-11.30568696077377,1.5131561487706729e-05,-11.263636277829548,1.7978036803238465e-05,-11.11986372218444,1.7698200893378483e-05,-11.093604019831691
2022-10-17,validation,True,1.862466052393348e-05,-10.891024020767663,8.340982989909585e-06,-10.650277652181495,-9.11192303962791,1.7894940670801468e-05,-11.140144637260592,1.3419719694594244e-05,-11.383693760857575,1.796519719763148e-05,-11.120578160187032,1.379750421954817e-05,-11.3425792876522
2022-10-18,validation,True,1.40052294592211e-05,-11.176079765293517,1.3658250432442857e-05,-10.891024020767663,-9.57117619634555,1.3065293341209604e-05,-11.454703314899906,1.3260328223956464e-05,-11.395642267654683,1.4190242235992868e-05,-11.356459995539216,1.4407814713452836e-05,-11.299296261989369
2022-10-19,validation,True,1.8925337924279717e-05,-10.87500890282767,6.419981449302315e-06,-11.176079765293517,-9.785403438930183,1.101772980094332e-05,-11.62515689073818,9.017957366552922e-06,-11.781201152650713,1.2725408367855325e-05,-11.46541390376185,1.043948484134023e-05,-11.621471773265643
2022-10-20,validation,True,2.358457986245091e-05,-10.654917455147542,2.1741836913917675e-05,-10.87500890282767,-9.545106880562606,1.3304971079096304e-05,-11.4365249353262,1.588756506265018e-05,-11.214882273326674,1.428063755328758e-05,-11.35010995495638,1.6985721888641272e-05,-11.134693907554972
2022-10-21,validation,True,2.6846333902044584e-05,-10.525381286292925,1.0538491085136977e-05,-10.654917455147542,-9.357273556256095,1.5386531164580115e-05,-11.291170139035103,1.3388262576845803e-05,-11.386040609036446,1.634010167132142e-05,-11.215392245812364,1.430185688707672e-05,-11.306677628724518
2022-10-24,validation,True,1.8588182833382452e-05,-10.892984510692303,1.4460034310021985e-05,-10.525381286292925,-9.357273556256095,1.5662662982247152e-05,-11.2733829400089,1.526077071401458e-05,-11.25513347495745,1.637795422154428e-05,-11.213078381734666,1.5988386992937245e-05,-11.195204364034812
2022-10-25,validation,True,1.639342267958952e-05,-11.018630359701227,9.6843784714374e-06,-10.892984510692303,-9.394159201958693,1.455876596808324e-05,-11.34646938182933,1.24529456678718e-05,-11.458461810289492,1.6223050416961723e-05,-11.222581461290623,1.3832887191683545e-05,-11.340018122958572
2022-10-26,validation,True,1.3400811317278187e-05,-11.22019530677471,1.0148106319938917e-05,-11.018630359701227,-9.498208853525423,1.3425591696263257e-05,-11.427499952433386,1.202566744227696e-05,-11.493375686037183,1.5546320181925237e-05,-11.265190591088562,1.3769915237891557e-05,-11.344580852645247
2022-10-27,validation,True,9.47599420537157e-06,-11.566748883173666,1.5326053394974445e-05,-11.22019530677471,-9.593201149240961,1.2320432742408463e-05,-11.513403583382638,1.3191677944235699e-05,-11.400832833044342,1.4545304904262827e-05,-11.33174630290935,1.5203930434642047e-05,-11.245513034151116
2022-10-28,validation,True,1.2730169733878432e-05,-11.271535812107695,1.0416023194289493e-05,-11.566748883173666,-9.467400516508471,1.2689592151739055e-05,-11.483880524199677,1.1494633690851724e-05,-11.538538714161113,1.497614246104785e-05,-11.302556125146577,1.3355664846456641e-05,-11.375126381893079
2022-10-31,validation,True,1.1802990064874065e-05,-11.347157663263518,8.505102607659197e-06,-11.271535812107695,-9.467400516508471,1.3214559153947766e-05,-11.443343478086472,1.1059390927907745e-05,-11.577139080275579,1.4028532285646703e-05,-11.367921281387591,1.1824730665283071e-05,-11.496873852405079
2022-11-01,validation,True,9.534555053704591e-06,-11.56058798453091,6.809768156838299e-06,-11.347157663263518,-9.972496041873104,9.595893815868826e-06,-11.763327386608008,8.447119888704576e-06,-11.846593463347975,1.0483784038792114e-05,-11.659184871334185,9.259101848961899e-06,-11.741459958402139
2022-11-02,validation,True,5.002330465545424e-06,-12.205606661008742,1.0145136271082599e-05,-11.56058798453091,-9.670062578368253,1.1216722658695494e-05,-11.607256906796536,1.0602191926797935e-05,-11.619358239756131,1.1918206565201943e-05,-11.530947363081816,1.1308796226874063e-05,-11.541486159745425
2022-11-03,validation,True,2.080141763589826e-05,-10.780489418007456,7.086528045862413e-06,-12.205606661008742,-8.764209437248285,1.7887120323383635e-05,-11.140581747215975,1.1876313999247103e-05,-11.505873008676605,1.8460994292113253e-05,-11.093354467857788,1.2507866993394582e-05,-11.440709203987229
2022-11-04,validation,True,1.4794181905777204e-05,-11.12127656895847,1.3606817306315211e-05,-10.780489418007456,-9.409783435945682,1.464448144377242e-05,-11.340599094828136,1.4209695897840176e-05,-11.326494463738161,1.3371884520019504e-05,-11.415860224893663,1.3270665333914788e-05,-11.381511024516136
2022-11-07,validation,True,1.4492864619992333e-05,-11.141854124829253,1.57963538921044e-05,-11.12127656895847,-9.409783435945682,1.3974979350754328e-05,-11.387394124611221,1.4404842769310335e-05,-11.312854551574981,1.368591410145388e-05,-11.392647421330036,1.4227474951587256e-05,-11.31189205887303
2022-11-08,validation,True,7.9940855974501e-06,-11.736808590020424,7.180174731592118e-06,-11.141854124829253,-9.75139777222461,1.1302787042386937e-05,-11.599613329840007,9.546831603118072e-06,-11.724209674905925,1.1601232307841495e-05,-11.557903231555397,9.903853344105398e-06,-11.67414310171463
2022-11-09,validation,True,1.2871950147158262e-05,-11.260460021249509,1.038032110329717e-05,-11.736808590020424,-8.738809720719283,1.9375755090203434e-05,-11.060640119189026,1.456935603207264e-05,-11.301498584024126,1.9812524773706673e-05,-11.02270025541533,1.5063118498475373e-05,-11.254817737256143
2022-11-10,validation,True,1.3140899108614929e-05,-11.239781121935554,8.557167435988205e-06,-11.260460021249509,-9.254413644999097,1.5080326958460231e-05,-11.311271622126355,1.1970455654506575e-05,-11.49797741982375,1.541108888559115e-05,-11.27392724965148,1.2340500626687626e-05,-11.454180422725477
2022-11-11,validation,True,2.4945423653710243e-05,-10.598820173283356,2.6007128283129975e-05,-11.239781121935554,-8.479678439643019,2.4315329541364544e-05,-10.833555669295748,2.369930265701497e-05,-10.814973381090388,2.2266634683208438e-05,-10.905925201969351,2.2033811303302653e-05,-10.87448885880974
2022-11-14,validation,True,1.3819518254849162e-05,-11.18942859878159,1.447861928893852e-05,-10.598820173283356,-9.165781260332091,1.7436597794192295e-05,-11.166091347224732,1.619889739018701e-05,-11.195475827456086,1.5946972972012525e-05,-11.239745528559009,1.5096062734674617e-05,-11.252633046030756
2022-11-15,validation,True,1.0517907966876958e-05,-11.46243123289464,8.036946477125867e-06,-11.18942859878159,-9.547238651042923,1.2726121093997858e-05,-11.48100600582135,1.0634590502710101e-05,-11.61630706181477,1.332176201575408e-05,-11.419615617631377,1.1176245498094343e-05,-11.55327642154616
2022-11-16,validation,True,7.85561422702458e-06,-11.754282093639135,1.17782185486747e-05,-11.46243123289464,-8.680728829027625,2.084886303804019e-05,-10.987363249858294,1.609433556123585e-05,-11.20195162345436,2.124355200321296e-05,-10.952961143278207,1.650794232832876e-05,-11.163225391478157
2022-11-17,validation,True,1.1727912249068875e-05,-11.353538895021497,7.378910495892313e-06,-11.754282093639135,-9.78004966573413,1.0210246786618163e-05,-11.70127086311281,8.870175461981151e-06,-11.797724427409522,1.1877245673194156e-05,-11.534390116096551,1.0171634539249256e-05,-11.647464091000547
2022-11-18,validation,True,7.76481618192943e-06,-11.765907774286525,6.69666605654158e-06,-11.353538895021497,-9.669652101630147,1.1543104112541455e-05,-11.578574453935289,9.341443901072734e-06,-11.745958171488894,1.2268584006412852e-05,-11.5019727082969,9.94396610716911e-06,-11.670101063970794
2022-11-21,validation,True,8.864885079483955e-06,-11.633412581919313,1.0308620344695207e-05,-11.765907774286525,-9.981796165035073,9.008190882283115e-06,-11.826528404587066,9.315247917024854e-06,-11.748766386527077,9.674261496756309e-06,-11.739545652542095,9.927922600268964e-06,-11.671715758036578
2022-11-22,validation,True,8.254170507759895e-06,-11.70479196925579,5.2213222718309456e-06,-11.633412581919313,-9.883170439525678,9.745257277134332e-06,-11.747881932518268,7.647528853872434e-06,-11.946036435027109,9.798863881055282e-06,-11.726748109008453,7.80742687521942e-06,-11.911991565638331
2022-11-23,validation,True,8.086803996522336e-06,-11.725276961003175,8.107388569262158e-06,-11.70479196925579,-10.401594894731469,7.023132661010253e-06,-12.075453299560781,7.406191719476287e-06,-11.978102635839749,7.3824431250128e-06,-12.009909926881758,7.761314135775793e-06,-11.91791534255217
2022-11-24,validation,True,5.996143127683311e-06,-12.02439410748125,6.533982661761932e-06,-11.725276961003175,-9.393612272774794,1.299081635954699e-05,-11.460419992128084,9.766797029596982e-06,-11.701430430037806,1.2430228200197951e-05,-11.4888832932806,9.547889419264213e-06,-11.710746882954012
2022-11-25,validation,True,8.9478301437986e-06,-11.624099497105007,7.056983897628391e-06,-12.02439410748125,-9.393612272774794,1.2468052111528436e-05,-11.501493124548166,9.691756588777076e-06,-11.709143317058667,1.2052193109195297e-05,-11.519767913320326,9.55725818159669e-06,-11.709766124963634
2022-11-29,validation,True,1.1218448013633841e-05,-11.397950990642801,8.587498904496933e-06,-11.284183955478422,-9.987872767898411,9.588431034971725e-06,-11.764105394834157,9.212092355982814e-06,-11.759901997518869,8.922915510080213e-06,-11.820391813366305,8.718974471419026e-06,-11.801565385287375
2022-11-30,validation,True,6.2892545101947985e-06,-11.9766680141178,7.114670168895457e-06,-11.397950990642801,-9.896451333208846,9.983886729228067e-06,-11.723690199733475,8.764589340718309e-06,-11.809699339939671,9.582575272656338e-06,-11.74906818399712,8.539138013532762e-06,-11.822406942280772
2022-12-01,validation,True,1.0133263117325453e-05,-11.49968716745552,1.26986967280585e-05,-11.9766680141178,-9.120633415489277,1.4835846271116444e-05,-11.327616368375118,1.330582362350616e-05,-11.392217199222731,1.4454540524473707e-05,-11.338005969112299,1.3075278501946003e-05,-11.396343699739258
2022-12-02,validation,True,5.728958329024494e-06,-12.069976836255247,4.683132869881523e-06,-11.49968716745552,-9.559717357373994,1.2102412166774544e-05,-11.531257880706033,8.377339068564724e-06,-11.854888674558577,1.1564645642401668e-05,-11.561061902764646,8.189697011521688e-06,-11.864190107552982
2022-12-05,validation,True,7.5367064145120915e-06,-11.795725286427343,1.0457457911398424e-05,-12.069976836255247,-9.284222968971513,1.3249514315308183e-05,-11.440701769754664,1.1566620670996328e-05,-11.532295583338069,1.3291352131100397e-05,-11.421900949420895,1.1636179706104364e-05,-11.512947825313768
2022-12-06,validation,True,9.173104843860193e-06,-11.599234741886876,1.257478796485975e-05,-11.795725286427343,-9.606573035471108,1.1291317972338347e-05,-11.600628556690214,1.1401845891575431e-05,-11.546643742437539,1.073147633780803e-05,-11.635833420551469,1.0912433175147524e-05,-11.577164212354285
2022-12-07,validation,True,8.790983748040362e-06,-11.641783935801257,8.881219050951684e-06,-11.599234741886876,-9.910297518668298,9.629643614561986e-06,-11.759816448775048,9.231440682235236e-06,-11.757803881793418,8.975928581870613e-06,-11.814468165276486,8.73398215173797e-06,-11.799845598280283
2022-12-08,validation,True,4.585832892739896e-06,-12.292538812757684,6.618119267875854e-06,-11.641783935801257,-9.779229406526598,1.0374410195893336e-05,-11.685320450154403,8.643058240125347e-06,-11.823662521880625,9.778779815631314e-06,-11.72879984442469,8.289232939519522e-06,-11.852109573342613
2022-12-09,validation,True,8.949951055105036e-06,-11.623862494395812,1.0349228124866415e-05,-12.292538812757684,-10.060371032784657,7.985739959829478e-06,-11.947005219960577,8.517809315324076e-06,-11.838259819878951,8.265424571274178e-06,-11.896933457721211,8.759068396931882e-06,-11.796977457892623
2022-12-12,validation,True,6.053428842066434e-06,-12.014885695709294,7.070935057312554e-06,-11.623862494395812,-9.800772737211167,1.0263542329162122e-05,-11.696064629657613,8.805671742523391e-06,-11.805022974975305,9.381900989043277e-06,-11.770232150898304,8.192527153861313e-06,-11.863844593740058
2022-12-13,validation,True,7.71956778001896e-06,-11.771752182539098,3.663333882135528e-06,-12.014885695709294,-9.98612063964877,8.682376424986583e-06,-11.863367393185253,6.189802384065108e-06,-12.157515843886923,8.512052258349175e-06,-11.867531485505785,6.161313650739494e-06,-12.148777000003442
2022-12-14,validation,True,8.160475636554861e-06,-11.716208101893496,4.912057394209395e-06,-11.771752182539098,-8.887874388227665,1.7599220575975517e-05,-11.15680805045909,1.0473813341980784e-05,-11.631540830428051,1.4687441940018562e-05,-11.322021718583404,9.128987540474559e-06,-11.755612215050586
2022-12-15,validation,True,2.5375790297719106e-05,-10.58171497634961,1.3803579614997016e-05,-11.716208101893496,-9.22787009599577,1.4397868304254395e-05,-11.35758250486963,1.3622761728260122e-05,-11.368676954814497,1.2234478123949747e-05,-11.504756515831419,1.1825742609428068e-05,-11.496788277445638
2022-12-16,validation,True,1.5302460252941773e-05,-11.087496941647087,6.637073912784773e-06,-10.58171497634961,-9.315565413772651,1.594442808392316e-05,-11.25555323429911,1.1580021164856777e-05,-11.531137705192926,1.2946519786411373e-05,-11.448187547794165,9.75208204135161e-06,-11.689586204887947
2022-12-19,validation,True,5.6732285173657016e-06,-12.07975219885776,6.090746775271725e-06,-11.087496941647087,-9.776562560577874,1.1213164945656203e-05,-11.607574136479705,8.968826744067116e-06,-11.786664135290875,1.0766221554728587e-05,-11.63260095842012,8.677389791008715e-06,-11.806346241676671
2022-12-20,validation,True,1.7881411191547683e-05,-10.931748865631603,1.905066889985461e-05,-12.07975219885776,-10.28901737565762,7.147242579862947e-06,-12.057936036910041,1.0064861196701388e-05,-11.671368736737655,8.53560511612897e-06,-11.864768305527651,1.1427643626938168e-05,-11.531031710123266
2022-12-21,validation,True,5.623458974221589e-06,-12.088563607546108,4.723329991854584e-06,-10.931748865631603,-9.45688454315285,1.3935264961950795e-05,-11.39023999117995,9.329032853667566e-06,-11.747287655400449,1.322202748473952e-05,-11.427130369838014,8.984621634761525e-06,-11.77155260122126
2022-12-22,validation,True,6.995108249954341e-06,-11.87029947463357,4.083319977642474e-06,-12.088563607546108,-10.3388673201753,6.923774096371197e-06,-12.089701655458915,5.631937536908772e-06,-12.251965476997437,8.640552241778086e-06,-11.852548059814124,6.8029468012691985e-06,-12.049711138363898
2022-12-23,validation,True,4.735891179784867e-06,-12.260340637887921,6.9930754268282276e-06,-11.87029947463357,-9.685709654567079,1.0647093495748358e-05,-11.65937572235557,8.870288964040043e-06,-11.797711631571017,1.0988683185113632e-05,-11.612148615594256,9.13487235922841e-06,-11.75496779278828
2022-12-27,validation,True,2.553444765616471e-06,-12.878067221945816,4.669930329183953e-06,-12.260340637887921,-10.151682139919497,7.584519684203108e-06,-11.998553379700596,6.192323164256808e-06,-12.15710867950845,8.171002006365572e-06,-11.908423011510289,6.652094686562399e-06,-12.07213521427424
2022-12-28,validation,True,1.3793799708835292e-05,-11.191291363226224,5.797035469419504e-06,-12.878067221945816,-9.552105455109999,1.0062331594366812e-05,-11.715863759425542,7.698991664653886e-06,-11.939329637401704,1.1071075669717963e-05,-11.604678645657202,8.414257252333555e-06,-11.837139450781887
2022-12-29,validation,True,6.694987051106648e-06,-11.914151512937027,4.083875251635058e-06,-11.191291363226224,-9.856945421984557,1.0523018679537796e-05,-11.671097553194278,7.440816811201471e-06,-11.973438375773224,8.61174710514606e-06,-11.855887343792395,6.3837808021702166e-06,-12.113306485745056
2022-12-30,validation,True,6.217597846206565e-06,-11.988126924166052,3.4596892179102418e-06,-11.914151512937027,-10.163122874974844,7.898188665273508e-06,-11.958029215759762,5.761863553605056e-06,-12.229158049049868,7.618863325060401e-06,-11.978387368827923,5.676200012912939e-06,-12.23078501276974
2023-01-03,validation,True,2.4347404201967736e-05,-10.623085317733533,2.0039492206032696e-05,-11.988126924166052,-10.019907919656475,8.535719213759688e-06,-11.880403046966258,1.1404516756272802e-05,-11.546409521422042,8.154508931520504e-06,-11.910443540058393,1.0827216340556045e-05,-11.585004014095283
2023-01-04,validation,True,1.213027476259457e-05,-11.319806183773135,5.333615910024625e-06,-10.623085317733533,-9.134199979389669,1.7718285929194857e-05,-11.150065456426503,1.1347024768683842e-05,-11.551463430397618,1.4155831924159098e-05,-11.358887868163988,9.505281382342036e-06,-11.71521943068817
2023-01-05,validation,True,1.5556989123716206e-05,-11.071000558984288,1.0573142357211951e-05,-11.319806183773135,-9.524215204484145,1.267797477601463e-05,-11.484796447793743,1.1666598775313074e-05,-11.523689051498451,1.2484384613622768e-05,-11.484535925001262,1.1465384103952007e-05,-11.52773459174756
2023-01-06,validation,True,8.07162941772949e-06,-11.72715518556428,7.706686978681754e-06,-11.071000558984288,-9.38780820027389,1.4262617591532653e-05,-11.36702070610733,1.1241107181840664e-05,-11.560841661707093,1.3424012953600014e-05,-11.411969442777286,1.0709041805617159e-05,-11.595978596608848
2023-01-09,validation,True,5.549377991820722e-06,-12.101824710032457,8.061943862518926e-06,-11.72715518556428,-9.050250238300713,1.602980226627733e-05,-11.25021303475036,1.1909213487770836e-05,-11.50310666182788,1.6464646009218355e-05,-11.207799141454709,1.2219593494639255e-05,-11.4640263221911
2023-01-10,validation,True,5.6964152230596735e-06,-12.075673489204654,8.690800223130564e-06,-12.101824710032457,-9.939264369338346,8.82931984760686e-06,-11.846584681868618,8.53580259474833e-06,-11.836149617512898,1.0515856176960465e-05,-11.656130327277662,9.849219016618543e-06,-11.679674845415809
2023-01-11,validation,True,6.429037822864553e-06,-11.954685669657533,8.658390933263225e-06,-12.075673489204654,-10.07690901868347,8.144144443509346e-06,-11.92736347022845,8.143118107455243e-06,-11.883245838494265,8.855752410132455e-06,-11.82794731974655,8.735247702630822e-06,-11.799700709134555
2023-01-12,validation,True,2.3292693309965963e-06,-12.969955931413825,6.420615904681691e-06,-11.954685669657533,-9.884263562136498,9.318440024025646e-06,-11.792667430775014,7.932479184022587e-06,-11.909453384710517,9.378394527869188e-06,-11.770605968166988,8.040156872563792e-06,-11.882618415289997
2023-01-13,validation,True,1.5632046109093217e-05,-11.06618751300768,8.86170839696498e-06,-12.969955931413825,-9.313490415436604,1.1501081887857298e-05,-11.582221557917425,9.67565156761024e-06,-11.710806422906273,1.163864324569107e-05,-11.554683681598801,9.880047045423044e-06,-11.6765497363725
2023-01-16,validation,True,7.529039826857484e-06,-11.796743037316485,1.6765872809744068e-05,-11.06618751300768,-9.803111887483828,1.106449273638744e-05,-11.620921537592121,1.2887488418794523e-05,-11.42416205433991,9.075830889924862e-06,-11.803399623381788,1.0861222301970409e-05,-11.58186815080501
2023-01-17,validation,True,7.608345174905874e-06,-11.786264863757486,1.5986535352543338e-05,-11.796743037316485,-9.803111887483828,1.0008404950653816e-05,-11.721237431025386,1.160517956771954e-05,-11.52896749213096,9.386954967291989e-06,-11.769693601464857,1.091139814481158e-05,-11.577259065574285
2023-01-18,validation,True,1.1769339660747498e-05,-11.350012741855801,1.2776349688237862e-05,-11.786264863757486,-9.80362166732362,1.0019684111841219e-05,-11.720111096671207,1.0705491105136689e-05,-11.609662207815749,9.480136228384214e-06,-11.75981587121355,1.0156802910107967e-05,-11.648923291375386
2023-01-19,validation,True,9.425139386083173e-06,-11.572130035765214,1.188089621803009e-05,-11.350012741855801,-9.558578313285983,1.2362348480903798e-05,-11.510007225540427,1.1982598296478036e-05,-11.496963549689573,1.1027678786575445e-05,-11.608606191801366,1.0843545036639127e-05,-11.583497034355249
2023-01-20,validation,True,1.5233496710534477e-05,-11.092013823809356,1.2930111105165564e-05,-11.572130035765214,-9.787862590246869,1.041883234646802e-05,-11.681047694900702,1.1093346533713361e-05,-11.57407348782165,1.0264050062943854e-05,-11.68036705263086,1.083959490972003e-05,-11.583861384442235
2023-01-23,validation,True,9.698565467391591e-06,-11.543532573351365,7.4619981374357106e-06,-11.092013823809356,-9.795519086574192,1.1076755708393168e-05,-11.619813833725267,9.588419942232495e-06,-11.719862890699977,1.0074800631380714e-05,-11.698977238271567,8.859243423748484e-06,-11.785605641186024
2023-01-24,validation,True,7.162310140542287e-06,-11.846677983703396,5.624261893234389e-06,-11.543532573351365,-9.600473431012134,1.1732967414169949e-05,-11.562260058909324,8.781218547626978e-06,-11.807803820281238,1.1481931306574459e-05,-11.568239948437993,8.67734406934662e-06,-11.80635151074763
2023-01-25,validation,True,9.392569439419589e-06,-11.575591666454592,1.2020853887709296e-05,-11.846677983703396,-9.750992502731,1.0262692023194419e-05,-11.696147480311424,1.0590676729507955e-05,-11.620444944780349,1.0727396241007734e-05,-11.6362136918667,1.0915332777880172e-05,-11.576898532141666
2023-01-26,validation,True,1.5323230174512e-05,-11.086140568976651,6.870024976787749e-06,-11.575591666454592,-9.629402235392462,1.1476120793579478e-05,-11.58439424224659,9.313776411115525e-06,-11.748924366449854,1.119804655696304e-05,-11.593275208927766,9.16992849528613e-06,-11.751137521244184
2023-01-27,validation,True,6.393710182050044e-06,-11.960195834902223,1.0494361052228643e-05,-11.086140568976651,-9.222578907389746,1.575000753580158e-05,-11.26782182233151,1.331710994086583e-05,-11.39136933487987,1.4028841506454818e-05,-11.367899239352552,1.2076837607183756e-05,-11.475777639053879
2023-01-30,validation,True,1.0538822909034292e-05,-11.460444699547306,1.1510417874285864e-05,-11.960195834902223,-9.670756992331667,1.0613302308566372e-05,-11.66255451695067,1.0580808316373701e-05,-11.62137718111876,1.092963099148582e-05,-11.617537016913172,1.0813363415655067e-05,-11.586284287262567
2023-01-31,validation,True,1.417607164024631e-05,-11.163955110485205,8.225971934606131e-06,-11.460444699547306,-9.986095167322796,9.369349730986519e-06,-11.78721897126545,8.884969180232352e-06,-11.79605801218478,9.184113092348146e-06,-11.791539403896264,8.747748826433893e-06,-11.798270619514295
2023-02-01,validation,True,4.72160463575706e-06,-12.263361850939118,4.977160218967739e-06,-11.163955110485205,-9.472101136868886,1.3372633222593787e-05,-11.43145234426309,9.198415378549337e-06,-11.761387777286242,1.226612271026903e-05,-11.502173346207963,8.636429000751747e-06,-11.811077822521808
2023-02-02,validation,True,9.736295085781263e-06,-11.539649894009788,1.263594183461765e-05,-12.263361850939118,-9.24636526388604,1.320520836476673e-05,-11.444051341209406,1.2273532349405657e-05,-11.472973902714934,1.3930885756926128e-05,-11.37490618540648,1.2774533286957418e-05,-11.419613407691598
2023-02-03,validation,True,1.1469875274322736e-05,-11.375786500960345,5.056224251357938e-06,-11.539649894009788,-9.172957745010782,1.525615261918203e-05,-11.299679793939287,9.835592130765993e-06,-11.69441134853168,1.3580806986457825e-05,-11.400357012466273,9.025885595563942e-06,-11.76697038346633
2023-02-06,validation,True,2.1646522076022993e-05,-10.740665759560082,1.9257160358067637e-05,-11.375786500960345,-8.508438856347045,2.3448410054923505e-05,-10.869859974968765,2.068362341877639e-05,-10.951076757077931,1.9667145832341733e-05,-11.030065038162792,1.7717559988887834e-05,-11.092510772251787
2023-02-07,validation,True,1.6655171230289004e-05,-11.00278980535743,7.486091483981065e-06,-10.740665759560082,-9.517598719751428,1.3783141473371058e-05,-11.401216453068976,1.105017908818612e-05,-11.577972370135848,1.219008549863622e-05,-11.508391600157392,9.987569623103498e-06,-11.665725727711209
2023-02-08,validation,True,1.8168387546481847e-05,-10.915827422120259,6.345891345654344e-06,-11.00278980535743,-9.298032026135703,1.5211274298690023e-05,-11.302625782983302,1.0899755487381403e-05,-11.591678648410785,1.4018029927274931e-05,-11.3686702044665,1.0251676457288616e-05,-11.639625760784329
2023-02-09,validation,True,1.4475984175132362e-05,-11.143019545442959,4.435602813746288e-06,-10.915827422120259,-9.279200373567038,1.557272527972276e-05,-11.279141661515375,9.72973986128802e-06,-11.705231844939508,1.4998965878612425e-05,-11.301033300160153,9.54553256050295e-06,-11.71099375947261
2023-02-10,validation,True,2.5042967012673734e-05,-10.594917527830397,1.3769995810652786e-05,-11.143019545442959,-9.383178653914472,1.4162397678995145e-05,-11.374072264522706,1.379526917694225e-05,-11.356093284919739,1.4658774727976332e-05,-11.323975443759307,1.4108863099625747e-05,-11.320263821272452
2023-02-13,validation,True,1.1460613539046627e-05,-11.376594310672134,7.296577515643625e-06,-10.594917527830397,-9.377336624570777,1.5324205957164586e-05,-11.295228999148577,1.1708680524457651e-05,-11.520088513163333,1.5130086617982697e-05,-11.29232930475984,1.1623621764766088e-05,-11.514027623228138
2023-02-14,validation,True,9.525217780789033e-06,-11.561567773088056,3.668754223739904e-06,-11.376594310672134,-9.93153023907937,9.80020516456858e-06,-11.742259345449181,6.815644214397513e-06,-12.061198415471237,1.1328409855556912e-05,-11.581700840411253,7.799726113402138e-06,-11.91297839039078
2023-02-15,validation,True,1.911039346033863e-05,-10.865278210686025,1.1865812763435888e-05,-11.561567773088056,-8.819310662082694,1.8892071698465044e-05,-11.085920318863957,1.5181965595967054e-05,-11.260310755558702,1.9768819670873298e-05,-11.024908625101038,1.5808128549459653e-05,-11.206542736906666
2023-02-16,validation,True,8.019552143400671e-06,-11.733627980113845,9.362589135388687e-06,-10.865278210686025,-9.419926220443802,1.438525588289044e-05,-11.358458881046808,1.2228865298829426e-05,-11.47661983979398,1.4219815906584559e-05,-11.354378079259762,1.2150614918911406e-05,-11.469687230687558
2023-02-17,validation,True,1.616181068188292e-05,-11.032859464001916,1.05396302230753e-05,-11.733627980113845,-9.498287307527699,1.216952721605509e-05,-11.525727608132811,1.1192510862507105e-05,-11.565174123394826,1.3740929908092796e-05,-11.388635594055371,1.241396127289799e-05,-11.448245261448063
2023-02-20,validation,True,6.5292346405502194e-06,-11.939220828199042,7.383811588194678e-06,-11.032859464001916,-9.57862078060355,1.275495853973782e-05,-11.478742564988696,1.0389464478371985e-05,-11.639626743285014,1.237485260907427e-05,-11.493348159453967,1.0222740779769137e-05,-11.642452282921582
2023-02-21,validation,True,1.0598789455708358e-05,-11.454770765659495,8.712323690908476e-06,-11.939220828199042,-9.57862078060355,1.1262329793801185e-05,-11.603199155894433,9.901255060241869e-06,-11.687757482176709,1.2478628886697523e-05,-11.484997065402213,1.0867051867266505e-05,-11.581331562819184
2023-02-22,validation,True,1.1488299772924856e-05,-11.374181451559021,6.465873917736855e-06,-11.454770765659495,-9.729561420816259,1.0973310370732863e-05,-11.629196671510119,8.919882448823087e-06,-11.792136236921923,1.1415079969501168e-05,-11.574079271852174,9.324924056766136e-06,-11.734376188353245
2023-02-23,validation,True,6.025896402788022e-06,-12.019444309108554,5.388085969855368e-06,-11.374181451559021,-9.811121612908089,1.0554364768194587e-05,-11.668123169600193,8.186254727010448e-06,-11.877962510061039,1.0496160743498213e-05,-11.658005010636714,8.279958917065498e-06,-11.85322900312564
2023-02-24,validation,True,9.646945925215347e-06,-11.54886917713879,5.77109755329222e-06,-12.019444309108554,-9.792754739414045,9.768799284815805e-06,-11.745469105741016,7.820859254832257e-06,-11.923624577388434,1.0688466531368411e-05,-11.639849291602543,8.555223311222971e-06,-11.820524999793179
2023-02-27,validation,True,5.913828839868621e-06,-12.038217078469776,5.772655024701134e-06,-11.54886917713879,-9.815242698114714,1.0278211845349975e-05,-11.694636366174663,8.209023623104917e-06,-11.875185013973962,9.987468980424426e-06,-11.707683352212243,8.147673901520924e-06,-11.869334534144421
2023-02-28,validation,True,1.0759367226084075e-05,-11.439733812944645,4.581715678382056e-06,-12.038217078469776,-10.339073317040752,6.97092588459189e-06,-12.082914611581032,5.908646489053324e-06,-12.204002220319879,7.7101669213404e-06,-11.966474720139775,6.5373691358834865e-06,-12.089532198068426
2023-03-01,validation,True,1.3495187413665618e-05,-11.21317742395342,6.190815036656343e-06,-11.439733812944645,-9.833990615126467,1.0314189574426412e-05,-11.691142090305593,8.47527093127532e-06,-11.843266383996331,9.7915837994455e-06,-11.727491336734907,8.231246844542165e-06,-11.859129506645044
2023-03-02,validation,True,7.2491308969974355e-06,-11.834628972559642,6.959415360243808e-06,-11.21317742395342,-9.706744914623219,1.1503205358130921e-05,-11.582036942740528,9.507988757769378e-06,-11.72828663794369,1.0544238157551523e-05,-11.653434992933688,8.961240084705959e-06,-11.774158390082379
2023-03-03,validation,True,7.413044005289805e-06,-11.812269406075043,6.303092982753421e-06,-11.834628972559642,-9.996990848703504,8.840860483519243e-06,-11.845278454389664,7.679686240592374e-06,-11.941840312808448,9.346434912990228e-06,-11.774019579598233,8.149956123544688e-06,-11.869054466179303
2023-03-06,validation,True,6.339162882492094e-06,-11.968763835694668,5.4050471129204094e-06,-11.812269406075043,-10.234396120570825,7.667082609316512e-06,-11.98772648688814,6.691954901535448e-06,-12.079512961102946,8.130567290593173e-06,-11.913383858893834,7.1287140449357314e-06,-12.002936149997788
2023-03-08,validation,True,5.050822741464635e-06,-12.195959408844974,6.120099492060764e-06,-12.082252363249497,-9.784390808561968,9.73469005220246e-06,-11.748966866249326,7.953920435558661e-06,-11.906754061381312,9.922812924295685e-06,-11.714178115442069,8.186431358368218e-06,-11.864588938476018
2023-03-09,validation,True,5.5571519648047175e-06,-12.100424817485655,3.7452555804481844e-06,-12.195959408844974,-10.175429703287596,7.541292749861139e-06,-12.004269046506794,5.709284073767455e-06,-12.238325370363436,7.55057141447795e-06,-11.9873913130261,5.829616701066636e-06,-12.20411575756009
2023-03-10,validation,True,1.5219463390234538e-05,-11.09293546303568,9.203172857873748e-06,-12.100424817485655,-10.138037472148651,7.818022116045566e-06,-11.968231069837554,8.123567707632947e-06,-11.885649574505148,7.516790266726453e-06,-11.991875336847636,7.895002099434765e-06,-11.900837096176325
2023-03-13,validation,True,3.2879646450255456e-05,-10.322656740563563,2.6616220421377803e-05,-11.09293546303568,-9.218012034710261,1.5779428299451768e-05,-11.265955580744254,1.8715661911446175e-05,-11.051058296348987,1.2415954697739203e-05,-11.490032242725878,1.5121471203438115e-05,-11.250951341970872
2023-03-14,validation,True,1.2022801766828213e-05,-11.328705563936737,1.2377434937153606e-05,-10.322656740563563,-8.650898995229726,2.4830961333648822e-05,-10.81257135067706,1.898371015513928e-05,-11.036837753876842,1.9116347643398116e-05,-11.058470690918712,1.5248354496634438e-05,-11.242595414431875
2023-03-15,validation,True,5.404394647112817e-05,-9.825713018835408,5.855504546146945e-06,-11.328705563936737,-9.238804220428639,1.5083294183741682e-05,-11.31107488014521,1.039596828800979e-05,-11.639000938672412,1.5062059325892954e-05,-11.29683560300931,1.0465811562009863e-05,-11.618953106791938
2023-03-16,validation,True,1.4781834241645148e-05,-11.122111547191366,2.0351460013297486e-05,-9.825713018835408,-8.480231699258248,2.951622113187839e-05,-10.639722684966117,2.5662982222270324e-05,-10.735369431944301,2.499711186379539e-05,-10.790254264713518,2.2091287109329223e-05,-10.87188372746272
2023-03-17,validation,True,7.605155491365357e-06,-11.78668418652313,9.467519387890231e-06,-11.122111547191366,-8.975253171805399,1.8237877481389502e-05,-11.1211620543434,1.394305203188472e-05,-11.345437683081247,2.0791341622902104e-05,-10.974477925546019,1.5543443122123437e-05,-11.223428124275653
2023-03-20,validation,True,5.6648756997980946e-05,-9.778640512514198,2.3186191632922073e-05,-11.78668418652313,-8.975253171805399,1.664725149755085e-05,-11.212417538488761,1.7853063623111808e-05,-11.098243879998424,2.085425804086105e-05,-10.971456407482474,2.1212954600730514e-05,-10.912454948678123
2023-03-21,validation,True,1.6968226389761237e-05,-10.984167998631467,1.208283395759635e-05,-9.778640512514198,-8.483938522144387,2.9640201880142327e-05,-10.63553105459101,2.1310050625815112e-05,-10.921240183252753,2.6810500941951785e-05,-10.72022092049475,1.9613654349285128e-05,-10.990841035641532
2023-03-22,validation,True,1.21666010430577e-05,-11.316815979779768,1.2996366539933858e-05,-10.984167998631467,-9.031466945448368,1.7957104896747458e-05,-11.13667681347203,1.5597376246359602e-05,-11.233316294269788,2.1362181929950535e-05,-10.947392398306363,1.7979481449084882e-05,-11.077835821604948
2023-03-23,validation,True,9.330409810374172e-06,-11.582231620128152,1.8636403060720626e-05,-11.316815979779768,-8.172898542019418,2.903699530825602e-05,-10.656091948809705,2.3186347111811992e-05,-10.836855386157687,3.0615667729478823e-05,-10.587502662234524,2.4256860402219547e-05,-10.778367529245191
2023-03-24,validation,True,2.253534370693871e-05,-10.70042564979958,9.631730080858673e-06,-11.582231620128152,-9.07807901211573,1.607542980163341e-05,-11.24737065902925,1.2802986497154598e-05,-11.430740541243068,1.9091093286886327e-05,-11.05979265122669,1.4892218572552484e-05,-11.266228176721484
2023-03-27,validation,True,2.245026820522191e-05,-10.704207997066886,1.3722775595433613e-05,-10.70042564979958,-9.07807901211573,1.8144668761382834e-05,-11.126285880658724,1.618940814761601e-05,-11.19606179468623,1.9316581161475632e-05,-11.048050702850343,1.7071061624428203e-05,-11.129682282521568
2023-03-28,validation,True,1.0671345388602393e-05,-11.44794840982128,6.5524826768022975e-06,-10.704207997066886,-9.384924771620899,1.5025899080259821e-05,-11.314887348483236,1.108195638641107e-05,-11.575100770140633,1.497641336487621e-05,-11.302538036284314,1.1245686395312113e-05,-11.547082386209482
2023-03-29,validation,True,1.0546285348836116e-05,-11.459736859680216,6.488623625866274e-06,-11.44794840982128,-9.79283996987594,1.0565732831458322e-05,-11.667046653328622,8.740058595603746e-06,-11.812502111096485,1.2178420341183526e-05,-11.509348996431124,1.000445219217218e-05,-11.664036796672839
2023-03-30,validation,True,5.662464975672261e-06,-12.081651252485992,1.0754786317937709e-05,-11.459736859680216,-9.76760071709386,1.071310510798218e-05,-11.65319489757865,1.058876957589772e-05,-11.620625039537114,1.2256430641741382e-05,-11.502963807861216,1.1945725776155505e-05,-11.486693471042624
2023-03-31,validation,True,9.041918154435558e-06,-11.613639220843117,4.250370674266013e-06,-12.081651252485992,-9.806257591582394,9.605876301846233e-06,-11.762287640083024,6.910087005176457e-06,-12.047436776145883,1.2105137812564139e-05,-11.515384582371077,8.588309790835618e-06,-11.816665057913555
2023-04-03,validation,True,1.1319536882714255e-05,-11.388980397447135,1.5500360565630613e-05,-11.613639220843117,-9.806257591582394,1.0243464385894178e-05,-11.698022784737235,1.1716345927746766e-05,-11.519434050417829,1.1200486847206557e-05,-11.593057311603049,1.2691036619585671e-05,-11.426171043502801
2023-04-04,validation,True,7.113263974794175e-06,-11.853549351303851,7.977760673901077e-06,-11.388980397447135,-9.283671153198943,1.4553184623423977e-05,-11.346852821936519,1.1371343092284643e-05,-11.549322578287317,1.3696259454098018e-05,-11.391891794453638,1.105869133915043e-05,-11.563850344475838
2023-04-05,validation,True,6.003046638168073e-06,-12.023243444581308,3.7301205680186772e-06,-11.853549351303851,-9.125287635980298,1.5045808695391682e-05,-11.313563205658395,8.622694277146024e-06,-11.826021408051572,1.4780360336011255e-05,-11.315715262263389,8.823605501590723e-06,-11.789636436286962
2023-04-06,validation,True,4.496328537078633e-06,-12.312249374848953,8.399553567100044e-06,-12.023243444581308,-9.348384984600195,1.2820555178548785e-05,-11.473612909852736,1.0496070629316129e-05,-11.629418043699824,1.2835074611127667e-05,-11.456832930054592,1.0767411997333309e-05,-11.590542844880414
2023-04-11,validation,True,6.378800658868444e-06,-11.962530462782256,9.875443500681248e-06,-12.380840721453621,-9.695852031737445,9.864726414347301e-06,-11.735697259936849,9.430026923509694e-06,-11.736520053311487,1.0310442601661408e-05,-11.675857330996424,9.991620304069579e-06,-11.665320237695212
2023-04-12,validation,True,6.38044552171535e-06,-11.962272632055779,1.6022737686180557e-05,-11.962530462782256,-10.312301448706606,7.160292484882661e-06,-12.05611183608446,9.503616694314152e-06,-11.728746574222434,6.984981241414538e-06,-12.065252250307315,9.38596110152227e-06,-11.727851936748099
2023-04-13,validation,True,6.14389017153117e-06,-12.000052438006025,7.200159545575208e-06,-11.962272632055779,-8.87160362986896,1.731661771585233e-05,-11.17299606399702,1.1838412914941076e-05,-11.509069428919023,1.4567003180232839e-05,-11.330255642675544,1.0560823128642326e-05,-11.609915786774991
2023-04-14,validation,True,1.2223271347879209e-05,-11.312168935638155,1.1209631121510576e-05,-12.000052438006025,-9.627737109976502,1.0837414291548885e-05,-11.641658232498841,1.0589721789491047e-05,-11.620535116834166,9.716752633053804e-06,-11.735163086058131,9.787412332327488e-06,-11.685969905632376
2023-04-17,validation,True,7.415349895155737e-06,-11.811958396008814,1.95093277254991e-05,-11.312168935638155,-9.627737109976502,1.191098207604044e-05,-11.547201827993073,1.4074366432143246e-05,-11.336063845733415,1.0179113380448204e-05,-11.68867664438903,1.2333204735586395e-05,-11.454771812726026
2023-04-18,validation,True,1.1927420675617938e-05,-11.336670550123815,8.805183235397526e-06,-11.811958396008814,-9.579347698872239,1.1455763034967116e-05,-11.586169740859138,1.0089581137708803e-05,-11.668915684155678,1.0903466222706765e-05,-11.619933816693614,9.796997155792456e-06,-11.684991083755103
2023-04-19,validation,True,3.143547349294201e-05,-10.367573573639158,7.3479599928523535e-06,-11.336670550123815,-9.635044839144149,1.18179210699246e-05,-11.555045551966888,9.80235321101479e-06,-11.69779652461953,1.062444073830883e-05,-11.645857480429282,9.022250732011406e-06,-11.767373180025011
2023-04-20,validation,True,1.2718357657828757e-05,-11.27246412333892,8.044161642817349e-06,-10.367573573639158,-9.464774255645297,1.4985096179039252e-05,-11.317606546964296,1.2086434719648938e-05,-11.488335278890863,1.2868400243176693e-05,-11.45423984480743,1.0657304669998805e-05,-11.600821468252349
2023-04-21,validation,True,1.2178094280492062e-05,-11.315871770937925,9.188985147188954e-06,-11.27246412333892,-9.322826227987639,1.4437211323017102e-05,-11.354853672927057,1.1973606365399852e-05,-11.497714247191734,1.4702518851234608e-05,-11.32099572792995,1.2148848534665942e-05,-11.469832615317301
2023-04-24,validation,True,8.892321135094339e-06,-11.630322447456614,8.389279679148668e-06,-11.315871770937925,-9.322826227987639,1.435141426089418e-05,-11.360814173951056,1.1522421340585125e-05,-11.536124186047461,1.474177703623507e-05,-11.318329119197745,1.1798913386537956e-05,-11.499059568458595
2023-04-25,validation,True,1.5713204982790172e-05,-11.061009117414642,1.2929639638014976e-05,-11.630322447456614,-9.939636363675906,9.417730009013786e-06,-11.782068582206222,1.0438363324180854e-05,-11.634931204593585,1.0835674409142934e-05,-11.626170680832963,1.1596527515557944e-05,-11.516361308612975
2023-04-26,validation,True,8.288374127833066e-06,-11.700656732559468,1.0655641283629157e-05,-11.061009117414642,-9.494327954465732,1.3379481522003846e-05,-11.430940362341284,1.2196526251191409e-05,-11.479267827357916,1.3505761377374219e-05,-11.405898194361043,1.2195335624086761e-05,-11.46601345706393
2023-04-27,validation,True,5.602854560298945e-06,-12.092234347187429,1.296756936686863e-05,-11.700656732559468,-9.429126150794596,1.275412875734135e-05,-11.4788076227767,1.2420737279943644e-05,-11.46105156798618,1.2935342985309081e-05,-11.449051226107866,1.2487166227276482e-05,-11.442365594732404
2023-04-28,validation,True,6.2317806604581524e-06,-11.985848445705493,1.0506494549571689e-05,-12.092234347187429,-9.383298695983132,1.2430782182551798e-05,-11.504486835528512,1.1156188233413756e-05,-11.568424662580085,1.289503139939805e-05,-11.452172483123947,1.1485356360917816e-05,-11.525994145766049
2023-05-01,validation,True,5.562530697272096e-06,-12.09945739187643,8.099811641031377e-06,-11.985848445705493,-9.383298695983132,1.2613708028150336e-05,-11.489878504743578,1.0276163367144607e-05,-11.650592027991127,1.2386149004198933e-05,-11.492435724966477,1.0166758064526566e-05,-11.647943624945155
2023-05-02,validation,True,6.5983955732519704e-06,-11.928684033446087,3.943667850331743e-06,-12.09945739187643,-9.414629637289439,1.2182245441817921e-05,-11.524683065947084,7.710297727632277e-06,-11.937862202438364,1.1941630392068764e-05,-11.528983910067954,7.711620843231577e-06,-11.924338618222531
2023-05-03,validation,True,3.7609854915001705e-06,-12.490829536101124,3.864164335697585e-06,-11.928684033446087,-9.552139304012965,1.1463204209393737e-05,-11.585520394437133,7.439118476978286e-06,-11.973666647495872,1.0249542436974662e-05,-11.681781493167101,6.903274097722832e-06,-12.035071203826675
2023-05-04,validation,True,1.6020474023658636e-05,-11.041643027270021,2.2401410814314663e-05,-12.490829536101124,-9.023323539489851,1.4674199979636614e-05,-11.338571817706546,1.5931027723206303e-05,-11.212150368249672,1.3129075689480168e-05,-11.434185268464034,1.4433969880450775e-05,-11.297482561863943
2023-05-05,validation,True,7.76353284263924e-06,-11.766073064143301,7.19826231532277e-06,-11.041643027270021,-9.189799089278972,1.616815388854659e-05,-11.241619167916433,1.1804578144559198e-05,-11.51193157046399,1.2614772928997906e-05,-11.474145975608375,9.681788652274297e-06,-11.696820347456814
2023-05-08,validation,True,3.972894290800028e-06,-12.436015688382327,6.741451463864182e-06,-11.766073064143301,-9.189799089278972,1.4637236443397885e-05,-11.341093942879763,1.0568326316105972e-05,-11.622557560546467,1.312403196834836e-05,-11.434569506494793,9.749749039350576e-06,-11.689825464678734
2023-05-09,validation,True,6.424491846236868e-06,-11.955393020390641,4.950617344222204e-06,-12.436015688382327,-10.258767505576031,6.933385544062884e-06,-12.088314437662135,5.962920895727555e-06,-12.194858560842459,7.646655921057106e-06,-11.97474613969499,6.535775901098611e-06,-12.089775939691158
2023-05-10,validation,True,4.600691206596454e-06,-12.289304003453896,3.4631558387446057e-06,-11.955393020390641,-10.375593562795999,6.894581404528006e-06,-12.09392686666748,5.318884254073759e-06,-12.30915545036397,7.0644139465241085e-06,-12.05394449642386,5.510338622605905e-06,-12.260440932518623
2023-05-11,validation,True,1.037212158661057e-05,-11.476388967775524,4.99832942459104e-06,-12.289304003453896,-9.373356178563258,1.2172868722405013e-05,-11.525453066022877,8.338954819713497e-06,-11.859481117903947,1.2070161006576266e-05,-11.518278183037971,8.40222010599427e-06,-11.838571040542167
2023-05-12,validation,True,8.050960945509952e-06,-11.729719101545049,9.339080495780428e-06,-11.476388967775524,-9.378904829687276,1.3564194831871628e-05,-11.417229078011408,1.1522471701404527e-05,-11.536119815376761,1.1179912397057267e-05,-11.59489592544731,9.868795079895548e-06,-11.677689242848235
2023-05-15,validation,True,4.685270206269694e-06,-12.271086969172938,1.0715699797511393e-05,-11.729719101545049,-9.378904829687276,1.3100464375326834e-05,-11.452014987989575,1.1753332254673607e-05,-11.516282208517126,1.1288763878757318e-05,-11.585206673445235,1.0416304757526193e-05,-11.62369466617018
2023-05-16,validation,True,2.863633599992724e-06,-12.76341925001343,6.810993240052433e-06,-12.271086969172938,-10.223810694009794,7.245801729348335e-06,-12.044240436740905,6.917731368030322e-06,-12.046331126154497,7.475876792069619e-06,-11.997333148463971,7.139563649150476e-06,-12.00141534888381
2023-05-17,validation,True,4.737392023537214e-06,-12.260023779680964,5.013311166121711e-06,-12.76341925001343,-9.595653462599378,9.952749536815341e-06,-11.726813817711385,7.289003108854774e-06,-11.99405221613075,1.014664733852523e-05,-11.691871218012357,7.515955829953696e-06,-11.950038805071813
2023-05-18,validation,True,7.638800696187122e-06,-11.782269944046872,3.7548544627908243e-06,-12.260023779680964,-10.199381457828332,7.366298528236121e-06,-12.027747321002359,5.6229506521512635e-06,-12.253562451843656,7.189847955955739e-06,-12.036344532549238,5.566487512116147e-06,-12.250302763018922
2023-05-19,validation,True,8.28318934945673e-06,-11.70128247660017,9.569100901964843e-06,-11.782269944046872,-9.856816056456028,9.703575810157605e-06,-11.75216820826597,9.458429783972276e-06,-11.733512620538098,8.179954719169643e-06,-11.907327942414454,8.172447901294574e-06,-11.866298525087357
2023-05-22,validation,True,7.774078707776145e-06,-11.764715601096668,1.1523013358199317e-05,-11.70128247660017,-9.856816056456028,9.812089171705598e-06,-11.741047451686244,1.0220345168926992e-05,-11.656038646971098,8.154818721738673e-06,-11.910405550728019,8.690794016766667e-06,-11.804802703380714
2023-05-23,validation,True,1.0632139411619636e-05,-11.451629124184478,1.029671158505802e-05,-11.764715601096668,-9.803426889792073,1.0050576398364402e-05,-11.717032680135084,9.921401593210692e-06,-11.685724804089428,8.656372968269694e-06,-11.850718748452557,8.69707411862263e-06,-11.804080348911478
2023-05-24,validation,True,7.386979597025814e-06,-11.815791621432343,6.011592448255097e-06,-11.451629124184478,-9.81437890667349,1.0421888276566433e-05,-11.680754429598068,8.431498366410713e-06,-11.848444506664219,9.05135920599766e-06,-11.806099622517257,7.477595570932351e-06,-11.955155717228763
2023-05-25,validation,True,5.14870529100573e-06,-12.17676527469957,7.067967274393795e-06,-11.815791621432343,-9.744075656417495,1.0350098488978433e-05,-11.6876666305572,8.779309098807812e-06,-11.808021290833961,9.690655806018626e-06,-11.737852455207683,8.264185012982115e-06,-11.855135890412146
2023-05-26,validation,True,6.642335143702446e-06,-11.9220469780318,9.834083683472608e-06,-12.17676527469957,-9.31864072629428,1.2784082164625842e-05,-11.476461849918039,1.1030929450183577e-05,-11.579715909672874,1.2010385575982621e-05,-11.523242817305334,1.0392189313779983e-05,-11.626012513339715
2023-05-29,validation,True,4.558097720370554e-06,-12.298605188061572,6.274563001988595e-06,-11.9220469780318,-9.31864072629428,1.3239136655207275e-05,-11.441485324994485,9.653038321360403e-06,-11.713146287294078,1.1754410024770368e-05,-11.54478606602814,8.744911572429223e-06,-11.798595013170246
2023-05-31,validation,True,6.5153750328579635e-06,-11.94134578452268,7.626690570103635e-06,-10.87747633528205,-9.808779140848944,1.131557567823628e-05,-11.598482510835105,9.8699125055543e-06,-11.690928016323326,9.183241496659164e-06,-11.79163431094294,8.246201080520306e-06,-11.857314390596503
2023-06-01,validation,True,7.225954430653703e-06,-11.837831231561823,6.963648526045525e-06,-11.94134578452268,-9.50242072498095,1.1797395565163882e-05,-11.55678387377273,9.37205510432988e-06,-11.742686604738996,1.1135534805123361e-05,-11.598873228705664,8.925905145359841e-06,-11.778109270433031
2023-06-02,validation,True,4.4805022516330745e-06,-12.315775408081683,7.930574590578856e-06,-11.837831231561823,-9.902224053966851,9.3654942146074e-06,-11.787630559047525,8.633275388225014e-06,-11.824795036817694,9.099906639152224e-06,-11.800750403423601,8.36267763639413e-06,-11.843288342554471
2023-06-05,validation,True,9.258835167787553e-06,-11.58993230903424,6.546976170995883e-06,-12.315775408081683,-9.902224053966851,8.770584254198221e-06,-11.85325924226661,7.6025176015918645e-06,-11.951939549239903,9.102622554590655e-06,-11.800451992644563,7.807248991753205e-06,-11.912014349776502
2023-06-06,validation,True,7.5627207332409455e-06,-11.7922795471667,6.892797754350851e-06,-11.58993230903424,-9.375212974060261,1.3384607752532214e-05,-11.43055729452691,1.018811438301533e-05,-11.659197220760142,1.2055154797269123e-05,-11.519522204991047,9.311039325477702e-06,-11.735866289355569
2023-06-07,validation,True,5.9405417033045264e-06,-12.033710232905296,3.998509041197642e-06,-11.7922795471667,-10.045468491860492,8.632074649390362e-06,-11.869177790165061,6.426407508999018e-06,-12.120003330705966,7.916861558101466e-06,-11.940019698084981,6.0169212526212e-06,-12.172491301132796
2023-06-08,validation,True,3.5309680921503306e-06,-12.55393847754984,4.1452850935012e-06,-12.033710232905296,-9.944463639146925,8.883931387958362e-06,-11.840418483166662,6.5569484449738675e-06,-12.099893686386956,8.381328471981397e-06,-11.883008126654277,6.289827635521778e-06,-12.128133342404267
2023-06-09,validation,True,3.971010059496785e-06,-12.43649007257818,3.759390149445564e-06,-12.55393847754984,-9.918023512808311,8.40658933560493e-06,-11.895646823018435,6.001436005370903e-06,-12.188420230223272,8.337106402147213e-06,-11.888298355470818,6.014202886652793e-06,-12.172943190080694
2023-06-12,validation,True,6.210179619093589e-06,-11.989320738267523,5.0740818360669664e-06,-12.43649007257818,-9.918023512808311,8.54326468508849e-06,-11.879519449690868,6.790011948423361e-06,-12.064966303765997,8.23749800810623e-06,-11.900317899439404,6.607856777408327e-06,-12.07880764794066
2023-06-13,validation,True,2.935532773962551e-06,-12.738621596809367,3.857891004968468e-06,-11.989320738267523,-10.109155789389213,8.079992318666323e-06,-11.935271744194186,6.0566858245640445e-06,-12.179256248199888,7.12426825212098e-06,-12.045507538036102,5.497127300226312e-06,-12.262841363065657
2023-06-14,validation,True,6.011002900718205e-06,-12.02191895133904,5.110832401802372e-06,-12.738621596809367,-9.522065599330677,1.0447470006079702e-05,-11.678302821649247,7.557090486099866e-06,-11.957932745264705,9.38861567575372e-06,-11.769516700480313,6.9809865435953995e-06,-12.023876764392533
2023-06-15,validation,True,9.147201521450276e-06,-11.602062570107101,1.1114950413247244e-05,-12.02191895133904,-9.584389880064172,1.109585558195683e-05,-11.618090998463526,1.0692692171160503e-05,-11.610858471567418,8.872803871492842e-06,-11.826023703818949,8.840175229693818e-06,-11.787760310986789
2023-06-16,validation,True,6.0046887971238474e-06,-12.022969927734628,7.82149260121459e-06,-11.602062570107101,-9.621891110384233,1.1487248019046548e-05,-11.583425113855302,9.760158754086465e-06,-11.702110338963681,9.156123710038112e-06,-11.794591644098078,8.07050522323078e-06,-11.878850924372053
2023-06-19,validation,True,4.969277076975209e-06,-12.212236185784736,4.530650130417765e-06,-12.022969927734628,-9.621891110384233,1.0842144985845551e-05,-11.641221812707164,7.604579605752203e-06,-11.951668359525671,9.474334862894818e-06,-11.760428008122316,6.84388177719198e-06,-12.043711927857228
2023-06-21,validation,True,6.0704885111496784e-06,-12.012071476534853,4.920663405433135e-06,-12.205287106850863,-10.072005299943429,8.024562193191843e-06,-11.94215555390425,6.535592716845182e-06,-12.103155963252005,7.572099001131005e-06,-11.98454424956404,6.231222238181022e-06,-12.137494510342155
2023-06-22,validation,True,6.251383912114562e-06,-11.98270769278874,3.987702950554872e-06,-12.012071476534853,-9.659882137224006,1.0608447809553611e-05,-11.663012019189686,7.170698183164626e-06,-12.010415979557404,9.299922880959458e-06,-11.779008449705078,6.465201344289622e-06,-12.100632854322942
2023-06-23,validation,True,6.231772126982723e-06,-11.985849815054278,5.285915999269376e-06,-11.98270769278874,-9.799363605035373,9.778509859283465e-06,-11.744475559755235,7.589843175373805e-06,-11.953608075855954,8.40684306714922e-06,-11.879968532407489,6.7055662383136355e-06,-12.064129046476873
2023-06-26,validation,True,6.283639629634371e-06,-11.977561186504564,5.653531027450374e-06,-11.985849815054278,-9.799363605035373,9.774291742615055e-06,-11.744907018818722,7.77537140059966e-06,-11.929457779553655,8.425005379299904e-06,-11.877810442729164,6.8751915869902955e-06,-12.039147499440494
2023-06-27,validation,True,3.1327312799164305e-06,-12.673605320526107,5.94986423028978e-06,-11.977561186504564,-10.548066278144177,6.18405423570157e-06,-12.202688584493064,6.078771078013555e-06,-12.175616454822663,5.803582178370584e-06,-12.250539213593997,5.73834596805936e-06,-12.219895999872382
2023-06-28,validation,True,6.871463439554e-06,-11.888133455557378,2.9552034416223877e-06,-12.673605320526107,-10.044453265617129,7.652928015633634e-06,-11.989574344315535,5.1809711489398635e-06,-12.335426485854502,7.483995419650452e-06,-11.996247761067213,5.122306408302509e-06,-12.333462201811752
2023-06-29,validation,True,6.041242868276319e-06,-12.016900794292459,8.460252520785387e-06,-11.888133455557378,-10.29174666766142,7.325531703758416e-06,-12.033296926254035,7.651553941684952e-06,-11.94551024820151,6.455642306514916e-06,-12.144060032842125,6.799246822545166e-06,-12.050255165146286
2023-06-30,validation,True,4.7822194758614505e-06,-12.250605793732607,4.215300801760268e-06,-12.016900794292459,-9.369135145949597,1.2669554299250475e-05,-11.485460849996333,8.10829107182459e-06,-11.887531877761532,1.0415711274348528e-05,-11.665699191814518,6.9165320624046186e-06,-12.033152512841365
2023-07-03,validation,True,4.966593146539788e-06,-12.212776436500642,3.4671762574901417e-06,-12.250605793732607,-9.369135145949597,1.2269429011652453e-05,-11.517551943744259,7.342223368582133e-06,-11.986777297034898,1.0347791643193215e-05,-11.672241428322145,6.424794936623727e-06,-12.10690229601029
2023-07-04,validation,True,2.774382890565424e-06,-12.795082217274595,3.04404229484666e-06,-12.212776436500642,-10.418799677030515,6.4812279311357375e-06,-12.15575267810882,4.8455611627893764e-06,-12.402355943335046,5.898091500314107e-06,-12.234385733400483,4.496239452770714e-06,-12.463825639562039
2023-07-05,validation,True,3.129487144445924e-06,-12.674641418452076,2.0256241395210376e-06,-12.795082217274595,-10.418799677030515,5.983172462353487e-06,-12.235711726676637,3.895350614740364e-06,-12.620635313151082,5.974327338854825e-06,-12.221543045251062,3.928750740893327e-06,-12.598745512091355
2023-07-06,validation,True,5.536558021504426e-06,-12.104137546046594,4.6285652640213565e-06,-12.674641418452076,-10.20917401422783,6.916984695746036e-06,-12.090682729007224,5.754985991675719e-06,-12.23035239698675,6.309654579017285e-06,-12.166933624240835,5.321342049600139e-06,-12.295341473300905
2023-07-07,validation,True,4.166956867359052e-06,-12.388324556583276,3.3527758068409436e-06,-12.104137546046594,-9.39538227072408,1.2318900170490409e-05,-11.513527983822005,7.312723866099383e-06,-11.990803178787136,9.363481965701693e-06,-11.772197331264456,5.870669117650189e-06,-12.197098393081498
2023-07-10,validation,True,2.8982847376979364e-06,-12.75139146571842,4.931834033747417e-06,-12.388324556583276,-9.39538227072408,1.1847438389205691e-05,-11.552550991540807,8.136670993317142e-06,-11.884037877560033,9.380995673767186e-06,-11.770328651485933,6.71955007993279e-06,-12.062045809900741
2023-07-11,validation,True,1.1285418863779881e-05,-11.391999031522278,4.560278645786434e-06,-12.75139146571842,-10.437355273962561,5.951103126591581e-06,-12.241086064266284,5.230226681457017e-06,-12.32596438537157,5.36128230436248e-06,-12.329811375101064,4.789043478160271e-06,-12.400736309728636
2023-07-12,validation,True,2.379357534376666e-06,-12.948680050261421,6.237264312138531e-06,-11.391999031522278,-10.28025554738884,7.897416870804712e-06,-11.95812693844189,7.294861571915714e-06,-11.993248798997596,6.231616867908373e-06,-12.179378728973223,5.935574168568371e-06,-12.1861032436126
2023-07-13,validation,True,4.826494962159412e-06,-12.241390034445832,8.825038157117339e-06,-12.948680050261421,-9.743715809472048,8.860955074207827e-06,-11.843008111073246,8.313808441595845e-06,-11.862501204941305,8.603050652642286e-06,-11.85689769004983,8.02407209284688e-06,-11.884620974532258
2023-07-14,validation,True,4.620167360392461e-06,-12.28507962833357,3.927137315417441e-06,-12.241390034445832,-9.97039844595396,8.497992029665915e-06,-11.884832762281496,6.213597460118665e-06,-12.153678975682368,7.368304562708858e-06,-12.011826923488716,5.5158695045899884e-06,-12.259437707768253
2023-07-17,validation,True,6.342778415947209e-06,-11.968193649558652,4.478044665389456e-06,-12.28507962833357,-9.97039844595396,8.4471633555086e-06,-11.890831978629537,6.484396189252558e-06,-12.111020300438103,7.408559359875752e-06,-12.006378555424005,5.795033268512116e-06,-12.210065792128782
2023-07-18,validation,True,4.0936803177100575e-06,-12.406066159335797,7.00992266691339e-06,-11.968193649558652,-10.344954790890727,7.012948463745076e-06,-12.07690444521345,6.9437220562310186e-06,-12.042581054951402,6.267410297498119e-06,-12.173651318837855,6.233766179340863e-06,-12.137086336485918
2023-07-19,validation,True,4.961516917524554e-06,-12.213799033837866,4.291788899452556e-06,-12.406066159335797,-9.629416311145523,1.0239200861744073e-05,-11.698439090345918,7.1026492763101665e-06,-12.019951153086687,8.48239536150389e-06,-11.871021675668354,6.083044700242308e-06,-12.161561666104177
2023-07-20,validation,True,4.7405044637596e-06,-12.259367000966733,6.035507963322801e-06,-12.213799033837866,-10.245174813120041,7.208014197668292e-06,-12.049469176052725,6.61450943919635e-06,-12.091153369078576,6.321469446239354e-06,-12.165062869010473,5.873853936617162e-06,-12.196556043421095
2023-07-21,validation,True,7.227262649513827e-06,-11.837650203510222,2.5840001812609788e-06,-12.259367000966733,-10.070113356507042,7.974435236105635e-06,-11.94842183669261,5.137153932428562e-06,-12.343919788574915,6.914420185599115e-06,-12.075405444651349,4.586304463103626e-06,-12.443992437884628
2023-07-24,validation,True,6.621873220301224e-06,-11.925132264250335,4.113930463052052e-06,-11.837650203510222,-10.070113356507042,8.449849884649737e-06,-11.890513989985557,6.4020434627024726e-06,-12.123801774593595,7.019086913887452e-06,-12.060381417128776,5.465141679196071e-06,-12.268676963680953
2023-07-25,validation,True,4.8771865145524125e-06,-12.23094203826199,4.253753870419093e-06,-11.925132264250335,-10.290145293566445,7.295566485811522e-06,-12.037395833123036,5.9312083917443875e-06,-12.200191036782963,6.305424043040671e-06,-12.167604335262455,5.2238306299355e-06,-12.31383603988332
2023-07-26,validation,True,1.9641883406192398e-06,-13.140431456184128,2.869127351813542e-06,-12.23094203826199,-10.212351189254102,7.337211400616853e-06,-12.031703813799489,5.09158768930198e-06,-12.352829299877413,6.7034342045741046e-06,-12.106394594534182,4.73208563820488e-06,-12.412700966174622
2023-07-27,validation,True,7.88107177398013e-06,-11.751046651416857,6.1400776799345856e-06,-13.140431456184128,-10.025434261036876,7.261918624545639e-06,-12.042018598790582,6.440641092254053e-06,-12.117790921395649,7.351184963154156e-06,-12.014153037752918,6.448227079387544e-06,-12.103261788192608
2023-07-28,validation,True,5.76963094084234e-06,-12.062902441215668,9.671974610434802e-06,-11.751046651416857,-9.530428469112401,1.1903615680199791e-05,-11.547820473426516,1.0701789242120326e-05,-11.610008058665853,9.356886126091542e-06,-11.772902001156709,8.620581622540732e-06,-11.81291445379146
2023-07-31,validation,True,2.535489450083014e-06,-12.88512386260226,5.79881671960166e-06,-12.062902441215668,-9.530428469112401,1.14046350866283e-05,-11.590642806753749,8.554571033805419e-06,-11.833953241118792,9.328142551368419e-06,-11.775978645875062,7.193141258275427e-06,-11.993939040813334
2023-08-01,validation,True,4.028433853675953e-06,-12.422132879455386,3.7304873290352414e-06,-12.88512386260226,-10.375307135345604,6.069315348692129e-06,-12.221416859994001,4.890080220180388e-06,-12.393210296746858,5.905993854284356e-06,-12.23304681472726,4.772658500941781e-06,-12.404163522434526
2023-08-02,validation,True,5.470826767220022e-06,-12.11608080720769,6.367719105667902e-06,-12.422132879455386,-10.133710257861615,7.500043215904654e-06,-12.009753883420345,6.8444979849387376e-06,-12.056973889396469,6.515356330734589e-06,-12.134852654482474,6.035112565149597e-06,-12.169472503373273
2023-08-03,validation,True,9.684533020419876e-06,-11.544980479054578,5.285207983990436e-06,-12.11608080720769,-10.19379144782845,7.539133253455955e-06,-12.004555443776933,6.493343907532709e-06,-12.10964136702886,6.5361606854129495e-06,-12.131664615532948,5.723970854145461e-06,-12.222404239990562
2023-08-04,validation,True,3.532758799564822e-06,-12.553431462632558,5.217772802325469e-06,-11.544980479054578,-9.889254307273648,9.827598689701297e-06,-11.739468045605127,7.710317759627525e-06,-11.937859604358506,7.673302034132868e-06,-11.971267521800137,6.241488010306588e-06,-12.135848392659767
2023-08-07,validation,True,4.55696751911389e-06,-12.298853173398541,4.285755149668674e-06,-12.553431462632558,-9.889254307273648,8.556743116911035e-06,-11.87794302530909,6.360292944593488e-06,-12.13034456828199,7.759723798922585e-06,-11.960067816820619,5.8617965329475995e-06,-12.198610877610879
2023-08-08,validation,True,4.9891483836358914e-06,-12.208245327367733,3.107571571148882e-06,-12.298853173398541,-10.417365046571419,6.410708287263364e-06,-12.166692904005446,4.834629163269521e-06,-12.404614577473225,5.99475401406574e-06,-12.218129801671225,4.5782390413189995e-06,-12.445752574407088
2023-08-09,validation,True,2.1258106736823262e-06,-13.061357334840471,4.443631896067584e-06,-12.208245327367733,-10.354070222760107,6.747744511373646e-06,-12.115454363484723,5.694943841402948e-06,-12.240840269228897,6.200298975749239e-06,-12.18441704467651,5.271819968447284e-06,-12.304691361811631
2023-08-10,validation,True,3.5123621478861655e-06,-12.559221770227966,3.077018226127891e-06,-13.061357334840471,-10.40947499404408,5.801422171202887e-06,-12.266559576639803,4.409384309159168e-06,-12.496683937767475,5.987842815142751e-06,-12.21928334122327,4.533194444916356e-06,-12.455640143349669
2023-08-11,validation,True,2.1684003469492356e-06,-13.041520829557827,2.9512065861245094e-06,-12.559221770227966,-10.169153564474618,7.2020045440255704e-06,-12.050303269900743,5.022467956862688e-06,-12.366497567275175,6.114302920709908e-06,-12.19838378979668,4.409314040699984e-06,-12.483347878769798
2023-08-14,validation,True,4.384815477864989e-06,-12.337363013329979,3.4635113053866017e-06,-13.041520829557827,-10.169153564474618,6.740490685187545e-06,-12.116529941835738,5.025803158242028e-06,-12.36583373138468,6.071035181215122e-06,-12.205485426366314,4.625144737844249e-06,-12.435559344659687
2023-08-15,validation,True,1.8363046046454286e-06,-13.207755372857342,6.0448571206603035e-06,-12.337363013329979,-10.46126111018064,6.2076075723186915e-06,-12.198887098405612,6.039556732498943e-06,-12.182088384449415,5.063284464018334e-06,-12.386999181176243,5.0553358237441326e-06,-12.346622725562538
2023-08-16,validation,True,2.0652234697918844e-06,-13.09027211958951,3.4122430592929173e-06,-13.207755372857342,-10.091920999243332,6.907765782958864e-06,-12.092016411545343,5.036268656971824e-06,-12.36375354299091,5.945770791850011e-06,-12.226334381920022,4.472133490587419e-06,-12.469201424085902
2023-08-17,validation,True,3.969508777953057e-06,-12.436868204433882,4.306296445579876e-06,-13.09027211958951,-10.574797493830246,5.221567846046175e-06,-12.371864955620516,4.684209506237691e-06,-12.43622183224775,4.592828143897958e-06,-12.484518569777368,4.202133480271546e-06,-12.53147464199473
2023-08-18,validation,True,3.770502738904064e-06,-12.488302212900562,3.5172205224930745e-06,-12.436868204433882,-10.427240204613677,6.252399324962159e-06,-12.191697383992052,4.957745442803392e-06,-12.379467915467181,4.882169760595759e-06,-12.423424813337547,4.039653239318542e-06,-12.570908153365986
2023-08-21,validation,True,3.0706719773475943e-06,-12.693614135187513,6.69691001006376e-06,-12.488302212900562,-10.427240204613677,6.208396468854836e-06,-12.19876002104085,6.232079601390498e-06,-12.150708923548326,5.025720356632284e-06,-12.39444575923541,5.163346840146206e-06,-12.325482028136658
2023-08-22,validation,True,4.0768930954753675e-06,-12.410175355840734,4.776208919290796e-06,-12.693614135187513,-10.597980432888939,5.43606014638014e-06,-12.331608105383435,5.059284554893124e-06,-12.359193924055017,4.502146514089184e-06,-12.50446027128258,4.291435811783176e-06,-12.510445644797718
2023-08-23,validation,True,5.023369090945503e-06,-12.20140971571563,3.6061499473180652e-06,-12.410175355840734,-10.517742562405521,5.936720559306447e-06,-12.243505779545156,4.860428607995544e-06,-12.399292380074549,4.837521882395616e-06,-12.432611975621652,4.078813041453854e-06,-12.56126098492544
2023-08-24,validation,True,3.2556131307224943e-06,-12.635129934228992,3.1230838141814833e-06,-12.20140971571563,-10.075262197514142,8.012823601184221e-06,-11.943619457592103,5.5329965683889275e-06,-12.2696894613362,6.34916862657109e-06,-12.16069067807621,4.554686661562751e-06,-12.450910271454854
2023-08-25,validation,True,3.1904695881365743e-06,-12.655342445688902,1.7713817983405237e-06,-12.635129934228992,-10.644465846680824,5.3259543039424074e-06,-12.35207075851973,3.489970138504093e-06,-12.730525825168765,4.729141590911623e-06,-12.455270853262801,3.174858264569715e-06,-12.811804019535627
2023-08-28,validation,True,1.5477364032519843e-06,-13.378717079433349,2.334308334203717e-06,-12.655342445688902,-10.644465846680824,5.311192763363399e-06,-12.354846230168581,3.8502557948446474e-06,-12.632279418731915,4.675203888312537e-06,-12.466741783197032,3.458968338111068e-06,-12.726096633370762
2023-08-29,validation,True,2.3819100150094796e-06,-12.947607864818844,2.0409186992685048e-06,-13.378717079433349,-10.86424608380614,4.202886616781749e-06,-12.588891087142777,3.1097393579734954e-06,-12.845880090090429,4.173272679967273e-06,-12.580314014115894,3.095493563956739e-06,-12.83711964498957
2023-08-30,validation,True,1.6980546226464558e-06,-13.286027301778356,1.906410017048224e-06,-12.947607864818844,-10.112136244324379,7.0708258921094795e-06,-12.068685376557815,4.171457326494653e-06,-12.55215355151102,5.864375893607874e-06,-12.240118493018743,3.5950058882353503e-06,-12.68752138073598
2023-08-31,validation,True,1.5728412902731915e-06,-13.362626835181173,1.5746961801217689e-06,-13.286027301778356,-10.804073548810305,4.416653055278638e-06,-12.53928048413096,2.922357426537484e-06,-12.908028376630357,3.846234965629603e-06,-12.661919818652063,2.62492455891974e-06,-13.00201485363198
2023-09-01,validation,True,1.313262324101898e-06,-13.542996192726983,4.056458985401152e-06,-13.362626835181173,-11.082245661764382,3.6853203667766573e-06,-12.720305206137288,3.7048885217250734e-06,-12.670765835351784,3.158824415999971e-06,-12.85881461933101,3.220574800240579e-06,-12.797507156786539
2023-09-04,validation,True,1.7850699756096114e-06,-13.23605294147886,3.1365456958367125e-06,-13.542996192726983,-11.082245661764382,3.5951658554497192e-06,-12.745072540923115,3.3010637730260287e-06,-12.786174233054435,2.9883452601009317e-06,-12.91429474796875,2.8132647604562914e-06,-12.93272136440613
2023-09-06,validation,True,3.1932985426748646e-06,-12.654456149487189,1.745825950611036e-06,-12.646935048068276,-10.700562578076013,5.137600910757218e-06,-12.388076444440639,3.3982644869493328e-06,-12.757154148758136,3.620584217998129e-06,-12.722379158456297,2.542295977078603e-06,-13.033999409086158
2023-09-07,validation,True,2.36215389344819e-06,-12.955936688438456,2.8679149863790126e-06,-12.654456149487189,-10.317119181456171,6.49210179762104e-06,-12.154076336065712,4.662499958229256e-06,-12.440867229032882,4.6158738857935675e-06,-12.479513349729299,3.488664140092787e-06,-12.717548114745146
2023-09-08,validation,True,2.290522152528868e-06,-12.986730752184668,2.9164871598349814e-06,-12.955936688438456,-10.470177780484999,5.6710308456075864e-06,-12.28929175786639,4.285588948059734e-06,-12.525161018317487,4.391247012036166e-06,-12.529401313298116,3.4343910154788373e-06,-12.733227387916717
2023-09-11,validation,True,3.801756848996142e-06,-12.480047269389715,3.919904240573221e-06,-12.986730752184668,-10.470177780484999,5.647101674640843e-06,-12.29352023046615,4.756136865087559e-06,-12.420983249277164,4.500512890667496e-06,-12.50482319147453,3.881303472109191e-06,-12.610895966165721
2023-09-12,validation,True,2.4935852094553244e-06,-12.901789039913135,3.420578282128489e-06,-12.480047269389715,-10.75489100609866,5.084524702953379e-06,-12.398461111347052,4.346210441046383e-06,-12.511114702604187,3.976577697197969e-06,-12.628592983144133,3.4844929721495976e-06,-12.718744464798228
2023-09-13,validation,True,1.4554502624993912e-06,-13.440195246450838,3.758302306955651e-06,-12.901789039913135,-10.762708244156865,4.77549998619702e-06,-12.461163988464348,4.264810006944324e-06,-12.530021372116154,3.967818753652188e-06,-12.630798046083532,3.5951105312360603e-06,-12.687492273279407
2023-09-14,validation,True,1.6522282581382034e-06,-13.313385721624353,2.8359746337996726e-06,-13.440195246450838,-10.46696486861189,5.316655994687271e-06,-12.353818132774752,4.007727960857731e-06,-12.592194517602419,4.531590478888161e-06,-12.497941580493567,3.479457729456398e-06,-12.720190553027859
2023-09-15,validation,True,2.2275826039951796e-06,-13.014593594565044,2.9417397385476454e-06,-13.313385721624353,-10.20297331328388,6.360276164781683e-06,-12.174590867521827,4.528884941656004e-06,-12.469943245593633,5.0602872297935985e-06,-12.387591310990297,3.7133341779964e-06,-12.65513683650482
2023-09-18,validation,True,1.7615740458260034e-06,-13.249302804382397,3.699484316852677e-06,-13.014593594565044,-10.20297331328388,6.626655987892211e-06,-12.133562364992688,5.103087815780934e-06,-12.350573194452341,4.983312010637408e-06,-12.402919825102382,3.972342933139533e-06,-12.587710929698966
2023-09-19,validation,True,1.945397540934523e-06,-13.15004421055293,1.3326836199436237e-06,-13.249302804382397,-11.000914319210917,3.9344488364908985e-06,-12.65489186097302,2.575482404906714e-06,-13.034382146763166,3.1364373711951444e-06,-12.865926996840937,2.1345523118358e-06,-13.20881007511752
2023-09-20,validation,True,1.9172086388842798e-06,-13.164640263680955,1.4850162153152244e-06,-13.15004421055293,-11.258258908207171,3.40641445374436e-06,-12.79900240780431,2.4745098644473134e-06,-13.074376663201466,2.677737998799771e-06,-13.024042149629908,2.018761986594242e-06,-13.26458256420041
2023-09-21,validation,True,2.733876632325397e-06,-12.809789944189976,4.243439598909488e-06,-13.164640263680955,-10.217804830132616,6.43277287893393e-06,-12.163256979882984,5.241791234377735e-06,-12.323755726502798,4.624538636297185e-06,-12.477637945785482,3.9136991367518634e-06,-12.602584012268533
2023-09-22,validation,True,2.642718097693926e-06,-12.843702588002731,2.9879092825526664e-06,-12.809789944189976,-10.45195923318844,5.850962033741541e-06,-12.258056568131089,4.42842461319161e-06,-12.492375102023605,4.170274033188615e-06,-12.581032808415454,3.290803721724049e-06,-12.775935182543323
2023-09-25,validation,True,4.6386162733401456e-06,-12.281094453154182,1.949319776928299e-06,-12.843702588002731,-10.45195923318844,5.823779205070493e-06,-12.262713267108184,3.774189671566269e-06,-12.652233301923705,4.217813816870582e-06,-12.569697616522058,2.860156729102756e-06,-12.91619058608758
2023-09-26,validation,True,3.680234917409534e-06,-12.51253397156829,1.7113471683598753e-06,-12.281094453154182,-10.680046745727603,5.470645949645542e-06,-12.325265967090033,3.550398516088296e-06,-12.713359149804042,3.958310010512861e-06,-12.63319738830568,2.6875000628049707e-06,-12.978455592980362
2023-09-27,validation,True,3.2313755658246767e-06,-12.642602639615008,5.665916277480419e-06,-12.51253397156829,-10.467941718839858,6.035309564359773e-06,-12.227035517992608,5.762527668396766e-06,-12.229042795275564,4.623335965788009e-06,-12.477898042416914,4.487596184221732e-06,-12.465749822408881
2023-09-28,validation,True,5.14044334387449e-06,-12.178371228544755,3.4713432703873932e-06,-12.642602639615008,-10.303795489744179,6.5560008397194e-06,-12.144281877100948,5.029694537571782e-06,-12.365059750893264,5.193792033276005e-06,-12.361550484821551,4.065672887679081e-06,-12.5644877484782
2023-09-29,validation,True,3.2495486796589836e-06,-12.636994439062889,3.8085105971250045e-06,-12.178371228544755,-9.872533635804649,9.10177866855685e-06,-11.816192813560097,6.409848229629914e-06,-12.12258341151649,6.680615972310352e-06,-12.109804362738908,4.867934102104168e-06,-12.384397371724551
2023-10-02,validation,True,1.5206692257372746e-05,-11.09377494691657,5.509047515398652e-06,-12.636994439062889,-9.872533635804649,8.546263917911052e-06,-11.879168447281963,6.94210559357929e-06,-12.042813876890403,6.8788196949345575e-06,-12.080567476200926,5.664749214940541e-06,-12.232804385510693
2023-10-03,validation,True,8.255871345171334e-06,-11.704585932537944,1.0435578374442324e-05,-11.09377494691657,-9.559310446197333,1.2799317528588049e-05,-11.475270814641576,1.178170813484001e-05,-11.51387083437486,8.847755930175893e-06,-11.828850697805482,8.39861792657819e-06,-11.838999850041347
2023-10-04,validation,True,6.010062904060093e-06,-12.022075342906193,7.80530247540622e-06,-11.704585932537944,-9.32925614943469,1.3551959453761211e-05,-11.418131520062143,1.0688474676160115e-05,-11.611252977169961,1.0689111799782123e-05,-11.639788922892494,8.566895820597207e-06,-11.819161557442076
2023-10-05,validation,True,2.9255760148627674e-06,-12.742019168510048,4.6144367501280256e-06,-12.022075342906193,-9.961935010556315,8.803353153301926e-06,-11.849529977011883,6.785769596921375e-06,-12.065591291966626,8.003224124092767e-06,-11.929170081457462,6.1561905327156475e-06,-12.14960884357223
2023-10-06,validation,True,5.812259994598052e-06,-12.055541079155255,3.3497994669777785e-06,-12.742019168510048,-10.000927985785548,7.786356740676241e-06,-11.97228959970602,5.4628759004516634e-06,-12.282443632261867,7.916166598285508e-06,-11.940107484174861,5.47673397229723e-06,-12.26655807697313
2023-10-09,validation,True,5.022077847645368e-06,-12.201666796025775,1.3873623596289116e-05,-12.055541079155255,-10.000927985785548,8.55603162311403e-06,-11.878026178837167,9.959627419546069e-06,-11.681879341823219,7.914066444225187e-06,-11.940372818749154,9.01200088695032e-06,-11.76850988881463
2023-10-10,validation,True,5.400525069426676e-06,-12.129014374042056,6.802938861879544e-06,-12.201666796025775,-9.99123882579452,8.436017220491072e-06,-11.892152362142195,7.572532903532343e-06,-11.955891395999451,7.310739721989291e-06,-12.019670095659361,6.5979384336894145e-06,-12.080309768097049
2023-10-11,validation,True,7.376982799357633e-06,-11.817145837723004,3.26141615718008e-06,-12.129014374042056,-10.180186227207361,7.588778320408264e-06,-11.997992046717393,5.4627765915144115e-06,-12.282461811301943,6.429271725957691e-06,-12.148153287528977,4.734795818979447e-06,-12.412128405746806
2023-10-12,validation,True,3.5147643194225014e-06,-12.558538084900519,5.048557409129117e-06,-11.817145837723004,-10.312935759937654,7.301833268661852e-06,-12.036537216747416,6.3442648937326776e-06,-12.132867766581114,6.067762904781714e-06,-12.206024569778947,5.374274080666499e-06,-12.285443499670144
2023-10-13,validation,True,8.252742736828087e-06,-11.704964959919062,4.113992856649101e-06,-12.558538084900519,-10.32768597853328,6.535705656247624e-06,-12.147382343756838,5.359659481768442e-06,-12.301518561500131,6.23880031449873e-06,-12.178226650854292,5.118392594136205e-06,-12.334226566501297
2023-10-16,validation,True,8.617135760949006e-06,-11.661757806817523,1.0025499250632202e-05,-11.704964959919062,-10.32768597853328,7.3484420193445974e-06,-12.03017434546793,8.2153001140589e-06,-11.874420721774179,6.241000949140132e-06,-12.177873979426643,7.014264978241089e-06,-12.01912108032155
2023-10-17,validation,True,9.030277744486767e-06,-11.61492743303644,8.681005015872287e-06,-11.661757806817523,-9.829196156423622,1.0033928826317268e-05,-11.718690433280944,9.352134151711815e-06,-11.744814436268783,8.393296603792578e-06,-11.88158119355886,7.932737424405913e-06,-11.896068835186039
2023-10-18,validation,True,1.0379641536450567e-05,-11.475664214883485,2.01712251677433e-05,-11.61492743303644,-9.716672506118446,1.0819763956879288e-05,-11.643288208331791,1.331267299389094e-05,-11.391702566812464,9.213908074298977e-06,-11.788300467738024,1.1317641129840861e-05,-11.540704339498792
2023-10-19,validation,True,9.09952922481167e-06,-11.607287879316875,9.460918863029358e-06,-11.475664214883485,-9.404086807923367,1.3357763247508724e-05,-11.432564933568347,1.1475045320201128e-05,-11.540244299632269,1.110373547445058e-05,-11.601732976525145,9.713323229809043e-06,-11.69356853787568
2023-10-20,validation,True,8.522228266105108e-06,-11.672832717736583,1.1460367301376934e-05,-11.607287879316875,-9.387269036340895,1.3254437436599258e-05,-11.440330268825763,1.2186513942841001e-05,-11.480089079247218,1.175562683604613e-05,-11.54468255183256,1.085570414759016e-05,-11.582376340074962
2023-10-23,validation,True,8.083716882095153e-06,-11.725658781043217,1.566005738349224e-05,-11.672832717736583,-9.387269036340895,1.3135679293768927e-05,-11.449330527953546,1.3549893760415198e-05,-11.374040298308735,1.1856074704210298e-05,-11.536174187963669,1.220165692833772e-05,-11.465495253487909
2023-10-24,validation,True,1.1597087259739535e-05,-11.364756589680727,1.1647697757764967e-05,-11.725658781043217,-9.60287684722887,1.1426335807011415e-05,-11.58874181647004,1.1195773342500105e-05,-11.564882678102617,1.0615982985182864e-05,-11.646653863183513,1.037642739196941e-05,-11.627530373201067
2023-10-25,validation,True,9.261558379911276e-06,-11.589638231898531,9.778574595847077e-06,-11.364756589680727,-9.472544055478682,1.3005415807817767e-05,-11.459296794757662,1.1486750927816036e-05,-11.539224727077709,1.1453588497595648e-05,-11.570711470657528,1.0228420994329876e-05,-11.641896792258553
2023-10-26,validation,True,5.993050570788956e-06,-12.024909998214309,7.519176993039323e-06,-11.589638231898531,-9.194696913245922,1.4951231237638598e-05,-11.319869012588406,1.121294447637937e-05,-11.563350137296057,1.3290918162722023e-05,-11.421933600385136,1.014233923207034e-05,-11.65034834474799
2023-10-27,validation,True,4.4544524139594464e-06,-12.321606419532312,6.721777833620537e-06,-12.024909998214309,-9.827545064028135,9.555512377130162e-06,-11.767544465831975,8.161407431912812e-06,-11.88100237153971,9.546066090184838e-06,-11.752885415562186,8.132368075653364e-06,-11.871214852438271
2023-10-30,validation,True,8.349535388847087e-06,-11.693304662703827,4.76117740640642e-06,-12.321606419532312,-9.827545064028135,9.174037360215784e-06,-11.808285197497959,6.9455691264228796e-06,-12.042315084546079,9.382297171858243e-06,-11.770189923374204,7.110603348602799e-06,-12.005479910432108
2023-10-31,validation,True,3.6960922836988785e-06,-12.508234435963299,4.051069705885111e-06,-11.693304662703827,-10.01539960548459,8.912959908677041e-06,-11.837156279000975,6.604165052182842e-06,-12.092718486539011,8.300999424386918e-06,-11.892638637329679,6.250566794968418e-06,-12.134394862972012
2023-11-01,validation,True,4.5861213064545924e-06,-12.292475922405524,8.371434626543968e-06,-12.508234435963299,-10.12410818839569,7.4556445758638345e-06,-12.015691259365727,7.510849742045052e-06,-11.96407039759342,7.549606612785e-06,-11.987519099823384,7.543443169296391e-06,-11.946388278265326
2023-11-02,validation,True,5.364532170996225e-06,-12.135701385870867,3.1768528914105115e-06,-12.292475922405524,-9.69599948562121,9.984249439589968e-06,-11.72365387081836,6.300907734633919e-06,-12.139725297163157,8.909398654635997e-06,-11.82190780931704,5.812087941665019e-06,-12.207127133159455
2023-11-03,validation,True,3.5135358994269683e-06,-12.558887648797846,2.4284467642621738e-06,-12.135701385870867,-10.400470049144724,6.624194087363299e-06,-12.133933948784408,4.53296769631051e-06,-12.469042159448477,6.123290550343591e-06,-12.196914933804548,4.31046938778654e-06,-12.506020204938668
2023-11-06,validation,True,3.585916741346324e-06,-12.538496400745702,1.0568871797125882e-05,-12.558887648797846,-10.400470049144724,6.250235178527254e-06,-12.192043574461895,7.368440772934403e-06,-11.98321288527785,6.142823807432092e-06,-12.193730017533532,7.196705760694621e-06,-11.993443621718551
2023-11-07,validation,True,5.874227476973371e-06,-12.04493599986118,3.3693710413548125e-06,-12.538496400745702,-10.390607843268821,6.305764261649078e-06,-12.183198488825358,4.8847859965535215e-06,-12.394293528788538,5.800258040415673e-06,-12.25111215117038,4.612632567390112e-06,-12.438268259952215
2023-11-08,validation,True,5.361462797616383e-06,-12.136273710111668,3.2634605179199485e-06,-12.04493599986118,-10.40152632254551,6.7029295562745444e-06,-12.122117988029256,5.10221253108472e-06,-12.350744729766072,5.8354672631476e-06,-12.245060215553565,4.59699713536582e-06,-12.441663716132503
2023-11-09,validation,True,6.5696459486213546e-06,-11.933050616018553,5.65943795209712e-06,-12.136273710111668,-10.138463300718469,7.777601569835851e-06,-11.973414656916944,6.773095444068591e-06,-12.067460793065111,6.763829348961397e-06,-12.097425356049781,6.045592342200658e-06,-12.167737541753038
2023-11-10,validation,True,5.504760032608269e-06,-12.109897379546592,4.111694939157806e-06,-11.933050616018553,-10.021456786701295,8.592356369462611e-06,-11.8737896522675,6.438355649390304e-06,-12.118145831476548,7.25270426635538e-06,-12.027640155885505,5.6392522357235745e-06,-12.237315535401795
2023-11-13,validation,True,3.825827159096807e-06,-12.473735863320334,5.987844192086699e-06,-12.109897379546592,-10.193315546651082,7.547738650858141e-06,-12.003414664112334,6.802019135115863e-06,-12.06319950530267,6.818725292993389e-06,-12.08934201025963,6.24951757166998e-06,-12.134562737567116
2023-11-14,validation,True,3.6874149553288086e-06,-12.51058489952597,3.600828822881325e-06,-12.473735863320334,-10.429856195851773,6.210859774217193e-06,-12.198363329750093,4.97377760854466e-06,-12.376239371449449,6.109440231644323e-06,-12.199179403588868,4.935732792793539e-06,-12.37056585902678
2023-11-15,validation,True,3.820713038148534e-06,-12.475073493563265,3.7244472972060977e-06,-12.51058489952597,-9.355653624956817,1.1937388357879508e-05,-11.54498731252303,7.3406026721190835e-06,-11.986998057870059,1.0356886975668416e-05,-11.671362850757365,6.5975225074212044e-06,-12.08037280890634
2023-11-16,validation,True,2.1802841169274453e-06,-13.036055360789545,4.438825106807619e-06,-12.475073493563265,-10.301471168248339,6.71812888750743e-06,-12.11985298966202,5.617681919701641e-06,-12.25449989603139,6.1946131662797755e-06,-12.18533448722118,5.261391348444004e-06,-12.306671503118409
2023-11-17,validation,True,9.16064469079658e-06,-11.600594000663538,3.940412926207535e-06,-13.036055360789545,-9.943014455111657,7.74847390091885e-06,-11.977166758102348,5.712043917544e-06,-12.23784209139056,7.117879785348179e-06,-12.046404659338936,5.361263603076677e-06,-12.28786731566198
2023-11-20,validation,True,6.395091598919849e-06,-11.95997979951457,1.141521948652174e-05,-11.600594000663538,-10.383103670918214,7.205549676293941e-06,-12.049811148575262,8.552066748782244e-06,-11.834246026302285,5.669517246385955e-06,-12.27391058507593,6.890271873057871e-06,-12.03695646647684
2023-11-21,validation,True,7.872602170885362e-06,-11.752121905854702,1.2440696505043707e-05,-11.95997979951457,-9.990037731877855,8.72710462083205e-06,-11.85822900977901,9.718930909637952e-06,-11.706343381341174,7.253070027944831e-06,-12.027589726093602,8.190522224183733e-06,-11.864089350334673
2023-11-22,validation,True,8.052997228816887e-06,-11.729466209269033,4.92388325666412e-06,-11.752121905854702,-9.977132123889572,9.051098220306697e-06,-11.821776565407015,7.137922727691269e-06,-12.014997205519123,7.555950175859147e-06,-11.986679201826135,6.112883971896082e-06,-12.156668339487268
2023-11-23,validation,True,3.912552984727477e-06,-12.451320459767341,4.739466439803982e-06,-11.729466209269033,-10.148211415739091,8.175431139749516e-06,-11.923529211866674,6.6424164034433316e-06,-12.08694319157581,7.181390893808452e-06,-12.037521475360073,5.920415380756756e-06,-12.188660397700644
2023-11-24,validation,True,1.5598896406267961e-06,-13.370895482393196,4.85741282871684e-06,-12.451320459767341,-10.148211415739091,7.403940601191966e-06,-12.022650293917007,6.147480640649381e-06,-12.16437665908272,7.468013789709699e-06,-11.998385485275797,6.141612080878833e-06,-12.151979748216563
2023-11-28,validation,True,2.646095200485816e-06,-12.842425513899157,7.145391126995183e-06,-12.571248415024806,-9.905817142783123,8.449614937652778e-06,-11.890541795244415,7.602915252655566e-06,-11.95188724542618,7.607563726024076e-06,-11.9798715779694,6.889243982793089e-06,-12.037105657533687
2023-11-29,validation,True,1.0512454943765742e-05,-11.46294981864198,9.813143345141013e-06,-12.842425513899157,-10.059216830640455,7.410200376929788e-06,-12.021805185703222,7.825195786493983e-06,-11.923070248292529,6.6151802594910465e-06,-12.119647510152289,7.016890103906822e-06,-12.01874689506296
2023-11-30,validation,True,4.51188926870575e-06,-12.308794585579914,4.6341649829213455e-06,-11.46294981864198,-9.913842152144374,9.790254223686303e-06,-11.743275242171242,7.391863720068111e-06,-11.98003910701248,7.061795953770308e-06,-12.054315153918298,5.620594430142666e-06,-12.24062958100312
2023-12-01,validation,True,7.610532972243126e-06,-11.785977352768677,3.85734226015378e-06,-12.308794585579914,-10.080781214491928,7.868872649324492e-06,-11.961747860489641,5.8881693822340444e-06,-12.207473856668022,6.7279865027784726e-06,-12.102738640918183,5.1699357723987475e-06,-12.324206744493969
2023-12-04,validation,True,3.169695181158418e-05,-10.35929003906773,8.765704997100336e-05,-11.785977352768677,-9.688950833104991,1.074971138164095e-05,-11.649783760072824,2.2511436481900816e-05,-10.86639553688372,8.697160078388065e-06,-11.846018012860046,1.7919133486803024e-05,-11.08119795795685
2023-12-05,validation,True,1.7944671794553783e-05,-10.928217323052506,1.420380451661747e-05,-10.35929003906773,-8.180847571181742,3.2956238167531745e-05,-10.529482100805689,2.3482865732202845e-05,-10.824147967608074,2.2516861713466275e-05,-10.894750119429267,1.685425383965866e-05,-11.142463931473854
2023-12-06,validation,True,1.195361753517335e-05,-11.33447660278935,5.325713726077838e-06,-10.928217323052506,-9.18138366129674,1.650687168345413e-05,-11.220885906193962,1.0752546955103298e-05,-11.605276352476697,1.4822501794487403e-05,-11.31286813979548,9.795656738093582e-06,-11.68512791235507
2023-12-07,validation,True,7.670751821468948e-06,-11.778095926336844,5.976277923175319e-06,-11.33447660278935,-9.83431064233481,1.0462294134505366e-05,-11.676884906955458,8.472044202108009e-06,-11.843647179323604,1.0843710128533013e-05,-11.625429357227201,8.660827979421614e-06,-11.80825668216642
2023-12-08,validation,True,6.782841841933593e-06,-11.901114393103429,5.93867554691494e-06,-11.778095926336844,-9.960353404630956,9.11210783143338e-06,-11.815058605988984,7.664709941549679e-06,-11.94379233537361,1.0460690117415643e-05,-11.661390124191174,8.527215422173237e-06,-11.823804146826433
2023-12-11,validation,True,7.6138896964354875e-06,-11.785536387049346,8.595144098128263e-06,-11.901114393103429,-9.372672263744429,1.2844720673251303e-05,-11.47172978169286,1.064823344682802e-05,-11.615025000184321,1.420289314773719e-05,-11.355568870807092,1.1457057295612708e-05,-11.528461111978142
2023-12-12,validation,True,5.563306642730221e-06,-12.09931790656208,5.386752723882642e-06,-11.785536387049346,-9.977216570135388,9.009197906336382e-06,-11.826416621013305,7.346080776953839e-06,-11.986252061660934,9.274392813453409e-06,-11.78175741596615,7.519734247059915e-06,-11.949536211952854
2023-12-13,validation,True,4.412238393637045e-06,-12.331128425023445,3.2209382687961405e-06,-12.09931790656208,-10.063753935542785,8.183467202538226e-06,-11.922546741865704,5.687603385399234e-06,-12.242130043279474,8.290683871171792e-06,-11.893882098208303,5.815360516919472e-06,-12.206564228004034
2023-12-14,validation,True,1.0627572766248501e-05,-11.452058729759866,1.7522954703508658e-05,-12.331128425023445,-8.997761202700294,1.5236420527084371e-05,-11.300974016946135,1.4982179972336455e-05,-11.273557512019554,1.3636390097876507e-05,-11.39627259565301,1.3555456579751717e-05,-11.360277843926779
2023-12-15,validation,True,1.0630639122720137e-05,-11.451770242985068,6.703680460678728e-06,-11.452058729759866,-9.27002267993311,1.4548881936206391e-05,-11.347148518274105,1.0643164652515966e-05,-11.615501135606163,1.1833266647112312e-05,-11.538099785117872,9.01983731147413e-06,-11.767640712313497
2023-12-18,validation,True,4.277770202518291e-06,-12.362078664848204,6.874756596625993e-06,-11.451770242985068,-9.477235168853262,1.2814049661276107e-05,-11.474120467308994,9.980020302319692e-06,-11.67983388042207,1.097148457741965e-05,-11.613714961661943,8.803895538297251e-06,-11.791872711464354
2023-12-19,validation,True,2.1647618590285525e-06,-13.043200198389574,4.734083083578136e-06,-12.362078664848204,-10.210208774064457,7.2157424270178276e-06,-12.048397578647116,6.021482125733664e-06,-12.185085575737547,7.553774070375302e-06,-11.986967242224944,6.3015933075231076e-06,-12.126264502425219
2023-12-20,validation,True,5.0541351746928775e-06,-12.19530380327504,1.9957438879493095e-06,-13.043200198389574,-10.3362987497823,6.082707703496563e-06,-12.219212723255808,3.872701333878895e-06,-12.626466722414118,7.020207115835551e-06,-12.060221836177183,4.459867950790503e-06,-12.471947851655846
2023-12-21,validation,True,2.6924750028163346e-06,-12.82504971196404,3.166257210440593e-06,-12.19530380327504,-10.293970462381171,7.013407706321688e-06,-12.076838962407908,5.149130722292985e-06,-12.341591096403006,6.985328099192944e-06,-12.065202593886685,5.197507356624054e-06,-12.318887853638522
2023-12-22,validation,True,8.11309255844558e-06,-11.722031435958026,1.0016126499002256e-05,-12.82504971196404,-9.898811575894996,8.195328920162607e-06,-11.921098317987749,8.363194779232473e-06,-11.856578500322392,8.074500876012218e-06,-11.920303501281774,8.256747702390854e-06,-11.85603624043739
2023-12-26,validation,True,1.61491194194828e-06,-13.336230127885626,5.382200413649017e-06,-11.722031435958026,-9.693153696968327,1.0816615790790026e-05,-11.643579215066577,8.184982250675257e-06,-11.878117962741797,8.39236783922086e-06,-11.88169185519824,6.711357817992938e-06,-12.06326572191534
2023-12-27,validation,True,5.1566565824719985e-06,-12.175222137613899,2.899634207697488e-06,-13.336230127885626,-10.589015105704316,5.004359184339902e-06,-12.41435329659356,3.917441643169136e-06,-12.614980206353792,5.390597026996381e-06,-12.324358412996606,4.2542655808563725e-06,-12.519144864119301
2023-12-28,validation,True,1.0284018068396394e-05,-11.484919511619701,7.502726032721516e-06,-12.175222137613899,-10.129722126339097,7.77767736843181e-06,-11.973404911209874,7.495095224777613e-06,-11.966170168463005,6.840685980808533e-06,-12.08612654126227,6.769280856982769e-06,-12.05467215348714
2023-12-29,validation,True,7.238098230897346e-06,-11.836152061362268,4.771988246249801e-06,-11.484919511619701,-10.016162974701807,9.167391521438825e-06,-11.809009878122428,7.1858771934767625e-06,-12.008301406190164,7.518716781990902e-06,-11.991619074751686,6.153531196449191e-06,-12.150040914477866
